combination_id,bitmask,factor_count,components,component_clusters,unique_base_cluster_count,max_abs_correlation,mean_abs_correlation,eligible_corr_lt_0_60,eligible_corr_lt_0_80,best_component_train_net_excess_pct,best_component_test_net_excess_pct,best_component_full_net_excess_pct,train_delta_vs_best_component_pct,test_delta_vs_best_component_pct,full_delta_vs_best_component_pct,full_periods,full_first_signal_date,full_last_signal_date,full_mean_stock_count,full_rank_ic,full_ic_mean,full_gross_excess_pct,full_turnover_pct,full_annual_cost_pct,full_net_excess_pct,full_sharpe_after_cost,full_max_drawdown_pct,full_monthly_win_rate_pct,train_periods,train_first_signal_date,train_last_signal_date,train_mean_stock_count,train_rank_ic,train_ic_mean,train_gross_excess_pct,train_turnover_pct,train_annual_cost_pct,train_net_excess_pct,train_sharpe_after_cost,train_max_drawdown_pct,train_monthly_win_rate_pct,test_periods,test_first_signal_date,test_last_signal_date,test_mean_stock_count,test_rank_ic,test_ic_mean,test_gross_excess_pct,test_turnover_pct,test_annual_cost_pct,test_net_excess_pct,test_sharpe_after_cost,test_max_drawdown_pct,test_monthly_win_rate_pct,recent_periods,recent_first_signal_date,recent_last_signal_date,recent_mean_stock_count,recent_rank_ic,recent_ic_mean,recent_gross_excess_pct,recent_turnover_pct,recent_annual_cost_pct,recent_net_excess_pct,recent_sharpe_after_cost,recent_max_drawdown_pct,recent_monthly_win_rate_pct,exact_ic_audit
M1063,1063,5,SIZE+H03+TURN+CHIP250+RESVOL,B01+B02+B05+B11,4,0.7509391876147649,0.2177040531883175,False,True,17.272782630793042,17.384693407445873,17.125963541189346,1.8544683752226412,-5.316508237654066,-0.7642082534615682,120,2021-09-07 00:00:00,2026-08-10 00:00:00,4422.416666666667,0.11339510628661725,0.07036965148891465,19.16166820392887,18.51794256746754,2.7999129162010923,16.361755287727778,0.9961661421086275,27.882151834719405,73.33333333333333,73,2021-09-07 00:00:00,2024-08-28 00:00:00,4115.287671232877,0.11933067020949227,0.08649642101293341,21.84377203019004,17.96640889004201,2.7165210241743525,19.127251006015683,0.49592574321839233,27.882151834719405,80.55555555555556,47,2024-09-11 00:00:00,2026-08-10 00:00:00,4899.446808510638,0.10417603891704542,0.045321690313311055,14.995847367395566,19.362845222247067,2.927662197603757,12.068185169791807,1.8064232529997706,21.60975440145837,62.5,15,2026-01-09 00:00:00,2026-08-10 00:00:00,5014.4,0.08014816461239205,0.027186658618920185,8.180211996084408,17.016418089888425,2.5728824151911303,5.6073295808932775,-0.21156066597281584,21.609754401458424,50.0,True
M3107,3107,5,SIZE+H03+CHIP250+RESVOL+SP,B01+B05+B11+B12,4,0.7509391876147649,0.18652027460100204,False,True,17.272782630793042,17.384693407445873,17.125963541189346,1.2391267792588998,-10.482048699969532,-3.160812658185913,120,2021-09-07 00:00:00,2026-08-10 00:00:00,4415.175,0.10098620136338064,0.05949105936530323,16.25769444189309,15.162325124931595,2.292543558889657,13.965150883003433,0.9538173234583377,23.589545620024953,66.66666666666666,73,2021-09-07 00:00:00,2024-08-28 00:00:00,4108.86301369863,0.10812378873040605,0.07664322632790765,20.828870744173575,15.323818347365298,2.316961334121633,18.511909410051942,0.5120590723878705,23.589545620024953,77.77777777777779,47,2024-09-11 00:00:00,2026-08-10 00:00:00,4890.936170212766,0.08990016141034118,0.032850459614875115,9.15778231281914,14.914931252267197,2.2551376053428003,6.902644707476341,1.611250180457109,22.197994023092814,50.0,15,2026-01-09 00:00:00,2026-08-10 00:00:00,5006.4,0.0764241376727113,0.01935311181351295,6.799887908017544,13.782384655524277,2.083896559915271,4.715991348102273,-0.26066661155883836,22.197994023092804,50.0,True
M3091,3091,5,SIZE+H03+DD120+RESVOL+SP,B01+B04+B11+B12,4,0.7509391876147649,0.20093350158671966,False,True,17.272782630793042,17.384693407445873,17.125963541189346,0.9902509209873749,-10.713164446668621,-3.4038316563412856,120,2021-09-07 00:00:00,2026-08-10 00:00:00,4415.175,0.0974475937636881,0.060317267955908554,16.60955343317135,19.096703361926508,2.8874215483232883,13.72213188484806,0.9406236806060883,24.435924129048104,73.33333333333333,73,2021-09-07 00:00:00,2024-08-28 00:00:00,4108.86301369863,0.10278960093599289,0.07611310963261693,21.042970845369535,18.385828661303695,2.7799372935891182,18.263033551780417,0.49606163736152076,24.435924129048104,77.77777777777779,47,2024-09-11 00:00:00,2026-08-10 00:00:00,4890.936170212766,0.08915043368755511,0.035783301096340245,9.723607239757142,20.18570290330615,3.0520782789798897,6.671528960777251,1.6160153775689847,22.26461555738378,66.66666666666666,15,2026-01-09 00:00:00,2026-08-10 00:00:00,5006.4,0.07726830389742939,0.02316390822818697,6.067142709391975,18.428062660939172,2.7863230743340033,3.2808196350579717,-0.3198506008934865,22.26461555738375,50.0,True
M3079,3079,5,SIZE+H03+TURN+RESVOL+SP,B01+B02+B11+B12,4,0.7509391876147649,0.18736148277825587,False,True,17.272782630793042,17.384693407445873,17.125963541189346,0.5584815874167397,-9.848218086083975,-3.3268494416684256,120,2021-09-07 00:00:00,2026-08-10 00:00:00,4415.175,0.10357607244354398,0.0630173502560864,15.757528466972545,12.952475975209163,1.9584143674516254,13.79911409952092,0.9992693037053858,24.811412450107404,66.66666666666666,73,2021-09-07 00:00:00,2024-08-28 00:00:00,4108.86301369863,0.1135842456399444,0.07965750362114701,19.786742494848514,12.933057385176788,1.9554782766387304,17.831264218209782,0.52311133039101,24.811412450107404,75.0,47,2024-09-11 00:00:00,2026-08-10 00:00:00,4890.936170212766,0.08803146301083695,0.03717200566780078,9.499387530058812,12.982223602492818,1.962912208696914,7.536475321361897,1.6815075460524282,19.881089272865538,54.166666666666664,15,2026-01-09 00:00:00,2026-08-10 00:00:00,5006.4,0.08766450095249433,0.03487254801137813,8.664323837395997,11.641372875839139,1.7601755788268776,6.904148258569119,-0.17262801927649105,19.88108927286558,50.0,True
M1159,1159,5,SIZE+H03+TURN+BM+RESVOL,B01+B02+B08+B11,4,0.7509391876147649,0.20809211968221297,False,True,17.272782630793042,17.384693407445873,17.125963541189346,0.48122612973105205,-8.701488092560256,-2.9245502066314017,120,2021-09-07 00:00:00,2026-08-10 00:00:00,4418.308333333333,0.1080617182534753,0.0639538618322626,16.20281963452222,13.236814153202886,2.0014062999642763,14.201413334557945,1.0131494669010535,25.67664760049595,70.0,73,2021-09-07 00:00:00,2024-08-28 00:00:00,4111.109589041096,0.11985999627620494,0.08214974912364964,19.77172588955875,13.344690006842953,2.0177171290346543,17.754008760524094,0.5210650329461342,25.67664760049595,80.55555555555556,47,2024-09-11 00:00:00,2026-08-10 00:00:00,4895.446808510638,0.08973673323944843,0.03569216454989552,10.659624812869739,13.071557526350016,1.9764194979841225,8.683205314885617,1.7147549043101986,19.268998627919252,54.166666666666664,15,2026-01-09 00:00:00,2026-08-10 00:00:00,5010.4,0.09357948585652344,0.035980368181308,10.526574090240445,11.765396914686223,1.778928013500557,8.747646076739889,-0.09588651056307693,19.26899862791922,50.0,True
M1187,1187,5,SIZE+H03+CHIP250+BM+RESVOL,B01+B05+B08+B11,4,0.7509391876147649,0.21172697115081912,False,True,17.272782630793042,17.384693407445873,17.125963541189346,0.4415706174444196,-10.244738671123233,-3.5532378975087298,120,2021-09-07 00:00:00,2026-08-10 00:00:00,4418.308333333333,0.10551003806171622,0.060536219966607956,15.95126769484683,15.731098221998765,2.3785420511662134,13.572725643680617,0.9349937161764452,27.097704231081245,68.33333333333333,73,2021-09-07 00:00:00,2024-08-28 00:00:00,4111.109589041096,0.11478236363332654,0.07922801471512154,20.094312812579005,15.740473309137181,2.379959564341542,17.71435324823746,0.4806173439883584,27.097704231081245,80.55555555555556,47,2024-09-11 00:00:00,2026-08-10 00:00:00,4895.446808510638,0.09110834089730017,0.0315042834423209,9.516325277943668,15.716736386382472,2.37637054162103,7.139954736322639,1.6092191479518931,21.060091110272673,50.0,15,2026-01-09 00:00:00,2026-08-10 00:00:00,5010.4,0.08276577155312391,0.021247437832449874,8.549888006961073,14.66306112592132,2.2170548422393037,6.3328331647217695,-0.19693023785306313,21.06009111027265,50.0,True
M1555,1555,5,SIZE+H03+DD120+ASSET_GROWTH+RESVOL,B01+B04+B10+B11,4,0.7509391876147649,0.17704688014944864,False,True,17.272782630793042,17.384693407445873,17.125963541189346,0.16358343958144772,-4.248621931780516,-1.3754547600850717,120,2021-09-07 00:00:00,2026-08-10 00:00:00,4422.391666666666,0.08833617087702314,0.05780848473928845,18.62253272074006,18.994867325633518,2.8720239396357883,15.750508781104275,0.942496939522477,30.6443164688472,68.33333333333333,73,2021-09-07 00:00:00,2024-08-28 00:00:00,4115.287671232877,0.09384639236884167,0.07233219023019669,20.1193612489137,17.744677106740827,2.682995178539213,17.43636607037449,0.4210355994671338,30.6443164688472,77.77777777777779,47,2024-09-11 00:00:00,2026-08-10 00:00:00,4899.382978723404,0.0797777417514327,0.03525038897681395,16.297671389746963,20.910052341809564,3.161599914081606,13.136071475665357,1.7939599330983267,19.781661852362,54.166666666666664,15,2026-01-09 00:00:00,2026-08-10 00:00:00,5014.4,0.05941892951965415,0.014379646195476794,12.997394351964111,18.533198400126153,2.802219598099074,10.195174753865038,-0.029295123924555338,19.78166185236202,50.0,True
M1095,1095,5,SIZE+H03+TURN+EVEBITDA+RESVOL,B01+B02+B07+B11,4,0.7509391876147649,0.1955612787330824,False,True,17.272782630793042,17.384693407445873,17.125963541189346,0.031123001179686582,-1.3220095641234515,-0.30847609742860627,120,2021-09-07 00:00:00,2026-08-10 00:00:00,4416.175,0.09339046229098072,0.06186078560654082,18.852615148673515,13.459839318206193,2.0351277049127763,16.81748744376074,1.0286920126854464,31.90186175065387,73.33333333333333,73,2021-09-07 00:00:00,2024-08-28 00:00:00,4109.534246575343,0.09885466641654357,0.07356154886684424,19.30627481801089,13.243182447342342,2.002369186038162,17.30390563197273,0.4430852362962561,31.90186175065387,77.77777777777779,47,2024-09-11 00:00:00,2026-08-10 00:00:00,4892.446808510638,0.0849035069470214,0.04368725969160145,18.147994811192056,13.791739205486985,2.085310967869632,16.06268384332242,1.9644221082331268,17.931782418839383,66.66666666666666,15,2026-01-09 00:00:00,2026-08-10 00:00:00,5007.4,0.07557787115936458,0.03562038496990066,15.80341737369563,12.014148601225264,1.8165392685052597,13.986878105190371,0.12514398811037708,17.931782418839404,75.0,True
M1543,1543,5,SIZE+H03+TURN+ASSET_GROWTH+RESVOL,B01+B02+B10+B11,4,0.7509391876147649,0.17338515981910246,False,True,17.272782630793042,17.384693407445873,17.125963541189346,-0.009851306628494427,-4.971187823722143,-1.7624380082101112,120,2021-09-07 00:00:00,2026-08-10 00:00:00,4422.391666666666,0.09777939641275361,0.061942743556528256,17.415447528602044,13.570912669463024,2.051921995622809,15.363525532979235,0.9958094195354448,31.08388118602845,71.66666666666667,73,2021-09-07 00:00:00,2024-08-28 00:00:00,4115.287671232877,0.10764007751335282,0.0777295424942933,19.30916817826816,13.533312527140279,2.04623685410361,17.262931324164548,0.45274828020482005,31.08388118602845,77.77777777777779,47,2024-09-11 00:00:00,2026-08-10 00:00:00,4899.382978723404,0.08246387044799312,0.037422821802127235,14.47413673231212,13.628512887489364,2.0606311485883917,12.41350558372373,1.8463380348285738,18.192079419510108,62.5,15,2026-01-09 00:00:00,2026-08-10 00:00:00,5014.4,0.07213883297740399,0.02671893095522592,11.986415985348765,12.434643021280891,1.880118024817671,10.106297960531094,-0.03435252056174279,18.192079419510108,62.5,True
M1571,1571,5,SIZE+H03+CHIP250+ASSET_GROWTH+RESVOL,B01+B05+B10+B11,4,0.7509391876147649,0.16062462633368868,False,True,17.272782630793042,17.384693407445873,17.125963541189346,-0.03132555608308962,-3.620435110328147,-1.247108769119654,120,2021-09-07 00:00:00,2026-08-10 00:00:00,4422.391666666666,0.09523405702247299,0.05836688668153416,18.23124070425382,15.558108017090793,2.352385932184128,15.878854772069692,0.9549661774580075,30.786632487938505,70.0,73,2021-09-07 00:00:00,2024-08-28 00:00:00,4115.287671232877,0.10173969717748337,0.07414865587475011,19.509909236897247,15.002990490656712,2.2684521621872946,17.241457074709952,0.42033921956831316,30.786632487938505,80.55555555555556,47,2024-09-11 00:00:00,2026-08-10 00:00:00,4899.382978723404,0.08512955210086116,0.03385477708356049,16.245223621637432,16.408500823543015,2.480965324519704,13.764258297117726,1.8159488629799718,19.767995148403184,54.166666666666664,15,2026-01-09 00:00:00,2026-08-10 00:00:00,5014.4,0.062135862083580115,0.011616791818782442,13.140568106361277,14.838137135261537,2.2435263348515444,10.897041771509732,-0.0017335099059859603,19.767995148403184,50.0,True
M1047,1047,5,SIZE+H03+TURN+DD120+RESVOL,B01+B02+B04+B11,4,0.7509391876147649,0.20892644353120365,False,True,17.272782630793042,17.384693407445873,17.125963541189346,-0.035680304076578295,-4.346070484882221,-1.5346662717395194,120,2021-09-07 00:00:00,2026-08-10 00:00:00,4422.416666666667,0.11258929303385738,0.07315745560667147,18.954249786304914,22.241749450099775,3.3629525168550853,15.591297269449827,0.9613576475992617,29.334862921753025,73.33333333333333,73,2021-09-07 00:00:00,2024-08-28 00:00:00,4115.287671232877,0.1172324007736399,0.08805945794465268,20.43197996675728,21.130143121963062,3.194877640040815,17.237102326716464,0.4240648454247029,29.334862921753025,77.77777777777779,47,2024-09-11 00:00:00,2026-08-10 00:00:00,4899.446808510638,0.10537765760823767,0.0500117924008709,16.659051846453366,23.94463574001133,3.620428923889713,13.038622922563652,1.8474896399898293,20.49937181935966,66.66666666666666,15,2026-01-09 00:00:00,2026-08-10 00:00:00,5014.4,0.0808223822423096,0.0316949001455108,10.509145588461804,20.962957989838554,3.169599248063589,7.339546340398215,-0.14156740094181267,20.499371819359702,50.0,True
M1191,1191,6,SIZE+H03+TURN+CHIP250+BM+RESVOL,B01+B02+B05+B08+B11,5,0.7509391876147649,0.20057377695311362,False,True,17.272782630793042,17.384693407445873,17.125963541189346,-0.07179886264783875,-10.480275517813665,-3.957872614239239,120,2021-09-07 00:00:00,2026-08-10 00:00:00,4418.308333333333,0.11502278081287344,0.06731186249860562,15.866731164035592,17.848149716173836,2.6986402370854843,13.168090926950107,0.9427575503064569,26.775983137309055,65.0,73,2021-09-07 00:00:00,2024-08-28 00:00:00,4111.109589041096,0.12510356827156066,0.08674653455290368,19.891079351930337,17.791637458896403,2.6900955837851357,17.200983768145203,0.4740726009719355,26.775983137309055,72.22222222222221,47,2024-09-11 00:00:00,2026-08-10 00:00:00,4895.446808510638,0.09936538752597625,0.03712609526533414,9.616147808369286,17.934721684769038,2.7117299187370785,6.904417889632208,1.6349795771075395,21.143480310006257,54.166666666666664,15,2026-01-09 00:00:00,2026-08-10 00:00:00,5010.4,0.08635294414561923,0.025388576592096763,7.65832611941804,16.061415240549426,2.428485984371073,5.229840135046966,-0.2443656839070298,21.14348031000628,50.0,True
M1039,1039,5,SIZE+H03+TURN+RET40+RESVOL,B01+B02+B03+B11,4,0.7509391876147649,0.18692650212415646,False,True,17.272782630793042,17.384693407445873,17.125963541189346,-0.1451775476281405,-4.15581132779417,-1.5256038919173402,120,2021-09-07 00:00:00,2026-08-10 00:00:00,4422.416666666667,0.12054467419903826,0.07435492518301247,19.563854366131867,26.213589397221316,3.9634947168598624,15.600359649272006,0.9786328564389932,29.050155925751575,75.0,73,2021-09-07 00:00:00,2024-08-28 00:00:00,4115.287671232877,0.12687158337288074,0.08991230279588193,21.061628897997434,26.01867602402469,3.9340238148325333,17.1276050831649,0.43131428824041007,29.050155925751575,83.33333333333334,47,2024-09-11 00:00:00,2026-08-10 00:00:00,4899.446808510638,0.1107177727162616,0.050191338677917356,17.23752371025556,26.512180096586352,4.008641630603857,13.228882079651703,1.864262570940879,19.93404597239772,62.5,15,2026-01-09 00:00:00,2026-08-10 00:00:00,5014.4,0.09679114103568832,0.041416881620138034,13.821022476420541,24.52202659508109,3.7077304211762607,10.11329205524428,-0.03162428222080145,19.93404597239771,50.0,True
M3095,3095,6,SIZE+H03+TURN+DD120+RESVOL+SP,B01+B02+B04+B11+B12,5,0.7509391876147649,0.17483949473708546,False,True,17.272782630793042,17.384693407445873,17.125963541189346,-0.15572811915407314,-8.992839913731988,-3.427552335216447,120,2021-09-07 00:00:00,2026-08-10 00:00:00,4415.175,0.11106367366853871,0.06923516471740739,16.86088051069011,20.915802279875713,3.162469304717208,13.6984112059729,0.9589688144438264,24.149300952496333,73.33333333333333,73,2021-09-07 00:00:00,2024-08-28 00:00:00,4108.86301369863,0.11802477547745147,0.08640085526891564,20.12677497890661,19.905558645949995,3.0097204672676394,17.11705451163897,0.46757682584844623,24.149300952496333,77.77777777777779,47,2024-09-11 00:00:00,2026-08-10 00:00:00,4890.936170212766,0.10025174958235511,0.042573560243788146,11.788321017502774,22.46340954886831,3.396467523788888,8.391853493713885,1.6915176532544904,21.573250012771595,66.66666666666666,15,2026-01-09 00:00:00,2026-08-10 00:00:00,5006.4,0.08182561161346531,0.027826302195634724,7.381311611565845,20.42365501074814,3.0880566376251184,4.293254973940727,-0.27846427593329437,21.573250012771606,50.0,True
M1171,1171,5,SIZE+H03+DD120+BM+RESVOL,B01+B04+B08+B11,4,0.7509391876147649,0.22231896628094142,False,True,17.272782630793042,17.384693407445873,17.125963541189346,-0.19166350805419796,-9.020759819093964,-3.4600785385784043,120,2021-09-07 00:00:00,2026-08-10 00:00:00,4418.308333333333,0.10379436366444433,0.0621302406804813,16.590847639114173,19.34499098216422,2.92496263650323,13.665885002610942,0.9288521003870538,26.88112682973752,75.0,73,2021-09-07 00:00:00,2024-08-28 00:00:00,4111.109589041096,0.11178730392308994,0.08010217236843178,19.885707460080127,18.54886466495557,2.8045883373412823,17.081119122738844,0.45304977958482096,26.88112682973752,83.33333333333334,47,2024-09-11 00:00:00,2026-08-10 00:00:00,4895.446808510638,0.09137979687973945,0.03421638933536672,11.473299406550035,20.564588744696614,3.109365818198128,8.363933588351909,1.6332349808563278,21.05902573369397,62.5,15,2026-01-09 00:00:00,2026-08-10 00:00:00,5010.4,0.0851151938564219,0.024876504493002747,9.432245069614721,18.933840269069524,2.862796648683312,6.569448420931409,-0.18051097037276714,21.059025733693957,50.0,True
M1175,1175,6,SIZE+H03+TURN+DD120+BM+RESVOL,B01+B02+B04+B08+B11,5,0.7509391876147649,0.19087228889497238,False,True,17.272782630793042,17.384693407445873,17.125963541189346,-0.24245120736519254,-9.119796139400258,-3.5297179306130744,120,2021-09-07 00:00:00,2026-08-10 00:00:00,4418.308333333333,0.11642381759406578,0.07045777005044553,16.77918057714955,21.05115718633121,3.1829349665732787,13.596245610576272,0.9463305429859622,26.64155742848274,71.66666666666667,73,2021-09-07 00:00:00,2024-08-28 00:00:00,4111.109589041096,0.12565134493570176,0.08946311073770459,20.098374150777033,20.29128787929354,3.068042727349183,17.03033142342785,0.46096603778785755,26.64155742848274,77.77777777777779,47,2024-09-11 00:00:00,2026-08-10 00:00:00,4895.446808510638,0.10209170065918435,0.04093883664257502,11.623837367047296,22.215212294984667,3.3589400990016816,8.264897268045615,1.6661534039758916,20.821101046575375,62.5,15,2026-01-09 00:00:00,2026-08-10 00:00:00,5010.4,0.0888134399683213,0.029054594982024486,8.935565368248021,20.104255885168293,3.039763489837446,5.895801878410575,-0.2117787024448825,20.821101046575386,50.0,True
M1163,1163,5,SIZE+H03+RET40+BM+RESVOL,B01+B03+B08+B11,4,0.7509391876147649,0.17495832591675411,False,True,17.272782630793042,17.384693407445873,17.125963541189346,-0.2917460614009464,-9.096288463684328,-3.5492103004404782,120,2021-09-07 00:00:00,2026-08-10 00:00:00,4418.308333333333,0.11234932238002333,0.06446673147328578,17.091445770531248,23.245320964169174,3.5146925297823794,13.576753240748868,0.9450199751961408,27.974208916058963,71.66666666666667,73,2021-09-07 00:00:00,2024-08-28 00:00:00,4111.109589041096,0.12183297545761976,0.08258182009634438,20.535416066622652,23.507800907609493,3.5543794972305554,16.981036569392096,0.4576278617754353,27.974208916058963,77.77777777777779,47,2024-09-11 00:00:00,2026-08-10 00:00:00,4895.446808510638,0.09761939313184165,0.036330529994918155,11.74230041702757,22.843224029537197,3.4538954732660243,8.288404943761545,1.6728349226332775,20.441875059462156,62.5,15,2026-01-09 00:00:00,2026-08-10 00:00:00,5010.4,0.09892104572597302,0.03503152707478677,11.757001434202673,21.53805027394521,3.256553201420516,8.500448232782157,-0.09960179006109217,20.441875059462156,50.0,True
M3111,3111,6,SIZE+H03+TURN+CHIP250+RESVOL+SP,B01+B02+B05+B11+B12,5,0.7509391876147649,0.18199349489149647,False,True,17.272782630793042,17.384693407445873,17.125963541189346,-0.3111820008842976,-10.674102073898798,-4.179543883593466,120,2021-09-07 00:00:00,2026-08-10 00:00:00,4415.175,0.11106740916877221,0.06664570458151112,15.555389707304752,17.255092921354947,2.6089700497088684,12.94641965759588,0.9381206015797675,24.50704507798974,68.33333333333333,73,2021-09-07 00:00:00,2024-08-28 00:00:00,4108.86301369863,0.1193002463366001,0.08474887263178463,19.54629093107224,17.09451257383263,2.584690301163494,16.961600629908745,0.4667855331497866,24.50704507798974,77.77777777777779,47,2024-09-11 00:00:00,2026-08-10 00:00:00,4890.936170212766,0.09828023654640125,0.03852801803534163,9.35675589166588,17.50108834734658,2.646164558118803,6.710591333547076,1.633209290207929,22.09195045692165,54.166666666666664,15,2026-01-09 00:00:00,2026-08-10 00:00:00,5006.4,0.08061855930292677,0.024042221597517892,5.585352939949406,15.859783234876407,2.397999225113313,3.1873537148360933,-0.3321277393092772,22.09195045692165,50.0,True
M1559,1559,6,SIZE+H03+TURN+DD120+ASSET_GROWTH+RESVOL,B01+B02+B04+B10+B11,5,0.7509391876147649,0.16095283546032796,False,True,17.272782630793042,17.384693407445873,17.125963541189346,-0.36841100065566224,-4.414168255017081,-1.763391812224686,120,2021-09-07 00:00:00,2026-08-10 00:00:00,4422.391666666666,0.10522151569851874,0.06778063047559495,18.540861994775128,21.02043826594223,3.178290265810465,15.36257172896466,0.9545181655247821,30.468455995602817,73.33333333333333,73,2021-09-07 00:00:00,2024-08-28 00:00:00,4115.287671232877,0.11280922090688265,0.08418576627477799,19.957458207524944,20.19237154356856,3.0530865773875657,16.90437163013738,0.415184055105695,30.468455995602817,80.55555555555556,47,2024-09-11 00:00:00,2026-08-10 00:00:00,4899.382978723404,0.09343635654510246,0.04230031317048089,16.34061681327008,22.2889660108551,3.370091660841291,12.970525152428792,1.8313815733486403,19.349779431350957,62.5,15,2026-01-09 00:00:00,2026-08-10 00:00:00,5014.4,0.06766171744863773,0.020514087250595107,12.201712958484597,19.67575236256377,2.974973757219642,9.226739201264955,-0.06889297745447108,19.349779431350978,50.0,True
M3139,3139,5,SIZE+H03+EVEBITDA+RESVOL+SP,B01+B07+B11+B12,4,0.7509391876147649,0.22183824088232545,False,True,17.272782630793042,17.384693407445873,17.125963541189346,-0.4277175546128724,-5.903509465092368,-2.3815837946570912,120,2021-09-07 00:00:00,2026-08-10 00:00:00,4415.15,0.07705042694575254,0.04955800419042753,16.049162023487597,8.6295124137258,1.304782276955341,14.744379746532255,0.9792046803747002,29.104507587630536,66.66666666666666,73,2021-09-07 00:00:00,2024-08-28 00:00:00,4108.821917808219,0.08333328738350995,0.0616494467922128,18.17002108523895,8.762936567849094,1.3249560090587829,16.84506507618017,0.4491284156015213,29.104507587630536,75.0,47,2024-09-11 00:00:00,2026-08-10 00:00:00,4890.936170212766,0.06729194158498039,0.030777678447229114,12.755061778639742,8.425117964856069,1.2738778362862377,11.481183942353505,1.7679012454645386,18.57352414096194,54.166666666666664,15,2026-01-09 00:00:00,2026-08-10 00:00:00,5006.4,0.06912521818666048,0.02767121789619785,11.844045794911723,7.716434012554793,1.1667248226982847,10.677320972213439,-0.00931572725730912,18.573524140961904,50.0,True
M3591,3591,6,SIZE+H03+TURN+ASSET_GROWTH+RESVOL+SP,B01+B02+B10+B11+B12,5,0.7509391876147649,0.14817782842714292,False,True,17.272782630793042,17.384693407445873,17.125963541189346,-0.454260234943213,-9.696254546065084,-3.883471706756259,120,2021-09-07 00:00:00,2026-08-10 00:00:00,4415.15,0.09718980772002292,0.058884637887839535,15.211875517537395,13.025024359155488,1.96938368310431,13.242491834433087,0.9622741175709192,27.702363239452943,65.0,73,2021-09-07 00:00:00,2024-08-28 00:00:00,4108.86301369863,0.10869446379381201,0.07647697386457904,18.778164828989567,12.960598102776052,1.959642433139739,16.81852239584983,0.47437173294838597,27.702363239452943,75.0,47,2024-09-11 00:00:00,2026-08-10 00:00:00,4890.872340425532,0.07932087381818032,0.03156037137077603,9.67274531038827,13.123719900843128,1.984306449007481,7.6884388613807895,1.6608764438660257,20.280420557822232,50.0,15,2026-01-09 00:00:00,2026-08-10 00:00:00,5006.4,0.07432349209818143,0.023727318887595415,7.6202235185919776,12.133748660582892,1.8346227974801332,5.7856007211118445,-0.2228031105342784,20.280420557822232,50.0,True
M3587,3587,5,SIZE+H03+ASSET_GROWTH+RESVOL+SP,B01+B10+B11+B12,4,0.7509391876147649,0.1717522130527001,False,True,17.272782630793042,17.384693407445873,17.125963541189346,-0.4945044522343309,-10.209456659213467,-4.108668457675385,120,2021-09-07 00:00:00,2026-08-10 00:00:00,4415.15,0.07842418023202054,0.04785082142038308,14.265204432767783,8.25336871199619,1.247909349253824,13.017295083513961,0.9436010098402159,27.17248346158251,65.0,73,2021-09-07 00:00:00,2024-08-28 00:00:00,4108.86301369863,0.08823955942170003,0.06353075639083802,18.05116334777876,8.418552706481814,1.27288516922005,16.77827817855871,0.46519326549318507,27.17248346158251,72.22222222222221,47,2024-09-11 00:00:00,2026-08-10 00:00:00,4890.872340425532,0.06317901680975241,0.023496879870527544,8.38488526689967,8.000320890656512,1.2096485186672647,7.175236748232406,1.6345513697579794,20.199915989455796,54.166666666666664,15,2026-01-09 00:00:00,2026-08-10 00:00:00,5006.4,0.06444527572227368,0.018052778116535273,8.184349986818917,8.235448995913773,1.2451998881821624,6.939150098636755,-0.17075009063062682,20.199915989455786,50.0,True
M1575,1575,6,SIZE+H03+TURN+CHIP250+ASSET_GROWTH+RESVOL,B01+B02+B05+B10+B11,5,0.7509391876147649,0.1667674843947107,False,True,17.272782630793042,17.384693407445873,17.125963541189346,-0.5621872968372266,-5.12317046204288,-2.158498925546896,120,2021-09-07 00:00:00,2026-08-10 00:00:00,4422.391666666666,0.10769362568011931,0.066312042906994,17.67166223258583,17.884904873964157,2.70419761694338,14.96746461564245,0.9485680922137384,30.45836010031825,68.33333333333333,73,2021-09-07 00:00:00,2024-08-28 00:00:00,4115.287671232877,0.11590880414263058,0.08357481908077928,19.345509015277695,17.426677786520372,2.63491368132188,16.710595333955816,0.41528385990201344,30.45836010031825,77.77777777777779,47,2024-09-11 00:00:00,2026-08-10 00:00:00,4899.382978723404,0.09493388040855923,0.03949964587111474,15.071857655213353,18.586869773878043,2.81033470981036,12.261522945402993,1.795588611900086,20.706572567111202,54.166666666666664,15,2026-01-09 00:00:00,2026-08-10 00:00:00,5014.4,0.06891176783201707,0.017527835262168587,9.438552933420949,16.22010666735422,2.452480128103958,6.986072805316991,-0.16091031518933882,20.706572567111202,50.0,True
M3143,3143,6,SIZE+H03+TURN+EVEBITDA+RESVOL+SP,B01+B02+B07+B11+B12,5,0.7509391876147649,0.17898233276244538,False,True,17.272782630793042,17.384693407445873,17.125963541189346,-0.7928213668908128,-6.257488777992068,-2.7425887815532075,120,2021-09-07 00:00:00,2026-08-10 00:00:00,4415.15,0.09537371745536717,0.06029685125671689,16.383628397187998,13.229190724549317,2.0002536375518565,14.383374759636139,0.9824261963780656,28.75774620885053,68.33333333333333,73,2021-09-07 00:00:00,2024-08-28 00:00:00,4108.821917808219,0.10338922059998049,0.07460078528014884,18.469396208599587,13.157638523130677,1.9894349446973585,16.47996126390223,0.4453874052775523,28.75774620885053,75.0,47,2024-09-11 00:00:00,2026-08-10 00:00:00,4890.936170212766,0.0829241061882018,0.03808010266713108,13.144031583718935,13.338802607573614,2.0168269542651305,11.127204629453805,1.7727217482994309,18.79410655402434,58.333333333333336,15,2026-01-09 00:00:00,2026-08-10 00:00:00,5006.4,0.07853064221210353,0.03238753494132717,11.872025133718296,11.774385572357145,1.7802870985404002,10.091738035177896,-0.03390605257514724,18.794106554024324,50.0,True
M1671,1671,6,SIZE+H03+TURN+BM+ASSET_GROWTH+RESVOL,B01+B02+B08+B10+B11,5,0.7509391876147649,0.16664468560665024,False,True,17.272782630793042,17.384693407445873,17.125963541189346,-0.9227775923929542,-8.97497178615003,-3.885837002001125,120,2021-09-07 00:00:00,2026-08-10 00:00:00,4418.283333333334,0.10162804276721162,0.05969946401716852,15.236114667400264,13.200979683942071,1.9959881282120413,13.240126539188221,0.9584138884541965,28.189141584074516,66.66666666666666,73,2021-09-07 00:00:00,2024-08-28 00:00:00,4111.109589041096,0.11454270340462451,0.07857852359389543,18.353893865088324,13.253232980742292,2.003888826688234,16.350005038400088,0.45530231058958204,28.189141584074516,75.0,47,2024-09-11 00:00:00,2026-08-10 00:00:00,4895.382978723404,0.08156910177718737,0.030376669355443777,10.393606551842225,13.120932080333228,1.9838849305463842,8.409721621295843,1.675356960924554,19.455845961118477,54.166666666666664,15,2026-01-09 00:00:00,2026-08-10 00:00:00,5010.4,0.08061028172232249,0.025149614934614727,10.614083822760056,12.24491405696269,1.8514310054127587,8.762652817347298,-0.09450105110020532,19.455845961118467,50.0,True
M1607,1607,6,SIZE+H03+TURN+EVEBITDA+ASSET_GROWTH+RESVOL,B01+B02+B07+B10+B11,5,0.7509391876147649,0.16290748340376193,False,True,17.272782630793042,17.384693407445873,17.125963541189346,-0.9956549662771899,-2.5316204863179728,-1.4067671649613533,120,2021-09-07 00:00:00,2026-08-10 00:00:00,4416.15,0.08615238776378469,0.056684454916130896,17.66222815877413,12.850739302553832,1.9430317825461392,15.719196376227993,0.9840729205761347,32.880029939952024,73.33333333333333,73,2021-09-07 00:00:00,2024-08-28 00:00:00,4109.534246575343,0.09382335730749425,0.06961864113148246,18.198977791751837,12.71064898965597,1.9218501272359827,16.277127664515852,0.40447460949430525,32.880029939952024,77.77777777777779,47,2024-09-11 00:00:00,2026-08-10 00:00:00,4892.382978723404,0.07423790315334221,0.03659518696462739,16.828553196915127,13.065345739333525,1.9754802757872292,14.8530729211279,1.9044889444089008,17.46083247601892,66.66666666666666,15,2026-01-09 00:00:00,2026-08-10 00:00:00,5007.4,0.06145675449426165,0.023801505031279934,15.043479969440963,11.760069341715901,1.7781224844674444,13.265357484973517,0.09788275325385233,17.46083247601892,75.0,True
M1287,1287,5,SIZE+H03+TURN+DD60+RESVOL,B01+B02+B09+B11,4,0.7509391876147649,0.19868226697337052,False,True,17.272782630793042,17.384693407445873,17.125963541189346,-1.0001478455166293,-2.7670889887913965,-1.5026934047046066,120,2021-09-07 00:00:00,2026-08-10 00:00:00,4422.416666666667,0.1129047796494758,0.07332500844318718,19.59473742007239,26.266318013145845,3.971467283587652,15.62327013648474,0.9582396952279398,29.769454226672377,76.66666666666667,73,2021-09-07 00:00:00,2024-08-28 00:00:00,4115.287671232877,0.11670876953644677,0.08703633389071626,20.10677144509406,25.358046691915682,3.834136659817651,16.272634785276413,0.3920177999968789,29.769454226672377,83.33333333333334,47,2024-09-11 00:00:00,2026-08-10 00:00:00,4899.446808510638,0.1069964549314145,0.052028694450216476,18.799450530145105,27.657712377583536,4.181846111490631,14.617604418654476,1.8768469173509972,19.510803045923563,66.66666666666666,15,2026-01-09 00:00:00,2026-08-10 00:00:00,5014.4,0.08970101729570103,0.038795424657464765,13.936240342629011,24.525273528809695,3.7082213575560257,10.228018985072985,-0.027399558910575453,19.510803045923588,62.5,True
M1123,1123,5,SIZE+H03+CHIP250+EVEBITDA+RESVOL,B01+B05+B07+B11,4,0.7509391876147649,0.19081015541600474,False,True,17.272782630793042,17.384693407445873,17.125963541189346,-1.3541345745673166,-1.3380921127773995,-1.1580671812051886,120,2021-09-07 00:00:00,2026-08-10 00:00:00,4416.175,0.09082488318611291,0.05824244864036987,18.263028829959463,15.179447552746739,2.295132469975307,15.967896359984158,0.9431095154113187,31.791459669107535,70.0,73,2021-09-07 00:00:00,2024-08-28 00:00:00,4109.534246575343,0.09294905041058638,0.06981339671823027,18.109774770403895,14.491578797474686,2.1911267141781723,15.918648056225726,0.36800506652801,31.791459669107535,77.77777777777779,47,2024-09-11 00:00:00,2026-08-10 00:00:00,4892.446808510638,0.08752564473107968,0.04027055056199098,18.501061730971305,16.233203943801804,2.454460436302833,16.046601294668474,1.880211776553592,20.015449731763148,58.333333333333336,15,2026-01-09 00:00:00,2026-08-10 00:00:00,5007.4,0.06493097178081021,0.020156928364499196,13.02454297527684,14.59470445975944,2.2067193143156274,10.817823660961212,-0.0036885199808821064,20.01544973176317,50.0,True
M1127,1127,6,SIZE+H03+TURN+CHIP250+EVEBITDA+RESVOL,B01+B02+B05+B07+B11,5,0.7509391876147649,0.18430498956514024,False,True,17.272782630793042,17.384693407445873,17.125963541189346,-1.3633910561721407,-2.4082698846052697,-1.5829698428810488,120,2021-09-07 00:00:00,2026-08-10 00:00:00,4416.175,0.10308759212825634,0.06580128510141411,18.189114595996607,17.500799587885655,2.646120897688311,15.542993698308297,0.9563149532149122,30.2109289373131,71.66666666666667,73,2021-09-07 00:00:00,2024-08-28 00:00:00,4109.534246575343,0.10691028248734008,0.07917267033082044,18.437265748470985,16.718744536045524,2.5278741738500834,15.909391574620901,0.38241669397331224,30.2109289373131,80.55555555555556,47,2024-09-11 00:00:00,2026-08-10 00:00:00,4892.446808510638,0.09715022199606244,0.045032963362123445,17.803688337898112,18.698841369427967,2.8272648150575086,14.976423522840603,1.8687930914577398,19.929698936807682,58.333333333333336,15,2026-01-09 00:00:00,2026-08-10 00:00:00,5007.4,0.07169964176417257,0.02510127137104515,10.64046009752628,15.859672645283268,2.39798250396683,8.24247759355945,-0.10717361074887956,19.929698936807682,50.0,True
M1703,1703,7,SIZE+H03+TURN+CHIP250+BM+ASSET_GROWTH+RESVOL,B01+B02+B05+B08+B10+B11,6,0.7509391876147649,0.16376515505566674,False,True,17.272782630793042,17.384693407445873,17.125963541189346,-1.538405478446533,-9.09641811891033,-4.3082377786074915,120,2021-09-07 00:00:00,2026-08-10 00:00:00,4418.283333333334,0.11003050663505241,0.06388710440388044,15.416862300357268,17.190056466768606,2.599136537775413,12.817725762581855,0.9117005693678302,28.18042363354303,66.66666666666666,73,2021-09-07 00:00:00,2024-08-28 00:00:00,4111.109589041096,0.1215296247598902,0.08397894572036448,18.302134517478276,16.98252225616247,2.567757365131765,15.734377152346509,0.41168702991846257,28.18042363354303,75.0,47,2024-09-11 00:00:00,2026-08-10 00:00:00,4895.382978723404,0.09217017422838945,0.03268062746551165,10.93548204823314,17.5079812149312,2.6472067596975974,8.288275288535543,1.6412518674021228,21.021845807493744,54.166666666666664,15,2026-01-09 00:00:00,2026-08-10 00:00:00,5010.4,0.07616892548108918,0.016917677970626894,6.869728328266834,16.007681962764206,2.420361512769948,4.449366815496886,-0.2795286093401889,21.021845807493712,50.0,True
M1111,1111,6,SIZE+H03+TURN+DD120+EVEBITDA+RESVOL,B01+B02+B04+B07+B11,5,0.7509391876147649,0.18211280243169128,False,True,17.272782630793042,17.384693407445873,17.125963541189346,-1.669799392168411,-2.1043043145416362,-1.6506931186363314,120,2021-09-07 00:00:00,2026-08-10 00:00:00,4416.175,0.0999272342308581,0.06691340676919931,18.51696639845397,20.117036877651834,3.041695975900957,15.475270422553015,0.9401773371299839,31.200011157961207,71.66666666666667,73,2021-09-07 00:00:00,2024-08-28 00:00:00,4109.534246575343,0.10275029847897113,0.07899243934620859,18.481066134789803,19.03493978945219,2.8780828961651705,15.602983238624631,0.36331300927164617,31.200011157961207,75.0,47,2024-09-11 00:00:00,2026-08-10 00:00:00,4892.446808510638,0.09554247486676766,0.04815235617086576,18.572726382442994,21.774717523404487,3.292337289538758,15.280389092904237,1.8774383411457622,18.854372676252275,66.66666666666666,15,2026-01-09 00:00:00,2026-08-10 00:00:00,5007.4,0.07083055347228256,0.02891645608151816,12.45692412235716,19.585355943326828,2.961305818631016,9.495618303726145,-0.05582594804369238,18.854372676252275,62.5,True
M1107,1107,5,SIZE+H03+DD120+EVEBITDA+RESVOL,B01+B04+B07+B11,4,0.7509391876147649,0.21266610193316535,False,True,17.272782630793042,17.384693407445873,17.125963541189346,-1.7286887595956308,-1.8894454373078826,-1.6027075858253443,120,2021-09-07 00:00:00,2026-08-10 00:00:00,4416.175,0.08355644172852521,0.05747222673618536,18.295694070791306,18.33623092213826,2.7724381154273043,15.523255955364002,0.9168886376621126,31.687377616829192,71.66666666666667,73,2021-09-07 00:00:00,2024-08-28 00:00:00,4109.534246575343,0.08429262473106122,0.06734553737292717,18.111739436408556,16.981782838698045,2.5676455652111443,15.544093871197411,0.351071255317433,31.687377616829192,77.77777777777779,47,2024-09-11 00:00:00,2026-08-10 00:00:00,4892.446808510638,0.08241300855437352,0.04213708468337362,18.581410843343242,20.411130113791344,3.0861628732052515,15.49524797013799,1.837777305433609,19.19240558161771,62.5,15,2026-01-09 00:00:00,2026-08-10 00:00:00,5007.4,0.06293108766235331,0.023980934237784437,13.444777276797137,17.72219100702688,2.679595280262464,10.765181996534674,-0.005635472751795304,19.1924055816177,62.5,True
M1687,1687,7,SIZE+H03+TURN+DD120+BM+ASSET_GROWTH+RESVOL,B01+B02+B04+B08+B10+B11,6,0.7509391876147649,0.15686201418344187,False,True,17.272782630793042,17.384693407445873,17.125963541189346,-1.8108913854145303,-8.80251601658215,-4.359663898444147,120,2021-09-07 00:00:00,2026-08-10 00:00:00,4418.283333333334,0.10967294614750127,0.06581994042638409,15.76874949037592,19.85747253724023,3.0024498476307224,12.7662996427452,0.9017591238359379,28.28354878800201,66.66666666666666,73,2021-09-07 00:00:00,2024-08-28 00:00:00,4111.109589041096,0.12073242950431981,0.08562597413774317,18.33989993920702,19.034449033257317,2.8780086938285065,15.461891245378512,0.39643302126875196,28.28354878800201,75.0,47,2024-09-11 00:00:00,2026-08-10 00:00:00,4895.382978723404,0.09249545072095333,0.03505737742789019,11.775260495382948,21.118274500788527,3.1930831045192254,8.582177390863723,1.6446261543306542,20.130561660600176,54.166666666666664,15,2026-01-09 00:00:00,2026-08-10 00:00:00,5010.4,0.07654890756528498,0.019307665261650845,9.549716527795917,19.279314109929032,2.91503229342127,6.634684234374648,-0.18235545709506823,20.130561660600165,50.0,True
M3175,3175,7,SIZE+H03+TURN+CHIP250+EVEBITDA+RESVOL+SP,B01+B02+B05+B07+B11+B12,6,0.7509391876147649,0.1711445947637088,False,True,17.272782630793042,17.384693407445873,17.125963541189346,-1.82250322854048,-7.414001949543174,-3.8224109939916247,120,2021-09-07 00:00:00,2026-08-10 00:00:00,4415.15,0.10400085907699143,0.06414718045749802,15.873698969680362,16.998322900017456,2.5701464224826394,13.303552547197722,0.9176633556792879,29.20379962248315,66.66666666666666,73,2021-09-07 00:00:00,2024-08-28 00:00:00,4108.821917808219,0.11044074161242408,0.07996666605125356,17.95383660259819,16.557917991703892,2.503557200345629,15.450279402252562,0.38957829633919955,29.20379962248315,75.0,47,2024-09-11 00:00:00,2026-08-10 00:00:00,4890.936170212766,0.09399848833046834,0.039576490067196865,12.6428469015314,17.672985738285046,2.6721554436286987,9.9706914579027,1.71682799171145,20.913946462051836,54.166666666666664,15,2026-01-09 00:00:00,2026-08-10 00:00:00,5006.4,0.073904332572663,0.02261282553887433,8.09532210456211,15.339085964821123,2.319269797880954,5.776052306681156,-0.21432788004904268,20.913946462051836,50.0,True
M1603,1603,5,SIZE+H03+EVEBITDA+ASSET_GROWTH+RESVOL,B01+B07+B10+B11,4,0.7509391876147649,0.19466933432216554,False,True,17.272782630793042,17.384693407445873,17.125963541189346,-2.022265612930795,-0.64631963839674,-1.2926667132072467,120,2021-09-07 00:00:00,2026-08-10 00:00:00,4416.15,0.0659075287986042,0.04536204001101685,17.08462942275316,8.276009224676315,1.251332594771059,15.8332968279821,0.968565908630329,33.06900617478122,70.0,73,2021-09-07 00:00:00,2024-08-28 00:00:00,4109.534246575343,0.07144794217148759,0.05575913710901923,16.50615952123164,8.304513911173238,1.2556425033693936,15.250517017862247,0.35953279030898044,33.06900617478122,75.0,47,2024-09-11 00:00:00,2026-08-10 00:00:00,4892.382978723404,0.05730220590029596,0.029213357284332327,17.983103950648275,8.232342470893792,1.2447301815991416,16.738373769049133,1.941936272774977,17.08613947076081,62.5,15,2026-01-09 00:00:00,2026-08-10 00:00:00,5007.4,0.049081102454674994,0.017738844386680688,18.037382130039664,8.035102493567734,1.2149074970274414,16.82247463301222,0.24300953905318845,17.08613947076081,62.5,True
M1635,1635,6,SIZE+H03+CHIP250+EVEBITDA+ASSET_GROWTH+RESVOL,B01+B05+B07+B10+B11,5,0.7509391876147649,0.15766036912020756,False,True,17.272782630793042,17.384693407445873,17.125963541189346,-2.0675739202699432,-1.645616388893746,-1.7127991664200621,120,2021-09-07 00:00:00,2026-08-10 00:00:00,4416.15,0.08296773599634412,0.05301368572398026,17.53879774944201,14.05842179016355,2.1256333746727285,15.413164374769284,0.9134341270596168,33.11114750438996,65.0,73,2021-09-07 00:00:00,2024-08-28 00:00:00,4109.534246575343,0.08745772019147882,0.0656999813816216,17.19371131737383,13.151472267531286,1.9885026068507303,15.205208710523099,0.34207418518613886,33.11114750438996,75.0,47,2024-09-11 00:00:00,2026-08-10 00:00:00,4892.382978723404,0.07599393075709235,0.033309439277005436,18.07478305882451,15.44779127164276,2.3357060402723855,15.739077018552127,1.826586664119027,19.16929710065496,50.0,15,2026-01-09 00:00:00,2026-08-10 00:00:00,5007.4,0.051936607387740606,0.01004260319683528,12.17501286118851,13.796375700816018,2.086012005963382,10.089000855225127,-0.03309670053912561,19.16929710065496,50.0,True
M1219,1219,5,SIZE+H03+EVEBITDA+BM+RESVOL,B01+B07+B08+B11,4,0.7509391876147649,0.23557670078359677,False,True,17.272782630793042,17.384693407445873,17.125963541189346,-2.1588197357078585,-6.039742478133531,-3.488002627457618,120,2021-09-07 00:00:00,2026-08-10 00:00:00,4416.175,0.08439209000580052,0.05157960550934945,15.01115214536223,9.081952590148825,1.3731912316305022,13.637960913731728,0.9284704476677818,30.684662991988866,68.33333333333333,73,2021-09-07 00:00:00,2024-08-28 00:00:00,4109.534246575343,0.09275621772280854,0.06559057397673693,16.510478755624742,9.236216008859525,1.3965158605395602,15.113962895085184,0.3803559918972192,30.684662991988866,75.0,47,2024-09-11 00:00:00,2026-08-10 00:00:00,4892.446808510638,0.07140099801980929,0.029817888528088064,12.68241081452897,8.845634161485624,1.3374598852166262,11.344950929312342,1.739019950425808,18.271642303538115,58.333333333333336,15,2026-01-09 00:00:00,2026-08-10 00:00:00,5007.4,0.0773166677190256,0.029616568489710473,13.432740519903009,8.593220037662665,1.2992948696945947,12.133445650208413,0.05114955519125427,18.271642303538137,50.0,True
M1639,1639,7,SIZE+H03+TURN+CHIP250+EVEBITDA+ASSET_GROWTH+RESVOL,B01+B02+B05+B07+B10+B11,6,0.7509391876147649,0.1554422296093991,False,True,17.272782630793042,17.384693407445873,17.125963541189346,-2.167722130703252,-2.7252178925641672,-2.196335076121839,120,2021-09-07 00:00:00,2026-08-10 00:00:00,4416.15,0.09717170488949001,0.06152885133394604,17.427496407826656,16.520290626713944,2.497867942759148,14.929628465067507,0.9178131104409424,32.05651724277636,68.33333333333333,73,2021-09-07 00:00:00,2024-08-28 00:00:00,4109.534246575343,0.1034368835073722,0.07605201542689355,17.493578544954705,15.797077016302346,2.388518044864915,15.10506050008979,0.34796658440428924,32.05651724277636,75.0,47,2024-09-11 00:00:00,2026-08-10 00:00:00,4892.382978723404,0.08744068278086448,0.038971596466176504,17.32485819484053,17.628192327770012,2.665382679958826,14.659475514881706,1.8197477778149622,19.547844153152806,58.333333333333336,15,2026-01-09 00:00:00,2026-08-10 00:00:00,5007.4,0.0607588701444548,0.015972177329539306,10.016505704700974,15.261186324411996,2.3074913722510937,7.709014332449879,-0.13143743702428942,19.547844153152827,50.0,True
M1071,1071,6,SIZE+H03+TURN+RET40+CHIP250+RESVOL,B01+B02+B03+B05+B11,5,0.7509391876147649,0.2143760710486462,False,True,17.272782630793042,17.384693407445873,17.125963541189346,-2.283375702447149,-3.025454285020297,-2.384602886408242,120,2021-09-07 00:00:00,2026-08-10 00:00:00,4422.416666666667,0.12112879226411989,0.07361641968887692,19.145054830209297,29.124961477699678,4.403694175428191,14.741360654781104,0.920490508785483,30.46167850329563,71.66666666666667,73,2021-09-07 00:00:00,2024-08-28 00:00:00,4115.287671232877,0.1257543599165931,0.08986922127681843,19.24543515425477,28.14833482743968,4.25602822590888,14.989406928345893,0.34383957216583405,30.46167850329563,75.0,47,2024-09-11 00:00:00,2026-08-10 00:00:00,4899.446808510638,0.11394439995283168,0.04837270658420181,18.989144965202502,30.6210703887363,4.629905842776928,14.359239122425576,1.8634096428801785,20.61521373031655,66.66666666666666,15,2026-01-09 00:00:00,2026-08-10 00:00:00,5014.4,0.0868864354111303,0.03003286197083825,13.045122523399517,28.002542129427344,4.233984369969415,8.8111381534301,-0.08267181598643926,20.615213730316583,50.0,True
M1795,1795,5,SIZE+H03+DD60+ASSET_GROWTH+RESVOL,B01+B09+B10+B11,4,0.7509391876147649,0.17923384624993072,False,True,17.272782630793042,17.384693407445873,17.125963541189346,-2.6753090761257585,-4.613650118543511,-3.244407226908592,120,2021-09-07 00:00:00,2026-08-10 00:00:00,4422.391666666666,0.08602328135233117,0.05657382979398091,17.539767134554836,24.19451600710373,3.6582108202740833,13.881556314280754,0.8743508958508461,32.311516926264986,68.33333333333333,73,2021-09-07 00:00:00,2024-08-28 00:00:00,4115.287671232877,0.08968976935402186,0.06905873709767586,18.187838019509257,23.745796725145308,3.5903644648419704,14.597473554667284,0.3247784525833894,32.311516926264986,77.77777777777779,47,2024-09-11 00:00:00,2026-08-10 00:00:00,4899.382978723404,0.0803285233922584,0.03718237802441216,16.533188951540534,24.88191575818897,3.762145662638172,12.771043288902362,1.7629959335987164,19.01224488685056,54.166666666666664,15,2026-01-09 00:00:00,2026-08-10 00:00:00,5014.4,0.0663805852960059,0.02134228970099546,16.418092694583873,22.027255864079347,3.3305210866487975,13.087571607935075,0.08087601754464631,19.01224488685058,50.0,True
M1619,1619,6,SIZE+H03+DD120+EVEBITDA+ASSET_GROWTH+RESVOL,B01+B04+B07+B10+B11,5,0.7509391876147649,0.17226809096867443,False,True,17.272782630793042,17.384693407445873,17.125963541189346,-2.7644631670453403,-2.3700824141459655,-2.4209390559908517,120,2021-09-07 00:00:00,2026-08-10 00:00:00,4416.15,0.07489373099637073,0.05140272419126118,17.222159743896476,16.64771996493373,2.51713525869798,14.705024485198495,0.8849614862246601,34.0533667308517,68.33333333333333,73,2021-09-07 00:00:00,2024-08-28 00:00:00,4109.534246575343,0.07856795724648692,0.0627693886826862,16.834355407587196,15.383835607404084,2.3260359438394973,14.508319463747702,0.315899304308664,34.0533667308517,75.0,47,2024-09-11 00:00:00,2026-08-10 00:00:00,4892.382978723404,0.06918695405470093,0.03374811764074999,17.824494138589607,18.583883236042983,2.809883145289699,15.014610993299907,1.8017274122858125,18.33197356535724,58.333333333333336,15,2026-01-09 00:00:00,2026-08-10 00:00:00,5007.4,0.04822708230198611,0.012435735918263168,13.010549082261619,16.378341768200986,2.476405275351989,10.53414380690963,-0.014819272887674546,18.331973565357206,62.5,True
M3687,3687,8,SIZE+H03+TURN+CHIP250+EVEBITDA+ASSET_GROWTH+RESVOL+SP,B01+B02+B05+B07+B10+B11+B12,7,0.7509391876147649,0.14750149455499764,False,True,17.272782630793042,17.384693407445873,17.125963541189346,-2.8192414806175226,-6.31210794176665,-3.997277903378949,120,2021-09-07 00:00:00,2026-08-10 00:00:00,4415.125,0.09859453429990866,0.060319529425598366,15.5975581237807,16.32852173260782,2.4688724859703015,13.128685637810397,0.8941556525494267,30.979365627254985,65.0,73,2021-09-07 00:00:00,2024-08-28 00:00:00,4108.821917808219,0.10698407062875767,0.07695962403639345,16.844669323657886,15.814339771708784,2.391128173482368,14.45354115017552,0.34749000838131017,30.979365627254985,75.0,47,2024-09-11 00:00:00,2026-08-10 00:00:00,4890.872340425532,0.08556397787424956,0.0344742760939379,13.660555621843805,17.116204736538247,2.587970156164583,11.072585465679223,1.712173909844103,21.022162750203588,50.0,15,2026-01-09 00:00:00,2026-08-10 00:00:00,5006.4,0.06370124112144385,0.014247154101437677,7.329297701087054,15.301664838729772,2.3136117236159417,5.015685977471112,-0.24818785219740203,21.022162750203588,50.0,True
M3639,3639,8,SIZE+H03+TURN+DD120+CHIP250+ASSET_GROWTH+RESVOL+SP,B01+B02+B04+B05+B10+B11+B12,7,0.7509391876147649,0.1588580439594957,False,True,17.272782630793042,17.384693407445873,17.125963541189346,-2.9680616216491025,-8.968916201012739,-5.1289474326250435,120,2021-09-07 00:00:00,2026-08-10 00:00:00,4415.15,0.10808834004613001,0.0654674667714831,15.413786003782572,22.597684492184328,3.4167698952182706,11.997016108564303,0.8553274590506392,27.705514241015305,68.33333333333333,73,2021-09-07 00:00:00,2024-08-28 00:00:00,4108.86301369863,0.11537070389708452,0.08385568464843059,17.57726156221368,21.643786726651708,3.2725405530697382,14.30472100914394,0.34064270137041414,27.705514241015305,75.0,47,2024-09-11 00:00:00,2026-08-10 00:00:00,4890.872340425532,0.09677743449039217,0.03690704326047957,12.053494178985327,24.058974686191746,3.6377169725521923,8.415777206433134,1.6343606291419963,22.573460017766145,58.333333333333336,15,2026-01-09 00:00:00,2026-08-10 00:00:00,5006.4,0.06441757760191945,0.010549537477765292,4.818636002542224,20.902806776841125,3.160504384658378,1.6581316178838457,-0.3893514595551281,22.573460017766166,50.0,True
M1351,1351,6,SIZE+H03+TURN+EVEBITDA+DD60+RESVOL,B01+B02+B07+B09+B11,5,0.7509391876147649,0.17415520909055526,False,True,17.272782630793042,17.384693407445873,17.125963541189346,-3.031979494186123,-2.366766477664523,-2.582096350468081,120,2021-09-07 00:00:00,2026-08-10 00:00:00,4416.175,0.10001561256416176,0.06693595651812408,18.128319981559528,23.706698352104898,3.5844527908382604,14.543867190721265,0.9021468967540611,33.07157613671461,73.33333333333333,73,2021-09-07 00:00:00,2024-08-28 00:00:00,4109.534246575343,0.10178866729314341,0.07780909402370001,17.668124141968654,22.66746696667815,3.427321005361736,14.24080313660692,0.31452444550960645,33.07157613671461,80.55555555555556,47,2024-09-11 00:00:00,2026-08-10 00:00:00,4892.446808510638,0.09726171904893494,0.050047891881804044,18.843092243051732,25.298712389354378,3.825165313270382,15.01792692978135,1.8575752260989438,18.48046371889207,62.5,15,2026-01-09 00:00:00,2026-08-10 00:00:00,5007.4,0.07850105903818945,0.035125314511024866,14.86034822625266,22.03491346341614,3.33167891566852,11.528669310584139,0.024091565571212552,18.48046371889206,62.5,True
M0551,551,5,SIZE+H03+TURN+CHIP250+ASSET_GROWTH,B01+B02+B05+B10,4,0.7509391876147649,0.20388860556948113,False,True,17.272782630793042,17.384693407445873,17.125963541189346,-3.0492268792349506,-2.01845822206905,-2.454032412348692,120,2021-09-07 00:00:00,2026-08-10 00:00:00,4422.391666666666,0.09476532285910354,0.06262238902029323,17.795309375598066,20.657263536755384,3.123378246757414,14.671931128840654,0.8904769323205701,31.793950431469643,66.66666666666666,73,2021-09-07 00:00:00,2024-08-28 00:00:00,4115.287671232877,0.09887363781621514,0.07526199268315793,17.4460458827428,21.312765417888283,3.2224901311847085,14.223555751558091,0.3085150005392101,31.793950431469643,75.0,47,2024-09-11 00:00:00,2026-08-10 00:00:00,4899.382978723404,0.08838432303210042,0.04299066418222676,18.337782460245617,19.653090442253923,2.971547274868793,15.366235185376823,1.8332828620637185,20.09137473702376,54.166666666666664,15,2026-01-09 00:00:00,2026-08-10 00:00:00,5014.4,0.05330978676211899,0.014523887572169495,8.16510878655714,16.911948385801846,2.557086595933239,5.6080221906239,-0.21270197307243888,20.09137473702376,50.0,True
M1099,1099,5,SIZE+H03+RET40+EVEBITDA+RESVOL,B01+B03+B07+B11,4,0.7509391876147649,0.1595399938006936,False,True,17.272782630793042,17.384693407445873,17.125963541189346,-3.059673181011421,-1.5865326035208795,-2.2932681463934017,120,2021-09-07 00:00:00,2026-08-10 00:00:00,4416.175,0.0983824495131321,0.06302886667727048,18.362756927277953,23.346967807420693,3.5300615324820086,14.832695394795945,0.9081963158941381,33.29260018616614,70.0,73,2021-09-07 00:00:00,2024-08-28 00:00:00,4109.534246575343,0.1009376671546229,0.07410338960858683,17.596070739243963,22.374082602264167,3.382961289462342,14.213109449781621,0.3136125069439618,33.29260018616614,77.77777777777779,47,2024-09-11 00:00:00,2026-08-10 00:00:00,4892.446808510638,0.09441370721890173,0.045828011911608915,19.553567389543513,24.837345142979625,3.755406585618519,15.798160803924993,1.8649298423539924,18.818240213672187,58.333333333333336,15,2026-01-09 00:00:00,2026-08-10 00:00:00,5007.4,0.08185115853429943,0.03513907690035971,16.381091047953106,22.829688308218728,3.4518488722026714,12.929242175750433,0.07640670584508262,18.818240213672187,50.0,True
M1719,1719,8,SIZE+H03+TURN+DD120+CHIP250+BM+ASSET_GROWTH+RESVOL,B01+B02+B04+B05+B08+B10+B11,7,0.7509391876147649,0.1724861247775682,False,True,17.272782630793042,17.384693407445873,17.125963541189346,-3.072015928275455,-8.84843008871821,-5.144891662801335,120,2021-09-07 00:00:00,2026-08-10 00:00:00,4418.283333333334,0.11238608282805033,0.06635740416999325,15.444782859966441,22.90814141255575,3.4637109815784295,11.981071878388011,0.8501307536858821,28.3766962225361,65.0,73,2021-09-07 00:00:00,2024-08-28 00:00:00,4111.109589041096,0.12130279193572388,0.08607358546126476,17.532757826673134,22.0369783343621,3.3319911241555493,14.200766702517587,0.33738799744412395,28.3766962225361,72.22222222222221,47,2024-09-11 00:00:00,2026-08-10 00:00:00,4895.382978723404,0.09853672612889783,0.03573439918567794,12.201757911677314,24.242689106809852,3.6654945929496496,8.536263318727663,1.6140034778346721,21.478379363332234,54.166666666666664,15,2026-01-09 00:00:00,2026-08-10 00:00:00,5010.4,0.07032087859917684,0.012046073021974043,6.716999926376542,21.872865170186834,3.3071772137322495,3.4098227126442926,-0.31843568411422324,21.478379363332213,50.0,True
M1103,1103,6,SIZE+H03+TURN+RET40+EVEBITDA+RESVOL,B01+B02+B03+B07+B11,5,0.7509391876147649,0.1614081889369902,False,True,17.272782630793042,17.384693407445873,17.125963541189346,-3.168283203687931,-2.184776096363498,-2.5933197515227917,120,2021-09-07 00:00:00,2026-08-10 00:00:00,4416.175,0.10970146058142603,0.06969578721831861,18.246168461010274,24.56034835544787,3.713524671343718,14.532643789666555,0.9184943491388916,33.62007751645537,75.0,73,2021-09-07 00:00:00,2024-08-28 00:00:00,4109.534246575343,0.11392851397478025,0.08261701327043343,17.710707058890755,23.850579575301875,3.6062076317856433,14.104499427105111,0.3172358365926816,33.62007751645537,80.55555555555556,47,2024-09-11 00:00:00,2026-08-10 00:00:00,4892.446808510638,0.10313603722579076,0.049626648882055216,19.07784255366399,25.647653720777896,3.8779252425816173,15.199917311082375,1.886014396011991,18.53480171203795,66.66666666666666,15,2026-01-09 00:00:00,2026-08-10 00:00:00,5007.4,0.08679521553736205,0.03820482128268739,14.566232566319457,22.95138617162929,3.470249589150349,11.095982977169108,0.007236910430491857,18.53480171203795,62.5,True
M1347,1347,5,SIZE+H03+EVEBITDA+DD60+RESVOL,B01+B07+B09+B11,4,0.7509391876147649,0.21295347294376196,False,True,17.272782630793042,17.384693407445873,17.125963541189346,-3.1873610144156608,-1.672361980548942,-2.405073042881554,120,2021-09-07 00:00:00,2026-08-10 00:00:00,4416.175,0.08159083958826215,0.056331290464010975,18.122728733911327,22.498930129652987,3.401838235603532,14.720890498307792,0.8907355468768922,32.6998429328078,71.66666666666667,73,2021-09-07 00:00:00,2024-08-28 00:00:00,4109.534246575343,0.08066150806670697,0.06434785679630413,17.27876458921187,21.119993206577302,3.1933429728344884,14.085421616377381,0.3027105468457335,32.6998429328078,77.77777777777779,47,2024-09-11 00:00:00,2026-08-10 00:00:00,4892.446808510638,0.08303426939833722,0.04388002786278969,19.43356666078495,24.611344139471047,3.721235233888022,15.712331426896931,1.8502683876732393,18.479651192897617,62.5,15,2026-01-09 00:00:00,2026-08-10 00:00:00,5007.4,0.07029074716444236,0.030915284073127425,17.110388335760263,21.994699602238114,3.3255985798584033,13.78478975590186,0.10881139759507633,18.479651192897595,62.5,True
M1051,1051,5,SIZE+H03+RET40+DD120+RESVOL,B01+B03+B04+B11,4,0.7509391876147649,0.216510970941509,False,True,17.272782630793042,17.384693407445873,17.125963541189346,-3.3699460093654245,-1.633058138384028,-2.501005960574613,120,2021-09-07 00:00:00,2026-08-10 00:00:00,4422.416666666667,0.11318319244435744,0.07034975827512371,19.591347829115318,32.84649635251709,4.966390248500585,14.624957580614733,0.8907053316463693,31.59786514226469,78.33333333333333,73,2021-09-07 00:00:00,2024-08-28 00:00:00,4115.287671232877,0.11424221335567365,0.08360339872279413,18.630205533573925,31.265667408375048,4.727368912146307,13.902836621427618,0.297192742124159,31.59786514226469,83.33333333333334,47,2024-09-11 00:00:00,2026-08-10 00:00:00,4899.446808510638,0.11153833017784501,0.049764316728742035,21.084185862615787,35.268191756309136,5.3325505935539415,15.751635269061845,1.8682280309272152,20.56890881136927,70.83333333333334,15,2026-01-09 00:00:00,2026-08-10 00:00:00,5014.4,0.08630328179496197,0.030853808524448308,14.926035792968664,32.38735556510651,4.896968161444105,10.029067631524558,-0.034013048755215006,20.56890881136927,62.5,True
M1611,1611,6,SIZE+H03+RET40+EVEBITDA+ASSET_GROWTH+RESVOL,B01+B03+B07+B10+B11,5,0.7509391876147649,0.1375555828325324,False,True,17.272782630793042,17.384693407445873,17.125963541189346,-3.6055333648396513,-2.6256543301814492,-3.0321121682627137,120,2021-09-07 00:00:00,2026-08-10 00:00:00,4416.15,0.08914355310228081,0.05699190971799381,17.295643862943336,21.175876256724226,3.201792490016703,14.093851372926633,0.8790635067694407,34.343137866563346,68.33333333333333,73,2021-09-07 00:00:00,2024-08-28 00:00:00,4109.534246575343,0.09407209643485062,0.06927348810577158,16.74717346114029,20.36986901578636,3.0799241951868974,13.66724926595339,0.29372153123183586,34.343137866563346,75.0,47,2024-09-11 00:00:00,2026-08-10 00:00:00,4892.382978723404,0.08148858154318303,0.037916266690168746,18.147523423190616,22.410610753480114,3.388484345926193,14.759039077264424,1.8171342407537376,18.663927630335042,58.333333333333336,15,2026-01-09 00:00:00,2026-08-10 00:00:00,5007.4,0.06597238356412329,0.022854859051558596,14.632423674973923,19.969660374391456,3.0194126486079886,11.613011026365935,0.027017233268684288,18.663927630335063,62.5,True
M1055,1055,6,SIZE+H03+TURN+RET40+DD120+RESVOL,B01+B02+B03+B04+B11,5,0.7509391876147649,0.20918249520257773,False,True,17.272782630793042,17.384693407445873,17.125963541189346,-3.830783322075753,-1.6866354920419582,-2.8021924763956942,120,2021-09-07 00:00:00,2026-08-10 00:00:00,4422.416666666667,0.11967988976208768,0.07518407273818732,19.211706343738022,32.3276142787326,4.887935278944369,14.323771064793652,0.8991546162700803,31.08817750167121,80.0,73,2021-09-07 00:00:00,2024-08-28 00:00:00,4115.287671232877,0.12240630924271763,0.08977067788459306,18.10779080255389,30.858409350771154,4.665791493836599,13.441999308717289,0.28842464715842436,31.08817750167121,83.33333333333334,47,2024-09-11 00:00:00,2026-08-10 00:00:00,4899.446808510638,0.11544523822834334,0.05252828176611032,20.92629856727934,34.578311189652275,5.228240651875423,15.698057915403915,1.9007968284015233,20.602271988143407,75.0,15,2026-01-09 00:00:00,2026-08-10 00:00:00,5014.4,0.08770480141350873,0.03413790305333533,13.478273329228882,31.603294878564427,4.778418185638941,8.699855143589941,-0.08530448406555242,20.602271988143382,62.5,True
M1643,1643,7,SIZE+H03+RET40+CHIP250+EVEBITDA+ASSET_GROWTH+RESVOL,B01+B03+B05+B07+B10+B11,6,0.7509391876147649,0.1462844679725052,False,True,17.272782630793042,17.384693407445873,17.125963541189346,-3.988789004625527,-1.807037809941404,-2.9446469924829834,120,2021-09-07 00:00:00,2026-08-10 00:00:00,4416.15,0.09921007620463422,0.06069849144641395,17.87599914233813,24.435731439363543,3.694682593631768,14.181316548706363,0.8663898343696791,33.769278364342206,68.33333333333333,73,2021-09-07 00:00:00,2024-08-28 00:00:00,4109.534246575343,0.1031363612753971,0.07443896173060027,16.8553142716242,23.61984553873468,3.5713206454566833,13.283993626167515,0.27688449514047203,33.769278364342206,75.0,47,2024-09-11 00:00:00,2026-08-10 00:00:00,4892.382978723404,0.0931118036479174,0.03935690994118835,19.46131819685126,25.685599202029042,3.8836625993467906,15.577655597504469,1.8021677479719802,20.364115245272785,58.333333333333336,15,2026-01-09 00:00:00,2026-08-10 00:00:00,5007.4,0.06416727923296763,0.014947452880050971,12.933992763613011,23.07067343662646,3.4882858236179204,9.445706939995091,-0.056125595823198114,20.364115245272806,50.0,True
M3815,3815,9,SIZE+H03+TURN+CHIP250+EVEBITDA+BM+ASSET_GROWTH+RESVOL+SP,B01+B02+B05+B07+B08+B10+B11+B12,8,0.7509391876147649,0.16308694556169728,False,True,17.272782630793042,17.384693407445873,17.125963541189346,-4.185929931383754,-10.338810237592687,-6.405528790196971,120,2021-09-07 00:00:00,2026-08-10 00:00:00,4415.125,0.10187493312709524,0.05821245288143713,13.061554814788536,15.483598305530178,2.3411200637961627,10.720434750992375,0.8451425384445596,29.051096323244906,61.66666666666667,73,2021-09-07 00:00:00,2024-08-28 00:00:00,4108.821917808219,0.11295563024255818,0.07715579461837452,15.383386842312024,15.18871787634085,2.296534142902736,13.086852699409288,0.31941923132424416,29.051096323244906,72.22222222222221,47,2024-09-11 00:00:00,2026-08-10 00:00:00,4890.872340425532,0.08466448867116343,0.028789815715555674,9.455305069911619,15.935330026841497,2.409421900058434,7.045883169853186,1.5838254909316865,21.391560214203675,45.83333333333333,15,2026-01-09 00:00:00,2026-08-10 00:00:00,5006.4,0.07079569103389304,0.013951119716622948,5.2573651162579855,14.316803113956796,2.164700630830268,3.092664485427718,-0.34204754533335074,21.391560214203697,50.0,True
M0295,295,5,SIZE+H03+TURN+CHIP250+DD60,B01+B02+B05+B09,4,0.7509391876147649,0.23316978741237163,False,True,17.272782630793042,17.384693407445873,17.125963541189346,-4.224110046421655,-1.7752371848758948,-3.0746204417309198,120,2021-09-07 00:00:00,2026-08-10 00:00:00,4422.416666666667,0.1000343370128348,0.0669282039341054,18.843482235240394,31.694041903319885,4.792139135781967,14.051343099458427,0.8487504265794145,31.2026024902011,71.66666666666667,73,2021-09-07 00:00:00,2024-08-28 00:00:00,4115.287671232877,0.0968314146483905,0.07573955142815973,17.804442535264243,31.453504966222578,4.755769950892854,13.048672584371387,0.26083064252861526,31.2026024902011,72.22222222222221,47,2024-09-11 00:00:00,2026-08-10 00:00:00,4899.446808510638,0.10500908877037599,0.05324249399653164,20.45730985435229,32.06252401972428,4.847853631782311,15.609456222569978,1.8228945960552692,20.77585033088899,70.83333333333334,15,2026-01-09 00:00:00,2026-08-10 00:00:00,5014.4,0.06417868296902011,0.02408390027771985,9.374109851178089,28.44366813836295,4.300682622520478,5.073427228657611,-0.22717398716475076,20.775850330888968,62.5,True
M3703,3703,9,SIZE+H03+TURN+DD120+CHIP250+EVEBITDA+ASSET_GROWTH+RESVOL+SP,B01+B02+B04+B05+B07+B10+B11+B12,8,0.7509391876147649,0.15542518706652303,False,True,17.272782630793042,17.384693407445873,17.125963541189346,-4.2305085947983,-6.62511717412395,-4.978765701475869,120,2021-09-07 00:00:00,2026-08-10 00:00:00,4415.125,0.10055225911656433,0.062275600900196904,15.36960247820284,21.31219999000901,3.2224046384893623,12.147197839713478,0.8331398824842099,30.740314277702286,65.0,73,2021-09-07 00:00:00,2024-08-28 00:00:00,4108.821917808219,0.10648519811352612,0.07849521124321344,16.142331846354793,20.50302784629664,3.1000578103600516,13.042274035994742,0.2848543614322804,30.740314277702286,72.22222222222221,47,2024-09-11 00:00:00,2026-08-10 00:00:00,4890.872340425532,0.09133726875958113,0.03708344015466056,14.169405800009377,22.551782848461997,3.409829566687454,10.759576233321923,1.6643070367917234,21.7534177939076,54.166666666666664,15,2026-01-09 00:00:00,2026-08-10 00:00:00,5006.4,0.058889126136753414,0.009871065118840705,6.115235450784199,19.506925402980986,2.949447120930725,3.1657883298534735,-0.3239865308850688,21.7534177939076,50.0,True
M0103,103,5,SIZE+H03+TURN+CHIP250+EVEBITDA,B01+B02+B05+B07,4,0.7509391876147649,0.21337960350410773,False,True,17.272782630793042,17.384693407445873,17.125963541189346,-4.281909946008069,-0.7713917629439386,-2.715948138810731,120,2021-09-07 00:00:00,2026-08-10 00:00:00,4416.175,0.08833149611929987,0.06075002863615075,17.38382252653741,19.66803653544178,2.9738071241587973,14.410015402378615,0.872991919414584,32.03663126408354,71.66666666666667,73,2021-09-07 00:00:00,2024-08-28 00:00:00,4109.534246575343,0.08735941487676192,0.0687840898919604,16.00764481348397,19.95219661837961,3.016772128698997,12.990872684784973,0.2653197466813192,32.03663126408354,77.77777777777779,47,2024-09-11 00:00:00,2026-08-10 00:00:00,4892.446808510638,0.08984132443217802,0.04827159306861659,19.521290038301277,19.232727472217874,2.907988393799343,16.613301644501934,1.8514514338003385,19.099985921160822,62.5,15,2026-01-09 00:00:00,2026-08-10 00:00:00,5007.4,0.055891462681804685,0.02252823728917867,9.999665276414937,16.5113582710254,2.4965173705790407,7.503147905835897,-0.13556440654548974,19.099985921160854,62.5,True
M0583,583,5,SIZE+H03+TURN+EVEBITDA+ASSET_GROWTH,B01+B02+B07+B10,4,0.7509391876147649,0.18615997067475692,False,True,17.272782630793042,17.384693407445873,17.125963541189346,-4.388606277542596,-2.137135271251095,-3.3145351310327644,120,2021-09-07 00:00:00,2026-08-10 00:00:00,4416.15,0.06885233323068718,0.050539319992037514,16.060637783183317,14.875723366578947,2.249209373026737,13.811428410156582,0.8736334062766967,33.63860412859007,71.66666666666667,73,2021-09-07 00:00:00,2024-08-28 00:00:00,4109.534246575343,0.07233746744765242,0.0584655906272144,15.324688756629612,16.140955048804006,2.4405124033791656,12.884176353250446,0.2669771394848325,33.63860412859007,77.77777777777779,47,2024-09-11 00:00:00,2026-08-10 00:00:00,4892.382978723404,0.0634392524256135,0.0382283038991032,17.20370754783056,12.937496108702264,1.9561494116357825,15.247558136194778,1.8589953115160966,18.590818362359407,62.5,15,2026-01-09 00:00:00,2026-08-10 00:00:00,5007.4,0.04352898408659384,0.020508297335362104,13.963573709648184,11.667346523881012,1.764102794410809,12.199470915237374,0.05341329422945999,18.590818362359418,75.0,True
M0047,47,5,SIZE+H03+TURN+RET40+CHIP250,B01+B02+B03+B05,4,0.7509391876147649,0.27680613166898616,False,True,17.272782630793042,17.384693407445873,17.125963541189346,-4.455378908251683,-1.5104415150960566,-3.1113740575488773,120,2021-09-07 00:00:00,2026-08-10 00:00:00,4422.416666666667,0.11038465891136084,0.07096217293231608,18.93051367348509,32.51272612331099,4.915924189844622,14.014589483640469,0.8586029613377002,32.744144182752066,71.66666666666667,73,2021-09-07 00:00:00,2024-08-28 00:00:00,4115.287671232877,0.10999360364480909,0.08221177134244755,17.723755263281728,32.44941495198658,4.906351540740371,12.817403722541359,0.2560630606663662,32.744144182752066,75.0,47,2024-09-11 00:00:00,2026-08-10 00:00:00,4899.446808510638,0.11099204262323911,0.05348939242296297,20.80484056592861,32.609713449595205,4.930588673578794,15.874251892349816,1.8658017569014531,20.605244746167006,66.66666666666666,15,2026-01-09 00:00:00,2026-08-10 00:00:00,5014.4,0.07395889287620204,0.028541035828440663,10.978105013731449,30.67311976242964,4.637775708079362,6.340329305652088,-0.1758501863411944,20.60524474616704,50.0,True
M1783,1783,9,SIZE+H03+TURN+DD120+CHIP250+EVEBITDA+BM+ASSET_GROWTH+RESVOL,B01+B02+B04+B05+B07+B08+B10+B11,8,0.7509391876147649,0.164822458130558,False,True,17.272782630793042,17.384693407445873,17.125963541189346,-4.54932738165564,-7.289077777086021,-5.432893551203309,120,2021-09-07 00:00:00,2026-08-10 00:00:00,4416.15,0.10530447807939808,0.06343947810487023,14.941637481630845,21.48523473310058,3.2485674916448075,11.693069989986038,0.8179459692052211,30.76074087441445,66.66666666666666,73,2021-09-07 00:00:00,2024-08-28 00:00:00,4109.534246575343,0.11269172055818953,0.08100552938917724,15.834253725162956,20.57406399487799,3.110798476025552,12.723455249137402,0.27409161852628916,30.76074087441445,75.0,47,2024-09-11 00:00:00,2026-08-10 00:00:00,4892.382978723404,0.09383067593148794,0.03615603674839339,13.555233528910751,22.881070757611774,3.4596178985509,10.095615630359852,1.6390978818540396,21.673182632101316,54.166666666666664,15,2026-01-09 00:00:00,2026-08-10 00:00:00,5007.4,0.06466886258228707,0.01132362907269228,5.7810171545499065,20.330323373282013,3.0739448940402405,2.707072260509666,-0.34163188115084486,21.673182632101295,50.0,True
M0527,527,5,SIZE+H03+TURN+RET40+ASSET_GROWTH,B01+B02+B03+B10,4,0.7509391876147649,0.18060530922043683,False,True,17.272782630793042,17.384693407445873,17.125963541189346,-4.599435263250895,-1.3205287779850714,-3.124259640354211,120,2021-09-07 00:00:00,2026-08-10 00:00:00,4422.391666666666,0.10104112561992167,0.06673699460040396,18.26311420563487,28.183930587299827,4.2614103047997345,14.001703900835135,0.8748130393984888,33.07417447627712,71.66666666666667,73,2021-09-07 00:00:00,2024-08-28 00:00:00,4115.287671232877,0.10573095131968036,0.07891180540218366,16.969130357323696,28.411263159930876,4.295782989781548,12.673347367542148,0.2583683935696114,33.07417447627712,77.77777777777779,47,2024-09-11 00:00:00,2026-08-10 00:00:00,4899.382978723404,0.09375692825646668,0.0478271820784908,20.272918906203287,27.83567643348206,4.2087542767424875,16.0641646294608,1.8818435846719803,18.619082971347844,62.5,15,2026-01-09 00:00:00,2026-08-10 00:00:00,5014.4,0.06818536024867818,0.028479554095476943,15.287249140129418,26.076398728537786,3.9427514877549132,11.344497652374505,0.01542266363327611,18.619082971347844,75.0,True
M0615,615,6,SIZE+H03+TURN+CHIP250+EVEBITDA+ASSET_GROWTH,B01+B02+B05+B07+B10,5,0.7509391876147649,0.17388251016398562,False,True,17.272782630793042,17.384693407445873,17.125963541189346,-4.745539850127891,-1.2486283221741807,-3.1842206508963145,120,2021-09-07 00:00:00,2026-08-10 00:00:00,4416.15,0.08248922643876556,0.056177146046758386,16.76993638681744,18.704983442621753,2.828193496524409,13.941742890293032,0.8556672236653029,33.23212222591321,68.33333333333333,73,2021-09-07 00:00:00,2024-08-28 00:00:00,4109.534246575343,0.08477298559540324,0.06602341965019164,15.480801116028179,19.53411597462319,2.953558335363026,12.527242780665151,0.25000649740971953,33.23212222591321,75.0,47,2024-09-11 00:00:00,2026-08-10 00:00:00,4892.382978723404,0.07894211115292409,0.040883997683979066,18.772210318043324,17.434822968066356,2.636145232771633,16.136065085271692,1.8228274641812026,18.69479418123109,58.333333333333336,15,2026-01-09 00:00:00,2026-08-10 00:00:00,5007.4,0.04504248599851831,0.012808339910505619,8.0425488180802,14.95417283159357,2.2610709321369478,5.781477885943251,-0.21271477600414784,18.6947941812311,62.5,True
M1115,1115,6,SIZE+H03+RET40+DD120+EVEBITDA+RESVOL,B01+B03+B04+B07+B11,5,0.7509391876147649,0.18805062882657358,False,True,17.272782630793042,17.384693407445873,17.125963541189346,-4.88406262257848,-2.118408631646984,-3.611920143686673,120,2021-09-07 00:00:00,2026-08-10 00:00:00,4416.175,0.10043796671184942,0.06447724827405962,17.90602813630226,29.047518113753874,4.391984738799586,13.514043397502673,0.8455454752994919,33.37608395521894,75.0,73,2021-09-07 00:00:00,2024-08-28 00:00:00,4109.534246575343,0.09992420042409028,0.07504012922096545,16.573967385124636,27.68020751924651,4.185247376910072,12.388720008214563,0.2455665148813744,33.37608395521894,77.77777777777779,47,2024-09-11 00:00:00,2026-08-10 00:00:00,4892.446808510638,0.10123594413751784,0.04807107148418458,19.97497355834411,31.142121577680044,4.708688782545223,15.266284775798889,1.8174127693653512,19.248000746178683,70.83333333333334,15,2026-01-09 00:00:00,2026-08-10 00:00:00,5007.4,0.07509892638502776,0.027693755938884665,15.210123615254718,28.04684253785265,4.240682591723321,10.969441023531395,0.002207534942846021,19.248000746178707,62.5,True
M1859,1859,6,SIZE+H03+EVEBITDA+DD60+ASSET_GROWTH+RESVOL,B01+B07+B09+B10+B11,5,0.7509391876147649,0.17259792606641525,False,True,17.272782630793042,17.384693407445873,17.125963541189346,-4.884197315446961,-3.471194304578429,-4.1408198193738475,120,2021-09-07 00:00:00,2026-08-10 00:00:00,4416.15,0.07312895949859517,0.050431592849256586,16.20795211393714,21.314870318264838,3.222808392121643,12.985143721815499,0.8282829752253867,34.921717820980646,68.33333333333333,73,2021-09-07 00:00:00,2024-08-28 00:00:00,4109.534246575343,0.07514333719246995,0.06004338654819418,15.527454470293684,20.759716633251347,3.138869154947603,12.38858531534608,0.24525122910739997,34.921717820980646,77.77777777777779,47,2024-09-11 00:00:00,2026-08-10 00:00:00,4892.382978723404,0.07000024520810881,0.03550263667856627,17.26489526257485,22.16531851658338,3.3513961597074067,13.913499102867444,1.7706055141957657,18.50206867982873,54.166666666666664,15,2026-01-09 00:00:00,2026-08-10 00:00:00,5007.4,0.054218305652306835,0.01833556108338409,14.231323497996975,19.39916079294562,2.9331531118933776,11.298170386103598,0.014972741931921909,18.502068679828742,50.0,True
M0079,79,5,SIZE+H03+TURN+RET40+EVEBITDA,B01+B02+B03+B07,4,0.7509391876147649,0.18541567509320106,False,True,17.272782630793042,17.384693407445873,17.125963541189346,-5.059830840359629,0.2615786670903333,-2.784762766795458,120,2021-09-07 00:00:00,2026-08-10 00:00:00,4416.175,0.09472069947098251,0.06489953160228508,18.525375306226955,27.673111983022924,4.184174531833066,14.341200774393888,0.8735734553732881,34.23339955126882,75.0,73,2021-09-07 00:00:00,2024-08-28 00:00:00,4109.534246575343,0.09432536140929951,0.07246731968797117,16.42095104469223,27.830682898537162,4.2079992542588185,12.212951790433413,0.23906528902895527,34.23339955126882,80.55555555555556,47,2024-09-11 00:00:00,2026-08-10 00:00:00,4892.446808510638,0.09533473518380929,0.05314530755430457,21.793949159248967,27.431726750745778,4.147677084712761,17.646272074536206,1.9157875693304216,18.14470020966442,66.66666666666666,15,2026-01-09 00:00:00,2026-08-10 00:00:00,5007.4,0.07104703751602187,0.036461881385659194,16.82346707152511,25.65051104338867,3.8783572697603663,12.945109801764742,0.07852040966717642,18.14470020966442,75.0,True
M0587,587,5,SIZE+H03+RET40+EVEBITDA+ASSET_GROWTH,B01+B03+B07+B10,4,0.7509391876147649,0.16141589613727353,False,True,17.272782630793042,17.384693407445873,17.125963541189346,-5.0733693372978514,-0.9370596569474117,-3.2633746647296515,120,2021-09-07 00:00:00,2026-08-10 00:00:00,4873.033333333334,0.07109956672267378,0.05002411392149483,17.15863135575667,21.7992227466731,3.2960424792969727,13.862588876459695,0.8170756325248107,35.735711337455115,71.66666666666667,73,2021-09-07 00:00:00,2024-08-28 00:00:00,4739.315068493151,0.07156250080249739,0.05683108550655632,15.410164249379413,21.235125369604653,3.2107509558842238,12.19941329349519,0.20034162532495114,35.735711337455115,77.77777777777779,47,2024-09-11 00:00:00,2026-08-10 00:00:00,5080.723404255319,0.07038054144975626,0.03945158358725038,19.87433558481071,22.663371920054548,3.4267018343122477,16.44763375049846,1.8164421025382849,18.414916428274395,62.5,15,2026-01-09 00:00:00,2026-08-10 00:00:00,5116.866666666667,0.04726667140195784,0.019638506937655387,15.224621582339962,21.23023820022926,3.2100120158746646,12.014609566465298,0.036839683217460006,18.414916428274395,75.0,True
M0711,711,6,SIZE+H03+TURN+EVEBITDA+BM+ASSET_GROWTH,B01+B02+B07+B08+B10,5,0.7509391876147649,0.15554800449212544,False,True,17.272782630793042,17.384693407445873,17.125963541189346,-5.3403205114760155,-2.9597613603907416,-4.215883776970816,120,2021-09-07 00:00:00,2026-08-10 00:00:00,4416.15,0.08148719806301905,0.05381403317636029,15.217664773250567,15.26180561529126,2.3075850090320387,12.91007976421853,0.8633805837710032,33.40477853146958,68.33333333333333,73,2021-09-07 00:00:00,2024-08-28 00:00:00,4109.534246575343,0.08930534239076203,0.06646152280787711,14.408077912838438,16.373120327522564,2.4756157935214116,11.932462119317027,0.245531894707669,33.40477853146958,75.0,47,2024-09-11 00:00:00,2026-08-10 00:00:00,4892.382978723404,0.06934412283056715,0.034170059918898016,16.475108194741747,13.559366056128418,2.0501761476866167,14.424932047055131,1.8141142795761211,17.376240297892977,58.333333333333336,15,2026-01-09 00:00:00,2026-08-10 00:00:00,5007.4,0.05679318407964148,0.020910812410069222,13.275626641605118,12.359643740661092,1.8687781335879572,11.40684850801716,0.02072483347249347,17.376240297892988,62.5,True
M0203,203,5,SIZE+H03+RET40+EVEBITDA+BM,B01+B03+B07+B08,4,0.7509391876147649,0.1579223044082239,False,True,17.272782630793042,17.384693407445873,17.125963541189346,-5.402344340055928,-1.9268750353430875,-3.850567435416636,120,2021-09-07 00:00:00,2026-08-10 00:00:00,4873.058333333333,0.09015516552032188,0.057537324769535866,17.2051342008831,25.990331316867664,3.929738095110391,13.27539610577271,0.8179402261088011,32.57716048695573,73.33333333333333,73,2021-09-07 00:00:00,2024-08-28 00:00:00,4739.315068493151,0.09086695820369017,0.06712534375197186,15.788250365932175,25.91145552377685,3.9178120751950596,11.870438290737114,0.19762759243584915,32.57716048695573,80.55555555555556,47,2024-09-11 00:00:00,2026-08-10 00:00:00,5080.787234042553,0.08904961518232432,0.04264529528617781,19.405826114743046,26.111162319049342,3.9480077426402604,15.457818372102786,1.7851001229119328,18.662174307910064,62.5,15,2026-01-09 00:00:00,2026-08-10 00:00:00,5116.866666666667,0.07646712860332566,0.03184386930204928,15.956689564072816,25.12244060764744,3.798513019876293,12.158176544196522,0.043169962589125956,18.66217430791005,50.0,True
M0591,591,6,SIZE+H03+TURN+RET40+EVEBITDA+ASSET_GROWTH,B01+B02+B03+B07+B10,5,0.7509391876147649,0.1559818793459134,False,True,17.272782630793042,17.384693407445873,17.125963541189346,-5.4039265030465184,-0.371025549385962,-3.2416082674921665,120,2021-09-07 00:00:00,2026-08-10 00:00:00,4416.15,0.08807346652633961,0.05991379851693893,17.6139024438995,24.666317263242867,3.7295471702023213,13.88435527369718,0.8573202566962348,35.139310330654396,71.66666666666667,73,2021-09-07 00:00:00,2024-08-28 00:00:00,4109.534246575343,0.09081391720856274,0.06929341843593007,15.652149487298509,25.021781478518424,3.7832933595519855,11.868856127746524,0.22894614800702615,35.139310330654396,77.77777777777779,47,2024-09-11 00:00:00,2026-08-10 00:00:00,4892.382978723404,0.08381702184969518,0.04534545268531441,20.66088044032232,24.121776337714344,3.6472125822624086,17.01366785805991,1.866927695732924,18.20607902810544,62.5,15,2026-01-09 00:00:00,2026-08-10 00:00:00,5007.4,0.05808419254490527,0.025147756140673532,13.655411319933517,21.96647513868731,3.321331040969521,10.334080278963995,-0.022609476999889754,18.206079028105403,75.0,True
M0715,715,6,SIZE+H03+RET40+EVEBITDA+BM+ASSET_GROWTH,B01+B03+B07+B08+B10,5,0.7509391876147649,0.1418584236997686,False,True,17.272782630793042,17.384693407445873,17.125963541189346,-5.563841426400483,-1.722526937769615,-3.869201071584241,120,2021-09-07 00:00:00,2026-08-10 00:00:00,4873.033333333334,0.08378479911414659,0.053475007976653346,16.591935327968617,22.058021550023245,3.335172858363515,13.256762469605105,0.8178004595468321,34.955038242552185,70.0,73,2021-09-07 00:00:00,2024-08-28 00:00:00,4739.315068493151,0.0889311072781348,0.06543906912974314,14.981078419927316,21.641119150362147,3.2721372155347566,11.70894120439256,0.1929699472933168,34.955038242552185,75.0,47,2024-09-11 00:00:00,2026-08-10 00:00:00,5080.723404255319,0.07579159707220748,0.034892530015471324,19.09390456811787,22.696680545248764,3.431738098441613,15.662166469676258,1.7801129273542975,18.415440349398303,62.5,15,2026-01-09 00:00:00,2026-08-10 00:00:00,5116.866666666667,0.06063451361717034,0.020103688772425594,14.979998029035627,21.85457946415147,3.3044124149797023,11.675585614055924,0.024844932178203535,18.415440349398292,50.0,True
M3831,3831,10,SIZE+H03+TURN+DD120+CHIP250+EVEBITDA+BM+ASSET_GROWTH+RESVOL+SP,B01+B02+B04+B05+B07+B08+B10+B11+B12,9,0.7509391876147649,0.1655641334914362,False,True,17.272782630793042,17.384693407445873,17.125963541189346,-5.677833406961408,-10.290012217861118,-7.294352269915667,120,2021-09-07 00:00:00,2026-08-10 00:00:00,4415.125,0.10438687696640515,0.06078265594871214,12.896261175578044,20.268848573441563,3.064649904304364,9.83161127127368,0.7866279849287086,28.799940625666675,63.33333333333333,73,2021-09-07 00:00:00,2024-08-28 00:00:00,4108.821917808219,0.11318965734909774,0.07956022335721559,14.571642430784957,19.68712438461192,2.976693206953322,11.594949223831634,0.2487908558441662,28.799940625666675,72.22222222222221,47,2024-09-11 00:00:00,2026-08-10 00:00:00,4890.872340425532,0.0907144733932869,0.03161749805890891,10.294073268554547,21.160000522286982,3.199392078969791,7.094681189584755,1.5634405262593412,21.95218242891488,50.0,15,2026-01-09 00:00:00,2026-08-10 00:00:00,5006.4,0.06614570474823941,0.009791273527808715,4.5561958097633,18.920575648073328,2.860791037988687,1.6954047717746126,-0.4027568560326015,21.95218242891488,50.0,True
M4071,4071,10,SIZE+H03+TURN+CHIP250+EVEBITDA+BM+DD60+ASSET_GROWTH+RESVOL+SP,B01+B02+B05+B07+B08+B09+B10+B11+B12,9,0.7509391876147649,0.15921038920036398,False,True,17.272782630793042,17.384693407445873,17.125963541189346,-5.8888312634055,-10.90292498664342,-7.662501934275676,120,2021-09-07 00:00:00,2026-08-10 00:00:00,4415.125,0.10549622269905243,0.061320772911399694,12.888777167070224,22.65420344018884,3.4253155601565526,9.46346160691367,0.7718460141583221,29.4220839365808,60.0,73,2021-09-07 00:00:00,2024-08-28 00:00:00,4108.821917808219,0.1135538346249686,0.07931267187476042,14.75309416017885,22.28269042851393,3.369142792791307,11.383951367387542,0.2408140798845822,29.4220839365808,66.66666666666666,47,2024-09-11 00:00:00,2026-08-10 00:00:00,4890.872340425532,0.0929812084311401,0.03337590856405221,9.99313587990151,23.22332975594614,3.5113674590990565,6.481768420802453,1.5357421866041783,22.03521200597813,50.0,15,2026-01-09 00:00:00,2026-08-10 00:00:00,5006.4,0.0719295785346233,0.014197646604921156,5.842851264881382,20.985064061554695,3.1729416861070696,2.6699095787743126,-0.3499707872226913,22.035212005978146,50.0,True
M0707,707,5,SIZE+H03+EVEBITDA+BM+ASSET_GROWTH,B01+B07+B08+B10,4,0.7509391876147649,0.19403838865743203,False,True,17.272782630793042,17.384693407445873,17.125963541189346,-6.031103682741406,-4.635144428566321,-5.293441355773179,120,2021-09-07 00:00:00,2026-08-10 00:00:00,4873.033333333334,0.05973042978115548,0.04157898118187652,13.08564276197426,8.28783450104558,1.2531205765580917,11.832522185416167,0.7910345023254838,34.38771626805435,63.33333333333333,73,2021-09-07 00:00:00,2024-08-28 00:00:00,4739.315068493151,0.06533494976314122,0.05163786786259487,12.526096559441646,8.494825472156158,1.2844176113900112,11.241678948051636,0.18116000301184143,34.38771626805435,69.44444444444444,47,2024-09-11 00:00:00,2026-08-10 00:00:00,5080.723404255319,0.05102553704317763,0.025955603996931007,13.954725161652576,7.970741949557033,1.2051761827730234,12.749548978879552,1.7251663191512032,17.217438405434258,54.166666666666664,15,2026-01-09 00:00:00,2026-08-10 00:00:00,5116.866666666667,0.04357209254930695,0.01463802131137525,12.393003854167391,8.537370827374765,1.2908504690990645,11.102153385068329,0.0025017166015254793,17.217438405434258,62.5,True
M1791,1791,10,SIZE+H03+TURN+RET40+DD120+CHIP250+EVEBITDA+BM+ASSET_GROWTH+RESVOL,B01+B02+B03+B04+B05+B07+B08+B10+B11,9,0.7509391876147649,0.17097255748476994,False,True,17.272782630793042,17.384693407445873,17.125963541189346,-6.061321788185657,-6.233494720505428,-5.939312861922311,120,2021-09-07 00:00:00,2026-08-10 00:00:00,4416.15,0.11127239325772399,0.0662466971991189,15.38191598669639,27.746463673474565,4.195265307429354,11.186650679267036,0.7898327863280822,32.356805280268,68.33333333333333,73,2021-09-07 00:00:00,2024-08-28 00:00:00,4109.534246575343,0.11725364976632323,0.08334929020448079,15.26182786554092,26.78814168606835,4.050367022933535,11.211460842607385,0.2174968523773149,32.356805280268,75.0,47,2024-09-11 00:00:00,2026-08-10 00:00:00,4892.382978723404,0.10198235655287836,0.039683095297173794,15.568435834448499,29.214531398862796,4.417237147508055,11.151198686940445,1.6560086318877822,21.511712129611148,58.333333333333336,15,2026-01-09 00:00:00,2026-08-10 00:00:00,5007.4,0.07118893824631868,0.015534631996530428,7.796150075369815,26.583476036798075,4.019421576763869,3.776728498605946,-0.2887955634708298,21.511712129611148,50.0,True
M0327,327,5,SIZE+H03+TURN+EVEBITDA+DD60,B01+B02+B07+B09,4,0.7509391876147649,0.1687357970707058,False,True,17.272782630793042,17.384693407445873,17.125963541189346,-6.072685311155958,-1.5968698579146547,-4.128976025662512,120,2021-09-07 00:00:00,2026-08-10 00:00:00,4416.175,0.0799848085023827,0.058619581758417943,16.978935223172172,26.335632987072355,3.98194770764534,12.996987515526834,0.8221046667297921,34.05949001188312,73.33333333333333,73,2021-09-07 00:00:00,2024-08-28 00:00:00,4109.534246575343,0.07705283571240938,0.06359614772945359,15.185735729027128,26.36004239014579,3.985638409390043,11.200097319637084,0.20307672746207817,34.05949001188312,77.77777777777779,47,2024-09-11 00:00:00,2026-08-10 00:00:00,4892.446808510638,0.08453872368680931,0.050890021845958304,19.764117416205952,26.29823985895988,3.9762938666747343,15.787823549531218,1.841527690441449,18.86236358737038,66.66666666666666,15,2026-01-09 00:00:00,2026-08-10 00:00:00,5007.4,0.059841659893105706,0.032111168344595944,16.006313021483642,23.896720893318538,3.6131841990697624,12.393128822413878,0.056615906981206596,18.8623635873704,75.0,True
M1355,1355,6,SIZE+H03+RET40+EVEBITDA+DD60+RESVOL,B01+B03+B07+B09+B11,5,0.7509391876147649,0.19033522548447138,False,True,17.272782630793042,17.384693407445873,17.125963541189346,-6.0867448493235745,-2.9446568427506676,-4.666974641316189,120,2021-09-07 00:00:00,2026-08-10 00:00:00,4416.175,0.09852983858496897,0.06314519609693521,17.3169140466499,32.12913456862924,4.857925146776741,12.458988899873157,0.8086187444093453,34.1651581185793,76.66666666666667,73,2021-09-07 00:00:00,2024-08-28 00:00:00,4109.534246575343,0.09628966075084587,0.07179808035304026,15.860154325079057,30.913469203767125,4.674116543609589,11.186037781469468,0.2052651484740121,34.1651581185793,80.55555555555556,47,2024-09-11 00:00:00,2026-08-10 00:00:00,4892.446808510638,0.1020092637315857,0.049705609911921016,19.57954084823865,33.9914304467159,5.139504283543444,14.440036564695205,1.7831337171005521,18.746381837610915,70.83333333333334,15,2026-01-09 00:00:00,2026-08-10 00:00:00,5007.4,0.08091549388016234,0.03304362405122338,17.218210931004798,31.160572696080763,4.711478591647412,12.506732339357388,0.059970983033703164,18.746381837610937,62.5,True
M1295,1295,6,SIZE+H03+TURN+RET40+DD60+RESVOL,B01+B02+B03+B09+B11,5,0.7509391876147649,0.20444606014818906,False,True,17.272782630793042,17.384693407445873,17.125963541189346,-6.281084810850162,-1.3522241055109134,-4.161501835274754,120,2021-09-07 00:00:00,2026-08-10 00:00:00,4422.416666666667,0.1194407317042192,0.07476138515908337,18.282329216179466,35.17108141709572,5.317867510264873,12.964461705914593,0.8501549011030908,32.124634622319846,78.33333333333333,73,2021-09-07 00:00:00,2024-08-28 00:00:00,4115.287671232877,0.12103543117037432,0.08787588768112793,16.124971993186037,33.95022601351293,5.133274173243155,10.99169781994288,0.2038409649637392,32.124634622319846,83.33333333333334,47,2024-09-11 00:00:00,2026-08-10 00:00:00,4899.446808510638,0.11696385806529741,0.05439205145463124,21.633118094445866,37.04132799279701,5.600648792510907,16.03246930193496,1.9146308742593017,19.98762124755331,70.83333333333334,15,2026-01-09 00:00:00,2026-08-10 00:00:00,5014.4,0.09442349571737686,0.03957248697376315,15.58698397325875,33.944244338020255,5.132369743908663,10.454614229350087,-0.018488698879857157,19.9876212475533,62.5,True
M3839,3839,11,SIZE+H03+TURN+RET40+DD120+CHIP250+EVEBITDA+BM+ASSET_GROWTH+RESVOL+SP,B01+B02+B03+B04+B05+B07+B08+B10+B11+B12,10,0.7509391876147649,0.16851124627219408,False,True,17.272782630793042,17.384693407445873,17.125963541189346,-6.318958078078332,-9.819946828377288,-7.500226209911624,120,2021-09-07 00:00:00,2026-08-10 00:00:00,4415.125,0.1101331365093217,0.06382537857743736,13.558958919813113,26.013370294546228,3.93322158853539,9.625737331277723,0.7667667740749085,29.89171817853551,65.0,73,2021-09-07 00:00:00,2024-08-28 00:00:00,4108.821917808219,0.11756816558744144,0.0821056845344093,14.803244330179469,25.459125512333053,3.8494197774647576,10.95382455271471,0.21993467401084282,29.89171817853551,72.22222222222221,47,2024-09-11 00:00:00,2026-08-10 00:00:00,4890.872340425532,0.09858511262202936,0.03543256294214048,11.626345410095157,26.86242613112812,4.061598831026572,7.564746579068585,1.5664220370876671,22.441963165605404,54.166666666666664,15,2026-01-09 00:00:00,2026-08-10 00:00:00,5006.4,0.07204442647148336,0.013935873496193596,4.242617884016082,24.29494829238265,3.6733961818082563,0.5692217022078255,-0.44301820569832273,22.441963165605394,50.0,True
M0111,111,6,SIZE+H03+TURN+RET40+CHIP250+EVEBITDA,B01+B02+B03+B05+B07,5,0.7509391876147649,0.2119673382268479,False,True,17.272782630793042,17.384693407445873,17.125963541189346,-6.345563809219511,-0.8141051089499882,-3.988607913819939,120,2021-09-07 00:00:00,2026-08-10 00:00:00,4416.175,0.10005842066887988,0.06570545177868442,17.48592679187143,28.76039129961657,4.348571164502025,13.137355627369407,0.8197559067293052,33.779531031917976,70.0,73,2021-09-07 00:00:00,2024-08-28 00:00:00,4109.534246575343,0.09833422690175156,0.07460821595322377,15.253841266229657,28.615227808572264,4.326622444656126,10.92721882157353,0.194059685599715,33.779531031917976,75.0,47,2024-09-11 00:00:00,2026-08-10 00:00:00,4892.446808510638,0.1027364237539941,0.05187775423099566,20.952783033825668,28.982769413556742,4.382194735329779,16.570588298495885,1.8295261230662812,19.7913435509661,62.5,15,2026-01-09 00:00:00,2026-08-10 00:00:00,5007.4,0.06591514532308476,0.026053808204048744,11.260992111736234,26.704269148632864,4.037685495273289,7.2233066164629465,-0.1435430431809121,19.79134355096611,50.0,True
M1803,1803,6,SIZE+H03+RET40+DD60+ASSET_GROWTH+RESVOL,B01+B03+B09+B10+B11,5,0.7509391876147649,0.1682224698353826,False,True,17.272782630793042,17.384693407445873,17.125963541189346,-6.417146528171232,-3.822934284660395,-5.211202183994141,120,2021-09-07 00:00:00,2026-08-10 00:00:00,4422.391666666666,0.10307774895484838,0.06368024269666836,17.020564563864156,33.76853972664649,5.105803206668949,11.914761357195205,0.7997387500119585,34.00420735916693,70.0,73,2021-09-07 00:00:00,2024-08-28 00:00:00,4115.287671232877,0.10518829453703157,0.07633292618547087,15.868687910406413,33.155104548839965,5.013051807784603,10.85563610262181,0.1966750979302313,34.00420735916693,77.77777777777779,47,2024-09-11 00:00:00,2026-08-10 00:00:00,4899.382978723404,0.09979966751869147,0.04402820238427298,18.809649578809168,34.7082702117969,5.247890456023691,13.561759122785478,1.7715057238838785,19.660563887036197,58.333333333333336,15,2026-01-09 00:00:00,2026-08-10 00:00:00,5014.4,0.07768838787036421,0.025231181526836274,16.25670564855971,31.24628391664816,4.724438128197201,11.53226752036251,0.022100902577234148,19.660563887036187,50.0,True
M4087,4087,11,SIZE+H03+TURN+DD120+CHIP250+EVEBITDA+BM+DD60+ASSET_GROWTH+RESVOL+SP,B01+B02+B04+B05+B07+B08+B09+B10+B11+B12,10,0.7891675835510538,0.17332529208110833,False,True,17.272782630793042,17.384693407445873,17.125963541189346,-6.689963757987096,-9.923427090494467,-7.766897205782465,120,2021-09-07 00:00:00,2026-08-10 00:00:00,4415.125,0.10357643491023616,0.06131615312352938,13.259843521179999,25.798790911197862,3.900777185773116,9.359066335406881,0.746889290420588,29.312949740987058,65.0,73,2021-09-07 00:00:00,2024-08-28 00:00:00,4108.821917808219,0.10924935065586108,0.0784128237606601,14.346261695854468,24.890494861432025,3.7634428230485217,10.582818872805946,0.20338971867065064,29.312949740987058,69.44444444444444,47,2024-09-11 00:00:00,2026-08-10 00:00:00,4890.872340425532,0.09476531045426557,0.03476174979351782,11.572428058387727,27.190223157647637,4.111161741436323,7.461266316951405,1.5395592083332161,22.63087527838543,58.333333333333336,15,2026-01-09 00:00:00,2026-08-10 00:00:00,5006.4,0.06592026217088261,0.010723426396534844,3.671500821593328,24.16328514425646,3.6534887138115764,0.01801210778175147,-0.46522710343733326,22.63087527838541,50.0,True
M1867,1867,7,SIZE+H03+RET40+EVEBITDA+DD60+ASSET_GROWTH+RESVOL,B01+B03+B07+B09+B10+B11,6,0.7509391876147649,0.1589192800123017,False,True,17.272782630793042,17.384693407445873,17.125963541189346,-6.784861963924978,-2.731182016477433,-5.007273479325232,120,2021-09-07 00:00:00,2026-08-10 00:00:00,4416.15,0.09100639645338413,0.05826589711436666,16.722493423747537,30.448434933091406,4.60380336188342,12.118690061864115,0.7902963240191612,35.1358184989892,71.66666666666667,73,2021-09-07 00:00:00,2024-08-28 00:00:00,4109.534246575343,0.09173661047949552,0.06849618444805837,15.001287395559718,29.850309052193474,4.513366728691653,10.487920666868064,0.1818995875107392,35.1358184989892,77.77777777777779,47,2024-09-11 00:00:00,2026-08-10 00:00:00,4892.382978723404,0.0898722342426154,0.042376301893951855,19.39585597816691,31.364712878296746,4.742344587198468,14.65351139096844,1.7503366452618425,19.30782411423716,62.5,15,2026-01-09 00:00:00,2026-08-10 00:00:00,5007.4,0.06700116553148261,0.022385714828285632,15.543457721946286,28.513454407492233,4.311234306412826,11.23222341553346,0.012018208823322274,19.30782411423716,62.5,True
M0107,107,5,SIZE+H03+RET40+CHIP250+EVEBITDA,B01+B03+B05+B07,4,0.7509391876147649,0.209438646310447,False,True,17.272782630793042,17.384693407445873,17.125963541189346,-6.92713131431147,-1.0834997541864553,-4.448467102079199,120,2021-09-07 00:00:00,2026-08-10 00:00:00,4736.666666666667,0.08831502789668155,0.05755972937389478,16.906633520979987,27.970483345700014,4.229137081869842,12.677496439110147,0.7823794036500289,33.88588543811497,68.33333333333333,73,2021-09-07 00:00:00,2024-08-28 00:00:00,4533.58904109589,0.08344294191531876,0.06371498399652199,14.485713285221918,27.38136222711869,4.140061968740346,10.345651316481572,0.15695333301404962,33.88588543811497,75.0,47,2024-09-11 00:00:00,2026-08-10 00:00:00,5052.085106382979,0.09588231037837268,0.047999440279175916,20.66678622758295,28.87296676139905,4.365592574323536,16.301193653259418,1.8057613436346418,20.102947672062598,58.333333333333336,15,2026-01-09 00:00:00,2026-08-10 00:00:00,5093.4,0.05884837736072974,0.020746868465212332,12.715020644757022,27.19091734541562,4.111266702626842,8.60375394213018,-0.08925976834368683,20.102947672062587,50.0,True
M0783,783,6,SIZE+H03+TURN+RET40+DD60+ASSET_GROWTH,B01+B02+B03+B09+B10,5,0.7509391876147649,0.17663957896345817,False,True,17.272782630793042,17.384693407445873,17.125963541189346,-6.930505237909575,-1.7793984615428577,-4.722443267082069,120,2021-09-07 00:00:00,2026-08-10 00:00:00,4422.391666666666,0.09872022680042421,0.06527504483979887,17.647271397867208,34.680893675660926,5.243751123759932,12.403520274107278,0.7947999532410948,34.139998996127865,75.0,73,2021-09-07 00:00:00,2024-08-28 00:00:00,4115.287671232877,0.09894477148490692,0.07483365054690312,15.573349271581952,34.59703623477834,5.231071878698484,10.342277392883467,0.17391140606677313,34.139998996127865,77.77777777777779,47,2024-09-11 00:00:00,2026-08-10 00:00:00,4899.382978723404,0.09837146590750424,0.05042869980536036,20.8684695940124,34.80935613828958,5.263174648109384,15.605294945903015,1.8087062060952246,18.812668550179378,70.83333333333334,15,2026-01-09 00:00:00,2026-08-10 00:00:00,5014.4,0.06631422534317638,0.02686039185403532,14.617019884541998,32.87920130259747,4.971335236952737,9.645684647589261,-0.049314369774509766,18.812668550179378,62.5,True
M0451,451,5,SIZE+H03+EVEBITDA+BM+DD60,B01+B07+B08+B09,4,0.7509391876147649,0.1808576942788332,False,True,17.272782630793042,17.384693407445873,17.125963541189346,-7.271745889769846,-4.769637600034754,-6.101369590375498,120,2021-09-07 00:00:00,2026-08-10 00:00:00,4873.058333333333,0.07047500612873729,0.04927691797212512,14.669858953854408,24.108895522755024,3.64526500304056,11.024593950813848,0.7330808356441499,33.18087026172694,70.0,73,2021-09-07 00:00:00,2024-08-28 00:00:00,4739.315068493151,0.06751453423858865,0.055638211323183286,13.614270798709793,23.897050646075378,3.613234057686597,10.001036741023196,0.13157034485217262,33.18087026172694,77.77777777777779,47,2024-09-11 00:00:00,2026-08-10 00:00:00,5080.787234042553,0.0750731858730107,0.0393966112779284,16.309389492696045,24.43342384447703,3.694333685284927,12.61505580741112,1.6726112237582285,18.716620062124523,58.333333333333336,15,2026-01-09 00:00:00,2026-08-10 00:00:00,5116.866666666667,0.06333491791233023,0.026976252246127864,14.633227860542428,23.352768694961618,3.5309386266781964,11.102289233864232,0.002333730076722933,18.716620062124477,50.0,True
M2047,2047,11,SIZE+H03+TURN+RET40+DD120+CHIP250+EVEBITDA+BM+DD60+ASSET_GROWTH+RESVOL,B01+B02+B03+B04+B05+B07+B08+B09+B10+B11,10,0.7891675835510538,0.18753629717995957,False,True,17.272782630793042,17.384693407445873,17.125963541189346,-7.530269177758639,-5.902935961969373,-6.70274209942767,120,2021-09-07 00:00:00,2026-08-10 00:00:00,4416.15,0.10755577541602707,0.0647925352622752,15.382716648961999,32.800894227515364,4.959495207200323,10.423221441761676,0.7480768224102382,32.090878137768385,71.66666666666667,73,2021-09-07 00:00:00,2024-08-28 00:00:00,4109.534246575343,0.11025183913291291,0.07974053835333267,14.64249966272922,32.40731620168529,4.899986209694816,9.742513453034404,0.162627968184128,32.090878137768385,77.77777777777779,47,2024-09-11 00:00:00,2026-08-10 00:00:00,4892.382978723404,0.10336827219618314,0.0415754240782923,16.532415372259727,33.40382226708484,5.050657926783228,11.4817574454765,1.6334515319651044,21.356837309258204,62.5,15,2026-01-09 00:00:00,2026-08-10 00:00:00,5007.4,0.06966743329488613,0.01604924311261322,8.59303924517308,29.990697835682123,4.534593512755137,4.058445732417941,-0.2732983941857686,21.356837309258193,50.0,True
M0271,271,5,SIZE+H03+TURN+RET40+DD60,B01+B02+B03+B09,4,0.7509391876147649,0.23249197959677584,False,True,17.272782630793042,17.384693407445873,17.125963541189346,-8.046601556243283,-1.328988930711219,-5.225160071172647,120,2021-09-07 00:00:00,2026-08-10 00:00:00,4422.416666666667,0.10323958518459593,0.068938275483178,17.584978092864386,37.59374750560639,5.684174622847687,11.9008034700167,0.7767816012458248,33.537374197066605,75.0,73,2021-09-07 00:00:00,2024-08-28 00:00:00,4115.287671232877,0.09990762233566468,0.07644175516038479,14.877443250740358,37.37607259385317,5.6512621761906,9.226181074549759,0.13623799768579173,33.537374197066605,75.0,47,2024-09-11 00:00:00,2026-08-10 00:00:00,4899.446808510638,0.10841476152442536,0.05728393470794195,21.79029816680171,37.92720694488791,5.734593690067051,16.055704476734654,1.8439099104932892,20.269084105533096,75.0,15,2026-01-09 00:00:00,2026-08-10 00:00:00,5014.4,0.07783492695474449,0.03716514026765773,13.918552102849471,35.98784713990587,5.441362487553766,8.477189615295705,-0.09166250550385904,20.269084105533096,62.5,True
M4095,4095,12,SIZE+H03+TURN+RET40+DD120+CHIP250+EVEBITDA+BM+DD60+ASSET_GROWTH+RESVOL+SP,B01+B02+B03+B04+B05+B07+B08+B09+B10+B11+B12,11,0.7891675835510538,0.18155029079261786,False,True,17.272782630793042,17.384693407445873,17.125963541189346,-8.283871256677521,-8.674760612783421,-8.24733949427416,120,2021-09-07 00:00:00,2026-08-10 00:00:00,4415.125,0.10712553798763488,0.06300814050938017,13.467066025398863,30.346838482034904,4.588441978483678,8.878624046915187,0.7204595085511724,31.013446061866347,66.66666666666666,73,2021-09-07 00:00:00,2024-08-28 00:00:00,4108.821917808219,0.11131657519236882,0.07920535103564634,13.45486732285345,29.536745692711175,4.46595594873793,8.98891137411552,0.14286660672268278,31.013446061866347,69.44444444444444,47,2024-09-11 00:00:00,2026-08-10 00:00:00,4890.872340425532,0.10061605466964389,0.0378507709685838,13.486012946373657,31.587831691211676,4.776080151711206,8.709932794662452,1.567840495575221,22.31728702171153,62.5,15,2026-01-09 00:00:00,2026-08-10 00:00:00,5006.4,0.07084284948957961,0.014725209359488652,6.4808802741356,29.045941930382536,4.391746419873839,2.0891338542617612,-0.36471979132421983,22.31728702171154,50.0,True
M0335,335,6,SIZE+H03+TURN+RET40+EVEBITDA+DD60,B01+B02+B03+B07+B09,5,0.7509391876147649,0.18495598051408738,False,True,17.272782630793042,17.384693407445873,17.125963541189346,-8.57107565313564,-1.77689835672129,-5.720129316557713,120,2021-09-07 00:00:00,2026-08-10 00:00:00,4416.175,0.09240409574445409,0.06311890225333532,16.465914325279496,33.466138231798034,5.0600801006478635,11.405834224631633,0.7587711280820992,34.36740849719659,71.66666666666667,73,2021-09-07 00:00:00,2024-08-28 00:00:00,4109.534246575343,0.08812606215028469,0.06860900670375313,13.670917281055702,32.86514750924802,4.9692103033983015,8.701706977657402,0.12000886957297123,34.36740849719659,75.0,47,2024-09-11 00:00:00,2026-08-10 00:00:00,4892.446808510638,0.0990487011141215,0.054591718745239576,20.80707994715901,34.38680487059807,5.1992848964344285,15.607795050724583,1.7916085967434778,19.536021137706292,66.66666666666666,15,2026-01-09 00:00:00,2026-08-10 00:00:00,5007.4,0.0686456670714851,0.033555724774435074,13.343006421160508,32.012740558647174,4.8403263724674535,8.502680048693055,-0.09039964635168667,19.53602113770627,62.5,True
M0061,61,5,SIZE+TURN+RET40+DD120+CHIP250,B01+B02+B03+B04+B05,5,0.6003003502332763,0.30865458851603467,False,True,17.272782630793042,16.898389001954918,17.125963541189346,-8.579374012711176,-4.902848823912185,-7.139428913961757,120,2021-09-07 00:00:00,2026-08-10 00:00:00,4422.416666666667,0.09508431379333351,0.06065051819605108,15.561890089886996,36.87404406520772,5.575355462659407,9.98653462722759,0.705282849634227,32.899811701667836,70.0,73,2021-09-07 00:00:00,2024-08-28 00:00:00,4115.287671232877,0.09049480409355032,0.06950714644741941,14.24370186006707,36.708288637468286,5.550293241985205,8.693408618081866,0.11798552020059136,32.899811701667836,72.22222222222221,47,2024-09-11 00:00:00,2026-08-10 00:00:00,4899.446808510638,0.10221270119937972,0.04689447857158541,17.609288829820063,37.12796727365959,5.61374865177733,11.995540178042733,1.661514015830146,21.693334687060904,66.66666666666666,15,2026-01-09 00:00:00,2026-08-10 00:00:00,5014.4,0.05516583544417485,0.01576248220360859,5.059264926389573,34.1678708520854,5.166182072835312,-0.10691714644573899,-0.4407274621138369,21.693334687060894,37.5,True
