left,right,rho_fast,rho_exact,rho,abs_rho
cand0154,cand0155,1.0,1.0,1.0,1.0
cand0125,cand0131,0.7112748514397434,1.0,1.0,1.0
cand0129,cand0133,0.7693015459646866,1.0,1.0,1.0
cand0129,cand0131,0.9601399378153755,1.0,1.0,1.0
cand0131,cand0133,0.7394286564602096,1.0,1.0,1.0
cand0174,cand0175,1.0,1.0,1.0,1.0
cand0010,cand0131,0.7406667339587562,1.0,1.0,1.0
cand0010,cand0129,0.7650470563136921,1.0,1.0,1.0
cand0173,cand0175,1.0,1.0,1.0,1.0
cand0173,cand0174,1.0,1.0,1.0,1.0
cand0172,cand0175,1.0,1.0,1.0,1.0
cand0172,cand0174,1.0,1.0,1.0,1.0
cand0145,cand0146,1.0,1.0,1.0,1.0
cand0172,cand0173,1.0,1.0,1.0,1.0
cand0125,cand0129,0.7359824159606827,1.0,1.0,1.0
cand0158,cand0159,1.0,1.0,1.0,1.0
cand0022,cand0023,0.9999999999998173,0.9999999999998173,0.9999999999998173,0.9999999999998173
cand0107,cand0108,0.999999999990699,0.9999999999906991,0.9999999999906991,0.9999999999906991
cand0106,cand0107,0.9999999999891317,0.9999999999891318,0.9999999999891318,0.9999999999891318
cand0135,cand0136,0.9999999999888917,0.999999999988892,0.999999999988892,0.999999999988892
cand0106,cand0108,0.9999999999888204,0.9999999999888206,0.9999999999888206,0.9999999999888206
cand0135,cand0137,0.9891268006803803,0.9999999999821504,0.9999999999821504,0.9999999999821504
cand0136,cand0137,0.989126800680062,0.9999999999818016,0.9999999999818016,0.9999999999818016
cand0014,cand0023,0.9965615408630681,0.9994728085857916,0.9994728085857916,0.9994728085857916
cand0014,cand0022,0.9965615408628837,0.9994728085856075,0.9994728085856075,0.9994728085856075
cand0010,cand0135,0.6905373494240273,0.9994650159513171,0.9994650159513171,0.9994650159513171
cand0010,cand0136,0.6905373488688353,0.999465015610283,0.999465015610283,0.999465015610283
cand0010,cand0137,0.6979942395282701,0.9994643665677813,0.9994643665677813,0.9994643665677813
cand0129,cand0136,0.8984935628057917,0.9993769985841552,0.9993769985841552,0.9993769985841552
cand0131,cand0136,0.9359088882068997,0.9993769985841552,0.9993769985841552,0.9993769985841552
cand0129,cand0135,0.8984935627471903,0.9993769984834858,0.9993769984834858,0.9993769984834858
cand0131,cand0135,0.9359088881338897,0.9993769984834858,0.9993769984834858,0.9993769984834858
cand0131,cand0137,0.943361082317418,0.999376766600498,0.999376766600498,0.999376766600498
cand0129,cand0137,0.9083781992933314,0.999376144118214,0.999376144118214,0.999376144118214
cand0133,cand0137,0.6981685815633589,0.9993542642301756,0.9993542642301756,0.9993542642301756
cand0133,cand0135,0.6902089750623371,0.9993536525208877,0.9993536525208877,0.9993536525208877
cand0133,cand0136,0.6902089784275636,0.9993536522915003,0.9993536522915003,0.9993536522915003
cand0125,cand0137,0.645276622212641,0.9991138318346612,0.9991138318346612,0.9991138318346612
cand0125,cand0135,0.6375127052401891,0.9991074805368269,0.9991074805368269,0.9991074805368269
cand0125,cand0136,0.6375127084837175,0.9991074802608739,0.9991074802608739,0.9991074802608739
cand0018,cand0022,0.9936233456539998,0.9985795878826605,0.9985795878826605,0.9985795878826605
cand0018,cand0023,0.9936233456196053,0.9985795878480327,0.9985795878480327,0.9985795878480327
cand0018,cand0025,0.9968431184331552,0.9981600507122259,0.9981600507122259,0.9981600507122259
cand0014,cand0018,0.9959975844695534,0.9980566075188891,0.9980566075188891,0.9980566075188891
cand0010,cand0141,0.6016157881346555,0.9977279798646937,0.9977279798646937,0.9977279798646937
cand0022,cand0025,0.9940640015723784,0.9976999703690287,0.9976999703690287,0.9976999703690287
cand0023,cand0025,0.9940640015174949,0.9976999703138871,0.9976999703138871,0.9976999703138871
cand0129,cand0141,0.7696575893148636,0.9975768550805171,0.9975768550805171,0.9975768550805171
cand0131,cand0141,0.7425785312253745,0.9975753853052122,0.9975753853052122,0.9975753853052122
cand0131,cand0142,0.7520112079050211,0.9971973162582296,0.9971973162582296,0.9971973162582296
cand0014,cand0025,0.9964504862089892,0.9971862584728916,0.9971862584728916,0.9971862584728916
cand0129,cand0142,0.755489981770932,0.9971265786584047,0.9971265786584047,0.9971265786584047
cand0131,cand0140,0.7373967744636845,0.9970442589302373,0.9970442589302373,0.9970442589302373
cand0129,cand0140,0.7637343815730534,0.9970160589079107,0.9970160589079107,0.9970160589079107
cand0137,cand0141,0.7018781835715876,0.9969290142278211,0.9969290142278211,0.9969290142278211
cand0136,cand0141,0.6946285773528263,0.9969227994442126,0.9969227994442126,0.9969227994442126
cand0135,cand0141,0.6946285790231609,0.9969227993665343,0.9969227993665343,0.9969227993665343
cand0125,cand0143,0.604599532838936,0.9968121189872332,0.9968121189872332,0.9968121189872332
cand0131,cand0139,0.7401228179300767,0.9967606016150449,0.9967606016150449,0.9967606016150449
cand0129,cand0139,0.7560922614573002,0.9967457904016934,0.9967457904016934,0.9967457904016934
cand0133,cand0143,0.602343718770322,0.9966223023876244,0.9966223023876244,0.9966223023876244
cand0135,cand0142,0.7153668225209225,0.9965777779622198,0.9965777779622198,0.9965777779622198
cand0136,cand0142,0.7153668212788271,0.9965777775653185,0.9965777775653185,0.9965777775653185
cand0137,cand0142,0.7230618074776732,0.9965730927715365,0.9965730927715365,0.9965730927715365
cand0129,cand0143,0.7864025474234108,0.9965286258325706,0.9965286258325706,0.9965286258325706
cand0135,cand0140,0.6902089182330203,0.9964793864879783,0.9964793864879783,0.9964793864879783
cand0136,cand0140,0.6902089165762513,0.9964793861484764,0.9964793861484764,0.9964793861484764
cand0137,cand0140,0.6976583404057399,0.9964767074214647,0.9964767074214647,0.9964767074214647
cand0131,cand0143,0.7598165203884405,0.9964347447693862,0.9964347447693862,0.9964347447693862
cand0010,cand0143,0.6052389724174113,0.996386095179692,0.996386095179692,0.996386095179692
cand0177,cand0181,0.9961364074368676,0.9961364074368677,0.9961364074368677,0.9961364074368677
cand0136,cand0139,0.7029561452423031,0.9960622061571589,0.9960622061571589,0.9960622061571589
cand0135,cand0139,0.7029561418706738,0.9960622059705054,0.9960622059705054,0.9960622059705054
cand0137,cand0139,0.7106933822870586,0.9960574195192324,0.9960574195192324,0.9960574195192324
cand0154,cand0162,0.9957185721909221,0.9957185721909222,0.9957185721909222,0.9957185721909222
cand0155,cand0162,0.9957185721909221,0.9957185721909222,0.9957185721909222,0.9957185721909222
cand0137,cand0143,0.7187071066465235,0.9956845981168975,0.9956845981168975,0.9956845981168975
cand0135,cand0143,0.7111044317699735,0.9956629984739507,0.9956629984739507,0.9956629984739507
cand0136,cand0143,0.7111044310933626,0.9956629984643462,0.9956629984643462,0.9956629984643462
cand0129,cand0138,0.7696679032747454,0.9953548311826979,0.9953548311826979,0.9953548311826979
cand0131,cand0138,0.7431654320267782,0.9953171543453317,0.9953171543453317,0.9953171543453317
cand0155,cand0166,0.9950098616506052,0.9950098616506051,0.9950098616506051,0.9950098616506051
cand0154,cand0166,0.9950098616506052,0.9950098616506051,0.9950098616506051,0.9950098616506051
cand0141,cand0142,0.8411470838835817,0.9948645352532588,0.9948645352532588,0.9948645352532588
cand0136,cand0138,0.6970762715634078,0.9947609300260561,0.9947609300260561,0.9947609300260561
cand0135,cand0138,0.6970762760298841,0.9947609294895261,0.9947609294895261,0.9947609294895261
cand0137,cand0138,0.7042316959864426,0.994720727689925,0.994720727689925,0.994720727689925
cand0140,cand0141,0.864102623160128,0.994668662706348,0.994668662706348,0.994668662706348
cand0139,cand0141,0.8395635994381216,0.9943436009564378,0.9943436009564378,0.9943436009564378
cand0141,cand0143,0.8770304146871071,0.9942838577669993,0.9942838577669993,0.9942838577669993
cand0140,cand0142,0.8338534597265853,0.9941176803923537,0.9941176803923537,0.9941176803923537
cand0139,cand0140,0.8365304800378935,0.9938964590274681,0.9938964590274681,0.9938964590274681
cand0139,cand0142,0.8513707889840458,0.9938569530099852,0.9938569530099852,0.9938569530099852
cand0142,cand0143,0.8585219549923124,0.9938253150329002,0.9938253150329002,0.9938253150329002
cand0140,cand0143,0.8706058749346623,0.9938248230602611,0.9938248230602611,0.9938248230602611
cand0128,cand0129,0.7689676450736582,0.9934815815038307,0.9934815815038307,0.9934815815038307
cand0010,cand0126,0.6393164327203298,0.9934403445640263,0.9934403445640263,0.9934403445640263
cand0128,cand0131,0.7559514422428777,0.9934372460741222,0.9934372460741222,0.9934372460741222
cand0126,cand0131,0.8073574374765211,0.9933974488339528,0.9933974488339528,0.9933974488339528
cand0126,cand0133,0.6346438395816717,0.9933732765792475,0.9933732765792475,0.9933732765792475
cand0126,cand0129,0.8260559441229652,0.9933693365037338,0.9933693365037338,0.9933693365037338
cand0139,cand0143,0.8610247131260981,0.993302931246381,0.993302931246381,0.993302931246381
cand0125,cand0126,0.6358745310615707,0.9931605425443879,0.9931605425443879,0.9931605425443879
cand0129,cand0132,0.7788267149825986,0.9931534343986886,0.9931534343986886,0.9931534343986886
cand0131,cand0132,0.7543546864211542,0.993064432464243,0.993064432464243,0.993064432464243
cand0138,cand0141,0.6023337962955995,0.9929870667900668,0.9929870667900668,0.9929870667900668
cand0164,cand0166,0.9929686099030852,0.9929686099030857,0.9929686099030857,0.9929686099030857
cand0128,cand0136,0.7112120824120088,0.9928924122370913,0.9928924122370913,0.9928924122370913
cand0128,cand0135,0.7112120856235757,0.9928924121177227,0.9928924121177227,0.9928924121177227
cand0126,cand0136,0.754675551829813,0.9928662578446603,0.9928662578446603,0.9928662578446603
cand0126,cand0135,0.7546755465139712,0.9928662577240039,0.9928662577240039,0.9928662577240039
cand0128,cand0137,0.7192199447345424,0.9928487175494471,0.9928487175494471,0.9928487175494471
cand0126,cand0137,0.7630495636729211,0.992785041050823,0.992785041050823,0.992785041050823
cand0131,cand0134,0.7840191269532836,0.9926303927439609,0.9926303927439609,0.9926303927439609
cand0129,cand0134,0.7524382260586583,0.9926303927439609,0.9926303927439609,0.9926303927439609
cand0132,cand0136,0.7055721772155277,0.9925594614459688,0.9925594614459688,0.9925594614459688
cand0132,cand0135,0.7055721803473295,0.9925594613255809,0.9925594613255809,0.9925594613255809
cand0132,cand0137,0.7134726026952759,0.9924321059363252,0.9924321059363252,0.9924321059363252
cand0134,cand0136,0.8272008860302626,0.9920584570214385,0.9920584570214385,0.9920584570214385
cand0134,cand0135,0.827200879800797,0.9920584569008081,0.9920584569008081,0.9920584569008081
cand0134,cand0137,0.8275108944462738,0.9920174007207899,0.9920174007207899,0.9920174007207899
cand0138,cand0143,0.6155829651021778,0.9917068291925275,0.9917068291925275,0.9917068291925275
cand0127,cand0131,0.7535905712425376,0.9915794834961322,0.9915794834961322,0.9915794834961322
cand0127,cand0129,0.7789201535294782,0.9914937330263379,0.9914937330263379,0.9914937330263379
cand0128,cand0141,0.6024131240759831,0.9913985907504315,0.9913985907504315,0.9913985907504315
cand0126,cand0141,0.6549789857973703,0.9911556675590555,0.9911556675590555,0.9911556675590555
cand0126,cand0142,0.651275488897611,0.9909935375766609,0.9909935375766609,0.9909935375766609
cand0128,cand0142,0.6086152408556712,0.9909895108349164,0.9909895108349164,0.9909895108349164
cand0132,cand0141,0.6095074030483035,0.9909532244945624,0.9909532244945624,0.9909532244945624
cand0127,cand0137,0.7111400698676771,0.9909107583071969,0.9909107583071969,0.9909107583071969
cand0158,cand0164,0.9909027169334437,0.9909027169334437,0.9909027169334437,0.9909027169334437
cand0159,cand0164,0.9909027169334437,0.9909027169334437,0.9909027169334437,0.9909027169334437
cand0127,cand0136,0.7031735885087297,0.9908580882615252,0.9908580882615252,0.9908580882615252
cand0127,cand0135,0.7031735915974153,0.990858088143722,0.990858088143722,0.990858088143722
cand0010,cand0127,0.6002905520672963,0.9908404205652761,0.9908404205652761,0.9908404205652761
cand0162,cand0166,0.9907424571850922,0.9907424571850924,0.9907424571850924,0.9907424571850924
cand0126,cand0140,0.6508263265503026,0.9907336743082948,0.9907336743082948,0.9907336743082948
cand0126,cand0139,0.6460265622131097,0.9906873915230981,0.9906873915230981,0.9906873915230981
cand0128,cand0143,0.6165609261202782,0.9905269469983747,0.9905269469983747,0.9905269469983747
cand0132,cand0140,0.6062585611203226,0.9905112135438918,0.9905112135438918,0.9905112135438918
cand0132,cand0142,0.6039961467108762,0.990452368532051,0.990452368532051,0.990452368532051
cand0134,cand0142,0.6150137866481653,0.9902909955580061,0.9902909955580061,0.9902909955580061
cand0126,cand0143,0.6681030742972904,0.990260543114781,0.990260543114781,0.990260543114781
cand0132,cand0143,0.6243237654537618,0.9900086183952319,0.9900086183952319,0.9900086183952319
cand0132,cand0139,0.6040274571811808,0.9900039878884717,0.9900039878884717,0.9900039878884717
cand0165,cand0178,0.9899480866329043,0.9899480866329046,0.9899480866329046,0.9899480866329046
cand0134,cand0139,0.6036828781883922,0.9899216442570996,0.9899216442570996,0.9899216442570996
cand0127,cand0141,0.6094665152982939,0.9893405125392515,0.9893405125392515,0.9893405125392515
cand0134,cand0143,0.6088635307754255,0.9892510083353022,0.9892510083353022,0.9892510083353022
cand0128,cand0138,0.6937630175074812,0.9891421351823263,0.9891421351823263,0.9891421351823263
cand0127,cand0142,0.6018547408031976,0.9888787677503866,0.9888787677503866,0.9888787677503866
cand0126,cand0138,0.6465039326114539,0.9888692800525116,0.9888692800525116,0.9888692800525116
cand0127,cand0140,0.6061696584905928,0.9887236335516322,0.9887236335516322,0.9887236335516322
cand0130,cand0131,0.7529513862368823,0.9887229708001809,0.9887229708001809,0.9887229708001809
cand0127,cand0139,0.6018173190445787,0.9887066611194544,0.9887066611194544,0.9887066611194544
cand0132,cand0138,0.7019378203170901,0.9887032075555183,0.9887032075555183,0.9887032075555183
cand0129,cand0130,0.7749303773968675,0.9885197914198051,0.9885197914198051,0.9885197914198051
cand0130,cand0137,0.7106300276811308,0.9880767263064013,0.9880767263064013,0.9880767263064013
cand0155,cand0164,0.9880308982370163,0.9880308982370162,0.9880308982370162,0.9880308982370162
cand0154,cand0164,0.9880308982370163,0.9880308982370162,0.9880308982370162,0.9880308982370162
cand0130,cand0136,0.7026731975923045,0.9880211333669027,0.9880211333669027,0.9880211333669027
cand0130,cand0135,0.7026732006675175,0.988021133249325,0.988021133249325,0.988021133249325
cand0153,cand0167,0.9880091346982625,0.9880091346982621,0.9880091346982621,0.9880091346982621
cand0127,cand0143,0.622338119686986,0.9880085264968876,0.9880085264968876,0.9880085264968876
cand0160,cand0167,0.9878144937062564,0.9878144937062562,0.9878144937062562,0.9878144937062562
cand0183,cand0184,0.9872874606713613,0.987287460671361,0.987287460671361,0.987287460671361
cand0126,cand0128,0.6545241641419,0.9870190278735388,0.9870190278735388,0.9870190278735388
cand0127,cand0138,0.7022956382803788,0.9869700265743517,0.9869700265743517,0.9869700265743517
cand0130,cand0141,0.6065886136138181,0.986964739709913,0.986964739709913,0.986964739709913
cand0126,cand0132,0.6565874766168223,0.9869628530798563,0.9869628530798563,0.9869628530798563
cand0128,cand0132,0.9715894379872718,0.9866827371381182,0.9866827371381182,0.9866827371381182
cand0130,cand0140,0.6034446274083707,0.9866508387844453,0.9866508387844453,0.9866508387844453
cand0128,cand0134,0.6050394340708103,0.9865844774884577,0.9865844774884577,0.9865844774884577
cand0132,cand0134,0.6004979711982384,0.9865348810377813,0.9865348810377813,0.9865348810377813
cand0130,cand0142,0.6012897874785764,0.9864750441045363,0.9864750441045363,0.9864750441045363
cand0130,cand0143,0.6199754761614104,0.9862902644496316,0.9862902644496316,0.9862902644496316
cand0126,cand0134,0.8988224873116498,0.9862014366714801,0.9862014366714801,0.9862014366714801
cand0127,cand0128,0.9703328084031922,0.9849681062684099,0.9849681062684099,0.9849681062684099
cand0126,cand0127,0.657816870642255,0.9849530711389494,0.9849530711389494,0.9849530711389494
cand0127,cand0132,0.9809321530763497,0.9847232814179928,0.9847232814179928,0.9847232814179928
cand0130,cand0138,0.6989139426284796,0.9843807278867628,0.9843807278867628,0.9843807278867628
cand0171,cand0172,0.9843457043993311,0.9843457043993316,0.9843457043993316,0.9843457043993316
cand0171,cand0173,0.9843457043993311,0.9843457043993316,0.9843457043993316,0.9843457043993316
cand0171,cand0174,0.9843457043993311,0.9843457043993316,0.9843457043993316,0.9843457043993316
cand0171,cand0175,0.9843457043993311,0.9843457043993316,0.9843457043993316,0.9843457043993316
cand0158,cand0166,0.9839479933205245,0.9839479933205244,0.9839479933205244,0.9839479933205244
cand0159,cand0166,0.9839479933205245,0.9839479933205244,0.9839479933205244,0.9839479933205244
cand0155,cand0165,0.9838557052450593,0.9838557052450588,0.9838557052450588,0.9838557052450588
cand0154,cand0165,0.9838557052450593,0.9838557052450588,0.9838557052450588,0.9838557052450588
cand0162,cand0164,0.9837820116871842,0.9837820116871844,0.9837820116871844,0.9837820116871844
cand0113,cand0115,0.9723847168858086,0.9828773258275664,0.9828773258275664,0.9828773258275664
cand0128,cand0130,0.9695964324941327,0.9821388328127489,0.9821388328127489,0.9821388328127489
cand0126,cand0130,0.6569321426872927,0.9818052503606085,0.9818052503606085,0.9818052503606085
cand0130,cand0132,0.9761442932784355,0.981738221971329,0.981738221971329,0.981738221971329
cand0127,cand0130,0.9779093632044894,0.9801245970949733,0.9801245970949733,0.9801245970949733
cand0162,cand0165,0.9796439401254542,0.9796439401254536,0.9796439401254536,0.9796439401254536
cand0155,cand0159,0.9790657639427874,0.9790657639427874,0.9790657639427874,0.9790657639427874
cand0155,cand0158,0.9790657639427874,0.9790657639427874,0.9790657639427874,0.9790657639427874
cand0154,cand0158,0.9790657639427874,0.9790657639427874,0.9790657639427874,0.9790657639427874
cand0154,cand0159,0.9790657639427874,0.9790657639427874,0.9790657639427874,0.9790657639427874
cand0153,cand0157,0.9790243047793468,0.979024304779347,0.979024304779347,0.979024304779347
cand0165,cand0166,0.9789646018906031,0.9789646018906031,0.9789646018906031,0.9789646018906031
cand0169,cand0180,0.9778097282819332,0.9778097282819334,0.9778097282819334,0.9778097282819334
cand0153,cand0160,0.9759837496911393,0.975983749691139,0.975983749691139,0.975983749691139
cand0152,cand0168,0.9754579879946544,0.9754579879946543,0.9754579879946543,0.9754579879946543
cand0159,cand0162,0.9748408258138677,0.9748408258138681,0.9748408258138681,0.9748408258138681
cand0158,cand0162,0.9748408258138677,0.9748408258138681,0.9748408258138681,0.9748408258138681
cand0154,cand0178,0.9740055735653689,0.9740055735653688,0.9740055735653688,0.9740055735653688
cand0155,cand0178,0.9740055735653689,0.9740055735653688,0.9740055735653688,0.9740055735653688
cand0162,cand0168,0.9736546779093563,0.9736546779093556,0.9736546779093556,0.9736546779093556
cand0164,cand0165,0.9721135136217744,0.9721135136217744,0.9721135136217744,0.9721135136217744
cand0162,cand0178,0.9698364900721462,0.969836490072146,0.969836490072146,0.969836490072146
cand0179,cand0183,0.9696287358060997,0.9696287358060997,0.9696287358060997,0.9696287358060997
cand0154,cand0168,0.9694933195740207,0.9694933195740206,0.9694933195740206,0.9694933195740206
cand0155,cand0168,0.9694933195740207,0.9694933195740206,0.9694933195740206,0.9694933195740206
cand0166,cand0178,0.9691705008183614,0.9691705008183615,0.9691705008183615,0.9691705008183615
cand0105,cand0107,0.9023817701570255,0.9688141207278268,0.9688141207278268,0.9688141207278268
cand0105,cand0108,0.9023817674267923,0.9688141184762512,0.9688141184762512,0.9688141184762512
cand0105,cand0106,0.9023817665877464,0.9688141157892044,0.9688141157892044,0.9688141157892044
cand0179,cand0184,0.9678032398902372,0.9678032398902375,0.9678032398902375,0.9678032398902375
cand0157,cand0167,0.9673097431633001,0.9673097431633,0.9673097431633,0.9673097431633
cand0166,cand0168,0.9652130680169331,0.9652130680169331,0.9652130680169331,0.9652130680169331
cand0158,cand0165,0.9633058480697158,0.9633058480697154,0.9633058480697154,0.9633058480697154
cand0159,cand0165,0.9633058480697158,0.9633058480697154,0.9633058480697154,0.9633058480697154
cand0023,cand0106,0.9379684768811002,0.9628111090426222,0.9628111090426222,0.9628111090426222
cand0023,cand0107,0.9379684766794504,0.9628111087845047,0.9628111087845047,0.9628111087845047
cand0022,cand0106,0.9379684761184068,0.962811108259045,0.962811108259045,0.962811108259045
cand0022,cand0107,0.9379684759167569,0.9628111080009274,0.9628111080009274,0.9628111080009274
cand0023,cand0108,0.9379684754617429,0.9628111075668193,0.9628111075668193,0.9628111075668193
cand0022,cand0108,0.9379684746990494,0.9628111067832421,0.9628111067832421,0.9628111067832421
cand0164,cand0178,0.9623867617389973,0.9623867617389974,0.9623867617389974,0.9623867617389974
cand0014,cand0106,0.9401328153839702,0.9622983696205221,0.9622983696205221,0.9622983696205221
cand0014,cand0107,0.9401328152307105,0.9622983694023264,0.9622983694023264,0.9622983694023264
cand0014,cand0108,0.9401328139922821,0.9622983681638679,0.9622983681638679,0.9622983681638679
cand0006,cand0112,0.9551463099651758,0.9606176883997873,0.9606176883997873,0.9606176883997873
cand0018,cand0107,0.9391992470799213,0.9600183122271181,0.9600183122271181,0.9600183122271181
cand0018,cand0106,0.9391992469091212,0.9600183121134207,0.9600183121134207,0.9600183121134207
cand0018,cand0108,0.9391992453922603,0.960018310520303,0.960018310520303,0.960018310520303
cand0164,cand0168,0.9594296728367172,0.9594296728367169,0.9594296728367169,0.9594296728367169
cand0152,cand0178,0.9591491692225416,0.9591491692225411,0.9591491692225411,0.9591491692225411
cand0025,cand0107,0.9363759487256645,0.9582651652255066,0.9582651652255066,0.9582651652255066
cand0025,cand0106,0.9363759483595041,0.958265164905557,0.958265164905557,0.958265164905557
cand0025,cand0108,0.9363759476646661,0.9582651641527938,0.9582651641527938,0.9582651641527938
cand0176,cand0177,0.95786313281055,0.9578631328105504,0.9578631328105504,0.9578631328105504
cand0020,cand0023,0.9574368835319758,0.957847716572386,0.957847716572386,0.957847716572386
cand0020,cand0022,0.9574368835317928,0.9578477165722031,0.9578477165722031,0.9578477165722031
cand0025,cand0048,0.9554251835990054,0.9573893402799744,0.9573893402799744,0.9573893402799744
cand0014,cand0020,0.9550243390377705,0.9573668215041619,0.9573668215041619,0.9573668215041619
cand0018,cand0020,0.9522076271101294,0.9565064444212086,0.9565064444212086,0.9565064444212086
cand0018,cand0048,0.9527485535448929,0.9559774238477206,0.9559774238477206,0.9559774238477206
cand0177,cand0184,0.9557886883343095,0.9557886883343093,0.9557886883343093,0.9557886883343093
cand0020,cand0025,0.9526415993022248,0.9556754857742298,0.9556754857742298,0.9556754857742298
cand0157,cand0160,0.9555585985406819,0.9555585985406819,0.9555585985406819,0.9555585985406819
cand0163,cand0170,0.9551364675970082,0.9551364675970074,0.9551364675970074,0.9551364675970074
cand0152,cand0165,0.9549691543228712,0.9549691543228709,0.9549691543228709,0.9549691543228709
cand0177,cand0183,0.9547360860134939,0.9547360860134935,0.9547360860134935,0.9547360860134935
cand0176,cand0181,0.9545064803650806,0.9545064803650806,0.9545064803650806,0.9545064803650806
cand0165,cand0168,0.9538246416448148,0.9538246416448147,0.9538246416448147,0.9538246416448147
cand0159,cand0178,0.9536716144689856,0.9536716144689857,0.9536716144689857,0.9536716144689857
cand0158,cand0178,0.9536716144689856,0.9536716144689857,0.9536716144689857,0.9536716144689857
cand0002,cand0036,0.7573659625627461,0.9532357910795867,0.9532357910795867,0.9532357910795867
cand0047,cand0050,0.9329299387506311,0.9530791702093104,0.9530791702093104,0.9530791702093104
cand0181,cand0184,0.9525978711276862,0.9525978711276868,0.9525978711276868,0.9525978711276868
cand0023,cand0048,0.9504782326226388,0.9523370564561616,0.9523370564561616,0.9523370564561616
cand0022,cand0048,0.9504782324979876,0.9523370563312928,0.9523370563312928,0.9523370563312928
cand0014,cand0048,0.9505884490727504,0.9521289619429442,0.9521289619429442,0.9521289619429442
cand0158,cand0168,0.951693738703764,0.9516937387037641,0.9516937387037641,0.9516937387037641
cand0159,cand0168,0.951693738703764,0.9516937387037641,0.9516937387037641,0.9516937387037641
cand0181,cand0183,0.951638314327037,0.9516383143270367,0.9516383143270367,0.9516383143270367
cand0176,cand0184,0.9484592290215185,0.9484592290215179,0.9484592290215179,0.9484592290215179
cand0100,cand0114,0.9443008349698252,0.9479710085364338,0.9479710085364338,0.9479710085364338
cand0176,cand0183,0.9472495759159281,0.9472495759159282,0.9472495759159282,0.9472495759159282
cand0023,cand0033,0.9466204704233024,0.9466204704233021,0.9466204704233021,0.9466204704233021
cand0022,cand0033,0.9466204702162831,0.9466204702162829,0.9466204702162829,0.9466204702162829
cand0152,cand0162,0.9463028691712324,0.9463028691712325,0.9463028691712325,0.9463028691712325
cand0014,cand0033,0.9428199022831223,0.946098225781586,0.946098225781586,0.946098225781586
cand0018,cand0033,0.9402856498482292,0.9456386602197221,0.9456386602197221,0.9456386602197221
cand0025,cand0033,0.9407841058895172,0.9448287284982435,0.9448287284982435,0.9448287284982435
cand0011,cand0022,0.9413775724994028,0.9445853336150836,0.9445853336150836,0.9445853336150836
cand0011,cand0023,0.9413775723138863,0.9445853334287532,0.9445853334287532,0.9445853334287532
cand0168,cand0178,0.9442494630476973,0.9442494630476974,0.9442494630476974,0.9442494630476974
cand0011,cand0014,0.9435034894217693,0.9439876675226628,0.9439876675226628,0.9439876675226628
cand0152,cand0155,0.941924211812574,0.9419242118125737,0.9419242118125737,0.9419242118125737
cand0152,cand0154,0.941924211812574,0.9419242118125737,0.9419242118125737,0.9419242118125737
cand0183,cand0187,0.941446828675749,0.9414468286757488,0.9414468286757488,0.9414468286757488
cand0111,cand0129,0.8569896616076178,0.9407928772522726,0.9407928772522726,0.9407928772522726
cand0111,cand0131,0.8876542116209726,0.9407553888884277,0.9407553888884277,0.9407553888884277
cand0100,cand0117,0.9389998839730356,0.9406830344667868,0.9406830344667868,0.9406830344667868
cand0111,cand0135,0.9280137244123827,0.9406359008779942,0.9406359008779942,0.9406359008779942
cand0111,cand0136,0.9280137233623936,0.9406358998280733,0.9406358998280733,0.9406358998280733
cand0177,cand0182,0.9406180414541034,0.9406180414541034,0.9406180414541034,0.9406180414541034
cand0111,cand0137,0.9380462021209756,0.9406058749916604,0.9406058749916604,0.9406058749916604
cand0111,cand0133,0.6588610948108926,0.9402131977150022,0.9402131977150022,0.9402131977150022
cand0010,cand0111,0.6589981035483484,0.9399906419087768,0.9399906419087768,0.9399906419087768
cand0111,cand0139,0.6714134679678091,0.9392453573151461,0.9392453573151461,0.9392453573151461
cand0244,cand0250,0.9346792233179957,0.9389151239591046,0.9389151239591046,0.9389151239591046
cand0111,cand0141,0.6622601108716757,0.9386804703981814,0.9386804703981814,0.9386804703981814
cand0111,cand0140,0.6583744837463108,0.9383471383552229,0.9383471383552229,0.9383471383552229
cand0111,cand0142,0.6823040956381037,0.9382570260307033,0.9382570260307033,0.9382570260307033
cand0152,cand0166,0.9378707584300409,0.9378707584300409,0.9378707584300409,0.9378707584300409
cand0111,cand0143,0.6778417230237761,0.9373115370608446,0.9373115370608446,0.9373115370608446
cand0181,cand0182,0.9371133898825205,0.9371133898825206,0.9371133898825206,0.9371133898825206
cand0111,cand0138,0.6643804570037563,0.9368149909912574,0.9368149909912574,0.9368149909912574
cand0111,cand0126,0.720750043142831,0.9355632898729668,0.9355632898729668,0.9355632898729668
cand0111,cand0134,0.7777146075938728,0.9347310957333612,0.9347310957333612,0.9347310957333612
cand0011,cand0025,0.9342186301837978,0.934463060323721,0.934463060323721,0.934463060323721
cand0011,cand0018,0.9325742282868582,0.9342137715957164,0.9342137715957164,0.9342137715957164
cand0184,cand0187,0.9341418634679002,0.9341418634679004,0.9341418634679004,0.9341418634679004
cand0111,cand0128,0.6782321344108576,0.9339832901677115,0.9339832901677115,0.9339832901677115
cand0111,cand0132,0.67279152357489,0.9337039206814739,0.9337039206814739,0.9337039206814739
cand0111,cand0125,0.606398289257912,0.9327331692408826,0.9327331692408826,0.9327331692408826
cand0152,cand0164,0.9323978181282789,0.9323978181282793,0.9323978181282793,0.9323978181282793
cand0111,cand0127,0.6705112077648959,0.9321206839607384,0.9321206839607384,0.9321206839607384
cand0152,cand0156,0.9302669314195632,0.9302669314195632,0.9302669314195632,0.9302669314195632
cand0111,cand0130,0.6699715353327952,0.929350547852886,0.929350547852886,0.929350547852886
cand0025,cand0102,0.9236035050376047,0.9264490934189754,0.9264490934189754,0.9264490934189754
cand0018,cand0102,0.9224188048043952,0.9264346223241536,0.9264346223241536,0.9264346223241536
cand0007,cand0103,0.88488677293862,0.9260767183751227,0.9260767183751227,0.9260767183751227
cand0023,cand0102,0.9258866359562484,0.9258866359562484,0.9258866359562484,0.9258866359562484
cand0022,cand0102,0.9258866358091551,0.9258866358091551,0.9258866358091551,0.9258866358091551
cand0014,cand0102,0.9233162362398629,0.9254750216884807,0.9254750216884807,0.9254750216884807
cand0002,cand0021,0.7256878459768724,0.9251305912308133,0.9251305912308133,0.9251305912308133
cand0152,cand0158,0.9250803650047322,0.9250803650047319,0.9250803650047319,0.9250803650047319
cand0152,cand0159,0.9250803650047322,0.9250803650047319,0.9250803650047319,0.9250803650047319
cand0177,cand0179,0.9247780224521597,0.9247780224521596,0.9247780224521596,0.9247780224521596
cand0114,cand0117,0.9223374872661224,0.9242146253161542,0.9242146253161542,0.9242146253161542
cand0023,cand0105,0.8382695256614944,0.923467345556014,0.923467345556014,0.923467345556014
cand0022,cand0105,0.8382695248928412,0.9234673446229019,0.9234673446229019,0.9234673446229019
cand0014,cand0105,0.840153132379115,0.9229867773207777,0.9229867773207777,0.9229867773207777
cand0020,cand0107,0.8987643182870039,0.922051625357441,0.922051625357441,0.922051625357441
cand0020,cand0108,0.8987643180381912,0.9220516250875199,0.9220516250875199,0.9220516250875199
cand0020,cand0106,0.8987643179240942,0.9220516250124374,0.9220516250124374,0.9220516250124374
cand0179,cand0181,0.9216804735301737,0.9216804735301733,0.9216804735301733,0.9216804735301733
cand0159,cand0182,0.9210291480517587,0.9210291480517591,0.9210291480517591,0.9210291480517591
cand0158,cand0182,0.9210291480517587,0.9210291480517591,0.9210291480517591,0.9210291480517591
cand0158,cand0163,0.9196048283143717,0.9196048283143722,0.9196048283143722,0.9196048283143722
cand0159,cand0163,0.9196048283143717,0.9196048283143722,0.9196048283143722,0.9196048283143722
cand0018,cand0105,0.8385537655119611,0.9192543761471588,0.9192543761471588,0.9192543761471588
cand0176,cand0182,0.9190581758156405,0.9190581758156405,0.9190581758156405,0.9190581758156405
cand0025,cand0105,0.8370649423190512,0.9187576904781759,0.9187576904781759,0.9187576904781759
cand0182,cand0184,0.9186718008897274,0.9186718008897276,0.9186718008897276,0.9186718008897276
cand0179,cand0185,0.9186247507437374,0.9186247507437374,0.9186247507437374,0.9186247507437374
cand0002,cand0100,0.7344622235924178,0.9186092290065438,0.9186092290065438,0.9186092290065438
cand0002,cand0114,0.7360191062216188,0.9182789240110355,0.9182789240110355,0.9182789240110355
cand0007,cand0112,0.9107058057426235,0.9181288822419612,0.9181288822419612,0.9181288822419612
cand0182,cand0183,0.9178730067650125,0.9178730067650126,0.9178730067650126,0.9178730067650126
cand0176,cand0179,0.9178140785842295,0.9178140785842296,0.9178140785842296,0.9178140785842296
cand0033,cand0106,0.8963668470998812,0.9175404903784091,0.9175404903784091,0.9175404903784091
cand0033,cand0107,0.896366843622911,0.9175404868311285,0.9175404868311285,0.9175404868311285
cand0033,cand0108,0.8963668423297952,0.917540485535641,0.917540485535641,0.917540485535641
cand0184,cand0185,0.9166463144986691,0.9166463144986688,0.9166463144986688,0.9166463144986688
cand0022,cand0205,0.8770140346463025,0.9165560430365585,0.9165560430365585,0.9165560430365585
cand0023,cand0205,0.877014034516248,0.9165560428854324,0.9165560428854324,0.9165560428854324
cand0014,cand0205,0.8790087378224872,0.9160546875142224,0.9160546875142224,0.9160546875142224
cand0011,cand0106,0.8938935175479998,0.9158585459971004,0.9158585459971004,0.9158585459971004
cand0011,cand0108,0.8938935142694462,0.9158585426834257,0.9158585426834257,0.9158585426834257
cand0011,cand0107,0.8938935119916993,0.9158585402770278,0.9158585402770278,0.9158585402770278
cand0007,cand0086,0.7341533137496896,0.9156439387653365,0.9156439387653365,0.9156439387653365
cand0179,cand0187,0.9148782219421498,0.9148782219421496,0.9148782219421496,0.9148782219421496
cand0019,cand0036,0.9069725569587583,0.9141816839653879,0.9141816839653879,0.9141816839653879
cand0021,cand0036,0.8882361966215883,0.9130252723108252,0.9130252723108252,0.9130252723108252
cand0048,cand0107,0.8905003805985563,0.9130195634840222,0.9130195634840222,0.9130195634840222
cand0048,cand0106,0.8905003773953346,0.9130195602592633,0.9130195602592633,0.9130195602592633
cand0048,cand0108,0.8905003770840689,0.9130195598656826,0.9130195598656826,0.9130195598656826
cand0020,cand0048,0.9113460219932225,0.9127814298230735,0.9127814298230735,0.9127814298230735
cand0177,cand0187,0.9127307693755426,0.9127307693755422,0.9127307693755422,0.9127307693755422
cand0161,cand0162,0.9117156617529593,0.9117156617529595,0.9117156617529595,0.9117156617529595
cand0178,cand0181,0.9113601427132331,0.9113601427132328,0.9113601427132328,0.9113601427132328
cand0163,cand0164,0.911315649520402,0.9113156495204017,0.9113156495204017,0.9113156495204017
cand0018,cand0205,0.8738261067404826,0.9112935568130697,0.9112935568130697,0.9112935568130697
cand0037,cand0114,0.9090362214623813,0.9109800920222042,0.9109800920222042,0.9109800920222042
cand0164,cand0182,0.9102732045252754,0.9102732045252748,0.9102732045252748,0.9102732045252748
cand0181,cand0187,0.9096386936447506,0.9096386936447505,0.9096386936447505,0.9096386936447505
cand0102,cand0107,0.8882405005903081,0.909303464463584,0.909303464463584,0.909303464463584
cand0102,cand0108,0.8882405000995875,0.9093034640031109,0.9093034640031109,0.9093034640031109
cand0102,cand0106,0.8882404989299454,0.9093034628595035,0.9093034628595035,0.9093034628595035
cand0156,cand0168,0.9089934769031532,0.9089934769031532,0.9089934769031532,0.9089934769031532
cand0165,cand0181,0.9088049598744915,0.9088049598744921,0.9088049598744921,0.9088049598744921
cand0177,cand0178,0.908190087892253,0.9081900878922526,0.9081900878922526,0.9081900878922526
cand0154,cand0161,0.9078213659995722,0.9078213659995723,0.9078213659995723,0.9078213659995723
cand0155,cand0161,0.9078213659995722,0.9078213659995723,0.9078213659995723,0.9078213659995723
cand0002,cand0047,0.7199834032200905,0.9073784162720296,0.9073784162720296,0.9073784162720296
cand0025,cand0205,0.8712390731347838,0.9070921625470196,0.9070921625470196,0.9070921625470196
cand0176,cand0187,0.9068870235345334,0.9068870235345339,0.9068870235345339,0.9068870235345339
cand0050,cand0079,0.8329766564933342,0.9065970570812305,0.9065970570812305,0.9065970570812305
cand0020,cand0033,0.9053699082038481,0.9058544437014423,0.9058544437014423,0.9058544437014423
cand0165,cand0177,0.9056386519009343,0.9056386519009347,0.9056386519009347,0.9056386519009347
cand0161,cand0166,0.9056252851541272,0.9056252851541269,0.9056252851541269,0.9056252851541269
cand0183,cand0185,0.9054916417883375,0.9054916417883376,0.9054916417883376,0.9054916417883376
cand0002,cand0117,0.7250557312866632,0.9054509438299085,0.9054509438299085,0.9054509438299085
cand0035,cand0105,0.7674959599356629,0.9050831113239065,0.9050831113239065,0.9050831113239065
cand0163,cand0166,0.9049038783543075,0.9049038783543075,0.9049038783543075,0.9049038783543075
cand0035,cand0106,0.8228712718564258,0.9047179769469699,0.9047179769469699,0.9047179769469699
cand0035,cand0107,0.8228712694357564,0.9047179731756927,0.9047179731756927,0.9047179731756927
cand0035,cand0108,0.8228712684481501,0.904717970915371,0.904717970915371,0.904717970915371
cand0006,cand0007,0.8921929136425775,0.9044919618113147,0.9044919618113147,0.9044919618113147
cand0011,cand0020,0.9015670314200627,0.9042169814956146,0.9042169814956146,0.9042169814956146
cand0161,cand0164,0.9031642419419466,0.9031642419419467,0.9031642419419467,0.9031642419419467
cand0155,cand0177,0.9027126439718327,0.9027126439718328,0.9027126439718328,0.9027126439718328
cand0154,cand0177,0.9027126439718327,0.9027126439718328,0.9027126439718328,0.9027126439718328
cand0166,cand0182,0.9020571659725284,0.9020571659725288,0.9020571659725288,0.9020571659725288
cand0037,cand0100,0.8970088019537534,0.9010525618059347,0.9010525618059347,0.9010525618059347
cand0155,cand0163,0.9004347669318558,0.9004347669318555,0.9004347669318555,0.9004347669318555
cand0154,cand0163,0.9004347669318558,0.9004347669318555,0.9004347669318555,0.9004347669318555
cand0155,cand0181,0.9002970123341888,0.9002970123341894,0.9002970123341894,0.9002970123341894
cand0154,cand0181,0.9002970123341888,0.9002970123341894,0.9002970123341894,0.9002970123341894
cand0158,cand0161,0.8997737170034361,0.8997737170034364,0.8997737170034364,0.8997737170034364
cand0159,cand0161,0.8997737170034361,0.8997737170034364,0.8997737170034364,0.8997737170034364
cand0036,cand0100,0.8957294550896236,0.8991189737773321,0.8991189737773321,0.8991189737773321
cand0048,cand0102,0.8977578107787043,0.8990963658736677,0.8990963658736677,0.8990963658736677
cand0166,cand0177,0.8990631168443441,0.899063116844344,0.899063116844344,0.899063116844344
cand0162,cand0182,0.8990486014994521,0.8990486014994519,0.8990486014994519,0.8990486014994519
cand0103,cand0112,0.8657396876644622,0.8989298842369312,0.8989298842369312,0.8989298842369312
cand0162,cand0177,0.8988636841706338,0.8988636841706339,0.8988636841706339,0.8988636841706339
cand0077,cand0086,0.7181508157874015,0.898171473709177,0.898171473709177,0.898171473709177
cand0057,cand0079,0.8385270750115456,0.8967618180259128,0.8967618180259128,0.8967618180259128
cand0162,cand0181,0.8964592769593868,0.8964592769593869,0.8964592769593869,0.8964592769593869
cand0162,cand0163,0.8964259889426202,0.8964259889426198,0.8964259889426198,0.8964259889426198
cand0154,cand0182,0.8961671534483926,0.8961671534483927,0.8961671534483927,0.8961671534483927
cand0155,cand0182,0.8961671534483926,0.8961671534483927,0.8961671534483927,0.8961671534483927
cand0166,cand0181,0.8959990970799562,0.8959990970799557,0.8959990970799557,0.8959990970799557
cand0011,cand0033,0.8922166630039559,0.8957882699414237,0.8957882699414237,0.8957882699414237
cand0002,cand0019,0.7155004954329219,0.8937045047139751,0.8937045047139751,0.8937045047139751
cand0164,cand0177,0.8932423862740575,0.8932423862740576,0.8932423862740576,0.8932423862740576
cand0161,cand0165,0.8930812144131356,0.8930812144131351,0.8930812144131351,0.8930812144131351
cand0086,cand0112,0.721815361805403,0.8928515044291717,0.8928515044291717,0.8928515044291717
cand0033,cand0048,0.8906440473872653,0.8926749940565072,0.8926749940565072,0.8926749940565072
cand0086,cand0103,0.7229440090245723,0.8921426702315058,0.8921426702315058,0.8921426702315058
cand0037,cand0117,0.8892623402652695,0.8917252478765356,0.8917252478765356,0.8917252478765356
cand0169,cand0172,0.8917082605777884,0.8917082605777886,0.8917082605777886,0.8917082605777886
cand0169,cand0173,0.8917082605777884,0.8917082605777886,0.8917082605777886,0.8917082605777886
cand0169,cand0175,0.8917082605777884,0.8917082605777886,0.8917082605777886,0.8917082605777886
cand0169,cand0174,0.8917082605777884,0.8917082605777886,0.8917082605777886,0.8917082605777886
cand0011,cand0205,0.854840727584671,0.891643571972385,0.891643571972385,0.891643571972385
cand0033,cand0102,0.8916431808635215,0.8916431808635217,0.8916431808635217,0.8916431808635217
cand0002,cand0103,0.6920415960779536,0.8911175662814247,0.8911175662814247,0.8911175662814247
cand0156,cand0178,0.8907488322967548,0.8907488322967547,0.8907488322967547,0.8907488322967547
cand0164,cand0181,0.8899144560147083,0.8899144560147081,0.8899144560147081,0.8899144560147081
cand0011,cand0105,0.8094656991149706,0.8897673064031418,0.8897673064031418,0.8897673064031418
cand0102,cand0105,0.8076361508269121,0.8896053291820925,0.8896053291820925,0.8896053291820925
cand0102,cand0103,0.8518122465576384,0.8893223330385299,0.8893223330385299,0.8893223330385299
cand0179,cand0182,0.8888038971176078,0.8888038971176073,0.8888038971176073,0.8888038971176073
cand0156,cand0181,0.8887388625979779,0.8887388625979779,0.8887388625979779,0.8887388625979779
cand0077,cand0112,0.8054384143882434,0.8880377395394617,0.8880377395394617,0.8880377395394617
cand0177,cand0185,0.8879556037709508,0.8879556037709511,0.8879556037709511,0.8879556037709511
cand0161,cand0168,0.8867665541675228,0.886766554167523,0.886766554167523,0.886766554167523
cand0020,cand0105,0.8043769202450758,0.8861668066764695,0.8861668066764695,0.8861668066764695
cand0163,cand0165,0.8859556779162735,0.8859556779162733,0.8859556779162733,0.8859556779162733
cand0002,cand0095,0.6921054155839231,0.885727872475464,0.885727872475464,0.885727872475464
cand0156,cand0177,0.885639550527107,0.8856395505271072,0.8856395505271072,0.8856395505271072
cand0159,cand0177,0.8852610451179463,0.8852610451179467,0.8852610451179467,0.8852610451179467
cand0158,cand0177,0.8852610451179463,0.8852610451179467,0.8852610451179467,0.8852610451179467
cand0020,cand0102,0.8848115981862718,0.885091121773531,0.885091121773531,0.885091121773531
cand0181,cand0185,0.8846127667218096,0.8846127667218097,0.8846127667218097,0.8846127667218097
cand0163,cand0168,0.884523688332853,0.8845236883328524,0.8845236883328524,0.8845236883328524
cand0033,cand0105,0.8027339699566222,0.8843446851824669,0.8843446851824669,0.8843446851824669
cand0161,cand0178,0.8840889854731985,0.8840889854731988,0.8840889854731988,0.8840889854731988
cand0019,cand0021,0.8614971010253755,0.8840716291330424,0.8840716291330424,0.8840716291330424
cand0006,cand0103,0.855145765986726,0.8837286119345876,0.8837286119345876,0.8837286119345876
cand0156,cand0165,0.8834368756036224,0.8834368756036225,0.8834368756036225,0.8834368756036225
cand0176,cand0185,0.8830842409909622,0.8830842409909624,0.8830842409909624,0.8830842409909624
cand0019,cand0100,0.877895659409371,0.8830838379573256,0.8830838379573256,0.8830838379573256
cand0036,cand0117,0.8805514011426542,0.8823215011778319,0.8823215011778319,0.8823215011778319
cand0158,cand0181,0.8818846360860062,0.8818846360860065,0.8818846360860065,0.8818846360860065
cand0159,cand0181,0.8818846360860062,0.8818846360860065,0.8818846360860065,0.8818846360860065
cand0036,cand0114,0.8796889235153966,0.8813012929330705,0.8813012929330705,0.8813012929330705
cand0047,cand0079,0.8203523600988014,0.8810561780441911,0.8810561780441911,0.8810561780441911
cand0076,cand0105,0.848734571516258,0.8806551246947805,0.8806551246947805,0.8806551246947805
cand0020,cand0205,0.8418790930779182,0.8797705900123575,0.8797705900123575,0.8797705900123575
cand0036,cand0047,0.8783702310310152,0.8796099139344615,0.8796099139344615,0.8796099139344615
cand0176,cand0178,0.8791609720777228,0.8791609720777224,0.8791609720777224,0.8791609720777224
cand0168,cand0182,0.8782308691792,0.8782308691792,0.8782308691792,0.8782308691792
cand0169,cand0171,0.8781122485031372,0.8781122485031375,0.8781122485031375,0.8781122485031375
cand0035,cand0103,0.7830911517536879,0.8776605539888995,0.8776605539888995,0.8776605539888995
cand0182,cand0187,0.8773243718332518,0.8773243718332518,0.8773243718332518,0.8773243718332518
cand0165,cand0182,0.8772896276363057,0.8772896276363055,0.8772896276363055,0.8772896276363055
cand0163,cand0178,0.8770921981380754,0.8770921981380759,0.8770921981380759,0.8770921981380759
cand0002,cand0037,0.7053504886465896,0.8770015560127147,0.8770015560127147,0.8770015560127147
cand0102,cand0131,0.8376300387119447,0.8769601655078328,0.8769601655078328,0.8769601655078328
cand0156,cand0162,0.8769440034913194,0.8769440034913195,0.8769440034913195,0.8769440034913195
cand0006,cand0077,0.79343689177184,0.8768335843083589,0.8768335843083589,0.8768335843083589
cand0171,cand0180,0.8766495785584384,0.8766495785584386,0.8766495785584386,0.8766495785584386
cand0165,cand0176,0.8765159365117269,0.8765159365117267,0.8765159365117267,0.8765159365117267
cand0006,cand0086,0.7079437682241478,0.8757407235765698,0.8757407235765698,0.8757407235765698
cand0021,cand0114,0.8508690453710485,0.8755608238761133,0.8755608238761133,0.8755608238761133
cand0152,cand0181,0.8754836788218188,0.875483678821819,0.875483678821819,0.875483678821819
cand0079,cand0136,0.7371375745466142,0.875080089757656,0.875080089757656,0.875080089757656
cand0079,cand0135,0.7371375728555128,0.8750800858513111,0.8750800858513111,0.8750800858513111
cand0168,cand0177,0.875049067130267,0.8750490671302666,0.8750490671302666,0.8750490671302666
cand0083,cand0102,0.8720728433715184,0.874521271672116,0.874521271672116,0.874521271672116
cand0079,cand0137,0.7441356364155319,0.8741693291060689,0.8741693291060689,0.8741693291060689
cand0102,cand0133,0.6730316874389349,0.8739606541790611,0.8739606541790611,0.8739606541790611
cand0071,cand0115,0.8491593327289754,0.8739128158734933,0.8739128158734933,0.8739128158734933
cand0104,cand0118,0.8697446943847518,0.8736450224695602,0.8736450224695602,0.8736450224695602
cand0056,cand0100,0.8460954531524052,0.8735740374015796,0.8735740374015796,0.8735740374015796
cand0010,cand0102,0.6675288806461065,0.8735447322723633,0.8735447322723633,0.8735447322723633
cand0100,cand0102,0.8690559613317504,0.8734160249935642,0.8734160249935642,0.8734160249935642
cand0155,cand0176,0.8732188062443936,0.8732188062443936,0.8732188062443936,0.8732188062443936
cand0154,cand0176,0.8732188062443936,0.8732188062443936,0.8732188062443936,0.8732188062443936
cand0002,cand0102,0.6985558087932537,0.8730680455825693,0.8730680455825693,0.8730680455825693
cand0172,cand0180,0.8728350436772195,0.8728350436772195,0.8728350436772195,0.8728350436772195
cand0175,cand0180,0.8728350436772195,0.8728350436772195,0.8728350436772195,0.8728350436772195
cand0173,cand0180,0.8728350436772195,0.8728350436772195,0.8728350436772195,0.8728350436772195
cand0174,cand0180,0.8728350436772195,0.8728350436772195,0.8728350436772195,0.8728350436772195
cand0168,cand0181,0.8727173295676575,0.8727173295676572,0.8727173295676572,0.8727173295676572
cand0102,cand0129,0.872580082819867,0.8725800828198673,0.8725800828198673,0.8725800828198673
cand0056,cand0117,0.8438122528925748,0.8724593485786317,0.8724593485786317,0.8724593485786317
cand0152,cand0177,0.8724407784275688,0.8724407784275688,0.8724407784275688,0.8724407784275688
cand0102,cand0139,0.6635468674622927,0.8723904337210041,0.8723904337210041,0.8723904337210041
cand0161,cand0163,0.8722345053755315,0.8722345053755319,0.8722345053755319,0.8722345053755319
cand0048,cand0105,0.7939870978341229,0.8720339430432144,0.8720339430432144,0.8720339430432144
cand0102,cand0142,0.6614589290055881,0.8719590992523022,0.8719590992523022,0.8719590992523022
cand0102,cand0138,0.6730939886339501,0.8719287369668803,0.8719287369668803,0.8719287369668803
cand0166,cand0176,0.8719199457864562,0.8719199457864563,0.8719199457864563,0.8719199457864563
cand0155,cand0156,0.8717466177070498,0.8717466177070496,0.8717466177070496,0.8717466177070496
cand0154,cand0156,0.8717466177070498,0.8717466177070496,0.8717466177070496,0.8717466177070496
cand0102,cand0114,0.8688576312978284,0.8716310432741569,0.8716310432741569,0.8716310432741569
cand0164,cand0176,0.8707244139871821,0.8707244139871826,0.8707244139871826,0.8707244139871826
cand0102,cand0135,0.7804120039788234,0.8705411325321394,0.8705411325321394,0.8705411325321394
cand0102,cand0136,0.780411998889408,0.8705411270417062,0.8705411270417062,0.8705411270417062
cand0102,cand0137,0.7896003124708371,0.8703611097038385,0.8703611097038385,0.8703611097038385
cand0102,cand0143,0.6871681276093186,0.87035986878274,0.87035986878274,0.87035986878274
cand0063,cand0083,0.8682169066948403,0.8703384869612513,0.8703384869612513,0.8703384869612513
cand0102,cand0141,0.671888197173937,0.8701612284091537,0.8701612284091537,0.8701612284091537
cand0158,cand0170,0.8700687123749105,0.8700687123749103,0.8700687123749103,0.8700687123749103
cand0159,cand0170,0.8700687123749105,0.8700687123749103,0.8700687123749103,0.8700687123749103
cand0033,cand0205,0.8316969767455914,0.8699229211220729,0.8699229211220729,0.8699229211220729
cand0023,cand0035,0.772138102290441,0.8694949402925551,0.8694949402925551,0.8694949402925551
cand0022,cand0035,0.7721381013381736,0.8694949388547303,0.8694949388547303,0.8694949388547303
cand0162,cand0176,0.8694445230844393,0.8694445230844394,0.8694445230844394,0.8694445230844394
cand0102,cand0140,0.6661032090065493,0.8694414306287928,0.8694414306287928,0.8694414306287928
cand0079,cand0134,0.6177012623218237,0.8690837796519217,0.8690837796519217,0.8690837796519217
cand0014,cand0035,0.773829082172746,0.8690586420478217,0.8690586420478217,0.8690586420478217
cand0159,cand0176,0.8689914879287144,0.8689914879287142,0.8689914879287142,0.8689914879287142
cand0158,cand0176,0.8689914879287144,0.8689914879287142,0.8689914879287142,0.8689914879287142
cand0035,cand0102,0.7710776571115466,0.868625477998736,0.868625477998736,0.868625477998736
cand0178,cand0184,0.86854720690511,0.8685472069051101,0.8685472069051101,0.8685472069051101
cand0102,cand0134,0.6565026248970364,0.868378778248646,0.868378778248646,0.868378778248646
cand0055,cand0056,0.8386414136777469,0.8682651234920418,0.8682651234920418,0.8682651234920418
cand0006,cand0035,0.7764861273215444,0.8682076840965848,0.8682076840965848,0.8682076840965848
cand0156,cand0166,0.8680747811795675,0.8680747811795674,0.8680747811795674,0.8680747811795674
cand0102,cand0126,0.7207823355940192,0.8679898162530744,0.8679898162530744,0.8679898162530744
cand0063,cand0131,0.8350113065221735,0.8679279562221871,0.8679279562221871,0.8679279562221871
cand0102,cand0128,0.6714238969766539,0.8678401538001077,0.8678401538001077,0.8678401538001077
cand0178,cand0182,0.8673236909783996,0.8673236909783995,0.8673236909783995,0.8673236909783995
cand0007,cand0035,0.7676018318165126,0.8668630028012484,0.8668630028012484,0.8668630028012484
cand0036,cand0056,0.8374187022192293,0.8667962168959513,0.8667962168959513,0.8667962168959513
cand0102,cand0132,0.679572069345543,0.866792078424224,0.866792078424224,0.866792078424224
cand0063,cand0139,0.6598419462106707,0.8666701069926627,0.8666701069926627,0.8666701069926627
cand0178,cand0183,0.866387666727935,0.866387666727935,0.866387666727935,0.866387666727935
cand0033,cand0035,0.7708388936738689,0.8660880894543611,0.8660880894543611,0.8660880894543611
cand0165,cand0184,0.8660216014456699,0.8660216014456701,0.8660216014456701,0.8660216014456701
cand0021,cand0117,0.843224617772925,0.8658937771829897,0.8658937771829897,0.8658937771829897
cand0055,cand0100,0.8619998059383771,0.8656520460326369,0.8656520460326369,0.8656520460326369
cand0102,cand0112,0.8634070288078145,0.8656105110326963,0.8656105110326963,0.8656105110326963
cand0102,cand0127,0.6796233814167222,0.865273363654974,0.865273363654974,0.865273363654974
cand0063,cand0133,0.6660868504941597,0.8646287350393017,0.8646287350393017,0.8646287350393017
cand0184,cand0186,0.8645483240031798,0.8645483240031805,0.8645483240031805,0.8645483240031805
cand0102,cand0122,0.855610570151416,0.8644416392470747,0.8644416392470747,0.8644416392470747
cand0018,cand0035,0.7704838986996635,0.8644270657669006,0.8644270657669006,0.8644270657669006
cand0063,cand0142,0.6576428681566507,0.8642900791533973,0.8642900791533973,0.8642900791533973
cand0183,cand0186,0.8642027478869543,0.8642027478869544,0.8642027478869544,0.8642027478869544
cand0063,cand0129,0.8629471895092403,0.8638905858680024,0.8638905858680024,0.8638905858680024
cand0165,cand0183,0.8638560742426048,0.8638560742426044,0.8638560742426044,0.8638560742426044
cand0177,cand0186,0.8632866368721432,0.8632866368721436,0.8632866368721436,0.8632866368721436
cand0117,cand0122,0.8563272268669212,0.8631815032762035,0.8631815032762035,0.8631815032762035
cand0156,cand0164,0.8631718387497309,0.8631718387497308,0.8631718387497308,0.8631718387497308
cand0179,cand0180,0.8630549268220473,0.8630549268220478,0.8630549268220478,0.8630549268220478
cand0102,cand0130,0.6763691159274869,0.8630279811677029,0.8630279811677029,0.8630279811677029
cand0155,cand0184,0.8628951866221558,0.8628951866221554,0.8628951866221554,0.8628951866221554
cand0154,cand0184,0.8628951866221558,0.8628951866221554,0.8628951866221554,0.8628951866221554
cand0169,cand0179,0.8622676861286495,0.8622676861286493,0.8622676861286493,0.8622676861286493
cand0050,cand0136,0.7919972561590943,0.8622586411485064,0.8622586411485064,0.8622586411485064
cand0050,cand0135,0.7919972549491383,0.8622586398553764,0.8622586398553764,0.8622586398553764
cand0036,cand0103,0.8269859709768757,0.8620914608356287,0.8620914608356287,0.8620914608356287
cand0050,cand0077,0.7857244266865415,0.8619407958567141,0.8619407958567141,0.8619407958567141
cand0170,cand0182,0.8619197179817419,0.8619197179817419,0.8619197179817419,0.8619197179817419
cand0063,cand0140,0.6612369380054185,0.8617004346564345,0.8617004346564345,0.8617004346564345
cand0071,cand0113,0.8427602255307214,0.861647466059475,0.861647466059475,0.861647466059475
cand0166,cand0184,0.86163308154168,0.8616330815416797,0.8616330815416797,0.8616330815416797
cand0152,cand0161,0.8616309752819337,0.8616309752819336,0.8616309752819336,0.8616309752819336
cand0011,cand0102,0.8591562983478938,0.8615856276925588,0.8615856276925588,0.8615856276925588
cand0063,cand0138,0.666307635743612,0.8615719561330569,0.8615719561330569,0.8615719561330569
cand0077,cand0079,0.764009505369427,0.8614371239081798,0.8614371239081798,0.8614371239081798
cand0161,cand0185,0.8613675726319312,0.8613675726319318,0.8613675726319318,0.8613675726319318
cand0164,cand0170,0.8612857651046849,0.8612857651046851,0.8612857651046851,0.8612857651046851
cand0152,cand0163,0.861245608928254,0.8612456089282539,0.8612456089282539,0.8612456089282539
cand0063,cand0143,0.6815198735779944,0.8612428727051614,0.8612428727051614,0.8612428727051614
cand0050,cand0137,0.7992775644403584,0.861171740966703,0.861171740966703,0.861171740966703
cand0063,cand0134,0.6586135124102092,0.8611225994245335,0.8611225994245335,0.8611225994245335
cand0063,cand0141,0.6660751634225068,0.8609033099287404,0.8609033099287404,0.8609033099287404
cand0155,cand0183,0.8608807288472106,0.860880728847211,0.860880728847211,0.860880728847211
cand0154,cand0183,0.8608807288472106,0.860880728847211,0.860880728847211,0.860880728847211
cand0035,cand0112,0.7675811376236893,0.8608475877241413,0.8608475877241413,0.8608475877241413
cand0025,cand0035,0.7668782757676524,0.8607977144550941,0.8607977144550941,0.8607977144550941
cand0185,cand0187,0.8607785940968838,0.8607785940968838,0.8607785940968838,0.8607785940968838
cand0102,cand0125,0.6384122467487565,0.8607728907381366,0.8607728907381366,0.8607728907381366
cand0164,cand0184,0.8605397057278322,0.8605397057278324,0.8605397057278324,0.8605397057278324
cand0181,cand0186,0.8604480095072107,0.8604480095072108,0.8604480095072108,0.8604480095072108
cand0019,cand0117,0.8536790760621265,0.8601202052512871,0.8601202052512871,0.8601202052512871
cand0010,cand0063,0.6542111248183923,0.8597941318140094,0.8597941318140094,0.8597941318140094
cand0166,cand0183,0.8596775038044486,0.8596775038044484,0.8596775038044484,0.8596775038044484
cand0047,cand0135,0.7722539114148195,0.8596660855513177,0.8596660855513177,0.8596660855513177
cand0047,cand0136,0.7722539101788901,0.8596660839977908,0.8596660839977908,0.8596660839977908
cand0002,cand0050,0.6674180875697704,0.8595667682676322,0.8595667682676322,0.8595667682676322
cand0063,cand0137,0.7874802342269903,0.8592569648765203,0.8592569648765203,0.8592569648765203
cand0063,cand0135,0.7790798495388896,0.859248794419427,0.859248794419427,0.859248794419427
cand0063,cand0136,0.779079849211701,0.8592487942596059,0.8592487942596059,0.8592487942596059
cand0162,cand0184,0.8591481941834392,0.859148194183439,0.859148194183439,0.859148194183439
cand0063,cand0126,0.7147516183052003,0.8588932462978618,0.8588932462978618,0.8588932462978618
cand0158,cand0184,0.8588168754233992,0.858816875423399,0.858816875423399,0.858816875423399
cand0159,cand0184,0.8588168754233992,0.858816875423399,0.858816875423399,0.858816875423399
cand0164,cand0183,0.8586564250618834,0.8586564250618836,0.8586564250618836,0.8586564250618836
cand0079,cand0142,0.6086179480183159,0.8586279144329516,0.8586279144329516,0.8586279144329516
cand0036,cand0079,0.8023038217274355,0.8585369154253695,0.8585369154253695,0.8585369154253695
cand0063,cand0128,0.6650569461745736,0.8584372387483877,0.8584372387483877,0.8584372387483877
cand0047,cand0137,0.7799763898160054,0.858218405634013,0.858218405634013,0.858218405634013
cand0063,cand0132,0.6734535818254728,0.8581084153079473,0.8581084153079473,0.8581084153079473
cand0079,cand0139,0.6076054672652264,0.8576567844097089,0.8576567844097089,0.8576567844097089
cand0050,cand0134,0.6639449382156035,0.8571940490206647,0.8571940490206647,0.8571940490206647
cand0162,cand0183,0.8571540249175983,0.8571540249175983,0.8571540249175983,0.8571540249175983
cand0002,cand0079,0.669778508957546,0.8570523570632725,0.8570523570632725,0.8570523570632725
cand0159,cand0183,0.8570483811817378,0.8570483811817378,0.8570483811817378,0.8570483811817378
cand0158,cand0183,0.8570483811817378,0.8570483811817378,0.8570483811817378,0.8570483811817378
cand0103,cand0105,0.7804971445243537,0.8569895767304679,0.8569895767304679,0.8569895767304679
cand0156,cand0176,0.856890138537944,0.856890138537944,0.856890138537944,0.856890138537944
cand0156,cand0159,0.856531958440437,0.8565319584404373,0.8565319584404373,0.8565319584404373
cand0156,cand0158,0.856531958440437,0.8565319584404373,0.8565319584404373,0.8565319584404373
cand0063,cand0127,0.6731303497160248,0.8563788154855526,0.8563788154855526,0.8563788154855526
cand0021,cand0103,0.8051598732225842,0.8563214254832895,0.8563214254832895,0.8563214254832895
cand0102,cand0117,0.8526321722153839,0.8554520232163388,0.8554520232163388,0.8554520232163388
cand0079,cand0131,0.771913580576418,0.8549623232918483,0.8549623232918483,0.8549623232918483
cand0007,cand0077,0.7834427862526324,0.8549606538177984,0.8549606538177984,0.8549606538177984
cand0019,cand0056,0.8311821106541107,0.854942837418429,0.854942837418429,0.854942837418429
cand0063,cand0125,0.6348288294909826,0.8549284834662175,0.8549284834662175,0.8549284834662175
cand0166,cand0170,0.8544833777657208,0.8544833777657211,0.8544833777657211,0.8544833777657211
cand0006,cand0102,0.847222348455792,0.854412761996597,0.854412761996597,0.854412761996597
cand0019,cand0114,0.8469359301985563,0.8542358547899346,0.8542358547899346,0.8542358547899346
cand0063,cand0130,0.6696812944809838,0.8538319659350492,0.8538319659350492,0.8538319659350492
cand0036,cand0055,0.8507652897770193,0.8535846193757338,0.8535846193757338,0.8535846193757338
cand0036,cand0135,0.762443599354776,0.8533801694668409,0.8533801694668409,0.8533801694668409
cand0036,cand0136,0.7624435967860964,0.8533801660570542,0.8533801660570542,0.8533801660570542
cand0047,cand0134,0.6465665171655047,0.8530067654213499,0.8530067654213499,0.8530067654213499
cand0021,cand0047,0.8288598898833719,0.8527008107779734,0.8527008107779734,0.8527008107779734
cand0176,cand0186,0.8524848641973217,0.852484864197322,0.852484864197322,0.852484864197322
cand0036,cand0043,0.8515425569364342,0.8524213324270323,0.8524213324270323,0.8524213324270323
cand0083,cand0131,0.8188163999800884,0.8520765883252429,0.8520765883252429,0.8520765883252429
cand0036,cand0137,0.770932241798165,0.8520244628538691,0.8520244628538691,0.8520244628538691
cand0019,cand0103,0.8168258620464391,0.8519141486894666,0.8519141486894666,0.8519141486894666
cand0048,cand0205,0.8180226745608544,0.8518581373756272,0.8518581373756272,0.8518581373756272
cand0182,cand0185,0.8514454035794816,0.8514454035794813,0.8514454035794813,0.8514454035794813
cand0170,cand0184,0.8513163317122271,0.8513163317122269,0.8513163317122269,0.8513163317122269
cand0156,cand0182,0.8510161360108655,0.8510161360108655,0.8510161360108655,0.8510161360108655
cand0076,cand0106,0.8217953575514032,0.850729178581944,0.850729178581944,0.850729178581944
cand0076,cand0108,0.8217953546852029,0.8507291779666947,0.8507291779666947,0.8507291779666947
cand0076,cand0107,0.8217953543437014,0.8507291768813119,0.8507291768813119,0.8507291768813119
cand0163,cand0182,0.8506749657881839,0.850674965788184,0.850674965788184,0.850674965788184
cand0108,cand0115,0.8272585309277288,0.8506103278684001,0.8506103278684001,0.8506103278684001
cand0106,cand0115,0.8272585265595926,0.8506103233731871,0.8506103233731871,0.8506103233731871
cand0107,cand0115,0.8272585244770295,0.8506103213434483,0.8506103213434483,0.8506103213434483
cand0002,cand0135,0.6130421928598617,0.8503912816773089,0.8503912816773089,0.8503912816773089
cand0002,cand0136,0.6130421890085243,0.8503912782267133,0.8503912782267133,0.8503912782267133
cand0083,cand0133,0.6532640592725091,0.8501930029554164,0.8501930029554164,0.8501930029554164
cand0055,cand0117,0.8473943656008043,0.8497144932275572,0.8497144932275572,0.8497144932275572
cand0154,cand0170,0.8497075401834732,0.8497075401834733,0.8497075401834733,0.8497075401834733
cand0155,cand0170,0.8497075401834732,0.8497075401834733,0.8497075401834733,0.8497075401834733
cand0083,cand0139,0.6478145618495318,0.8495246175291105,0.8495246175291105,0.8495246175291105
cand0050,cand0112,0.8338208405916883,0.8494218576977237,0.8494218576977237,0.8494218576977237
cand0002,cand0137,0.6195615141935684,0.8492013773379227,0.8492013773379227,0.8492013773379227
cand0083,cand0129,0.8468962904182457,0.8491514619570927,0.8491514619570927,0.8491514619570927
cand0036,cand0134,0.6402656453948578,0.8486209268605799,0.8486209268605799,0.8486209268605799
cand0079,cand0129,0.7920232248417698,0.8485544099869862,0.8485544099869862,0.8485544099869862
cand0083,cand0142,0.6457585728894942,0.84836738470938,0.84836738470938,0.84836738470938
cand0079,cand0143,0.6283355725368343,0.8482850518711123,0.8482850518711123,0.8482850518711123
cand0036,cand0102,0.8466664607585569,0.8481702585337582,0.8481702585337582,0.8481702585337582
cand0079,cand0138,0.613056702319413,0.8479871313355595,0.8479871313355595,0.8479871313355595
cand0152,cand0182,0.8478442621273073,0.8478442621273071,0.8478442621273071,0.8478442621273071
cand0079,cand0133,0.6093827019798869,0.8477586974013046,0.8477586974013046,0.8477586974013046
cand0007,cand0102,0.8389933239245525,0.8477344983420229,0.8477344983420229,0.8477344983420229
cand0156,cand0184,0.8477198197261425,0.8477198197261422,0.8477198197261422,0.8477198197261422
cand0079,cand0140,0.6092367453872028,0.8474789432885288,0.8474789432885288,0.8474789432885288
cand0010,cand0083,0.6459357898289423,0.8474768374902806,0.8474768374902806,0.8474768374902806
cand0106,cand0205,0.7991613165539796,0.8474014554388384,0.8474014554388384,0.8474014554388384
cand0108,cand0205,0.7991613158823162,0.8474014530529329,0.8474014530529329,0.8474014530529329
cand0107,cand0205,0.7991613118338674,0.8474014489608511,0.8474014489608511,0.8474014489608511
cand0083,cand0138,0.6526903272913069,0.8472810450198153,0.8472810450198153,0.8472810450198153
cand0010,cand0079,0.6088886753346597,0.847238822772851,0.847238822772851,0.847238822772851
cand0083,cand0135,0.767735866696442,0.8470195862396986,0.8470195862396986,0.8470195862396986
cand0083,cand0136,0.7677358634838322,0.84701958298263,0.84701958298263,0.84701958298263
cand0079,cand0141,0.6131509834947045,0.8470107596574894,0.8470107596574894,0.8470107596574894
cand0083,cand0137,0.7759752405220405,0.8469930150627721,0.8469930150627721,0.8469930150627721
cand0108,cand0113,0.8279452319482057,0.846868614966749,0.846868614966749,0.846868614966749
cand0106,cand0113,0.8279452268588499,0.8468686098031714,0.8468686098031714,0.8468686098031714
cand0107,cand0113,0.8279452253454536,0.8468686082838498,0.8468686082838498,0.8468686082838498
cand0033,cand0115,0.8363153010610348,0.846774105378902,0.846774105378902,0.846774105378902
cand0019,cand0055,0.8414806956479491,0.8465080110308726,0.8465080110308726,0.8465080110308726
cand0083,cand0134,0.6473065245738884,0.8464209968411469,0.8464209968411469,0.8464209968411469
cand0112,cand0122,0.839665573253699,0.8464112173738252,0.8464112173738252,0.8464112173738252
cand0168,cand0176,0.8462692296304765,0.8462692296304766,0.8462692296304766,0.8462692296304766
cand0083,cand0143,0.6673415225966749,0.8462467801002405,0.8462467801002405,0.8462467801002405
cand0079,cand0128,0.6137227296495874,0.8460811971080606,0.8460811971080606,0.8460811971080606
cand0156,cand0183,0.8460700867627492,0.8460700867627492,0.8460700867627492,0.8460700867627492
cand0162,cand0170,0.8458911528496277,0.8458911528496277,0.8458911528496277,0.8458911528496277
cand0083,cand0140,0.6460530657799717,0.8455445048717838,0.8455445048717838,0.8455445048717838
cand0170,cand0179,0.8455184041822255,0.8455184041822257,0.8455184041822257,0.8455184041822257
cand0055,cand0079,0.7898515176031192,0.8455039283256055,0.8455039283256055,0.8455039283256055
cand0083,cand0141,0.6509823966065309,0.845331598781154,0.845331598781154,0.845331598781154
cand0083,cand0126,0.7003294646403083,0.8446292503620074,0.8446292503620074,0.8446292503620074
cand0180,cand0184,0.8444355589373881,0.8444355589373878,0.8444355589373878,0.8444355589373878
cand0019,cand0079,0.7849953397871094,0.844395800221105,0.844395800221105,0.844395800221105
cand0152,cand0176,0.8443124261354409,0.8443124261354408,0.8443124261354408,0.8443124261354408
cand0083,cand0128,0.6513754597074712,0.843749227711846,0.843749227711846,0.843749227711846
cand0079,cand0126,0.6582996647571426,0.8433537782930628,0.8433537782930628,0.8433537782930628
cand0043,cand0100,0.8401028759195733,0.8429842893775951,0.8429842893775951,0.8429842893775951
cand0083,cand0132,0.6600361634236712,0.8429593042844398,0.8429593042844398,0.8429593042844398
cand0079,cand0132,0.6184238300251234,0.8427345848885159,0.8427345848885159,0.8427345848885159
cand0011,cand0048,0.8409694220340529,0.8425676368179935,0.8425676368179935,0.8425676368179935
cand0021,cand0100,0.8224429747243113,0.8421613420811382,0.8421613420811382,0.8421613420811382
cand0050,cand0103,0.8260600820697908,0.8420666314760893,0.8420666314760893,0.8420666314760893
cand0083,cand0127,0.6592542148222879,0.8416443851237823,0.8416443851237823,0.8416443851237823
cand0050,cand0139,0.6284802656136221,0.8413797820955828,0.8413797820955828,0.8413797820955828
cand0114,cand0122,0.8319207017982904,0.8412307522926372,0.8412307522926372,0.8412307522926372
cand0050,cand0142,0.6372535903572044,0.841198578653896,0.841198578653896,0.841198578653896
cand0170,cand0183,0.840880089686062,0.840880089686062,0.840880089686062,0.840880089686062
cand0163,cand0184,0.8405177894724918,0.8405177894724918,0.8405177894724918,0.8405177894724918
cand0011,cand0035,0.7471329042543032,0.8402690572667955,0.8402690572667955,0.8402690572667955
cand0079,cand0127,0.617867122082538,0.8400741718647069,0.8400741718647069,0.8400741718647069
cand0161,cand0184,0.8399933964647299,0.8399933964647298,0.8399933964647298,0.8399933964647298
cand0055,cand0114,0.8372716877049117,0.8399897760961248,0.8399897760961248,0.8399897760961248
cand0002,cand0122,0.6645229575055323,0.8394638567326939,0.8394638567326939,0.8394638567326939
cand0083,cand0130,0.6558587102030494,0.8391715466593055,0.8391715466593055,0.8391715466593055
cand0079,cand0130,0.6154962164154403,0.8384350336765627,0.8384350336765627,0.8384350336765627
cand0178,cand0179,0.8382044592338787,0.8382044592338783,0.8382044592338783,0.8382044592338783
cand0019,cand0135,0.7541537038748046,0.8381966283725375,0.8381966283725375,0.8381966283725375
cand0019,cand0136,0.7541537000945826,0.8381966237912217,0.8381966237912217,0.8381966237912217
cand0100,cand0122,0.8313772065215553,0.8376708359943333,0.8376708359943333,0.8376708359943333
cand0050,cand0057,0.8242298429447493,0.8376212635478896,0.8376212635478896,0.8376212635478896
cand0179,cand0186,0.8375219775402182,0.8375219775402184,0.8375219775402184,0.8375219775402184
cand0056,cand0114,0.808182623476116,0.837285066091193,0.837285066091193,0.837285066091193
cand0036,cand0142,0.6346201143757747,0.8370018756067464,0.8370018756067464,0.8370018756067464
cand0019,cand0137,0.7625997140236471,0.836976828272032,0.836976828272032,0.836976828272032
cand0168,cand0170,0.8369362274718642,0.8369362274718642,0.8369362274718642,0.8369362274718642
cand0021,cand0135,0.733345355645213,0.8365439236222524,0.8365439236222524,0.8365439236222524
cand0021,cand0136,0.7333453540257096,0.8365439184167287,0.8365439184167287,0.8365439184167287
cand0036,cand0131,0.7982374881901527,0.8364511251173302,0.8364511251173302,0.8364511251173302
cand0104,cand0105,0.7606969916090702,0.8364366845793064,0.8364366845793064,0.8364366845793064
cand0050,cand0131,0.819577413729683,0.8362331196233013,0.8362331196233013,0.8362331196233013
cand0083,cand0125,0.6194846752781279,0.8362110053448923,0.8362110053448923,0.8362110053448923
cand0036,cand0139,0.6353836210108719,0.8361623648224611,0.8361623648224611,0.8361623648224611
cand0180,cand0183,0.8360561645515754,0.8360561645515754,0.8360561645515754,0.8360561645515754
cand0168,cand0184,0.8358720362354256,0.8358720362354257,0.8358720362354257,0.8358720362354257
cand0161,cand0179,0.8358432843507541,0.8358432843507544,0.8358432843507544,0.8358432843507544
cand0033,cand0113,0.8330497368278212,0.8357762762486796,0.8357762762486796,0.8357762762486796
cand0165,cand0179,0.8357717465873773,0.8357717465873772,0.8357717465873772,0.8357717465873772
cand0042,cand0102,0.8199060413780631,0.8354637887857275,0.8354637887857275,0.8354637887857275
cand0021,cand0137,0.7414577239253493,0.83522941904769,0.83522941904769,0.83522941904769
cand0019,cand0134,0.6349377979808162,0.8349393912799168,0.8349393912799168,0.8349393912799168
cand0103,cand0135,0.7507712100915406,0.8348247345733998,0.8348247345733998,0.8348247345733998
cand0103,cand0136,0.7507712033598589,0.8348247275383246,0.8348247275383246,0.8348247275383246
cand0161,cand0170,0.8348018185986829,0.8348018185986829,0.8348018185986829,0.8348018185986829
cand0002,cand0056,0.6457687642965168,0.8347748669937289,0.8347748669937289,0.8347748669937289
cand0103,cand0134,0.6332616379549311,0.8346861480961235,0.8346861480961235,0.8346861480961235
cand0021,cand0079,0.762240152699109,0.8344017934577993,0.8344017934577993,0.8344017934577993
cand0002,cand0112,0.6550178573559455,0.8343321722358841,0.8343321722358841,0.8343321722358841
cand0165,cand0170,0.8342499442082953,0.8342499442082956,0.8342499442082956,0.8342499442082956
cand0055,cand0131,0.7999830291602678,0.8342125568410347,0.8342125568410347,0.8342125568410347
cand0168,cand0183,0.8339944862194024,0.8339944862194019,0.8339944862194019,0.8339944862194019
cand0103,cand0137,0.7587882447539991,0.8339839569421666,0.8339839569421666,0.8339839569421666
cand0033,cand0112,0.8305486181028915,0.8336709402959919,0.8336709402959919,0.8336709402959919
cand0006,cand0122,0.828466932586877,0.8336666405250251,0.8336666405250251,0.8336666405250251
cand0152,cand0184,0.8336483053277647,0.8336483053277645,0.8336483053277645,0.8336483053277645
cand0055,cand0136,0.7424266698668822,0.8335047569087437,0.8335047569087437,0.8335047569087437
cand0055,cand0135,0.7424266654845778,0.8335047525964173,0.8335047525964173,0.8335047525964173
cand0035,cand0076,0.7318248111319152,0.8334542825464981,0.8334542825464981,0.8334542825464981
cand0043,cand0114,0.8323471764975762,0.8332694267472807,0.8332694267472807,0.8332694267472807
cand0154,cand0179,0.8329284639350757,0.8329284639350754,0.8329284639350754,0.8329284639350754
cand0155,cand0179,0.8329284639350757,0.8329284639350754,0.8329284639350754,0.8329284639350754
cand0047,cand0142,0.6304009869828093,0.832879586418018,0.832879586418018,0.832879586418018
cand0020,cand0035,0.7400199066829202,0.8327826585349816,0.8327826585349816,0.8327826585349816
cand0055,cand0137,0.7508775582953829,0.8327325274074199,0.8327325274074199,0.8327325274074199
cand0021,cand0037,0.808906619739801,0.8325127847137909,0.8325127847137909,0.8325127847137909
cand0047,cand0139,0.6310471037560161,0.832414135764229,0.832414135764229,0.832414135764229
cand0019,cand0047,0.8243796986836706,0.8322846456075502,0.8322846456075502,0.8322846456075502
cand0161,cand0182,0.8321334586765112,0.8321334586765116,0.8321334586765116,0.8321334586765116
cand0002,cand0131,0.6399654319338521,0.8320173509701143,0.8320173509701143,0.8320173509701143
cand0050,cand0129,0.8143846465627078,0.8319068378595392,0.8319068378595392,0.8319068378595392
cand0021,cand0134,0.6162069044039822,0.8319047602322295,0.8319047602322295,0.8319047602322295
cand0166,cand0179,0.8317745086088484,0.8317745086088483,0.8317745086088483,0.8317745086088483
cand0152,cand0183,0.8316738872321862,0.8316738872321863,0.8316738872321863,0.8316738872321863
cand0050,cand0138,0.6315721217216498,0.8310795814971406,0.8310795814971406,0.8310795814971406
cand0036,cand0050,0.8121997412198051,0.8308310938729738,0.8308310938729738,0.8308310938729738
cand0164,cand0179,0.8308020469160265,0.8308020469160269,0.8308020469160269,0.8308020469160269
cand0161,cand0183,0.8307904299639997,0.830790429964,0.830790429964,0.830790429964
cand0050,cand0133,0.627336740711123,0.8305683681627951,0.8305683681627951,0.8305683681627951
cand0050,cand0143,0.6441185513842915,0.8304377265408573,0.8304377265408573,0.8304377265408573
cand0163,cand0183,0.8301109311888359,0.8301109311888364,0.8301109311888364,0.8301109311888364
cand0010,cand0050,0.6319628693534185,0.8298989434992095,0.8298989434992095,0.8298989434992095
cand0086,cand0102,0.6699432670196915,0.8298536236204349,0.8298536236204349,0.8298536236204349
cand0178,cand0187,0.8296389355473726,0.8296389355473723,0.8296389355473723,0.8296389355473723
cand0050,cand0140,0.6245817758811032,0.8294489606554639,0.8294489606554639,0.8294489606554639
cand0021,cand0055,0.806319682941909,0.8293469150108137,0.8293469150108137,0.8293469150108137
cand0083,cand0103,0.7933787605034863,0.8293308126570886,0.8293308126570886,0.8293308126570886
cand0055,cand0134,0.6234385198238843,0.8293018273012114,0.8293018273012114,0.8293018273012114
cand0162,cand0179,0.8292819542523342,0.8292819542523342,0.8292819542523342,0.8292819542523342
cand0159,cand0179,0.8292684875743137,0.8292684875743142,0.8292684875743142,0.8292684875743142
cand0158,cand0179,0.8292684875743137,0.8292684875743142,0.8292684875743142,0.8292684875743142
cand0036,cand0133,0.6375935442203512,0.8292219760134624,0.8292219760134624,0.8292219760134624
cand0050,cand0141,0.628703718700573,0.828941348571231,0.828941348571231,0.828941348571231
cand0036,cand0138,0.6398576378209432,0.828718650364852,0.828718650364852,0.828718650364852
cand0036,cand0129,0.8274183234974575,0.8286887799572327,0.8286887799572327,0.8286887799572327
cand0037,cand0102,0.825459024902738,0.8285318634324307,0.8285318634324307,0.8285318634324307
cand0055,cand0142,0.6292896599480388,0.8285141325414452,0.8285141325414452,0.8285141325414452
cand0144,cand0145,0.8285059546272074,0.8285059546272076,0.8285059546272076,0.8285059546272076
cand0144,cand0146,0.8285059546272074,0.8285059546272076,0.8285059546272076,0.8285059546272076
cand0102,cand0111,0.7535282327964563,0.8284894487542865,0.8284894487542865,0.8284894487542865
cand0010,cand0055,0.6362831874833415,0.828460328539356,0.828460328539356,0.828460328539356
cand0047,cand0131,0.7918461721523714,0.8280240096111977,0.8280240096111977,0.8280240096111977
cand0021,cand0056,0.7850331175081988,0.827821116490353,0.827821116490353,0.827821116490353
cand0007,cand0105,0.7494080749741923,0.8278192239688321,0.8278192239688321,0.8278192239688321
cand0036,cand0140,0.6349003844564752,0.8277650285353462,0.8277650285353462,0.8277650285353462
cand0036,cand0143,0.6540990726091267,0.8277092815134589,0.8277092815134589,0.8277092815134589
cand0055,cand0133,0.6339690602798693,0.8275403930659219,0.8275403930659219,0.8275403930659219
cand0050,cand0128,0.6403984584977622,0.8273590161530702,0.8273590161530702,0.8273590161530702
cand0036,cand0141,0.639501199858915,0.8273212629735932,0.8273212629735932,0.8273212629735932
cand0055,cand0139,0.6295594746958576,0.8272950463900888,0.8272950463900888,0.8272950463900888
cand0169,cand0184,0.8272915803372647,0.8272915803372646,0.8272915803372646,0.8272915803372646
cand0165,cand0187,0.827265346953592,0.827265346953592,0.827265346953592,0.827265346953592
cand0103,cand0114,0.7888341871290883,0.827224700835711,0.827224700835711,0.827224700835711
cand0182,cand0186,0.8271356662184216,0.8271356662184218,0.8271356662184218,0.8271356662184218
cand0100,cand0103,0.7914949181056735,0.8270061898078425,0.8270061898078425,0.8270061898078425
cand0105,cand0115,0.756476674616519,0.826627357770258,0.826627357770258,0.826627357770258
cand0050,cand0126,0.6847361693174834,0.8264566155946901,0.8264566155946901,0.8264566155946901
cand0103,cand0139,0.6077929707898301,0.8263862106903069,0.8263862106903069,0.8263862106903069
cand0063,cand0103,0.7938456666312553,0.8263612211378883,0.8263612211378883,0.8263612211378883
cand0169,cand0183,0.826312879581938,0.8263128795819379,0.8263128795819379,0.8263128795819379
cand0006,cand0033,0.8185656707293049,0.8263105699473852,0.8263105699473852,0.8263105699473852
cand0002,cand0006,0.6480798785588185,0.8259946168105136,0.8259946168105136,0.8259946168105136
cand0010,cand0036,0.6332256184410863,0.8259908097172389,0.8259908097172389,0.8259908097172389
cand0103,cand0142,0.6163667276893814,0.8259102280092617,0.8259102280092617,0.8259102280092617
cand0036,cand0037,0.8238353450664938,0.825734795757813,0.825734795757813,0.825734795757813
cand0055,cand0129,0.8221242352765231,0.8256827472650928,0.8256827472650928,0.8256827472650928
cand0036,cand0128,0.6385174590709339,0.8253533586171871,0.8253533586171871,0.8253533586171871
cand0002,cand0055,0.6592871671376399,0.8253180659580122,0.8253180659580122,0.8253180659580122
cand0055,cand0138,0.6368175651744931,0.8251323866279584,0.8251323866279584,0.8251323866279584
cand0055,cand0140,0.6328072604422538,0.825124791686546,0.825124791686546,0.825124791686546
cand0055,cand0141,0.6373407160293365,0.8248347013413649,0.8248347013413649,0.8248347013413649
cand0055,cand0143,0.6515709182486414,0.8248163368501982,0.8248163368501982,0.8248163368501982
cand0002,cand0129,0.6622315873099135,0.8247688769379234,0.8247688769379234,0.8247688769379234
cand0079,cand0111,0.7037193487774398,0.8247072862707725,0.8247072862707725,0.8247072862707725
cand0186,cand0187,0.8246766858053689,0.8246766858053692,0.8246766858053692,0.8246766858053692
cand0170,cand0178,0.8246756763805617,0.8246756763805613,0.8246756763805613,0.8246756763805613
cand0170,cand0177,0.8246687467316358,0.8246687467316363,0.8246687467316363,0.8246687467316363
cand0050,cand0132,0.6362377426955531,0.824583818771797,0.824583818771797,0.824583818771797
cand0050,cand0086,0.6921357478943395,0.8244051751794111,0.8244051751794111,0.8244051751794111
cand0154,cand0187,0.8243907606276522,0.824390760627652,0.824390760627652,0.824390760627652
cand0155,cand0187,0.8243907606276522,0.824390760627652,0.824390760627652,0.824390760627652
cand0063,cand0102,0.8228597358198757,0.8239563189863525,0.8239563189863525,0.8239563189863525
cand0019,cand0131,0.7918405019243764,0.8236243366855421,0.8236243366855421,0.8236243366855421
cand0055,cand0126,0.6837485346344427,0.8235555580903898,0.8235555580903898,0.8235555580903898
cand0057,cand0136,0.7425982697721069,0.8234691356640572,0.8234691356640572,0.8234691356640572
cand0057,cand0135,0.7425982675766792,0.8234691334379053,0.8234691334379053,0.8234691334379053
cand0103,cand0106,0.8077427525851717,0.823353452846549,0.823353452846549,0.823353452846549
cand0103,cand0107,0.8077427519183401,0.8233534511396151,0.8233534511396151,0.8233534511396151
cand0103,cand0108,0.8077427471429807,0.8233534468867898,0.8233534468867898,0.8233534468867898
cand0036,cand0126,0.6849942728193653,0.8232366905974068,0.8232366905974068,0.8232366905974068
cand0166,cand0187,0.8231890876835177,0.8231890876835177,0.8231890876835177,0.8231890876835177
cand0019,cand0142,0.6296769379631953,0.8230813772971765,0.8230813772971765,0.8230813772971765
cand0055,cand0122,0.8143789759818929,0.8230781074050585,0.8230781074050585,0.8230781074050585
cand0047,cand0133,0.6327109080737573,0.822866464900518,0.822866464900518,0.822866464900518
cand0055,cand0128,0.6355462634945699,0.8225525825419102,0.8225525825419102,0.8225525825419102
cand0036,cand0057,0.8203246979818501,0.8224181269456369,0.8224181269456369,0.8224181269456369
cand0057,cand0137,0.7494492682932087,0.8223584368733439,0.8223584368733439,0.8223584368733439
cand0047,cand0129,0.8219563012788356,0.8223231054740051,0.8223231054740051,0.8223231054740051
cand0164,cand0187,0.8221884906568065,0.8221884906568061,0.8221884906568061,0.8221884906568061
cand0050,cand0127,0.6368231789374044,0.8220913496137875,0.8220913496137875,0.8220913496137875
cand0036,cand0132,0.6440096096201096,0.8220874053625603,0.8220874053625603,0.8220874053625603
cand0163,cand0179,0.8220601148095182,0.8220601148095177,0.8220601148095177,0.8220601148095177
cand0105,cand0113,0.7452471912814168,0.8219603436410985,0.8219603436410985,0.8219603436410985
cand0019,cand0139,0.6294573462711264,0.8219370284984642,0.8219370284984642,0.8219370284984642
cand0103,cand0131,0.7884598474188482,0.8219025434116974,0.8219025434116974,0.8219025434116974
cand0170,cand0181,0.8214812800979373,0.8214812800979375,0.8214812800979375,0.8214812800979375
cand0042,cand0100,0.8067377952799978,0.8214738527661495,0.8214738527661495,0.8214738527661495
cand0047,cand0143,0.6466806092121403,0.8210451899674877,0.8210451899674877,0.8210451899674877
cand0021,cand0142,0.6111122961176131,0.8209562841862239,0.8209562841862239,0.8209562841862239
cand0047,cand0138,0.6332892116640916,0.8209356085472456,0.8209356085472456,0.8209356085472456
cand0162,cand0187,0.8207926360365506,0.8207926360365503,0.8207926360365503,0.8207926360365503
cand0043,cand0117,0.8195809999583379,0.8206617655622004,0.8206617655622004,0.8206617655622004
cand0158,cand0187,0.8206248626423199,0.8206248626423199,0.8206248626423199,0.8206248626423199
cand0159,cand0187,0.8206248626423199,0.8206248626423199,0.8206248626423199,0.8206248626423199
cand0047,cand0238,0.8052636183105364,0.8205597654811332,0.8205597654811332,0.8205597654811332
cand0104,cand0108,0.8034400311186283,0.8204922937873264,0.8204922937873264,0.8204922937873264
cand0104,cand0107,0.8034400253024396,0.8204922878659767,0.8204922878659767,0.8204922878659767
cand0104,cand0106,0.8034400229968564,0.8204922855376005,0.8204922855376005,0.8204922855376005
cand0021,cand0139,0.6118679778303,0.8203151230351821,0.8203151230351821,0.8203151230351821
cand0047,cand0140,0.626684372513023,0.8202506688234278,0.8202506688234278,0.8202506688234278
cand0042,cand0103,0.7749181554027645,0.8202422245326317,0.8202422245326317,0.8202422245326317
cand0161,cand0177,0.8202324202952214,0.8202324202952213,0.8202324202952213,0.8202324202952213
cand0050,cand0130,0.6364056468740443,0.8200912078176005,0.8200912078176005,0.8200912078176005
cand0055,cand0132,0.6426495805448095,0.8200167583374962,0.8200167583374962,0.8200167583374962
cand0050,cand0111,0.7628821137768972,0.819981642795874,0.819981642795874,0.819981642795874
cand0035,cand0086,0.6187364472243784,0.819938812171857,0.819938812171857,0.819938812171857
cand0036,cand0127,0.6434637588045878,0.819919358888704,0.819919358888704,0.819919358888704
cand0035,cand0048,0.7289232634387737,0.8198918765081381,0.8198918765081381,0.8198918765081381
cand0021,cand0131,0.7677882962242669,0.8198792732022682,0.8198792732022682,0.8198792732022682
cand0105,cand0112,0.7457488932561628,0.8198022303985432,0.8198022303985432,0.8198022303985432
cand0170,cand0176,0.8197726519245384,0.8197726519245386,0.8197726519245386,0.8197726519245386
cand0019,cand0057,0.8146476846683718,0.8195009669196589,0.8195009669196589,0.8195009669196589
cand0047,cand0141,0.6306790197186112,0.8194546184524919,0.8194546184524919,0.8194546184524919
cand0006,cand0105,0.7491009168242296,0.8192945252584369,0.8192945252584369,0.8192945252584369
cand0019,cand0133,0.6249243838668426,0.8191557676036979,0.8191557676036979,0.8191557676036979
cand0057,cand0134,0.6232342652777502,0.8191027167798072,0.8191027167798072,0.8191027167798072
cand0103,cand0122,0.7917314888718752,0.8190941018644158,0.8190941018644158,0.8190941018644158
cand0010,cand0047,0.6298100180324808,0.8190800971609737,0.8190800971609737,0.8190800971609737
cand0100,cand0131,0.7804076063343077,0.8188292057945797,0.8188292057945797,0.8188292057945797
cand0019,cand0129,0.8110925223680533,0.8187973375721814,0.8187973375721814,0.8187973375721814
cand0047,cand0128,0.632264433365951,0.8185926036213824,0.8185926036213824,0.8185926036213824
cand0103,cand0138,0.6097216139919218,0.8183428312346858,0.8183428312346858,0.8183428312346858
cand0055,cand0127,0.6415935631887588,0.8181428221808832,0.8181428221808832,0.8181428221808832
cand0019,cand0138,0.6305284438578923,0.8180864818305553,0.8180864818305553,0.8180864818305553
cand0042,cand0086,0.6552988668587787,0.8180333522445584,0.8180333522445584,0.8180333522445584
cand0156,cand0179,0.8180117107770235,0.8180117107770234,0.8180117107770234,0.8180117107770234
cand0036,cand0130,0.6406162590071537,0.8179604546096749,0.8179604546096749,0.8179604546096749
cand0079,cand0122,0.759306333044003,0.8178829404089529,0.8178829404089529,0.8178829404089529
cand0047,cand0126,0.6795820731807332,0.8178508254370874,0.8178508254370874,0.8178508254370874
cand0077,cand0103,0.730451241949885,0.8178145940849614,0.8178145940849614,0.8178145940849614
cand0103,cand0129,0.7851146450518046,0.8176089883754583,0.8176089883754583,0.8176089883754583
cand0161,cand0181,0.8171077794213583,0.8171077794213583,0.8171077794213583,0.8171077794213583
cand0103,cand0143,0.6233101966942078,0.8169222390775203,0.8169222390775203,0.8169222390775203
cand0103,cand0133,0.6055540834140978,0.8168508368826702,0.8168508368826702,0.8168508368826702
cand0019,cand0143,0.6445836007892639,0.8166488798164815,0.8166488798164815,0.8166488798164815
cand0047,cand0057,0.8133056266565629,0.8165235216037153,0.8165235216037153,0.8165235216037153
cand0161,cand0176,0.8165057418901873,0.8165057418901868,0.8165057418901868,0.8165057418901868
cand0055,cand0130,0.638886413248571,0.8164504317203924,0.8164504317203924,0.8164504317203924
cand0019,cand0140,0.6258585082569421,0.8163981206579081,0.8163981206579081,0.8163981206579081
cand0019,cand0141,0.6303164206975513,0.8163774260710108,0.8163774260710108,0.8163774260710108
cand0103,cand0140,0.6050610820161303,0.816357667509839,0.816357667509839,0.816357667509839
cand0007,cand0050,0.795062453078421,0.8162589895819491,0.8162589895819491,0.8162589895819491
cand0103,cand0141,0.6096978336614248,0.8160345204179741,0.8160345204179741,0.8160345204179741
cand0047,cand0111,0.743546905710944,0.815933985808474,0.815933985808474,0.815933985808474
cand0002,cand0238,0.61921373119835,0.8158748554786219,0.8158748554786219,0.8158748554786219
cand0076,cand0104,0.7690145347648961,0.8157693140351309,0.8157693140351309,0.8157693140351309
cand0010,cand0019,0.6248127098042696,0.8156549848926279,0.8156549848926279,0.8156549848926279
cand0016,cand0105,0.7469803153669877,0.8156275542358422,0.8156275542358422,0.8156275542358422
cand0100,cand0135,0.727413408118493,0.8155048043545785,0.8155048043545785,0.8155048043545785
cand0100,cand0136,0.7274134080409665,0.8155048039942613,0.8155048039942613,0.8155048039942613
cand0170,cand0185,0.8152628637379036,0.8152628637379035,0.8152628637379035,0.8152628637379035
cand0047,cand0132,0.6374175046266897,0.8152237433460477,0.8152237433460477,0.8152237433460477
cand0010,cand0103,0.6034656118280141,0.8151580302128815,0.8151580302128815,0.8151580302128815
cand0021,cand0102,0.7923512262754974,0.8151207044200132,0.8151207044200132,0.8151207044200132
cand0100,cand0137,0.7362509115527779,0.8147763059765809,0.8147763059765809,0.8147763059765809
cand0019,cand0128,0.6298130974421788,0.8146627267640306,0.8146627267640306,0.8146627267640306
cand0010,cand0122,0.6213608338831801,0.8142704075509505,0.8142704075509505,0.8142704075509505
cand0163,cand0177,0.8140775475764938,0.8140775475764933,0.8140775475764933,0.8140775475764933
cand0002,cand0057,0.652165337992894,0.8140194778762418,0.8140194778762418,0.8140194778762418
cand0006,cand0050,0.8027384220713641,0.8140137495245743,0.8140137495245743,0.8140137495245743
cand0122,cand0131,0.7854027564718158,0.8138954602242661,0.8138954602242661,0.8138954602242661
cand0023,cand0115,0.8047662093491337,0.8137747180148385,0.8137747180148385,0.8137747180148385
cand0022,cand0115,0.8047662088385558,0.8137747174909019,0.8137747174909019,0.8137747174909019
cand0063,cand0111,0.7475563710140329,0.8137511828153535,0.8137511828153535,0.8137511828153535
cand0037,cand0122,0.8066923387435053,0.8136228041110252,0.8136228041110252,0.8136228041110252
cand0047,cand0103,0.7810183101300153,0.8134619028242653,0.8134619028242653,0.8134619028242653
cand0014,cand0115,0.8066159089962297,0.8133550430057214,0.8133550430057214,0.8133550430057214
cand0019,cand0126,0.6762185708374376,0.8133112687239394,0.8133112687239394,0.8133112687239394
cand0021,cand0133,0.6088897772352302,0.8130129265016593,0.8130129265016593,0.8130129265016593
cand0057,cand0077,0.7533707035228869,0.8130129216951006,0.8130129216951006,0.8130129216951006
cand0007,cand0042,0.793078827081064,0.8129581120426169,0.8129581120426169,0.8129581120426169
cand0103,cand0128,0.6173744022982948,0.8127331350141493,0.8127331350141493,0.8127331350141493
cand0152,cand0170,0.8127091177807982,0.8127091177807986,0.8127091177807986,0.8127091177807986
cand0047,cand0127,0.6366122090574166,0.8126399344151678,0.8126399344151678,0.8126399344151678
cand0021,cand0129,0.7898494758393647,0.8124930667014918,0.8124930667014918,0.8124930667014918
cand0079,cand0112,0.7556752737287075,0.8124538400707948,0.8124538400707948,0.8124538400707948
cand0117,cand0131,0.7740056072212153,0.8124152846793614,0.8124152846793614,0.8124152846793614
cand0178,cand0185,0.8123452607977325,0.8123452607977324,0.8123452607977324,0.8123452607977324
cand0163,cand0176,0.8123354254233205,0.8123354254233202,0.8123354254233202,0.8123354254233202
cand0021,cand0138,0.6142616570033232,0.8121471117714198,0.8121471117714198,0.8121471117714198
cand0100,cand0134,0.6120243208362663,0.8120806129261758,0.8120806129261758,0.8120806129261758
cand0021,cand0140,0.6096969982721209,0.8118925004283253,0.8118925004283253,0.8118925004283253
cand0010,cand0021,0.6082281679246108,0.8117705428045139,0.8117705428045139,0.8117705428045139
cand0021,cand0141,0.6139346783538336,0.8116348930515613,0.8116348930515613,0.8116348930515613
cand0021,cand0143,0.627876455837893,0.8116094549933829,0.8116094549933829,0.8116094549933829
cand0103,cand0126,0.659246006850362,0.8113685452900191,0.8113685452900191,0.8113685452900191
cand0018,cand0115,0.80381044080081,0.811223249144773,0.811223249144773,0.811223249144773
cand0180,cand0185,0.8111671186581206,0.811167118658121,0.811167118658121,0.811167118658121
cand0019,cand0132,0.6351247817406678,0.8111023103666158,0.8111023103666158,0.8111023103666158
cand0011,cand0076,0.7641495459372831,0.8109791484306184,0.8109791484306184,0.8109791484306184
cand0122,cand0135,0.7292607220291862,0.8109379673446008,0.8109379673446008,0.8109379673446008
cand0122,cand0136,0.7292607216127434,0.8109379666809624,0.8109379666809624,0.8109379666809624
cand0163,cand0181,0.8108924855618383,0.8108924855618383,0.8108924855618383,0.8108924855618383
cand0042,cand0112,0.7964113747965584,0.8107935207738952,0.8107935207738952,0.8107935207738952
cand0107,cand0114,0.7884747647079632,0.8106652240031323,0.8106652240031323,0.8106652240031323
cand0108,cand0114,0.7884747641190233,0.8106652234813858,0.8106652234813858,0.8106652234813858
cand0106,cand0114,0.7884747614284355,0.8106652207486876,0.8106652207486876,0.8106652207486876
cand0047,cand0130,0.6337899824902564,0.8106614715346101,0.8106614715346101,0.8106614715346101
cand0103,cand0132,0.6135501239430275,0.8104099105886531,0.8104099105886531,0.8104099105886531
cand0122,cand0137,0.7371826872970153,0.8103442299476362,0.8103442299476362,0.8103442299476362
cand0100,cand0142,0.6158123078670237,0.8103000941241351,0.8103000941241351,0.8103000941241351
cand0169,cand0185,0.8102540151563905,0.8102540151563903,0.8102540151563903,0.8102540151563903
cand0100,cand0133,0.6207622592575404,0.8101903832482463,0.8101903832482463,0.8101903832482463
cand0122,cand0133,0.6184811623806822,0.8099911489510594,0.8099911489510594,0.8099911489510594
cand0056,cand0131,0.7672769801217512,0.8098955902313956,0.8098955902313956,0.8098955902313956
cand0079,cand0103,0.7314081879925761,0.8097715797541738,0.8097715797541738,0.8097715797541738
cand0165,cand0185,0.8097479777336724,0.8097479777336724,0.8097479777336724,0.8097479777336724
cand0156,cand0187,0.8097445669148525,0.8097445669148524,0.8097445669148524,0.8097445669148524
cand0021,cand0095,0.7887966143652393,0.8097414437119376,0.8097414437119376,0.8097414437119376
cand0117,cand0135,0.7218998554283398,0.8093039240611165,0.8093039240611165,0.8093039240611165
cand0117,cand0136,0.7218998548363477,0.8093039229118086,0.8093039229118086,0.8093039229118086
cand0057,cand0142,0.6150307569022296,0.8092429484468191,0.8092429484468191,0.8092429484468191
cand0122,cand0139,0.6133866602028515,0.8092197185779829,0.8092197185779829,0.8092197185779829
cand0025,cand0115,0.8029512769958582,0.8091829054930977,0.8091829054930977,0.8091829054930977
cand0019,cand0127,0.6344754661984311,0.809144428815279,0.809144428815279,0.809144428815279
cand0007,cand0063,0.8017168443567628,0.8090471050158446,0.8090471050158446,0.8090471050158446
cand0122,cand0142,0.6157365248098726,0.8089294393155003,0.8089294393155003,0.8089294393155003
cand0083,cand0111,0.7428678474546403,0.8088147066567833,0.8088147066567833,0.8088147066567833
cand0122,cand0129,0.8007267811553881,0.808703568247941,0.808703568247941,0.808703568247941
cand0117,cand0137,0.7304859431901541,0.808482743962374,0.808482743962374,0.808482743962374
cand0122,cand0138,0.6219502150798102,0.8083103767924363,0.8083103767924363,0.8083103767924363
cand0021,cand0128,0.6136034087239697,0.8082623003803656,0.8082623003803656,0.8082623003803656
cand0100,cand0139,0.6172262999666637,0.8082196562977546,0.8082196562977546,0.8082196562977546
cand0023,cand0113,0.8058345876196432,0.8081581920485791,0.8081581920485791,0.8081581920485791
cand0022,cand0113,0.8058345874908375,0.8081581919197182,0.8081581919197182,0.8081581919197182
cand0103,cand0127,0.6142142673720106,0.8081153776643375,0.8081153776643375,0.8081153776643375
cand0100,cand0129,0.8042028250052391,0.8080616996185285,0.8080616996185285,0.8080616996185285
cand0079,cand0086,0.62031976135875,0.8078894282054251,0.8078894282054251,0.8078894282054251
cand0105,cand0114,0.7291121600670614,0.8078739537412398,0.8078739537412398,0.8078739537412398
cand0056,cand0135,0.7461365880526405,0.8078599677076296,0.8078599677076296,0.8078599677076296
cand0056,cand0136,0.746136587749469,0.8078599671347048,0.8078599671347048,0.8078599671347048
cand0057,cand0139,0.6135346631836416,0.8077764104034603,0.8077764104034603,0.8077764104034603
cand0014,cand0113,0.8060578610511069,0.8077675228867068,0.8077675228867068,0.8077675228867068
cand0019,cand0130,0.6319145201893215,0.8077416712993163,0.8077416712993163,0.8077416712993163
cand0047,cand0056,0.779340921026991,0.8076837775322727,0.8076837775322727,0.8076837775322727
cand0122,cand0134,0.6121945101314512,0.8076836592366955,0.8076836592366955,0.8076836592366955
cand0010,cand0100,0.6180953845632261,0.807522459682284,0.807522459682284,0.807522459682284
cand0105,cand0118,0.7371627945995113,0.8074800968140815,0.8074800968140815,0.8074800968140815
cand0100,cand0138,0.6245501916745556,0.8071751771942649,0.8071751771942649,0.8071751771942649
cand0021,cand0126,0.6583430039984761,0.8070073175297494,0.8070073175297494,0.8070073175297494
cand0056,cand0137,0.75488996934573,0.8068966229619796,0.8068966229619796,0.8068966229619796
cand0155,cand0185,0.8068172200773943,0.8068172200773946,0.8068172200773946,0.8068172200773946
cand0154,cand0185,0.8068172200773943,0.8068172200773946,0.8068172200773946,0.8068172200773946
cand0083,cand0086,0.6554804723227668,0.8067308969614544,0.8067308969614544,0.8067308969614544
cand0114,cand0131,0.7667483129237239,0.8066761355564291,0.8066761355564291,0.8066761355564291
cand0168,cand0179,0.8066336268582336,0.8066336268582333,0.8066336268582333,0.8066336268582333
cand0122,cand0141,0.6199207866683392,0.8065874742406052,0.8065874742406052,0.8065874742406052
cand0047,cand0117,0.8037028982555028,0.806533160480041,0.806533160480041,0.806533160480041
cand0021,cand0050,0.7724663187835927,0.8064711828675681,0.8064711828675681,0.8064711828675681
cand0117,cand0134,0.6071997289891653,0.8064460902613549,0.8064460902613549,0.8064460902613549
cand0057,cand0131,0.7781400912942836,0.8063815851493515,0.8063815851493515,0.8063815851493515
cand0103,cand0117,0.7716570014552452,0.8062566160700532,0.8062566160700532,0.8062566160700532
cand0100,cand0141,0.6235239843044176,0.8062486743305868,0.8062486743305868,0.8062486743305868
cand0007,cand0033,0.796846245228086,0.8062025492482664,0.8062025492482664,0.8062025492482664
cand0042,cand0122,0.7876701408850536,0.8061498051433009,0.8061498051433009,0.8061498051433009
cand0100,cand0140,0.6186719529889564,0.8060888748073474,0.8060888748073474,0.8060888748073474
cand0122,cand0140,0.6151777774841468,0.8060683203505067,0.8060683203505067,0.8060683203505067
cand0103,cand0130,0.6137300794620673,0.8060428407706544,0.8060428407706544,0.8060428407706544
cand0100,cand0143,0.638473423963818,0.8060335189824336,0.8060335189824336,0.8060335189824336
cand0010,cand0056,0.6046385506302968,0.806029142280535,0.806029142280535,0.806029142280535
cand0122,cand0143,0.6327318572782394,0.8060268686187944,0.8060268686187944,0.8060268686187944
cand0102,cand0205,0.7727430981303979,0.805940285769378,0.805940285769378,0.805940285769378
cand0100,cand0126,0.6706485898780944,0.8058760227255948,0.8058760227255948,0.8058760227255948
cand0114,cand0136,0.7168420712414606,0.8056696981806921,0.8056696981806921,0.8056696981806921
cand0114,cand0135,0.7168420678265541,0.8056696945718992,0.8056696945718992,0.8056696945718992
cand0018,cand0113,0.8021094496197689,0.8055931240670328,0.8055931240670328,0.8055931240670328
cand0166,cand0185,0.8055584533062277,0.8055584533062274,0.8055584533062274,0.8055584533062274
cand0100,cand0128,0.6237207732606633,0.8051499364329663,0.8051499364329663,0.8051499364329663
cand0117,cand0142,0.6103972323025016,0.8049738729705815,0.8049738729705815,0.8049738729705815
cand0010,cand0073,0.611578052604761,0.8049644746780634,0.8049644746780634,0.8049644746780634
cand0021,cand0132,0.6182119057503329,0.804891857999543,0.804891857999543,0.804891857999543
cand0114,cand0137,0.7253682088677791,0.8048506526773165,0.8048506526773165,0.8048506526773165
cand0102,cand0109,0.7960692886041676,0.8046551572083049,0.8046551572083049,0.8046551572083049
cand0164,cand0185,0.804476138270153,0.8044761382701533,0.8044761382701533,0.8044761382701533
cand0122,cand0126,0.6719277529310852,0.8043951770291284,0.8043951770291284,0.8043951770291284
cand0152,cand0179,0.8042951885011707,0.8042951885011707,0.8042951885011707,0.8042951885011707
cand0122,cand0128,0.6260242935046383,0.8042541821782704,0.8042541821782704,0.8042541821782704
cand0007,cand0135,0.7192364366862588,0.8041132013179751,0.8041132013179751,0.8041132013179751
cand0007,cand0136,0.7192364357419798,0.8041132002595833,0.8041132002595833,0.8041132002595833
cand0007,cand0134,0.6065061271031271,0.803773445372708,0.803773445372708,0.803773445372708
cand0036,cand0111,0.7290845503206896,0.8037715393471695,0.8037715393471695,0.8037715393471695
cand0056,cand0129,0.7752478929114041,0.8036198600806147,0.8036198600806147,0.8036198600806147
cand0025,cand0113,0.8012048989396626,0.8035186857940739,0.8035186857940739,0.8035186857940739
cand0021,cand0057,0.784211974587032,0.8034284279148484,0.8034284279148484,0.8034284279148484
cand0007,cand0137,0.7266612176131324,0.8034026728262018,0.8034026728262018,0.8034026728262018
cand0117,cand0139,0.6116005115683804,0.8032153167181967,0.8032153167181967,0.8032153167181967
cand0162,cand0185,0.803177588858959,0.8031775888589586,0.8031775888589586,0.8031775888589586
cand0021,cand0127,0.6180374779198432,0.8031730833820927,0.8031730833820927,0.8031730833820927
cand0056,cand0134,0.6264297305883754,0.8030912261114693,0.8030912261114693,0.8030912261114693
cand0010,cand0117,0.6139482525822298,0.8030025975334755,0.8030025975334755,0.8030025975334755
cand0158,cand0185,0.8029797551348353,0.8029797551348357,0.8029797551348357,0.8029797551348357
cand0159,cand0185,0.8029797551348353,0.8029797551348357,0.8029797551348357,0.8029797551348357
cand0077,cand0122,0.7358697903251802,0.8028684553168504,0.8028684553168504,0.8028684553168504
cand0035,cand0083,0.7095712418166907,0.8027763774620854,0.8027763774620854,0.8027763774620854
cand0037,cand0056,0.7746366045930538,0.8026749649914569,0.8026749649914569,0.8026749649914569
cand0056,cand0139,0.6095720073615348,0.8026738519160375,0.8026738519160375,0.8026738519160375
cand0036,cand0122,0.7955065544717598,0.8026618464356795,0.8026618464356795,0.8026618464356795
cand0002,cand0087,0.6118735118693492,0.802558257785431,0.802558257785431,0.802558257785431
cand0056,cand0138,0.60185650064408,0.8025182175175425,0.8025182175175425,0.8025182175175425
cand0002,cand0007,0.6382239047074152,0.802409414559789,0.802409414559789,0.802409414559789
cand0117,cand0133,0.6161093687981939,0.8023700512113858,0.8023700512113858,0.8023700512113858
cand0056,cand0142,0.613174707163203,0.8023680065049833,0.8023680065049833,0.8023680065049833
cand0055,cand0057,0.7991047877938365,0.8021882922200188,0.8021882922200188,0.8021882922200188
cand0107,cand0112,0.7874187565569314,0.8021666565186112,0.8021666565186112,0.8021666565186112
cand0106,cand0112,0.7874187548739818,0.8021666547729425,0.8021666547729425,0.8021666547729425
cand0108,cand0112,0.7874187518639848,0.8021666517504691,0.8021666517504691,0.8021666517504691
cand0122,cand0132,0.626922710262321,0.8020749871337458,0.8020749871337458,0.8020749871337458
cand0056,cand0141,0.6020035787703976,0.801964351887852,0.801964351887852,0.801964351887852
cand0019,cand0043,0.7945026540596504,0.8017810168866238,0.8017810168866238,0.8017810168866238
cand0107,cand0227,0.7807279116843961,0.8016968066861838,0.8016968066861838,0.8016968066861838
cand0108,cand0227,0.7807279070931139,0.8016968019026139,0.8016968019026139,0.8016968019026139
cand0106,cand0227,0.7807279054447925,0.8016968003435809,0.8016968003435809,0.8016968003435809
cand0047,cand0100,0.7970787338344392,0.8012497361301727,0.8012497361301727,0.8012497361301727
cand0100,cand0132,0.629749845025617,0.8012022754837852,0.8012022754837852,0.8012022754837852
cand0185,cand0186,0.8011621507734497,0.8011621507734497,0.8011621507734497,0.8011621507734497
cand0050,cand0122,0.7892058920231134,0.8011103672929583,0.8011103672929583,0.8011103672929583
cand0021,cand0130,0.6153482555540476,0.8010871569396583,0.8010871569396583,0.8010871569396583
cand0112,cand0135,0.7200893042277445,0.8010465138495942,0.8010465138495942,0.8010465138495942
cand0112,cand0136,0.7200892986531507,0.8010465076269908,0.8010465076269908,0.8010465076269908
cand0122,cand0127,0.6282240693104472,0.800714072463546,0.800714072463546,0.800714072463546
cand0056,cand0143,0.6154525312021201,0.8006145187874052,0.8006145187874052,0.8006145187874052
cand0117,cand0129,0.7979176679011204,0.8003413154015824,0.8003413154015824,0.8003413154015824
cand0112,cand0137,0.7274794262285295,0.800264158698551,0.800264158698551,0.800264158698551
cand0117,cand0138,0.6185604625479715,0.8001191045235809,0.8001191045235809,0.8001191045235809
cand0057,cand0140,0.6149877002489453,0.8000380617746059,0.8000380617746059,0.8000380617746059
