year,month,days,r_p,r_b,rex_ann,sr_ann,max_dd,turnover_month,e_term,raw_c,nc,scenario
2021,9,14,-0.050211631876365126,-0.052253816508863404,0.015035059810519336,-3.7537770282346097,0.06978440539438102,0.5953846153846154,-0.05171204945737271,-0.08685486342969577,0.0,seed
2021,10,16,-0.037301609514108325,-0.019339876267340683,-0.18571419369258302,-2.8738531748504594,0.08351401540313674,0.22667492167126313,0.48022807329483813,-0.0,-0.0,seed
2021,11,22,0.10236249776853912,0.0943657202352226,0.24432734178887028,7.718906073689976,0.017664875866325036,0.25649847094801226,1.8459619314995528,6.153206438331843,1.0,seed
2021,12,23,0.11793131576794758,0.03596165440399468,1.9193460057298597,7.328779501582897,0.03365327608158464,0.2769756838905775,13.498404561057374,44.99468187019125,1.0,seed
2022,1,19,-0.031484312571192774,-0.0849570576596419,0.34620054115081866,-1.1029581095479561,0.10610416656256216,0.3799392097264437,-0.3332263187264033,-0.8770516708878937,0.0,seed
2022,2,16,0.0639512013145378,0.04792324716667484,0.5645023232416109,4.512402986091007,0.023789157524060633,0.3081964220518437,2.474545309566599,8.029117577329759,1.0,seed
2022,3,23,0.01784904989575886,-0.04682285026983024,0.6225902854472906,0.7835513542322526,0.10605878187964946,0.34889105973443324,0.42574488863716725,1.22028030457769,1.0,seed
2022,4,19,-0.13357409617773508,-0.1415343305335559,0.01720499940143072,-3.9221191391691645,0.18971595728796564,0.33933933933933935,-0.052117605007256276,-0.15358550856120654,0.0,seed
2022,5,19,0.14091442123753017,0.10605561665379115,1.9385468627879798,8.175451007970429,0.036168789087830944,0.2902519167579408,15.160629859954094,50.535432866513645,1.0,seed
2022,6,21,0.09810041869725983,0.0756208825663991,0.6756660879238718,5.888634814980515,0.03434479757043163,0.31940298507462694,3.814771577674109,11.943443724493703,1.0,seed
2022,7,21,0.057402366689879525,0.027852619746877583,0.5633171904046521,3.3583148728827314,0.02636887114179376,0.29850746268656725,1.831935052966025,6.106450176553417,1.0,seed
2022,8,23,0.015286161450690505,-0.02636190889031098,0.4345897335918384,0.8790490124812138,0.04494196071493772,0.28742625368731567,0.3614228966329098,1.2047429887763659,1.0,seed
2022,9,21,-0.0771131824311938,-0.0826307138782093,0.02650504935540987,-3.843925256080953,0.10774496936047084,0.3401759530791788,-0.08871051635551677,-0.2607783282519933,0.0,seed
2022,10,16,0.05491075588284655,0.033045374123715554,0.6521441886531012,3.3151125382312743,0.0355496536816442,0.29239766081871355,2.069704282475246,6.899014274917487,1.0,seed
2022,11,22,0.10096509120601782,0.07588871437133538,0.6980893723937478,7.859020246208219,0.027681399676914298,0.28820598006644527,5.304056405099292,17.68018801699764,1.0,seed
2022,12,22,-0.03389154059650634,-0.03566567880113991,0.014036310699447885,-2.4758539505825308,0.06876726382467635,0.31989568799415324,-0.031884107294918834,-0.09967032533274278,0.0,seed
2023,1,16,0.09864139433556995,0.07609039942708873,1.2262100638973625,11.105488432509624,0.013476600225755253,0.2574785100286533,13.397437941466809,44.65812647155603,1.0,seed
2023,2,20,0.05559254291016913,0.03290582112508944,0.47349980083051113,5.076944506587067,0.02317625322891903,0.278637321130239,2.337075242648601,7.790250808828669,1.0,seed
2023,3,23,-0.02465773333702359,-0.012108589385469992,-0.11437229427636597,-1.5261312294185656,0.04226419225619171,0.23695392695153972,0.1656946179194839,-0.0,-0.0,seed
2023,4,19,-0.03311467696403503,-0.025520731614961267,-0.06995067459220816,-2.1503759908169156,0.08398769867134515,0.24403581657382056,0.13526011030786592,-0.0,-0.0,seed
2023,5,20,0.03428953766797105,0.006299954214499248,0.446948077373335,3.3887824122868375,0.017413443537979245,0.32230778438335395,1.4829602974652767,4.6010688209175825,1.0,seed
2023,6,20,0.04696123920510087,0.02333875886724912,0.4455454011205402,3.3964001199187055,0.03619939325877908,0.23740861247005773,1.4475159558638877,4.825053186212959,1.0,seed
2023,7,21,0.07982896762076619,0.011702822647265965,1.3635538110626768,10.201562658418112,0.009296122271502227,0.26869806094182824,13.755204533690215,45.850681778967385,1.0,seed
2023,8,23,-0.020352218176512227,-0.04046244174331426,0.16227803859813472,-1.195236365276612,0.0672067780064668,0.49293747195126647,-0.17831805158491323,-0.3617457826426764,0.0,seed
2023,9,20,0.017221660865635702,0.0011750971389581366,0.22513489771962858,1.542845882075168,0.02955718911977301,0.2742014742014742,0.33502847727064256,1.116761590902142,1.0,seed
2023,10,17,0.010315565048866215,-0.006712213459006411,0.2593237997490848,0.764465747790599,0.055971600743656924,0.125,0.1849289107595611,0.6164297025318703,1.0,seed
2023,11,22,0.05011766216955471,0.03521110250613302,0.264492687104382,5.490693562097268,0.010894588306873287,0.2550006907031358,1.433262317562852,4.77754105854284,1.0,seed
2023,12,21,0.003779416788944001,-0.01821715870185403,0.24428762515643943,0.33607990397908905,0.04623756204366347,0.4317343984631826,0.07754482802660119,0.17961234569826395,0.2993539094971066,seed
2024,1,22,-0.19209112868019873,-0.17724263014813124,-0.020151249488836842,-5.757182474099173,0.20594212893095964,0.33390460621720675,0.08734371232257422,-0.0,-0.0,seed
2024,2,15,-0.018417330434075674,0.059287564813577553,-1.8999150492943206,0.11953527587410238,0.22430711307709117,0.2142857142857143,-0.1659768460309922,0.0,0.0,seed
2024,3,21,0.09695474124135206,0.0455049375223171,1.3299987138955671,4.319559973058168,0.058078371594472045,0.2680219920726249,5.344616273193953,17.815387577313178,1.0,seed
2024,4,20,-0.0052713167931299765,-0.009469302667038049,0.04854936369839524,0.16852067190842882,0.19044925568665316,0.2813204295373194,0.006311762373023256,0.02103920791007752,0.03506534651679587,seed
2024,5,20,0.007595480347789563,-0.007240809546703919,0.18753338212601112,0.5103836282965469,0.05530024050846993,0.34408444040967157,0.08936236145594477,0.2597105563667707,0.4328509272779512,seed
2024,6,19,-0.1052969707798872,-0.07825010158269752,-0.11074024612225997,-3.3277667558737303,0.10403814983664106,0.2419385933817173,0.3225098287584777,-0.0,-0.0,seed
2024,7,23,0.02235047243127042,0.0061731472931312315,0.20427873241509342,0.9761847763259264,0.07001424995532535,0.33331472202001067,0.18265962049397044,0.5480094590091475,0.9133490983485792,seed
2024,8,22,-0.007142184441721988,-0.03424326425455948,0.2502620447089946,-0.334914662867242,0.05896355500699357,0.2686553163547676,-0.07788589083323452,-0.25961963611078176,0.0,seed
2024,9,19,0.23524456919175307,0.22120758882249514,2.3178273624997576,6.302278136903198,0.03967207695390884,0.270841001104159,13.912176461189645,46.37392153729882,1.0,seed
2024,10,18,0.08437259487347526,0.06558940643739475,0.6744798276738337,2.3022323282759363,0.12201529780622955,0.1428571428571429,1.3254494822948473,4.418164940982824,1.0,seed
2024,11,21,0.10549755588085219,0.04225475590534589,1.68872575055037,3.9957435477741816,0.0530878680623601,0.4917673880421257,6.317848855967069,12.84723023444139,1.0,seed
2024,12,22,-0.05036909711143045,-0.038441803973139566,-0.0850292735254653,-1.6162641280426833,0.12195667378982877,0.30440744153393884,0.1173171922635455,-0.0,-0.0,seed
2025,1,18,0.019572252769303855,-0.014267250953738486,0.49398798709845304,1.0466915881304348,0.04038075843214084,0.27646658896658893,0.4919982765583763,1.6399942551945876,1.0,seed
2025,2,18,0.07927258201747445,0.07108749934954517,0.2941509159195421,4.897692106430727,0.02507390881386029,0.1385681293302541,1.397313027407524,4.657710091358414,1.0,seed
2025,3,21,0.021360094481230885,0.0020243335440084387,0.2641202651583736,1.3273176120806067,0.05833922007081627,0.2486572382011759,0.3260289996097378,1.0867633320324595,1.0,seed
2025,4,21,0.03891839079429671,-0.019851649870775367,0.7950216893834596,1.1703614746301827,0.12435048266852244,0.46757181917040014,0.7916185652614981,1.693041652223706,1.0,seed
2025,5,19,0.094507583646116,0.046162095152821436,1.4931002349236064,6.887216648601972,0.02817860047821963,0.12471131639722866,9.935581831066774,33.11860610355591,1.0,seed
2025,6,20,0.08083826836950347,0.05880645270079676,0.608666307953222,5.629161034403948,0.03612039721550997,0.2975786519207406,3.277770321431852,10.925901071439508,1.0,seed
2025,7,23,0.07298348340728045,0.051680873343555866,0.4267914512340467,5.816716840224555,0.01992444258305337,0.4518173103862505,2.4231695089509597,5.363162174728179,1.0,seed
2025,8,21,0.047751800016715196,0.08056160388095268,-0.7836749944299102,2.9973281367858986,0.04388782698246674,0.2841447542350476,-2.2252237322735913,0.0,0.0,seed
2025,9,22,0.0241626837291804,0.011929086916887988,0.16904191390264356,1.5966867036037184,0.0442795287853438,0.30429212043561826,0.2555653518094051,0.8398684508936448,1.0,seed
2025,10,17,0.058740992243175194,0.01433903545088433,1.0956502408848112,5.538952393425936,0.019382479307530565,0.29771998874068517,5.927601513323454,19.758671711078183,1.0,seed
2025,11,20,0.026979411890394323,-0.0005213899168912128,0.40509933540533627,1.6056217152682424,0.07477479098921336,0.3197236241989283,0.5920728046245404,1.8518268898896242,1.0,seed
2025,12,23,-0.014938824221472968,0.01860152227044476,-0.3758012441805568,-0.882688151529762,0.05895987224746635,0.25028436475804894,0.3082458351217155,-0.0,-0.0,seed
2026,1,20,0.0986294369974774,0.07703446575557682,0.7239631923088292,9.420596078551746,0.022524986870968156,0.23580898442527998,6.635815863103669,22.119386210345567,1.0,seed
2026,2,14,0.04046354117137385,0.03781552429437962,0.09155476656727934,4.514306620352334,0.01211097170761477,0.12200435729847492,0.4072996399146247,1.3576654663820824,1.0,seed
2026,3,22,-0.07988519950111084,-0.08774195385127548,0.036050476298236545,-2.2151320815291,0.13468238944014654,0.3826147263373687,-0.0669502387595944,-0.17498082052534839,0.0,seed
2026,4,21,0.05698289240179322,0.06496532689788692,-0.18373078199230441,2.8838519022682063,0.04667124241988174,0.28606642814885763,-0.5001777233367272,0.0,0.0,seed
2026,5,18,-0.08442380541579475,-0.02358975607074476,-0.42501431002087975,-5.754360097045971,0.10611737774160035,0.30146403321844173,2.1342497222929353,-0.0,-0.0,seed
2026,6,21,-0.11033720872499375,-0.03089181436313515,-0.44035619301003803,-5.195807813486039,0.13742613347359722,0.26774518584863416,1.9106879423592467,-0.0,-0.0,seed
2026,7,23,0.04193927370133399,-0.0664943010765694,1.0979938864694194,1.473868084615542,0.09231385816391269,0.22509672735293307,1.439028531709122,4.79676177236374,1.0,seed
2026,8,17,0.10939561824971711,0.06315935361654001,2.1804809723409324,6.318394398523296,0.02503156693088815,0.12366737739872069,13.363302716489256,44.54434238829752,1.0,seed
2021,9,14,-0.045517107870721274,-0.052253816508863404,0.05175175708714863,-3.4315423807012415,0.06548928287200073,0.6046153846153847,-0.16363218747395472,-0.2706384780103577,0.0,drop_size_only
2021,10,16,-0.03930669361036698,-0.019339876267340683,-0.20346572354224757,-3.055996605671209,0.0848358849747054,0.26038911089848227,0.5584903775512399,-0.0,-0.0,drop_size_only
2021,11,22,0.09517891761274688,0.0943657202352226,0.024004206418770657,7.459944398780607,0.017663633011390623,0.24124524502125755,0.17527441214634393,0.5842480404878131,0.9737467341463552,drop_size_only
2021,12,23,0.11553020333044572,0.03596165440399468,1.8403704424525285,7.207675470485621,0.03440358361883211,0.3135239825042627,12.717165200825859,40.562017295289216,1.0,drop_size_only
2022,1,19,-0.029409859063772692,-0.0849570576596419,0.3650321085377951,-1.1113783195724902,0.10110724175237018,0.4012158054711247,-0.3564670841561658,-0.8884672021771101,0.0,drop_size_only
2022,2,16,0.06288246997787783,0.04792324716667484,0.5228125147473248,4.6010190672653115,0.024010367499391116,0.3413837166849215,2.3361628764525424,6.843217067112469,1.0,drop_size_only
2022,3,23,0.015920586716245744,-0.04682285026983024,0.5976275984452452,0.7159989903782455,0.10803471091004535,0.3398910959151923,0.3724269955980224,1.095724483735662,1.0,drop_size_only
2022,4,19,-0.12594556563513615,-0.1415343305335559,0.035615471912247565,-3.716472267416936,0.18344055527841874,0.35435435435435436,-0.10322682186967405,-0.29130959053052086,0.0,drop_size_only
2022,5,19,0.1402218036835019,0.10605561665379115,1.892454606888157,8.174858676322396,0.03586196434065214,0.31434830230010946,14.804783832390612,47.09675135530534,1.0,drop_size_only
2022,6,21,0.09801696231841284,0.0756208825663991,0.6728637411042726,6.079860886320033,0.03286551130743254,0.32835820895522383,3.9295778095312697,11.967350601754323,1.0,drop_size_only
2022,7,21,0.05147819446796098,0.027852619746877583,0.43593356109086145,3.097639499087589,0.02667799959354966,0.30447761194029854,1.3071349729373354,4.293041332686346,1.0,drop_size_only
2022,8,23,0.016372569171999363,-0.02636190889031098,0.4485077860962504,0.9487458775238928,0.04469410717540534,0.3023335440370838,0.40269803397475745,1.3319661080193044,1.0,drop_size_only
2022,9,21,-0.07450481753965255,-0.0826307138782093,0.03965561797330719,-3.803132461887496,0.10426594511417686,0.3489736070381232,-0.13194565472663913,-0.3780963719477642,0.0,drop_size_only
2022,10,16,0.046456209214742694,0.033045374123715554,0.3758835083603691,2.917889729970844,0.03589328497624833,0.33040935672514626,1.0495458986832131,3.176501746457158,1.0,drop_size_only
2022,11,22,0.10541385189402108,0.07588871437133538,0.8403659755459452,8.378101526677028,0.023902586800672698,0.2853583293782629,6.838723149762584,22.795743832541948,1.0,drop_size_only
2022,12,22,-0.03937923540146504,-0.03566567880113991,-0.028520087896450996,-2.89762329815743,0.07453036420562387,0.3228855225566407,0.07524940185835305,-0.0,-0.0,drop_size_only
2023,1,16,0.09600967416764883,0.07609039942708873,1.0630966107888375,11.446885737743758,0.013523950510375693,0.260327466230045,11.97165552719326,39.90551842397753,1.0,drop_size_only
2023,2,20,0.06018179094181697,0.03290582112508944,0.5845835154402028,5.820453097348558,0.021294934891076256,0.31836194442426735,3.315592667941261,10.414538314047713,1.0,drop_size_only
2023,3,23,-0.028409403860172877,-0.012108589385469992,-0.14582361935952792,-1.861761518853463,0.04396951098498558,0.26798758653616617,0.2571641271731824,-0.0,-0.0,drop_size_only
2023,4,19,-0.03023714918071807,-0.025520731614961267,-0.04423140666334646,-2.0229164451413704,0.0792832649165024,0.24121895949390992,0.08096365878201534,-0.0,-0.0,drop_size_only
2023,5,20,0.024352009182799783,0.006299954214499248,0.2717840785997667,2.455986228093727,0.020216954738004334,0.30819135777839846,0.6513042229463332,2.1133111182651856,1.0,drop_size_only
2023,6,20,0.04067341426671223,0.02333875886724912,0.31522994120045,2.993463143311717,0.0362958620781314,0.24578076355890544,0.9025294078326074,3.008431359442025,1.0,drop_size_only
2023,7,21,0.08313154596562877,0.011702822647265965,1.457365615052893,10.273343968777006,0.009466365122726583,0.2880886426592798,14.801941542032893,49.33980514010965,1.0,drop_size_only
2023,8,23,-0.02228633992951201,-0.04046244174331426,0.14517867054023015,-1.3620853985553616,0.06729693148630467,0.5642399828412815,-0.18177652891323873,-0.32216172983326447,0.0,drop_size_only
2023,9,20,0.01787474351699525,0.0011750971389581366,0.23520369293707577,1.6349233392179654,0.026833785650791087,0.31189478248301783,0.3721576101049816,1.1932152475979458,1.0,drop_size_only
2023,10,17,0.005209786385656612,-0.006712213459006411,0.17508366073542392,0.4423881908157964,0.05881477372287802,0.13031914893617025,0.0719883499141161,0.239961166380387,0.39993527730064504,drop_size_only
2023,11,22,0.04340332980204109,0.03521110250613302,0.1404563200256106,4.879714358016626,0.01042729029278866,0.2839273380301146,0.6768106499336269,2.2560354997787564,1.0,drop_size_only
2023,12,21,0.002885464303991059,-0.01821715870185403,0.23316030302471957,0.28138293606979337,0.045031716340585004,0.4525541330149667,0.06206203779612519,0.13713726882276134,0.22856211470460225,drop_size_only
2024,1,22,-0.17782707945657972,-0.17724263014813124,-0.0008675962806714566,-5.471193547846278,0.19114242485184185,0.35436496427347275,0.0036580122803542866,-0.0,-0.0,drop_size_only
2024,2,15,-0.00882260506574939,0.059287564813577553,-1.7700053420772943,0.2667321608696261,0.20660495839288873,0.24234693877551017,-0.35506720718758045,0.0,0.0,drop_size_only
2024,3,21,0.08625076264057063,0.0455049375223171,0.9929996562130243,3.950112391391979,0.05762492334201763,0.2629778800664876,3.6512224814243126,12.17074160474771,1.0,drop_size_only
2024,4,20,0.00013766569655326855,-0.009469302667038049,0.1147106182812665,0.2729165773521927,0.18092391230422522,0.3039399506322482,0.02450953131827707,0.08063938704764859,0.13439897841274764,drop_size_only
2024,5,20,0.00451376666551484,-0.007240809546703919,0.1458854138723783,0.35550446576655137,0.054474788095798976,0.3542750834302958,0.04847265048291169,0.1368220706169102,0.22803678436151703,drop_size_only
2024,6,19,-0.10745503695398029,-0.07825010158269752,-0.11794684162146307,-3.5245706354148374,0.10322270276490375,0.2394572038035535,0.3642188782210384,-0.0,-0.0,drop_size_only
2024,7,23,0.021712140770681954,0.0061731472931312315,0.19559012399405384,0.9566627410296514,0.07106916017434539,0.34567769917050084,0.17115616074356224,0.4951322030731921,0.8252203384553202,drop_size_only
2024,8,22,-0.0071643048496411454,-0.03424326425455948,0.25002698617209496,-0.3427357277754053,0.057743253769074965,0.28804934102528035,-0.07975533734827553,-0.2658511244942518,0.0,drop_size_only
2024,9,19,0.23985366794721763,0.22120758882249514,3.1522873211725813,6.508040265739884,0.036278544781970345,0.3044028340080972,19.6220983351715,64.46095812186014,1.0,drop_size_only
2024,10,18,0.07823712696731011,0.06558940643739475,0.4371279760058364,2.1946808232053665,0.11991063340597974,0.16428571428571426,0.821311947905183,2.737706493017277,1.0,drop_size_only
2024,11,21,0.10903453359355253,0.04225475590534589,1.8189241612512794,4.241309159719924,0.04826429013991129,0.5107362825860116,7.26781093338242,14.230065850390156,1.0,drop_size_only
2024,12,22,-0.05040619738882335,-0.038441803973139566,-0.0852767947079417,-1.6845503163577424,0.11930769518461593,0.33255451713395634,0.12308635412593161,-0.0,-0.0,drop_size_only
2025,1,18,0.013946542621402491,-0.014267250953738486,0.3962128708734921,0.8037196802018572,0.03923622125315074,0.2927350427350427,0.30345063092667923,1.0115021030889308,1.0,drop_size_only
2025,2,18,0.07995084252151186,0.07108749934954517,0.31985512909129765,4.97218005895568,0.024279321150913247,0.1362586605080831,1.5440413573177343,5.146804524392448,1.0,drop_size_only
2025,3,21,0.020792289165725508,0.0020243335440084387,0.255549472969147,1.354905236247786,0.05441254404837592,0.2877588855341915,0.323637212637281,1.0787907087909367,1.0,drop_size_only
2025,4,21,0.037097656246537936,-0.019851649870775367,0.7620878912830613,1.1524432702329594,0.1198863884036242,0.5387534831924616,0.7519129178018881,1.395653005055892,1.0,drop_size_only
2025,5,19,0.0924338676565648,0.046162095152821436,1.4108184804665882,6.998954268648022,0.027304310569251533,0.1362586605080831,9.550722387865553,31.835741292885178,1.0,drop_size_only
2025,6,20,0.0794177736926509,0.05880645270079676,0.5649013309279463,5.646398901361063,0.03402062092731728,0.33420258891542043,3.059441269099101,9.154451134049655,1.0,drop_size_only
2025,7,23,0.07093831539455175,0.051680873343555866,0.38203198629206714,5.794193632885235,0.019530584119416217,0.469880829340832,2.1616885876446865,4.600503899418905,1.0,drop_size_only
2025,8,21,0.047744882639350505,0.08056160388095268,-0.7838136538936971,3.1584031973929316,0.04215502458034037,0.31793362210969434,-2.3503687987292277,0.0,0.0,drop_size_only
2025,9,22,0.020265129049104935,0.011929086916887988,0.11286587630407308,1.416805466138823,0.04381491882934341,0.3355521300448431,0.15150131116217386,0.4514985827743882,0.7524976379573137,drop_size_only
2025,10,17,0.05871773747151354,0.01433903545088433,1.0948915247713575,5.730729387839694,0.018446698052370647,0.32213986241907366,6.135633870685108,19.04649062866745,1.0,drop_size_only
2025,11,20,0.02794145808492776,-0.0005213899168912128,0.4216968731858961,1.7103076802961388,0.07277960937229999,0.32632669136738923,0.6582422734114329,2.0171266734364743,1.0,drop_size_only
2025,12,23,-0.015274754962172898,0.01860152227044476,-0.3789642610201045,-0.9502797441416608,0.056253402154500254,0.25905629458261037,0.3358123516543811,-0.0,-0.0,drop_size_only
2026,1,20,0.10312568303803182,0.07703446575557682,0.8967180833449371,10.155414474231444,0.019274233743351576,0.28601326258682414,8.89591781828471,29.65305939428237,1.0,drop_size_only
2026,2,14,0.037004779133742005,0.03781552429437962,-0.02724697330146819,4.105398616161661,0.013564444365802175,0.130718954248366,-0.11003890909349556,0.0,0.0,drop_size_only
2026,3,22,-0.0763272672506955,-0.08774195385127548,0.053466813058463014,-2.2140373315349797,0.12850420884055824,0.41740219451189153,-0.10012310863020334,-0.23987202258791884,0.0,drop_size_only
2026,4,21,0.05187573466134898,0.06496532689788692,-0.29353003713585846,2.7728548350515707,0.043946655426820525,0.32940811899597155,-0.7709935098718509,0.0,0.0,drop_size_only
2026,5,18,-0.08110959084995806,-0.02358975607074476,-0.4099210485213458,-5.839991601392903,0.10258679011200378,0.2751962929591968,2.0992320925709866,-0.0,-0.0,drop_size_only
2026,6,21,-0.11085616223567574,-0.03089181436313515,-0.442071716059374,-5.3702218805914415,0.13699099066081621,0.23969062546648756,1.9837594539589045,-0.0,-0.0,drop_size_only
2026,7,23,0.05026608695876522,-0.0664943010765694,1.2409312790183258,1.7803150064268949,0.08268438159353408,0.21652222661311815,1.9900441550327566,6.6334805167758555,1.0,drop_size_only
2026,8,17,0.09758738397469391,0.06315935361654001,1.4970066089102327,5.9139428283310105,0.024683115032412606,0.11727078891257992,8.590981693333516,28.636605644445055,1.0,drop_size_only
2021,9,14,-0.0594398737063514,-0.052253816508863404,-0.04872702302728982,-4.073070457918852,0.08004536843308785,0.6023622047244095,0.17940480753611657,-0.0,-0.0,only_size_only
2021,10,16,-0.031777603157706946,-0.019339876267340683,-0.133895294495051,-2.2147638719406912,0.08043580727153732,0.17666504749568213,0.26792291610213526,-0.0,-0.0,only_size_only
2021,11,22,0.12261950034940705,0.0943657202352226,0.9525254267783674,8.359565297515417,0.017611333240588167,0.12645515330722712,7.794418018507097,25.981393395023655,1.0,only_size_only
2021,12,23,0.09537697094368291,0.03596165440399468,1.2404887577343593,5.568645962208243,0.035471609549076355,0.16877289377289384,6.613803952517676,22.04601317505892,1.0,only_size_only
2022,1,19,-0.035569110893942324,-0.0849570576596419,0.31053547262783254,-1.120768376712867,0.11900431505379327,0.17697864723181178,-0.29833666079904736,-0.9944555359968246,0.0,only_size_only
2022,2,16,0.07610998423547244,0.04792324716667484,1.0847836693741209,5.22266875149207,0.021009863692042607,0.1752694235588973,5.522628975818879,18.4087632527296,1.0,only_size_only
2022,3,23,0.002377181419382257,-0.04682285026983024,0.4350459055103081,0.23351121448190396,0.1067367155002319,0.18654975464564394,0.08857628188565006,0.2952542729521669,0.49209045492027814,only_size_only
2022,4,19,-0.1690098743513626,-0.1415343305335559,-0.04629666739842331,-4.934262327850144,0.22220703770864192,0.2506036897517627,0.16752675718785218,-0.0,-0.0,only_size_only
2022,5,19,0.1387285161602998,0.10605561665379115,1.7942401663373588,7.558543677594973,0.04254230513815449,0.27601259481894946,12.869500206669926,42.89833402223309,1.0,only_size_only
2022,6,21,0.06838786718127632,0.0756208825663991,-0.1865320149288796,4.019552318637802,0.042306079221297144,0.22754810505662448,-0.7117111346462331,0.0,0.0,only_size_only
2022,7,21,0.06550892940317055,0.027852619746877583,0.7508401546438892,3.620479207735883,0.024898466637477745,0.17857810985323042,2.6371803432683065,8.790601144227688,1.0,only_size_only
2022,8,23,0.006773257336317506,-0.02636190889031098,0.3305266016946452,0.42314707123759293,0.04706006091723791,0.18829169988484362,0.13196310233118325,0.43987700777061084,0.7331283462843514,only_size_only
2022,9,21,-0.07747431143065686,-0.0826307138782093,0.024716330779404494,-3.54494454702697,0.11189161392168934,0.22415445781820165,-0.07585355574817113,-0.2528451858272371,0.0,only_size_only
2022,10,16,0.06483644429234636,0.033045374123715554,1.0210033721803062,3.5099467536879843,0.03933492506051639,0.20367264485084902,3.414511521959926,11.381705073199754,1.0,only_size_only
2022,11,22,0.10043189700656074,0.07588871437133538,0.6814365600506349,7.504547368152744,0.029050041426873507,0.16976774770509484,4.935603078265805,16.452010260886016,1.0,only_size_only
2022,12,22,-0.03572802236841266,-0.03566567880113991,-0.0004883483501574304,-2.4221318809402272,0.07476920974637757,0.17977842203354732,0.0010767157248779903,-0.0,-0.0,only_size_only
2023,1,16,0.09969778556877973,0.07609039942708873,1.2933240646082997,9.307683004324845,0.01653367891734492,0.16009802127183614,11.799014470894294,39.33004823631431,1.0,only_size_only
2023,2,20,0.05710631972865432,0.03290582112508944,0.5095248977348561,4.611766714052524,0.026994820344130366,0.1458261066284594,2.2736907259902983,7.578969086634328,1.0,only_size_only
2023,3,23,-0.008558669541786634,-0.012108589385469992,0.03507488709148765,-0.4153064581989779,0.03687060683817933,0.1425198412698413,-0.013922321822520343,-0.04640773940840114,0.0,only_size_only
2023,4,19,-0.046861736122694175,-0.025520731614961267,-0.1806191256881069,-2.7362229337661668,0.09832769370840233,0.14158382402607894,0.43590026371363766,-0.0,-0.0,only_size_only
2023,5,20,0.06167779910691973,0.006299954214499248,1.0433863339432075,5.326751880568883,0.01504238846398731,0.21120598126410495,5.457535927410927,18.19178642470309,1.0,only_size_only
2023,6,20,0.05078041169064318,0.02333875886724912,0.5292490870773425,3.5075285674235404,0.03786683600417451,0.1806865700671011,1.7720030850678417,5.906676950226139,1.0,only_size_only
2023,7,21,0.056403236154069836,0.011702822647265965,0.7819405532967456,6.3745173361659715,0.012499547337293304,0.14457368804944526,4.909728916201941,16.36576305400647,1.0,only_size_only
2023,8,23,0.004580162443603042,-0.04046244174331426,0.41533598413189854,0.3344245647086857,0.052723168675598675,0.2107232120120347,0.13011074932392838,0.43370249774642794,0.7228374962440466,only_size_only
2023,9,20,0.01031869533038221,0.0011750971389581366,0.12318008278599946,0.8941587916787658,0.036341775878119154,0.11186547284297765,0.10533922276903489,0.3511307425634496,0.585217904272416,only_size_only
2023,10,17,0.010314710007479189,-0.006712213459006411,0.2593091931774757,0.7368558627745949,0.06178852751102348,0.07051282051282048,0.1769061190650787,0.5896870635502623,0.9828117725837706,only_size_only
2023,11,22,0.06997985839412757,0.03521110250613302,0.6836750142647137,6.246073935578686,0.012251912529540498,0.11901341645209373,4.207501701651505,14.025005672171682,1.0,only_size_only
2023,12,21,0.0004490602369331409,-0.01821715870185403,0.20338195394363678,0.12084322893417673,0.05472746303292797,0.19027986868379443,0.022963265985906107,0.07654421995302035,0.1275736999217006,only_size_only
2024,1,22,-0.215834053692323,-0.17724263014813124,-0.04529360738705368,-6.150908071548921,0.22822012382883017,0.1557894736842106,0.2022991356524439,-0.0,-0.0,only_size_only
2024,2,15,-0.05120910801767509,0.059287564813577553,-2.2181904939092667,-0.28488334144922933,0.2849489351508119,0.12578616352201255,0.4158457150959134,-0.0,-0.0,only_size_only
2024,3,21,0.12541295949107156,0.0455049375223171,2.422290049624955,4.824351195687243,0.0675093584167541,0.15500030700946466,10.739282452833887,35.79760817611296,1.0,only_size_only
2024,4,20,-0.046859052468306794,-0.009469302667038049,-0.3407899998264874,-0.5988193313771935,0.22384094717720693,0.179089318964058,0.14925613285262057,-0.0,-0.0,only_size_only
2024,5,20,0.002857416091265552,-0.007240809546703919,0.12410520368479061,0.2620469712673103,0.06065050814980133,0.17877930119416197,0.03015446594930843,0.10051488649769477,0.1675248108294913,only_size_only
2024,6,19,-0.0798307292001954,-0.07825010158269752,-0.007637660620947395,-2.1874082475411183,0.11653983387221356,0.18765820857871063,0.014370289123566783,-0.0,-0.0,only_size_only
2024,7,23,0.030426240895000012,0.0061731472931312315,0.31898359003748733,1.2406688575770703,0.0650683617354838,0.24161338588216053,0.3648518065163107,1.2161726883877024,1.0,only_size_only
2024,8,22,0.0008876282304230987,-0.03424326425455948,0.33930060427748787,0.1499749497673049,0.05701269907033635,0.1374213148416198,0.04740517279760803,0.15801724265869344,0.2633620710978224,only_size_only
2024,9,19,0.23464063421472936,0.22120758882249514,2.2112864126450287,5.984908624144938,0.03894022499985361,0.10440343290086829,12.615928975929197,42.05309658643066,1.0,only_size_only
2024,10,18,0.11039910194871827,0.06558940643739475,1.8985370620433217,2.6927302358011014,0.126166107997279,0.11224489795918369,4.338257207996886,14.460857359989621,1.0,only_size_only
2024,11,21,0.08748268801380488,0.04225475590534589,1.0925128256267085,3.0584863574125185,0.07134777320299435,0.2349150703226075,3.0553507876004398,10.1845026253348,1.0,only_size_only
2024,12,22,-0.0734516945220175,-0.038441803973139566,-0.2209143138004025,-2.1298236765113283,0.14707374310399846,0.18737270875763745,0.3874691941478879,-0.0,-0.0,only_size_only
2025,1,18,0.01340703214210559,-0.014267250953738486,0.3872008489468367,0.6973583115384657,0.05370479086120583,0.13834798734952725,0.25261623536969413,0.8420541178989804,1.0,only_size_only
2025,2,18,0.08980593114234914,0.07108749934954517,0.7179395884799771,5.050304101294324,0.028128598918612413,0.06693711967545635,3.5034263922477042,11.678087974159014,1.0,only_size_only
2025,3,21,0.015169664793955207,0.0020243335440084387,0.173454356121574,0.8973420017173586,0.0723523145081264,0.13617886178861782,0.14213409796483525,0.47378032654945085,0.7896338775824181,only_size_only
2025,4,21,0.03086193803675008,-0.019851649870775367,0.6540010799739546,0.9655410088833168,0.1293839177868148,0.3515882993881485,0.5334231851321894,1.5171812772509183,1.0,only_size_only
2025,5,19,0.09335149294007361,0.046162095152821436,1.4469924574976138,6.2321779477789345,0.030955051439786274,0.08436213991769548,8.682934476132763,28.943114920442543,1.0,only_size_only
2025,6,20,0.0940365653425641,0.05880645270079676,1.0487200229691083,5.869289446953942,0.038408756952960865,0.17864130068137352,5.871543160195285,19.571810533984287,1.0,only_size_only
2025,7,23,0.08309681921459444,0.051680873343555866,0.6610198706589445,6.270314840905184,0.016764232454886674,0.29038854805725967,4.061421381891955,13.538071272973182,1.0,only_size_only
2025,8,21,0.045196819773683394,0.08056160388095268,-0.8342103052337677,2.5884694797881416,0.049771677424241045,0.16768916155419222,-2.0303598679067205,0.0,0.0,only_size_only
2025,9,22,0.02608415641147821,0.011929086916887988,0.19757036326079014,1.5667402038763039,0.043258960368692145,0.19795918367346932,0.2934729026086417,0.9782430086954723,1.0,only_size_only
2025,10,17,0.054803272401528824,0.01433903545088433,0.9704088457894544,4.718437503270169,0.02317343312959963,0.1756938358165352,4.451485297568869,14.838284325229564,1.0,only_size_only
2025,11,20,0.039087572988396824,-0.0005213899168912128,0.6276769149261279,2.0748643462538467,0.0804550201272134,0.18757221829668724,1.1766082728534044,3.922027576178015,1.0,only_size_only
2025,12,23,-0.026713545235089176,0.01860152227044476,-0.48047840881577475,-1.4242661637743854,0.06872532502132211,0.13049586433351346,0.6278922490105048,-0.0,-0.0,only_size_only
2026,1,20,0.10311787272249262,0.07703446575557682,0.8964108479520356,8.479457337687444,0.02708881570944599,0.16277134767274348,7.353992515767265,24.513308385890884,1.0,only_size_only
2026,2,14,0.05642303259657955,0.03781552429437962,0.7352722019464921,6.410600900414631,0.011008448239764324,0.08536585365853655,4.651270170896831,15.504233902989437,1.0,only_size_only
2026,3,22,-0.08285589305301155,-0.08774195385127548,0.022038361120759742,-2.1089307836883573,0.14669168457639947,0.2415854483088442,-0.03829596430801676,-0.12765321436005586,0.0,only_size_only
2026,4,21,0.07232259147989506,0.06496532689788692,0.18329699647024622,3.1875403550393715,0.05563077390456039,0.1947927981304104,0.5452627312455728,1.8175424374852427,1.0,only_size_only
2026,5,18,-0.08512466825433307,-0.02358975607074476,-0.42811622437689345,-4.871579266650824,0.11331299779554194,0.23169692159752753,1.8020111279550217,-0.0,-0.0,only_size_only
2026,6,21,-0.11878936716257005,-0.03089181436313515,-0.46696730382764107,-5.337373644746473,0.1471726272019398,0.1770155481595549,2.0522070253725304,-0.0,-0.0,only_size_only
2026,7,23,0.010735261542401897,-0.0664943010765694,0.6535844386632792,0.4884162379388591,0.12527848904647676,0.18052738336714003,0.27123138525446694,0.9041046175148898,1.0,only_size_only
2026,8,17,0.13055823735799832,0.06315935361654001,3.6867709706029475,6.859452866179726,0.03065506020801778,0.05858585858585863,24.35894019675098,81.19646732250327,1.0,only_size_only
2021,9,14,-0.049553366824529155,-0.052253816508863404,0.019999726147073016,-3.688108425912506,0.06875243952401666,0.6323076923076923,-0.06767564701060698,-0.10702961206057064,0.0,drop_impact60
2021,10,16,-0.03600067589452194,-0.019339876267340683,-0.17390146335477608,-2.7065555318317265,0.08368212049707557,0.2909889120279169,0.4234095728269882,-0.0,-0.0,drop_impact60
2021,11,22,0.10314511986106001,0.0943657202352226,0.26925175646735333,7.762831713279832,0.018244184054094448,0.29313977772805255,2.0443962434229137,6.814654144743046,1.0,drop_impact60
2021,12,23,0.11686832434009409,0.03596165440399468,1.8841742642500194,7.0654006227331125,0.03576547317492562,0.3073800874786864,12.74109490274594,41.45061902758878,1.0,drop_impact60
2022,1,19,-0.033294014484187784,-0.0849570576596419,0.3301714668458514,-1.161949809116961,0.10760061762054907,0.4194528875379939,-0.3341064466207558,-0.7965291372335409,0.0,drop_impact60
2022,2,16,0.060338246673919294,0.04792324716667484,0.4260197741551961,4.262207256640907,0.024608824537733387,0.34134720700985766,1.762163384134099,5.16237821182234,1.0,drop_impact60
2022,3,23,0.01718118577173522,-0.04682285026983024,0.6138918257393583,0.7480287223124772,0.10879495925434113,0.36991208075545423,0.39925720552303756,1.0793299983813807,1.0,drop_impact60
2022,4,19,-0.13459889323250518,-0.1415343305335559,0.014879434885729514,-3.9301259436165834,0.1924566553676189,0.38138138138138133,-0.0449726644630691,-0.11792045091497647,0.0,drop_impact60
2022,5,19,0.14589427004469857,0.10605561665379115,2.28023060430905,8.173867947844819,0.03808979071013552,0.34152975538517705,17.786388938838744,52.078592445859556,1.0,drop_impact60
2022,6,21,0.08814201793800258,0.0756208825663991,0.35732873977179436,5.454568792577248,0.03512873217724266,0.3910447761194029,1.8669119862815657,4.774164239727669,1.0,drop_impact60
2022,7,21,0.0537289150535214,0.027852619746877583,0.4834042009551791,2.9899425845222534,0.03094424513946703,0.30149253731343284,1.3916804583897833,4.61596983723344,1.0,drop_impact60
2022,8,23,0.01656431482784293,-0.02636190889031098,0.45097967451564147,0.9567781051616472,0.046071482906641203,0.29930467762326174,0.40763235686411325,1.3587745228803776,1.0,drop_impact60
2022,9,21,-0.07633806641346064,-0.0826307138782093,0.03037039172142475,-3.7524674751917653,0.10890785287504046,0.3870967741935484,-0.0990700298247834,-0.25593091038069044,0.0,drop_impact60
2022,10,16,0.05287369871008751,0.033045374123715554,0.5825550502001857,3.1894592678567797,0.037058909162334897,0.3128654970760234,1.775407476699477,5.674666888142253,1.0,drop_impact60
2022,11,22,0.1088909453927196,0.07588871437133538,0.955812323307756,8.264137538041407,0.02382420201514457,0.3290392568987728,7.673140669209466,23.31983344944785,1.0,drop_impact60
2022,12,22,-0.03550290112846188,-0.03566567880113991,0.0012766237125346747,-2.6110121382546234,0.06861707474319567,0.3400106305228888,-0.003058816101156752,-0.008996236666049883,0.0,drop_impact60
2023,1,16,0.09853810290693654,0.07609039942708873,1.2196987426700727,11.1525931168,0.013491023559439541,0.3032009823986901,13.382584906190047,44.13767000462022,1.0,drop_impact60
2023,2,20,0.05517302874788843,0.03290582112508944,0.4636216968087936,5.1397824478867,0.022034118968097705,0.29560220495064693,2.319908149593645,7.73302716531215,1.0,drop_impact60
2023,3,23,-0.026942481723548406,-0.012108589385469992,-0.1336694941224238,-1.6888542450845188,0.043862635432453057,0.26227421023315034,0.21386599451826713,-0.0,-0.0,drop_impact60
2023,4,19,-0.032495804760500735,-0.025520731614961267,-0.06449806965384874,-2.0882696007226103,0.08247168122001702,0.26929311050262794,0.1213596887912029,-0.0,-0.0,drop_impact60
2023,5,20,0.030009733263972826,0.006299954214499248,0.3691000489323193,3.026488078497607,0.01855156235060984,0.350492758249212,1.0922086718011113,3.116208954664092,1.0,drop_impact60
2023,6,20,0.04530586228906164,0.02333875886724912,0.4103501776740819,3.273884959968432,0.03655558141697246,0.2736827321457831,1.284507030451994,4.281690101506647,1.0,drop_impact60
2023,7,21,0.08160999422405268,0.011702822647265965,1.4137533628545678,10.193861396573725,0.009778457010948927,0.27423822714681445,14.242497908200004,47.47499302733335,1.0,drop_impact60
2023,8,23,-0.022199868079412433,-0.04046244174331426,0.1459359934397203,-1.3068006532045877,0.0676956721442813,0.5340493628176821,-0.17521702239146406,-0.3280914360931107,0.0,drop_impact60
2023,9,20,0.015054314706350436,0.0011750971389581366,0.192252753974838,1.3335715182374186,0.02912016566971687,0.30114178349472465,0.2474237055752191,0.821618649872788,1.0,drop_impact60
2023,10,17,0.009605026796037475,-0.006712213459006411,0.2472445127215871,0.7216024436576128,0.05671648967666865,0.125,0.16626954508864206,0.5542318169621402,0.9237196949369003,drop_impact60
2023,11,22,0.0449956275919543,0.03521110250613302,0.16912310400607677,5.0325083616092385,0.011103413807623808,0.26024312750379885,0.8397731174519592,2.799243724839864,1.0,drop_impact60
2023,12,21,0.004460254639401251,-0.01821715870185403,0.2528356714008919,0.3796280013227336,0.044889965842326296,0.49163734825732663,0.0908130653211399,0.1847155543472008,0.3078592572453347,drop_impact60
2024,1,22,-0.19022541870015885,-0.17724263014813124,-0.017825372298171493,-5.669879886532685,0.20392383869278385,0.36213647269755056,0.07633557898040365,-0.0,-0.0,drop_impact60
2024,2,15,-0.020137967661170042,0.059287564813577553,-1.9211689954847895,0.08754176534383575,0.22833217086711033,0.22959183673469385,-0.12210074803991669,0.0,0.0,drop_impact60
2024,3,21,0.09941357796178663,0.0455049375223171,1.4126686954743353,4.417167633847135,0.05608929371679261,0.27562971487022125,5.819998181942134,19.399993939807114,1.0,drop_impact60
2024,4,20,-0.006612437099747348,-0.009469302667038049,0.03277982589339623,0.13771704916638744,0.18877996886819914,0.34662222306395707,0.0034916803340594555,0.010073446252796051,0.01678907708799342,drop_impact60
2024,5,20,0.005756990150237451,-0.007240809546703919,0.1625091273013498,0.4128505199240275,0.0582383329108741,0.387097392883172,0.062403187779318886,0.16120797744084134,0.26867996240140224,drop_impact60
2024,6,19,-0.1039577868253656,-0.07825010158269752,-0.10615979855456736,-3.2922252937698566,0.10459141046750475,0.24427072644390135,0.30563608867880604,-0.0,-0.0,drop_impact60
2024,7,23,0.02959275065962741,0.0061731472931312315,0.30672534640276616,1.2347200565582037,0.06799039351956804,0.36526198368329665,0.3478207559931017,0.952250087692352,1.0,drop_impact60
2024,8,22,-0.007386181900206457,-0.03424326425455948,0.24767227617583476,-0.33836046823632315,0.05917580676602485,0.24935509591482574,-0.07785161015926237,-0.25950536719754125,0.0,drop_impact60
2024,9,19,0.2384091899801586,0.22120758882249514,2.886659047980652,6.456724301698805,0.03778430921194065,0.29491396761133604,17.793276483166878,59.310921610556264,1.0,drop_impact60
2024,10,18,0.08479290907930204,0.06558940643739475,0.6913888129170362,2.304412012577324,0.12273220058610479,0.16428571428571426,1.3585937742081635,4.528645914027212,1.0,drop_impact60
2024,11,21,0.10734797911759575,0.04225475590534589,1.7562702566217419,4.114957012616543,0.04948660969891616,0.4894926390899682,6.797810323659741,13.887461793700867,1.0,drop_impact60
2024,12,22,-0.05234786261110136,-0.038441803973139566,-0.09809077602729732,-1.6874436823939938,0.12194412084406303,0.3442586986091001,0.141301241959095,-0.0,-0.0,drop_impact60
2025,1,18,0.017386152032980995,-0.014267250953738486,0.45515602303133373,0.949485792652712,0.04032501939871025,0.3322811447811447,0.41125174270848747,1.2376619894558158,1.0,drop_impact60
2025,2,18,0.0797053082540502,0.07108749934954517,0.3105258027044169,4.968866687189345,0.02448004357985678,0.13394919168591224,1.497635204244687,4.99211734748229,1.0,drop_impact60
2025,3,21,0.01618453785344154,0.0020243335440084387,0.18790566659752894,1.0494918805169022,0.05858711435079367,0.26931511202923886,0.1833410319932012,0.6111367733106707,1.0,drop_impact60
2025,4,21,0.040959232749037344,-0.019851649870775367,0.8326993510235878,1.2302842333535267,0.12152891747795869,0.5365928709842173,0.875055519540929,1.6307624772127598,1.0,drop_impact60
2025,5,19,0.0974172255893444,0.046162095152821436,1.6118204090342556,7.001137089404318,0.028105305057604668,0.15011547344110854,10.903987917938093,36.346626393126975,1.0,drop_impact60
2025,6,20,0.08449872239236544,0.05880645270079676,0.7245650515867417,5.936651092665865,0.0321602608144248,0.3844937371706255,4.1354854605193285,10.75566403487123,1.0,drop_impact60
2025,7,23,0.06674947263854514,0.051680873343555866,0.2929731102544513,5.228398199847527,0.020639593321812866,0.45641418410077117,1.4938417007105917,3.2729957848566076,1.0,drop_impact60
2025,8,21,0.044407201558688936,0.08056160388095268,-0.8495555400289083,2.850986423947155,0.044305408290704174,0.3021729404347915,-2.2932982809992324,0.0,0.0,drop_impact60
2025,9,22,0.01603063662587778,0.011929086916887988,0.054323657961226735,1.1239935490226747,0.04589579449322123,0.3244014253683537,0.05769659523459136,0.17785555402254352,0.2964259233709059,drop_impact60
2025,10,17,0.05826008358074586,0.01433903545088433,1.0800067816675658,5.53218702225668,0.018970064313292623,0.32660408199546664,5.838788704527746,17.877268002451938,1.0,drop_impact60
2025,11,20,0.026981936488549296,-0.0005213899168912128,0.4051426550763919,1.6281533063276998,0.07474984374476223,0.3087249953807705,0.6004652755828858,1.944984321215369,1.0,drop_impact60
2025,12,23,-0.016162099524014817,0.01860152227044476,-0.3872677193798516,-0.9810296229590585,0.059257502105018345,0.27442163100057837,0.35290529393167835,-0.0,-0.0,drop_impact60
2026,1,20,0.0996986198380716,0.07703446575557682,0.7643044759183084,9.43052440800163,0.021416755972212376,0.2685936032570091,7.022550988064526,23.40850329354842,1.0,drop_impact60
2026,2,14,0.038789272319783574,0.03781552429437962,0.03320695058341738,4.276765908721744,0.013636096503934603,0.14814814814814814,0.13969446300812588,0.4656482100270863,0.7760803500451439,drop_impact60
2026,3,22,-0.07684972319283401,-0.08774195385127548,0.05086514731214742,-2.1829369726154666,0.13186547648168312,0.44347020625765265,-0.09346532588160393,-0.21075897447618233,0.0,drop_impact60
2026,4,21,0.050954078672804215,0.06496532689788692,-0.31272852639807436,2.617564228622042,0.04719674044167477,0.3337230376275929,-0.7722254379429637,0.0,0.0,drop_impact60
2026,5,18,-0.08324725526581578,-0.02358975607074476,-0.41973717846087366,-5.855768043739265,0.10478868551344234,0.32769363519781847,2.1488134919760973,-0.0,-0.0,drop_impact60
2026,6,21,-0.11395575912749556,-0.03089181436313515,-0.4520917428839515,-5.3590474478629435,0.14135661781977593,0.25270562770562766,2.0118097303327085,-0.0,-0.0,drop_impact60
2026,7,23,0.046885553195693985,-0.0664943010765694,1.181532502847087,1.6366906545612174,0.08849180818144442,0.2572488075654116,1.7284523146872,5.761507715624,1.0,drop_impact60
2026,8,17,0.10619824159418179,0.06315935361654001,1.9853310279736096,6.205580819700931,0.0251679264615301,0.13432835820895528,11.948045532075032,39.82681844025011,1.0,drop_impact60
2021,9,14,-0.052968298242910605,-0.052253816508863404,-0.005131540157686576,-4.399893604992547,0.07178442148618602,0.5547945205479452,0.020633312446760095,-0.0,-0.0,only_impact60
2021,10,16,-0.03394536878645571,-0.019339876267340683,-0.15475313433282056,-2.903409966762777,0.0753542233421085,0.19525558166862522,0.4086827432050257,-0.0,-0.0,only_impact60
2021,11,22,0.10901364626664245,0.0943657202352226,0.4621477054983836,9.05293385775617,0.013179270411267763,0.20598833218943036,4.117625409402241,13.725418031340805,1.0,only_impact60
2021,12,23,0.07218803262863016,0.03596165440399468,0.6734744063259832,5.138252256300676,0.02911469520177945,0.25299869802487607,3.3395803548342893,11.131934516114297,1.0,only_impact60
2022,1,19,-0.050887645321642916,-0.0849570576596419,0.1921894810001078,-1.9849729930842503,0.11985791484488428,0.2365878670120899,-0.32662128055256395,-1.08873760184188,0.0,only_impact60
2022,2,16,0.05989437140595988,0.04792324716667484,0.4094808784869661,4.556936667040685,0.02281754101219502,0.17812142038946166,1.814885982414162,6.0496199413805405,1.0,only_impact60
2022,3,23,-0.03553725274240638,-0.04682285026983024,0.0813926968993437,-1.2640511981371765,0.1156440414635288,0.2534013605442177,-0.08860695577377438,-0.2953565192459146,0.0,only_impact60
2022,4,19,-0.1339795413274899,-0.1415343305335559,0.016280888680401784,-4.226558289783933,0.1828594573811484,0.24533307761155865,-0.05371258760693449,-0.17904195868978162,0.0,only_impact60
2022,5,19,0.11367581105280355,0.10605561665379115,0.3629855189341673,7.081358471607204,0.037574615516278054,0.17896299680219274,2.4545310506886167,8.181770168962055,1.0,only_impact60
2022,6,21,0.1169072399788198,0.0756208825663991,1.3704792030698463,5.711286994935681,0.04545956817201513,0.21871412169919624,7.400214688236811,24.667382294122703,1.0,only_impact60
2022,7,21,0.0671303236197216,0.027852619746877583,0.7902709828442946,4.186321212185813,0.0294297026191368,0.23419176752510085,3.1914924414917105,10.638308138305701,1.0,only_impact60
2022,8,23,-0.011070281284365935,-0.02636190889031098,0.1389382046215547,-0.4014883102825171,0.06681365850638588,0.2288775751835188,-0.05130966039658854,-0.1710322013219618,0.0,only_impact60
2022,9,21,-0.07920946685897545,-0.0826307138782093,0.016228532936390372,-4.138108278607263,0.10109920818541518,0.19960706133888073,-0.05900819396108398,-0.19669397987027992,0.0,only_impact60
2022,10,16,0.07013084769853228,0.033045374123715554,1.2395358582636955,3.870886711339725,0.03527212266406865,0.1711464680658994,4.59501575389231,15.316719179641035,1.0,only_impact60
2022,11,22,0.06564379569792145,0.07588871437133538,-0.23993545801197147,4.70732585657392,0.03912256413293247,0.24462021121470545,-1.076429803454613,0.0,0.0,only_impact60
2022,12,22,-0.0452667500138596,-0.03566567880113991,-0.07143727704729119,-3.0841491025078436,0.07948631657890093,0.16795261899587044,0.1993079970161815,-0.0,-0.0,only_impact60
2023,1,16,0.10471658050167632,0.07609039942708873,1.6254775720925658,11.4607928570767,0.012853916499422136,0.1386435398532173,18.341910977637777,61.13970325879259,1.0,only_impact60
2023,2,20,0.06506393790845189,0.03290582112508944,0.7090425919437222,5.196459991635097,0.029990546082044878,0.1948984411903637,3.5519108484732462,11.839702828244155,1.0,only_impact60
2023,3,23,-0.010116720867673457,-0.012108589385469992,0.019526262269407346,-0.5950423393766396,0.03284482757861462,0.17959286979788125,-0.011161005779223404,-0.03720335259741135,0.0,only_impact60
2023,4,19,-0.031654834555899236,-0.025520731614961267,-0.057019779765170586,-2.1012500739411446,0.08068816168967285,0.16005782839171123,0.10821184536044261,-0.0,-0.0,only_impact60
2023,5,20,0.04397673754085929,0.006299954214499248,0.6375590983223356,4.118813350987252,0.023093923663275895,0.2153396265134414,2.55321371627575,8.510712387585833,1.0,only_impact60
2023,6,20,0.04480020928403072,0.02333875886724912,0.3997276395057239,3.418982121475427,0.026132139357687323,0.22233810992200254,1.3238051016066468,4.4126836720221565,1.0,only_impact60
2023,7,21,0.03543209197366304,0.011702822647265965,0.3688211154456862,3.874204296604372,0.01669025255638934,0.2785615079365079,1.4002701412116696,4.667567137372232,1.0,only_impact60
2023,8,23,-0.009966102922652986,-0.04046244174331426,0.2600589811386803,-0.423591281567796,0.07314240323764798,0.3517859925126826,-0.10048998913589562,-0.28565659598362986,0.0,only_impact60
2023,9,20,0.005094362982992706,0.0011750971389581366,0.051212588142082405,0.5163984544390504,0.035697279376814106,0.22842762191823163,0.02531323672179617,0.08437745573932057,0.14062909289886763,only_impact60
2023,10,17,-0.004563962287391199,-0.006712213459006411,0.02945151953222258,-0.18535847997726287,0.07285458014817159,0.08752735229759301,-0.004981825338319283,-0.016606084461064277,0.0,only_impact60
2023,11,22,0.05413937105472666,0.03521110250613302,0.3428597933573496,4.219403766504436,0.019220109585291634,0.1959174007767358,1.4132978569654848,4.710992856551616,1.0,only_impact60
2023,12,21,-0.005875445332324092,-0.01821715870185403,0.12970889734013125,-0.33224670213808405,0.05351095651374849,0.37229580293413156,-0.04032806508248145,-0.10832264227705111,0.0,only_impact60
2024,1,22,-0.21638304717452195,-0.17724263014813124,-0.045786826288308546,-7.118295135623304,0.22380708001323502,0.2088652482269504,0.23839118598489903,-0.0,-0.0,only_impact60
2024,2,15,0.005143432890238664,0.059287564813577553,-1.5416685634874492,0.5335625908459186,0.20260626564406914,0.09766454352441611,-0.6225856474628342,0.0,0.0,only_impact60
2024,3,21,0.0805467089793932,0.0455049375223171,0.827768632907343,3.4510249164032865,0.07352831624038214,0.1820555774536855,2.604596564041296,8.68198854680432,1.0,only_impact60
2024,4,20,0.003491903282581754,-0.009469302667038049,0.15787480607478033,0.3385147476336575,0.17328108089098737,0.16455696202531644,0.042330167537409515,0.1411005584580317,0.23516759743005286,only_impact60
2024,5,20,0.014894159693090048,-0.007240809546703919,0.2922616507730035,0.9589225322647732,0.04338559712542911,0.15797842290379605,0.26566537885920605,0.8855512628640202,1.0,only_impact60
2024,6,19,-0.07816432296060016,-0.07825010158269752,0.00041910097580355465,-2.7998460929501827,0.09182249119042085,0.20160136745985335,-0.0010441228075889599,-0.0034804093586298665,0.0,only_impact60
2024,7,23,0.0022034960523855673,0.0061731472931312315,-0.04534433299060603,0.22027786958926815,0.07090721614708628,0.37218731135476246,-0.00913845749708671,0.0,0.0,only_impact60
2024,8,22,-0.014281778575263693,-0.03424326425455948,0.17717405690290822,-0.7593784940679678,0.06479727791517276,0.22775831797416157,-0.12408060897705231,-0.4136020299235077,0.0,only_impact60
2024,9,19,0.21389554977446945,0.22120758882249514,-1.084228035442674,5.512603170324499,0.0462433601148976,0.22650414937759333,-5.645247529544499,0.0,0.0,only_impact60
2024,10,18,0.0710744939982888,0.06558940643739475,0.1813705749815373,1.9115707682466914,0.13286347684792132,0.0993788819875776,0.29142573966655694,0.9714191322218565,1.0,only_impact60
2024,11,21,0.07332490091275634,0.04225475590534589,0.6944373157207133,2.6372406086997975,0.0718953394444426,0.34392071629953525,1.673395487221834,4.865643178541191,1.0,only_impact60
2024,12,22,-0.055373867904145,-0.038441803973139566,-0.11752138267720069,-1.953846812840081,0.11533482892450819,0.14560962062813476,0.1978391278739827,-0.0,-0.0,only_impact60
2025,1,18,0.01791913048912952,-0.014267250953738486,0.46452371923642277,0.9861183789609173,0.03878316038963836,0.18624073887827286,0.43675664402212755,1.4558554800737586,1.0,only_impact60
2025,2,18,0.08393410073579921,0.07108749934954517,0.4751149062628013,4.8865950536695255,0.03165879690015594,0.06938775510204087,2.2334916985645155,7.444972328548385,1.0,only_impact60
2025,3,21,0.028297992308367492,0.0020243335440084387,0.37318040188315926,1.8005914742424725,0.054912330375400664,0.2331288343558282,0.6276677413325948,2.092225804441983,1.0,only_impact60
2025,4,21,0.02151990577144791,-0.019851649870775367,0.5049629449586743,0.7517152838598469,0.13934274447757633,0.32008281573498965,0.31611690229671363,0.9876097270977534,1.0,only_impact60
2025,5,19,0.08041275027211658,0.046162095152821436,0.9698982193105943,5.872488981504055,0.027434305450129592,0.06611570247933884,5.5082069711275174,18.36068990375839,1.0,only_impact60
2025,6,20,0.09347355025282611,0.05880645270079676,1.0286584938900654,6.497940529067781,0.02920661348092768,0.2285357437710367,6.449895644727477,21.49965214909159,1.0,only_impact60
2025,7,23,0.08992177075645658,0.051680873343555866,0.8318654458228378,7.510861922177317,0.014021029665606477,0.39375399737435623,6.142901983492563,15.60086252953588,1.0,only_impact60
2025,8,21,0.07004549338027855,0.08056160388095268,-0.2805876861483618,4.233992163778241,0.036830116667254,0.21748661931531288,-1.1355007820607101,0.0,0.0,only_impact60
2025,9,22,0.03126135534986885,0.011929086916887988,0.2772726824194165,1.9054269845300906,0.03510026087544349,0.194672131147541,0.5060697272725999,1.6868990909086665,1.0,only_impact60
2025,10,17,0.04105714984933395,0.01433903545088433,0.5806925497618551,3.7667147910681766,0.023816125065631688,0.2008196721311475,2.1247915119054404,7.082638373018135,1.0,only_impact60
2025,11,20,0.013590122014793815,-0.0005213899168912128,0.1919522276060952,0.8750600374418213,0.07276462224475577,0.2356557377049181,0.15330301930328333,0.5110100643442778,0.8516834405737963,only_impact60
2025,12,23,-0.008710556488867982,0.01860152227044476,-0.3151738820232717,-0.5005548888731586,0.05557443970708764,0.21311475409836067,0.14724079728784775,-0.0,-0.0,only_impact60
2026,1,20,0.1026755269190649,0.07703446575557682,0.8790513593947873,8.775550395977334,0.030883437640613187,0.2205792746546471,7.428271788193655,24.760905960645516,1.0,only_impact60
2026,2,14,0.04795428352093922,0.03781552429437962,0.37302750571093046,5.888954258010334,0.009016389160149352,0.0897959183673469,2.1729739020896326,7.243246340298776,1.0,only_impact60
2026,3,22,-0.0815402262690923,-0.08774195385127548,0.028185667733301556,-2.2725669465495697,0.13373908910335042,0.3222785651938983,-0.0537740179130514,-0.16685570720689524,0.0,only_impact60
2026,4,21,0.08614596604516245,0.06496532689788692,0.5673532562189716,4.393544945349897,0.04132878267354223,0.23689394791315255,2.369068118418747,7.896893728062491,1.0,only_impact60
2026,5,18,-0.061979968841841204,-0.02358975607074476,-0.3076095735752207,-3.774764691647093,0.09845136721404135,0.26824997869983813,1.0239731472204616,-0.0,-0.0,only_impact60
2026,6,21,-0.09909034133393924,-0.03089181436313515,-0.4003517889628385,-5.11985949895089,0.12166260621348768,0.242017874575016,1.75049214030732,-0.0,-0.0,only_impact60
2026,7,23,0.009721798370262436,-0.0664943010765694,0.6412962905999582,0.47352412155501616,0.11299516410625898,0.20408163265306123,0.26249347286049907,0.8749782428683303,1.0,only_impact60
2026,8,17,0.10746172988718539,0.06315935361654001,2.061518026645233,6.358068933477362,0.028612731863419172,0.07942973523421593,12.657231830888747,42.19077276962916,1.0,only_impact60
2021,9,14,-0.049133610593623755,-0.052253816508863404,0.023196208253545514,-3.549853135306056,0.0713316071028669,0.5712328767123288,-0.07529473101770698,-0.131810920007017,0.0,drop_t10_size_plus_impact_bm
2021,10,16,-0.04029707057542442,-0.019339876267340683,-0.2120342775026779,-3.1088288411087697,0.08426427416029758,0.16014434052581195,0.5925240623189902,-0.0,-0.0,drop_t10_size_plus_impact_bm
2021,11,22,0.10413599740627255,0.0943657202352226,0.3010748889503385,8.124050042650106,0.017014445458506056,0.13398233641107982,2.3960077367446226,7.986692455815409,1.0,drop_t10_size_plus_impact_bm
2021,12,23,0.10318509328822345,0.03596165440399468,1.4600727771144344,6.424507534931584,0.03533726312054353,0.18945123133604802,8.982481784398898,29.941605947996326,1.0,drop_t10_size_plus_impact_bm
2022,1,19,-0.03176001252338656,-0.0849570576596419,0.3437347884291152,-1.0929771019520818,0.10604948938839431,0.18467938311688314,-0.32788363247426233,-1.0929454415808746,0.0,drop_t10_size_plus_impact_bm
2022,2,16,0.0688450685298545,0.04792324716667484,0.763487550815015,4.9067327458206575,0.022537742303217034,0.17295346173313086,3.644911504122355,12.149705013741183,1.0,drop_t10_size_plus_impact_bm
2022,3,23,0.011739798990413108,-0.04682285026983024,0.5451044062268745,0.5687553213599779,0.10914412171617072,0.2305755206967106,0.26942535414170315,0.8980845138056772,1.0,drop_t10_size_plus_impact_bm
2022,4,19,-0.14636889904263584,-0.1415343305335559,-0.009534556982515263,-4.434141205999475,0.19903404305996097,0.2534858317805051,0.03217996069470626,-0.0,-0.0,drop_t10_size_plus_impact_bm
2022,5,19,0.13589756400768227,0.10605561665379115,1.6123285440451265,7.685811673891887,0.03982677255707456,0.21443019616823145,11.799810948262564,39.33270316087522,1.0,drop_t10_size_plus_impact_bm
2022,6,21,0.08419235186162344,0.0756208825663991,0.23966804678986264,4.688187443763374,0.04123552400140662,0.20646766169154218,1.068009614043799,3.560032046812663,1.0,drop_t10_size_plus_impact_bm
2022,7,21,0.06644406309078144,0.027852619746877583,0.7735012239802457,3.972756965658302,0.022771370860186768,0.20195953529286859,2.9889625162114535,9.963208387371512,1.0,drop_t10_size_plus_impact_bm
2022,8,23,0.0005861713271708702,-0.02636190889031098,0.26020280867151013,0.1371266312646963,0.04254791570613803,0.19720577788302152,0.03385896553308834,0.11286321844362782,0.18810536407271303,drop_t10_size_plus_impact_bm
2022,9,21,-0.07657744994664895,-0.0826307138782093,0.029172824057987157,-3.7638244315397804,0.10703731748849665,0.20198202883476357,-0.0956979727022686,-0.3189932423408953,0.0,drop_t10_size_plus_impact_bm
2022,10,16,0.058446692035925674,0.033045374123715554,0.7777427809855724,3.3855538898463973,0.03687682733020514,0.1759812238434566,2.5165700868227225,8.388566956075742,1.0,drop_t10_size_plus_impact_bm
2022,11,22,0.0917429989933487,0.07588871437133538,0.4216489414101505,6.858305363180158,0.0328396450062608,0.18599964567277882,2.777838484226434,9.259461614088114,1.0,drop_t10_size_plus_impact_bm
2022,12,22,-0.04313911501293799,-0.03566567880113991,-0.056245236827172196,-3.1090377997919574,0.07876870143206738,0.15407657534992647,0.158339563387823,-0.0,-0.0,drop_t10_size_plus_impact_bm
2023,1,16,0.09368365545474044,0.07609039942708873,0.9236617080111089,10.567805378251027,0.013138564004374631,0.1364190402874006,9.607181321094009,32.02393773698003,1.0,drop_t10_size_plus_impact_bm
2023,2,20,0.06329339367466824,0.03290582112508944,0.6631384108998346,5.518155046810682,0.025206193232058527,0.13532707330545257,3.5486161241620744,11.828720413873581,1.0,drop_t10_size_plus_impact_bm
2023,3,23,-0.009009396757758581,-0.012108589385469992,0.030551785847016122,-0.47828034461374236,0.03718617589488793,0.1569942016980742,-0.013960267161013515,-0.04653422387004505,0.0,drop_t10_size_plus_impact_bm
2023,4,19,-0.034443859796475795,-0.025520731614961267,-0.08151779714571505,-2.2195322779014117,0.0853277314019305,0.1578610212921725,0.16240522475095734,-0.0,-0.0,drop_t10_size_plus_impact_bm
2023,5,20,0.04993264620892779,0.006299954214499248,0.7653659313538916,4.773997635328191,0.013070618541602186,0.21784245166598104,3.5965453702537062,11.988484567512355,1.0,drop_t10_size_plus_impact_bm
2023,6,20,0.04578398066694822,0.02333875886724912,0.4204492557902699,3.36235049432053,0.036037431200057424,0.16172022159265942,1.3525625199951037,4.508541733317013,1.0,drop_t10_size_plus_impact_bm
2023,7,21,0.06434760917930737,0.011702822647265965,0.9636630850225931,7.822964618589847,0.00832257215142529,0.19848671651288574,7.463412546604263,24.87804182201421,1.0,drop_t10_size_plus_impact_bm
2023,8,23,-0.010019631547365071,-0.04046244174331426,0.2595283024235766,-0.49404787152686397,0.059882971930920736,0.28547272251664724,-0.11900561454690803,-0.39668538182302676,0.0,drop_t10_size_plus_impact_bm
2023,9,20,0.013773828579763503,0.0011750971389581366,0.17320490049707082,1.2490157031685225,0.030945341249437264,0.17600329186232266,0.208302144319742,0.6943404810658067,1.0,drop_t10_size_plus_impact_bm
2023,10,17,0.00641717501104222,-0.006712213459006411,0.1944748030916149,0.506436499157003,0.061787466222856025,0.07877461706783373,0.09118666527346218,0.30395555091154064,0.5065925848525678,drop_t10_size_plus_impact_bm
2023,11,22,0.04880833015713515,0.03521110250613302,0.23964807362615348,4.67315665871869,0.011916654580932606,0.19180748053920638,1.1038982514856137,3.679660838285379,1.0,drop_t10_size_plus_impact_bm
2023,12,21,-0.004557939352574536,-0.01821715870185403,0.14463514744247374,-0.21577189411590766,0.05347811140099812,0.256305056495288,-0.02920545302193398,-0.09735151007311328,0.0,drop_t10_size_plus_impact_bm
2024,1,22,-0.2052410105207515,-0.17724263014813124,-0.03503784541411259,-6.152245172273868,0.21770992111911314,0.20918302261585842,0.159245584831391,-0.0,-0.0,drop_t10_size_plus_impact_bm
2024,2,15,-0.028378232379310697,0.059287564813577553,-2.0151509477279625,-0.011738622161554538,0.23828082857949584,0.1295116772823779,0.016891228645712374,-0.0,-0.0,drop_t10_size_plus_impact_bm
2024,3,21,0.09682802975765559,0.0455049375223171,1.3257934124549842,4.03091958403191,0.06594763944940651,0.15041093799796212,4.921244421706877,16.404148072356257,1.0,drop_t10_size_plus_impact_bm
2024,4,20,-0.005119947079693765,-0.009469302667038049,0.05034478640920581,0.17813038296908246,0.1936419700437142,0.1919831223628693,0.006884053511030513,0.022946845036768377,0.0382447417279473,drop_t10_size_plus_impact_bm
2024,5,20,0.015814927369072196,-0.007240809546703919,0.3061064911078132,0.929664198405915,0.04959747194629205,0.2158814371093447,0.2676391308484043,0.8921304361613477,1.0,drop_t10_size_plus_impact_bm
2024,6,19,-0.0828598983061849,-0.07825010158269752,-0.02183243215275521,-2.5986405192584745,0.10295148085172667,0.17600197921820881,0.04972554423266089,-0.0,-0.0,drop_t10_size_plus_impact_bm
2024,7,23,0.010963324615879122,0.0061731472931312315,0.057141608141060285,0.5526982335731755,0.072472758915205,0.23146473779385168,0.02883545854694704,0.09611819515649014,0.16019699192748357,drop_t10_size_plus_impact_bm
2024,8,22,-0.013093622336468269,-0.03424326425455948,0.18895765149325605,-0.6849079040942161,0.06507893838024781,0.14626444562853225,-0.11931167978860807,-0.39770559929536026,0.0,drop_t10_size_plus_impact_bm
2024,9,19,0.22773522537803959,0.22120758882249514,1.0375334185234983,5.9241721873874456,0.04331670664819787,0.15591286307053942,5.827029872819202,19.42343290939734,1.0,drop_t10_size_plus_impact_bm
2024,10,18,0.08055016507832868,0.06558940643739475,0.5245582683953138,2.168233215050937,0.12551552442471503,0.08695652173913049,0.9660563545347569,3.2201878484491897,1.0,drop_t10_size_plus_impact_bm
2024,11,21,0.0918657024479248,0.04225475590534589,1.2277978366502,3.4451543340201574,0.055785242654985856,0.3050038497746381,3.9467902902473813,12.940132700500646,1.0,drop_t10_size_plus_impact_bm
2024,12,22,-0.06787692284871616,-0.038441803973139566,-0.19122989998263906,-2.209765552929809,0.1317101395804936,0.16409432120375678,0.35578462826734286,-0.0,-0.0,drop_t10_size_plus_impact_bm
2025,1,18,0.01955373622750911,-0.014267250953738486,0.4936545063630374,1.0400539013144428,0.04138548468912506,0.1454918032786885,0.4879291702847567,1.6264305676158557,1.0,drop_t10_size_plus_impact_bm
2025,2,18,0.07772942838167252,0.07108749934954517,0.23644634896879158,4.8799711446110425,0.0265180832844516,0.06339468302658491,1.1171338484546225,3.723779494848742,1.0,drop_t10_size_plus_impact_bm
2025,3,21,0.022219844139835354,0.0020243335440084387,0.2771980037550805,1.3447938554615664,0.06105933972022348,0.15132924335378317,0.3454605584131924,1.1515351947106414,1.0,drop_t10_size_plus_impact_bm
2025,4,21,0.029798459472453853,-0.019851649870775367,0.6362733622750385,0.9491190257304617,0.1291956166768814,0.29148344320390207,0.5102738054131146,1.7009126847103822,1.0,drop_t10_size_plus_impact_bm
2025,5,19,0.09182456397223238,0.046162095152821436,1.3870039547841189,6.8098456847674385,0.027049822705511484,0.05991735537190079,9.138691022945908,30.462303409819693,1.0,drop_t10_size_plus_impact_bm
2025,6,20,0.08446151091118104,0.05880645270079676,0.7233638442008461,5.640695444727131,0.037498330301654836,0.17312098019583555,3.8966709349195185,12.988903116398395,1.0,drop_t10_size_plus_impact_bm
2025,7,23,0.08251743116031118,0.051680873343555866,0.6470029850045611,6.535260365347164,0.015622234832701976,0.2731006160164271,4.149065751541229,13.830219171804096,1.0,drop_t10_size_plus_impact_bm
2025,8,21,0.047236746493534154,0.08056160388095268,-0.7939717954438272,2.882127801634593,0.04391155434692873,0.1498973305954825,-2.1677473283922093,0.0,0.0,drop_t10_size_plus_impact_bm
2025,9,22,0.029086019328427692,0.011929086916887988,0.24327219805984934,1.8584254837042282,0.039064623582429014,0.180327868852459,0.43090976030297806,1.4363658676765936,1.0,drop_t10_size_plus_impact_bm
2025,10,17,0.05706554734823066,0.01433903545088433,1.041572411244195,5.36433874513994,0.020847782597143816,0.17043121149897333,5.447566680803264,18.158555602677545,1.0,drop_t10_size_plus_impact_bm
2025,11,20,0.023092392900204928,-0.0005213899168912128,0.3398475354313888,1.3514725245254986,0.07890018672817756,0.1989892954522503,0.41580849038845963,1.3860283012948655,1.0,drop_t10_size_plus_impact_bm
2025,12,23,-0.014017060179178586,0.01860152227044476,-0.36706685085026713,-0.798718403839247,0.060035759929205734,0.15573770491803285,0.27206128862395673,-0.0,-0.0,drop_t10_size_plus_impact_bm
2026,1,20,0.10106675686384614,0.07703446575557682,0.8165935645876989,9.497110887737012,0.023645501112885547,0.12065439672801637,7.5352266652675155,25.117422217558385,1.0,drop_t10_size_plus_impact_bm
2026,2,14,0.04444258566680004,0.03781552429437962,0.2367939094763667,5.0552672820488675,0.01063925205281413,0.053169734151329195,1.1817735601339674,3.939245200446558,1.0,drop_t10_size_plus_impact_bm
2026,3,22,-0.08272085431461051,-0.08774195385127548,0.022665079580052816,-2.2535769392958604,0.1382375859520496,0.2326530612244898,-0.04260450420219093,-0.14201501400730313,0.0,drop_t10_size_plus_impact_bm
2026,4,21,0.06814094706254825,0.06496532689788692,0.07741674631272533,3.413298113896937,0.04644356101894154,0.19803081228993036,0.24951937970578658,0.8317312656859553,1.0,drop_t10_size_plus_impact_bm
2026,5,18,-0.08435963018076986,-0.02358975607074476,-0.4247287339727711,-5.360156056972599,0.10976942192922212,0.21718597607925672,1.9767293971511628,-0.0,-0.0,drop_t10_size_plus_impact_bm
2026,6,21,-0.10658717598493483,-0.03089181436313515,-0.42762734976264793,-5.105132397147855,0.13273218484012972,0.20530594346623487,1.8353739958044502,-0.0,-0.0,drop_t10_size_plus_impact_bm
2026,7,23,0.035631317800121964,-0.0664943010765694,0.9970313444753502,1.2843734375490456,0.09762443293662348,0.1922290388548057,1.130543775248459,3.768479250828197,1.0,drop_t10_size_plus_impact_bm
2026,8,17,0.11120760458562162,0.06315935361654001,2.2945767750202872,6.396829563635884,0.02590701912961535,0.06924643584521384,14.22170016381228,47.4056672127076,1.0,drop_t10_size_plus_impact_bm
2021,9,14,-0.04672230942817168,-0.052253816508863404,0.04203019770809924,-3.984858571536024,0.06301093762631371,0.7676923076923077,-0.15482037518622452,-0.20166982739688566,0.0,only_t10_size_plus_impact_bm
2021,10,16,-0.026004260652283895,-0.019339876267340683,-0.07486965178187466,-2.0049848075217263,0.07447063115146058,0.5054126564229564,0.13669774594071982,-0.0,-0.0,only_t10_size_plus_impact_bm
2021,11,22,0.11144597922398503,0.0943657202352226,0.5452820623710894,8.230037325505489,0.017683896802134225,0.5863168494070262,4.392459873402678,7.491614607093433,1.0,only_t10_size_plus_impact_bm
2021,12,23,0.11653733438751601,0.03596165440399468,1.8732904886740949,7.70362096522186,0.027595787803880945,0.6604548150344726,13.95323413604064,21.1267051407784,1.0,only_t10_size_plus_impact_bm
2022,1,19,-0.04667808025643749,-0.0849570576596419,0.22242888510984526,-1.8821457443559788,0.11025369073424551,0.7294832826747721,-0.36325517983670913,-0.49796230902615535,0.0,only_t10_size_plus_impact_bm
2022,2,16,0.04987510617677726,0.04792324716667484,0.06216764872221914,3.8787054605358375,0.021252212878545285,0.5527747353048558,0.23498054329439222,0.4250927697786337,0.7084879496310562,only_t10_size_plus_impact_bm
2022,3,23,-0.0326424946211773,-0.04682285026983024,0.10384813825308248,-1.0048591147826793,0.11999623528853076,0.5474239299540504,-0.08932642395454536,-0.16317595754727643,0.0,only_t10_size_plus_impact_bm
2022,4,19,-0.14548260785284828,-0.1415343305335559,-0.007835741873496227,-4.128785818821731,0.2047268941703898,0.5285285285285285,0.0244040860016464,-0.0,-0.0,only_t10_size_plus_impact_bm
2022,5,19,0.13829726637728923,0.10605561665379115,1.766169197996732,7.700343316472736,0.040895654713022034,0.5198612632347572,12.93268673667441,24.877188687233097,1.0,only_t10_size_plus_impact_bm
2022,6,21,0.10359773407770767,0.0756208825663991,0.8655058326952862,5.914626499359186,0.037398400172951596,0.6238805970149254,4.889406390347592,7.837086797925566,1.0,only_t10_size_plus_impact_bm
2022,7,21,0.03466174057356697,0.027852619746877583,0.11465576577520231,2.0249246791947195,0.040524307032632545,0.6149253731343283,0.22087909023348776,0.3591965787777593,0.5986609646295988,only_t10_size_plus_impact_bm
2022,8,23,0.025544341037666785,-0.02636190889031098,0.5720869384469399,1.4260956566059564,0.043610997256407935,0.6105141171512852,0.773154623051351,1.266399254875483,1.0,only_t10_size_plus_impact_bm
2022,9,21,-0.08843689895628071,-0.0826307138782093,-0.02606132935462402,-4.54578439098225,0.11255505803988952,0.6774193548387097,0.10246801710576778,-0.0,-0.0,only_t10_size_plus_impact_bm
2022,10,16,0.07054909019503475,0.033045374123715554,1.2574896006832044,3.7880209992896487,0.03996415260219721,0.6228070175438597,4.534958863580244,7.281483245748561,1.0,only_t10_size_plus_impact_bm
2022,11,22,0.1030041034283693,0.07588871437133538,0.7625552276521224,7.337001877989117,0.030310337228122597,0.6318987727981559,5.391370292993541,8.532015767524964,1.0,only_t10_size_plus_impact_bm
2022,12,22,-0.045634097166711185,-0.03566567880113991,-0.07402463901867362,-3.186360045273874,0.07813985761265241,0.5590658428011428,0.21375221377927514,-0.0,-0.0,only_t10_size_plus_impact_bm
2023,1,16,0.10763147672910178,0.07609039942708873,1.828865485111828,12.046710479942735,0.012799801114062648,0.5120261972984036,21.69340961631289,42.36777284204112,1.0,only_t10_size_plus_impact_bm
2023,2,20,0.06265052845154218,0.03290582112508944,0.6466892300743932,5.568867419727078,0.020639635185428662,0.6992405349345859,3.512130503795631,5.022778755416677,1.0,only_t10_size_plus_impact_bm
2023,3,23,-0.034748471309270945,-0.012108589385469992,-0.19629153678566524,-2.3683899931640497,0.04961851598279288,0.5274926394525344,0.437214036752091,-0.0,-0.0,only_t10_size_plus_impact_bm
2023,4,19,-0.03680009857446298,-0.025520731614961267,-0.10154883069454523,-2.472406534438742,0.08327705420552933,0.5245412771850313,0.22597994931666618,-0.0,-0.0,only_t10_size_plus_impact_bm
2023,5,20,0.01673933148433271,0.006299954214499248,0.15030873332425165,1.6941758579412194,0.023971359201504172,0.6611977815903922,0.24732427576680371,0.37405490861132307,0.6234248476855385,only_t10_size_plus_impact_bm
2023,6,20,0.036726495375668966,0.02333875886724912,0.23797145736242298,2.6419768975946507,0.03872268643930721,0.5250813417288921,0.5995004477681735,1.1417287192004342,1.0,only_t10_size_plus_impact_bm
2023,7,21,0.07536623731106262,0.011702822647265965,1.2417000865822774,9.182580839075717,0.009444563007541817,0.5512465373961218,11.2727870045732,20.44962868668807,1.0,only_t10_size_plus_impact_bm
2023,8,23,-0.033799916613798664,-0.04046244174331426,0.050092710641420846,-1.8659249878254016,0.08590724837064578,1.0295228032896402,-0.08383361818400151,-0.08142958846188493,0.0,only_t10_size_plus_impact_bm
2023,9,20,0.010599763253524852,0.0011750971389581366,0.12717584857090647,0.8563469934463345,0.04109072083373755,0.6236739413210002,0.10353659198588747,0.16601077121578497,0.27668461869297495,only_t10_size_plus_impact_bm
2023,10,17,-0.00039945972251620443,-0.006712213459006411,0.08910739642117138,0.0813318588809757,0.07136267049867506,0.2712765957446809,0.006626648725393521,0.02208882908464507,0.036814715141075115,only_t10_size_plus_impact_bm
2023,11,22,0.03836157889638914,0.03521110250613302,0.052649561501746156,3.7912504718881226,0.014061239771327672,0.6308329879817655,0.19623959723603765,0.3110801130801201,0.5184668551335335,only_t10_size_plus_impact_bm
2023,12,21,-0.004843954499539338,-0.01821715870185403,0.14137633066527333,-0.22982462027445774,0.05680462674910958,0.8116282335506882,-0.0302769426488824,-0.0373039544428213,0.0,only_t10_size_plus_impact_bm
2024,1,22,-0.19490800949145903,-0.17724263014813124,-0.023558167917480333,-6.205071020313999,0.20129313705804497,0.6756202705196825,0.1108700427345348,-0.0,-0.0,only_t10_size_plus_impact_bm
2024,2,15,0.035680942735623056,0.059287564813577553,-0.8295067374839431,1.0786471757269027,0.18802290061986882,0.4336734693877551,-0.6928660168952893,0.0,0.0,only_t10_size_plus_impact_bm
2024,3,21,0.0944561586217898,0.0455049375223171,1.2480546778139698,4.143810817480416,0.06132113553894214,0.5208860759493671,4.7911408726283735,9.198059026431142,1.0,only_t10_size_plus_impact_bm
2024,4,20,-0.007134503402573711,-0.009469302667038049,0.02670757103600152,0.09666406983298548,0.1794802869136618,0.5627797453331062,0.0020256334777178846,0.003599336142630584,0.005998893571050973,only_t10_size_plus_impact_bm
2024,5,20,-0.005039557515314708,-0.007240809546703919,0.02582395504636803,-0.1545356296470214,0.0564538287272478,0.6146031786623023,-0.0037203713668987294,-0.006053290148931871,0.0,only_t10_size_plus_impact_bm
2024,6,19,-0.11118701880907433,-0.07825010158269752,-0.12991572045237354,-3.4917380730184746,0.10775149574734888,0.5410984035771812,0.3949762785719789,-0.0,-0.0,only_t10_size_plus_impact_bm
2024,7,23,0.030274817967087975,0.0061731472931312315,0.31674924726295783,1.232472250512903,0.07027811102430981,0.7525714238597037,0.3574620620497528,0.4749875569503311,0.7916459282505519,only_t10_size_plus_impact_bm
2024,8,22,-0.0013439618717113744,-0.03424326425455948,0.3137991397653058,0.020672768687060156,0.057513233465958824,0.5497279677313447,0.00603938431932426,0.010986132548882328,0.01831022091480388,only_t10_size_plus_impact_bm
2024,9,19,0.24579642831721693,0.22120758882249514,4.285879940121797,6.2876381565525925,0.04564147770998872,0.5874930990062569,25.472122987124067,43.35731437562433,1.0,only_t10_size_plus_impact_bm
2024,10,18,0.08087340653669473,0.06558940643739475,0.5369714722116554,2.210600710068442,0.12346319881340306,0.33333333333333337,1.0111641641396434,3.03349249241893,1.0,only_t10_size_plus_impact_bm
2024,11,21,0.1054774714897575,0.04225475590534589,1.687999423574034,4.154691741497073,0.05386517100218102,0.9148860594085177,6.5598019519043245,7.170075316422787,1.0,only_t10_size_plus_impact_bm
2024,12,22,-0.030729073757617464,-0.038441803973139566,0.06116322068234126,-1.1252916680200187,0.09937937294657906,0.7096002808126015,-0.060618545785969494,-0.08542632722263291,0.0,only_t10_size_plus_impact_bm
2025,1,18,0.0007461379601505502,-0.014267250953738486,0.1927316009111314,0.17201635894888279,0.04123272904895636,0.5946969696969696,0.031512602425451744,0.05298934420585517,0.08831557367642529,only_t10_size_plus_impact_bm
2025,2,18,0.09436685446162962,0.07108749934954517,0.9186505023308014,5.612898356269151,0.024463101974401158,0.3163972286374134,5.004925221207927,15.818486283087827,1.0,only_t10_size_plus_impact_bm
2025,3,21,0.020358697715547658,0.0020243335440084387,0.24903980545583093,1.4660591500335225,0.04920548555042603,0.632994332326924,0.3435487598065204,0.5427359176244361,0.9045598627073935,only_t10_size_plus_impact_bm
2025,4,21,0.034896180401228216,-0.019851649870775367,0.7231074045073722,1.0955601789826162,0.11932714455511029,1.1371715778452207,0.6787694214440753,0.5968927070180977,0.9948211783634963,only_t10_size_plus_impact_bm
2025,5,19,0.07237434730258951,0.046162095152821436,0.7068577508664005,4.75368203460814,0.03147211630186064,0.2817551963048499,3.233274734038442,10.777582446794806,1.0,only_t10_size_plus_impact_bm
2025,6,20,0.07733389889749809,0.05880645270079676,0.5018949998784721,6.131685421298493,0.0243536574536799,0.6887960286540153,2.9875252999112853,4.337314931604999,1.0,only_t10_size_plus_impact_bm
2025,7,23,0.05185409294897281,0.051680873343555866,0.0031369974091266517,4.493314709702985,0.02029353236799336,0.9424098513037278,0.013752259215823657,0.014592652227477049,0.02432108704579508,only_t10_size_plus_impact_bm
2025,8,21,0.04454228151216033,0.08056160388095268,-0.846939468930219,3.3394339876132504,0.03798323912081325,0.5817216765298029,-2.69938492449035,0.0,0.0,only_t10_size_plus_impact_bm
2025,9,22,0.009994194649986854,0.011929086916887988,-0.0248393427449749,0.7888008508674798,0.04298500561925056,0.6332779468289558,-0.018582633233291245,0.0,0.0,only_t10_size_plus_impact_bm
2025,10,17,0.05289143577886879,0.01433903545088433,0.9118919486069887,5.070736213886999,0.022084744310625237,0.5866004276564329,4.501420664320132,7.6737425547132005,1.0,only_t10_size_plus_impact_bm
2025,11,20,0.02674099077272074,-0.0005213899168912128,0.40101382125225515,1.8499444931254085,0.06070439327936761,0.6725890052610595,0.6878128041684495,1.0226346235045591,1.0,only_t10_size_plus_impact_bm
2025,12,23,-0.0016111136437583218,0.01860152227044476,-0.2412804921353453,-0.04255436116697837,0.04771898385746409,0.5686524002313477,0.009679589474311428,-0.0,-0.0,only_t10_size_plus_impact_bm
2026,1,20,0.09750263290546979,0.07703446575557682,0.681937834504089,8.65300690454081,0.019188088221405275,0.6244571254225006,5.764942410750535,9.231926702493851,1.0,only_t10_size_plus_impact_bm
2026,2,14,0.030924958668182345,0.03781552429437962,-0.22041343897451027,3.627441854914713,0.016378161702262473,0.33769063180827885,-0.7838229996929851,0.0,0.0,only_t10_size_plus_impact_bm
2026,3,22,-0.07923087395612327,-0.08774195385127548,0.0392009181785985,-2.491552370078999,0.12062621503928284,0.83046101146611,-0.08353310058659394,-0.10058642059441561,0.0,only_t10_size_plus_impact_bm
2026,4,21,0.048855227101357146,0.06496532689788692,-0.3557632870635441,2.5626513694464106,0.04365617146957379,0.6327952596933074,-0.8639358197241448,0.0,0.0,only_t10_size_plus_impact_bm
2026,5,18,-0.07560293879830704,-0.02358975607074476,-0.38322564944766746,-5.4878601191805,0.1022346139078224,0.6006922097796085,1.8450785975945059,-0.0,-0.0,only_t10_size_plus_impact_bm
2026,6,21,-0.10955592771304423,-0.03089181436313515,-0.43775263703825484,-5.178287079508872,0.13761808085006066,0.496641289744738,1.8924641683152785,-0.0,-0.0,only_t10_size_plus_impact_bm
2026,7,23,0.05292466153149156,-0.0664943010765694,1.2890006671251872,1.760525350703906,0.08886064533700078,0.5165975866410565,2.0273346397157397,3.9243982011173757,1.0,only_t10_size_plus_impact_bm
2026,8,17,0.09488552966466202,0.06315935361654001,1.3543636032220703,5.468387158983893,0.031937887580454016,0.3006396588486141,7.122339069504259,23.690617188634732,1.0,only_t10_size_plus_impact_bm
2021,9,14,-0.04898821160695532,-0.052253816508863404,0.024309040994599185,-3.721897867268811,0.06807375296509754,0.6107692307692307,-0.08308493775058726,-0.13603327339516805,0.0,drop_book_to_market_lf_minus_size
2021,10,16,-0.035868090034961275,-0.019339876267340683,-0.17268429654642203,-2.746337976668874,0.08281538586054549,0.25119603759779363,0.4271192609814944,-0.0,-0.0,drop_book_to_market_lf_minus_size
2021,11,22,0.10186971600435801,0.0943657202352226,0.2287282041649128,7.7715918241934085,0.017380125748643782,0.2534869844111285,1.7405087179885184,5.801695726628394,1.0,drop_book_to_market_lf_minus_size
2021,12,23,0.11434165075271085,0.03596165440399468,1.8018990687229866,7.024633103060079,0.03379864954822187,0.3043591074208615,12.144304864253089,39.90123695382046,1.0,drop_book_to_market_lf_minus_size
2022,1,19,-0.0319331549748858,-0.0849570576596419,0.3421906655077315,-1.1219520065316424,0.10668332996057228,0.4072948328267477,-0.33477187442237427,-0.8219399006340383,0.0,drop_book_to_market_lf_minus_size
2022,2,16,0.06355813607922522,0.04792324716667484,0.5490974719169368,4.500728052290464,0.022994145668822297,0.35047462577583066,2.4031468172282007,6.856835389747425,1.0,drop_book_to_market_lf_minus_size
2022,3,23,0.0030894781894801326,-0.04682285026983024,0.4430652239545393,0.2585154050321161,0.11000789369628272,0.33688809291218924,0.0994189283321331,0.2951096533947459,0.49184942232457646,drop_book_to_market_lf_minus_size
2022,4,19,-0.13130823603688513,-0.1415343305335559,0.022468167034221498,-3.8222292208981923,0.18677582007972227,0.3363363363363364,-0.06663045531706124,-0.19810662161233383,0.0,drop_book_to_market_lf_minus_size
2022,5,19,0.14925585703996713,0.10605561665379115,2.5213975823229933,8.62629854358166,0.03649104542312975,0.3233844468784227,20.79789763096951,64.31322789864578,1.0,drop_book_to_market_lf_minus_size
2022,6,21,0.10028419611996697,0.0756208825663991,0.7498326175637264,5.922446169302688,0.03603499451384595,0.34626865671641793,4.248812396181545,12.270277178627738,1.0,drop_book_to_market_lf_minus_size
2022,7,21,0.05450359381650016,0.027852619746877583,0.5000030350267586,3.2430243950325974,0.02509618352805687,0.31940298507462683,1.5726892225238769,4.92384008921027,1.0,drop_book_to_market_lf_minus_size
2022,8,23,0.015389841660492287,-0.02636190889031098,0.43591160004239693,0.8863184518285747,0.04368060321655476,0.31710914454277284,0.3661049528008766,1.1545077116232296,1.0,drop_book_to_market_lf_minus_size
2022,9,21,-0.08157525451752334,-0.0826307138782093,0.004935815652334585,-4.058839525290919,0.11055516422225153,0.36950146627565983,-0.01737589103493581,-0.04702522891200882,0.0,drop_book_to_market_lf_minus_size
2022,10,16,0.06337219907311264,0.033045374123715554,0.9633375650227312,3.738812592565246,0.034166119721191324,0.30409356725146197,3.454069699564775,11.358575358184165,1.0,drop_book_to_market_lf_minus_size
2022,11,22,0.09617000082070759,0.07588871437133538,0.5513204845754482,7.5525190091626095,0.029129969373495768,0.30278323954166386,4.018306757301095,13.271232461161919,1.0,drop_book_to_market_lf_minus_size
2022,12,22,-0.03651602161057388,-0.03566567880113991,-0.006632511420405551,-2.672261466850695,0.07258243112204765,0.3287323101455053,0.016180080496811022,-0.0,-0.0,drop_book_to_market_lf_minus_size
2023,1,16,0.1027325261280767,0.07609039942708873,1.491497141282093,11.223185471406644,0.01405366395680474,0.2517724109701187,16.45705002305246,54.85683341017487,1.0,drop_book_to_market_lf_minus_size
2023,2,20,0.05924349816232777,0.03290582112508944,0.5614152876821841,5.354421891857227,0.023298910050740584,0.36956328741031286,2.9220089601069925,7.906653771219409,1.0,drop_book_to_market_lf_minus_size
2023,3,23,-0.024649997163854964,-0.012108589385469992,-0.11430618568283657,-1.5384041230891228,0.040488704799843345,0.2707965305960055,0.16730522423293986,-0.0,-0.0,drop_book_to_market_lf_minus_size
2023,4,19,-0.03501197005886447,-0.025520731614961267,-0.08640249676959477,-2.252577199818941,0.08625517791392967,0.2664998583703144,0.17448305645548287,-0.0,-0.0,drop_book_to_market_lf_minus_size
2023,5,20,0.03714699616602979,0.006299954214499248,0.5010447295733338,3.5988686831572654,0.016410358108815193,0.33075848860870605,1.7676849113216677,5.3443372496869594,1.0,drop_book_to_market_lf_minus_size
2023,6,20,0.04819907435854209,0.02333875886724912,0.4722883146321226,3.4184740391926898,0.03608055246178499,0.2680648861215795,1.5446026489284599,5.1486754964282,1.0,drop_book_to_market_lf_minus_size
2023,7,21,0.08012147661544033,0.011702822647265965,1.3717360531473706,10.055126678813767,0.009237614851305032,0.3047091412742382,13.640082702413865,44.76427141428551,1.0,drop_book_to_market_lf_minus_size
2023,8,23,-0.017261764784751943,-0.04046244174331426,0.19030744262635302,-0.9556829222296749,0.06808711054076266,0.5343198365934776,-0.1670136776169446,-0.31257248220790335,0.0,drop_book_to_market_lf_minus_size
2023,9,20,0.01756249556367151,0.0011750971389581366,0.23038030815389776,1.529412302158764,0.031994640332986934,0.33064026593438356,0.33881863888276637,1.0247349575686762,1.0,drop_book_to_market_lf_minus_size
2023,10,17,0.006498351869904884,-0.006712213459006411,0.19579011365573884,0.5142384170959059,0.06095878104106778,0.13563829787234039,0.09331779735443142,0.3110593245147714,0.518432207524619,drop_book_to_market_lf_minus_size
2023,11,22,0.04871069317602128,0.03521110250613302,0.23780836312635723,5.090218075423976,0.01084764748798639,0.32333885895841974,1.194739182222925,3.695006489698055,1.0,drop_book_to_market_lf_minus_size
2023,12,21,0.009075783172378227,-0.01821715870185403,0.3124935827820534,0.6844693729000125,0.043889058527012415,0.4864154161424441,0.20262724933781573,0.4165724247491314,0.6942873745818857,drop_book_to_market_lf_minus_size
2024,1,22,-0.19329879170160302,-0.17724263014813124,-0.021627121376347813,-5.82882961724623,0.20562814629840753,0.36725156221161703,0.0949548258790283,-0.0,-0.0,drop_book_to_market_lf_minus_size
2024,2,15,-0.013626157533525474,0.059287564813577553,-1.8375383533912277,0.21529167298027055,0.22549344942003147,0.22704081632653061,-0.28855864129519493,0.0,0.0,drop_book_to_market_lf_minus_size
2024,3,21,0.0985244333331623,0.0455049375223171,1.382538992953643,4.294620214011584,0.06076786196897266,0.2579018028385117,5.50451035456704,18.3483678485568,1.0,drop_book_to_market_lf_minus_size
2024,4,20,-0.0030064384398210686,-0.009469302667038049,0.07574710019735342,0.2179084879382937,0.1885139337783599,0.3265342196801829,0.012772017342680238,0.0391138709908858,0.06518978498480966,drop_book_to_market_lf_minus_size
2024,5,20,0.004105934907274511,-0.007240809546703919,0.14048387464164558,0.3298893760943832,0.05540804294048329,0.33889322200769734,0.04326273218700827,0.1276588889288132,0.21276481488135532,drop_book_to_market_lf_minus_size
2024,6,19,-0.10221606086105661,-0.07825010158269752,-0.10007555848166327,-3.2083527185722884,0.10572673238360086,0.26923387874151883,0.28034189609643456,-0.0,-0.0,drop_book_to_market_lf_minus_size
2024,7,23,0.020331409516262333,0.0061731472931312315,0.17698031017691895,0.8962917619113618,0.07156662428312743,0.3896279622025429,0.14500320173237138,0.3721580990046946,0.6202634983411577,drop_book_to_market_lf_minus_size
2024,8,22,-0.0036330340641197445,-0.03424326425455948,0.28825248544298787,-0.1197869196376487,0.05614310770334807,0.30010318465362784,-0.032202607135942314,-0.10730511631560931,0.0,drop_book_to_market_lf_minus_size
2024,9,19,0.23390647893797856,0.22120758882249514,2.0826308754415574,6.141918304092967,0.04274808601298896,0.2852755796834744,12.135181885483878,40.45060628494626,1.0,drop_book_to_market_lf_minus_size
2024,10,18,0.08165671737960212,0.06558940643739475,0.5672532848611369,2.2072557950504725,0.12500592421444345,0.14761904761904765,1.064253234171033,3.54751078057011,1.0,drop_book_to_market_lf_minus_size
2024,11,21,0.10467109677653452,0.04225475590534589,1.6589574981466946,3.923683443482648,0.05561106758541645,0.48470877591446937,6.074842189369213,12.532973387800114,1.0,drop_book_to_market_lf_minus_size
2024,12,22,-0.047852244833022195,-0.038441803973139566,-0.06799957604778628,-1.5516290026794335,0.11958493409900939,0.3419003115264797,0.09036921027781654,-0.0,-0.0,drop_book_to_market_lf_minus_size
2025,1,18,0.01899905139710989,-0.014267250953738486,0.4837011232463809,1.0155686397727604,0.04056494698220858,0.29278360528360525,0.4673195467516613,1.5577318225055379,1.0,drop_book_to_market_lf_minus_size
2025,2,18,0.0840870760385155,0.07108749934954517,0.48122693277385675,5.030718733425907,0.02561109204382417,0.12240184757505779,2.3465145413680135,7.821715137893379,1.0,drop_book_to_market_lf_minus_size
2025,3,21,0.021350159613276354,0.0020243335440084387,0.2639698512998925,1.3409884723847485,0.05721664839213125,0.2831399968218655,0.3296762323844,1.0989207746146668,1.0,drop_book_to_market_lf_minus_size
2025,4,21,0.04107413585978725,-0.019851649870775367,0.8348449455196216,1.2135760724098827,0.12526663539948835,0.5456494490573739,0.8608515032486149,1.5776640198863248,1.0,drop_book_to_market_lf_minus_size
2025,5,19,0.08992659204504627,0.046162095152821436,1.3138584289295818,6.39816291623057,0.02858995882451043,0.1385681293302541,8.11787802876485,27.059593429216164,1.0,drop_book_to_market_lf_minus_size
2025,6,20,0.08649734590496427,0.05880645270079676,0.7897888307941594,5.978677800296168,0.034515301615116734,0.34332453604792423,4.526319878371599,13.1837937668975,1.0,drop_book_to_market_lf_minus_size
2025,7,23,0.07260108372392349,0.051680873343555866,0.41835771377864894,5.9091607298769695,0.019291844575960115,0.49276257040560933,2.414912335689311,4.900762518755262,1.0,drop_book_to_market_lf_minus_size
2025,8,21,0.04900223015879668,0.08056160388095268,-0.758443910377836,3.039560246891341,0.04494215215043196,0.333704471966323,-2.181007848142645,0.0,0.0,drop_book_to_market_lf_minus_size
2025,9,22,0.02397724227263165,0.011929086916887988,0.16631810701202743,1.5722997913873387,0.044501184313226694,0.33337003523382447,0.24753735052591377,0.7425302947587716,1.0,drop_book_to_market_lf_minus_size
2025,10,17,0.05926205962034925,0.01433903545088433,1.1127112599049735,5.4751183297982875,0.021256351051082922,0.3132904360021531,5.936827626154431,18.94991657553705,1.0,drop_book_to_market_lf_minus_size
2025,11,20,0.029380601565212272,-0.0005213899168912128,0.44686422533840986,1.7590042582766174,0.07254065150995614,0.36382997345158563,0.7176125924317067,1.9723844784525386,1.0,drop_book_to_market_lf_minus_size
2025,12,23,-0.015200023369108306,0.01860152227044476,-0.3782615408849004,-0.8910465266385414,0.059603340498399104,0.2810198573356468,0.3129415629013904,-0.0,-0.0,drop_book_to_market_lf_minus_size
2026,1,20,0.09854304340275144,0.07703446575557682,0.7207233169428142,9.218679500862011,0.02345806420050056,0.2576240805099088,6.457087512388531,21.523625041295105,1.0,drop_book_to_market_lf_minus_size
2026,2,14,0.042090712092675675,0.03781552429437962,0.14981138651685866,4.879654359924612,0.010663201868371663,0.12200435729847492,0.7216736691670232,2.405578897223411,1.0,drop_book_to_market_lf_minus_size
2026,3,22,-0.08148079530917385,-0.08774195385127548,0.028465532393548987,-2.243833248457435,0.1364970879123245,0.4130495089460643,-0.053409912686777965,-0.12930632171203524,0.0,drop_book_to_market_lf_minus_size
2026,4,21,0.06279955443229124,0.06496532689788692,-0.05136087021050173,3.138936107892392,0.04639838186750567,0.3163882393817318,-0.15224215755873816,0.0,0.0,drop_book_to_market_lf_minus_size
2026,5,18,-0.08180296240219631,-0.02358975607074476,-0.41313762220176686,-5.483305330437793,0.10517266067912301,0.318912296258158,1.9794550342858983,-0.0,-0.0,drop_book_to_market_lf_minus_size
2026,6,21,-0.11210201113156337,-0.03089181436313515,-0.4461454693940835,-5.203440853061348,0.13864450253478944,0.25474884311091217,1.9352571105751535,-0.0,-0.0,drop_book_to_market_lf_minus_size
2026,7,23,0.04071821480470783,-0.0664943010765694,1.0779710586793876,1.4141906521437637,0.09621607702227375,0.2422319434615986,1.348443914733613,4.494813049112043,1.0,drop_book_to_market_lf_minus_size
2026,8,17,0.10934332026680971,0.06315935361654001,2.177225988220947,6.3074704501988705,0.026132896024998464,0.12366737739872069,13.3021355406665,44.340451802221665,1.0,drop_book_to_market_lf_minus_size
2021,9,14,-0.0477702085791778,-0.052253816508863404,0.03374564216885778,-3.292128866986128,0.06929918406915958,0.60498687664042,-0.101856451067969,-0.1683614223726516,0.0,only_book_to_market_lf_minus_size
2021,10,16,-0.04732252756077382,-0.019339876267340683,-0.2692060281220051,-3.6201796787412217,0.09087263454182182,0.1718761656098471,0.8682996430978837,-0.0,-0.0,only_book_to_market_lf_minus_size
2021,11,22,0.0962988950952468,0.0943657202352226,0.05737054231703187,7.331030004834802,0.019338778597817186,0.15509321083275462,0.41082484300565836,1.3694161433521945,1.0,only_book_to_market_lf_minus_size
2021,12,23,0.10644732042156457,0.03596165440399468,1.5565043294362417,6.2707736523027275,0.04094000510831297,0.19454645611457944,9.280973106043538,30.936577020145126,1.0,only_book_to_market_lf_minus_size
2022,1,19,-0.04188515197037135,-0.0849570576596419,0.2589121484012329,-1.5594142955816757,0.10899574127322753,0.19266208314592304,-0.3509426981148625,-1.1698089937162084,0.0,only_book_to_market_lf_minus_size
2022,2,16,0.061283834515335256,0.04792324716667484,0.4615948891037176,4.309991545488033,0.027349501263819964,0.20050125313283218,1.9241768524621006,6.4139228415403355,1.0,only_book_to_market_lf_minus_size
2022,3,23,0.029233066611664915,-0.04682285026983024,0.7799092740680412,1.147441239468533,0.11039409924951149,0.23632605830337305,0.7763500403147807,2.587833467715936,1.0,only_book_to_market_lf_minus_size
2022,4,19,-0.14126282803236723,-0.1415343305335559,0.0005552607755455741,-4.356161004254104,0.19573547258860358,0.3193639524775427,-0.0018506701305920287,-0.005794862307517834,0.0,only_book_to_market_lf_minus_size
2022,5,19,0.13322905761541803,0.10605561665379115,1.4458713947754522,7.032174185939429,0.041432314568436546,0.31048733361957925,9.662097887157946,31.119137049874993,1.0,only_book_to_market_lf_minus_size
2022,6,21,0.06693502792510286,0.0756208825663991,-0.2223558163240793,4.616806755528572,0.03284004807591967,0.24968871057000552,-0.9861185540247411,0.0,0.0,only_book_to_market_lf_minus_size
2022,7,21,0.058596301078071455,0.027852619746877583,0.5899553108927515,3.300293710630295,0.0324827002406225,0.22627679295234093,1.8711322155041428,6.237107385013809,1.0,only_book_to_market_lf_minus_size
2022,8,23,-0.0012886076592164564,-0.02636190889031098,0.23973320181811675,0.03942350823074261,0.047245154682397095,0.2123877068557919,0.008915300084913109,0.029717666949710363,0.04952944491618394,only_book_to_market_lf_minus_size
2022,9,21,-0.07018230596754149,-0.0826307138782093,0.06236573755716879,-3.4232757771223308,0.10594825232797722,0.22434396204888007,-0.1863517970534095,-0.6211726568446984,0.0,only_book_to_market_lf_minus_size
2022,10,16,0.03995497556911842,0.033045374123715554,0.18473321215369087,2.462475721702794,0.04224387323675005,0.23842184511019537,0.4318409111749011,1.439469703916337,1.0,only_book_to_market_lf_minus_size
2022,11,22,0.11770364855764126,0.07588871437133538,1.265909280324919,8.804588868421199,0.02357618191619748,0.1927878166180068,10.830479963539501,36.101599878465,1.0,only_book_to_market_lf_minus_size
2022,12,22,-0.03807104400845718,-0.03566567880113991,-0.01860419668490465,-2.9327908293477503,0.07047216673944223,0.16631382316313825,0.049948076204023195,-0.0,-0.0,only_book_to_market_lf_minus_size
2023,1,16,0.08150093415400717,0.07609039942708873,0.26089524142004716,9.488614956953716,0.013504490977084727,0.17833557539439893,2.435417490116942,8.118058300389807,1.0,only_book_to_market_lf_minus_size
2023,2,20,0.052835855092829176,0.03290582112508944,0.4094160183087552,4.954470459710706,0.022655662077288863,0.1727119623959983,1.9732927987548867,6.577642662516289,1.0,only_book_to_market_lf_minus_size
2023,3,23,-0.024021950252887003,-0.012108589385469992,-0.10892183192066429,-1.4753286161194001,0.04237126786638068,0.15623084856728597,0.15252484928832227,-0.0,-0.0,only_book_to_market_lf_minus_size
2023,4,19,-0.03057693740111267,-0.025520731614961267,-0.04731743492246343,-1.976601928326357,0.0797084530283727,0.16151010998370063,0.08458179200534519,-0.0,-0.0,only_book_to_market_lf_minus_size
2023,5,20,0.036804382216558684,0.006299954214499248,0.4944667685107098,3.703181066360336,0.012815881759155934,0.271319858369671,1.8029393821692536,6.009797940564179,1.0,only_book_to_market_lf_minus_size
2023,6,20,0.04050685219185679,0.02333875886724912,0.3119003471520829,3.060126362366084,0.03704926268931952,0.16770301352773775,0.912020273279157,3.04006757759719,1.0,only_book_to_market_lf_minus_size
2023,7,21,0.06843185223206127,0.011702822647265965,1.063065633451689,8.240620791070098,0.009946793393980968,0.16228070175438591,8.65575624048098,28.852520801603266,1.0,only_book_to_market_lf_minus_size
2023,8,23,-0.024707336626227705,-0.04046244174331426,0.12424418320872033,-1.5129964131261984,0.06158663573176826,0.2825651754738522,-0.17408846243868892,-0.5802948747956298,0.0,only_book_to_market_lf_minus_size
2023,9,20,0.00950284804079038,0.0011750971389581366,0.11165447800568984,0.8946173015902825,0.03312740414250004,0.14627423412757135,0.09591719054385738,0.3197239684795246,0.5328732807992077,only_book_to_market_lf_minus_size
2023,10,17,0.006035285548753322,-0.006712213459006411,0.18830668135611017,0.4940888084790776,0.058417366838591556,0.06623931623931623,0.08651802595713241,0.28839341985710804,0.48065569976184674,only_book_to_market_lf_minus_size
2023,11,22,0.04610967372336794,0.03521110250613302,0.18945302699251654,4.828774500573232,0.013529729685817227,0.14060699541804655,0.8999731284904152,2.999910428301384,1.0,only_book_to_market_lf_minus_size
2023,12,21,-0.009341135119814048,-0.01821715870185403,0.09146962564902572,-0.5540307434802969,0.05496465264728034,0.24941857819197255,-0.04733445327042107,-0.15778151090140358,0.0,only_book_to_market_lf_minus_size
2024,1,22,-0.18067728396236205,-0.17724263014813124,-0.0050073761420715845,-5.47897505563386,0.19412363051396886,0.22336664445924936,0.021044283496184556,-0.0,-0.0,only_book_to_market_lf_minus_size
2024,2,15,-0.026730327940596488,0.059287564813577553,-1.9973465909274912,-0.0499707880371703,0.22504429852789043,0.1869747899159664,0.07285525201713415,-0.0,-0.0,only_book_to_market_lf_minus_size
2024,3,21,0.09487607122670738,0.0455049375223171,1.261682889586105,4.301791936931705,0.05769572610945861,0.22410813750515346,5.051725205458174,16.839084018193915,1.0,only_book_to_market_lf_minus_size
2024,4,20,-0.012130478642307208,-0.009469302667038049,-0.029563540831909818,0.0005183314036668597,0.18588059828454584,0.21236203282132293,-1.190565479684909e-05,0.0,0.0,only_book_to_market_lf_minus_size
2024,5,20,0.006989721563736451,-0.007240809546703919,0.1792295886529781,0.47801340927181357,0.05561127205507577,0.24611676249447145,0.07995680877717,0.2665226959239,0.4442044932065,only_book_to_market_lf_minus_size
2024,6,19,-0.0948700925844943,-0.07825010158269752,-0.07276408681483648,-3.074619051428847,0.10067222539143039,0.17526379790530733,0.19669475606315878,-0.0,-0.0,only_book_to_market_lf_minus_size
2024,7,23,0.027434052752220328,0.0061731472931312315,0.2754328388130638,1.174923535183552,0.06741031781218221,0.27480268464947166,0.2974347369195543,0.9914491230651811,1.0,only_book_to_market_lf_minus_size
2024,8,22,-0.018503606686260055,-0.03424326425455948,0.13648609082124097,-1.0119775752291056,0.0648550258734355,0.15208592119383813,-0.12737146465073074,-0.42457154883576914,0.0,only_book_to_market_lf_minus_size
2024,9,19,0.23654605958298736,0.22120758882249514,2.5496077117879548,6.276329031640584,0.04014988806085629,0.1453535150357036,15.231194167233397,50.77064722411133,1.0,only_book_to_market_lf_minus_size
2024,10,18,0.07297930521826368,0.06558940643739475,0.2472367989606874,2.014239712131095,0.1228180553737932,0.1165644171779141,0.42459896681846104,1.4153298893948703,1.0,only_book_to_market_lf_minus_size
2024,11,21,0.10084738561917872,0.04225475590534589,1.5243782739517862,3.931662004124665,0.04964387549068772,0.3229038854805725,5.636300981612447,17.455042305310243,1.0,only_book_to_market_lf_minus_size
2024,12,22,-0.05637900818576269,-0.038441803973139566,-0.1238330543367302,-1.8250382738186655,0.12633714401342477,0.17530653809385266,0.19173742061044158,-0.0,-0.0,only_book_to_market_lf_minus_size
2025,1,18,0.0074961361577281505,-0.014267250953738486,0.2924507736032248,0.4916757105815168,0.04303499578869796,0.16904276985743383,0.1363652908254273,0.45455096941809103,0.7575849490301517,only_book_to_market_lf_minus_size
2025,2,18,0.06945551790463544,0.07108749934954517,-0.05524224918572651,4.4664256450147,0.024309019745401894,0.09533468559837732,-0.23953792364400708,0.0,0.0,only_book_to_market_lf_minus_size
2025,3,21,0.020929240808086114,0.0020243335440084387,0.2576119074805212,1.3511683703984367,0.057310306971641745,0.16260162601626016,0.3241389773513313,1.080463257837771,1.0,only_book_to_market_lf_minus_size
2025,4,21,0.030729654816729512,-0.019851649870775367,0.651785001863771,0.9957524527391667,0.12147027563468626,0.34361351877981594,0.5544130564094527,1.6134785918149948,1.0,only_book_to_market_lf_minus_size
2025,5,19,0.09187414265606964,0.046162095152821436,1.3889356447071957,7.142072256945085,0.025758084189479558,0.08453608247422684,9.613258248826599,32.04419416275533,1.0,only_book_to_market_lf_minus_size
2025,6,20,0.06682992873712834,0.05880645270079676,0.20501425410289897,4.626119287793302,0.03961876033316769,0.18481414018754638,0.9033301067800047,3.011100355933349,1.0,only_book_to_market_lf_minus_size
2025,7,23,0.06584234269386724,0.051680873343555866,0.27414057779612166,5.187874766009595,0.019192467045950123,0.25801233698749526,1.389452193036784,4.631507310122614,1.0,only_book_to_market_lf_minus_size
2025,8,21,0.039840088009700736,0.08056160388095268,-0.9358480362049921,2.605490887061239,0.04301621836475622,0.16564417177914104,-2.3124775487242153,0.0,0.0,only_book_to_market_lf_minus_size
2025,9,22,0.02235469436012294,0.011929086916887988,0.1427045342040949,1.5481787230639417,0.04134934330582685,0.19611451942740288,0.20996964567130455,0.6998988189043486,1.0,only_book_to_market_lf_minus_size
2025,10,17,0.05853853888120941,0.01433903545088433,1.089052667246865,5.603029046088946,0.01922304860518609,0.16140812153082085,5.961235020894599,19.870783402982,1.0,only_book_to_market_lf_minus_size
2025,11,20,0.022046674962311164,-0.0005213899168912128,0.3227778906899781,1.3229832400165709,0.07926630500508458,0.1673469387755102,0.3864108561253671,1.288036187084557,1.0,only_book_to_market_lf_minus_size
2025,12,23,-0.012353374834991326,0.01860152227044476,-0.3510949880008829,-0.7102168541222397,0.05622632434723107,0.15306122448979598,0.23252929569990943,-0.0,-0.0,only_book_to_market_lf_minus_size
2026,1,20,0.08967753406333556,0.07703446575557682,0.40352629853116984,9.111709537576147,0.020428188321225282,0.17090142897355654,3.586681634043233,11.955605446810777,1.0,only_book_to_market_lf_minus_size
2026,2,14,0.04113501803989905,0.03781552429437962,0.1154078386388413,4.360965292575945,0.01501394109923282,0.08130081300813008,0.49422194668492553,1.6474064889497517,1.0,only_book_to_market_lf_minus_size
2026,3,22,-0.07589399558029253,-0.08774195385127548,0.05563606980270408,-2.2136919806368005,0.12866667911664942,0.2620425798578473,-0.10414504254806323,-0.3471501418268774,0.0,only_book_to_market_lf_minus_size
2026,4,21,0.04378124477756562,0.06496532689788692,-0.45596583027255,2.3315602285913055,0.04829755697106963,0.2053308436233543,-1.0014969524506712,0.0,0.0,only_book_to_market_lf_minus_size
2026,5,18,-0.08123548022694294,-0.02358975607074476,-0.41050740099062755,-5.782083813757789,0.10210293904994616,0.21978513121500365,2.0827678012783695,-0.0,-0.0,only_book_to_market_lf_minus_size
2026,6,21,-0.10887573896329339,-0.03089181436313515,-0.4354654102425587,-5.355730366138609,0.13542800781873765,0.19978386466602938,1.9532153410876987,-0.0,-0.0,only_book_to_market_lf_minus_size
2026,7,23,0.047008014270092824,-0.0664943010765694,1.183651110689651,1.7009614856258717,0.08145444479416153,0.21095334685598377,1.816549877437425,6.05516625812475,1.0,only_book_to_market_lf_minus_size
2026,8,17,0.10306470653206445,0.06315935361654001,1.8014956151943995,6.245789800041356,0.02421948145551911,0.06882591093117407,10.924748701612037,36.41582900537346,1.0,only_book_to_market_lf_minus_size
2021,9,14,-0.05118167405242913,-0.052253816508863404,0.007824757609198985,-3.860779104676391,0.06890143182958819,0.6015384615384616,-0.027711874025895887,-0.046068332779622315,0.0,drop_book_to_market_lf_plus_impact
2021,10,16,-0.034914588981112216,-0.019339876267340683,-0.16385787054879852,-2.613361083045196,0.08310289095157442,0.2879777114875893,0.38551621982238715,-0.0,-0.0,drop_book_to_market_lf_plus_impact
2021,11,22,0.10784651277280544,0.0943657202352226,0.4229279069443952,7.892425618312497,0.01763738620281252,0.2901189677034385,3.267280277323637,10.890934257745457,1.0,drop_book_to_market_lf_plus_impact
2021,12,23,0.11553369771773125,0.03596165440399468,1.8404841526575022,6.936644989490206,0.03519232835078079,0.334782044628957,12.22763370070039,36.524162203060875,1.0,drop_book_to_market_lf_plus_impact
2022,1,19,-0.0350158327536616,-0.0849570576596419,0.3152586350612976,-1.2088631194893389,0.10998970425583732,0.4316109422492401,-0.33080344664447425,-0.7664389714509298,0.0,drop_book_to_market_lf_plus_impact
2022,2,16,0.06427886330313903,0.04792324716667484,0.5774082292883711,4.498045775877024,0.021792282461473467,0.35954728002920766,2.5292897213786807,7.03465124579225,1.0,drop_book_to_market_lf_plus_impact
2022,3,23,0.0077312646323990375,-0.04682285026983024,0.4967342827828819,0.4243532045284245,0.10668593293734419,0.35193928868627666,0.18380469087391765,0.5222624946479436,0.8704374910799061,drop_book_to_market_lf_plus_impact
2022,4,19,-0.13713855719619839,-0.1415343305335559,0.009259750565170699,-3.922344679481349,0.1939723882870381,0.3783783783783784,-0.027865856302493133,-0.0736454773708747,0.0,drop_book_to_market_lf_plus_impact
2022,5,19,0.14442201746608396,0.10605561665379115,2.1773082060211624,8.205615333092007,0.03755514213999911,0.3324936108068638,17.060994474653878,51.312247574477844,1.0,drop_book_to_market_lf_plus_impact
2022,6,21,0.1006897590750826,0.0756208825663991,0.7637858163276259,5.824549817314012,0.037082577680835005,0.36417910447761204,4.250745041076736,11.6721277767271,1.0,drop_book_to_market_lf_plus_impact
2022,7,21,0.0558363021283117,0.027852619746877583,0.52887431765958,3.2142468176342747,0.026698570447569514,0.32835820895522394,1.6454696683745222,5.011203080958771,1.0,drop_book_to_market_lf_plus_impact
2022,8,23,0.01671708955339457,-0.02636190889031098,0.4529524949352045,0.936543856859467,0.04420951480849655,0.31716182048040464,0.40170494119600686,1.2665614688033535,1.0,drop_book_to_market_lf_plus_impact
2022,9,21,-0.08139998005773486,-0.0826307138782093,0.005761540068339621,-3.9872269730294945,0.11078658264335084,0.36070381231671556,-0.019918505207190036,-0.05522122175326668,0.0,drop_book_to_market_lf_plus_impact
2022,10,16,0.06584876641972448,0.033045374123715554,1.0615607355624725,3.8269622603006095,0.03556601160819273,0.3391812865497077,3.889166308888578,11.466335152068046,1.0,drop_book_to_market_lf_plus_impact
2022,11,22,0.09948165900652595,0.07588871437133538,0.6519669159568564,7.654649679308466,0.028878603900964195,0.35225269509797275,4.817633221863995,13.676639778509166,1.0,drop_book_to_market_lf_plus_impact
2022,12,22,-0.0383887448171597,-0.03566567880113991,-0.02102530510985634,-2.80368882195688,0.07196390740384462,0.3430835160454455,0.05385782316041741,-0.0,-0.0,drop_book_to_market_lf_plus_impact
2023,1,16,0.10599110437039672,0.07609039942708873,1.713436101244732,11.20483366796954,0.013837379350129853,0.26320098239869016,18.879973776751935,62.93324592250645,1.0,drop_book_to_market_lf_plus_impact
2023,2,20,0.05823886885579688,0.03290582112508944,0.5368715810702005,5.0973564638841165,0.023785453475738794,0.35821570099190503,2.658515560581911,7.421549511147721,1.0,drop_book_to_market_lf_plus_impact
2023,3,23,-0.02430296125259135,-0.012108589385469992,-0.1113352537480381,-1.483124001837885,0.04140203788431651,0.2764621628073526,0.15692022360177207,-0.0,-0.0,drop_book_to_market_lf_plus_impact
2023,4,19,-0.03664605271332211,-0.025520731614961267,-0.10025750763196306,-2.346001574035581,0.08791002143670168,0.24965379410191046,0.21039209573695972,-0.0,-0.0,drop_book_to_market_lf_plus_impact
2023,5,20,0.03782714595384706,0.006299954214499248,0.5141780733052941,3.667028169591708,0.015725442498528475,0.350428919123808,1.8499249894081522,5.279030606359762,1.0,drop_book_to_market_lf_plus_impact
2023,6,20,0.04759299034467279,0.02333875886724912,0.4591483198696653,3.341783369922408,0.037050106627944945,0.2681429117608046,1.4661557455332073,4.887185818444024,1.0,drop_book_to_market_lf_plus_impact
2023,7,21,0.07734260497931178,0.011702822647265965,1.2949800584627276,9.803370747087378,0.009445268361992998,0.29085872576177285,12.55127848240449,41.8375949413483,1.0,drop_book_to_market_lf_plus_impact
2023,8,23,-0.01606394596409111,-0.04046244174331426,0.2014096149025636,-0.8560328175567656,0.06766739927323018,0.5398369232635872,-0.15841313345638017,-0.2934462735499689,0.0,drop_book_to_market_lf_plus_impact
2023,9,20,0.014421943713753826,0.0011750971389581366,0.1828110688807012,1.278622090384305,0.03330214873525983,0.3278219395866455,0.22440516733634228,0.6845337063751662,1.0,drop_book_to_market_lf_plus_impact
2023,10,17,0.0068720650602400735,-0.006712213459006411,0.20186434686062082,0.5365268537337917,0.05979477925797294,0.11968085106382975,0.10053430849048302,0.3351143616349434,0.558523936058239,drop_book_to_market_lf_plus_impact
2023,11,22,0.05045051200870043,0.03521110250613302,0.2708603365827644,5.440635967207145,0.01114281691158825,0.2891628677994198,1.4539477214465029,4.846492404821676,1.0,drop_book_to_market_lf_plus_impact
2023,12,21,0.007098413620931776,-0.01821715870185403,0.2865663975834385,0.5433844201176038,0.04652408476969727,0.4786840860716911,0.14702227838317958,0.3071384294174352,0.511897382362392,drop_book_to_market_lf_plus_impact
2024,1,22,-0.19927458354291505,-0.17724263014813124,-0.02859897044934856,-5.891937275611627,0.2122761194626811,0.34919055026761936,0.12558025786776936,-0.0,-0.0,drop_book_to_market_lf_plus_impact
2024,2,15,-0.024161541776507978,0.059287564813577553,-1.9686255322297688,0.05151211740464913,0.23721900158082476,0.22193877551020413,-0.07254096433121647,0.0,0.0,drop_book_to_market_lf_plus_impact
2024,3,21,0.10478412235991796,0.0455049375223171,1.60045886984015,4.507632517803969,0.0612504449184017,0.2604845927630738,6.684026980665105,22.28008993555035,1.0,drop_book_to_market_lf_plus_impact
2024,4,20,-0.006223068375633245,-0.009469302667038049,0.037332811735496074,0.1604633364633214,0.1943845255254415,0.3014463109915848,0.004593183843378692,0.015237153933878846,0.025395256556464744,drop_book_to_market_lf_plus_impact
2024,5,20,0.0038156007996579255,-0.007240809546703919,0.13665401377001596,0.3130509707364864,0.055492712879783745,0.3744262169315552,0.03993091962153463,0.10664562954157125,0.17774271590261875,drop_book_to_market_lf_plus_impact
2024,6,19,-0.10111489899546622,-0.07825010158269752,-0.09615357476822095,-3.1173690660130724,0.10709199161139904,0.261889214351014,0.26122568115148087,-0.0,-0.0,drop_book_to_market_lf_plus_impact
2024,7,23,0.023634157871558648,0.0061731472931312315,0.2219158796355225,1.0120878663352688,0.06966283471799961,0.3626309565037117,0.20582297824658288,0.5675824817357428,0.9459708028929047,drop_book_to_market_lf_plus_impact
2024,8,22,-0.0028243035202976108,-0.03424326425455948,0.2972081924352795,-0.06878113059702073,0.05737582379203121,0.32195957037662404,-0.019034841868070976,-0.05912183894954348,0.0,drop_book_to_market_lf_plus_impact
2024,9,19,0.23536405259431992,0.22120758882249514,2.3389813902704173,6.137258693149508,0.04174977211076436,0.270933014354067,13.635755609239272,45.45251869746424,1.0,drop_book_to_market_lf_plus_impact
2024,10,18,0.08676313301495542,0.06558940643739475,0.7717944544884627,2.312879562896138,0.12521233370399543,0.16666666666666663,1.5168526414377952,5.0561754714593174,1.0,drop_book_to_market_lf_plus_impact
2024,11,21,0.1055291879834861,0.04225475590534589,1.6898699804950108,3.905216705595851,0.05636404130024519,0.5200807686832082,6.152952043377876,11.830762477444662,1.0,drop_book_to_market_lf_plus_impact
2024,12,22,-0.05146619253869311,-0.038441803973139566,-0.09230618746065078,-1.627240096985043,0.1239405725959184,0.33490193497433196,0.12786463671979975,-0.0,-0.0,drop_book_to_market_lf_plus_impact
2025,1,18,0.01894327246886296,-0.014267250953738486,0.4827041056566991,0.9991799597165948,0.04122415184704398,0.27413558663558657,0.45844896967074933,1.5281632322358312,1.0,drop_book_to_market_lf_plus_impact
2025,2,18,0.08261407601238413,0.07108749934954517,0.42283763523098417,4.997641397690995,0.024741155231699286,0.14318706697459582,2.050451530303614,6.8348384343453805,1.0,drop_book_to_market_lf_plus_impact
2025,3,21,0.01826863423800007,0.0020243335440084387,0.21808447770557082,1.1340081641693356,0.060806378746716905,0.29235658668361675,0.22926397834129789,0.7642132611376596,1.0,drop_book_to_market_lf_plus_impact
2025,4,21,0.04656002513621371,-0.019851649870775367,0.9403690446605071,1.3345189008082914,0.12548323769881065,0.5434034966885833,1.065971502925022,1.9616574229295305,1.0,drop_book_to_market_lf_plus_impact
2025,5,19,0.0926147250167384,0.046162095152821436,1.4179186691670753,6.489783669406306,0.029207190146835704,0.14318706697459582,8.87946845810847,29.5982281936949,1.0,drop_book_to_market_lf_plus_impact
2025,6,20,0.08903113712861654,0.05880645270079676,0.8745031587766214,6.087647838342164,0.033266201958970454,0.36159984918939303,5.11114943570401,14.134821812458704,1.0,drop_book_to_market_lf_plus_impact
2025,7,23,0.07049101239357247,0.051680873343555866,0.37235540073493034,5.581206569474959,0.020438665051081606,0.5404748741811586,2.0272218344960273,3.7508160533222767,1.0,drop_book_to_market_lf_plus_impact
2025,8,21,0.04349048257138044,0.08056160388095268,-0.8672114617067281,2.6958004070345054,0.04617413218687216,0.3111717812620747,-2.208292340487769,0.0,0.0,drop_book_to_market_lf_plus_impact
2025,9,22,0.02375247278568282,0.011929086916887988,0.163023547077914,1.5523087613152802,0.04475011553912467,0.3445507687379884,0.2394733686642665,0.6950307193955867,1.0,drop_book_to_market_lf_plus_impact
2025,10,17,0.059391511198447766,0.01433903545088433,1.116967844975831,5.465798171488107,0.019996063793540797,0.3332757198800982,5.958626742586724,17.8789704354414,1.0,drop_book_to_market_lf_plus_impact
2025,11,20,0.027211133089394934,-0.0005213899168912128,0.4090805986671564,1.6061169419192804,0.07557102195081888,0.3528167575925548,0.597448249778125,1.693366987029792,1.0,drop_book_to_market_lf_plus_impact
2025,12,23,-0.015427703398769532,0.01860152227044476,-0.3804008195731263,-0.8868004310703788,0.059208408157341186,0.2766338924233661,0.31337160114194773,-0.0,-0.0,drop_book_to_market_lf_plus_impact
2026,1,20,0.09789036390934025,0.07703446575557682,0.6963422548640925,9.053023984563772,0.024368174069347437,0.27946778030443886,6.119662679884293,20.39887559961431,1.0,drop_book_to_market_lf_plus_impact
2026,2,14,0.042696173892722955,0.03781552429437962,0.17188631564242352,4.85730532778805,0.01194289197603815,0.130718954248366,0.8229389102655631,2.7431297008852105,1.0,drop_book_to_market_lf_plus_impact
2026,3,22,-0.08236408986151267,-0.08774195385127548,0.02432548068396856,-2.241974758479936,0.1370779354760865,0.441301091050607,-0.045566111741032055,-0.10325402013521576,0.0,drop_book_to_market_lf_plus_impact
2026,4,21,0.06294232954998913,0.06496532689788692,-0.04801029259739531,3.0453286928079146,0.04927378621602807,0.33156792592801276,-0.13756210745355657,0.0,0.0,drop_book_to_market_lf_plus_impact
2026,5,18,-0.08550222076818537,-0.02358975607074476,-0.42977445803672776,-5.662010974711332,0.1078873122506181,0.33637962843780833,2.1183497079663764,-0.0,-0.0,drop_book_to_market_lf_plus_impact
2026,6,21,-0.111280287495364,-0.03089181436313515,-0.44346560628548093,-5.132720584840834,0.13849336332582574,0.2655993431855501,1.897901218955044,-0.0,-0.0,drop_book_to_market_lf_plus_impact
2026,7,23,0.03944204468659662,-0.0664943010765694,1.0572930046723326,1.3600117238254708,0.10006551552331322,0.259367159570264,1.26526612789521,4.2175537596507,1.0,drop_book_to_market_lf_plus_impact
2026,8,17,0.11370736339418608,0.06315935361654001,2.456260449133114,6.443984224677557,0.026344047234142742,0.13219616204690832,15.327732015720157,51.092440052400526,1.0,drop_book_to_market_lf_plus_impact
2021,9,14,-0.035737362119154015,-0.052253816508863404,0.13882744865923868,-2.454215398905833,0.06231619186890547,0.5794520547945206,-0.3152341784836601,-0.5440211590852763,0.0,only_book_to_market_lf_plus_impact
2021,10,16,-0.04640691828807453,-0.019339876267340683,-0.2621016895914775,-3.9520202847248274,0.08492319058700604,0.18708299580234178,0.9302718860488596,-0.0,-0.0,only_book_to_market_lf_plus_impact
2021,11,22,0.07875646752877374,0.0943657202352226,-0.42624446703070706,6.74819025977899,0.017063396893588823,0.15522308883408853,-2.8174818098091414,0.0,0.0,only_book_to_market_lf_plus_impact
2021,12,23,0.10356919125312425,0.03596165440399468,1.4712799783458022,6.636956262563243,0.036961277961070516,0.12626388542618916,9.331716556332337,31.105721854441125,1.0,only_book_to_market_lf_plus_impact
2022,1,19,-0.028109040692815945,-0.0849570576596419,0.37709509135714514,-1.157550285139143,0.09449499657130456,0.1507846320346321,-0.38700931079865636,-1.2900310359955212,0.0,only_book_to_market_lf_plus_impact
2022,2,16,0.06411486214964457,0.04792324716667484,0.5709412470435131,4.5384500516092405,0.030689302858383005,0.20129731745651191,2.49576221592578,8.319207386419267,1.0,only_book_to_market_lf_plus_impact
2022,3,23,0.02722440400952708,-0.04682285026983024,0.7508718837205025,1.0945835023879713,0.1101135764946769,0.21491527202140503,0.7132902183206097,2.377634061068699,1.0,only_book_to_market_lf_plus_impact
2022,4,19,-0.1265942906746763,-0.1415343305335559,0.033971821892801346,-4.0422729398740955,0.18292814233045285,0.27873803251301155,-0.10717900419318604,-0.35726334731062015,0.0,only_book_to_market_lf_plus_impact
2022,5,19,0.12879243544333052,0.10605561665379115,1.1795483089920205,7.210131881060867,0.039004408351450026,0.25732132407195385,8.106633970854485,27.022113236181617,1.0,only_book_to_market_lf_plus_impact
2022,6,21,0.07716068138041932,0.0756208825663991,0.04152589188548195,4.830163940601502,0.032999378579067096,0.20398009950248763,0.1926341712805387,0.6421139042684624,1.0,only_book_to_market_lf_plus_impact
2022,7,21,0.0680419684364959,0.027852619746877583,0.8127325775945022,4.107494508404106,0.025342897666602804,0.19449146115812788,3.2367721291781892,10.789240430593965,1.0,only_book_to_market_lf_plus_impact
2022,8,23,0.00313178604211628,-0.02636190889031098,0.288615127093823,0.2646104658958398,0.04368531624242211,0.23842055410845364,0.07236705554807837,0.24122351849359458,0.4020391974893243,only_book_to_market_lf_plus_impact
2022,9,21,-0.07157727388867119,-0.0826307138782093,0.054909136135895875,-3.799460013512736,0.10143350090735659,0.19939903498887634,-0.183231182002255,-0.6107706066741834,0.0,only_book_to_market_lf_plus_impact
2022,10,16,0.027054117927147292,0.033045374123715554,-0.14607673109660824,1.8363227549299863,0.042647248182919095,0.19497794367153043,-0.254516181854926,0.0,0.0,only_book_to_market_lf_plus_impact
2022,11,22,0.09993677747384977,0.07588871437133538,0.6660482546911508,8.25829660072364,0.02278590442706685,0.14820843298786435,5.350025473918004,17.833418246393347,1.0,only_book_to_market_lf_plus_impact
2022,12,22,-0.03900441594072035,-0.03566567880113991,-0.025693420285876956,-3.113126599742927,0.07245412544774477,0.1772343554272643,0.0730324156632229,-0.0,-0.0,only_book_to_market_lf_plus_impact
2023,1,16,0.07476173271433217,0.07609039942708873,-0.06116675695434015,9.443664461664133,0.01353589501209862,0.15720425968693863,-0.5682557067552486,0.0,0.0,only_book_to_market_lf_plus_impact
2023,2,20,0.05692597401031896,0.03290582112508944,0.5052015192556589,5.662963822819529,0.02151327340938136,0.14453299665956498,2.787080158987001,9.290267196623336,1.0,only_book_to_market_lf_plus_impact
2023,3,23,-0.016546079070309028,-0.012108589385469992,-0.042115541406662294,-1.042332129824492,0.03527356253961755,0.19107993373369236,0.042040239186817735,-0.0,-0.0,only_book_to_market_lf_plus_impact
2023,4,19,-0.017652239849616058,-0.025520731614961267,0.07988684777302035,-1.1886662864793605,0.06780243606527558,0.24349236369552396,-0.08723267690377001,-0.2907755896792334,0.0,only_book_to_market_lf_plus_impact
2023,5,20,0.02919788412026625,0.006299954214499248,0.35475107341802303,3.163094090845346,0.014138992506756543,0.20871040723981904,1.1030724008166488,3.676908002722163,1.0,only_book_to_market_lf_plus_impact
2023,6,20,0.03518745232026399,0.02333875886724912,0.20875751566504563,2.8004322545286993,0.037670061827876244,0.1727847046525368,0.5581844685572103,1.860614895190701,1.0,only_book_to_market_lf_plus_impact
2023,7,21,0.07300538688370106,0.011702822647265965,1.1794510169737105,8.870231617390267,0.009403033055893073,0.1738983455297487,10.343954221955238,34.479847406517464,1.0,only_book_to_market_lf_plus_impact
2023,8,23,-0.03282898637090659,-0.04046244174331426,0.057684679110850734,-2.1710149553300253,0.06704984033810446,0.27878639088852886,-0.11515797317532009,-0.38385991058440033,0.0,only_book_to_market_lf_plus_impact
2023,9,20,0.008461195038212521,0.0011750971389581366,0.09709506888628949,0.865470972974764,0.026628236147367423,0.19360991431476016,0.08134778421690825,0.27115928072302753,0.4519321345383792,only_book_to_market_lf_plus_impact
2023,10,17,0.003597128998493071,-0.006712213459006411,0.14968095101255596,0.3435781993569213,0.05824792825770453,0.11597374179431075,0.047832484376670176,0.1594416145889006,0.26573602431483434,only_book_to_market_lf_plus_impact
2023,11,22,0.041137236611990646,0.03521110250613302,0.10043968884216858,4.4903808831963214,0.010674240555469061,0.22006835010442372,0.44523540011796237,1.484118000393208,1.0,only_book_to_market_lf_plus_impact
2023,12,21,-0.007090429827349198,-0.01821715870185403,0.11613565546211446,-0.4453057910864147,0.04999103493970547,0.27556715841599033,-0.04861348349634051,-0.1620449449878017,0.0,only_book_to_market_lf_plus_impact
2024,1,22,-0.1702306272327988,-0.17724263014813124,0.010925978688071103,-5.468851211904508,0.18196412888180458,0.2561368979279427,-0.046705166547690836,-0.1556838884923028,0.0,only_book_to_market_lf_plus_impact
2024,2,15,-0.003442190338526663,0.059287564813577553,-1.6879626556185294,0.3230482115625049,0.1769522609883858,0.23991507430997872,-0.4295042546504716,0.0,0.0,only_book_to_market_lf_plus_impact
2024,3,21,0.07688548451131272,0.0455049375223171,0.7266550999822392,3.5345919777719503,0.060637526552910104,0.14829677309309952,2.381537448096303,7.9384581603210105,1.0,only_book_to_market_lf_plus_impact
2024,4,20,-0.0012412704005926312,-0.009469302667038049,0.09744674358634908,0.22723575704986537,0.17382992956796328,0.2236286919831224,0.01752436497863549,0.05841454992878497,0.09735758321464162,only_book_to_market_lf_plus_impact
2024,5,20,0.005716741257934199,-0.007240809546703919,0.1619671973311091,0.4216364039802088,0.051314754317286604,0.21580838542070924,0.06408604716152913,0.2136201572050971,0.35603359534182855,only_book_to_market_lf_plus_impact
2024,6,19,-0.1007100141167846,-0.07825010158269752,-0.09469662224804687,-3.5255281741469355,0.09704631189045088,0.1696190004948046,0.2949762629779203,-0.0,-0.0,only_book_to_market_lf_plus_impact
2024,7,23,0.018734968007113606,0.0061731472931312315,0.15577336689992727,0.8748654473908626,0.06824651331170162,0.24192461794844522,0.1251199142216488,0.4170663807388294,0.6951106345647157,only_book_to_market_lf_plus_impact
2024,8,22,-0.01789104244489692,-0.03424326425455948,0.1422770026312148,-1.053812549776493,0.0624326681386026,0.12958045439854649,-0.13870040844363093,-0.46233469481210315,0.0,only_book_to_market_lf_plus_impact
2024,9,19,0.23525598479543297,0.22120758882249514,2.3198473625688525,6.472182364507713,0.036646472045635536,0.1622147302904564,14.354202134043364,47.84734044681122,1.0,only_book_to_market_lf_plus_impact
2024,10,18,0.0643129572023593,0.06558940643739475,-0.04049689597381079,1.8815519698973449,0.1190159485859198,0.0993788819875776,-0.06531462245719534,0.0,0.0,only_book_to_market_lf_plus_impact
2024,11,21,0.08368336069876503,0.04225475590534589,0.9799990198124724,3.453773251009372,0.050411619999001234,0.25349937604084316,3.1799408871181223,10.599802957060408,1.0,only_book_to_market_lf_plus_impact
2024,12,22,-0.055936008936300796,-0.038441803973139566,-0.12105994374283513,-1.9927923186664716,0.12017153033785999,0.1969274918369408,0.20645805356411134,-0.0,-0.0,only_book_to_market_lf_plus_impact
2025,1,18,0.003625635289264517,-0.014267250953738486,0.23420748876395014,0.3134654400798492,0.041283707276656756,0.19057377049180324,0.06977889425315806,0.23259631417719354,0.3876605236286559,only_book_to_market_lf_plus_impact
2025,2,18,0.06889189672408436,0.07108749934954517,-0.0740676242827969,4.701039833610015,0.023785438507815004,0.07566462167689159,-0.3382564914412752,0.0,0.0,only_book_to_market_lf_plus_impact
2025,3,21,0.014903110793856644,0.0020243335440084387,0.16968502479862813,1.045937188449284,0.05473962346725947,0.12269938650306755,0.16582165974191854,0.5527388658063952,0.9212314430106587,only_book_to_market_lf_plus_impact
2025,4,21,0.019813392244340644,-0.019851649870775367,0.4793169406436877,0.7327931578468249,0.12304273358527418,0.2626086230704606,0.2993791130787663,0.997930376929221,1.0,only_book_to_market_lf_plus_impact
2025,5,19,0.08394370512211857,0.046162095152821436,1.093259030286009,6.934448392547383,0.025563671097273533,0.10537190082644632,7.34858594641451,24.495286488048368,1.0,only_book_to_market_lf_plus_impact
2025,6,20,0.06651689796497129,0.05880645270079676,0.19667508410594792,4.833280314208349,0.03630427154443927,0.16888692789383464,0.9091734217571146,3.0305780725237152,1.0,only_book_to_market_lf_plus_impact
2025,7,23,0.06900704556194048,0.051680873343555866,0.3405393780645918,5.710205098897146,0.017141408922662693,0.25667351129363447,1.9045509072499196,6.348503024166399,1.0,only_book_to_market_lf_plus_impact
2025,8,21,0.04944060459061239,0.08056160388095268,-0.7495197898399275,3.4096769141900185,0.03643676463946122,0.16016427104722797,-2.4438780806352884,0.0,0.0,only_book_to_market_lf_plus_impact
2025,9,22,0.02503887417996231,0.011929086916887988,0.1819815506128959,1.7883195983785367,0.03842093766936672,0.20696721311475408,0.3104366674536496,1.0347888915121655,1.0,only_book_to_market_lf_plus_impact
2025,10,17,0.052765607594367214,0.01433903545088433,0.9080918828367941,5.397023147853821,0.017986007777171853,0.20328542094455848,4.795213756089979,15.984045853633262,1.0,only_book_to_market_lf_plus_impact
2025,11,20,0.01537211986503828,-0.0005213899168912128,0.218480845926319,0.9869441263523449,0.07685113070999838,0.17022503113744236,0.1957428451265025,0.6524761504216751,1.0,only_book_to_market_lf_plus_impact
2025,12,23,-0.015631729122854487,0.01860152227044476,-0.3823136627024555,-1.0344738356256564,0.05213215154256712,0.20491803278688525,0.37075196976094743,-0.0,-0.0,only_book_to_market_lf_plus_impact
2026,1,20,0.09597513258607315,0.07703446575557682,0.625761452633574,10.61901362746254,0.0149453990749836,0.15746421267893662,6.525795329752336,21.752651099174454,1.0,only_book_to_market_lf_plus_impact
2026,2,14,0.035090080966209136,0.03781552429437962,-0.09017490815479356,3.7611382674739358,0.014392672614332525,0.08793456032719837,-0.33330259007045837,0.0,0.0,only_book_to_market_lf_plus_impact
2026,3,22,-0.07098837927368595,-0.08774195385127548,0.08095199192620783,-2.217899455364076,0.12012270895615518,0.2857142857142857,-0.15366269435931293,-0.5122089811977097,0.0,only_book_to_market_lf_plus_impact
2026,4,21,0.04950863881186973,0.06496532689788692,-0.3424670800274867,2.8376191049847925,0.041912330027928046,0.24477403071233117,-0.9229150924883679,0.0,0.0,only_book_to_market_lf_plus_impact
2026,5,18,-0.07692285451488157,-0.02358975607074476,-0.38981449070791174,-5.837055070750991,0.09964178085440112,0.1737761579658813,2.003302508418487,-0.0,-0.0,only_book_to_market_lf_plus_impact
2026,6,21,-0.10599685742036369,-0.03089181436313515,-0.4255694672943404,-5.492193849803365,0.1300782431607096,0.20949706537138224,1.972470195004355,-0.0,-0.0,only_book_to_market_lf_plus_impact
2026,7,23,0.05437668117284056,-0.0664943010765694,1.3157694072618904,2.1122559896737263,0.07095542399298138,0.1595092024539877,2.5425990741800066,8.475330247266688,1.0,only_book_to_market_lf_plus_impact
2026,8,17,0.07615991928133004,0.06315935361654001,0.4894012634789986,5.056465880252337,0.022951308609246213,0.07739307535641549,2.406485297157252,8.021617657190841,1.0,only_book_to_market_lf_plus_impact
