,seed,drop_size_only,only_size_only,drop_impact60,only_impact60,drop_t10_size_plus_impact_bm,only_t10_size_plus_impact_bm,drop_book_to_market_lf_minus_size,only_book_to_market_lf_minus_size,drop_book_to_market_lf_plus_impact,only_book_to_market_lf_plus_impact
2021-09-09,-0.0005510646448524366,-0.00024855290960623406,-0.003333433940263861,-0.0008806946645870646,-0.0014791698069239719,0.0010806121584899823,-0.002642374828607183,-0.0014778265873746062,0.0013445690883070486,-0.002481208042376723,0.002823812165916653
2021-09-10,-0.009472089487182034,-0.009589694954283745,-0.011154351252632089,-0.00942307694629374,-0.007342643682140215,-0.009475087672565885,-0.009161519027887755,-0.009897149092144342,-0.009684675379313057,-0.010178824424140642,-0.009618007341188894
2021-09-13,0.01178759213543179,0.012414261066663324,0.00870907123281528,0.011883532513499162,0.008533199152302773,0.012373335619083825,0.010771561278576813,0.011554973612596164,0.012831459552558044,0.011240590643723403,0.015321623727680533
2021-09-14,-0.015996251843641507,-0.016339626000689056,-0.011236417161637924,-0.016652298699698087,-0.013282766271944357,-0.01593866151621326,-0.015577230346631277,-0.01529920366489812,-0.016397733413568538,-0.015091395633276106,-0.017985623189133437
2021-09-15,0.01017679650625003,0.009706278329623563,0.012133980704847058,0.011562348942245615,0.006354384657739409,0.010240865611638172,0.008007726084632294,0.009173073443540236,0.013325033185560775,0.010074839768865473,0.010482338936238511
2021-09-16,-0.005703171474357505,-0.0069513105398804065,-0.0038391956381006453,-0.006647826406997792,-0.0048453312272255245,-0.006105744186822415,-0.005045847475673493,-0.005286028520102182,-0.008594422550511127,-0.004534094297019342,-0.007283028524530888
2021-09-17,-0.008321390983640597,-0.007305460607492709,-0.009245389495503575,-0.007995451470353299,-0.006235552988398951,-0.0066648072170877315,-0.008254353507661571,-0.0074303963061601586,-0.007678535905311534,-0.008116957106395262,-0.0063397319371832905
2021-09-22,0.004085280878531883,0.005121468747748548,0.0002573818570807962,0.0032223229928902697,0.0005936075708334876,0.00371009007409584,0.002638294450307166,0.0035359619726438307,0.005069961825036495,0.0025492190278997295,0.00973956170578405
2021-09-23,0.011442901946229878,0.012659635911981715,0.010233638427936231,0.012506428405126169,0.010723732164459321,0.011622028325949607,0.013815873655843136,0.011874199481882508,0.012847406508700976,0.011855208042678145,0.01372583706040964
2021-09-24,-0.020967687532722823,-0.019506457013439116,-0.023289937410807315,-0.020623806598223937,-0.018645427234852074,-0.021814817989142976,-0.017348239517986253,-0.019555652203236518,-0.022285473917844634,-0.02008366501796821,-0.018867977055833984
2021-09-27,-0.03218287859825812,-0.030970527703780483,-0.03637700763885144,-0.031670406257739654,-0.029653126090884226,-0.03365125076538012,-0.02495242085739672,-0.03146071095238535,-0.03415457719560434,-0.03195540886597522,-0.03215090797951981
2021-09-28,0.006535346296089539,0.006810851658118677,0.005418938465252321,0.00637040126554389,0.002797187633255316,0.0067107399229311415,0.0017567506989728532,0.005679074757708902,0.00903870865962575,0.00563751018986669,0.009531205566990941
2021-09-29,-0.02012394213841051,-0.019728859967006573,-0.023454486855534973,-0.02000717576627986,-0.02124295717850988,-0.020755092671092545,-0.01916819280457771,-0.02052502501937581,-0.021478833107400508,-0.02048876991529225,-0.02185875736773124
2021-09-30,0.01935757442394337,0.018869158855504775,0.02581787754934073,0.019122766251654433,0.020631506358586016,0.019961268958351264,0.01854006420852139,0.02041502023469799,0.018679206219123445,0.020598875033966957,0.017813206122396563
2021-10-08,0.02967463140909099,0.028907559001377203,0.03172380484540649,0.030643674537055743,0.025788554407759623,0.02946860932061912,0.028497355890997556,0.029580458395253695,0.0286919299804409,0.030794739913506453,0.026495037125636056
2021-10-11,0.0011415065317323947,0.0009218931009091769,0.00023182594455661842,0.000938061565456616,0.0011310958441852481,-0.00018167195282492443,0.003521174697470819,0.0013061031153998037,-0.0020453225070254932,0.0014590678994415018,-0.0015557379278988703
2021-10-12,-0.007774592191712837,-0.007663973753957221,-0.008845470702344538,-0.007543664320955656,-0.00920541829798227,-0.008886271993311268,-0.008038860456085817,-0.007606548807524538,-0.008651675789032476,-0.007440835914755861,-0.010252508809829197
2021-10-13,-0.0031293273420232026,-0.0034558116697882557,-0.0002681671220318149,-0.00289349887416801,-0.0011132323313938208,-0.003554075036761084,0.003979033861708281,-0.002234164564554386,-0.005299060614494477,-0.002028186671778287,-0.007041680209337486
2021-10-14,0.003948733701445439,0.004322852032656588,0.00492852990424586,0.004309139049277766,0.00492939229253353,0.005032386213617901,0.0015630729821418665,0.004327381966939381,0.004143193870689066,0.00430139430441101,0.004333405667761081
2021-10-15,-0.012913211738363906,-0.01426186766606119,-0.011499422176377894,-0.014030475954528998,-0.011270521351272711,-0.012767616121657333,-0.013459582668321146,-0.012743225494685428,-0.01593062967129588,-0.01293173400673675,-0.014276443762144875
2021-10-18,0.007194931692917002,0.006805105158658091,0.010229786335557696,0.007158004954999625,0.003604000898348938,0.008638042186741059,0.0029058214496106675,0.005908464682833738,0.010777388518265341,0.005935680661871584,0.01086071500323963
2021-10-19,-0.00465665329200371,-0.004138120082785912,-0.0037141325103210443,-0.004888593858677348,-0.0008453208512921861,-0.004304926374956275,-0.002073546195081266,-0.003455790313279139,-0.0047794177833373475,-0.004241146143639796,-0.004876970098089739
2021-10-20,-0.008082323947752768,-0.008023074307910494,-0.008656855502010785,-0.007907004005814788,-0.007134996366879198,-0.00795588867459307,-0.0071479063585790925,-0.00890958575894929,-0.0067327791853887264,-0.008555169621658032,-0.006020656549981185
2021-10-21,-0.009484618100838116,-0.008724513502347708,-0.0117546635781961,-0.009212686508074164,-0.009546779711033682,-0.00957049439881641,-0.009813431987869992,-0.009903165131354585,-0.0075599285930348925,-0.010699949194078906,-0.006467849684328009
2021-10-22,-0.00819281531724847,-0.007514076944540871,-0.010117640487714685,-0.008060614119559495,-0.006022453915466408,-0.008468398294811497,-0.003986839075807436,-0.0075147910717400235,-0.010347665930533378,-0.007999332408908377,-0.008679530141206815
2021-10-25,-0.004131622958624348,-0.0049298935516504105,0.0003662034529334779,-0.003916220763300116,-0.0021686746167636217,-0.003648976504756374,-0.0026471009057976724,-0.0043557424269292655,-0.0037679794665020916,-0.0037615956141471285,-0.005723401882701262
2021-10-26,-0.005407714961067733,-0.006244465541437982,-0.006973350429683833,-0.006040877196857197,-0.006564356944005589,-0.007213010952876409,-0.0037747527929071767,-0.004780243859075939,-0.008493570185015509,-0.004542500469952859,-0.008843993891710755
2021-10-27,-0.023615310176977933,-0.02309150769200452,-0.025780912294990244,-0.023157349702313756,-0.021977083546752874,-0.023399360409372183,-0.024470756542824823,-0.023885757833509214,-0.020883179082627268,-0.02429769451385233,-0.01771364142321108
2021-10-28,-0.010328082331816701,-0.01108986769478304,-0.011009765990137144,-0.010567834656575736,-0.010488792330201724,-0.011073263647113696,-0.009839326974819707,-0.010661384193747292,-0.014956780148306703,-0.00985591383316664,-0.011864619444820979
2021-10-29,0.018987690355912745,0.019316926044890215,0.020302504213143502,0.01979956524507931,0.017366648563267306,0.01801353944734263,0.0196171519773094,0.019653330087383347,0.018675432483360677,0.01962329739380464,0.015193172572265379
2021-11-01,0.007610559797133253,0.007477848379789919,0.010089625888688869,0.007355273016598727,0.009565852630259067,0.008397267806514308,0.008954455266750571,0.007533823505160082,0.009249718704652719,0.00798013959269412,0.007942729576175622
2021-11-02,-0.017664875866325036,-0.017663633011390623,-0.017611333240588167,-0.018244184054094448,-0.013179270411267763,-0.017014445458506056,-0.016456861288714597,-0.017380125748643782,-0.019338778597817186,-0.01763738620281252,-0.017063396893588823
2021-11-03,0.00881113133416922,0.008067952637065945,0.011203813550282549,0.008774381590319624,0.007137031542533645,0.008897007537820967,0.011498174445281117,0.008709086341690986,0.008884610476231902,0.009014224259025427,0.007585533005500356
2021-11-04,0.01045112849338814,0.009145556845128633,0.012738249829808757,0.009951555350850683,0.010366808639242775,0.010343496966130239,0.010724812669525186,0.009969347515485616,0.010945737069224526,0.010419137203602213,0.00815447042339601
2021-11-05,0.0020510541365375,0.001992647579043716,0.003836574385608138,0.0021718475978196317,0.0012371848820558196,0.0017827367887253143,0.004929448713139939,0.0024375540738552637,0.0003236209975954196,0.002609551542682942,0.0005267197384259958
2021-11-08,0.00979731134803874,0.008984288923102213,0.010201359343301242,0.009632655643474042,0.004589552637312311,0.009114718004384237,0.007229195180534997,0.008402924863132988,0.010461396111119292,0.0099163121626209,0.008496937187735032
2021-11-09,0.008803768854197758,0.008008886617357769,0.009943302234257434,0.007896414745686586,0.01096153093583263,0.009201523567268888,0.009580882885220188,0.008995948802085207,0.007545504032342443,0.008678624730409146,0.0064439106451690265
2021-11-10,0.009178581184065004,0.008476685939687423,0.00859790798419624,0.009089799619033556,0.010105672603419658,0.008226299474984211,0.010585465670592598,0.00901621221354909,0.008310287306929176,0.009134325078428374,0.0075554363251080225
2021-11-11,0.011494487744950987,0.012317375300011424,0.009885841041020749,0.011644816656166679,0.010315708340529639,0.011018978499553578,0.010500996510270477,0.011427240494556345,0.01089834494733899,0.011895694006016644,0.012012351683159839
2021-11-12,0.007091069611890433,0.005718943869883031,0.007819022567040035,0.006308110334990014,0.0069955448140488485,0.006130679370273784,0.008976397623368992,0.0061486891533952814,0.005866304868214156,0.006873643996219814,0.003356563120423761
2021-11-15,0.016785868460483678,0.01665600379364974,0.020709597284109194,0.01692607852927196,0.017487867853689793,0.016367433473848402,0.016961207440916354,0.017061876725123853,0.0161164790765092,0.017386857196565124,0.013567658655063573
2021-11-16,-0.0056803194447281324,-0.004363416820784005,-0.008343714920490464,-0.0046137563831647466,-0.004320493591263408,-0.005953245343274349,-0.005141414837338987,-0.005696546722569806,-0.004305274161330419,-0.006631966411677737,-0.004077743847404336
2021-11-17,0.01161141794346654,0.010705371362029537,0.0173215503434907,0.012755741657341169,0.012320376898073526,0.011762906093451875,0.01170174941078872,0.012368712234938295,0.01261187552323606,0.013064847417604719,0.010265386956777256
2021-11-18,-0.01062956852355823,-0.010509631881011505,-0.013006921163550844,-0.01046440001537774,-0.010825218870988862,-0.009789861165623526,-0.01092119140737513,-0.010727550614474834,-0.009844557109191854,-0.010975665985558769,-0.008751454238339784
2021-11-19,0.01291070220703272,0.011635934719689489,0.01426000362624924,0.011848448705208847,0.012429818002330117,0.013330053607534254,0.0125282530229327,0.012961107443439701,0.010948048854814152,0.013792008755806329,0.00947414711179162
2021-11-22,0.00022260834714216138,0.0002652465315047259,0.001323359630188925,0.0002588053131629131,0.001312183700019176,0.00032252132865795424,-0.0003393888775622411,-0.0001852827519500666,0.0003671812601717672,-0.0003455819857237641,0.0002335953349712483
2021-11-23,0.005135046932274845,0.004981657107271387,0.006302365924351738,0.0059957330360627115,0.004880662070436248,0.005710421306957869,0.005419274801758744,0.006035254808954615,0.005256976598514207,0.005616225999526048,0.005740454995172728
2021-11-24,0.005750587052897327,0.0056339092136445945,0.006179414618584511,0.006248589004875127,0.007163625749435187,0.005747515068465825,0.00536498694661014,0.006173440967765842,0.004652174517809637,0.00657714110912222,0.0045800789207390835
2021-11-25,0.003758245817146122,0.0029520280344854655,0.0024870927865925374,0.004361565675846668,0.0033773779485486433,0.0033882085173635446,0.004387079132778249,0.00344611689551777,0.002970547281438085,0.004087076442222282,0.0012165226429396991
2021-11-26,-0.006276135674954442,-0.005914178490865285,-0.005870250888639794,-0.0061491970704634635,-0.00489775364894407,-0.004898398465662757,-0.008123265158753501,-0.006085743842937363,-0.004989248780656097,-0.007127579890199853,-0.004131268623120965
2021-11-29,-0.009640356654189358,-0.009330323491630294,-0.007431952685877651,-0.009925437014476929,-0.007234752596285201,-0.008706064744166696,-0.009638931237671287,-0.009046594701007105,-0.010198612041697756,-0.008431243216793033,-0.01091935324909696
2021-11-30,0.016991489721549957,0.016697697313626136,0.016405772396802742,0.017456763703737943,0.01465235056866887,0.016737297362587,0.0181161894473163,0.016528664883574518,0.016281275642286985,0.01770269896864085,0.014436778512836979
2021-12-01,0.020353583969995093,0.02037934878931069,0.024864016425642177,0.02073738675925907,0.017042485188525802,0.021010255918266107,0.018590109572833358,0.020611121042886316,0.02062499609476154,0.02138023436714831,0.019045984339842725
2021-12-02,-0.004101470846353705,-0.0032892614630267714,-0.008425869216838966,-0.0037450895936824713,-0.008863736968369618,-0.005007659687517152,-0.003951854426364032,-0.005431721820715385,-0.00417864221455011,-0.00524817017840673,-0.0036344100696767967
2021-12-03,0.0017721844185809577,0.0013124883025186218,0.0006761728156159386,0.0014512298916680155,0.0015363761443620838,0.0005235089096840007,0.0020192089559647464,0.002201257648501098,0.00280947380442087,0.002891696621433182,0.002946623865107245
2021-12-06,-0.014180692893527413,-0.013168796734016275,-0.019337688338219805,-0.014518912204599554,-0.01664135654450727,-0.01740830524156034,-0.012663013710945137,-0.015135453939631338,-0.014819140252039231,-0.01610988407124503,-0.012225646645769084
2021-12-07,0.003606197623713614,0.0026719076742292014,0.0007387501859337231,0.0043250543303181566,-0.0024473837517888786,0.00211207299487004,0.005162054320116738,0.0036635724679732196,0.0025012934650383567,0.0032695628031507162,0.003324113616560931
2021-12-08,0.003652465058530785,0.003594817043694132,0.004852130778774777,0.003329832720307957,0.006873845530993572,0.00490946123349878,0.0027878690153406716,0.00378814107803338,0.004611768250227355,0.0036071748879140664,0.003466305887174448
2021-12-09,0.008279419163434776,0.007542726207686812,0.008337307975761377,0.008839378917527618,0.007091024476260088,0.008120186128041773,0.007868124160380408,0.00805825671957705,0.007892528796040521,0.008261564032390645,0.008306585172407566
2021-12-10,0.009368356008857326,0.008306725120237113,0.011013271158830218,0.008821520090848356,0.0087802094965308,0.009363110475385295,0.0061364459525414805,0.009509436866140364,0.008223507144260678,0.009938165715525527,0.006969564370490122
2021-12-13,0.0018857350731245344,0.0014758414617772892,0.0008257415811700672,0.0012458960657773528,0.002608999710484211,0.0017010523389685323,0.0015953799202647902,0.0017846700541680478,0.00032848263606803174,0.0014570078452284814,0.0028198421220541887
2021-12-14,0.011274445968288083,0.010462399079384621,0.014122462067500674,0.010596614716505304,0.011786692756176054,0.011492357815803045,0.012446249238193152,0.011965343996705347,0.009350978666964549,0.011981569014782645,0.009986342472210863
2021-12-15,0.009344777040511287,0.01027575354820276,0.009327710599105199,0.010949147092029099,0.004689012721465602,0.008748610066092732,0.008767494352649008,0.00809300511662503,0.012552796552979473,0.00855117105501546,0.01135585585921417
2021-12-16,0.014194498532278388,0.013761842519073975,0.011960106215507915,0.013757785895993413,0.009553672917648637,0.014069438978465465,0.012912268874811339,0.014150101547407479,0.014220128693981371,0.0145365554928929,0.013455655797504962
2021-12-17,0.005803471336707444,0.0054407953390323005,0.0020094043458416255,0.006352843533796726,-0.000562113192449698,0.005468774246470964,0.0041677888065767554,0.00460630462396483,0.005597427100455965,0.005098109191680189,0.004134150844005147
2021-12-20,0.009788858087380836,0.010600081809268413,0.003375809031832544,0.00993358568063174,0.004064900237357172,0.008962690655298422,0.007634712637122787,0.008818403346468662,0.008869414053282787,0.008686752070129478,0.011190560666300309
2021-12-21,0.029320888805966394,0.030289997161355497,0.023464636089955304,0.03061937565620787,0.01993359904502623,0.026245210388202267,0.030787697563146477,0.029154561538611512,0.030294587872791157,0.028897747124344786,0.029823692000700897
2021-12-22,-0.005246094996929518,-0.0064103414844215445,-0.0014287596552029491,-0.006193971673365883,-0.0007564380059384979,-0.005446563136795035,-0.003767672558872226,-0.004831403933867162,-0.006900035378841207,-0.0051301689078876445,-0.008123823358949123
2021-12-23,-0.0176663507642707,-0.01715306967257535,-0.017349967224636775,-0.0180462123969245,-0.015135450864756095,-0.01594658806048499,-0.017073485150876033,-0.017522913607743273,-0.017678726011774226,-0.017670684473135023,-0.0161157088906263
2021-12-24,-0.011086501038715557,-0.011213115792762962,-0.017037185930146026,-0.011924793086159124,-0.013447812539372994,-0.01433642209033903,-0.006963639757893825,-0.011791586878783789,-0.016896460529274515,-0.01277218749553799,-0.01317018167156303
2021-12-27,0.014434974052011133,0.013921963662045879,0.013347796820788925,0.013862071568987226,0.009647975660139365,0.01197455095605852,0.012855978926835723,0.015149379980883292,0.012821998238222523,0.015233374992713444,0.008475881538947119
2021-12-28,0.003730118093717927,0.0030136202568438186,0.008645737898108186,0.003800117030609673,0.007064272675335825,0.0044109081635446135,0.004499662002817928,0.0045411798402701375,0.0030800899840892626,0.005319531709283787,0.001491941761547766
2021-12-29,0.004858220196641838,0.004455300787407301,0.00403916006292393,0.004243603483369718,0.001070489449200629,0.004555847509998934,0.004710228782532688,0.00440551321119842,0.004963611910730581,0.004961534467569972,0.002411232059249757
2021-12-30,0.009850270495254554,0.00935471425329637,0.011513841864274843,0.009872771707815087,0.010471254648893868,0.010290199928309152,0.008647038939343377,0.009730259898460991,0.010603499466982358,0.01032408213440772,0.009178034905376498
2021-12-31,0.003754115093873134,0.005197451734930025,0.00319684321493674,0.0037994672954182462,0.006442198501310781,0.0038578714604875497,0.004421650275918898,0.004277243897970351,0.003907138977133906,0.003464551391982873,0.004831590386535245
2022-01-04,0.027266736449211404,0.02633761046720573,0.029001442252218013,0.02804088101864055,0.023248109028475294,0.027703734448045303,0.024600660653284923,0.02714587155531234,0.02810367186184215,0.027521973579088366,0.025716062385260807
2022-01-05,-0.006826470673551466,-0.0063672615420232725,-0.00819903108175657,-0.006763303031044665,-0.008790320555711273,-0.007001728030635479,-0.006597523015398066,-0.00725738889891292,-0.007782957744204122,-0.008101120732975975,-0.0038772564713585034
2022-01-06,0.012828363015196853,0.012453239537098204,0.013176009917813092,0.012703523167291841,0.011124840802038571,0.013874686809800307,0.009949323743459582,0.012112223335883243,0.013232863959724783,0.01187426549717352,0.01135775940281647
2022-01-07,-0.014797020871112232,-0.014125603754075455,-0.020071904679764496,-0.01544747223229992,-0.01715796441684625,-0.017031663002880948,-0.013853936855227844,-0.016144288524054584,-0.016765615344592644,-0.017137878415658503,-0.011541615694035778
2022-01-10,0.012107252891691678,0.01179184794940702,0.013257098749414498,0.01203840707900894,0.01515770587701959,0.012272337025640123,0.012629718137066703,0.01263618196277827,0.01090507487150938,0.013566715648680061,0.010881025486694007
2022-01-11,0.004514255396016152,0.003308519638338056,0.005831886311462756,0.00343427237339976,0.0020998514131700024,0.004435595285303707,7.384695799667008e-05,0.004039709038204543,0.0028192363492297342,0.00401895923070756,0.002970397858461586
2022-01-12,0.01388051318823269,0.013436250605919575,0.019458942736938267,0.013765787823705189,0.01596109033527804,0.014878647229889186,0.013401051013456788,0.015362416486086161,0.013093679646621892,0.01581631506397385,0.009078720967935938
2022-01-13,0.003609138371459153,0.004721429848634218,0.0024858231930646735,0.004085966187196144,0.00046066519276966034,0.004183146932274395,-0.00026624342117320676,0.0038201111960931566,0.002483427033163288,0.0036266795676396235,0.0038059245584320944
2022-01-14,-0.017932915225067347,-0.016069442848911986,-0.015026698310603659,-0.01789041154493487,-0.010039271969560226,-0.017960785149521707,-0.013120841934365468,-0.016044530855987782,-0.020668203250894357,-0.016348881496219936,-0.018832224989654867
2022-01-17,0.01727703811619663,0.015499549944916646,0.020560900423610917,0.017692088359432034,0.018202197348823335,0.01794854136356827,0.018450021881705192,0.01722105422302489,0.015948343115613994,0.01791065762641364,0.013733462653110484
2022-01-18,-0.023420935099007445,-0.022523821212510953,-0.027880089268616626,-0.023814590125770918,-0.02392097744996491,-0.024479441107440603,-0.02070496255478682,-0.024470544589428767,-0.022987880330069488,-0.0248899889001728,-0.018482696440298096
2022-01-19,0.017393735264841004,0.015744496157487964,0.018075014943970347,0.017706308546607374,0.012742319186946016,0.018441932136377126,0.012716230781917082,0.01667025697435509,0.01645287985697852,0.016903663051096807,0.01597269295010495
2022-01-20,-0.029541333433897976,-0.02546018841292741,-0.03427682431271062,-0.029432246852565624,-0.03051285399850312,-0.029791167652915118,-0.027051982164094213,-0.029146866618518508,-0.029346969572883852,-0.03070033407707995,-0.024474941922995708
2022-01-21,0.0011261013883840931,-0.0007162265909961274,0.003060601704632626,0.0014564149769189516,-0.00418438533414367,0.0008641221738048266,-0.0026221881204747666,0.0007422775503802548,-0.0002876220414924635,0.0014303319378434765,-0.0016032680341905303
2022-01-24,-0.013611024327985666,-0.012394445495957807,-0.011358441009327702,-0.014045898485171016,-0.011353059094524331,-0.013441175973932795,-0.010866838138609225,-0.012872979540054619,-0.012244011917960762,-0.013386459611416934,-0.011167984400679676
2022-01-25,-0.0418062293489871,-0.04098243479219481,-0.044570879404205586,-0.04374745980431493,-0.04112526555286988,-0.04283165185885059,-0.04484215310181792,-0.041526058308557164,-0.042504444592669846,-0.042494908989381026,-0.038009638720252294
2022-01-26,0.015731686142536505,0.014360310344195826,0.012391340023423236,0.014347113176252257,0.009726269403394827,0.015616009583312218,0.01127104164030679,0.015241880677197894,0.014367084328560598,0.014797245893648059,0.015160888079796209
2022-01-27,-0.034474682699934034,-0.031538671420504705,-0.0390327679776139,-0.03316063481656528,-0.03652354549301684,-0.03349317413495989,-0.032350560199143175,-0.0348689811268601,-0.031342096772040806,-0.03547085301463104,-0.029324421605672946
2022-01-28,0.028764073277615987,0.026236645953547688,0.03186122485985843,0.02933405038516046,0.026493603555783674,0.027738898491041608,0.024944951872612586,0.02896107927184266,0.02770396574880518,0.029710409833617613,0.023199954842588744
2022-02-07,0.01304075387963799,0.0125612096686043,0.014646327815254212,0.013451319213869217,0.013232231222461532,0.015226517871824718,0.013353043087042105,0.012107797014651478,0.014163428643340303,0.0132890956285181,0.01715559317102877
2022-02-08,0.026491075263323394,0.026305435976968328,0.0249644075651958,0.026654234478637795,0.021019135095954766,0.02675902757127302,0.02048447505626405,0.025856886647271482,0.028512219039700915,0.025718685210916803,0.028191484197521266
2022-02-09,0.008133032740565982,0.007249074900854913,0.01039214408063116,0.007322341596979864,0.009336367608701046,0.00911840181326573,0.009219827655976287,0.008476694315462163,0.008765747055254014,0.008898625988022157,0.009230739934642518
2022-02-10,-6.280763920174515e-05,0.0011682318542121095,-0.000708610958198741,-0.0011361345327133288,-0.000827366385239614,0.0025766364582504586,-0.00350817582211449,-0.0001770140333470227,0.0019875586873998596,-0.002055191742198481,0.006130103927909136
2022-02-11,-0.016482686342032316,-0.014656422446307715,-0.019145030273421626,-0.01688072719011735,-0.01786652937350286,-0.015886608600339525,-0.017806505408180073,-0.017130965116399666,-0.014765405480416272,-0.018572076722346953,-0.01205355792822127
2022-02-14,0.008515021385216315,0.005631248467494743,0.013963925814431066,0.008388904854048418,0.007537772112713448,0.008229114326010478,0.004847949160432519,0.008431388962751862,0.007375708185117791,0.00958771383174506,0.004364084166338156
2022-02-15,-0.002849377122984473,-0.002698561079575235,-0.002068159128946134,-0.002883329421835322,0.00028496277385518364,-0.003361125183899822,-0.002500647891259408,-0.0024216033890034827,-0.004551509014405941,-0.002740778693706663,-0.0053301795680264115
2022-02-16,0.022082485957242604,0.021361169624839693,0.02275512852990369,0.021257605329210172,0.02016148143277552,0.021549487859200633,0.01754232971846914,0.02258121599027829,0.019019132839781294,0.022539376828339286,0.018973377294233984
2022-02-17,-0.005589202352292322,-0.004826470857819287,-0.004982812068087594,-0.005560578622019974,-0.003736824629511082,-0.005772713117554895,-0.0033913542400869634,-0.005807053206657864,-0.006092894484938216,-0.005401903973643818,-0.0067919603474626555
2022-02-18,0.010786037962679185,0.011378424662769282,0.010044737139674575,0.010308082641907745,0.00860541277771043,0.011396000909978943,0.007470569115451076,0.010940659357107974,0.011528343484056292,0.01061992044576221,0.013835742040750887
2022-02-21,0.018212357202269658,0.017899751861816693,0.018983773541580096,0.019466616157090888,0.014820082699980919,0.01828726825991911,0.01714221892769885,0.01803997697315296,0.019148135833755964,0.018898214725675988,0.016778788872982675
2022-02-22,-0.00956908553497704,-0.009788976004149186,-0.007690105411527259,-0.010839038682516788,-0.009126723393309666,-0.009740559414283534,-0.01000947224292248,-0.008846034418227733,-0.010915759408469117,-0.008632569146093227,-0.010525703022026711
2022-02-23,0.009103250947865682,0.008504730424220952,0.01315452118744953,0.008548668886942057,0.01250615049842585,0.008501604420410924,0.015341917061025834,0.010167784570757288,0.007487196317896405,0.011103970395365481,0.00462081088531785
2022-02-24,-0.02324906859166309,-0.022673875801355048,-0.021009863692042496,-0.022278886625630157,-0.02281754101219502,-0.021244056584828308,-0.020394387120242996,-0.022994145668822297,-0.02392318710050856,-0.021792282461473578,-0.024883920591898367
2022-02-25,0.01247337040915264,0.01208667424046661,0.01110648706110462,0.012022124270191892,0.012318412447844151,0.010865556957346145,0.0095180543621316,0.011882010661538045,0.010572778863170429,0.010898475906772065,0.009790355936150075
2022-02-28,-0.007461665167471487,-0.007042334073779299,-0.009362981407270321,-0.007677095160278369,-0.005909930113429329,-0.008366159352108271,-0.007338850198585711,-0.007914744253446071,-0.0072413997536423524,-0.00845184745576577,-0.005768265959931296
2022-03-01,0.014110603054794117,0.013413163913341606,0.016873054117147557,0.014541713202155608,0.010889070358794991,0.014315810007587578,0.01016214746144507,0.014060762582903816,0.015656997787003583,0.015109651951090293,0.01228511809411972
2022-03-02,0.013015744340685309,0.0125732567625354,0.014111068683896777,0.01382231919601895,0.00731876769291695,0.011934360173429637,0.009658337456319943,0.012125087953942959,0.01251576052671477,0.012802473577131046,0.01170054911838414
2022-03-03,0.007268930416828523,0.007061806436863272,0.0035540964127318553,0.006502432655328905,0.00015399441013141946,0.006448176717357423,0.0008224364062632272,0.005053417002709004,0.008315150780924041,0.004639621890000445,0.010561387665953603
2022-03-04,-0.012762955734480497,-0.012438119035305784,-0.01231320513253098,-0.012684908140878637,-0.012578112645470263,-0.013802424793599721,-0.012568434058021882,-0.012530594770958636,-0.014233555166043077,-0.012508270604273397,-0.01316742525224801
2022-03-07,-0.005711087481342303,-0.006579751961109825,-0.005105205130252366,-0.004913832669215967,-0.011708028257042646,-0.005773359522977195,-0.01169767197981042,-0.006666929604035143,-0.00525465011520454,-0.005675889102249032,-0.004973977376871108
2022-03-08,-0.03132798033286066,-0.030892202179184203,-0.03169195041517947,-0.03327348363953486,-0.0280573250460735,-0.030614007912182828,-0.03125382374212904,-0.030584602190329546,-0.03156264236195283,-0.03098396909163481,-0.03072201625634241
2022-03-09,-0.01467759252164147,-0.014997045267767684,-0.013004522400013374,-0.015204825682101242,-0.014038055090791257,-0.01506771281525876,-0.017404186337356187,-0.014463987776912601,-0.014186026384809924,-0.013986638909290305,-0.015413991922640813
2022-03-10,0.01993360825963486,0.01997691330101703,0.020461328532303202,0.0200431048467673,0.015670018523116447,0.018590145221094145,0.02025090414371844,0.02004077716896413,0.01895949813992992,0.019886548670897453,0.01882706021833802
2022-03-11,0.008157116175372403,0.007335748385658203,0.006174330689993512,0.008800589508204615,0.006677400730691341,0.00748128047014518,0.009446851898638364,0.006963072900164846,0.008731448369113881,0.008131192482706995,0.0072579055872312725
2022-03-14,-0.020241575876514872,-0.02007304821932876,-0.026864506342560768,-0.02079920684460157,-0.024711745015414288,-0.02302472498103314,-0.023706553252562323,-0.022786365095060157,-0.022998475930639195,-0.02246071453803611,-0.021963874543563522
2022-03-15,-0.052889439260295414,-0.05401834145967819,-0.048056276465624825,-0.05438137347915004,-0.051663777071914274,-0.05084971789546762,-0.05782413741753077,-0.0538399567466604,-0.05372475530729152,-0.0526164546170027,-0.053853025939483816
2022-03-16,0.03233368768005107,0.03130787226799159,0.03696060146533631,0.03283248488639501,0.026053188456277798,0.032729492236117874,0.030112792293212953,0.03189898850931461,0.03481948248871336,0.03276564389166725,0.032796467898823956
2022-03-17,0.011566114660508164,0.012052511542832933,0.010582238675225897,0.012705268294744165,0.016480904937495877,0.011819048093592466,0.016283902947736184,0.011146338874289174,0.01329956112445041,0.01065621301098818,0.013093444201581539
2022-03-18,0.022771880260752164,0.02240317937154579,0.02183012996759004,0.02328569483488918,0.014279683283222377,0.022291706829325797,0.017752035715309367,0.021893356065675773,0.025314596998025074,0.022056884471522542,0.025422768489079983
2022-03-21,0.015371981502538823,0.015288674253731704,0.019952733463635575,0.01587769146993323,0.013465870013049441,0.015785330543719445,0.012740926252955864,0.014981969438383036,0.01720495706040559,0.01543118283611955,0.01602473146626382
2022-03-22,0.007352338686790194,0.00794383097129403,-0.00014849504694580684,0.006962297447060006,0.00021748093845364025,0.005365729832208732,0.004557199465228923,0.006093021262613796,0.008009063830576313,0.0045093904236162,0.011337939962386745
2022-03-23,-0.00019114807230047326,-0.0009490722891015713,-0.0017265936326229525,0.00021881694531189488,-6.481010447367819e-05,-0.002071386623192395,0.0025337145411532536,-0.0010336932485933703,-0.0016909215779790099,-2.9934708773882157e-05,-0.002878177796403536
2022-03-24,-0.010715722852186471,-0.00991978676873162,-0.015111394783317245,-0.010829197079563313,-0.012861210989373206,-0.011651232000386869,-0.013876004816440468,-0.011322902383423594,-0.011827337592246523,-0.013331568301922503,-0.010406884154906204
2022-03-25,0.011532274263301057,0.011934202174844089,0.00763400397182612,0.012143342923371048,0.004678729611437005,0.011676222998635577,0.007365241861830629,0.01112160871941903,0.012625566403970945,0.010471606786844223,0.010855669519972189
2022-03-28,-0.0003506966284249069,-0.0006179016152884076,-0.002640464883442717,-0.00030924583072611256,-0.0035298598188489017,0.0001313782801937169,-0.004363084025783781,-0.0012654479412868014,0.0025828238114915525,-0.0001650005109352648,0.002977394953260548
2022-03-29,-0.013880381964213916,-0.012799272285954087,-0.015640120440051492,-0.013915581979477232,-0.013170577686784356,-0.013537956424633506,-0.017030683558202826,-0.013897983900323029,-0.012427661084391837,-0.013726319785429118,-0.012756352565455266
2022-03-30,0.010805038333026484,0.012529944869790643,0.00913391139919617,0.010148299140737782,0.014128958606929753,0.011209780461515884,0.014520769626626517,0.011101830719455474,0.011792548581374351,0.01078047057596021,0.012493811023944756
2022-03-31,0.010334626206429887,0.00936455814875048,0.011664677556947112,0.009802319617200794,0.009749894666608805,0.012334900795341053,0.004721528148093013,0.009107519592052915,0.011372245637446099,0.010049786242305458,0.011680820602434583
2022-04-01,-0.005571137605213439,-0.0037464900683910063,-0.009856948551102862,-0.004360291548763717,-0.00399326051573623,-0.006905177246341987,-0.0023337566456589354,-0.005202494616955433,-0.004103681709632712,-0.004797845954212954,-2.1649015681357575e-05
2022-04-06,0.02495167350688976,0.024488281104815934,0.025925127857284957,0.025698223583084934,0.016137474243502314,0.023446123953424713,0.01770572511801416,0.023402208529296642,0.02436709697018702,0.024655938526164878,0.022903376070281256
2022-04-07,-0.024054122288003632,-0.02497361021034017,-0.025539613494043767,-0.025072440837036858,-0.02276154735218816,-0.025395884738032004,-0.0261123958360846,-0.02438593315386406,-0.02564929157990159,-0.02518041913251423,-0.02560963552192974
2022-04-08,-0.009135922968875776,-0.006723582943750195,-0.011256521967300204,-0.009007086906222983,-0.0079675928766757,-0.007660881866152103,-0.011500617108717526,-0.009393889316086756,-0.004343777180681352,-0.010786921302191055,-0.0008237982867898008
2022-04-11,-0.01859590598036276,-0.01960874803729351,-0.02333032608145913,-0.018855551774972446,-0.024152133085646676,-0.01898325757823982,-0.026951642945594934,-0.018770171721228968,-0.0197192687658444,-0.019735036820926588,-0.016606431988166914
2022-04-12,0.02343037888445343,0.022250183667459345,0.024480743370110192,0.02476285242174292,0.01915093863303552,0.02331451359387482,0.022532743267298372,0.02480471641070947,0.023668468417238575,0.024574429103788376,0.020550916234744587
2022-04-13,-0.015201756186453363,-0.016246141849362017,-0.017609941855928124,-0.016138530107565274,-0.01464607594467282,-0.014130994145472697,-0.017557458356982747,-0.014395575796676385,-0.01518532675846851,-0.014222883180693535,-0.014116614884695733
2022-04-14,0.005067477690899781,0.006056032545641499,0.004853359687122188,0.004648118627208165,0.005377750754404311,0.005303476742377963,0.007299185304411677,0.00678958537805362,0.005780594785866405,0.006804225089056414,0.006939245699426919
2022-04-15,-0.0216932400925528,-0.020713168378921454,-0.028350009616532112,-0.022427405218199303,-0.018809435650875783,-0.02372222232295651,-0.018260207773962756,-0.020988331977856767,-0.02267598410691074,-0.02152658825353837,-0.019736666051552998
2022-04-18,0.015232448885319938,0.014491207036416709,0.010405932267784745,0.013447624659979063,0.01567957951461829,0.012684740357916668,0.01616067467557425,0.015688045562005426,0.00888710831320294,0.015515310322220754,0.007901321773131187
2022-04-19,0.011542477569312481,0.012013069422116551,0.008299576975658196,0.012574695348431586,0.005590582026961277,0.007798003648766594,0.007027203880757282,0.011190449608563746,0.010380409295773108,0.01126150552749583,0.008813543415069347
2022-04-20,-0.0013401257470723182,0.000430148411729947,-0.001746760991038876,-0.0012506841783794798,0.00046128332424455465,-0.0014093298580203362,-0.002485092333866623,-0.0007519141246127292,-0.0037619316972439254,-0.001270477799911962,-0.002884972795153762
2022-04-21,-0.03630323381825418,-0.03502224000944676,-0.035012669521810924,-0.03664760441509729,-0.02953987758985177,-0.03429934147760316,-0.03772084117754981,-0.03534849180262423,-0.038018241325742164,-0.03574056682471616,-0.03613039962134601
2022-04-22,-0.0033294386815660992,-0.004030593086062351,-0.005509784021134445,-0.00301792899112463,-0.005959207870435912,-0.001454684980067067,-0.010387190796714463,-0.005704494050368436,-0.0006002102834814504,-0.006325123653035281,-0.0013193302761724812
2022-04-25,-0.07899931963977147,-0.07781355190859718,-0.08126662626950176,-0.07908496126498843,-0.07729962712510896,-0.07898652238958603,-0.08457130515119005,-0.07959669508996392,-0.07623367042960194,-0.08227237428292611,-0.07489036153188422
2022-04-26,-0.043670877014626464,-0.042913810076004255,-0.046866660413247274,-0.04325605850555214,-0.04136332470410675,-0.04524414571433588,-0.03961917578263363,-0.04378009227519042,-0.041757116271317174,-0.044061261133035545,-0.038595324754318816
2022-04-27,0.01520545569348175,0.016776028716072977,0.011901705204219182,0.014428041623255172,0.018175430372842305,0.008995810701611706,0.029363046508130264,0.016994343085263264,0.00946582301434451,0.017161502146671115,0.009288591817596226
2022-04-28,-0.02187753043371473,-0.020179350009845155,-0.027390786089507232,-0.022142120389028287,-0.017559253991402145,-0.022184083095975145,-0.020478304608496572,-0.022350671687335143,-0.021767682498330134,-0.022748791663188873,-0.019115958747941007
2022-04-29,0.04910035049430328,0.0487544451182651,0.051763857884408404,0.04937277275638885,0.04685774138604626,0.04857734036530004,0.04957742751013905,0.04923889984529217,0.04662619734369744,0.049788412196347,0.045034346285815374
2022-05-05,0.014288825489371826,0.01623528520650863,0.014354591544300632,0.014623153404803135,0.017694569066762478,0.015886380495865104,0.015616550251919437,0.015018040234220154,0.015111887941008817,0.015497375197218721,0.015018494857333309
2022-05-06,-0.007083866373480574,-0.006899639885493691,-0.004129606025677912,-0.006423173206784982,-0.00661880825303629,-0.005398277553880226,-0.005098451324388353,-0.005458249703321982,-0.007732477577938601,-0.005224407231767203,-0.009066207521400083
2022-05-09,0.023533104062282817,0.021487161337568006,0.023834237894217347,0.023717712341768005,0.017597242730367002,0.022309559842612625,0.019725572487681475,0.023703553231575247,0.025685296485058462,0.023937048271127193,0.023674217385347918
2022-05-10,0.01335459481325274,0.012109225259206324,0.018783279825186572,0.01382195647461204,0.017145067213750975,0.015033457941440398,0.015878234847855888,0.013582203714158414,0.014665967004194425,0.014311656892993296,0.012278841816586894
2022-05-11,-0.0004069105629938008,-0.002207731128767043,-0.0013522055793879773,-0.0013507298039798776,0.002048114241642418,-0.0006543841166772868,0.004191043707421516,-9.676153619686545e-05,-0.004349386481634077,-0.0005902514976451334,-0.0033339818834421386
2022-05-12,0.012627803554980943,0.013719529163934263,0.013511331282197059,0.01352642260964565,0.010391466002789729,0.015797344882196196,0.013023327725807388,0.01334689084536933,0.016281622203749624,0.013031498353588633,0.01547211275440552
2022-05-13,0.009644773356753511,0.009296851004996887,0.009271662955875337,0.009907340218103577,0.006509854535967863,0.009280180998750165,0.006524622299118432,0.009517566232872365,0.009769603786403236,0.009599122512122582,0.010783233011030902
2022-05-16,0.0026793383505878676,0.0010854100456552107,0.006153779987988717,0.0030796581396315137,0.0018403541819529412,0.003417487162473254,-4.127758164462758e-05,0.0021072404009889745,0.005855382079362315,0.002953316489180624,0.004607996301582151
2022-05-17,-0.0038117172540216887,-0.004130469765481207,-0.006251253003123262,-0.003915851898359521,-0.004330522897503418,-0.005266243578800693,-0.0026329779028809374,-0.003767632619672338,-0.008156226762138985,-0.004243525886815644,-0.008148383984468299
2022-05-18,0.01755072863177931,0.017455674931467824,0.01624384275480928,0.017949652947387262,0.014203720026963573,0.017998444356442045,0.01710642118678396,0.019047266063530355,0.016001882367294273,0.01832503807544117,0.014056987884019323
2022-05-19,0.00996791225862359,0.009751673561641638,0.009886628093598748,0.009739295892885469,0.0059618910027854355,0.007646691354726842,0.010042686727929073,0.010762577830848885,0.008723912612245588,0.010739319614809562,0.0084241630158155
2022-05-20,0.009662323081273794,0.009526557110860479,0.00790705949620052,0.01008885868831344,0.008658272246816923,0.008445712198109856,0.01170975162996557,0.010413994009363048,0.00793235410885651,0.009581016713280599,0.007669520762883186
2022-05-23,0.01941343416095509,0.019286672490893553,0.016131594567350138,0.01977863700655713,0.01523084903656291,0.01584282949299043,0.02164749406486366,0.019693079419326187,0.0163198998516898,0.01992164456157086,0.015857898868748332
2022-05-24,-0.03616878908783083,-0.03586196434065214,-0.0425423051381546,-0.03808979071013552,-0.03757461551627794,-0.039826772557074674,-0.040895654713022034,-0.036491045423129864,-0.041432314568436435,-0.037555142139999,-0.039004408351450026
2022-05-25,0.02616412967701076,0.02616502874391413,0.024777720273609694,0.026903810509704806,0.01629124274777194,0.02360862027765087,0.023876541044957955,0.025008229388553627,0.02816736015370802,0.02542365233937005,0.024947480882394846
2022-05-26,0.0029675420602641722,0.004466855130116132,0.005248347557310629,0.002944167007369103,0.0026184950760981263,0.0035483227655497274,0.002632034120034321,0.003676553683878536,0.0048004654984925565,0.0020563811396323572,0.005866816516707285
2022-05-27,0.0013778257384307047,0.0022969439999487307,0.005234295805028655,0.002721961093098191,-0.001081926821151269,0.0012100316265653,-0.001343946844046151,0.0023219499597251225,0.002889460682559797,0.001426389975111464,0.002218554475077017
2022-05-30,0.011546909954191609,0.012304483367710173,0.007020080207194912,0.011965069330499123,0.00974596942433159,0.011332460816026346,0.00886857077506642,0.010968406922989615,0.00901179084997783,0.009923390835262058,0.012184277140665056
2022-05-31,0.006680132354986648,0.007273516756047003,0.008224089812269743,0.0075050180545174795,0.013160001487231513,0.009447170914145306,0.011008684609090411,0.007970674890576079,0.008024908399149938,0.008035615849485048,0.009885995322242113
2022-06-01,0.008534953291093439,0.009242645172719666,0.01096912508550374,0.007974771894193378,0.016944822801544968,0.013371855089795881,0.010256935752404939,0.00933344339470521,0.00937003778169232,0.008600799243508206,0.011975061672748977
2022-06-02,0.01186217515378507,0.012736241098021628,0.014321417847759754,0.011525948270170838,0.027496317655131053,0.01947252083225437,0.014181438667637547,0.013059853976266522,0.0109107647739064,0.012024501168322654,0.015480411563697727
2022-06-06,0.014535315288001449,0.013217777791758145,0.01789809609304438,0.015271764864782211,0.022021046108224196,0.01726082375742366,0.017460013819911024,0.014773504760285272,0.013350121102384538,0.01539667555550639,0.013803870698086751
2022-06-07,-0.011075034359871783,-0.010444922216350516,-0.013586217849095195,-0.010558772342186495,-0.014597661190581812,-0.012848582527550279,-0.011369691177192998,-0.011479937954207764,-0.008791651546140922,-0.011478693851792898,-0.009132629840120643
2022-06-08,-0.002118193618455777,-0.0018746215436126201,-0.006094821446468446,-0.0029327626817171604,-0.007540668257205785,-0.004983550183122354,-0.0030199078947263924,-0.002810600791866791,-0.004454791573207717,-0.0031321801348961342,-0.0035647540905658914
2022-06-09,-0.021457620563414048,-0.02082165340017128,-0.02316177538510844,-0.021963808884138514,-0.02395909178799782,-0.023891937203560643,-0.023378744563231413,-0.02209171094104534,-0.01989553580702319,-0.02284055632706794,-0.02059538727259258
2022-06-10,0.017466190681028948,0.01671439959786092,0.012806799732266505,0.016839015617066133,0.017276438488363466,0.015747013652335884,0.017196025998742925,0.017212957959369835,0.013691429444867564,0.017887595555108993,0.01474675129819114
2022-06-13,0.006647322801131006,0.0049055182618911175,0.0037628932493112277,0.006118637309814767,0.004174556931201723,0.005109542418208823,0.00831223910980805,0.007004760885148009,0.0010144899475625913,0.007393153723825874,0.00025019827127858996
2022-06-14,0.002105166683695092,0.001357460435893021,-0.004099334211882022,0.0021986283666852735,-0.005076283284733529,-0.0021138186394421554,-0.0011177067784641226,0.0006825820951839034,0.00038527569181812105,0.0009073902887706264,0.0003427651706138235
2022-06-15,6.479262278472173e-05,0.0006580721125338846,0.00048196474955678023,0.001166511226323052,-0.001132294225962777,-0.0005527618770866853,0.002285262120571868,-0.0003897177071244778,0.0014361380411628795,0.0001877482450999971,-6.804865279773245e-05
2022-06-16,0.011949401853044384,0.0099630015218517,0.013890293258965736,0.011307879587518332,0.01277935641998118,0.012726147628866036,0.012846559260867307,0.01154135215722274,0.009033621116259383,0.012955390069614436,0.00924559460302321
2022-06-17,-0.00210756109869481,-0.001230708715105,-0.0052811804318873,-0.003803492465604852,0.0035305714206355088,-0.002013991992754982,-0.001990697023472987,-0.0019035370274907981,-0.0027551428192383876,-0.002796368040601349,-0.0006510804160395622
2022-06-20,0.01725106597538728,0.018044619545494855,0.01624008497492002,0.017001967977171573,0.018797388577665997,0.016973012283400868,0.018042951725345757,0.016597934373427492,0.015200383042093701,0.01678235201133016,0.01633399588987272
2022-06-21,0.003329919615549848,0.0038317649450880786,0.004976851787174219,0.004310918367040006,4.917456420416855e-05,0.001929696718109719,0.004402773921172054,0.003459621962783599,0.002297583345790999,0.003732363044148368,0.0010698331733185462
2022-06-22,-0.010633090051445082,-0.010701319844286905,-0.014103660063466639,-0.0114155824392983,-0.008477762993751026,-0.012079117784925653,-0.015128003823036473,-0.010176898679161606,-0.011529667216386152,-0.010720997300308732,-0.012107487686885077
2022-06-23,0.02128178622145982,0.02110502439732964,0.016403334406978276,0.019054313839292458,0.02337270977487993,0.02103622081667078,0.01853181721920949,0.020706858051342758,0.01827779394129081,0.020505530757707557,0.021537726095164356
2022-06-24,0.009242635123023035,0.008687149706936292,0.007433829362878619,0.006593090150103009,0.015020424480938876,0.008243226024981842,0.008345132927152887,0.011190787036712724,0.005553971310065187,0.01031690659945994,0.006910699576820445
2022-06-27,0.009704629068693293,0.010125681609441939,0.006926860887579656,0.008941478300965366,0.00907003905093684,0.0065679251933539184,0.010699254951745951,0.009789426934145862,0.0068348329948921815,0.010010143021728979,0.007608475775196855
2022-06-28,0.02295453975687889,0.02168061608766436,0.021784358313861052,0.021087730324099052,0.021422596120631132,0.020698641619258717,0.023114467499169677,0.024263172670209388,0.017887713783049097,0.025393694086950136,0.018758129441269755
2022-06-29,-0.017820522862886448,-0.016799035252279715,-0.017599935346363924,-0.017443170738134867,-0.021239409123620937,-0.020069298399078075,-0.01607306358575877,-0.017473747050221727,-0.016361796029187397,-0.01748078819956151,-0.018791973445018144
2022-06-30,0.0035688626254832823,0.004714800504987959,0.0039181128796346165,0.0047905933191032535,0.0031603871532275285,0.0021901355944349277,0.006860145463952527,0.004039295017529865,0.0046054650145044285,0.004121495851619805,0.0027183176389151686
2022-07-01,0.0006551270007770782,-8.810829755845351e-05,-0.0025859650213576613,-0.0002005676794752942,-0.0017033573086580045,-0.001245033628174519,-4.515340893784803e-05,-0.0008868822949389399,-0.00042911760427422063,-0.0016060031651300433,-0.0005247076654485427
2022-07-04,0.0011882057492604847,0.001973382129254908,-4.056279507202998e-05,0.001886857664345154,0.0036704422671827164,0.002404576761566579,0.001589093769903016,0.0009416308472653956,0.0012912729674237067,0.0006220727534236303,0.0021725097870035626
2022-07-05,-0.008818781370501738,-0.008650073111778234,-0.010005065187913331,-0.008627958629270571,-0.012855294981821475,-0.009679965461978357,-0.01090446330375927,-0.009383959036423306,-0.0079303306880113,-0.007703667125188218,-0.00829432022340404
2022-07-06,-0.006578215468312609,-0.007323560462433654,-0.003897166785411077,-0.007857435924339407,-0.00010652448658587943,-0.0028330366407134377,-0.007442174247717981,-0.005939310186772628,-0.008496575895626579,-0.006338529873987975,-0.00595351128130972
2022-07-07,0.00441824489298015,0.004348178848810225,0.0028279774686874593,0.004443612089481519,0.002011513689937683,0.0023900161902425943,0.001909630667257467,0.004467758952333645,0.004041835208998368,0.0038727939056037997,0.006063049907301998
2022-07-08,0.008743394615071898,0.008685535566548719,0.012324635606991485,0.010490074742221633,0.009364820672210783,0.010375044441236048,0.009178821690753125,0.008352276080739962,0.011717337209720569,0.009207484282699019,0.009219032493038126
2022-07-11,-0.0025468808156957623,-0.002224346562884394,-0.004737421083833238,-0.0026176139220532857,-0.0059998036675971145,-0.004696511826869254,-0.003650194240511495,-0.003640434068787335,-0.00032974126427487427,-0.0040563218634221965,-0.00206971093109809
2022-07-12,-0.014435865738925191,-0.01369789518054898,-0.019173140788643406,-0.01374907390414526,-0.02189586430892343,-0.017145514090877167,-0.01668484015815397,-0.015155301164656798,-0.010826355758496553,-0.01538082126161211,-0.012799409891465108
2022-07-13,0.019373194187289583,0.018226868570589222,0.02153751854194294,0.020054482755631493,0.012503987020981095,0.018126350946265354,0.01698435463335962,0.019416950342406068,0.019162208901582226,0.020121049900107785,0.01762653839901662
2022-07-14,0.000297980912636886,0.00022264271729621754,0.005403299742348766,-0.0015197351075776355,0.01587349352700862,0.0061139130786707074,-0.0009328736302919305,0.002235544456397953,-0.002776591542448026,0.0007520175910480376,0.00283608517198064
2022-07-15,-0.02636887114179376,-0.02591319563238137,-0.024898466637477745,-0.029469295554939823,-0.01606742266162653,-0.022771370860186768,-0.028976541941611478,-0.025033413379571545,-0.02978882008407946,-0.026698570447569514,-0.025342897666602804
2022-07-18,0.038210600029032316,0.03726748961061288,0.038452608783777986,0.040102804744470255,0.030325338394442847,0.03645919775979434,0.038439091351138766,0.03699499269675699,0.03928249582148435,0.03842357444113653,0.03714679911809582
2022-07-19,0.014934583775789712,0.014825896430890051,0.017194213885150855,0.015141621138547778,0.014411944821532074,0.015851698261222458,0.01452083319920372,0.015072167585680196,0.015761205110766285,0.015336845608259653,0.014353973441831647
2022-07-20,0.0061176998640439795,0.006301666057495048,0.004271790459029923,0.006843107166080609,0.006254265148269766,0.0059128202956229,0.009026137822617963,0.006889409252799128,0.005526437831995468,0.006007582681768486,0.006039492901554366
2022-07-21,-0.00254318895473693,-0.0030295727545164297,-0.00022712972647798146,-0.003788029131974402,0.001370339702027934,-0.0015253847404382848,-0.003033125599688935,-0.0026227733674664133,-0.002502721374616934,-0.002911508082388714,-0.000683058200812825
2022-07-22,0.00674868207237922,0.006293994417300164,0.0054570075142166274,0.006381606134254314,0.0013665554171771177,0.0053937261689738225,0.0039164298531515485,0.006153700730212375,0.0062141369593968765,0.0069063495611743075,0.006398358880629118
2022-07-25,-0.004589260099795434,-0.005698975703484099,-0.005122950675017668,-0.004968224009068156,-0.004735405041292773,-0.004662759632236724,-0.004485359390202448,-0.005900717244958664,-0.004783201185931785,-0.004436792994956584,-0.005362718807303768
2022-07-26,0.009326979854107575,0.00817857816726919,0.009742988633749894,0.008804770880787682,0.007486301688102159,0.008266148134635776,0.008515838527097142,0.008407978036057306,0.010993030168397144,0.00937151673591563,0.008465953944498228
2022-07-27,0.00890643216342405,0.0078437870390614,0.009213857217683287,0.008255824992490533,0.014048413698468284,0.01026811366283092,0.004982944348071278,0.009209693289162975,0.006942952754152946,0.009121158293700235,0.008847600541653807
2022-07-28,0.006743327225066542,0.006595824366181002,0.01087831366975589,0.007166205884807431,0.013707889961454445,0.009763906619152385,0.006469114352959826,0.007213304364320328,0.007893234767395452,0.007890406020377494,0.009838703737373056
2022-07-29,-0.002225665947638733,-0.002289696441640565,-0.0012142808240018788,-0.0025006850656004165,-0.00251927522027795,-0.0007698221896528246,-0.003488732310960918,-0.002036055478783494,-0.0021357232520274883,-0.0023648968897049816,-0.0005149876355821092
2022-08-01,0.0036541985851017422,0.003817332962629205,0.005403574968123825,0.003572885211242216,0.009870840544205617,0.005053232193085844,0.005539643545992012,0.005124725509020545,0.0025035393467811584,0.004678233083428296,0.006096748329202706
2022-08-02,-0.04074782849914782,-0.03998029412413273,-0.04383167778227959,-0.04127060091193269,-0.03657659052853601,-0.04137821732556801,-0.040909168889718295,-0.03976516893525517,-0.042646124073493885,-0.04130765134586645,-0.04056179369972002
2022-08-03,-0.004372293689184681,-0.0049101211385781385,0.001947361682730575,-0.005007546445613409,-0.00011624416557554085,-0.00014712272806882698,-0.00281707245971885,-0.004077579936314191,-0.004803898249696292,-0.003026897488755287,-0.003255574483266299
2022-08-04,0.018969050874932947,0.01907367526078141,0.020998956458166518,0.019328041658733808,0.013899480489523608,0.017234583459785346,0.020089699558571095,0.01895511955280127,0.017553925133346526,0.02127293953126519,0.015734341039951527
2022-08-05,0.006421905042069742,0.007282246518108826,0.0063352098414892755,0.005066310179032252,0.013064332609152629,0.008655867809240325,0.010408304015412373,0.0066501104511991205,0.0064053403691815,0.0063409775939937685,0.009962447483150338
2022-08-08,0.012607062690264126,0.012043396120642536,0.017874136065802793,0.012515471579856552,0.018017972876964272,0.014261500441430375,0.010763500833105955,0.012821767896741276,0.012675440973309415,0.012523400533815288,0.012686839939107797
2022-08-09,0.0052577578466603825,0.0045836538308883235,0.00933937938556828,0.004364172392632648,0.008912026567718057,0.007957519649944178,0.0037166721851193962,0.0059467439357694385,0.004077683118062891,0.0062024715716708645,0.006150534655660511
2022-08-10,0.003323762267344946,0.0028397399113193247,0.00878766982427495,0.002444047665115706,0.009323162381323847,0.005960618332139168,0.000697692920572941,0.004117463187918725,0.002870953598671494,0.0038660078700778126,0.003991255398571903
2022-08-11,0.01388828054392377,0.014783841905121609,0.010887964489519453,0.014098386199144608,0.009946619468403917,0.01160987016543169,0.017328422916945252,0.013646926236868362,0.013164329037504308,0.014274944344293772,0.013691068718445276
2022-08-12,0.0016271690806353156,0.0027515059517935203,-8.788957273553333e-05,0.0023017027671445867,-0.008510016671084086,-0.0015322396353526502,0.004175962478562001,0.000343964165081756,0.0019514583346174064,0.0005433614843888268,-0.0015835219209782148
2022-08-15,-0.00039575534859759287,-0.0008442686706826574,0.0037327793713579638,-0.000920056070372044,0.0023436659959161776,0.0004236595188968906,-0.0014789589575471274,-0.00014002699115878148,-2.3616861112629728e-05,-0.00032904653831877795,0.0001734621471958242
2022-08-16,0.010454597151533074,0.009968967328076728,0.008652181917111923,0.009941297524841852,0.007192958982408015,0.009288141399018013,0.0069350776706262884,0.009818179158829876,0.009466693752305133,0.009962597425430486,0.007683565976181805
2022-08-17,0.002898431503975951,0.002390084402224657,0.0017467963350306093,0.003818514598652456,0.0031232546302562003,0.0022356626277415526,0.0037472613254581066,0.002182642308140137,0.004095414671583919,0.0024038715675611666,0.004334343824239584
2022-08-18,-0.001493800370541254,-0.0019993973256396957,0.0016963541723806763,-0.00333464017646945,0.008842161574388108,0.002294058751113326,-0.00550076362624885,-0.0007074308025429854,-0.00220120807036972,-0.0005950465075375,0.0013222422928034216
2022-08-19,-0.005275209017069571,-0.004862017985623579,-0.012276766036788178,-0.004443453467939729,-0.015709686568830428,-0.010295148772174412,-0.0023003084900067305,-0.006152095095428134,-0.00619409758398215,-0.006290983603943312,-0.008465825983938635
2022-08-22,0.009577675515751505,0.009406965401349998,0.00569482984438241,0.008717747528373732,0.002897149983229319,0.0061317293401752515,0.010623691313592198,0.009456867233942567,0.007059630249918847,0.00905373632420381,0.005692101879442912
2022-08-23,0.00799540360477069,0.006254858715521117,0.009781696387475947,0.008022925671297143,0.004268955142001207,0.007757229477799887,0.00434114836670263,0.007888356548586772,0.00759305434834201,0.008167620762087768,0.006253372168640414
2022-08-24,-0.02347589168221264,-0.022555264492012596,-0.025277384644729874,-0.021403004155527212,-0.029581866874077812,-0.024974916640532176,-0.021982447438198785,-0.02398588180811049,-0.022612156772970425,-0.023591383586413557,-0.02301020418546622
2022-08-25,0.0005202995847557457,0.001876757366350068,-0.006327192187909558,0.003796694100457243,-0.008929947073049282,-0.00439993299121666,0.003937278969438296,-0.00018122409212129043,5.749627938200774e-07,0.0003669630185982875,-0.0014083665603052964
2022-08-26,-0.004355475824150745,-0.00411261136813823,-0.00684440974008671,-0.004858751013503748,-0.007063715474311172,-0.006640188019748194,-0.004002706105165621,-0.0038841192685941106,-0.006276546010434592,-0.005413669699165902,-0.0060972896710767
2022-08-29,0.013355481910581668,0.012599872768700004,0.014711228029144818,0.013645070988353103,0.01321701291181454,0.013724628054550658,0.010600354863576689,0.013000702832719702,0.013933483601399566,0.01346526103887058,0.011951364876453097
2022-08-30,0.007589910425254809,0.007904669020683208,0.003645281672796985,0.006726038332719897,0.0015311877604011759,0.004435344778243477,0.008469714126930095,0.007775363428771831,0.00438614506927526,0.007072948246678035,0.005818149134677375
2022-08-31,-0.020814037425072596,-0.020115381784812425,-0.027250364938625538,-0.01872368432200444,-0.028624514882863994,-0.02485819985387061,-0.015220424902648633,-0.021535817835243276,-0.022202734067010677,-0.020939472253570512,-0.022056077405448238
2022-09-01,0.0024549120501744515,0.002368369354221578,0.0027393251444105537,0.0037506032724730076,-0.0021661178871088538,0.0021842754845491363,0.0005880853826414345,0.002038049418529697,0.004587451988566915,0.001848505211380136,0.001677616435356244
2022-09-02,0.016942759034042965,0.01549845197706956,0.02242657572598672,0.015228810539260618,0.01943474843652715,0.019219083346542876,0.011706616381061075,0.017137180916076744,0.01623204144332413,0.017696194960619804,0.016082522456363657
2022-09-05,0.007740928953467119,0.007532856681341515,0.008009724846850252,0.009399756415540583,0.0007284226735866373,0.007104364179497447,0.006920762587786733,0.006791156200402604,0.01106155579021939,0.007081738774535662,0.008284075506383104
2022-09-06,0.006813854640055128,0.007463310966431047,0.004565069775325226,0.007714436952559467,0.0035316745786959647,0.005258044592918454,0.007720527340499217,0.006285984270534062,0.007573924108642327,0.006086952844913007,0.0068289191909480795
2022-09-07,-0.002334990052993385,-0.0029775937654033385,0.0005747188411145327,-0.0029857460840229826,0.0027301733971517835,-0.0010142030735036311,-0.002445037170937811,-0.002259772709897613,-0.0010430610303718286,-0.002060286579950823,-0.0031832778716055655
2022-09-08,-0.007512865330921992,-0.006973107635621312,-0.01105137934391709,-0.007984352397707672,-0.008819127584011488,-0.009194740750221753,-0.00849668106760737,-0.0076836670320903355,-0.008284530913105992,-0.008207755869731104,-0.006721150167232071
2022-09-09,-0.0016877588339152538,9.869777629845089e-05,-0.006612495288854103,-0.0004675938286632375,-0.003935487231949253,-0.003519972163089524,0.0015446198276263257,-0.0025836451054370713,-0.0028792628668544706,-0.0028063579823378593,-0.0016851481947145475
2022-09-13,0.00597230805009219,0.004773440823542474,0.008373115767994266,0.005568628767781414,0.009040323237408332,0.0059862139565804995,0.003297130070904375,0.006020920735429591,0.004291437861812852,0.006548971520754732,0.0028799542575046466
2022-09-14,-0.006649260786640743,-0.006751043234739296,-0.0030727877780099,-0.007183422922210525,-0.0033095944580805448,-0.0045457426120945055,-0.008147448023824944,-0.007267071375823164,-0.005590003760490125,-0.007507190050220713,-0.005010238805985057
2022-09-15,-0.015833976072363365,-0.014960006763374945,-0.022913775788662716,-0.01571169833848962,-0.024507644713918197,-0.020303955481008606,-0.017158304800425017,-0.017497768422175985,-0.016740754947178194,-0.018030618960738543,-0.014479227639243919
2022-09-16,-0.03092661578171596,-0.032119392777745115,-0.030679930195259497,-0.031627744065019,-0.02236345831174491,-0.028636485467004702,-0.029947739640533877,-0.03150189798719294,-0.03153225959522166,-0.03159273650965011,-0.02962098604759511
2022-09-19,-0.018546994580899145,-0.01653034115708718,-0.018368176920265378,-0.017371115880265964,-0.018181252406135884,-0.018226663138331878,-0.01683221295775339,-0.01794315721433648,-0.015383189204307257,-0.01859745407587643,-0.014167077273969597
2022-09-20,0.01759494070202483,0.01565037228722188,0.02168006524238586,0.016395876860552994,0.015838777471103516,0.018085465227241304,0.01602672661862936,0.018399929216618816,0.01761830888862126,0.01873806718583504,0.015349848241032138
2022-09-21,0.010004544537056681,0.010169579685871621,0.010287426791259824,0.010796453494460234,0.005001375903739502,0.011449494219216705,0.009257344286212499,0.009500771825592835,0.012270598947519806,0.00983991967313691,0.012089024336392251
2022-09-22,-0.010624463514502622,-0.011087003461199394,-0.00512474925898435,-0.01082584882482551,-0.004503760805928276,-0.006766399837306914,-0.010296535658318676,-0.009786111491853728,-0.007714728928213607,-0.009101484314277397,-0.008287101946684155
2022-09-23,-0.019352829713611075,-0.017872340794701458,-0.023703458802169286,-0.01953177394591099,-0.021388184779417396,-0.020628608228284384,-0.021674900158556554,-0.020448570837273805,-0.019985646085328157,-0.02108400973304314,-0.01762224800849077
2022-09-26,-0.02674301738044571,-0.02702413186736341,-0.023674918848303417,-0.027978684508922047,-0.021488993068501827,-0.025746450258500198,-0.0258322760481301,-0.02579253100827772,-0.02820376445823103,-0.025971126559746982,-0.02714490828529259
2022-09-27,0.028531388742238706,0.02841299352053106,0.02902179650340786,0.02927204074536438,0.029153255369554154,0.028896195758069565,0.028796827226191368,0.028480766777195354,0.028038192391966366,0.028788647821572644,0.02614375954346726
2022-09-28,-0.017336771987894184,-0.016016524691668366,-0.018068252867651347,-0.0177363871573476,-0.01873864662290503,-0.01691783651853762,-0.022384838427450204,-0.018210591571147572,-0.01609891481845216,-0.01813608626539731,-0.016229058692086018
2022-09-29,-0.010322995024597659,-0.00992388007325895,-0.010872762554043347,-0.010750889108062212,-0.004152591168043895,-0.009799363074704526,-0.008041089866436257,-0.009859195958801137,-0.011566627142746144,-0.00972739825193103,-0.010905747925614495
2022-09-30,-0.005936066192124612,-0.004785134961038051,-0.011270739275015318,-0.004827543999113337,-0.012117744153661514,-0.009999189261434283,-0.0047394738762948085,-0.0063754274434209,-0.006880409963133327,-0.006100841502314713,-0.0063551329838743564
2022-10-10,-0.014437482626356135,-0.01351527929888352,-0.015670759984062754,-0.013917061183167267,-0.01590001829628862,-0.014421428847525397,-0.017074919367991326,-0.01570284898650498,-0.01264804679685505,-0.014223541846322019,-0.012442745597394667
2022-10-11,0.003917514871044192,0.003107948062852195,0.00448427646376004,0.003957711769172034,0.0013293155195797102,0.0031317962070136485,0.00654865594544618,0.004404971992197693,0.004246744363153088,0.004946100769306572,0.001341775667212497
2022-10-12,0.026637179664109167,0.024839271484982772,0.027050470880682242,0.025806648495186213,0.026776305045579152,0.025757697164647375,0.0294915947828156,0.02694055075885604,0.024400840948869407,0.02669615640799705,0.02313787311969051
2022-10-13,0.013671738187850441,0.01290375080217684,0.017468482689247625,0.012863545587807751,0.017448859603939132,0.015185692972435888,0.017616688356775347,0.014805439262535719,0.010399129773384454,0.015431800043588859,0.009433484300503257
2022-10-14,0.01962617992082638,0.019008013245024324,0.02072247867314725,0.020427559233074044,0.024126085627572902,0.020882523643078077,0.02101956895458934,0.019702968963588807,0.019939322814392257,0.020432932262738346,0.017616229357556135
2022-10-17,0.023481564173070124,0.02192392207616045,0.026186142276543478,0.023034789047708726,0.02722040243598567,0.024702525269353792,0.02736526690185226,0.025926695705127845,0.021463049668608347,0.02573270734690647,0.01893118469645927
2022-10-18,0.002036504593571964,0.0019438848535977549,0.004174581980735059,0.0017013838007231552,0.004277795017187724,0.003177373035122555,0.0009401114746121486,0.0028500857263686896,0.0022992075711538718,0.0031006698591651283,0.0016522128617959542
2022-10-19,-0.0033000549237972576,-0.004472851803236866,-0.0035450335677054134,-0.003420189173327204,-0.006083421630908914,-0.00473820067536157,-0.002762873138074551,-0.0030695560034529334,-0.004967600820600104,-0.0029372920683279347,-0.0060068943330431335
2022-10-20,-0.0032514785857591377,-0.0030631494436116347,-0.0012131483809515453,-0.0033054228263357244,-0.0024969297827360792,-0.0026693051250396005,-0.0012197143243254382,-0.0031577013533945486,-0.0036116194387925127,-0.0030127643117892067,-0.003622947199163673
2022-10-21,0.0038492217270575946,0.00351390163213372,0.0030450127917465153,0.004244524778872716,0.005925538217537163,0.004263948324692901,0.0008569565422291703,0.0017927442466334487,0.005237867856003442,0.003003808493776683,0.002439711840636738
2022-10-24,-0.017547288680792583,-0.017493646004274943,-0.016733990552462275,-0.01710983704260438,-0.014008527039249596,-0.016767843537330962,-0.013531096274533083,-0.016412623075481858,-0.018548204664620482,-0.016798033935898182,-0.01932991341750212
2022-10-25,-0.0032911887052563538,-0.003083256699541237,-0.008807646353667486,-0.0031487780103081064,-0.008458379626533619,-0.00751597598613285,-0.0021896166178777543,-0.003289355037582209,-0.005037393544703339,-0.004200407021230923,-0.004420863544689624
2022-10-26,0.020964033912585167,0.02052644555688321,0.026062040554285515,0.020601250944924043,0.027415133520954704,0.023391066793437165,0.027070021035206393,0.023296274324656085,0.020008034453421253,0.023538536233327134,0.018488808221596376
2022-10-27,0.004157433020845989,0.004108892023498195,0.002511416477917051,0.004331792531301036,-0.0015180281055061742,0.0039018732547074567,0.0007936761868884922,0.004738958582823901,0.003634424611560444,0.0041738123797664065,0.0047404791993196785
2022-10-28,-0.0355496536816442,-0.03554576783403496,-0.03933492506051639,-0.03705890916233501,-0.03380541212428545,-0.03629313112264909,-0.03996415260219721,-0.03416611972119121,-0.03868582214590266,-0.035566011608192616,-0.03484345026470914
2022-10-31,0.01466817980378421,0.012731724447224924,0.01912801941475739,0.01470101162091808,0.018114145985092422,0.01717653335773761,0.015952600881010248,0.015050822267953512,0.013187684646806197,0.0157891163500945,0.011390844670182254
2022-11-01,0.02643705242737915,0.02616073635004712,0.024350355201244067,0.02748191758803853,0.025397954739416306,0.024839734872704966,0.028799448202740496,0.026607597906703306,0.024732599626475338,0.027270538170220293,0.023008354997512193
2022-11-02,0.008874800291958529,0.00897420514248548,0.011764781924235912,0.009710991385644574,0.01200829492266653,0.011183155152066915,0.011921251038527592,0.008467819724582215,0.01218899032909726,0.008775822309926351,0.009851755152220143
2022-11-03,0.0005403023525141215,0.0001509780676434147,0.003040122045723015,0.0004966442872982313,0.006351416319382963,0.0033899268980461805,-3.998139138650103e-05,0.00015808430967623188,0.0019027344666613377,0.0007899837642830754,0.0008897529890137257
2022-11-04,0.010716820807311178,0.011387190112746026,0.012047100133226296,0.01136187308548342,0.00836549970072964,0.011039474083752499,0.013748640129565892,0.010596868770895052,0.01313209802131765,0.010938847031785048,0.011316119509545253
2022-11-07,0.013324106503286748,0.013236351399078528,0.014420189576596076,0.014177567409308756,0.007473984036119541,0.011319186575364792,0.013937897788135256,0.012916989085506758,0.014130696536353238,0.013628457171200203,0.011625000356449977
2022-11-08,0.003992492752505905,0.002962188940234034,0.0028368212527865033,0.0036408705832073895,0.0007237774746355896,0.002783324508816465,0.002250786474216726,0.004584824309095126,0.0032475120912727196,0.004183022667356706,0.0017511595442796235
2022-11-09,0.0034073125210700717,0.003052258558897014,0.0016238610741030612,0.00275296215331422,0.0005885981759690129,0.0017106807509006394,9.469761248315223e-05,0.0026844236008318756,0.0026524213394210072,0.0031220669091100994,0.001018813954274389
2022-11-10,0.0021204713404572627,0.001964729091371898,0.00039915684264303273,0.0022394920598749774,-0.004672133918574666,0.0006623147664028131,-0.00033371330601597235,0.0017983503423335723,0.0023338606383081725,0.0013366583858860802,0.002816272173881717
2022-11-11,0.008353174401278807,0.00932612824372403,0.006368272451027224,0.009659035884151956,0.0035646478278232863,0.006507095701553167,0.012248338763173106,0.006752187999989667,0.009984799088113228,0.007270766165848208,0.008000500471855965
2022-11-14,0.003634626077451575,0.0041042033002152145,0.001329327475569242,0.0025876731690424037,0.002674494577920239,0.004188637471484569,0.002700171301441401,0.004260963153368769,0.0034702973319036268,0.003548347509169991,0.0046440197520569715
2022-11-15,0.01084520356072427,0.010114735969205979,0.013693796097540067,0.009919991507056247,0.01659969955397389,0.012580088908170417,0.013450660899937628,0.011208078111091702,0.01055201564039443,0.011686240625660815,0.010763276189637683
2022-11-16,0.0024355846380916812,0.002490725868776078,0.006287758335223215,0.0028167891636081688,0.001417510308540093,0.0035630131661890108,0.0023932537120916475,0.003417277386883244,0.002025980512428749,0.0034638258734223104,0.0023807348332043343
2022-11-17,0.00888193104666768,0.008559148648408899,0.009294446292622771,0.008722189588644458,0.009148391544542056,0.00901684496151689,0.0064537242472115786,0.009123988992449483,0.0069209307256630215,0.009302375818521336,0.008288353061070897
2022-11-18,-0.008333465894823311,-0.008587323888559206,-0.007009016992652217,-0.009634022231419626,-0.004655096954207072,-0.006580459263861971,-0.009366421125400315,-0.007891277131035102,-0.009040516608534666,-0.007850449000469495,-0.008206289203068984
2022-11-21,-0.0009996427507112937,-0.0012992434712439938,0.0009678560945414194,-0.0013113567157201356,0.0051898041993077015,0.0012013903154968197,-0.0029720155052457287,-0.0009293462021789933,-0.0005757550858405125,-0.000662366850763374,-0.0022171326600051167
2022-11-22,-0.006164132676182543,-0.005613574358468876,-0.007598268228937388,-0.005936634831278487,-0.011085037417735921,-0.008220442034210906,-0.006648281645937337,-0.0069740229693561195,-0.006665629473688761,-0.00710713973635857,-0.005514290763586227
2022-11-23,-0.007115612826435358,-0.005461424432556039,-0.01182068590550589,-0.00614806062049289,-0.013200528825968894,-0.011317080315558337,-0.004494689224838422,-0.00797193570338639,-0.0074848996047741645,-0.008024668112880273,-0.0062771666335653675
2022-11-24,0.003169946726482677,0.002821801381687744,0.00693432129218625,0.0036760975229633615,0.004773953163915686,0.005050478825969204,0.0020732327083222077,0.0033648126636928637,0.005651370050254531,0.0034605565263219123,0.0032861801196485485
2022-11-25,-0.004050881530976214,-0.0025686336579132663,-0.006568319561052638,-0.0019721630995497286,-0.011900034624774625,-0.006529115808035724,-0.0041745317801547,-0.004875920828513847,-0.0006130119171364745,-0.005171189266335197,-0.00014563942510148475
2022-11-28,-0.004474747942657453,-0.0034026980757020375,-0.0042071811120589775,-0.002689899021340203,-0.008230183967886329,-0.006817311517944846,-0.005091700918916864,-0.004170574086222678,-0.002322528946728686,-0.0038328419218027765,-0.0038908269373357784
2022-11-29,0.022558623622537466,0.022850838156972975,0.02062150611100333,0.023712960882474432,0.017530099037165625,0.02242518953594197,0.022229304155312324,0.020968488126217988,0.026522952562637814,0.021106100917930526,0.023605462765511565
2022-11-30,-0.0009269400511062731,1.5897011873544642e-05,-0.0019607347982193435,-0.0007962079375460895,-0.0033660306689312636,-0.003133575464985161,6.683491185532908e-05,-0.0012644369679641887,-0.0003054510397473287,-0.0013408099361155168,-0.0007997347201528227
2022-12-01,0.004605550171610018,0.00523655006610757,0.006092384401098716,0.0032954432667313682,0.010761984799194657,0.006437415100321475,0.004836487927278643,0.006002372527054822,0.003207831366579539,0.004169066950483691,0.004134564380722683
2022-12-02,0.010017701313779659,0.008589132252223797,0.015572146019469546,0.009289165521838116,0.013106654719639454,0.013709614371128387,0.008166837162421947,0.011008310753897854,0.009268680954573894,0.010899152988065541,0.008411374331219745
2022-12-05,0.010795480408215319,0.012323700530052273,0.008419474490524603,0.010830197885458803,0.005430548618820641,0.008041256779107053,0.012683131568228756,0.010600429071044637,0.009805266843773364,0.010416729614376674,0.011529396761034816
2022-12-06,-0.00796030927819924,-0.0076898092912901506,-0.009120909943552746,-0.007518229326796577,-0.0066671038985367526,-0.009705366829642403,-0.005753575561251556,-0.007197889371670652,-0.008853629375145111,-0.007491283707135921,-0.008093065547472023
2022-12-07,0.001268664855930357,0.0008875513720614236,0.0005260631864778542,0.0014092914084329333,-2.8225276547555467e-05,0.0008232174265920822,-0.0004774682979109546,0.0010175902085967081,0.0027679147644352753,0.0016489947289086704,0.00160743760478943
2022-12-08,-0.0011405221694605124,-0.001723186684552024,-0.0023118651331624157,-0.0008195762273841896,-0.005105105117988404,-0.0014172178157782834,-0.003976419116785013,-0.002303440023105926,-0.0006440936392794845,-0.0026665139185955873,-0.0014049530497215106
2022-12-09,-0.002533164225006268,-0.002603039149464248,-0.004533197557276991,-0.0029702701476439497,-0.0032601517535176816,-0.003608722569291345,-0.0031798696348366295,-0.004301689447302803,-0.003593586688419359,-0.0031433015138001563,-0.0032443183922383767
2022-12-12,-0.0031931560501244904,-0.004301268999412633,0.00030932171081232696,-0.0046126828599565295,0.0024631614279773117,-0.0007490187846800334,-0.0072305822605874814,-0.0032637735053810957,-0.005194989074055467,-0.003103488868430815,-0.004921668082472186
2022-12-13,0.005168178578176308,0.004590081092054499,0.0026338264988832183,0.0060332150961099895,-0.004266731321842188,0.0032186913079512713,0.0006839765206900772,0.002547592908980212,0.007317618626963895,0.0032361656654946724,0.006486660778323605
2022-12-14,-0.002972759442437245,-0.00287447272053043,0.0009466008445211394,-0.0028756199734912835,-0.0013018084112023098,-0.0028833338102169925,-0.0038350230778656513,-0.002077823959146241,-0.0048722833987461245,-0.002345127155059634,-0.003360747700809852
2022-12-15,0.00275970295496486,0.0021044946261330466,0.0061565338702163075,0.0021713401479046546,0.006687655983087071,0.004117405620269521,0.0065519855174118735,0.004149767381125269,0.0027612625922543987,0.004087703501237883,0.0006375912825138386
2022-12-16,-0.00871960342510203,-0.0081415691130734,-0.012711432940539114,-0.008281671116187939,-0.014258165298953296,-0.011006878294488542,-0.010400888624310212,-0.010546617657485435,-0.00841623050855822,-0.010538020237235046,-0.006276918662962538
2022-12-19,-0.02703092163018661,-0.027333482800113496,-0.026218339436334004,-0.026720635961568928,-0.025106012588046123,-0.027055626478776906,-0.026492033956012406,-0.026095278529926214,-0.025997042834729922,-0.026452342339774004,-0.02480664712086944
2022-12-20,0.0008916671923930863,0.0012345512277451842,-0.0017307093029947929,0.0009714251013734909,0.0011075461828933264,0.0003380647509179102,0.002832620085959636,0.0019647830087572427,-0.001399472487320974,0.0013774436195965745,-0.0015264805632018152
2022-12-21,-0.0056914825637918165,-0.0057550217784873015,-0.008293673419705438,-0.005887451583640346,-0.009999414080218871,-0.007120261383408377,-0.008021898130090355,-0.006965107722598618,-0.0047297690000381865,-0.00673292405450554,-0.004746805258426079
2022-12-22,-0.01789940432592668,-0.01785206499733276,-0.016694284284917735,-0.01786045265513196,-0.01931448180717286,-0.016511721052072503,-0.020579394262131488,-0.017744055985880247,-0.014914759361953776,-0.018422197149724272,-0.015182101513421704
2022-12-23,0.0016874108720883463,0.0003678576015715418,0.0026506029281221366,0.00153068217722363,-0.003030919149772271,-0.0008237004771590728,0.0015272883115353686,0.001585690197847045,0.00012596838138367872,0.002274201458553282,-0.0013479287560221875
2022-12-26,0.011562320939122017,0.0102830953133346,0.01389500973639679,0.011974247017346284,0.016759294105646028,0.011546086224366148,0.01565558046273874,0.012249568035700431,0.009437374377483376,0.012473476348026091,0.007643286201793886
2022-12-27,0.004263096405731082,0.004620564993338627,0.0010686553186598502,0.004546986142307974,0.004118060406309354,0.0033350051464970942,0.0037840427494062467,0.003287090149265204,0.004734072523321808,0.003073953104547833,0.00613543144235007
2022-12-28,-0.01331896209075678,-0.014011984448820902,-0.016859816018638174,-0.013285976190920867,-0.016674180234224956,-0.0160193909315568,-0.014306578022944882,-0.013734873877713882,-0.013114243679175797,-0.014230291738874135,-0.013379904429716816
2022-12-29,-0.007539679400153654,-0.008404805465086485,-0.006473820216266968,-0.008038559320928118,-0.0038579759054452323,-0.007619980713863939,-0.007137278295289651,-0.007075530829328991,-0.007710689492882561,-0.006854031592286258,-0.00871368335755196
2022-12-30,0.011532405806518486,0.011318229726613227,0.011485362368312435,0.011695911822262373,0.00733522453878388,0.009953714444130624,0.009133203641748633,0.010731892358868178,0.012150881191452356,0.010228162026134191,0.011527823043716356
2023-01-03,0.023224734236398703,0.021681514381667766,0.027435172771501426,0.023751204068125364,0.026093210645795173,0.024135303092809757,0.02676338342367912,0.02366895334764818,0.021643850344932325,0.024661055773112395,0.01924729136076464
2023-01-04,0.010636629212513737,0.010458197405037506,0.012027718587507508,0.010362861111410826,0.007698491906189764,0.010739489575992245,0.007627715200407392,0.009730106251651716,0.011403849606010041,0.01068413892761444,0.01017609467055558
2023-01-05,0.0007968390753652077,0.0015058668857250712,0.0006620886252732827,0.0005210824367793965,0.005955039549772501,0.0013017561329538019,0.0035740613917123465,0.00168614211041751,-0.00065261874329825,0.001436895628960988,2.3894560111870078e-05
2023-01-06,-0.003740874215269364,-0.0031247742841495063,-0.006033444988173841,-0.0034219203771032897,-0.001426491693972984,-0.0030456148318125835,-0.0012625216046569202,-0.003147285805808782,-0.00531769647124827,-0.003638911004289232,-0.005623607560706391
2023-01-09,0.007945800107519885,0.007248558534899141,0.006991001127598873,0.008025469116842876,0.007727925472747366,0.007420383090395166,0.007385550216494341,0.007456848281609307,0.007236969956892603,0.007776837543470583,0.005796971141205587
2023-01-10,-0.0036753703785491476,-0.003814418774314321,-0.004603294917721157,-0.003950198962456408,-0.0003203315811868279,-0.0030454410911461283,-0.002931302235255173,-0.003410582255928496,-0.0047519833642837295,-0.0034274818377458827,-0.004510990926568592
2023-01-11,-0.009837385883886163,-0.009746709768791328,-0.011985557053494245,-0.009578662218540646,-0.012537601107822427,-0.010123954821246173,-0.009897511476321452,-0.010679505031237935,-0.008794297970456944,-0.010445699959277022,-0.009065799826288523
2023-01-12,0.0036404359421262633,0.003543915393557473,0.0028748910415625772,0.0036541550367545916,0.003722577536479754,0.001367936465856756,0.007166001919803655,0.00532106382569153,8.457807722828115e-05,0.00471871331901097,0.0005241234314514731
2023-01-13,0.0033520740282970696,0.003425133956648674,0.0006518018502796874,0.0031889640145563725,0.0017353942224880292,0.00380727650902446,0.001119163390725486,0.0023252848580008756,0.0046070150673820365,0.0020075702365351944,0.005682552542931374
2023-01-16,0.0136423317619363,0.01327053927600197,0.014484830679498906,0.012875472826487044,0.015151752602940327,0.01456465268697138,0.012144279108661227,0.013638805995482173,0.012538531108964301,0.013776059781096306,0.011978493876928953
2023-01-17,-2.2416091515875536e-05,0.0004842472532291531,-0.001943736632868398,0.00028418657640782996,0.0020939494612191023,-0.0005805614241725099,0.0007321552462318248,8.622778789724173e-05,-0.0014511978740530118,-0.0002873029927116244,-0.001864963854405599
2023-01-18,0.009302294641316378,0.0091089525821062,0.011839132429187771,0.009487782649270082,0.007924634439494094,0.008427699846556003,0.010173462421207757,0.010056279692090664,0.007357388008881527,0.01042265568884626,0.006562210963037662
2023-01-19,0.00529937386479129,0.0051495562621777236,0.006931340156181465,0.004515909907693461,0.00728140432915958,0.006127158957928813,0.005919493484020766,0.005113916363031379,0.004048623218943392,0.005382151551053482,0.006199735372001802
2023-01-20,0.006796038147537993,0.0068792282819319945,0.0070466632667821666,0.00767831842756222,0.004264012921733769,0.004808770824328565,0.00803182294567472,0.007079723366376122,0.007517935838339241,0.0075813378267242425,0.005928145447154875
2023-01-30,0.01875380391883108,0.01754112906970362,0.021983501314537968,0.01810885341973245,0.01850432801585744,0.017431897445301603,0.017720611245719997,0.020399617926457614,0.016805873252971226,0.0205238445877034,0.01489213807649481
2023-01-31,0.008772337973850464,0.00880650297747021,0.007736719327931851,0.009282861121546082,0.006594011187557758,0.007001291622459771,0.008820692876813307,0.009331467889555523,0.006774453821138726,0.010490991966845664,0.006750878592233223
2023-02-01,0.01862240990855013,0.017496392565027552,0.021277957629742605,0.018735171039104603,0.019381448764951292,0.01804471242976935,0.02183315388578988,0.019678791697119946,0.01704171317982972,0.02131170864127241,0.015710351123379374
2023-02-02,0.004349774524536887,0.00391354089075735,0.005660323123204858,0.00316946770123705,0.005875767748577676,0.0051595171155185415,0.006141216464090826,0.004820330501053016,0.00338306030110358,0.004259990796749102,0.0038666929252539894
2023-02-03,0.0025333925559327675,0.0017529232940596273,0.0024693300330014267,0.0015716866954234021,0.003481507024406305,0.0027542397292568133,0.0027342471659514977,0.002887046494263412,0.00018355463264141392,0.002811944907293862,0.0007854356842318388
2023-02-06,0.004559773372526665,0.004952911854693376,0.005189005796445212,0.004749340677979053,0.004497335772628341,0.005420817187019145,0.0035236389108090904,0.0038018654007312414,0.004754400667780212,0.004076153669080762,0.003522106995138774
2023-02-07,0.009989981881244114,0.010248283761697063,0.009302257941453451,0.010131292026138938,0.012014374992240784,0.01012432695871368,0.010124188001037426,0.00951881326570958,0.008736370938819515,0.009626231104097993,0.008328338816278258
2023-02-08,-0.0010602312969977268,-0.0013269504000390508,-0.0014739201477340647,-0.0004094647401535756,-0.00038257575635491925,-0.0014931854164574876,-0.0018593888429278005,-0.00022407425317505503,-0.0020124830766581336,7.673292002663423e-05,-0.0013603921594602664
2023-02-09,0.007880374442444493,0.008055617732081854,0.008972977951588357,0.007844194757650635,0.012577070883251995,0.008774332786739336,0.010969680712752394,0.008616048208313964,0.007569693124280352,0.008461094271792424,0.009193215646264408
2023-02-10,0.0024053857461364776,0.0029644004161142375,0.0022888650696637897,0.0024582550372288076,-0.001452199909884923,0.0014621567580639068,0.0019444193633942853,0.002110789747433412,0.003059427898409562,0.002176336965845506,0.0033433497374073915
2023-02-13,0.008356449204538485,0.008344788854247609,0.0090474519593573,0.008021325066023932,0.012613050547178206,0.009640341513828199,0.007856220587633578,0.008468893202280281,0.009047910798030134,0.008424892175916687,0.008334251418984362
2023-02-14,0.002269987359478476,0.002766633179978495,-0.00021620290602242243,0.0023935797882019827,0.0011713245023385888,0.0027249248270109216,0.003582198403621284,0.0025603379400467308,0.0023097408862509106,0.0024412685955181868,0.0022593534248647185
2023-02-15,0.003093203529273447,0.0028588758974033013,0.00466712425875726,0.002280791679942995,0.006511339094852131,0.005774373969253732,0.000997257186528433,0.003452713127066298,0.0010814429660617186,0.0035067218846733805,0.0031575482324428528
2023-02-16,-0.02317625322891892,-0.021294934891076256,-0.026994820344130366,-0.022034118968097594,-0.02771194701167712,-0.02492381072951777,-0.020639635185428662,-0.023298910050740584,-0.022655662077288863,-0.023785453475738905,-0.02151327340938125
2023-02-17,0.00023641494314885492,0.0009152475063054499,0.0003970838057663073,0.0007702436101990617,-0.002343543215783117,-0.00028960044932679896,0.002955185296088292,0.0008105749395672657,0.002816412480360686,0.0006876502208137403,0.0009757091402555762
2023-02-20,0.00946691677697431,0.009404471508958512,0.0063622894257040485,0.009128272809347804,0.008754269066702847,0.008510837124647397,0.008205849567402002,0.009035845062250303,0.008692937167126713,0.008351703262423626,0.009833432647460505
2023-02-21,0.003580841780230992,0.004283799563023383,0.003514445069372929,0.004314981993963629,0.0036647352554983748,0.0037490054891147206,0.006718930234394183,0.004142301320990249,0.0036026475623043286,0.003397563424542005,0.0033543785173359986
2023-02-22,0.001447719574820816,0.0009549661538685861,0.00560937635392289,0.001247874434140428,0.005393739015909782,0.0050081285098966255,0.00037012008917303163,0.0016190272385212534,0.002682361896346741,0.0019379759474491554,0.0026402918781314177
2023-02-23,-0.0001539122600936471,0.0005658375960655437,0.0012651819062141634,-0.00024058567550411247,0.0014185520151657194,0.0015076320895146544,-0.0011687705473405474,-6.735001260826934e-05,0.0005673786868911623,-0.0008824318391583708,0.0009023117172186623
2023-02-24,-0.0012035339020025596,-0.0010261747836310918,-0.0019254126371242258,-0.0021783949971882124,4.662574033449847e-06,-0.0005657857446219204,-0.0040555119438675435,-0.0011718932822031248,-0.0017565782465509493,-0.0012323273953991098,-0.00016886067110937695
2023-02-27,-0.010523470311463612,-0.008997908433499457,-0.012531214606687602,-0.010206079831009296,-0.01013877957210163,-0.01126856825798106,-0.010453649536025789,-0.010417208748284446,-0.010296012019602174,-0.010829186286496317,-0.009028439221776763
2023-02-28,0.01220243192386783,0.012313172702974606,0.013634170500766096,0.012702893777365887,0.00871909572648022,0.012116588496076552,0.011811949767591479,0.012007486009784962,0.01341308257591911,0.012630413921642658,0.011893992467532533
2023-03-01,0.008305598215290644,0.00721104802124839,0.012682543580904593,0.007769209526907073,0.008683307012383512,0.010427217136471878,0.006326845652948387,0.00777331922037372,0.008006214646194554,0.008511952032709491,0.008790153310752169
2023-03-02,0.00035356279817411185,0.0011218014641314333,-3.946329583393027e-05,0.0003387683743432124,-0.0016826519906940618,0.0016179441997330457,-0.00040247786566671717,-4.917578407248602e-05,0.0002330981748186467,-0.0002105089683384076,0.001485040336099308
2023-03-03,-0.0004404831792472752,-1.256192963627889e-05,-0.0035108480214024462,0.0007108329390634882,-0.004486732212384936,-0.002757282037219033,0.001122489106199387,-0.0009469530427883566,-0.00016585135615498903,-0.0008747275631656448,-0.001244224622502621
2023-03-06,-0.0016983217629431557,-0.00287324656043908,-0.0005771840174823017,-0.003025344919559858,0.0019366011522574667,0.0006614142793217592,-0.002276207219039872,-0.0020697052488218848,-0.0017905477867985464,-0.002236678105815626,-0.0014918955451888039
2023-03-07,-0.01832106466451444,-0.017908624566702502,-0.018524627995677445,-0.017555633522732927,-0.022408038053794654,-0.018426171221320398,-0.016963018740677627,-0.018813905150603327,-0.017645661813541214,-0.01831882323101064,-0.018379894852162293
2023-03-08,0.011074435527272497,0.01050825423735624,0.016893926406742032,0.010485052054273858,0.01597494808522737,0.017356258174119787,0.009188463542856518,0.01150428745451193,0.012704623877069388,0.011618360315044818,0.013395592266203238
2023-03-09,0.010580909052675391,0.008780761449500574,0.012818809303532408,0.009104945219935434,0.013916078653204433,0.012914013120815415,0.008908726965028535,0.010928094401200461,0.008576814154099832,0.011167017091391784,0.009074043820465727
2023-03-10,-0.01627406353921994,-0.01631796472224826,-0.011554025758177195,-0.016295128674272494,-0.012054783125480252,-0.013549108195034541,-0.016406273484169568,-0.01575304667335688,-0.015522809325375008,-0.015833596058199204,-0.01479986526240651
2023-03-13,-0.005066285636705081,-0.0047338920813643215,-0.004416179002453613,-0.005147511289602225,-0.0026903776634837895,-0.004895660938940671,-0.005960020037785507,-0.005057256810419686,-0.004360698856111345,-0.00478470785289542,-0.003512013052787366
2023-03-14,-0.017003058781909886,-0.016516453383435437,-0.017202958229100895,-0.017427177831945806,-0.011919159726752282,-0.01574258106184867,-0.01659446534681941,-0.016249380422615478,-0.017988719768435413,-0.017001839002877883,-0.015285438935415896
2023-03-15,0.018095237671997833,0.018177934598941237,0.013813772697032212,0.01855981962202291,0.010350215111811334,0.015252655614910626,0.017869185547736866,0.018114881937823624,0.016601759750007883,0.01822463322253065,0.017054546360868894
2023-03-16,-0.01618527529013336,-0.015624618644441646,-0.01600513129135761,-0.0163472004494587,-0.016738871809989453,-0.015600219812893723,-0.015954712210006106,-0.016386436257794568,-0.015288885496399285,-0.016787321021107693,-0.01500059612050475
2023-03-17,0.005656472756186304,0.005419126399418772,0.005941529179607663,0.006121510521837292,0.004175614033107289,0.005818210952306391,0.004011219778876196,0.004837916052060853,0.0060176193053591565,0.004927315806788624,0.006972474713583976
2023-03-20,-0.000542861057687194,-0.00014295431595645613,-0.005443478491080844,-0.0013421437932489289,0.0005754991809414634,-0.0014769567260057848,-0.004151767066562506,-0.00018831487600290409,-0.004010353833123981,-0.0006956311020389627,-0.0012847474893857846
2023-03-21,0.01548762212040522,0.013924818072793999,0.021869525348122698,0.015713580722473752,0.017370295035107564,0.01837602495443691,0.013735023488142373,0.015233748311068274,0.018145743750061172,0.0160610617591066,0.014797560345805483
2023-03-22,0.00926420901085212,0.008351308264533897,0.012886432477862808,0.009432781782023003,0.00904000327894261,0.010191365901666583,0.007709885937035699,0.00929423053359879,0.009621347812061254,0.009954874193468521,0.008874155690023589
2023-03-23,-0.004632974931387812,-0.004046636987978247,-0.004273960304023161,-0.004535408931148011,-0.0011919645863709416,-0.004114501473183707,-0.004404870677106043,-0.004038715177112739,-0.004552801294412934,-0.004871705107104329,-0.0036891653871198304
2023-03-24,0.0007681201736694778,0.0006289931674433542,0.0020801496291616706,0.0002638335985446392,0.0023281082275470747,0.001525350150688541,0.00022593472305894725,0.0011047751909898866,0.0016444551097331479,0.001289848496580088,0.0007007327004788322
2023-03-27,-0.003860634059063006,-0.0050256123696657,-0.0022526342494537666,-0.004913738652270849,-0.001880641734818722,-0.0035017668259841317,-0.0050308300798720396,-0.0036240868403600857,-0.005222782503960355,-0.0037852102553548317,-0.004702565521338742
2023-03-28,-0.007396497939180624,-0.006824244393868861,-0.00853524315998666,-0.007223046714770587,-0.009886544868355385,-0.008266132476845489,-0.007486046721507544,-0.007352097598539276,-0.007489760286550573,-0.007627224344452177,-0.006251349304350007
2023-03-29,-0.010866245270470754,-0.010904228623336176,-0.011272056645744266,-0.011158054372947035,-0.006939412205175355,-0.010538359191205271,-0.009268199852007553,-0.010823915709411214,-0.01048484775205405,-0.010673962817150717,-0.010486112329298303
2023-03-30,-0.00970955136811158,-0.008707814008609871,-0.012212339698399188,-0.00836957341975042,-0.007538025143207228,-0.010507541243603646,-0.006976773706118378,-0.009556960388719005,-0.009466145076211907,-0.00974559896336824,-0.008503963723690222
2023-03-31,0.008721940184740706,0.007869168509422986,0.009758562882528077,0.008791549887998018,0.006093816393492046,0.007542671868077111,0.008535256215562947,0.008418407452012389,0.009412938608476473,0.00839649468248016,0.007971252945910168
2023-04-03,0.005150192669087117,0.004209431479628822,0.0072458625871121285,0.0053382380587079226,0.007259749289193929,0.006701453837758775,0.004017354890684777,0.0042231049363943285,0.006033208529264922,0.00462473449243106,0.006644488748931199
2023-04-04,-0.017024917153737662,-0.01586653772654345,-0.01772768333843744,-0.016583369751048127,-0.01590419645654695,-0.016709620471381026,-0.016060129379273258,-0.017729933002861298,-0.01574704826392115,-0.0177058625129346,-0.013989468931395521
2023-04-06,-0.009235475024136464,-0.009121316235223498,-0.008005257722534576,-0.00979012089030562,0.00021962785148366137,-0.006229114796217461,-0.006484289062984594,-0.008246467944131197,-0.008046471543197375,-0.008941333945204244,-0.006691764164816427
2023-04-07,0.009214005179756901,0.009425488827809803,0.00941817236635778,0.010164861639295752,0.008589219315358054,0.008389946358434708,0.0107902757260665,0.00917759545829222,0.010663437366563278,0.00973112044045088,0.009257586586136846
2023-04-10,-0.01798996153978094,-0.01758216697358828,-0.017874043234355506,-0.01858969001383203,-0.011110696449416856,-0.015661702591907634,-0.015630877570325045,-0.018152171797856824,-0.018702497190549686,-0.018260315013586936,-0.015748512900534414
2023-04-11,-0.0009960043267667196,-0.00018169310965288066,-0.0011692005230110603,-0.00030049036360135783,-0.004860709278851294,-0.0019946090351079526,-0.0010665442708602813,-0.0015356940338350222,0.0005355700608173919,-0.0015217813471555264,0.0007689325738478026
2023-04-12,0.009023116520268992,0.009000005102790087,0.012455586337612568,0.009408321638938677,0.009617040662998955,0.010440122789985962,0.006829307275848517,0.008986522364578642,0.009575566082028475,0.008733784128730271,0.009817253667097958
2023-04-13,0.0009952711540301973,0.0009914669111044105,-0.00010512167973297792,0.0015183375043943403,-0.003117955492438318,0.0003609678907574576,0.0007613976448512805,0.0006343763895755306,0.0010745355134496037,0.0007754085848907799,0.0013572430751140896
2023-04-14,3.1884183187003146e-06,3.031242757645103e-05,0.001355652706760413,-0.00047292524411479686,0.004720687998588824,0.0019329730596981953,0.0011700815671482623,0.00013999953341925497,0.0006067054759144597,7.768798416885048e-05,0.0006080756325925751
2023-04-17,0.0024232566376953812,0.0031659167804618527,-0.0013139059233353567,0.002795668288251285,0.0025463307350477304,0.0016737304138156883,0.002892684579171023,0.001845301543832889,0.002121043911220477,0.001127225661949005,0.0036002170617912554
2023-04-18,-0.00784371765850389,-0.007056493855060464,-0.010748890772323438,-0.007790941901867576,-0.008331945993090728,-0.00860800803403694,-0.007685644582560713,-0.007568296971181998,-0.007667383308482156,-0.007937609636386234,-0.00640110369294411
2023-04-19,-0.006577034279500404,-0.00617536290183085,-0.006060256116309004,-0.006900722703383266,-0.004810819136545463,-0.006865404504090233,-0.008291434258710817,-0.006514091424114854,-0.006334480657604558,-0.006861862616380776,-0.0049337808028504515
2023-04-20,-0.007905231802545765,-0.007174182961104281,-0.010779797548719938,-0.008197737129094773,-0.009498417471676013,-0.009052435464389719,-0.009887939309456306,-0.008554436658686937,-0.0082657672206774,-0.009163027043280092,-0.005699207316142263
2023-04-21,-0.021322761298738002,-0.020904169066293665,-0.028809492559642602,-0.021386646506176388,-0.026258395469040186,-0.024212121521878016,-0.0210009463297397,-0.022194944732740862,-0.02265698338240707,-0.02227765203889165,-0.020785369337952275
2023-04-24,-0.0005884285793558091,-0.001638347165874257,0.0001983941833689451,0.00017612181706205994,-0.0044674890894873314,-0.0019003906301606238,-0.00114990723489505,-0.0009647759253819803,0.0005410442092678922,2.623156038117976e-05,-0.002039831308522946
2023-04-25,-0.018963956231931367,-0.018631679841739412,-0.02303415839859846,-0.019153705869406124,-0.02049272306984873,-0.01977470468446141,-0.02120844869778027,-0.018569851057944065,-0.019778894843175854,-0.018834882623477656,-0.018541578832499073
2023-04-26,0.020023281047717223,0.019171865610515537,0.017605978515483844,0.019047382053895223,0.018451940730386474,0.01858018811274409,0.020447836550896437,0.02031868944135984,0.01627345543768466,0.020370308387129388,0.016553038700919398
2023-04-27,0.005632077176830563,0.006275433693100574,0.00418550725102107,0.004832536966492773,0.006941474482786036,0.005261572669778447,0.00390533565643425,0.006331220971697471,0.005998912138012402,0.006181753522679134,0.006541366530988579
2023-04-28,0.02374902139310353,0.022706258585526884,0.027018064229227257,0.02431400671911188,0.01972035149910245,0.024087383750274194,0.021535669910879518,0.024212329248054942,0.024159279695042946,0.024023871016546128,0.023103344599858078
2023-05-04,0.018608033993089412,0.01950824451193167,0.016881628446617114,0.01902420806342331,0.009747600716542015,0.01751601949182735,0.015488796414382167,0.019084707121503675,0.017951906774231308,0.01839990941802161,0.01879597453389925
2023-05-05,-0.00105319898989642,-0.001594620917450773,-0.0022287735051580437,-0.0010675157285388037,-0.007469114369338836,-0.0018279164671267667,-0.0038033213557714385,-0.001540256315242572,0.0006841376292645585,-0.001452644371904177,-0.0010724942995268272
2023-05-08,0.0030906502957055437,0.0031353622305445583,0.0026587428035493854,0.0028296754408714264,0.0017461797317077643,0.0034956686599108,0.0015319775888784637,0.0023972218381103083,0.003927489133060291,0.0026149069047540774,0.003629449715600863
2023-05-09,-0.010879223771800839,-0.010572515892983692,-0.015042388463987422,-0.010766215505218835,-0.017458085789007538,-0.013070618541602297,-0.011150754888228254,-0.011447762079514479,-0.011970822969838424,-0.0122722115693078,-0.009841738284498969
2023-05-10,0.008490578924630565,0.007510456380251496,0.01023126317663925,0.008393795213378574,0.008483373986195586,0.00874574119029159,0.00837982136035742,0.008514536104541337,0.008176217818928633,0.008929972372884842,0.006880007430010604
2023-05-11,0.010069988589979812,0.009499100145939604,0.013948070616487531,0.009592007700532597,0.009068503916153743,0.0118007598618874,0.0080231707734567,0.01012259462462422,0.010926050324419064,0.010113459534846065,0.010271812621712978
2023-05-12,-0.006137206476309887,-0.005622942385150376,-0.0061821818105213255,-0.0060348835577864746,-0.0059598583836912855,-0.005041684835996207,-0.009185180114252955,-0.005931449276326384,-0.005270388637587553,-0.005930721624580304,-0.004039223493960464
2023-05-15,0.007298063418416767,0.006179357058137436,0.008699904687919702,0.006677796757049492,0.012733940695695667,0.008243925822675413,0.009536774969290507,0.007971308064352645,0.005887350625320087,0.007879586226860358,0.005194492599857936
2023-05-16,-0.004953327272165131,-0.0060896953045477265,-0.0037382628648011673,-0.00527597879054853,-0.0005753192083438607,-0.0026922126123148926,-0.0033070726301505093,-0.004462448290640464,-0.005686759999585345,-0.004299425527424017,-0.005680320380979875
2023-05-17,0.014800421792248386,0.013718630598728243,0.020123520756274882,0.013134294738201158,0.01669869075434316,0.01638622016143443,0.014532000139699575,0.01520411640068664,0.014806738975816858,0.015319815897657962,0.012678742508866803
2023-05-18,0.005017923088763254,0.004064498821711338,0.009580942392236613,0.004842589377414885,0.008494960902575954,0.006768778435591205,0.003105509013461294,0.005716997206308916,0.003996888478299043,0.006371971173623203,0.0036447684751388376
2023-05-19,-0.0005979812471921253,-0.00197818042577258,0.0003824421111515708,-0.0001680690842197352,0.003330966010019587,0.0005678036041785184,0.00022970146400957958,-0.0002888007461956388,-0.0009931145900465843,-0.00025143185915199595,-0.003035020342555317
2023-05-22,0.008060238066687875,0.007232829262697749,0.00793528142110711,0.007615236714385798,0.010723341390636243,0.009436824473276761,0.007973563770036884,0.008240014720678701,0.007127906077671442,0.008121536990338019,0.0060464772483608265
2023-05-23,-0.005790724864952801,-0.006749307850156483,-0.00414113585385234,-0.005334641457062639,-0.0038250730898793384,-0.005431571414764913,-0.003863979346911628,-0.00498976381435845,-0.006377480877868713,-0.004877576087712554,-0.006919939780578477
2023-05-24,0.0008028566419304717,-0.001118110074426304,0.007122798689310761,-0.00010460515949506366,0.00383601725446292,0.0030352631135437402,8.100089043705516e-05,0.0014421874358465647,0.0007179470249036868,0.0015542328282307505,-0.0008626233911822601
2023-05-25,-0.0004614338747501996,-0.0003266591070703571,0.0018854274546781747,0.00021672255053033977,0.0028975190929967144,0.0016623769617811477,-0.0038548647862276697,-0.0005740438097709981,0.0013246986458352468,-0.0008306180750559755,0.0009730915539930132
2023-05-26,0.0033881114313478733,0.00291348370557043,0.0026705272221341225,0.002729250715540754,0.0028505868443533533,0.0025198317857622055,0.0013561099264389753,0.0032104875052101356,0.0028029702726377614,0.0033018712598880118,0.002298316857390237
2023-05-29,-0.011086994396417804,-0.01079747518003582,-0.009444501726304733,-0.011798727602917336,-0.007781421858701565,-0.009797874413704055,-0.013007172192919803,-0.011331640847938362,-0.01009249703072912,-0.011105862990793747,-0.008507900304538851
2023-05-30,0.0021741251712383836,0.0022826316193851337,0.005218386284466137,0.0022758438483465593,0.0028692043578180115,0.0032362871513573754,0.0027457263657049147,0.002391537989111514,0.004130590234811882,0.0024447526467177294,0.003323968411192757
2023-05-31,-0.006484400609208629,-0.0065182294139083385,-0.005846223781744486,-0.006597017485964196,-0.006652734116364356,-0.0061283743071069985,-0.007586294252496906,-0.006587089128362034,-0.005305557216568779,-0.006233649059073754,-0.004465366884740085
2023-06-01,0.00037537154202738066,-0.0001563899393395296,0.0009755783912102078,0.00022937042054116397,0.00038399070108230404,3.967196090326475e-05,0.0020483383439515723,0.0005127144975336506,0.0010819395409178423,0.0010257764015371151,-3.50905628633269e-05
2023-06-02,0.011637145411712346,0.012629943835212654,0.008245338673887659,0.012239308939831162,0.007290906488691684,0.009366447548167178,0.01502422878133891,0.010937567784267355,0.010357773981208851,0.010886837295754681,0.010697107995748967
2023-06-05,0.005720229580525427,0.004718149048470011,0.00848849493356063,0.005687049722750581,0.00603362963980536,0.0068053200700850525,0.0016010517484603692,0.005213220581361755,0.005871970726276876,0.005506646518169456,0.005080266304791303
2023-06-06,-0.01858336851549225,-0.018638410269855576,-0.019107027747489624,-0.018482340256048224,-0.021739556057870035,-0.018613412249654404,-0.019973943444121733,-0.019150414855813258,-0.01754044072434291,-0.01940244370502031,-0.0163704656554845
2023-06-07,0.005779033118245014,0.005018862919785372,0.008946406888640457,0.005739461683266223,0.00427826640140494,0.006523884631321142,0.0013973148318628947,0.004979436538671944,0.006189915998962459,0.005462510287277178,0.006168545310477391
2023-06-08,0.00021234985230512656,0.00024019115343991882,-0.0017400566841275745,0.0001355724177141555,-0.006715350943505008,-0.000584770319815632,-0.0020215739213312045,-0.00034913189431591096,0.0015816936805204264,-0.0008022749831381164,0.0017269384438055163
2023-06-09,-0.0018300187456927741,-0.0023519053705713944,-0.0015789926815878985,-0.0015794310809934542,-0.0008930196070257024,-0.0014717956720483594,-0.0007227486149062878,-0.002094995359764429,-0.001297343453872002,-0.0024993820987888604,-0.0002915342879098448
2023-06-12,0.011942717934451563,0.011632874328514786,0.012377972716726138,0.011402111420557581,0.014323446062844747,0.01118597644610242,0.011808519676788976,0.01325881194281231,0.008772864498993727,0.013109545424072833,0.0077884360720310575
2023-06-13,0.004660306798910385,0.004455567826415097,0.007545814349726454,0.004595995714182344,0.006961132545997728,0.00540160972023096,0.00245728128061784,0.006361223094663027,0.0041949879203930784,0.006464716148477878,0.003330421653068738
2023-06-14,0.0019599643905940933,0.001442288851358109,-0.0028729836429282063,0.0018565913857064853,-0.00038951834586065104,-0.0002817070766024665,0.0015027024303677639,0.0022173406473273705,0.000512338331638551,0.002035935738839756,-0.0008092114856138588
2023-06-15,-0.003789403880736786,-0.0023053891266671123,-0.005209921327941958,-0.0028479477026688294,0.00013111336097160198,-0.0045937568289515784,0.0027560005566318324,-0.0038572407203536496,-0.004182679831216896,-0.004134101307074811,-0.0037198152070812007
2023-06-16,0.00246283137134351,0.0027090247824703706,0.002419213981856405,0.0024998115586856162,4.03148253962371e-05,0.0015756257002002005,0.0019906095259121237,0.0016965094868235386,0.0032782239519180134,0.0018981194040921245,0.0021104668149067862
2023-06-19,-0.00908813469513281,-0.010036885079556135,-0.002694154585407116,-0.009096497730303743,0.0009831406981100077,-0.005747380346829423,-0.008840152440252491,-0.008362225408821589,-0.008317939882407144,-0.00872805614969785,-0.007997617962803516
2023-06-20,-0.008238450222994853,-0.008446504969246482,-0.008024298900402682,-0.009309153123692626,-0.0004365896901503685,-0.007587645666927267,-0.008156307547755537,-0.007230682292633017,-0.008912088612194946,-0.007819201321241476,-0.008753429967685578
2023-06-21,-0.006680690626905905,-0.006328071483450715,-0.009184565470283346,-0.0067945927797598005,-0.008838870285200251,-0.008190059082540446,-0.007831301851832895,-0.006426984464062202,-0.007355485105508652,-0.0069690740074519475,-0.006898483333762306
2023-06-26,-0.011363623791762865,-0.011980446762781215,-0.012853268490908357,-0.011509752604226734,-0.013652462055771239,-0.011717600176742803,-0.01338029855599099,-0.01239835879718704,-0.012073521671526451,-0.011827279850812224,-0.012151313567562655
2023-06-27,0.03137883431096178,0.030701909872260735,0.03189083739574272,0.03167967339748978,0.023264429944655163,0.029952313756460347,0.030068246932397402,0.03179733979243582,0.03066684906226924,0.03194151090713282,0.02918522377176269
2023-06-28,0.004560147091595024,0.0043203775540650025,0.0031598014611335934,0.004081313346123938,0.003849504825746086,0.004978906758595025,0.0022888853212832405,0.0039650489570932645,0.003995920626520988,0.0038569070112179915,0.004495823093832119
2023-06-29,0.01130091069531547,0.009263559610190653,0.01588260228058669,0.010510191398642732,0.017541078376639874,0.015203208547387437,0.008010983210107181,0.011308174939718585,0.010758089404303783,0.011456904036750037,0.009513154357633669
2023-06-30,0.014671950167902237,0.01413696051668456,0.014177951566005431,0.014471251241524596,0.012489748891804098,0.013682751385974079,0.01725884208532924,0.015939956604517302,0.013222340439783986,0.016300904022059193,0.012503288390394829
2023-07-03,0.005775409607738258,0.006542787692047414,0.0029334995947052356,0.006546185828323781,0.00013091864895353744,0.0031908924248846837,0.008344250568738998,0.005661851122689354,0.00516696518374915,0.005690771958427376,0.005106943439154632
2023-07-04,0.006785341890794827,0.005900313699236603,0.010215357666519598,0.00663524501583046,0.014314922509465644,0.008993719074600115,0.003402253834252855,0.006955196019964305,0.005935907006233698,0.006798862082474821,0.005333556053249033
2023-07-05,-0.0021211145591950586,-0.0015668950616364308,-0.002857022369299189,-0.002006183532506811,-0.0046598667343834554,-0.0034898791275056462,-0.00014950579266126418,-0.002186482119159394,-0.002576714842479233,-0.002138987990633723,-0.0029874648137335758
2023-07-06,0.0027979204507577737,0.002319614200701814,0.0025878534639689477,0.0028213667033625267,0.0025548825222487803,0.0031851116840788674,-0.0010711260300394487,0.0022947687758232416,0.0027085372538997454,0.0021138718534019496,0.0024342708821813996
2023-07-07,0.0005254245282202419,0.00035676228444558866,-0.0019720223883850085,7.596818176480724e-05,-0.002153877834853657,-0.0005533643257853438,-0.0015336622397672528,-0.0002633157266523911,0.0001034516407492081,-0.00014054956296749577,0.00018137326870193426
2023-07-10,0.0024401079500351365,0.002606377852629213,0.001043525411666232,0.0027126049950301095,-0.00011321527674819517,0.0020241618302901106,0.0025388434158154626,0.002105539013992537,0.002397797969378882,0.0019548649974756123,0.0026378302602583408
2023-07-11,0.007305364249553525,0.007051264682717884,0.008841685544717315,0.006742940411591736,0.011047034114464394,0.008278670885537798,0.005414275727679829,0.007695249958300732,0.006838166030722181,0.007489786607537852,0.006807380782573702
2023-07-12,-0.009296122271502338,-0.009466365122726583,-0.009628627648192722,-0.009778457010948927,-0.00830532057648281,-0.00832257215142529,-0.009444563007541817,-0.009237614851305032,-0.009946793393980857,-0.009445268361993109,-0.009403033055893073
2023-07-13,0.006887816400135582,0.006711416904446876,0.00813504840492496,0.007128250366755795,0.006320336018765804,0.0073016659415756635,0.007161271162382077,0.006563807735791238,0.007445607893190376,0.006604343124670509,0.006595871192722758
2023-07-14,-0.00014778473791798863,-0.0006456293776729849,0.0022915023526381972,-0.0003552909586856945,-0.0017406188548584334,-0.0003433278154006958,-0.001054845215986644,-0.00017796597352170984,-0.0007065989763941349,-0.0004468057678261861,-0.0007038579147856661
2023-07-17,0.003460930660879935,0.002672088480347945,0.004689273269151473,0.00248326882455685,0.0026819881945265855,0.004080300837808748,0.0010395548807156096,0.003692952456224363,0.0017804721287366654,0.0034882362917376675,0.0024918905076811715
2023-07-18,0.0060909458192079935,0.005995390663203315,0.0020503404851195395,0.006127775355749376,0.004012481827572412,0.004002207120862522,0.0063957520550308455,0.006416862821211344,0.005015843937810072,0.006187322698800957,0.005607483342794151
2023-07-19,0.004235553188280061,0.0046868999843798775,0.0016327576026453627,0.00501318624975422,-0.001491462821701317,0.003180621089937663,0.00451746919627527,0.004198547869939784,0.004254039815352106,0.004271830757252015,0.004525759720278133
2023-07-20,-0.004777922841708304,-0.0037025510624029145,-0.009017682223943058,-0.0037540143367648104,-0.011058587866188518,-0.0075360948170455355,-0.0018701478499958402,-0.004913692055909302,-0.005902385592538528,-0.004943601835575073,-0.005483838578021372
2023-07-21,0.003771671981853242,0.00545303764500038,-0.0035135491833637733,0.0048064908461398215,-0.004209454783536848,0.0003018675512151958,0.00803515295681878,0.003541597066151425,0.002315736420838821,0.003684290781781563,0.0028672313550346384
2023-07-24,0.001991957791844849,0.0012852236169847622,0.006618768792844721,0.0019846960814136547,0.0027003823242446536,0.004002616068143078,-0.0009086021805116435,0.002112059268987367,0.0031532580299230973,0.002434527541955532,0.0018869199232490058
2023-07-25,0.017703376551047256,0.01759414756175448,0.019127969533519806,0.017832629101616426,0.016262478385726586,0.018480795053325005,0.016843211667233016,0.01757310220296393,0.019171416941119235,0.01779087764860221,0.018514973013644687
2023-07-26,0.007808673372250219,0.008893128341984191,0.005387886172351086,0.0070070234506034446,0.005719784346630785,0.008228392810146534,0.00840393057731248,0.00901392574901183,0.006951485539512081,0.007636489480846054,0.009191374461186896
2023-07-27,-0.0020902661324236904,-0.003196859455234624,-0.003614849041554402,-0.002910313305901635,-0.005420551769745652,-0.00421933758817683,-0.0037439790726909727,-0.001981972256736686,-0.004365977535730647,-0.001862498296707038,-0.0033585468409448316
2023-07-28,0.007689327107367694,0.00924647105428078,0.00369094069363185,0.008984009224607625,0.0042110113006319505,0.005407349372426484,0.00957778288827571,0.007645183829219748,0.0075718398724937686,0.007172504726405071,0.008287393358342054
2023-07-31,0.010433294023351802,0.011620107512569033,0.006728670769450273,0.010841425016434147,0.004517926288415852,0.0066280197565635746,0.011251079717236712,0.010844191538152526,0.009356940639738465,0.010621767516560299,0.01041240512767816
2023-08-01,-0.003799284988718954,-0.0023512379862777877,-0.00722374302686124,-0.0032128922218922495,-0.004815101738999128,-0.006051635690771606,-0.00011095662860227673,-0.0034127787627170614,-0.005081890825713087,-0.0038710939435329106,-0.0035307944664511037
2023-08-02,0.0001978974599139427,-0.00010653258846804459,0.0012724002117068256,-0.00030995810198586327,0.00045345675610253267,-0.0002889665006902131,-0.002327875324875328,0.0005410791716995433,0.0007543736146282676,0.0006764878810092689,0.00017170182784886912
2023-08-03,-0.0034079369106015944,-0.0024316231185156356,-0.0069232223236285195,-0.0017291560172923992,-0.005103060293398909,-0.005665953825219061,0.0013803378653909348,-0.002499001181290317,-0.0048834803436351715,-0.0029300211092723183,-0.00313428304051544
2023-08-04,-0.007077349768006225,-0.007705533837166545,-0.004615727804810232,-0.007009080061578965,-0.006629408750085886,-0.007033499003644805,-0.007750076106018078,-0.007936405857349116,-0.007043250516603372,-0.007795498849037852,-0.008669895774232272
2023-08-07,-0.009984816823773585,-0.009969504345295912,-0.006519688303068798,-0.01009963349320467,-0.009049364602372267,-0.009600352175569628,-0.012005050684797729,-0.009392691033405644,-0.010129255131135084,-0.009436517048098558,-0.011729376829895407
2023-08-08,0.001039221423889236,0.0006083849713260925,0.002674558790172199,0.0014996652311634051,-7.586436607764924e-05,0.0011356377597393497,0.0005845316004977619,0.0004058627361516187,0.0012650344057099083,0.0013668429662032633,-0.001128079030978224
2023-08-09,-0.009070641765616894,-0.007820387862801703,-0.010609613931491846,-0.008624705935241117,-0.007358581559318789,-0.008807161422256349,-0.0048097777055657875,-0.008151982954809678,-0.008739893501931273,-0.008965486779502152,-0.007351381443158944
2023-08-10,0.0064697076786288665,0.006423958322113954,0.006388673452012439,0.007052941392909906,0.006467155494012555,0.006990282837324946,0.0053282725891359295,0.006750880497734979,0.005670327210919313,0.007237758221343205,0.0054763409721745315
2023-08-11,-0.013172128316424558,-0.01318140064965756,-0.011515208198077831,-0.012654189179228892,-0.011277742723113549,-0.01114316036811247,-0.012955545244671685,-0.013581034380895751,-0.011690372392610504,-0.012718018615000992,-0.012301168286137809
2023-08-14,0.005679214478306882,0.005564273047410362,0.007261873865673785,0.006150895134770407,0.0014833305478738623,0.00487061170071712,0.0037058916204879555,0.00607691397185306,0.005468603491073587,0.006453482310227132,0.0034175729824259538
2023-08-15,-0.0013437618985869815,-0.0011123168405833272,-0.001404484621491342,-0.0019450288317882647,-0.002294634939090656,-0.0009042369692843222,-0.004009124396059827,-0.0015766425448749954,-0.0021019796287613524,-0.0013360679096701134,-0.0002794650423747491
2023-08-16,-0.0069493611640969455,-0.006881557084334133,-0.00679393354831237,-0.007050700060751369,-0.008696495083109657,-0.006877603379111141,-0.008659872693241533,-0.007237247880691355,-0.005924998175682816,-0.00790364667361454,-0.0033986147185679494
2023-08-17,0.0157315314829074,0.014817517719517781,0.02059280336314928,0.015251045097695703,0.017473522203692138,0.01689786024562756,0.01321644312709025,0.016466219755518763,0.01505949728463074,0.01725732414976444,0.012537199368608976
2023-08-18,-0.007538745784939738,-0.008319958753351675,-0.0052242333109795425,-0.009942199313822897,-0.0029963791902241077,-0.002777219346136617,-0.01394388276298053,-0.007916772463395061,-0.005141263166411281,-0.008495672938170995,-0.0062143021451549485
2023-08-21,-0.00181367551023723,-0.0024685880126451396,0.0014541410843402435,-0.0029146467999262675,-0.005410986770208435,0.00046101437274717225,-0.009130906800411887,-0.0038597140711906525,-0.00029865296346796573,-0.003607683524980626,-0.00034864861126308736
2023-08-22,-0.008879519973963523,-0.008848357744564495,-0.005251193058290249,-0.007581961446696428,-0.00816799363335352,-0.009032955641871232,-0.002469576934263751,-0.009093769244425065,-0.0075874161214603,-0.008735154936655332,-0.008359197607396784
2023-08-23,-0.010893679874834805,-0.010758797747696836,-0.00801213381461241,-0.010626026622751916,-0.013150527128430123,-0.008565364836064071,-0.015153654172220032,-0.010946397533116436,-0.00846170769559762,-0.011176556479224775,-0.009863407282794667
2023-08-24,-0.005074751281764378,-0.0042679100973948,-0.007334494053856222,-0.005510259380690941,-0.005014297601498852,-0.006374177829099104,-0.0008927170574020149,-0.0037486849117304155,-0.0055551742614805555,-0.0044673799944279224,-0.006164784543800095
2023-08-25,-0.012666435238228413,-0.01261465669937234,-0.017623913114929834,-0.01342462698500424,-0.015498952705332858,-0.014437046973323486,-0.01912953060501965,-0.013625352780460842,-0.01293303332010376,-0.014129569714947832,-0.011383422751262473
2023-08-28,0.016891392811402506,0.017267516055487375,0.013524547317334212,0.01676445613349098,0.008916915982638107,0.015802730294341094,0.010695797367745064,0.015619242698182934,0.01989441796423752,0.014946654816395455,0.021305494451017593
2023-08-29,0.03365596847017449,0.03214975501034201,0.04722720909861855,0.03384040721360626,0.04666826934890156,0.03983611148930111,0.03748023413061374,0.03598135083488363,0.032179015409999234,0.03719211883830287,0.028366503612907934
2023-08-30,0.006580195829259061,0.005311767121134681,0.010157554011715142,0.00589983391618909,0.016352469700791072,0.006659689284578496,0.012255753362207855,0.008640733557938818,1.5148646615337213e-05,0.009326640420029175,-0.0015224655063401649
2023-08-31,-0.00378558444724153,-0.0045671858553339995,-0.004961808460018369,-0.004912239864192314,-0.0003969434505173286,-0.003622548364458633,-0.004057074749583833,-0.0034641308262858272,-0.00846255147297481,-0.003556669011157809,-0.008107752910218924
2023-09-01,0.002531893829233578,0.003000573700042475,-0.0003878151086271764,0.0026451521784280896,-0.0020028447413728,0.0016787612473403435,-0.00039996832299626917,0.0020912975058360317,0.003067512862173105,0.0020928382374831855,0.002835420029171587
2023-09-04,0.0182144774890715,0.018143240937789618,0.015327096126649573,0.018969466432037053,0.008165703820666554,0.014927514089964247,0.01930790552324019,0.01748939532275505,0.017608110451736617,0.017563034056312557,0.016882288404525547
2023-09-05,-0.0032585483619959055,-0.003163624699126566,-0.004722337603058513,-0.004078970054421149,-0.0010451155370176934,-0.0031408680697654345,0.0005037107734435775,-0.0017757872500375749,-0.007090361680622825,-0.002465480967246414,-0.006065679292798554
2023-09-06,0.006854118809695997,0.007312547122328317,0.006339936541386759,0.0061064256131193595,0.009459092127712898,0.005989968807287527,0.008608663000308159,0.007935339133269714,0.003803964471286614,0.007247776087434543,0.00479703628792616
2023-09-07,-0.015611297808219793,-0.015681869632774736,-0.013566732182223817,-0.015911039711913988,-0.01591496419134142,-0.015323977400544697,-0.01947306096132484,-0.015862050864101085,-0.01573830782069463,-0.015618055761792982,-0.015519502945020913
2023-09-08,-0.0007371088797717418,-1.41575549903461e-05,6.313739308083655e-05,-0.0005171465767337402,0.004704317987289874,0.0003670266235342723,0.0015786438301890193,-0.0005750566178653882,-0.0012956354587045915,-0.0004938871518840315,-0.00042840544692623883
2023-09-11,0.006610006294205384,0.007037441328901606,0.0036059867623490227,0.006999679583855167,0.0060886144238181394,0.0048290447411707405,0.011735298967641583,0.006419340955881703,0.005956728290451796,0.006187811014743749,0.006200747317385735
2023-09-12,-0.0003649567914932872,0.00015848601149204278,-0.005136464411124031,3.931382389010807e-05,-0.003389574809159357,-0.004028163738422297,0.003114052443483173,-0.0008845381092378313,-0.0015926826771764935,-0.001909888392795156,-0.0016119964468312986
2023-09-13,-0.008465122460676544,-0.008010426309123408,-0.008344773742818168,-0.008235905298079715,-0.00927111807594827,-0.006597169466796782,-0.013816998296449112,-0.009004243748521601,-0.00662440836949485,-0.009344445366768594,-0.004176252130628222
2023-09-14,-0.007163226575345183,-0.006035919061679773,-0.00959322966604903,-0.007671553657455088,-0.0070615502382510575,-0.0075578817139208,-0.008851143534544192,-0.006932977865034329,-0.00799736268768736,-0.007695714546789412,-0.005960908267821585
2023-09-15,0.002159563546535237,0.003263478228471506,-0.0002950815575645249,0.0025925933008110746,0.0014368586759070379,0.0016709847545097745,0.0016091798026591775,0.0021855135747221865,0.003346848555662474,0.0014184538076760234,0.004658867647414633
2023-09-18,0.015530804334526305,0.0138910343407875,0.020052638322010763,0.015672736279912898,0.013728973608497704,0.01834531620147609,0.011693987690218356,0.016110325490943742,0.015690612701333977,0.016725179686583092,0.012001874409324507
2023-09-19,-0.01093462325343042,-0.009990355221421554,-0.012108380619243575,-0.011052754970697465,-0.012210069167919224,-0.01138073314279786,-0.011759473576080204,-0.01201431969637079,-0.010116538838501832,-0.011471904668780564,-0.007614664783677894
2023-09-20,-0.003923100671868074,-0.004268066259277559,-0.004866735744391337,-0.004174921970251488,-0.005971867791367158,-0.004571741355458792,-0.0076180397769787245,-0.0041555667152634035,-0.004514679898569796,-0.004343683492685768,-0.005377446994431878
2023-09-21,-0.006684626082000378,-0.007164493110342174,-0.006330674973389461,-0.00685862814743643,-0.008038123508072759,-0.00673181444477533,-0.009555064294513249,-0.007351582990459349,-0.00707084369442601,-0.006866414449656522,-0.007539623833828224
2023-09-22,0.014505080735349951,0.013809476705079371,0.01966745302456796,0.014634970425526417,0.018505011011995087,0.01653330763810379,0.01928502634534368,0.0159056143100198,0.014431119112344293,0.015408739281873807,0.012293521183878386
2023-09-25,-0.004778282365901609,-0.005219846055213084,-0.002803721073844301,-0.005284522869029362,-0.0016075101021862936,-0.003063306564492385,-0.005740209281849262,-0.004445751098903106,-0.0041682155808066,-0.004168971570952751,-0.004806505760038382
2023-09-26,-0.003051837445749217,-0.004534498720059732,-0.0024761048234865912,-0.004037853535427294,-0.004207066262482462,-0.0031937531007809605,-0.0044450635984715214,-0.003953986141095878,-0.0027524808167112003,-0.0035077780458617758,-0.00555306313884385
2023-09-27,0.005557886145281632,0.0055967342047904545,0.003458002604264987,0.0052463152854380635,0.00514578674314059,0.004512044896777256,0.007450869317191744,0.006204685886989747,0.004949672341367561,0.005982339917194102,0.0037268753114099162
2023-09-28,0.01089347093842541,0.010358742121994835,0.013321271574859628,0.010700596481499458,0.009334345105897146,0.011222616357021487,0.008425903207828878,0.010884058253985529,0.010349773067852341,0.010423715388894195,0.010343256408657409
2023-10-09,-0.014925818237826793,-0.014771011181540894,-0.010448926874922604,-0.014040401893752219,-0.011363937994765538,-0.013514213999959668,-0.009435887270805798,-0.015167165397363958,-0.013596783553956104,-0.014586743416945103,-0.013061072908220228
2023-10-10,-0.004470197487053563,-0.004981549819916227,-0.003267274162614086,-0.0042696307574343504,-0.004983526185800356,-0.005283145179821637,-0.004964180467233064,-0.004723026601643093,-0.003942184475023363,-0.004601088716970278,-0.005611328221546966
2023-10-11,-0.0010498326253667312,-0.00162409976385125,-0.0011648621452545749,-0.002027501098422313,0.004008554583240009,-0.00032550976275569354,0.0007406480648028957,-0.00046795157493728645,-0.002692920594885795,-0.0009513392927898989,-0.00043514991421111926
2023-10-12,0.0070811193262769745,0.007745360602753104,0.0024173335304340515,0.007177863042720389,0.0036649626240696787,0.004530830281122222,0.011117686843754582,0.007051895922896678,0.0055882667548714515,0.006233691703836364,0.0062168716034309845
2023-10-13,-0.011182586078221979,-0.011286286829088499,-0.013602175842751474,-0.01187735669316714,-0.009338203565807723,-0.01196698240204197,-0.011331855183531858,-0.011401084191636768,-0.011289425361467154,-0.012311432329030092,-0.00962821366067279
2023-10-16,0.0023244990532278464,0.0013009620930959365,0.0016138104019001176,0.0026776741500429413,-0.006579971353810055,0.0007454829878510427,-0.005717132494323374,0.0006703346718497372,0.002529022522034463,0.0018477161346104332,0.0023099043909369232
2023-10-17,0.0007574015039848447,0.0005065207256669257,0.0009084087220714299,-8.32881119604556e-05,-0.0004989063875826538,0.0013307370936168628,-0.00196341878663131,0.0002610589799483254,-0.00021574486860076458,0.0008688270023700095,-0.0005233268369764232
2023-10-18,-0.01655248108919105,-0.01727217057017494,-0.01765878999640591,-0.01723810468459852,-0.019292249506772663,-0.0176265458486341,-0.02009538028836555,-0.01746359384974061,-0.018376702422490565,-0.0175244086066626,-0.01847941182158308
2023-10-19,-0.004671463990280622,-0.0048838898034804235,-0.004679388848225163,-0.004728100412845659,-0.004506288682457726,-0.0038225092654976534,-0.00661306200112588,-0.004556056063808711,-0.004324861964886018,-0.004456534200092066,-0.004683143464192963
2023-10-20,-0.004319521032498996,-0.0036316122309739685,-0.004578779007502032,-0.0035666283340854976,-0.009656563297045007,-0.005703085423337528,-0.001003133839348358,-0.004842194029929692,-0.0035015267042086684,-0.004894334179353699,-0.0039036327322033992
2023-10-23,-0.02345072962288519,-0.024801477175965703,-0.02321127414061319,-0.02305997378002944,-0.025139889000861837,-0.025060211209071093,-0.02664154864510937,-0.02500424419405911,-0.02340789546503974,-0.02462288587877326,-0.024557865995316508
2023-10-24,0.0374219201474604,0.03537861993522172,0.04375271636232141,0.03667580113802307,0.03511330196105966,0.04000500119973534,0.03008780402707945,0.03791181643919711,0.036771863223995956,0.03871404925668316,0.03357960754995199
2023-10-25,0.020275232482891425,0.01954201282751722,0.020745040669307935,0.02088237369662216,0.014168473967057782,0.019363548794267382,0.019730147555981903,0.019998046213523413,0.020998232154617602,0.020142092419042745,0.018346675374026677
2023-10-26,-0.0015288711694869672,-0.0009783841414151562,-0.001601727737924552,-0.00192848811297619,0.0013283915899848786,-0.0001611976254375369,-0.0018212709193548005,-0.001919659099092752,-0.001573870755235851,-0.0024868474418560105,0.0004639098195344804
2023-10-27,0.015385822175644215,0.016348276932125705,0.011058899582943704,0.015430227307850375,0.01810861290152066,0.016372414865488016,0.018610604178338264,0.01636998038127535,0.015185937514611947,0.015681979095738985,0.017100129864695557
2023-10-30,0.008950108329203621,0.008818298373344469,0.010594728129145414,0.009162575436792997,0.013807061191076775,0.008571393390410575,0.010458022441492965,0.009642887862917338,0.008726803848286835,0.008930225031497985,0.007812972131257645
2023-10-31,0.0019162995351291734,0.0014601756154701828,0.0012568959149401593,0.00205623408405442,-0.0017285350544059552,0.0007646289477194479,9.557971750551175e-05,0.00190938294242593,0.0008223816106796011,0.0026662376042074776,0.00020528656834373216
2023-11-01,0.008801976556591207,0.008427154856898822,0.012264377723076203,0.008105389769925031,0.007059037762766618,0.008404270957885096,0.007468357937379988,0.009184812615006921,0.006776598381884158,0.00901932380714987,0.007712764694906671
2023-11-02,-0.006133322873620783,-0.006548005820640634,-0.006078728327059024,-0.0068034458708116086,-0.010357583051417651,-0.007584986946356009,-0.0080152128698604,-0.006998356477686318,-0.006662887905036885,-0.006575016076940776,-0.0068121221203885085
2023-11-03,0.005670745739101424,0.005005882023943142,0.00747379431974049,0.003988327390590074,0.013136333658160693,0.008128310747055778,0.005953871087550189,0.0057722450454333885,0.003896665881739203,0.005245891814264381,0.005188645927365121
2023-11-06,0.012749275130401916,0.012264227029759267,0.014780517172052532,0.013146403692566366,0.019191399349683946,0.013760580161294556,0.016449991622293103,0.013116356663536166,0.014437175867633378,0.012478478197749165,0.013523658218605794
2023-11-07,0.0031908866944894984,0.001828497550940319,0.007119480640714807,0.0023434673471507328,0.004984063491262141,0.004475506957769747,-0.0002930481635262561,0.0028924736635871726,0.0035009902328426573,0.003006932154387267,0.002518635148874825
2023-11-08,0.0018097448950515904,0.001783774003727201,0.0015177091496494377,0.001928017162716733,0.00021168653944259042,0.00043811524500503296,0.0031078972897331525,0.0016371895934450542,0.002000492322926206,0.002176668722216446,4.5686162217117854e-05
2023-11-09,-0.0034144048658073523,-0.0034637539932580452,-0.003187826426449436,-0.0034328704521342512,-0.003921752122623801,-0.003444818135940886,-0.0027725766828470277,-0.0030384861299441734,-0.0038066980500514047,-0.003075410675848489,-0.003345084392785247
2023-11-10,0.0016649321590371802,0.0008702463867573673,0.0015286477369855778,0.001189840064765857,0.0011442323119399411,0.002323071846849878,-0.0013868078882236512,0.001549374925797986,0.0024526825518407236,0.0013728756262418873,0.0018820557439118701
2023-11-13,0.01194927621235542,0.011589575729850532,0.015028649967478103,0.011463139398576905,0.01214261220067625,0.013030197150663447,0.01086643678881094,0.011811365864608847,0.012466410004676964,0.011722309754169435,0.01195829225416789
2023-11-14,1.1412089247819779e-05,7.760937792755662e-05,-0.0014623977614172112,-0.0010138171625109216,0.003271548114492262,-0.0014421632795379447,0.0034813917971232566,0.00032718493825711903,-0.0014177986230312634,-0.00019320299324732115,-0.0016537660393751707
2023-11-15,0.0036958071548403026,0.0037487542181684486,0.005688783596609737,0.00355088992523922,0.007575743109003108,0.0037818097114983296,0.006840459301165502,0.0043065332618728025,0.0042924251724212326,0.003743977421290401,0.0042797643508407646
2023-11-16,-0.004121330421188452,-0.0042802767315326395,-0.002738019232818245,-0.003332824911944421,-0.007239663341644276,-0.004915865714698597,-0.007481062177419617,-0.0046101122179854626,-0.0032795556011208093,-0.003948218663423431,-0.004819080675082521
2023-11-17,0.008077635806017058,0.007870426237684525,0.009134915172104963,0.007335787578866659,0.010649878287512626,0.008116899716059667,0.0069921469187332885,0.008365658540771426,0.0067588825658200236,0.008553956715777744,0.00687779659526222
2023-11-20,0.00964689760100046,0.008657819901237707,0.01348188577723941,0.010124270526459034,0.011495082277821478,0.011069679545085753,0.010910007060747295,0.010332168052795465,0.011004893352491996,0.010455273659791597,0.008863547031886743
2023-11-21,-0.0016475124158421668,-0.0007374641777399021,-0.004232964423387964,0.0002058103200914791,-0.007298616574957026,-0.003263391551853591,-0.002129204051868387,-0.0028059953152663533,0.0009009719640579541,-0.0018631827034410946,-0.00046809604845128995
2023-11-22,-0.0027884859502262938,-0.0036617898048048048,-0.0050067452029911585,-0.0028470530455591003,-0.009122582368712107,-0.004780909000139055,-0.0053272075276714626,-0.004107196992736539,-0.0038315768309518106,-0.0027999839251880987,-0.003906866842711465
2023-11-23,0.009062493218906731,0.009458774372451906,0.008317054255660539,0.008204301560318816,0.009791367512275828,0.009235714810170714,0.007605649626007294,0.009289087374748872,0.00961414579947717,0.008662962913795758,0.009575888000519894
2023-11-24,-0.007407178361110156,-0.0063008123494057156,-0.011284817684723447,-0.007375816816301728,-0.012581315326922748,-0.010004629569525303,-0.00812531742289635,-0.008148257803277548,-0.008218244989379286,-0.007953516799572125,-0.006606359983932886
2023-11-27,-0.0035134345823748525,-0.004152642967475084,0.0005222781867098014,-0.0037552953620033636,0.0013108778676371724,-0.001931347426984198,-0.005028097929622444,-0.0027215657036909757,-0.004537327448213557,-0.0032148696316397496,-0.0040670761243848386
2023-11-28,0.011155650607705292,0.010347234102501046,0.013772276018540364,0.010800950428467626,0.013359452842625963,0.013298162183109419,0.009601846850853857,0.011536905331878566,0.010065832136167074,0.011928294171814624,0.010160521466417771
2023-11-29,-0.005282292206418848,-0.006127593903285655,-0.003913302589491852,-0.0061436473365181765,-0.002907586411334151,-0.005201615617508759,-0.006403607888779805,-0.00486991103497636,-0.007666919500875502,-0.005040690477056908,-0.006891505234835615
2023-11-30,-0.003781007782856727,-0.003706409408326339,-0.004328406908660654,-0.003199186782792296,-0.008223752348124225,-0.005204273865799247,-0.004085222376148057,-0.004721769697706102,-0.0031363561757552505,-0.003973248339358637,-0.003216675624865495
2023-12-01,0.004489985258943063,0.005143279302689985,0.0034356112354290147,0.005531737340719323,0.0007385806287745211,0.003413655149373529,0.0041529731469300835,0.003918662224642766,0.005520886297902594,0.004163946133529883,0.005733609605009793
2023-12-04,0.004270511394557586,0.0034076531153020007,0.007848998492180126,0.0037658698203058005,0.0013084899445812148,0.004324445213104822,0.0009999841164138878,0.004462786698639976,0.003537469101344115,0.005521961507227502,0.0028690631614434192
2023-12-05,-0.01375335151610636,-0.013935526942830316,-0.01242481263860578,-0.014190727457552246,-0.015978691692900598,-0.013628452701489113,-0.01733962767863665,-0.013951571685824867,-0.013473578369386773,-0.013808656601738356,-0.013478733414695012
2023-12-06,0.011057488977004981,0.00973394181941889,0.009634554178692634,0.01094211529098521,0.007407958426971506,0.010082531381977233,0.008296817559748426,0.010371402121760687,0.010149831270141352,0.011381097505331894,0.008867199236661572
2023-12-07,-0.00487185498456344,-0.004297146859835399,-0.0057826953213721,-0.004934090740313257,-0.0060387221785674905,-0.006119323062115156,-0.005408181339017881,-0.005059780456819207,-0.005419836921475851,-0.005405289792890122,-0.0042597285384325945
2023-12-08,-0.024608776607907168,-0.023079013279242333,-0.027325046407445153,-0.024194758632295588,-0.018385079588157605,-0.025051293185423318,-0.018500860224116233,-0.02411436531455524,-0.023706285449804243,-0.025586681812745704,-0.02140445578960215
2023-12-11,0.006884197691111149,0.006902153961394708,0.010584854353418827,0.00733819364959043,0.009702419067327606,0.008060707276856593,0.005570589019725292,0.007428491853650909,0.008018861367574681,0.007033324488985082,0.008157868483230413
2023-12-12,0.00984284126863133,0.009565350068112766,0.010565509800079198,0.011074562547487954,0.0025101626498920115,0.007645624289274622,0.005896411936183288,0.008991721467414004,0.010840300411997017,0.010208885767925668,0.0087761935037447
2023-12-13,-0.0014744214769671915,-0.0016607046736215603,5.3941198514539934e-05,-0.0010458237415270633,-0.0017426882309656833,-0.0013684388848360651,-0.005204682661415938,-0.0015624749514828729,-0.0018918442322565232,-0.0011110109657016531,-0.002639545803824528
2023-12-14,0.004552709172495728,0.005426622353318589,0.003258351638157908,0.0051364971865413,-6.382717126562909e-05,0.003439808000688771,0.004464571150589514,0.004838752249981537,0.004241904824763498,0.004763697477028206,0.004426680037811881
2023-12-15,0.0019097046055214228,0.0016232382726806271,0.001902874907505625,0.002679222583531704,-0.0017622286738813164,0.001477892183474605,0.00047356408024112895,0.001943098015940059,0.0013836264915092489,0.002279765626620467,0.001484803085941122
2023-12-18,-0.013727172576604385,-0.014494514715450824,-0.010658983015858103,-0.01544804828687385,-0.009936806594465941,-0.01220245570085976,-0.016045196277855944,-0.01274790256973457,-0.014105105244429206,-0.013620206501949728,-0.013207078210819234
2023-12-19,0.0017585059038814084,0.0009508113945221305,0.003636894165113606,0.0013158798543021482,0.006632608424718977,0.00393408850180242,0.00018040771435425657,0.0023688664418853858,-0.0002556601911926011,0.0021866003797647,-0.0009509275126090134
2023-12-20,-0.004230929362662006,-0.003993429417942451,-0.000967249787099389,-0.004836910900720359,-0.0009456438047268367,-0.001214557283436668,-0.006538981858500104,-0.0036055491839311893,-0.0047366008840371565,-0.003750166129616872,-0.005431781133745206
2023-12-21,0.01186963186680079,0.011212191470500121,0.007460507755275625,0.011395824552112854,0.008187132553955756,0.008716996842342173,0.010927505524976455,0.011498463181938368,0.009034598658949289,0.011047360687412855,0.010069383282559352
2023-12-22,-0.014793622167641352,-0.012798047303637428,-0.020112818359713236,-0.01424338338604414,-0.01453727932031501,-0.016759226887654077,-0.008289935919905567,-0.01345721664402999,-0.01619470496068598,-0.014381357499053449,-0.013498065093886735
2023-12-25,-0.010268436783307577,-0.010185425626243805,-0.012781053445271695,-0.010174862604909518,-0.0067538833406041165,-0.011700851478247176,-0.008645104092101952,-0.010110684282386262,-0.011192645330351692,-0.010925965087019818,-0.00941561067068275
2023-12-26,-0.006565561295306721,-0.006205215008632026,-0.012232852362826563,-0.005797665926586593,-0.012577812531760602,-0.00934651118676555,-0.007576570534722271,-0.006846900722322968,-0.008298188161882769,-0.0070006345734709985,-0.00799976545255665
2023-12-27,0.005976812949426424,0.0053522779217347605,0.008227549690166702,0.005311883139011098,0.006146845854610339,0.006241013011659913,0.004622014773472127,0.006353645734608282,0.0060068078078279186,0.006247883806268506,0.005484128163348645
2023-12-28,0.022537968136828734,0.022704575033144048,0.01880484763529955,0.022833510214340214,0.02274393779975825,0.02188751029521585,0.031719362017712305,0.024015702424796448,0.019972130099872087,0.023561168079900607,0.019252333335559202
2023-12-29,0.014225057320267132,0.012718028381749402,0.018833927542381668,0.013317114494981075,0.018611052823659824,0.01490683971925022,0.012724468530620925,0.015607444810281201,0.012423375947129278,0.015657356895876884,0.011108732584123704
2024-01-02,0.016005677564134402,0.014530231911412672,0.016048708341496187,0.015556091570253505,0.009564674770338844,0.015938985978448228,0.007994331666397514,0.014878790836357014,0.01553356350026669,0.015584488280641295,0.013582128133239335
2024-01-03,-0.0005225740368055489,0.0005074313059605449,-0.004394796591041586,-7.549131463915827e-05,-0.0061296253381727716,-0.0027637744489637517,-0.0010120776689023115,-0.0013521474786692127,-0.0008383221942953528,-0.0007470517280999494,-9.36633134362519e-05
2024-01-04,0.0019385750155533898,0.0013958785667200768,0.003686342161435041,0.0017016573508918942,0.0002199964865805537,0.0015847643381052823,-0.0018197788141319782,0.001987516040608206,0.0019741671010911066,0.0016548657426969093,0.0008449168220117098
2024-01-05,-0.013670364777965127,-0.012941033051587003,-0.015965505552986592,-0.013583364899797834,-0.01584813316004563,-0.014393755723417057,-0.013700214922582887,-0.013553919988083862,-0.013762601979528277,-0.01320177044173032,-0.013221819552509562
2024-01-08,-0.01533198827879867,-0.015882295015515524,-0.014597323168599297,-0.015306943709594512,-0.019164880381085547,-0.01589617357951678,-0.019046294187525126,-0.016025238453492352,-0.015068951560334387,-0.015922087977024102,-0.016293783571903142
2024-01-09,0.01124912367073505,0.010181595585260217,0.013346355669921595,0.011013878417317047,0.010078920431844551,0.011864793820903552,0.006843858870480446,0.010921068416362312,0.011558640558826827,0.011114185851255343,0.009974261072919433
2024-01-10,-0.004520345901466438,-0.003127422615550657,-0.012007830214545434,-0.004109217827861222,-0.008590291774530301,-0.007043652349649432,-0.0037647688150238556,-0.005492348529122504,-0.005542570109119183,-0.006535370638827032,-0.004035202128396587
2024-01-11,0.011030307760442115,0.0107692835889448,0.013142271517625703,0.010826629482818317,0.014635924895735286,0.010732539601622682,0.014191658801962381,0.011748981951558157,0.011028615124782482,0.011951236696825518,0.010062936667936562
2024-01-12,-0.0037850509030887824,-0.002104197745119385,-0.00886227593792388,-0.0034131310924295777,-0.005128712420249593,-0.003870050726467178,-0.00026710977012756043,-0.0025573429648693136,-0.004283393016519144,-0.0035422041938091287,-0.0011344992342601223
2024-01-15,0.000891216276516893,0.0012436228603476263,-0.00017520345477339827,0.000533908585929721,-0.001061486971469905,-0.0004455196444723697,-0.002772503174634955,0.0010267723597301437,0.001067964853200376,0.0008799454726742262,0.0007813988255100934
2024-01-16,-0.006225604043669897,-0.005892359872070374,-0.006232611780591424,-0.006525670347048207,-0.003309642884481767,-0.006086018231370782,-0.005362706263814299,-0.005398303326294984,-0.007002942193900186,-0.005730770168699495,-0.005383288326277547
2024-01-17,-0.023497132534647632,-0.023330026678967716,-0.02143096518973108,-0.02335660841011989,-0.022234786298464038,-0.022573323194750253,-0.02698587945317794,-0.02342179260757527,-0.021455021667368977,-0.023645462473072854,-0.0229011099055916
2024-01-18,-0.01648428708178762,-0.016585281490003823,-0.01883827744742017,-0.01609007457354894,-0.014085231510159169,-0.01768731698016124,-0.011289016503944871,-0.016257553974383665,-0.016105392841964217,-0.016055671016250384,-0.0166465115913752
2024-01-19,-0.011415396870031236,-0.009980200324764654,-0.014992091038642186,-0.011148698154564873,-0.013774815837273136,-0.014095914422262656,-0.011953763002742201,-0.011245843238186781,-0.012194851390596617,-0.012510566945545865,-0.010495528681348176
2024-01-22,-0.06563959476594539,-0.0633239223630706,-0.06692722128110595,-0.06543614641034878,-0.06411189107898974,-0.06546410017202864,-0.06420571384808005,-0.06511310054786346,-0.0627707234823146,-0.06636531106146215,-0.06164027952952433
2024-01-23,-0.015011492348588895,-0.01093420317286764,-0.01852139289941035,-0.014326910220383238,-0.012324654018602166,-0.017670913079644635,-0.0017066762576535277,-0.014032625131464083,-0.012895556818222409,-0.016147906358630837,-0.00869772828627613
2024-01-24,0.016643661709987656,0.0172648683019061,0.01898830644437366,0.01800904334145903,0.007894850799537778,0.014419702827021874,0.01334988664122716,0.015915021321967426,0.019977769423909386,0.01638010644881205,0.018462537114150246
2024-01-25,0.04696977643848599,0.04616851880532424,0.050199526258302374,0.04672027110213506,0.04431589816057935,0.04963729147856322,0.04372969205796484,0.04725591986583999,0.045859673460878714,0.047710636781189475,0.04421047047286564
2024-01-26,0.004786593407051232,0.005095674157990171,0.006361964361490502,0.006261271662458601,-0.00417547059156298,0.0035651778106924326,0.00034095311931525707,0.002811767957736855,0.008519967784450078,0.004517238380297384,0.005158416654462927
2024-01-29,-0.038717391359443964,-0.03588107791718653,-0.044870983268332054,-0.03920863077558634,-0.03791829307218764,-0.03995181793294389,-0.03487289791995307,-0.038922210478049446,-0.03690820746303458,-0.04076380095323162,-0.03177327979275624
2024-01-30,-0.03735370479069544,-0.03524322619150766,-0.04145040077503015,-0.03813029772596155,-0.03620432499710513,-0.038677638083904786,-0.034702503993709555,-0.037115283946820066,-0.03731699717121717,-0.0382752014737634,-0.0353768267840191
2024-01-31,-0.06254815915550169,-0.06028137640034687,-0.06627343186826334,-0.06277981108388601,-0.059006554679813195,-0.06245664971591271,-0.06237706911925447,-0.06281632061688865,-0.06096037379075085,-0.06414089964775745,-0.05520213926875241
2024-02-01,-0.0247274635097805,-0.02464240269318918,-0.025524915484780086,-0.025127015778229622,-0.019827828457311347,-0.02419220393179411,-0.01852284640027968,-0.023201614148792293,-0.02590797988603688,-0.024500506546947354,-0.024636840775160596
2024-02-02,-0.057280548888353544,-0.05559998775999142,-0.06042479292791947,-0.05708076249071192,-0.053879406189042967,-0.05837908312465734,-0.058149135250076256,-0.05871970957410766,-0.05321383646921041,-0.059754262116851864,-0.050549428753629
2024-02-05,-0.1147580145303454,-0.1102286972557528,-0.1337836980826076,-0.11504149238826145,-0.11366618074201795,-0.1224020175397138,-0.11266650062693329,-0.11620929611942754,-0.11261693708323428,-0.11953870337192518,-0.10203516822044201
2024-02-06,-0.015123045510664568,-0.007573652625322502,-0.039747827305639416,-0.017824784042708708,0.0028602733121037005,-0.015985236549579174,0.00911688729614668,-0.013388407512512135,-0.0184498535925115,-0.018431662264200233,0.0022058601156911273
2024-02-07,-0.056236097751772296,-0.04861386543430146,-0.08505738065827673,-0.05844863183367244,-0.05182483781005709,-0.06325462263511661,-0.037206192754977496,-0.05635099339397842,-0.06027377289329883,-0.06129813349787605,-0.03675580565762293
2024-02-08,0.10228125224215834,0.10054680995414778,0.1052317783929626,0.09994086635481159,0.11091130268984473,0.10921790851829538,0.10632328573601746,0.10700769308009628,0.09669509537347665,0.10604087319264699,0.09139451495148965
2024-02-19,0.046110702905704626,0.04311439220842894,0.059461022783145134,0.047734994125720576,0.040247065908653346,0.04652935667177882,0.04215143212024586,0.04677219262197396,0.046330777178388294,0.049049045040109096,0.03363985543872672
2024-02-20,0.01645814983467697,0.013999754224208294,0.020816747863935614,0.016831288526682142,0.012044920021898609,0.015127567492066563,0.013216709223077494,0.01639007088651745,0.01582306521764143,0.017597931589805382,0.010905471924310683
2024-02-21,0.0297111945509263,0.027342546456548655,0.03919024922488079,0.030473303580619948,0.025108329248660466,0.03155711035689479,0.026698415757653526,0.029651818649916395,0.029234677895335848,0.030401688219120704,0.023391971010435775
2024-02-22,0.03213231422847534,0.029503062174491033,0.04240725154599954,0.03327340629442842,0.027205606790444876,0.03263803593954744,0.03384072794635484,0.031854082500204196,0.0326058071742649,0.034175476676517456,0.025621423148879184
2024-02-23,0.04524125870278595,0.0428428450858469,0.04958925720790064,0.045657194275717794,0.04119434952436074,0.04407678431427309,0.047747004586995656,0.04498505557223931,0.04208852106402916,0.047261885974637874,0.03732246680103146
2024-02-26,0.029349304684720634,0.029116009510460783,0.03204294820476217,0.02768130402356528,0.031069940435294763,0.031379497588491345,0.02875704350881847,0.03000292746305644,0.02732854413252106,0.030274400219709507,0.02699969441999661
2024-02-27,0.03021083910822986,0.029089832375320812,0.03476553869071575,0.03149088244342635,0.0296030995864216,0.03154629895446126,0.03232777238453011,0.030326425511755684,0.03182695250700873,0.030400991161493307,0.030367065832146656
2024-02-28,-0.09493915577157419,-0.09241216070596736,-0.10074963635638401,-0.09301491497952596,-0.09152807374304117,-0.09863229605090718,-0.09394052033746092,-0.09487179982507443,-0.09325977646608519,-0.09752378208550172,-0.08818277242169414
2024-02-29,0.0382871738839059,0.03789078571331972,0.043288360675637794,0.03836846404334171,0.03994112770671876,0.04007847826017641,0.03955311669036754,0.038020994253773255,0.039036169817677324,0.038859447075294984,0.036183357087930856
2024-03-01,0.01100093907616162,0.010098662503337907,0.012793335137473383,0.010578545638417092,0.01171589620192992,0.010135427434164956,0.015164909651374625,0.012712729214419571,0.010092451598906926,0.013327710952150795,0.007624860794483546
2024-03-04,-0.006020965265712719,-0.006285180034028115,-0.006245073559273839,-0.006399638645818051,-0.003626621807608088,-0.006295077386234915,-0.0037495100004183435,-0.006254058212994851,-0.005575399368878076,-0.006028066014892031,-0.006079547354579717
2024-03-05,-0.02754654147962743,-0.02793378396432289,-0.03006527247072177,-0.02793238559204836,-0.024719913451097475,-0.027834881847215942,-0.026942656928316544,-0.028216564070696393,-0.027216789321001245,-0.028123559976423573,-0.026210275604430455
2024-03-06,0.018192055781947714,0.017115723872615618,0.023486252726988344,0.01827187285644083,0.018729679940143074,0.020726087411145677,0.01643298671624427,0.018331158423642746,0.018191189418558906,0.018737621873146537,0.01618873841773194
2024-03-07,0.003064126319291604,0.0009727706131918847,0.004514656810887312,0.002780512767386671,-0.0011517631588100553,0.00261354736283939,-0.002252515053746585,0.002284489527193259,0.0026877261156546,0.0022096621081290424,0.0019386593909049
2024-03-08,0.006712447695545576,0.007015325129342331,0.007361968729706625,0.00651824897545894,0.008692533350118214,0.006466841882693863,0.006657030092384941,0.0075338270944882435,0.006346675412977509,0.007789055149633128,0.005635665510032695
2024-03-11,0.022440440160615083,0.02317896697719979,0.021424590286608813,0.02299673322837248,0.02212254383309209,0.021382727339167573,0.027255338937822726,0.02322486774887622,0.02213224239972922,0.02322081339627924,0.021949022745847646
2024-03-12,0.02222299527935845,0.020841215339834296,0.02537662507594396,0.023063593076176225,0.01934350551032815,0.022339540914196432,0.022491906634136694,0.02183497709943638,0.02324482743846268,0.022779424556015115,0.020633624691273278
2024-03-13,-0.0001847409873614314,-0.00010712195687256898,0.0004832174540287948,-0.0008754019512604572,0.002129839501253672,0.00011256726348318757,0.0014384857707221421,0.0009755360137371216,-0.00039691058554258696,0.0013127643974200076,-0.0013932284524555971
2024-03-14,-0.0030019644193653994,-0.0035634866072598026,-0.0017893579896900436,-0.0029298618575043234,-0.003963838583916246,-0.003112965651280497,-0.00372676049243037,-0.0034176936064260754,-0.0019193009200675348,-0.002713863621052637,-0.003812064554219674
2024-03-15,0.02130241021159618,0.020035903039039127,0.023750203358422928,0.020645497087874,0.018397717505559186,0.02164317150570927,0.019546262174379825,0.02174166966742508,0.019792501233446336,0.021534531801284063,0.020369707419187755
2024-03-18,0.026745495143887466,0.025159997431968062,0.031343129930723856,0.02650487945717539,0.029384920785075375,0.029253311348355515,0.02386466967965095,0.02671691520837216,0.025266947112928317,0.027455513797608022,0.024103609664432923
2024-03-19,0.00036278479501206107,0.0005224346026595494,0.0021362506009721116,0.0011970459411927425,0.0004211031822867195,0.0020192327666779253,0.001613277821145287,0.0008915828821030036,0.0016212366554293478,0.001348311632369148,0.00122572554458511
2024-03-20,0.0180239637824271,0.016711730479171294,0.023330299799050103,0.01733869383204434,0.014922661546389548,0.017407431233512405,0.01814497126365544,0.017746955312167856,0.015832524499966194,0.018878129337858818,0.01600213205520573
2024-03-21,0.003033947963820832,0.003076605090657294,0.006584275432711097,0.004012970238575807,-0.0006753799299438869,0.001430209316930712,0.0025352469385609435,0.0033036341232076517,0.0036139357547905343,0.003906487010661793,0.0015338203257509787
2024-03-22,-0.018417644460328453,-0.018073449621072046,-0.018082524219829033,-0.017620285469133745,-0.01928010635877886,-0.020279867107666605,-0.019660350083943956,-0.019244146786383642,-0.01826988752850922,-0.0196296457533498,-0.018756545312351935
2024-03-25,-0.023196677702078117,-0.023001080513825434,-0.025658347370709045,-0.023320146937720776,-0.028806888878054493,-0.024980305703380945,-0.024997363256857974,-0.024445006124679258,-0.02142191767529744,-0.024563012558502573,-0.02277445877895623
2024-03-26,0.005697140772357612,0.005475882013576072,0.004354000726861207,0.006900118652107379,0.0031074755052975522,0.00599158497792418,0.006573820134699204,0.005091842234410393,0.006219542659031685,0.0051063613482442705,0.006887280446988386
2024-03-27,-0.023181935097094875,-0.02303490541887887,-0.029553920741755557,-0.022958738423732084,-0.029651993254987907,-0.028010768117804563,-0.024361229242475857,-0.023314969607346803,-0.025210558763402613,-0.02332890897873774,-0.02707184867066381
2024-03-28,0.023282727934038405,0.022296452600343297,0.03021703203880155,0.023566940992209906,0.025411906923592298,0.027174742873543822,0.022353297005852202,0.02388440209456144,0.02310894973596689,0.023766898201527997,0.023065090608020977
2024-03-29,0.015011109281612534,0.015080628693315612,0.016390435842828177,0.01545745495785944,0.01824451565331464,0.01768176487770612,0.014976432487308289,0.015723496018592575,0.015404850434232786,0.015882084862609336,0.015857054692389738
2024-04-01,0.026518203329086276,0.02654275283662022,0.0249149621518161,0.025814267624339804,0.026009505475060424,0.02749027873928922,0.025582883885613583,0.026349614037600277,0.025683113215485553,0.02644702735156268,0.026771686031939357
2024-04-02,0.011755087861044622,0.011816687163234807,0.010179071552493424,0.013126298484845256,0.004845312897226339,0.011891041653589118,0.012089604417703903,0.011127433098369721,0.012598378393115839,0.01152213983621464,0.012208621404207864
2024-04-03,-0.0034756047536547152,-0.0030615195778624926,-0.008765303774296296,-0.003104166703227662,-0.003205546487774935,-0.003996381714585051,-0.0022940572176138874,-0.0037934689140485256,-0.00217071313256767,-0.0035561074732988196,-0.0026321702784205536
2024-04-08,-0.03795837737979694,-0.035240856824163065,-0.04265572119520155,-0.03613437890120595,-0.03866881937863871,-0.04056685723202037,-0.035357803860041524,-0.038701970771543553,-0.03695383722723087,-0.03862497932806082,-0.035423432513030054
2024-04-09,0.021648480449807384,0.021258576347788827,0.0190374357544274,0.020809379620257307,0.020519971743978127,0.02122335863185798,0.021002393690801036,0.022128382888705334,0.019952821718288494,0.022463250239542987,0.020766806949660266
2024-04-10,-0.026316808746652764,-0.025659096547409832,-0.027405227044497327,-0.02553008540063595,-0.02326867157327861,-0.026274674900801376,-0.025286376293281898,-0.025840966004388122,-0.02438168090776105,-0.025761434961450003,-0.024094813186594233
2024-04-11,0.004705507699376277,0.004856729310510843,0.004345036246640621,0.005211575329526985,0.005161912464620055,0.005602444201637802,0.0034732646738648842,0.005270149800883583,0.004999249794121363,0.004447511085639233,0.005126442745248205
2024-04-12,-0.004553193602283456,-0.004824255578224523,-0.003911525298584073,-0.00513078862228733,-0.0038783639159709615,-0.003552375145782105,-0.0080873842022956,-0.003560586900556051,-0.0064453122654966055,-0.003752757421277453,-0.005946555324997771
2024-04-15,-0.06975092493445523,-0.0658548118851271,-0.08333164383675817,-0.06960575000064784,-0.06045713956852594,-0.07144052188528849,-0.06405494465046302,-0.06946757741223286,-0.06852551451452238,-0.0722430490928011,-0.062291392415350644
2024-04-16,-0.08759632538280027,-0.08383852741628095,-0.1001068960795175,-0.08784463225767059,-0.07993689688819783,-0.08797959947332745,-0.08042568088238478,-0.08699506301544824,-0.08463090592304123,-0.0906302659310867,-0.07987910474719717
2024-04-17,0.08038040345267894,0.07672793790942656,0.0866582508971363,0.07899947211934855,0.07510470931198743,0.08228020228979971,0.07309685028055912,0.08146467860139861,0.07554712453618317,0.08251936118623093,0.07147005965263964
2024-04-18,-0.005352359455389033,-0.00614912867323103,-0.007329398412532551,-0.00596335880132004,-0.0016948307208999314,-0.006116409117739363,-0.008313065024461719,-0.005789086558517953,-0.007865830882620273,-0.006271228984215171,-0.006592047996487271
2024-04-19,-0.002896550233450701,-0.00262749728841305,-0.007345299135916528,-0.004211302076372769,-0.004570110960421703,-0.0027135823648238855,-0.006230702814987499,-0.003868426512498746,-0.003811564053184613,-0.0036373651178400745,-0.003046232155552886
2024-04-22,-0.010036958616435212,-0.009537866070445513,-0.016718401930916435,-0.012282762755687645,-0.0015855812648865684,-0.010657249936978476,-0.008105572815557335,-0.009282663272262228,-0.012507870992780189,-0.01036913508657581,-0.009920729069481533
2024-04-23,0.02505773863947569,0.023054729087469417,0.032505378985036915,0.024207680734273707,0.021243780191375183,0.026413783316967532,0.021897355035759736,0.026138079492933564,0.02303750382906755,0.02718122774534315,0.020276191823122458
2024-04-24,0.026330542488554265,0.024512822811183055,0.03445784617967984,0.02617587121653786,0.02579291549335405,0.027947577425667003,0.020629872057770227,0.02735766741975021,0.026021493227149417,0.02784054941637537,0.02283121010075595
2024-04-25,0.011606958907729226,0.011721876145824872,0.012586115690564892,0.011535072297838456,0.00981620294975194,0.012805878403641113,0.009292433057346505,0.011729587775949124,0.011951830436612854,0.011827814425622307,0.01217898831994546
2024-04-26,0.007659462301093711,0.008106523672167354,0.00630212654082718,0.008577689117942544,0.007242591458211933,0.0070270598688020325,0.012919360653455225,0.006901034660708127,0.008470347485188379,0.0076626148474965294,0.0077433128525437045
2024-04-29,0.04171820319369224,0.04192159469112822,0.040305435167780734,0.04334438139151997,0.03547007029746041,0.03911365137742795,0.04432007970966367,0.04114893089498928,0.04043376247440067,0.04239762083400933,0.03998894057455615
2024-04-30,-0.0016060817645097147,-0.0015753050813848146,-0.005007983625832546,-0.0016186349466501548,0.00038393497907396323,-7.926568592964145e-05,-0.001964324704226139,-0.0021594035031444747,-0.0013791348182800034,-0.001778350886639024,8.489496756847181e-05
2024-05-06,0.029575125103767697,0.02859047015451366,0.02882699151338941,0.028051082138107253,0.02990597403800299,0.032698620153197355,0.024156133467093444,0.02940345758875651,0.029878962502376538,0.029892274454099477,0.02983627347796114
2024-05-07,0.011698903854664655,0.011375492933209497,0.014470761046996516,0.011741353074531169,0.013385202957743259,0.013803821116789683,0.00994187827383386,0.012767064792910565,0.013660327338005374,0.011727758885254236,0.012961016395982572
2024-05-08,-0.011569012891318842,-0.011198254951661935,-0.013252187299335527,-0.011667942927483965,-0.010713678119514625,-0.011045598900050857,-0.012340042729383383,-0.011571721879419683,-0.012414620997770465,-0.01124117166548766,-0.011002312955768478
2024-05-09,0.016025082789990812,0.01524608192184847,0.0168671686874262,0.015958013176013988,0.013757833356506734,0.016700808303945203,0.013875209915869673,0.0158143859970804,0.016199833788491703,0.01580701620200427,0.015716160006118644
2024-05-10,-0.011351441261059358,-0.010009695495647675,-0.014393184744753817,-0.010428471047515653,-0.0143577886166526,-0.012776166343481887,-0.012914017997267324,-0.012512300741144289,-0.010083860101487874,-0.013447723242058562,-0.009707219350908236
2024-05-13,-0.023337458072930417,-0.022615184113063957,-0.027982207842407125,-0.024448948191177378,-0.0223519057310978,-0.02414524803073892,-0.025186014229716225,-0.023297913542693394,-0.024789906836779285,-0.02425453446207526,-0.023126336118287072
2024-05-14,0.013618310792380628,0.012265963968348892,0.0163622843794633,0.013293472034259457,0.012248902814844254,0.012299870037211003,0.012485505365700922,0.0136886477287399,0.012517338999680883,0.01534693972766421,0.010706673211233309
2024-05-15,-0.0017686008435228162,-0.002579962829125426,0.000906446890917012,-0.0017748303931385268,-0.004340444315131697,-0.0023314808995190672,-0.0036074797493816924,-0.0027245776899116336,-0.0015870779791898881,-0.0016418013620480565,-0.0037028697028049784
2024-05-16,0.01817867890474023,0.016513548224012853,0.018815951133048125,0.019726889553328464,0.009331268884424704,0.017116182896432575,0.018652799456398084,0.01675751055834418,0.01804051350146052,0.017170042457092416,0.015103903790532724
2024-05-17,0.018020781477973813,0.01796548471122006,0.017339240109449205,0.01995779514114182,0.014342815898563233,0.01732863174124155,0.01850548386898332,0.016610754479486678,0.018442783028669307,0.0159795399824898,0.018368764872857435
2024-05-20,-0.006094533682744041,-0.005399225440015587,-0.005317814655324771,-0.007484419989625679,0.002907527469645288,-0.004235292489165654,-0.008021503805564545,-0.005163058557402067,-0.006156715868022022,-0.006222239412840724,-0.004297939726674027
2024-05-21,-0.011348332537862382,-0.011616971295818623,-0.015038333913132917,-0.011672880734771574,-0.012341849482086054,-0.011600482961615755,-0.013546660443961467,-0.01208111425922398,-0.010727733387338567,-0.011754034562136861,-0.01124882009013628
2024-05-22,0.008976316872963297,0.008657297233717332,0.007968534887655032,0.009196501456366635,0.0056023208906788025,0.008184088164844061,0.012280574896941232,0.008214568908752495,0.008229928323087998,0.00899776960179155,0.009346290170470395
2024-05-23,-0.02732645675438369,-0.025930611122676986,-0.026495044620671416,-0.027222543160155273,-0.020089359999194766,-0.0245333629321572,-0.027787961750209738,-0.02647422806993538,-0.02602105192149076,-0.027162798388533416,-0.025229776972663227
2024-05-24,-0.00906058371912788,-0.009170546239127608,-0.007758860681348234,-0.009622175036392733,-0.00885567990597913,-0.007825237273354602,-0.010623444857187025,-0.009706080825297336,-0.00875165676958789,-0.00908589227103973,-0.007484548151788117
2024-05-27,0.00412240836422928,0.0032348345774506626,0.004013996671974329,0.003229631866096705,0.0056091315498858485,0.0044062923665730835,0.002713209466806976,0.003936779827955039,0.004096463321615618,0.004145471280729174,0.0026753833307509023
2024-05-28,-0.013553370973985457,-0.01335940730354035,-0.01533541285548845,-0.01375325000203842,-0.011055297752535886,-0.013457659313859005,-0.012393128423164868,-0.013234344120429453,-0.014534062889269839,-0.013810692845737771,-0.012120949373897183
2024-05-29,0.007182289269908937,0.006948707560382017,0.007649877182181131,0.0067950570961043955,0.008828463633298478,0.008028497303532278,0.0053521590184837375,0.007234129593980176,0.006691479623700536,0.007585175538683764,0.006174250419356042
2024-05-30,-0.009072431956492877,-0.008716971365684167,-0.011484638122089441,-0.0087440405905439,-0.005628557679380419,-0.009213843923984388,-0.003819462318154887,-0.009040982643771511,-0.009368858621693898,-0.009063308468414522,-0.009878077012950959
2024-05-31,0.006837815522434676,0.0063101067913720055,0.009202301179572325,0.00684399737563246,0.01039108168207048,0.008514058476539521,0.009360544163565576,0.0076158257304062005,0.00584458946462485,0.0070604918609893375,0.004600484631777979
2024-06-03,-0.03146916452162751,-0.03156988816417339,-0.033425316697850094,-0.03176547360875759,-0.025363433090267118,-0.030925168062592934,-0.031845867324038934,-0.030515535680169625,-0.0317729736284692,-0.031017024567972507,-0.0309941020399378
2024-06-04,-0.02218697928114688,-0.020587228859499374,-0.029358104576060806,-0.023434386065525836,-0.021461273700534078,-0.02430994257565433,-0.02590391944180881,-0.0237173748523668,-0.0225354468080593,-0.024088773030609523,-0.01822032864818901
2024-06-05,-0.02634923621007479,-0.025338386703022242,-0.027814249918322598,-0.026243700257334468,-0.02310129566934005,-0.02528016230334018,-0.02213743917245048,-0.026485192121366574,-0.026163308648948114,-0.02691688807764392,-0.024433293957202284
2024-06-06,-0.05891144255823994,-0.057525181314865344,-0.06377833066046062,-0.05839328356848071,-0.049957156375959114,-0.056755570286399215,-0.06328771948418363,-0.05908124223188133,-0.05521964202509221,-0.059743231109375,-0.05418459092832164
2024-06-07,0.04932446578702665,0.04681024038633064,0.05378718702088636,0.048670929942845165,0.03349985145693024,0.046429991823020655,0.046848055955710066,0.04876462905417411,0.04589974812065112,0.04966674503099289,0.04119274598750944
2024-06-11,-0.003515610629867716,-0.004025330466166377,-0.0022589923508120613,-0.003662137964920764,0.005994114058593514,-0.0012502136272664055,-0.001200489466398058,-0.002720344059662594,-0.0031546642953846904,-0.0034002524045777527,-0.0030939283216679936
2024-06-12,0.022380518457014942,0.02075879304799355,0.029444832559779588,0.022225802526765648,0.018470203562027,0.022598796214511774,0.02402536831906743,0.023292913387688685,0.022502063161400798,0.02350430813529525,0.01955123714405005
2024-06-13,-0.006205770717030212,-0.006513091240247126,-0.00031425599745726895,-0.006435909616800739,0.0097205101116411,0.0016552535697278437,-0.006746130224799085,-0.00539248088650468,-0.0042594604603720665,-0.005951022868157518,-0.0030108295501822813
2024-06-14,-0.0032792335134826933,-0.0028453350749334527,-0.000897612691196148,-0.0024458475136733826,-0.005634517920429016,-0.004215529532767048,-0.0023540543152795745,-0.003287340285365814,-0.0022202240931316064,-0.003054721736589494,-0.002868568389203019
2024-06-17,-0.014027113565576954,-0.013737281864027673,-0.012845991241012489,-0.013585008613488325,-0.008711506606630337,-0.01234139885084029,-0.012666239369653387,-0.013266456635453894,-0.013101135754316373,-0.01315108034643686,-0.012751429610728615
2024-06-18,0.02108735871237366,0.01963015270811108,0.027638929048858785,0.021255986515674063,0.017569540449079657,0.02202552328265517,0.022148763693628393,0.022212351919439932,0.02129425714984645,0.023019773096076168,0.01809997260418128
2024-06-19,0.002273191164375632,0.0006753042587350766,0.006297565689272533,0.0028634972485515053,-1.0536218070567038e-05,0.004203937514027478,0.0009058912507211581,0.002918859560775422,0.002499005552119238,0.004041012865257709,0.0002529075324400054
2024-06-20,-0.01624661303522179,-0.015312835976616368,-0.015615820929986035,-0.01610030627824377,-0.003150906105375384,-0.007560398743561847,-0.017513352703899088,-0.015442790665670336,-0.015163144040447496,-0.016217337491410078,-0.012026228000146078
2024-06-21,-0.0028595060175837547,-0.0022165311759082345,-0.003029858861471073,-0.0028773216975511106,-0.006949505186151206,-0.004605942975298054,-0.003271904307979496,-0.0028605461190931722,-0.002392064755530292,-0.0031908854763129197,-0.003995533525036692
2024-06-24,-0.0439418496235785,-0.043757336717079265,-0.04210025728407418,-0.04385907714667969,-0.04459002682308755,-0.044023760819107416,-0.042374406555359734,-0.04357991035360742,-0.043305169262022325,-0.04349848080818852,-0.04232677781532501
2024-06-25,0.011493216922013882,0.011501922332729952,0.010912422270293431,0.012365280685827429,0.006243052988386566,0.01097984715464273,0.010381061008462922,0.011294434192155478,0.012799004411169213,0.012083300768362948,0.01028862343534831
2024-06-26,0.03402630752579605,0.03364386215370052,0.03797704590129247,0.033694458618427126,0.03532993614051794,0.03562554910924809,0.03457725164528336,0.034543391423769165,0.03369976523642415,0.035195814083839316,0.03315709760728658
2024-06-27,-0.01513700434298404,-0.01526292188248679,-0.011211167177240244,-0.014579224513182942,-0.014433172803231753,-0.013055673889697084,-0.0167797911650146,-0.015703873013740877,-0.01259971260512982,-0.0149948881507459,-0.014275260065031325
2024-06-28,-0.0011464310521916987,-0.001796058487275709,0.001093116890456658,-0.0009367017387497123,4.7921951921159334e-05,0.0005343650044837833,-0.003903758819122749,-0.0022089755890710716,-0.00037582187759144237,-0.002115914324087642,-0.001057759319464724
2024-07-01,0.008241321825893877,0.008944219178826707,0.006921793564369283,0.009588196838767438,0.0026993660682963494,0.005528325027124303,0.009136061816416241,0.0066985193757425066,0.01021208293384257,0.006714732345459495,0.008882470490573224
2024-07-02,0.013598355062703238,0.014611460809831778,0.013853228478419854,0.014429645910325917,0.006056446436688567,0.010580034717314613,0.016777703061385374,0.015028348577095008,0.013552941746330927,0.01484709055457678,0.012120517755630278
2024-07-03,-0.002329976842960324,-0.0010654739408844094,-0.008052198513169628,-0.0012036010801650399,-0.011888694558313095,-0.0070943445440976305,0.00017464843290571075,-0.0029617434695803357,-0.0028262309308055844,-0.0027390726059466353,-0.002582569209633956
2024-07-04,-0.03733032992018004,-0.03682931097395059,-0.03781804210551898,-0.03798033963769021,-0.03447725704380855,-0.03798742771987451,-0.03713833731682492,-0.036729522128138625,-0.03819011546133966,-0.03757733673016539,-0.03553156129563195
2024-07-05,0.01680496067083635,0.016150617424735062,0.01820813169971499,0.017408986897938992,0.016032228764714173,0.017045489666557955,0.0177263987285254,0.016822969622075915,0.016962888106579393,0.016976743371701106,0.0153719608049535
2024-07-08,-0.030533687597174786,-0.030201545660164864,-0.03194750221503617,-0.030666357426007096,-0.029624434514936016,-0.029423243401836108,-0.0320344304886786,-0.031049046989653606,-0.02957364653941741,-0.03107967520539512,-0.02979132014573005
2024-07-09,0.008609304903067327,0.007853554124202633,0.01157602898547383,0.00735178850942253,0.014725171050733676,0.012073730447446529,0.007023897830747083,0.008339305047010637,0.009535193914439466,0.008480467653828594,0.008326154715815104
2024-07-10,-0.012065510771519294,-0.01311988302435807,-0.012972271554646975,-0.013235274042046608,-0.009673488983432121,-0.011438676978674844,-0.012903295917837676,-0.01356673800372965,-0.013090035391990607,-0.012629189901303128,-0.013167973019742818
2024-07-11,0.04142560273879692,0.04124705427736597,0.041414467474863326,0.042007286025146584,0.03751979933377947,0.03995310717801481,0.04253371363321046,0.04168352237034356,0.03993501282749623,0.04237637615446177,0.03926147979265582
2024-07-12,0.0006111973261941905,0.0008051164507829611,-0.0028656489824298026,0.0012625608227820884,-0.00301727614321623,-0.00048145744754213293,-0.0014934530925121425,-0.00011577619087932423,0.001240747059619185,-5.158099708957309e-05,0.001731156425980096
2024-07-15,-0.022077868307637027,-0.02247189348107559,-0.020822745138125542,-0.021702744640924254,-0.021014087506478152,-0.023940839172731154,-0.022605396616048656,-0.022265908258076617,-0.022411425793511963,-0.022613309152253236,-0.02148155237896454
2024-07-16,-0.003104974470560795,-0.0027163587834362346,-0.0013541292246974646,-0.0026548010429825464,-0.00038833730035081615,-0.0020469816925141604,-0.0029796250466840313,-0.003315852228030991,-0.0015327335691236454,-0.0036606797250984258,-0.0012605179545194245
2024-07-17,-0.009071188257827045,-0.007697054539289594,-0.01317805485896828,-0.00797377056411197,-0.00988279340111109,-0.010408772741716144,-0.008089615448806708,-0.008772978197378656,-0.009396001988979719,-0.008506007327407472,-0.007606703083824939
2024-07-18,-0.004400208412500439,-0.0037241921817814383,-0.004566004116124733,-0.003954897651988087,-0.00461268669792525,-0.005875050583425967,-0.0008814716615546114,-0.004112371675945914,-0.005306883277125807,-0.0037496994300589837,-0.005078394284125487
2024-07-19,0.0050674905593129154,0.0035541224478707863,0.01002885523667048,0.004423309169270692,0.011633332782069574,0.00766049324875988,0.004522252168944906,0.005529291467937802,0.005176503472919012,0.005739795317506997,0.004306115684036989
2024-07-22,0.008273804414249852,0.007090777568127704,0.014810152472444438,0.008285533048244309,0.008560839176678936,0.00880031088714972,0.008614967265807794,0.008799094866028367,0.008817247158495523,0.008988929221724451,0.0058145762755523744
2024-07-23,-0.01147653354394007,-0.0118431278486818,-0.011789225437261242,-0.011523896559512803,-0.014889669149417917,-0.01228844318379918,-0.012975334750581102,-0.011212323893243337,-0.010697669794229037,-0.010980319020989171,-0.010731571253025818
2024-07-24,-0.018126980498757495,-0.017955277751369625,-0.014853257077812043,-0.01736525251980714,-0.01975206028463683,-0.016861565085932617,-0.019198070831583758,-0.018434287226885893,-0.015635080762444242,-0.018235122129551362,-0.015686712328029095
2024-07-25,0.010047114484301733,0.010148939237660581,0.010251076650987345,0.010712220114584614,0.011119130666791932,0.011527131061854545,0.011064010489951759,0.010001893581097043,0.011154770967499505,0.010484074166542401,0.011050173932493967
2024-07-26,0.017395001292832335,0.01630952862713908,0.019864891584872035,0.018186286300200916,0.01520941280952215,0.016212398090403868,0.016696941485781602,0.017721956343905276,0.017954884331733423,0.018017534015485115,0.015458923821837
2024-07-29,0.006138557520667609,0.00533608556750087,0.011046118455088294,0.00728878925545251,0.004253041940350588,0.004955505566743401,0.005240971259442562,0.005886414247794347,0.007594805682302752,0.006473473325263379,0.00590803993164557
2024-07-30,0.01192033161220074,0.011812356561582193,0.008548270747531728,0.01234974028434932,0.008073287266990192,0.010196287088835465,0.01300905421175269,0.011025787022094002,0.01087519337902565,0.011177897656437175,0.010481307573659171
2024-07-31,0.028153059414943726,0.028858364779071444,0.027605938164759536,0.02787322643109036,0.028988478613635627,0.02784843181105101,0.031560656143030164,0.02884606945948609,0.026300941078736262,0.028685767407711005,0.026043443630350716
2024-08-01,0.005274881859582914,0.0052811589514110135,0.006632231753306961,0.0049677622354771245,0.00486760081954607,0.004788590305406348,0.00514620810857358,0.0054655712010531765,0.0032837303443906674,0.007159523052855388,0.002773876078726145
2024-08-02,-0.010791005894599047,-0.010168082225242368,-0.013672637842677447,-0.009799728163551145,-0.013352418371627888,-0.0107575237456753,-0.010564357712316006,-0.011509487897334036,-0.009016231464094282,-0.011275656561142221,-0.00908010206567342
2024-08-05,-0.01919745710038545,-0.018701137872681795,-0.02308546579692672,-0.020332397245463985,-0.0243332381725041,-0.02212718658775703,-0.018466199574479814,-0.020036378076684125,-0.021531008839845267,-0.02036401184582315,-0.01929266984634803
2024-08-06,0.02395218259356935,0.02332381748794754,0.02760585386556813,0.02388060558002958,0.02374297329433661,0.022823729972739182,0.02528038063439597,0.02493362639964891,0.022154326555312354,0.02507734344590906,0.020510162932075415
2024-08-07,-0.001268970135243963,-0.0011879463840029914,-0.0010727342051959354,-0.0012107357750954506,0.00254588343422113,-0.0007154812108113306,-0.00054144458267813,-0.0001446689307363913,-0.0013406226507601815,-0.0008455727250971101,-0.0007590460775082075
2024-08-08,0.0037471591959672423,0.004403227412321131,0.002044619299146344,0.0044080616032105,0.00015369509059359743,0.002420188150436209,0.005018651874091118,0.004048953353083418,0.003392560377116993,0.003998470431272105,0.003938023263384771
2024-08-09,-0.006114777024207152,-0.005885431887700854,-0.0058137556702165805,-0.00587693865487271,-0.00552142942626499,-0.005736183462336841,-0.007935258413201307,-0.00676040428724356,-0.005361199430333641,-0.00678095185415728,-0.0046030880067555735
2024-08-12,-0.005530031947638014,-0.004533783780355405,-0.006207725444169809,-0.005944780114631065,-0.0016085978869218032,-0.002657628309339133,-0.005261739532739895,-0.004974089671144655,-0.00471333525269968,-0.005266506797906301,-0.004093650802395432
2024-08-13,0.007846498120620327,0.007240272007744242,0.012410313045660537,0.007575673271127403,0.009013583100782485,0.008700630891881334,0.005482140964027549,0.007735558345403737,0.008350275979099653,0.00783418017385662,0.007044797481136955
2024-08-14,-0.0017996416644097124,-0.002236925926848654,0.0019084077098794339,-0.0012023330000862087,-0.002804170015707652,-0.0015147581473906602,-0.0025572740004659034,-0.0016610487997600343,-0.0007350030900028504,-0.0013570469873990243,-0.0035303459043614094
2024-08-15,0.006259855069514542,0.006416155002177293,0.008323541599102091,0.006501970200957441,0.004295918504342522,0.004326452528181424,0.008486670887861258,0.006865472643808657,0.005891233581004629,0.006699005689550397,0.005787122732745509
2024-08-16,-0.008040182341387916,-0.008007690773454212,-0.006727259375590658,-0.008332075341715796,-0.0038646721916148026,-0.007344877138729489,-0.01011884845593791,-0.007113417238070763,-0.008864685533921689,-0.007994539517613157,-0.008625483368498553
2024-08-19,0.00024327264354151446,-0.0003670541099108915,-0.0034380833660218046,0.0006108209176656221,-0.006354529748900384,-0.0015750271866423748,-0.002530817222051951,-0.000593461024813835,-0.001503001056665787,0.0006382946363314712,-0.0018688065825273048
2024-08-20,-0.020437362917237967,-0.02070304641196241,-0.019576823570061852,-0.02099830890210086,-0.01990464713461282,-0.021534358594089364,-0.019810955376859618,-0.020237038246075256,-0.02075854410425848,-0.02002660170271242,-0.020507663054969094
2024-08-21,-0.003739725271304062,-0.003968111497775317,-0.0017185028696620197,-0.0036446812194027567,-0.002705485789677331,-0.0034406482953704964,-0.002027393719665427,-0.0025709894241069398,-0.0036548143568717606,-0.0027695778416025885,-0.004056648861963996
2024-08-22,-0.012701433684230379,-0.013067955190260605,-0.014492341485704996,-0.013463699505078086,-0.012800351104057084,-0.014946951924433072,-0.013105299163221229,-0.013354664765656832,-0.0148084483231814,-0.013530134059751786,-0.013281508950216958
2024-08-23,-0.012173121098075224,-0.011044580517299396,-0.01234231734906277,-0.012105382150416677,-0.01236088165872029,-0.012122450657383266,-0.009368555733443973,-0.011343273421112965,-0.013484550191926403,-0.012036826584458371,-0.0111236759718909
2024-08-26,0.01980234459824559,0.01919538357641315,0.022537416129483567,0.019641298963093634,0.018164226170298114,0.020448195279345605,0.020576731445155927,0.01976942062467768,0.02017078331944777,0.019952672349367484,0.020041098229859555
2024-08-27,-0.009190424209310155,-0.0101967102128947,-0.011709737503690754,-0.01013942664360079,-0.006940472998440916,-0.00732028300957388,-0.012856096278145657,-0.009752279888357362,-0.00977708798935828,-0.009767739528499741,-0.009111331242024012
2024-08-28,0.00928111054046088,0.008994800601983988,0.009851482523411281,0.00947573123895884,0.009687111907634938,0.009243174500016549,0.010406260682885415,0.009466387716443148,0.007339261054296609,0.009483527796676272,0.0072376998758922895
2024-08-29,0.010900727999508364,0.011519903574943369,0.011892409055203501,0.01071852371052584,0.013162099285297435,0.010718192841848051,0.015181361492292655,0.011832545485268575,0.008840758750494615,0.011416449222818814,0.009060882031008743
2024-08-30,0.0180495784164468,0.018007276823898674,0.01948319271056961,0.01946461832817703,0.014096572226262094,0.016717509684654783,0.019932120137089858,0.017887125708915416,0.019017777804388767,0.01856443280615442,0.016862704540532788
2024-09-02,-0.01124311565783176,-0.010771754710026005,-0.011545056661861008,-0.01088880309095841,-0.012388918236886926,-0.011352329406241979,-0.012751926581207274,-0.011499311400592793,-0.01240426502549874,-0.011523792465518823,-0.009474483127858924
2024-09-03,0.006272405904133693,0.006189958939841533,0.006034622495284747,0.006421521924858897,0.006505838628531491,0.005806652047950722,0.008137370746493566,0.005826860114523935,0.00590640782328089,0.005953417554040552,0.006040640462650293
2024-09-04,-0.009723633053605574,-0.009616575781921544,-0.01304407777890304,-0.009411093588339692,-0.008232233254415244,-0.009533258662540178,-0.007889278120151388,-0.009336634219330397,-0.008468050718558606,-0.009511578811224775,-0.00927713594898194
2024-09-05,0.011835203360575086,0.011254247826528063,0.014690901013445057,0.012203964696400948,0.009888017652816217,0.011867929786127052,0.012516531190230884,0.012083094561119223,0.012610515070940354,0.012577149733078885,0.010902228831978222
2024-09-06,-0.02122030812941722,-0.019558559775130435,-0.02205221758001996,-0.020633574471577765,-0.02258715437727221,-0.02244283073549813,-0.022345623968202277,-0.02162059144581341,-0.02055688792805066,-0.022563108111904095,-0.018296023443480802
2024-09-09,0.003376822295683146,0.002801694372487562,0.007007687328049128,0.0036411233732231985,0.0011253962066981593,0.0031170393225168347,0.0012184677181168446,0.0031831553695576,0.002776948444190852,0.003893566012092897,0.002309127657640131
2024-09-10,0.008795804639354365,0.00834569574645938,0.013185793954887615,0.009010386080623212,0.009814689838896218,0.010064221486037805,0.008486377904756592,0.009428604656043671,0.00791806293098829,0.00991717708509321,0.005256107228636564
2024-09-11,-0.005681913166417307,-0.005302959810987051,-0.007388010346558671,-0.004976872153350853,-0.004051446928766023,-0.005100927756182538,-0.004893936592797354,-0.006159819373378728,-0.00471285794543852,-0.0054821640733805355,-0.0052953935589202805
2024-09-12,0.0005368997839207967,0.0010155093686345928,-7.800486556219788e-05,0.0005659440015173267,-0.0026074208497862683,6.945981470574125e-05,-0.000841925706416613,0.00043924513882842575,0.0003822502266208616,-0.0001278344789693575,0.0013848630935540118
2024-09-13,-0.012606952720049509,-0.011482120514199449,-0.014141556158289225,-0.012529196524729813,-0.01585898498273564,-0.014117018722404277,-0.015798278038148112,-0.014517946486514293,-0.012823074448022146,-0.013935268550165664,-0.010524851717386909
2024-09-18,-0.013223585587724629,-0.012381538140339043,-0.015642946666003854,-0.013152642135216719,-0.012654843815755434,-0.01532963171806423,-0.012039402493920992,-0.0139314438377931,-0.013526855279930139,-0.013824306742884818,-0.011841310503162061
2024-09-19,0.03134793853753148,0.030410045270588437,0.03134833298823381,0.031428023915867964,0.024811848799050296,0.029620738068072194,0.03067765673103673,0.031083799097507914,0.03051182064391411,0.031134897576735154,0.028736617938981635
2024-09-20,-0.0048353502901765655,-0.004435126538447909,-0.004436134603667652,-0.004019249738265396,-0.006321236322959556,-0.005192771773279481,-0.004715384188948346,-0.005170586946167011,-0.003265861367798051,-0.005015229679855238,-0.004695514924759836
2024-09-23,0.0035571615881733187,0.003473952032594152,0.003405566071214672,0.0031992263127393894,0.0016998058200465849,0.0028272095813002274,0.003080372721193214,0.0037010185560057973,0.002665041075068819,0.002887878062821647,0.0029051349816764382
2024-09-24,0.03474686495133894,0.03558541993422404,0.03066337562326371,0.03439894932223342,0.03376774805652483,0.03377470538262117,0.03848572155830543,0.03565527849293493,0.033389542198874356,0.03521950438371646,0.03468348648078057
2024-09-25,0.013800966977395746,0.014454284098405878,0.01542734254592748,0.014815721392999137,0.010617606057198081,0.013303885272134774,0.013904955520709805,0.01275301835758591,0.015828617455754257,0.012973709377320342,0.015805865228786686
2024-09-26,0.03581144150635995,0.03697153091573435,0.028122705362088718,0.03533517580745449,0.030006685932490562,0.03161869013064855,0.038800110063595294,0.03572500002756107,0.03353972840409347,0.034764313990612195,0.035516724177740544
2024-09-27,0.04384791575439784,0.043493456193272495,0.04587489321564764,0.04365221441989364,0.0459673887448373,0.04517493563305375,0.04727017364909036,0.04469948771854382,0.044028070598731706,0.04508657118065762,0.042027395758111874
2024-09-30,0.10437126980600575,0.10285386734574464,0.11262150673756222,0.10310313212913891,0.11342897946105457,0.10994287292867955,0.10772732337988411,0.10665427694649066,0.10715623824844411,0.10786229469850284,0.10319996269417597
2024-10-08,0.07439251194292015,0.07146890051556108,0.08379366505190611,0.07409077025483009,0.08592821480311146,0.08035638465705414,0.07766847576073231,0.0770518222130148,0.07447963744042739,0.07684372105588629,0.06726505430693469
2024-10-09,-0.09549614994277467,-0.09444776075539063,-0.10476770998204288,-0.09657375895645481,-0.0978563725101621,-0.09605147567148109,-0.09441793437513235,-0.09731911213811573,-0.09927775717048593,-0.09812150160097,-0.09390877117600704
2024-10-10,0.009908079813588877,0.009555925279409738,0.016731114272612757,0.009981623883679402,0.004746976649169454,0.008596448864849338,0.008344602790943068,0.009489053692343985,0.01179873459557279,0.01023812745758823,0.009084702869887717
2024-10-11,-0.03884222735393761,-0.03731793057428645,-0.039965074903418496,-0.03855152354872593,-0.04334557427480645,-0.04084019849000886,-0.040083706377618045,-0.039783308327647426,-0.03749129854681099,-0.0398681801032188,-0.0364627755697815
2024-10-14,0.027531933106706985,0.026610605920495356,0.03371520052793886,0.027773951926803653,0.02822012098731208,0.028122084323390695,0.026688346855896494,0.02802827661692109,0.0284327066527319,0.028081899019240186,0.026123240737818243
2024-10-15,-0.012969952545304086,-0.013987300683990678,-0.009700122952741919,-0.012518383792033183,-0.013120485654678493,-0.013646221999375374,-0.014395221221887078,-0.013559983560941569,-0.012756384764990192,-0.012500865839500608,-0.013830938316574892
2024-10-16,0.00892253592705683,0.008332967933895041,0.011049611706203777,0.009212527121001735,0.0048897338940128154,0.008061607212586308,0.004780568863806511,0.00796460649622266,0.010597800108673505,0.008552030842765568,0.010802078245818691
2024-10-17,-0.008873739327871055,-0.00992700989033557,-0.004674101516248141,-0.008677384380582076,-0.0026418322037158326,-0.006975382801897134,-0.0060163371909984775,-0.007793485870759453,-0.010384832037911074,-0.007326613590188047,-0.012713735275463822
2024-10-18,0.024102732562111706,0.023120145725800567,0.027832148853595307,0.023983592251462627,0.03281316837290382,0.027301575306150294,0.02850108466062906,0.025288719570425,0.0252293230898597,0.02586917734865901,0.024189389299757558
2024-10-21,0.015012975983549115,0.013729690435077657,0.019497298465457114,0.014851266672450736,0.01903850092587489,0.01616009397365592,0.017443469528971356,0.015217733319147442,0.014049808647269346,0.016280853066485967,0.011957525380428491
2024-10-22,0.017636448407798464,0.0181003144168895,0.015131052676963616,0.01788126848897517,0.009495412581184469,0.015204327039666966,0.018932413806016735,0.017193429033532808,0.016933728561088508,0.01739534314614055,0.015499905669943524
2024-10-23,0.005803629740850802,0.00601517961342557,0.004242400221134535,0.005681872210178129,0.004406104056676519,0.005015791072603637,0.005190386483772125,0.004669810663938234,0.005004771593855706,0.0053181903516634765,0.005596992412715052
2024-10-24,0.0017874888525881705,0.0018554950047442453,0.0030897147971340466,0.0023005795555759434,0.0010042873360469606,0.0013495659983624453,0.002108468469749214,0.002280926217450796,0.0015784341576006167,0.0017439148529494464,0.0012896761438987436
2024-10-25,0.026766092094529625,0.02627728712690236,0.028802494178183924,0.026264689965092902,0.026876605548812105,0.026595964252657867,0.024995323147914306,0.026449795432984757,0.026081023102422662,0.027765903655969648,0.02693879722278414
2024-10-28,0.036146386216251436,0.035161230177157554,0.03947483150751907,0.03676071972721373,0.028082518882523333,0.03286092510980421,0.03405968775129864,0.03565997787241049,0.03305111189418963,0.03586052118238969,0.034123349414455495
2024-10-29,-0.02389101238220026,-0.02336487796524378,-0.02490066681680081,-0.024630745506980523,-0.02427531814347561,-0.024767944238705764,-0.024078021218529422,-0.02365596823463012,-0.026351464665151814,-0.02400862181132013,-0.025789949650071087
2024-10-30,0.0025115107723436836,0.0030036556577508478,-0.003415149461265865,0.003341622120594412,-0.004596755158738586,-0.0011567278699318173,0.0018060571876952203,0.0013116071005696561,0.0013215772494570288,0.0007966413961362218,0.0012701308681541956
2024-10-31,0.021501984901343585,0.02162600855637109,0.022069342137517545,0.021274430355296303,0.021119861557981956,0.022780480462720964,0.017273820070362822,0.021353001769067292,0.01942027160086579,0.021803558659800215,0.021038161677024325
2024-11-01,-0.030915372298197963,-0.029570166767739603,-0.03813516063804534,-0.0313693550146914,-0.03289760022808663,-0.033217885208814635,-0.02743643755518288,-0.03106622619253785,-0.031930014888581715,-0.03199095403016339,-0.027940071929312582
2024-11-04,0.02085115537550153,0.021158736309885295,0.019602579685444432,0.020052956180435233,0.022869293254206058,0.020112632933348085,0.022899494254242647,0.02193178657107442,0.017496145970445465,0.02183076475886292,0.015366660387397424
2024-11-05,0.020466312061780918,0.020568628669057756,0.023086005376236916,0.020352486102722132,0.02325178507172744,0.021499473211107126,0.017408666870733246,0.01971781698290783,0.022229172595737205,0.01985449332200514,0.023693509090673776
2024-11-06,0.008638090003018739,0.008991182470534653,0.009928152267146828,0.009518223636488132,0.0048153928869858476,0.008409084040752468,0.007385113818721312,0.008168856030321692,0.010545423188083047,0.008679528484729637,0.009282461548667742
2024-11-07,0.030251238701921368,0.030732459760342223,0.029001106362081197,0.031099097916382323,0.02272729413743968,0.02727175114446445,0.028908728488226565,0.029269937455123518,0.029803966585559172,0.0301826010817019,0.02887278458670184
2024-11-08,-0.0004204512871761601,-0.0015808606954685889,0.0021139190902359495,-0.0023652989797769974,0.006939058763145489,0.0003815848178081449,-0.0007588629583180628,-0.0002482229615318188,-0.002224350026702071,-0.00037968579093539123,-0.0022191464882629353
2024-11-11,0.022727233979918937,0.02035053238543516,0.02471848100101326,0.020497153282040603,0.033634158239567835,0.025658461779914266,0.02044998262490849,0.024455817661242607,0.020859857739152776,0.02443384428993922,0.019585724964703344
2024-11-12,-0.0029487708720343786,-0.002013906360706641,-0.002811648684090229,-0.001546271979469549,-0.00819228716332887,-0.004883282059379268,0.00012502550363335807,-0.0021169422886266887,-0.003860388453019059,-0.0018317474657627564,-0.006490892142241411
2024-11-13,0.004517402979046459,0.0036594471395043904,0.007257511441998599,0.00420273250420844,0.004966285202327336,0.005108654890519926,0.006084369955405622,0.00503861632051561,0.004233544063751538,0.005190628732842262,0.001859881207919134
2024-11-14,-0.028649262926113472,-0.027568033653373125,-0.02894993378583488,-0.028229754205855828,-0.03084424693014709,-0.028745258331260404,-0.02842943636224038,-0.028620370432614006,-0.027783259106103464,-0.02878238369356989,-0.02843896386477829
2024-11-15,-0.010735648826936894,-0.010261334139321954,-0.015366192871098416,-0.010790037551137943,-0.01639474834736032,-0.012455887859388115,-0.009720985681511696,-0.010968555660825219,-0.012578238278915355,-0.010749689799171458,-0.013584674545824571
2024-11-18,-0.014580283478532463,-0.011135921852485575,-0.02873723603711087,-0.011205230704042002,-0.023204696020717175,-0.015578414912998273,-0.01662060072985516,-0.01700389357157639,-0.010033295092527261,-0.017841146955392406,-0.004533493290287183
2024-11-19,0.02274134045065451,0.022202018258941643,0.022986254602121503,0.0221627902169139,0.02551220132662402,0.02359043786469914,0.022317619575285746,0.02336648085857528,0.02114140124768627,0.023670008032643367,0.020076758769202178
2024-11-20,0.025813000541313524,0.025879866595530654,0.029211304413562678,0.02611076600095741,0.02438473586697598,0.027197061107043563,0.024047555542905164,0.026199691965643535,0.027181858355705746,0.026394543478718724,0.02545431245884866
2024-11-21,0.00841998466597671,0.008806591498263794,0.00980581079996412,0.009323687307379869,0.006328129300814611,0.008381231242283294,0.007984788660977626,0.008443621288816594,0.008985254602682735,0.008982429654297741,0.007680176648272363
2024-11-22,-0.03396304711456488,-0.03382658015250484,-0.03519349017114981,-0.032718108430128345,-0.0393305766088593,-0.03541339463994375,-0.03343948907691563,-0.033979762446709416,-0.03193131846732289,-0.0342160806565488,-0.032599369500722286
2024-11-25,0.031207427421764633,0.029232517352382414,0.03167091871636574,0.03151897597755293,0.025652980139805104,0.02848021534710843,0.029510176199431193,0.03139331075608709,0.02799348205650931,0.03210439508222751,0.023865525838198787
2024-11-26,-0.004236716716041866,-0.0034836557089779063,-0.005323445618427125,-0.004752593011576378,-0.007796153203815659,-0.0073089365299358056,-0.003079174345854141,-0.005388751689973548,-0.005168234999600507,-0.0049953308900413385,-0.006711196724732527
2024-11-27,0.008298640422162107,0.008455258712843694,0.008984388316032765,0.006646120680892986,0.013187453878547917,0.0093333440951755,0.010150590401889259,0.009189836477786706,0.006926721237509259,0.008745863989079616,0.005925243040455941
2024-11-28,0.014792886004799666,0.014908535708800352,0.012478447928414127,0.01596965009800755,0.006580449521846887,0.012645063632335862,0.013353444665897163,0.013096726796488323,0.016086218475736214,0.013266313717183564,0.013982319700130974
2024-11-29,0.012177650721879374,0.011917036989829821,0.012559827266666268,0.011541724208395943,0.0134114677648971,0.011714747453638541,0.012977947870095985,0.012915782664466136,0.0120359274461177,0.012135202670938261,0.010776198881227161
2024-12-02,0.02263788782935494,0.02141797848164706,0.02272547677999448,0.021942640745450603,0.019229612731796575,0.021620890129083747,0.021772253861568114,0.022538256222618402,0.02219769632903512,0.02320853009801449,0.021660766308095214
2024-12-03,0.005750418459042464,0.004358781903283123,0.005515655906532524,0.0050898204365156,0.0033044456060620066,0.004965589665962905,0.0024171136236453435,0.00583066686829848,0.00606250563359494,0.005514346675160775,0.005000402003572033
2024-12-04,-0.015471143450258129,-0.01535492913839831,-0.014336542451971357,-0.016021640417191785,-0.014544972004678303,-0.016743169616470488,-0.013345867518564924,-0.014819679963048893,-0.01626621537622419,-0.015462032776855095,-0.018308982889258973
2024-12-05,0.015670005717182578,0.015075375895368115,0.017190295705622027,0.014362923050647458,0.017684061231708625,0.014965360791609594,0.014558509736874559,0.01611261158870292,0.01360488512905711,0.01689992209540314,0.014038223428441077
2024-12-06,0.009310733295048612,0.011181644686586223,0.00796782328186496,0.009845492979838166,0.006313141379832965,0.00836061636512997,0.009681656506764336,0.008400930142293817,0.011366192199950609,0.0076633865125514955,0.012995113088374755
2024-12-09,0.005394688256717073,0.0044752068187194904,0.006956314844888789,0.004760288876450636,0.005228208699643577,0.005238809009469048,0.004477783738146224,0.006570306648682633,0.0030384849996791807,0.007031621561172097,0.0016740999175328675
2024-12-10,0.002270768873265272,0.0018577172821550025,0.003361312184156695,0.001883776036992968,0.0079403849152333,0.002386944049703077,0.003721449113448738,0.0036039617309548966,0.0025212455899707997,0.0029367966779756394,0.002063631445271108
2024-12-11,0.015367991262164926,0.015723189722484987,0.014106304949512039,0.01646339213714243,0.01091903344593148,0.013625717120503644,0.01490218344340244,0.014442071131939516,0.01623504696742728,0.01475793114470747,0.016397832245881094
2024-12-12,0.018299906276284306,0.0174040734936316,0.02018673813610805,0.01880250207392531,0.010130402905421443,0.01730513686502766,0.016006503473111167,0.016454407168856378,0.019139880012366994,0.017797862119720786,0.015800688206865976
2024-12-13,-0.015476446123155685,-0.016059230296742943,-0.013333101687115989,-0.015095003713471167,-0.016271596939278044,-0.016004998492224032,-0.01415835090116535,-0.015693118803344897,-0.01696185202801781,-0.01506979289400212,-0.01799049684834131
2024-12-16,0.004183030023442669,0.004869522677306337,0.003287006947622517,0.005643243550324417,-0.002017831740039111,0.0038328029530507735,0.0017218378185968053,0.003941508045351316,0.004004928512957973,0.00365547791429921,0.0033486000528444304
2024-12-17,-0.05114627940641394,-0.04927432617687977,-0.05823729996820811,-0.051987068030685174,-0.04789808509843002,-0.05240951438337612,-0.04239870566727348,-0.0502810336237578,-0.051654803783881716,-0.05191466785937464,-0.04776230639601346
2024-12-18,-0.0006257929080201174,-0.0002641192155948824,-0.0008209491458995855,-0.0006383396098171845,0.0018813387732281583,-0.0021471224799923805,0.002549544817778804,-0.0005704413430507316,-0.0013009836449137113,-0.0002740748319673969,-0.0008653652967417491
2024-12-19,-0.003238138127358292,-0.0030053877350508795,-0.0013732078021211347,-0.0029550997070194596,-0.0003583223224831178,-0.004200224095966765,-0.0009176265124267724,-0.002287436313832214,-0.003177689611561174,-0.0029996094673225837,-0.004637089069113309
2024-12-20,0.014590019687529487,0.012826004857224849,0.01689015719228948,0.013668446698569925,0.018953847547353853,0.01647455305788892,0.012307359564805775,0.01586208053202376,0.013054767881999885,0.015804409087990523,0.011468173937750903
2024-12-23,-0.05251115766516923,-0.05050295625062018,-0.0657509017345389,-0.05207154051812224,-0.049454242413657146,-0.05545614756048545,-0.040048775588329866,-0.05175254651377614,-0.05303657776334736,-0.05368367668781093,-0.04547717667475104
2024-12-24,0.007051776926632725,0.007884745951985517,-0.0007198842025727403,0.006714922455421268,0.006482390106116842,0.005132798522679893,0.010506940974733814,0.00707906333854158,0.008144837262434201,0.00618439774484103,0.007342578783327891
2024-12-25,-0.026344687658276467,-0.025194249008824054,-0.03135195609646613,-0.026515819332359136,-0.023805484512491426,-0.028011243407180864,-0.02079429611027972,-0.025994970007875873,-0.026460286870637062,-0.026852465014016835,-0.023955874135729194
2024-12-26,0.015328465834068217,0.013977142190035652,0.017175825085487206,0.014067198129871228,0.017170303388114094,0.015817754013775165,0.013462600259638746,0.015668894755902718,0.013993836129548853,0.015852093124435696,0.01095657039807274
2024-12-27,0.014725403685585059,0.014102342876027851,0.014910283354141463,0.015819762885028732,0.007739285530121931,0.01277638944526216,0.010100563405609275,0.013180246423168285,0.014583528376434618,0.014121317978086356,0.014046615581332134
2024-12-30,-0.014049016500725764,-0.01390039608456295,-0.016494217020867397,-0.014296198502147694,-0.011691622240953103,-0.014313660559505004,-0.011837564498919373,-0.013418453983717993,-0.014171125305211585,-0.013872539998181166,-0.013084378222461668
2024-12-31,-0.01864532524572709,-0.01887552952107167,-0.017942004812684695,-0.01848827265394095,-0.019759972844148502,-0.01852374589711543,-0.022492173105645573,-0.019285184043643003,-0.018135750943886142,-0.019238056814702847,-0.018197780958285822
2025-01-02,-0.010806844390262027,-0.01080897556296223,-0.009357383800896346,-0.009877327796463997,-0.016519854206109685,-0.010642341272495526,-0.014634353601554073,-0.011577477117779345,-0.008714669709876555,-0.010989980162286805,-0.00972317329836836
2025-01-03,-0.04038075843214084,-0.03923622125315074,-0.048215667241098936,-0.04032501939871025,-0.037227760213711214,-0.04085220092034114,-0.036582426475283536,-0.04056494698220858,-0.04118026652640916,-0.04122415184704398,-0.038392640758580954
2025-01-06,0.0008259137954615969,0.0020451642160872474,-0.005767192662434195,0.0018346786359317857,-0.0016155432319823193,-0.0005559974899548292,0.00321542481693049,0.0009077351178752302,-0.0009700600236610679,0.0008015748238718867,-0.0002445678229268111
2025-01-07,0.028120236672191545,0.026065904945291818,0.03585854676349731,0.027476480678311654,0.02723105585157959,0.02851990511310243,0.023133079171753224,0.02830030741683709,0.026165605393043245,0.02924179295585394,0.023128616615323505
2025-01-08,-0.001844193037626174,-0.00238023703233603,-0.0010427592258589469,-0.0011616078724305812,-0.0009296607190487638,-0.001489326595708218,-0.0028637547990967294,-0.0023521485955319,-0.0005675215816965951,-0.0022640842818054674,-0.0004598671803515142
2025-01-09,0.003669921510398355,0.0028513186565133353,0.005421507447246343,0.003608421246937832,0.004092808551965588,0.0036271771830345134,0.0022675134224727778,0.0036607127331760303,0.0030209741846392024,0.003923925012411678,0.001121236700118322
2025-01-10,-0.027640086656402607,-0.027466995839414143,-0.030616721945511682,-0.028219266250349984,-0.024627322429437215,-0.027270201350488632,-0.02986057820472765,-0.02768262706251179,-0.028820153860062758,-0.029063536435307902,-0.025949632086709418
2025-01-13,0.005486536905668027,0.004967784686017218,0.007968635167167948,0.005879045900603952,0.0038683976391913344,0.005427770735288773,0.006887675903591628,0.005732388250624831,0.005501937114995581,0.006497964311467763,0.0037040821407674507
2025-01-14,0.047069134984723426,0.04585376786053019,0.05381305974861772,0.046508370613471905,0.04760145700090601,0.047432566322647585,0.04386142870601928,0.04728840046130767,0.04578326198894511,0.047832384144620876,0.043692126026054545
2025-01-15,-0.0017002593560476265,-0.0017817359338482353,-0.0003485399131035705,-0.0018069417828942597,-0.0032470277187467587,-0.002852437501669201,-0.004233100501465735,-0.0012803827662884945,-0.0019706461346847793,-0.0014295870032784382,-0.002693317956959456
2025-01-16,0.005716512382234695,0.005680321191799509,0.0069786132154050495,0.005228740376367558,0.0026522927121395146,0.004561267227368937,0.005219920210946416,0.005413120959087303,0.0062524033576687454,0.005578639441055078,0.0049557150957240115
2025-01-17,-0.0013283928370957376,-0.0013650822399073892,-0.004193013038226723,-0.0014912494343145566,0.0036688298000229214,-0.0016862466046375646,-9.484034481421766e-06,-0.0013823316029418775,-0.0024322382063260983,-0.001280094262253506,-0.0014827908401622292
2025-01-20,0.01635486998442448,0.015076283234816579,0.01689345388434771,0.016175531727428805,0.016987653203774933,0.01715962788459069,0.015173115199514253,0.016270808833636075,0.015337250803941327,0.016123163642947302,0.01416448249790303
2025-01-21,-0.006861430028496485,-0.007623852903044681,-0.009009200263666917,-0.008298202594192894,-0.0018400504906204151,-0.0058617581750312064,-0.00907854300008537,-0.007269677001764729,-0.008365806842959844,-0.0074643559893653455,-0.007642088202782449
2025-01-22,-0.008109591667928462,-0.008474449117909622,-0.010066473143269916,-0.008689905401432885,-0.007027574094534583,-0.008021310668192116,-0.009092930461876536,-0.0077995168256295155,-0.010694637867377121,-0.00785359953468534,-0.010154849545180977
2025-01-23,0.003950639331470995,0.004692637516023224,0.0014580485652861963,0.004139187457923299,0.0032496925179998915,0.004818371999711246,0.0032146885134651804,0.004327277605973068,0.0036392074870934543,0.0036061704693792773,0.004156303157745844
2025-01-24,0.009721479174030767,0.008641115040683323,0.009691560506415842,0.009306199161254858,0.01002588430221607,0.010170174373232976,0.012103577824049916,0.010312035927658947,0.00890363030451713,0.010812553796617719,0.00805073357152808
2025-01-27,0.00017383347580857134,-3.30121880414147e-05,-0.002019610924441584,-4.402173747797278e-05,-0.005689769245956433,-4.019420402823215e-05,-0.005181925820020861,-0.0004092009020045806,-0.0004329660967778981,-0.0008877511552145556,-2.7596420644204755e-05
2025-02-05,0.01375144737029066,0.012283200045361431,0.020517584924286014,0.013746396300854613,0.010813649210407394,0.013609022373703983,0.01874675202154319,0.015165421478563479,0.011416931398090302,0.016863280865581087,0.009531437232496831
2025-02-06,0.014181329669347233,0.014106123037075721,0.015576109127271087,0.013551777703432997,0.018447781729556457,0.015334323199086534,0.015082542691165076,0.014712985226931288,0.014219019539651498,0.014159854871526791,0.013821816762432885
2025-02-07,0.009764965473064047,0.011510016479315599,0.010446639718603157,0.011524884213361064,0.007988968083361137,0.008769478824620203,0.015080249856715522,0.009563290976633887,0.011945535199557877,0.009260596190838744,0.010285094686826035
2025-02-10,0.021985167000801997,0.021755865030445243,0.026418300973648057,0.022424731819493893,0.021036674749367545,0.01994616335451438,0.026409081700639492,0.0225499448093045,0.02092078651336271,0.02254422061931316,0.019378266278988754
2025-02-11,-0.0034530337728509997,-0.0037059119878690705,-0.0015441748812302647,-0.004521733088609148,-0.0010854100962701674,-0.002721744460038922,-0.006025228014072126,-0.0034232506633303794,-0.005388040017846429,-0.003938075690167464,-0.0026685549156284516
2025-02-12,0.0056336205638198855,0.0060454367186475455,0.005533730044258611,0.006232152640027744,0.00638520193535963,0.005948270057964944,0.006390779538960389,0.005367723008359082,0.005321285721348712,0.005397692028277223,0.005735334284773241
2025-02-13,-0.011788923704540877,-0.01133998337449138,-0.012861495468520223,-0.010858871103689882,-0.01513880737233908,-0.012263510847612236,-0.009497068803447695,-0.012061353192972413,-0.010272399575194435,-0.012153708023214027,-0.010085147770570901
2025-02-14,0.0024630570233294957,0.0021998912959513284,0.0035551159097879648,0.0014570935526470041,0.009560302832093415,0.0031421737469052857,0.004193785568589625,0.004534716111473491,0.0017414944667812904,0.003496368268222083,0.001610245281011169
2025-02-17,0.021160357853036604,0.020636304081367074,0.02267599379187102,0.020660398927077717,0.01660516908127252,0.019590741006248358,0.019303967767696717,0.021259894290369896,0.019544032343046913,0.021532236694474127,0.017513814940045114
2025-02-18,-0.02393356897767729,-0.02405899333065431,-0.024954889110744283,-0.02448004357985667,-0.02167676398327889,-0.022951970270680078,-0.024463101974401047,-0.02561109204382417,-0.024309019745401894,-0.024741155231699286,-0.02261650037481311
2025-02-19,0.019176665516184244,0.019348770512446878,0.021239064648567618,0.01848665455557552,0.025945952669380823,0.020053723316942218,0.019245962922855187,0.02059940563537066,0.01750797590009401,0.019794827280891658,0.016723677301443196
2025-02-20,0.011092958435545707,0.011484953812135937,0.011936224378136498,0.01117108728157012,0.0129262703061071,0.011755288795422472,0.009660804534477912,0.012143997086898851,0.009256505541461953,0.01154378209424514,0.010839101554045423
2025-02-21,-0.0031658167874677456,-0.0031910484274764173,-0.0031679974953191525,-0.003773742191079621,0.005423264727271171,-0.0008858200587869014,-0.0036717194516179275,-0.0025434274912505828,-0.0031973222742199825,-0.002683588190979247,-0.0012482781333195136
2025-02-24,0.010990973052151132,0.011010693690874929,0.010471063351916943,0.011161721603791808,0.003954465948714514,0.00980563128045242,0.011353364108006136,0.010447210754269243,0.011318110199983522,0.010717249018856734,0.009606382154225379
2025-02-25,-0.002964790000949513,-0.003156134404570188,-0.0037026957763965918,-0.003356705091786538,-0.0012150683111169513,-0.0019627979502767623,-0.004257710180862517,-0.003067641874621274,-0.003833349036842959,-0.0029034202292204103,-0.003143173721520509
2025-02-26,0.016211495049847757,0.016652733156967692,0.01425384894134063,0.016048255761115016,0.014368295829003452,0.015326884065569368,0.015561103358370243,0.016140694196346006,0.01589910017839724,0.015567382279879638,0.015567289535358908
2025-02-27,0.002104775029625694,0.0014401184673578094,-0.0013898387718422889,0.002463664667594845,-3.7453888112271017e-05,0.0006718868893549335,0.0016562930882384475,0.002069332099819965,0.00032919086344862514,0.0015023210163687128,0.0010746886501666886
2025-02-28,-0.02507390881386029,-0.024279321150913247,-0.026775974434192662,-0.0234314428993726,-0.031622527398646794,-0.026518083284451488,-0.022582440228526623,-0.02513544206371976,-0.02356909611360125,-0.024651470651628427,-0.023785438507815004
2025-03-03,0.008048760692488388,0.00720137578101232,0.007026987942049923,0.007173896905569022,0.008548748447861465,0.007770518746395894,0.008407786850152199,0.007790810826098893,0.007473324761481326,0.0072768734350572295,0.007666492328179286
2025-03-04,0.013525638940470763,0.012188202485344357,0.015256514203353388,0.012308322984756481,0.017905767176229048,0.014823313356031598,0.010762660316970152,0.014045025337170003,0.012543953402243124,0.01384718267949614,0.011123504458675049
2025-03-05,-0.005012260083826159,-0.005566315765726859,-0.001982045069410021,-0.0051671709001908095,-0.001115887613591382,-0.0028841399709746973,-0.007646459180260634,-0.004968624835443247,-0.0043183625316308705,-0.004662876564139662,-0.005087531856506899
2025-03-06,0.014189899861913437,0.013152978248842418,0.01682133651948331,0.013549186152206592,0.017418277839614242,0.01673285143643272,0.010562511989015453,0.014772787599057315,0.014981685573045578,0.014680338981360331,0.014418212544295416
2025-03-07,-0.00593320020337762,-0.005843814030692451,-0.004318620739250267,-0.00566828136401365,-0.0021472720250522714,-0.0036092639445194363,-0.006321011307760971,-0.0062152073056662704,-0.005221327108966167,-0.00647289714280741,-0.004586874841516986
2025-03-10,0.014578500845984,0.014546243651087032,0.015161518773899374,0.014436652042709275,0.01117186900767031,0.014082364722737273,0.012761434078488731,0.015021981346908131,0.013392325493255752,0.014745416829396119,0.012386323361858631
2025-03-11,0.0053531722500703705,0.005735445725336019,0.006737138365647155,0.006128910857135406,0.0021490630132234845,0.00608282134333038,0.005981989364810314,0.005817108616624989,0.005664840996896459,0.005822446410256754,0.00436059185110893
2025-03-12,0.004285184286441757,0.003398043693169317,0.0066360917459991065,0.004212893638478876,0.003466098444025123,0.0044743852251005745,0.0032108214112447353,0.003956458285673037,0.004597332573559099,0.005277309162353028,0.002896431283455847
2025-03-13,-0.003640734099741194,-0.0027776178950879027,-0.008200009112060758,-0.004187380209550784,-0.007350446268479804,-0.005857284026545284,-0.0015489198347531374,-0.004205590696943262,-0.003116356968234868,-0.004397938120162759,-0.004107309462647923
2025-03-14,0.020238491948760595,0.01998810012094898,0.0182375844838234,0.020049754899406746,0.018944200422162494,0.019522291757058996,0.02055607113233271,0.019944295776110676,0.01912759520084406,0.02018446472397173,0.018733615433021322
2025-03-17,0.00804093321354915,0.007458349307897905,0.009744227146298856,0.007581151577287892,0.006887106458899783,0.006573208150023158,0.009207493430592573,0.0071936005473607345,0.007733967493558369,0.008012275565814742,0.007097952234180971
2025-03-18,0.007486396600043355,0.0066201844612796545,0.0075538827982528645,0.006620043714937296,0.009192907561751174,0.007941338342219773,0.005243820751752226,0.007303387840738251,0.0069762492855052205,0.007007369064418789,0.0061022243278854305
2025-03-19,-0.00322054860540566,-0.003148775165281781,-0.0023390690289391003,-0.004044567681049105,-0.005522730465859049,-0.004603395599496407,-0.003104826065726485,-0.003396592833915024,-0.0031127802140356042,-0.003610197556529693,-0.003420063180691657
2025-03-20,0.003968475436261495,0.004184625825369946,0.004559577834488793,0.003719388499654956,0.0008259193970901286,0.0036377580960575066,0.002421548257966051,0.003658780098177587,0.0036151087687099626,0.003806873814678406,0.004050761324872749
2025-03-21,-0.010450083804675825,-0.008480393459306623,-0.012116231676093214,-0.009183493373934204,-0.015366319078491397,-0.013136947213732597,-0.006144373278724524,-0.01089076914104714,-0.009338812918097239,-0.011260104305454988,-0.009696849326708112
2025-03-24,-0.03013387105356813,-0.02731581011992623,-0.035536921475065486,-0.028566879109522714,-0.02736416421212906,-0.03193701362558854,-0.020701436100345694,-0.028944954724614003,-0.027813625425791355,-0.0309044822486636,-0.025883870728883984
2025-03-25,0.002815143419864219,0.003580323828178189,-0.0035835954561127537,0.002929623959528671,0.0007745370498175586,0.00236676648373213,0.0037530260791431846,0.0026986179914578745,0.002567807687201329,0.0022897154762169247,0.001707310952319796
2025-03-26,0.019791168999698128,0.01831973045654678,0.022897386635583272,0.01924906095844947,0.019021029705704295,0.020744654288366027,0.01377724212539877,0.019256696473768597,0.019193696509753666,0.019991132018257307,0.016931614580969923
2025-03-27,-0.006308857836042847,-0.005297695979072703,-0.009773990497554452,-0.006839328213497087,-0.0036874299038723857,-0.006846537367343197,-0.005310206179858334,-0.005707526342377034,-0.007804107758952128,-0.006658149816832104,-0.005306101053586532
2025-03-28,-0.019678302833554873,-0.01925515194735017,-0.02189759373501754,-0.019995309935731842,-0.015557320153897547,-0.019058405237988185,-0.018080857223904068,-0.01935896350505284,-0.018957983691435865,-0.019927493327929313,-0.018630225636270703
2025-03-31,-0.01509845250699271,-0.016570836390743526,-0.01372048211902066,-0.016615557233659706,-0.008738359315710875,-0.013036231334610293,-0.016406686405788795,-0.014978758391923863,-0.0159015141523704,-0.015173147344480054,-0.0145880289632353
2025-04-01,0.025485426794628285,0.025221090410778135,0.022347019264191026,0.02535556848944509,0.023397850983485124,0.02371284862936318,0.02461317085583481,0.026585006533824895,0.022975081391424013,0.02652878119608637,0.022382052079820136
2025-04-02,0.002619907575119651,0.0023795388265712702,0.0033436262048636145,0.0020228446189396454,0.006202127722129358,0.0031510387323290256,-0.0009607204443521367,0.0034856240861012022,0.0014367505926231594,0.0034637473291512233,0.0023471577918541264
2025-04-03,0.0034460617248155906,0.004123929779910877,0.00025821432440953384,0.0035453258684520284,-0.0034494185521514566,0.0008276096041359668,0.002340393152394787,0.003132360573579414,0.0026676671587549383,0.003169383222250875,0.0017624669469644846
2025-04-07,-0.12435048266852244,-0.1198863884036242,-0.1293839177868148,-0.12152891747795869,-0.1363637014068978,-0.1291956166768814,-0.11932714455511029,-0.12526663539948835,-0.12147027563468626,-0.12548323769881065,-0.12304273358527418
2025-04-08,0.006175904381383157,0.006684477749306028,0.0068783791481985546,0.006549580650464071,0.012987126942157534,0.008425442407177686,0.010069274655776006,0.006090051134549634,0.006988996481040122,0.00720385355744213,0.009532711379040881
2025-04-09,0.027830953287724558,0.02649192806515588,0.032509240864137645,0.02774640294660191,0.027837440221638143,0.027767909655235234,0.029853824814423335,0.029139518571006606,0.02598606555061367,0.03005267121023314,0.024269514551030547
2025-04-10,0.034468861804330286,0.033521388482028014,0.036357491273491194,0.033885620061116395,0.03256698223009247,0.0333515371366202,0.0353322890768466,0.034746045774193046,0.032153292251461796,0.03579408956297869,0.029652010147022123
2025-04-11,0.003940695906655023,0.002355716692278964,0.00330742893560787,0.0022821518878275437,0.00946707104025668,0.004854667791289735,0.0018702067799076794,0.005275144343266147,0.0019851992158161913,0.003926838896534779,0.002854448154750111
2025-04-14,0.020333992148806157,0.019480899431643106,0.02462175813464973,0.02115403959051987,0.020117650973849432,0.020670163619528115,0.01837773052356928,0.02043432754135166,0.02023212485280057,0.020846749884846805,0.018890885604993857
2025-04-15,0.0022784532609190222,0.0016566169301985845,0.005414911361512287,0.0018490023484851736,0.00445988042685741,0.0035477084835520145,0.0006099093068796524,0.0022926272896075517,0.003922805148746766,0.0032989254061979167,0.001697401912075014
2025-04-16,-0.014356317416370001,-0.012812547867852464,-0.015845309531361207,-0.014185999813756567,-0.015147989705069365,-0.014355560449617055,-0.011487995102805293,-0.014283960946144814,-0.013137585138376373,-0.013933220902755394,-0.013192912015050573
2025-04-17,0.016096676297688406,0.01519837306197025,0.012919237815572249,0.016346511326426505,0.013595796401814741,0.015386841800460349,0.014419649555916347,0.015567778487096895,0.014988198652223783,0.01675214804696923,0.015076961740582373
2025-04-18,-0.0021649058977577574,-0.0013060471135137365,-0.002035034699609416,-0.0021680381537244574,-0.005455889204889468,-0.003717727272364549,-0.0005394482832360059,-0.0022716491242611185,-0.0019054761609939568,-0.002421673439664395,-0.0026907163559149586
2025-04-21,0.01317607085176875,0.012414713345384243,0.01352299160988335,0.013431566414243479,0.015914926556301,0.013068467518469351,0.012271240405118178,0.012893809699821013,0.013472775050680008,0.013276396475771612,0.012779790080675868
2025-04-22,0.009424867151371696,0.008956847142259639,0.004988049400308059,0.007983898201837425,0.00759792963271555,0.007423173344869971,0.0043235408306485645,0.008104144700022298,0.009244385309791436,0.0077285802524287295,0.010777116635227957
2025-04-23,0.006742478749911296,0.005655959726914128,0.007418401819782483,0.0075734694051077245,0.0075668052423216725,0.0073234317233432655,0.008027395749986344,0.007684362588800786,0.005509016501644481,0.007384486830277481,0.004416180149372506
2025-04-24,-0.003084798737214123,-0.0021051692913534037,-0.0062469456660690925,-0.003455430441849372,-0.003533329784032424,-0.0020062288054665256,-0.006122477390999137,-0.0039169871666175915,-0.0005704492388701743,-0.003786582142523587,-0.0016635908268838318
2025-04-25,0.002191449887916308,0.002580824470334697,0.0005120762605017593,0.0022556988590562987,0.0004164125127930074,0.0023491199205532,0.0014232939308571613,0.001597123307036874,0.003060310379250586,0.00127051763396957,0.003467147463827258
2025-04-28,-0.012872420272167395,-0.012397395949321655,-0.011389212869038157,-0.012198185141833018,-0.01218967882381261,-0.011591274498011117,-0.013248187149404456,-0.012704465811561594,-0.014026534504391064,-0.011663060205487574,-0.012585576252788111
2025-04-29,0.019476531361064975,0.018526503805135874,0.01990243946295478,0.019654212299329288,0.017396442028732473,0.01943707448129217,0.01725812236166213,0.01926016863081559,0.018387614440465327,0.01944092279672871,0.016982454853891937
2025-04-30,0.012019640110544794,0.009563184885191589,0.01262240852548313,0.012332186313193327,0.010368075879563898,0.010221292437487373,0.015161154736671456,0.013315096849911168,0.00839450180360335,0.013677056926288733,0.0059599313499159035
2025-05-06,0.02856687490774079,0.02749264936602991,0.029615809783590574,0.029280923764531064,0.026863204185457956,0.02781839021834598,0.03014303220851744,0.028983206044803644,0.027630080212944774,0.028736307824791085,0.025859379422639606
2025-05-07,0.009661354370510022,0.009918791546055971,0.011196692591166455,0.01007129994137442,0.01028757196437109,0.009927412813015913,0.0066406633957193095,0.009570831200894164,0.011486439980386572,0.010110880649349304,0.011182465709119361
2025-05-08,0.014933384106244008,0.013884565969422447,0.017059005239805858,0.014900754630422508,0.015974642416213714,0.014608466180421997,0.01652853124785003,0.015395465049854229,0.013565010585244064,0.01601698140508323,0.011044182782110612
2025-05-09,-0.005637979249257685,-0.005034104431481667,-0.00703873913733899,-0.005644029050094201,-0.006879121974608271,-0.0055686848690946755,-0.010708457986123632,-0.005686480061028454,-0.004983052881029515,-0.006465143675053797,-0.004785743002470921
2025-05-12,0.008785294624745088,0.008057763623825487,0.009946924214156105,0.008647220106866138,0.01017063277106467,0.008405921770131553,0.011774147005898739,0.00864858060693563,0.006877065669404603,0.009497238506835703,0.006843321913638123
2025-05-13,0.0008437015307645179,0.0008969880461568991,-0.0010045420746156442,0.0016359797738147996,-0.0015139798004158989,-0.00016919125448033867,-0.0005139686459040282,-0.000845812987245953,0.0015186140183984786,-0.000784835164393316,0.0021892909914091874
2025-05-14,-0.0009704448946131761,-0.001001468576672937,-0.0019333907567194997,-0.0001846099380874433,-0.0035373579745934247,-0.0016904067514363907,-0.0018706846845044645,-0.0016087721003980038,-0.0006012560846510029,-0.001391441405100502,0.00021671694685365672
2025-05-15,0.0038710604544618388,0.002993310910636593,0.0033943766798845143,0.0036139892967363973,0.0009592579110218047,0.004814694964254462,-0.003811320916143557,0.0030615815217314157,0.0045970293956996144,0.0025738644190678173,0.002645722940962436
2025-05-16,0.006096005231964963,0.005572322361202975,0.006092707610802384,0.0056889156593047385,0.007329028766619672,0.006439723169683331,0.007636656600186198,0.005931803895042886,0.007094789514776378,0.006460975779227773,0.005567035671266929
2025-05-19,0.015494017897036638,0.015737167125236207,0.0137680526409516,0.01513390728011399,0.011897455340253549,0.013202200533765751,0.0137971910769219,0.01554934852259482,0.011927350191772934,0.015343514503666889,0.012508173150594493
2025-05-20,0.013042271915487902,0.01138325608087265,0.017251517725788146,0.012618138373447163,0.015279474659602998,0.013670711242694589,0.01304783364239448,0.013387232145602557,0.010994964286863862,0.013657879037922038,0.009456606117960398
2025-05-21,-0.005633682673675179,-0.005642800738886285,-0.008644131944564717,-0.005394042225966851,-0.008194001925627189,-0.006759145344594432,-0.007149245435487081,-0.006093664228311136,-0.004331175122268269,-0.005624749981558571,-0.005069170015743547
2025-05-22,-0.014737919904806773,-0.01445717662697954,-0.013500565351359017,-0.014923181562790488,-0.012276078233611543,-0.013729575754371948,-0.01423199610405268,-0.014965682919064749,-0.014243395113338941,-0.015277756671889242,-0.013337219153573776
2025-05-23,-0.008053419050618849,-0.007434743834409563,-0.00912812921157602,-0.008031100737633912,-0.007211714444479322,-0.006792439870920042,-0.010414232385935862,-0.0077850455364825155,-0.007381864154742179,-0.008568994147951203,-0.0073598614431786835
2025-05-26,0.010137166385911778,0.009675320689076283,0.01150374968970902,0.01015678924977026,0.009155721866177302,0.010260216799425459,0.010431439142939203,0.010173448295168974,0.008582061453512146,0.010843633664618935,0.008442522570083488
2025-05-27,0.00992647387547585,0.01072515400698193,0.008733182044573962,0.011098032816177383,0.006536669307083409,0.010248474037496846,0.004756816116495699,0.008874783181545443,0.01211355355772925,0.009534525633830393,0.011688784641878058
2025-05-28,-0.0005205096874877357,1.866484468981966e-05,-0.003250349855156709,-0.0001508182014139381,-0.00045882255208562484,0.00043605461855511507,-0.003280779365678388,-0.0016888893049006315,0.0004381134977937684,-0.0018094586682995129,-0.0006008594420727764
2025-05-29,0.017541003997006532,0.0175584147477994,0.019722099557861084,0.018157811257754508,0.017836179617963577,0.017087938067932962,0.02229223486356302,0.018749502797859696,0.015663883642019316,0.01900136769648153,0.015598175846597284
2025-05-30,-0.011719026652921016,-0.010704787413168604,-0.01300113635819844,-0.012354559914114494,-0.013597420349920286,-0.01308617900700415,-0.01365465520361242,-0.01217790122916751,-0.011876443193213237,-0.0118729737751887,-0.010445500448475253
2025-06-03,0.01229022789833878,0.011212290911231104,0.01401241405950926,0.012155129004974174,0.011673360888210471,0.012511255178305314,0.007709394307921613,0.011577781839720913,0.012201305775555893,0.012393919884078786,0.008723974032275539
2025-06-04,0.011126310384080407,0.011195655657485482,0.010238631677124577,0.011724654005246027,0.009615880178934777,0.01045525852311524,0.011857522941645326,0.010524807205751996,0.011046604240637636,0.011457278129149095,0.01011142956008082
2025-06-05,0.0003525894634047559,0.00029212713150769437,0.0014899603599615536,-0.00027268556805626516,0.0022410633679276447,-0.00022750496251801788,0.002729039139175806,0.000872758424973014,-0.0026005450803437405,0.0005452564231515887,-0.002156226139174692
2025-06-06,0.009181430060191564,0.00911320899672452,0.009636858095354528,0.009565316112766009,0.006635706991433121,0.00828358485326608,0.006341925362880474,0.00940682746729582,0.007342296283842087,0.009693027917845543,0.007537070910956123
2025-06-09,0.01219868564411386,0.011398697064255225,0.013824792302202349,0.01179037741081368,0.012939777319552537,0.013523489275925726,0.011806903876264263,0.012450260532170132,0.011610456569213001,0.01218923815734163,0.012680398999999287
2025-06-10,-0.006266111861427781,-0.0055963531415238466,-0.008550964443253206,-0.0056225703591008536,-0.008619404919243068,-0.006911559932384903,-0.0060589276711812134,-0.006231459919406435,-0.006595039363371247,-0.006360961415899924,-0.005965350453184581
2025-06-11,0.005224220461872653,0.005044110161485538,0.006410140801947017,0.005178549547287803,0.006621215822173898,0.005786213441207222,0.00712737024609722,0.0050698687001056175,0.006248517082383831,0.005429278376962499,0.005419964105040975
2025-06-12,0.0023750289678607928,0.0018201008873253155,0.005032761616516002,0.0021752032905262286,0.0031651329976689624,0.004041061012068026,0.0008810420795892782,0.0025134047840715823,0.0026873238251630127,0.002288273065623292,0.0012798485155711692
2025-06-13,-0.016915240804783238,-0.016205460223567836,-0.018718975916606984,-0.014984460053246274,-0.014104818649637307,-0.01775135185012533,-0.01651730383992389,-0.016800563740363095,-0.01670135618645574,-0.016285940055305814,-0.015477154199273424
2025-06-16,0.011221421904002327,0.011087659826252816,0.01382054911883146,0.012208965643200065,0.013051328197166034,0.01193115854539406,0.011629794210404665,0.011717079179822898,0.011388496508715429,0.011881891991292637,0.010783308367658728
2025-06-17,-0.0025546314912888723,-0.0010972275935593467,-0.0026177236461714104,-0.0012776319232760125,-0.0029213589464934797,-0.0021641989195037015,0.0012382262459116333,-0.0018973312689565258,-0.001889087638444531,-0.002341846331323283,-0.001457318078838865
2025-06-18,-0.006352393004463774,-0.0069308813830152305,-0.005137363000823569,-0.005563937310255618,-0.0014230103104763137,-0.0070941284509303815,-0.0007152112421482393,-0.0054792207986466,-0.010316773778950683,-0.00428879165678131,-0.009655871383701942
2025-06-19,-0.01934256754130079,-0.01916439254339493,-0.022415952348438926,-0.020458860616474395,-0.01779559050055781,-0.018735440713105688,-0.01766378263723937,-0.019645897016171122,-0.020626800133031385,-0.019976809252058986,-0.01806667116821489
2025-06-20,-0.002422300096980523,-0.0018961778133682605,-0.003546272663711436,-0.002194563976710695,-0.006079226155124351,-0.003962226117899981,-0.0022603503535725267,-0.0025924677326443213,-0.0018013250155359817,-0.0023994162997530433,-0.0027103575578460992
2025-06-23,0.021603669893057065,0.020382886224109553,0.02432919481397766,0.020980741412159665,0.0216966240060954,0.02262728298892891,0.015953602362835717,0.021336156330713063,0.021036517910715258,0.022099355375780894,0.019776689528626434
2025-06-24,0.02323933474955142,0.024069914413984872,0.02433960880569308,0.023921785406615825,0.02337959995922878,0.024742563125387695,0.021496638376554467,0.024059556785194447,0.022735376394770412,0.024647108482588997,0.022680182418966854
2025-06-25,0.004433602657496705,0.005833563771715733,0.00426884371399483,0.005065388089993572,0.00421100366164473,0.003766717006073117,0.007151153143910127,0.005630731134427247,0.0034618042121890014,0.005457956301776479,0.0046981016042051404
2025-06-26,-4.5976639647338224e-05,-0.002042333468749824,0.0018383350946762356,-0.0007216510817742439,0.0008512823447484053,0.00031763597523992715,-0.0025840761765590914,0.00018766681341531033,-0.0006998093575826259,-4.219259445359391e-05,-0.0022323546389033666
2025-06-27,0.005732572939785907,0.006299392845568574,0.007362275691782161,0.00587869223380344,0.00667207154178584,0.006143018132176881,0.005975775194813071,0.00686696847885182,0.00506345515567741,0.006086709033461757,0.005180207856514407
2025-06-30,0.013987523094029841,0.012882911275890141,0.015913979984908844,0.012886531938031354,0.01891194637531801,0.015243785254648312,0.009437990139939512,0.014753312293958043,0.012422981388339416,0.014208518812085513,0.014452781542374504
2025-07-01,0.003218939262040088,0.002027315083561909,0.005777040440281933,0.003346580648905917,0.003617689208160746,0.004135955091270738,0.00146111054077247,0.0030874819342452398,0.0049766177520929045,0.00311275523538046,0.004766782617246168
2025-07-02,0.0014837199640651555,0.0020522144894037364,0.001531834771222318,0.002274801961805961,-0.00426064997055875,-3.823058516672084e-05,0.003683021358646954,0.00014221154441607098,0.003212589204547811,0.0008067980528088103,0.0006888278621162147
2025-07-03,0.005337518086775021,0.005061967172223038,0.005940618019478207,0.00454100678591424,0.005798431677497019,0.0059031312644146775,0.002674344659785318,0.005991629471186768,0.005241410956528357,0.005297895383359702,0.006649319185622378
2025-07-04,-0.010057510718004536,-0.009070550994334181,-0.01185363853089827,-0.009429133578195192,-0.011685369978596372,-0.01118289398017358,-0.007144926105753013,-0.010373928210586802,-0.010197115905881793,-0.010254979807102993,-0.009844108274777663
2025-07-07,0.015843253143317693,0.015000324320086689,0.01688500182773711,0.016785549766977992,0.014550021074824615,0.01709585207051978,0.011549500893100584,0.015293661461895924,0.016309656515780757,0.01542516237076863,0.013962001559826076
2025-07-08,0.010384164221280079,0.010453342763774298,0.007949515647357686,0.01045911254756704,0.009759076355768226,0.009020966265207209,0.01148139377490942,0.011192488617033147,0.009309547716751077,0.010421402554994241,0.011242911468338557
2025-07-09,0.005232229723431958,0.005182410676053184,0.001955305325185064,0.004666603355344412,0.0035638362692553827,0.004401098858872521,0.004817383667615971,0.005068703989981493,0.0036050258401509883,0.005116662668675165,0.0018665025062394314
2025-07-10,0.005263802992785616,0.006713846196541917,0.002840040204259431,0.005508937163802852,0.001884380305493094,0.002926382137655281,0.008439056131391398,0.005142242222045956,0.005848318703297828,0.004412265897598244,0.0076358714025366314
2025-07-11,-0.00020836296962623013,0.00046208997025765086,0.0005735568547078351,-0.00015349196265979081,0.0010777443582739021,-0.0006902496382935608,0.0007469344628812102,0.00016899843695883376,-0.0010363703854996409,2.87101825295899e-05,-0.0004908994283497892
2025-07-14,0.013625951256323043,0.011379782964785479,0.013622211205524204,0.0120836360344998,0.016202411372888914,0.016565354361825824,0.005619410702925487,0.013500271764016247,0.011835194264754989,0.014284199208795423,0.009754300044300557
2025-07-15,-0.012390346531214957,-0.012328148437942166,-0.014083411691693803,-0.013526472335381956,-0.00845680897142187,-0.01137403847632057,-0.012093828044485,-0.011832180675001469,-0.013487758472242817,-0.012241027206188027,-0.012044751542904852
2025-07-16,0.00903473054887094,0.008379373948309565,0.009630682989486328,0.0078044492164965895,0.009887715831361943,0.009228931448624245,0.006117772168052982,0.009015460084675464,0.007393588272665008,0.009140745459207622,0.005660573767174881
2025-07-17,0.005056609140989609,0.004630958862636731,0.006688926415419881,0.004202486769401301,0.006317144891809066,0.005194531574699508,0.003261720748641847,0.00468942814104239,0.003933923207110888,0.004805458123311285,0.0041879331274165665
2025-07-18,0.0032327567468677376,0.0033178876384540867,0.004287578288070026,0.0025243053019226025,0.006050648252015289,0.005043917583294144,0.0010247366653721723,0.003209768038514138,0.0032760511555138816,0.0027551321193246547,0.004589331853867451
2025-07-21,0.01849459648378393,0.018537126354663425,0.018782261322962235,0.019106718183820703,0.015366221039250894,0.01886468152845855,0.016750885373886915,0.017655144135748424,0.019409275113687396,0.018146875946754015,0.01949446578909364
2025-07-22,0.001233855044616039,0.003917821109109987,0.0008371143006338233,0.001548882948114727,0.0011827717038062069,0.0015513972301182122,0.003921753116841398,0.0010219747688753333,0.0017317177891005286,0.00037098692668480204,0.005411216098747396
2025-07-23,-0.003807788081101271,-0.0047116251343942706,-0.004313620451559141,-0.0050603742129816665,-0.0014876494335707147,-0.004337417641001928,-0.006926518736622089,-0.003668071849396881,-0.006220173154291797,-0.0042150566245146015,-0.005173276983109321
2025-07-24,0.01111384815759231,0.01134725056149799,0.012832011886312111,0.011934972595763815,0.010970931110527271,0.010585423338020705,0.011939928266052391,0.010858635868678634,0.012511204897585282,0.010803776752468242,0.01172664685344249
2025-07-25,0.002771236868513549,0.0014703712012567038,0.006364687779726763,0.002228928773225336,0.00902411025278349,0.005030230667249391,0.0017455107867103692,0.003585199941219974,0.0017352235403755856,0.003986177984652617,0.0017763354823585598
2025-07-28,0.0064729620088856965,0.005153850145577232,0.011387286896632043,0.005395982187898163,0.011349735838980912,0.007953203762359085,0.0025633597766021587,0.006563692810839905,0.004536554984981844,0.007328116573317001,0.0028779055823562327
2025-07-29,-0.002619577050215982,-0.0019409710140795289,-0.0021543370447583143,-0.0030623930599439353,0.000311157248678251,-0.0009139067679527768,-0.0016232686178295763,-0.0028255597675739264,-0.003209560229663788,-0.0027511018154074973,-0.0010126772161792585
2025-07-30,-0.0017747400172025696,-0.0014964554665533036,-0.00042781084953202875,-0.0012398135100770702,-0.003112066429437177,-0.0023351312574663163,-0.0008384212505427868,-0.001765956436072691,-0.0008732247986151798,-0.0015629791341343902,-0.0013661458679966598
2025-07-31,-0.015603267748974727,-0.016151535016263475,-0.014219710499302297,-0.016411727879602312,-0.010943018637106531,-0.012415643300608504,-0.017877187242689715,-0.0147730752874109,-0.015174395953078842,-0.016198696852757797,-0.014799153396900315
2025-08-01,0.016089291829507024,0.013691614894607795,0.01707886499339928,0.014509614877178612,0.015692921911305335,0.01688118081934653,0.009980988310427374,0.015643693784071155,0.014064296236179219,0.015505207723816694,0.012720657351956932
2025-08-04,0.013374330315974126,0.010819297266918548,0.014787281934434793,0.010931536908084016,0.017245909976052243,0.01405961977829251,0.007621373680989141,0.01387281567465326,0.01104482601533574,0.012571950302705304,0.00946875063958763
2025-08-05,0.011302299269938976,0.010927232899502037,0.011902482547659687,0.011291428963521088,0.011330673043504547,0.011605835402320075,0.009904316862412221,0.011653928536243363,0.010391771707074726,0.011595597815259984,0.010503005580837277
2025-08-06,0.005524257745882055,0.005222024759838018,0.004938180363562417,0.004122660186414384,0.008990828561642461,0.004927144011846352,0.003921713466998655,0.006303204270745155,0.002660450967379324,0.006316919727397341,0.0033037487588429837
2025-08-07,1.5926352977757574e-05,0.0005640987834860667,0.00039734710014505126,0.00016281492234337946,0.00011492496400800079,-0.0004932157683051885,0.0009905643083898408,-0.0002600011171962624,0.001312554822749723,-0.0002845244144825676,0.0008609779447710242
2025-08-08,0.00862103666815206,0.007938224994324505,0.007697312961854275,0.008959012080289819,0.00609567891152496,0.00909393811738779,0.004178773278434411,0.008056878269831813,0.009113693173445458,0.00757300919458892,0.008208127482985494
2025-08-11,0.013650338302554355,0.013644048526595176,0.0150995735440842,0.013848919880556254,0.01698029407660484,0.01437611930866689,0.012287720745329578,0.014676806418689736,0.012449879734383273,0.014697599147547535,0.013456665131042822
2025-08-12,-0.0005803019753777283,0.0007059115081013978,-0.0025201777187802143,-0.00043152727978179595,-0.0017483465132251963,-0.0023707088295941148,0.0020600976148699157,-0.0008726371108898068,-0.0008276099839438222,-0.001143385580299583,-0.0010779535312809285
2025-08-13,-0.0007949273780352151,-0.00023883830658710803,-0.0029984772713030905,-0.0004880521708688912,0.0010895951959699612,-0.00044426726117452464,4.985608573715439e-05,-0.000754943037664213,-0.0006479877958829316,-0.0015129397959110502,0.0001743861204088759
2025-08-14,-0.024039025545251735,-0.02275792864002241,-0.02557933875087564,-0.02329566802609395,-0.025941727299330142,-0.02429930151719962,-0.02070742583773257,-0.024269736795132443,-0.022689541069660257,-0.024160795992586703,-0.021610885168088928
2025-08-15,0.009072145114563224,0.009144899118999295,0.010621681598888655,0.008497519411406529,0.014125897223884687,0.010596446802670023,0.008565234681622957,0.009020195339739079,0.008609172978533808,0.009204093704645366,0.010715976438416375
2025-08-18,0.008548427092865518,0.008054182465079052,0.010052425987375546,0.00831550030381889,0.012160861416858904,0.008535112425917868,0.008274431944501837,0.009318867104643802,0.00777904103808047,0.0093210144227438,0.00750556941129199
2025-08-19,0.013617448073530491,0.0128390784599417,0.015913467114225144,0.013468328814829622,0.009232802509248517,0.013053415822382286,0.011792682025834722,0.013288367905445408,0.013492940207422865,0.013758981680189297,0.011853965012363687
2025-08-20,0.006598985369552501,0.007213395888956864,0.006380867255975975,0.007572621527524026,0.005729903605278475,0.005484585911608164,0.00980600523177877,0.006638760793463039,0.006736080531698496,0.006311610853898975,0.007451386850352293
2025-08-21,0.0036521821517614406,0.003165769486134895,0.003453047399495368,0.0032049700063201403,0.001800088401201494,0.00253898529645169,0.001854238966117805,0.0037563418466144416,0.002379922929794276,0.003095555229394975,0.0022738394851617993
2025-08-22,-0.003929827213433046,-0.0034271919077411006,-0.004080352511028118,-0.003687552584996645,0.0007825274608654897,-0.0036159999375946494,-0.002371665211225782,-0.0034682370489408365,-0.004821741688178727,-0.0037811306519978105,-0.002918315298475971
2025-08-25,0.0027517216513686105,0.0049682154473824625,0.0030710952833472582,0.003609131048723624,0.005447234721847272,0.004366451670636096,0.006183915898571701,0.0030459737284949107,0.004235901554639376,0.0023243014464782163,0.0064785106248801405
2025-08-26,0.0090205869108686,0.008083374702055002,0.010183020880435434,0.009069190639122704,0.0072487066395166,0.0077696006677248075,0.008595324792259662,0.00916767691121323,0.008588597515117202,0.009428053396519864,0.006785177868803061
2025-08-27,-0.03252321433631933,-0.03155513711332292,-0.036647738573832744,-0.03276878134113448,-0.031083905329597705,-0.03451243844330332,-0.026359746331704792,-0.0326172286875942,-0.03341295989319015,-0.03347582636894442,-0.030865440090517504
2025-08-28,-0.005699936698522291,-0.005737400743605374,-0.005428463026519775,-0.005885883627968261,-0.00141452164578311,-0.004268166070399337,-0.005856492191579394,-0.006228772021975009,-0.004760406137421193,-0.006379414797482833,-0.002517503481751903
2025-08-29,-0.006081378283707473,-0.005237918155556853,-0.008239462851662993,-0.006077362818221244,-0.004522431616281519,-0.005490365591320656,-0.006117515178892363,-0.006552524862236009,-0.005199569628423273,-0.00680209365650597,-0.0032394143929943553
2025-09-01,0.012349907187228615,0.011084857106365087,0.013828562517209875,0.011510308725596108,0.011716052677103184,0.013205588939416035,0.00932626581291185,0.011904704395173438,0.012367415228990986,0.011824491942691528,0.011073086077441063
2025-09-02,-0.006731228144956747,-0.006574119650856858,-0.010208157247722949,-0.006120802690823157,-0.01546197410583905,-0.009361348908306422,-0.004880887480676055,-0.006357980420322318,-0.006702097548420216,-0.005975180308296246,-0.00799425344816218
2025-09-03,-0.020324143877458622,-0.01929205960333147,-0.025350550424250717,-0.02071124797371149,-0.019946702161929175,-0.02060113675112507,-0.019456718915162985,-0.02099538342354501,-0.020481337929895815,-0.021221329142310008,-0.01767680939017835
2025-09-04,0.01121779531030831,0.011131529265044904,0.00903345923713017,0.011775010807896225,3.936957431793786e-05,0.009147257893950878,0.01071535660328271,0.010240566830731934,0.011474692098925265,0.010794623134461334,0.007577696651481336
2025-09-05,0.014877627296965512,0.013458082090135548,0.017070858668681854,0.013228224621196993,0.02320424031396673,0.01757999485495687,0.01086114559334761,0.014693617008771476,0.015103329887981465,0.014761725722509222,0.01644317715235788
2025-09-08,0.018579375205594273,0.016960768964119133,0.0198685306314883,0.01639855177692473,0.021558485840663888,0.020205284221933573,0.012919632990966878,0.018708272428714423,0.016328674786503017,0.018707624428849767,0.01748295244989384
2025-09-09,-0.0034415300699454088,-0.0026162582881190666,-0.005528568666484657,-0.0029594341981086236,-0.008369996453818529,-0.005376060816978057,-0.0019491270909123282,-0.0034853028120189755,-0.0036283680678621533,-0.0035332055976200483,-0.0023829246807791638
2025-09-10,0.00579024100203096,0.005888095297113205,0.006324582139878077,0.0058062752303367215,0.0020861555292943645,0.004928491561802195,0.005018482417350478,0.005235018085956611,0.005119421644085076,0.005771830093663555,0.004290957115273386
2025-09-11,0.007017846087536103,0.006782445128756772,0.00693125099813538,0.005823178028522854,0.010767264322259785,0.007962526888328733,0.00560133911189957,0.007620377364444451,0.006227138499185814,0.006929829271074238,0.0077614239201398635
2025-09-12,-0.001676952100099549,-0.001273671023057088,-0.003202144020482356,-0.0017002522604131487,-0.0018735568926120383,-0.0025843394225327776,-0.0009163151679508763,-0.0022226815418168178,-0.0015900623257490976,-0.002506684691343408,-0.0007381379637076968
2025-09-15,-0.001447886058345893,-0.0010358385424545924,-0.0005604163920532867,-0.0003776162947797257,-0.0009910878829112457,-0.001697200046567482,-0.0007994523084728922,-0.0008413109742665403,-0.0004807921848305474,-0.0015277759237309896,-0.0005094040405625444
2025-09-16,0.014028370443172289,0.013665559267500793,0.01571215431114492,0.013585858992742228,0.013597272401100646,0.014531907648434927,0.014051526837435713,0.014851642413582056,0.012434928450284266,0.014905938608095637,0.011461726015837836
2025-09-17,-0.0003040033020477173,-0.0006919741621554953,-0.00043721925480011414,-0.0008424666220228083,0.00166924899636256,-0.0004391434984596376,-0.0002586681396808954,-0.00014241439212703266,-0.0011146715321228573,0.00023523827841764877,-0.0007493443350390372
2025-09-18,-0.01800287475482154,-0.01804320790392544,-0.018045500180953966,-0.017642521782005094,-0.01670846661576475,-0.01782885959313807,-0.01716860725396674,-0.01786216245314476,-0.016743479688453244,-0.017934834490979656,-0.016634116555315992
2025-09-19,-0.007655339032260677,-0.006702554065942556,-0.008290803078962572,-0.008167727188116092,-0.005022200005361688,-0.007060474760933633,-0.005955158385935522,-0.007608744334258732,-0.007164202526752539,-0.008436077741540093,-0.0052358337236656505
2025-09-22,-0.006203853536278836,-0.006390118325463545,-0.004887784009907525,-0.007540277247142679,0.0024106358314082144,-0.003363970300827579,-0.0071900201430004085,-0.006093380587104624,-0.005702358760279469,-0.006098506786692992,-0.004793980394773301
2025-09-23,-0.012827898305361796,-0.012686697013331916,-0.012273822721860284,-0.012490775455521685,-0.011192892656794573,-0.010904125357067085,-0.013084510956204887,-0.01351371309017635,-0.011255528890456112,-0.013010284231132263,-0.011532732101367404
2025-09-24,0.01805634246154053,0.0164821358007321,0.022031814365348845,0.016799331085073366,0.019992791726326953,0.017987647525377515,0.015034268178497845,0.018550354727577156,0.017238003098932086,0.018893520385014018,0.0161838209907601
2025-09-25,-0.011076506381706952,-0.010916908380421326,-0.010154545483200782,-0.011363356160414692,-0.00853417022129626,-0.010883200144676704,-0.010989016898020612,-0.010698297750398286,-0.011205137979821006,-0.010868086404958028,-0.011057765738822988
2025-09-26,0.003697238583830087,0.0036364813448575006,0.0027070461693579073,0.003947050554234055,0.0008976653259633594,0.0037479823746024987,0.0019567603357304453,0.003424679698904587,0.004661920611039427,0.003424916391627786,0.003698778764444244
2025-09-29,0.010722906222701667,0.010288299765559783,0.011867459250422652,0.010146876988967435,0.011638032859918157,0.011615775531320205,0.009185016991407391,0.011313802316379906,0.009872665471822861,0.010850512678590052,0.010615454885283482
2025-09-30,-0.0013890799621417704,-0.0018456730081799488,0.0010061967056436139,-0.0019151265082149038,0.0009031307338518424,-0.0006873611119563305,-0.0010065282011824106,-0.001621099603311027,-0.0013947684661097526,-0.001094886927344274,-0.0013938308803119748
2025-10-09,-0.00030293063988917623,0.0011088707480790827,-0.0008037441128764256,0.0004472104338735239,-0.0025839524787253376,-7.406073813032155e-05,0.0010091105382954435,-0.0006981510572015015,0.0018263562485398843,-0.0010649313369122115,0.0017818235690207906
2025-10-10,0.010206437025471526,0.011322327915833652,0.0057661817117815595,0.01085372343334634,0.0010677537419465644,0.008327318299766073,0.009015954800543513,0.009898045729200833,0.011346771849823467,0.009420387289786891,0.012220584759113917
2025-10-13,-0.0014626390313587923,-0.001412974024632585,-0.0017747825893141833,-0.0022750619144122908,2.554447040403751e-05,-0.0013110802303014646,-0.0031270848483090363,-0.0014832826600997828,-0.0018139373817109838,-0.002404110144595406,-0.0030019927826655524
2025-10-14,-0.0005666083686580725,0.0003492148116164273,-0.002118147462663922,0.0009238780951523751,-0.007750660255036346,-0.001997762127642244,0.0006742104193184772,-0.0009302452157509133,0.0013082459369126997,-0.0005840646794363913,0.0009122807432810909
2025-10-15,0.009377330934472239,0.008742485965161473,0.009796358736990918,0.009508193189923242,0.013701058711026004,0.011150139066901765,0.009080040286915558,0.009550769818672311,0.01033956588495033,0.009406669085148867,0.010727475286774535
2025-10-16,-0.008770011860622429,-0.008318158381439456,-0.011409219637766976,-0.008273348063896235,-0.00934693844190082,-0.009828583928013779,-0.007478022588613409,-0.009599804074531315,-0.009118238970893144,-0.009016128106362431,-0.008683091705394386
2025-10-17,-0.010706362371893843,-0.010213497157919199,-0.011899983011698975,-0.010785952186032163,-0.014605705251618252,-0.011128576820408648,-0.014716774091096648,-0.011769532179523952,-0.010197795571288245,-0.011079832879819963,-0.009384401692271654
2025-10-20,0.018129081862654495,0.016243838990018133,0.0219605723960008,0.0175064486248373,0.016461825923340223,0.017992112491708623,0.01765328969057256,0.018021965702003317,0.016456382146312842,0.018758656946260555,0.014799867685669543
2025-10-21,0.022456535940969635,0.02232809068002828,0.022177801925023166,0.022028397227601193,0.020551197457306047,0.021399101871003356,0.021034971071885566,0.022781345428226407,0.022360071314530217,0.023098093628292293,0.020358235322790463
2025-10-22,0.0059054233217163965,0.005959694021988815,0.007048338827672085,0.006016493054364025,0.0017797972892719116,0.005247694169904671,0.0058849153310236435,0.006771762081705379,0.0054047819253797424,0.00700685377862631,0.003925052955778829
2025-10-23,0.007070949559116579,0.007617714187753588,0.006115292113227477,0.007541448078958624,0.0046737502817435495,0.006398891339617352,0.007258007961814528,0.007347166595499166,0.005572017908963556,0.00694913056573454,0.006012510860339049
2025-10-24,0.0007357971676222874,-0.001047490807506768,0.004801930890387052,-0.0006692580024479922,0.010083621220059236,0.0027095649155182144,0.0006974796196896893,0.0022645569949959476,-0.0014169234379831641,0.002627638558756029,-0.0024056495695017333
2025-10-27,0.0032127727701420916,0.0032566752570808433,0.0026941234966801897,0.0032810924072324,0.004893937450593633,0.004629036887815019,0.0019372698870854244,0.002863492807033685,0.004440097260058229,0.0027232218132646757,0.004652655616576018
2025-10-28,0.004812749360987079,0.0041499516416976245,0.0044934011877169056,0.004581093638286626,0.0028227030831493582,0.004140743820167048,0.004932711801979517,0.0045198598818034785,0.004143328015260961,0.004894370511127288,0.0033747110589625873
2025-10-29,-0.008700798837323886,-0.007328077606723382,-0.011931885255116459,-0.008582058955056482,-0.0077267664699881555,-0.00931588878906564,-0.007345475982384442,-0.00875680202827267,-0.00846052763198768,-0.009029010362043843,-0.006274649347231209
2025-10-30,-0.008745258416164026,-0.009409846946398903,-0.007880052280094696,-0.009473568917974351,-0.008055337777583271,-0.00807002333175566,-0.00848334085629554,-0.00809151261317076,-0.009248725272674951,-0.008604635841439223,-0.00969019592419229
2025-10-31,0.015283277506730602,0.014513236395461246,0.01732326988168029,0.014841138455864798,0.015120686300793162,0.01608523237717682,0.014332273508262456,0.015771983805136204,0.014779936373259266,0.015487818079361435,0.012821832766503964
2025-11-03,0.01022182122441162,0.009338673963047217,0.01313600907097423,0.009750815497600929,0.008482620696588894,0.010953152314211012,0.010764420255768403,0.010440780240421166,0.010940427628539418,0.010607003993004183,0.00969938938713688
2025-11-04,0.001494193592594506,0.0014044853726431494,0.0018992382308262723,0.0016200501163576853,-0.004528688525672342,0.0003907967269467516,5.70366894774299e-05,0.000697341657595496,0.002037964472628051,0.0014698875359444585,0.0011248496201667901
2025-11-05,0.01132440244767019,0.01123960287480208,0.011667009556027619,0.011430461335797615,0.01028646990616533,0.010785998868488855,0.008295184896383478,0.011191432511177934,0.010771631216845101,0.01116671821552373,0.010945815268902814
2025-11-06,0.0008733965463008087,0.0013718386266232674,0.0005493003948575659,0.00029879775945529374,0.00297281612700262,0.001574972648543449,-0.0010852396402767361,0.0011459504817654675,0.0005469753918734277,0.0007106556189704349,0.0018354176778903053
2025-11-07,0.0032846213855095563,0.004375367455247803,0.0017472483501386193,0.0035543491665230853,-6.38050602905782e-05,0.0024436574144297563,0.0016840580342292188,0.0025492406629863407,0.003917614012247661,0.002540440752055506,0.004094552063097723
2025-11-10,0.009749368396698044,0.00980124233243429,0.008027455503687664,0.010522341726481477,0.007516173183574892,0.008479063562133904,0.011353360661190193,0.00978857904028585,0.01002816781330762,0.0103594092004764,0.008619206312028505
2025-11-11,0.00849169732927324,0.008323896223427774,0.008035306167859524,0.008767828877548789,0.004881616954654389,0.007733191058942435,0.006907099947097484,0.00801881723937492,0.008334407791611875,0.008354719440680114,0.007866538500630904
2025-11-12,-0.0014192090565307014,-0.0012625466177328404,-0.002654323453278873,-0.0011816748962050205,-0.002056894990150715,-0.001730949854826802,-0.0007034694485477111,-0.0007469367793229154,-0.0015060348586263261,-0.0007712797522504422,-0.0008394227305014157
2025-11-13,0.010048530978912229,0.00951939764758114,0.010648709730161965,0.009826316660145995,0.007693370163905255,0.00934271227786554,0.009193004332964883,0.010097384186529501,0.009790459472655444,0.009919970530721578,0.008290680347542878
2025-11-14,0.004558040194066661,0.004833434288855343,0.008313120001577138,0.004304381215377428,0.004287279842762155,0.005994163040339866,0.0005026214152087658,0.004928592188469781,0.0054126475240559154,0.004685545228874465,0.003829228589883437
2025-11-17,0.0016376277924070592,0.0015669949071861478,0.006631064016613619,0.001958918973404611,-9.139961269399866e-05,0.0015579876473974519,0.004491083602417234,0.0010836940757095181,0.0017159376388651282,0.0017337016940655037,0.00038774759558424243
2025-11-18,-0.0076689851744924376,-0.008838877240260223,-0.006582220416899709,-0.008436016248785427,-0.006074475663767953,-0.007782778259031731,-0.005148642746347187,-0.006223791817875801,-0.011441845385363969,-0.007034706090088272,-0.01152377282692063
2025-11-19,-0.015952926203136486,-0.013680553883781088,-0.021223526090034528,-0.015590664901481976,-0.017238357944016958,-0.01908124248303611,-0.012699398065864065,-0.01660958239341781,-0.0162738349287741,-0.017010067127703032,-0.015807574758241683
2025-11-20,-0.007167918345602264,-0.007319319542792302,-0.006809897374311813,-0.008412048655145221,-0.006076928210172139,-0.007005586942286701,-0.00816679109380003,-0.007166348366236752,-0.006992308309094586,-0.007958489172918637,-0.005851929357701069
2025-11-21,-0.045668595512598165,-0.04454211394687335,-0.047806649681064184,-0.04405818515481286,-0.04484274949646683,-0.0469403366456973,-0.03582459911200486,-0.04411900514914635,-0.04653451044574186,-0.045313972648791,-0.045503322777317834
2025-11-24,0.018012087364085883,0.01733225941201355,0.022027380928166806,0.018868556406510528,0.01902464071888743,0.01876432669343453,0.021012031674378262,0.019195727598855905,0.01582400743369572,0.019554473075208856,0.014432370295075936
2025-11-25,0.013974482093789709,0.013478052632696969,0.015943307480984714,0.01317440826901839,0.01455449397146702,0.014812845238238559,0.009527709013364971,0.013656028881009252,0.013290717485561432,0.013368180565216381,0.012714373223055242
2025-11-26,-0.008646317257247293,-0.0075664415086783565,-0.009316479633684649,-0.008572701695807816,-0.008344476139023449,-0.008454859863420872,-0.007742686134887711,-0.009124159238914964,-0.007546326896754496,-0.00932031808638245,-0.007978837397668692
2025-11-27,0.007942511507922578,0.007611311405652188,0.010699271670210786,0.007375427071408147,0.011237875202649628,0.009737640241621603,0.0047619986206624,0.009507980284896966,0.007749367286473685,0.008743192778428055,0.008088259428814082
2025-11-28,0.01347708414473128,0.012385180594918216,0.01579121857311369,0.01330350154718804,0.013761796021776804,0.013336766846478009,0.01059033758136078,0.012535780401102077,0.013723065926466006,0.013019190283402699,0.012663636059538953
2025-12-01,4.136619551631249e-05,0.00012911721711450497,-0.0009742003666662891,0.0005138279913063926,-0.0015823300866196766,-0.0006367694758947495,0.005907925716300388,-4.074907125573013e-05,0.0003428831241205632,0.00033163946834879887,0.0001079929293228421
2025-12-02,-0.0029154716185733065,-0.002695110390852462,-0.0032288922818185517,-0.00268937229993671,-0.005008532624034223,-0.0021703078520681762,-0.004715199091142153,-0.00374773036015974,0.0001449152513222085,-0.003314084244924409,-0.000592502291631658
2025-12-03,-0.006037941399353652,-0.005471403975190081,-0.007776053047223841,-0.006360797616668079,-0.006303606520291827,-0.005868879847115482,-0.008659853828092867,-0.006348641122026155,-0.004254260490665462,-0.006428361095860646,-0.004973434144584399
2025-12-04,-0.014644260371179607,-0.014779069488391916,-0.016087819915583057,-0.01401628645069819,-0.013889502762114536,-0.015093634698972291,-0.011671056304609184,-0.01440564106307074,-0.014124884419875472,-0.014607864305354212,-0.013950960681841207
2025-12-05,0.01378237059340437,0.013206364941831472,0.01673839483506856,0.012641152142535805,0.013895763659573568,0.014265215799822872,0.014807815923688628,0.01446783481619529,0.012887177796789384,0.014377429470124659,0.012794265025997564
2025-12-08,0.007236365978586123,0.006769348712746481,0.010605897662641084,0.007065835531264053,0.009853887538155304,0.00827899710398805,0.00782127498176366,0.007764695518639009,0.00677753614714538,0.008577577022989225,0.006138692735317974
2025-12-09,-0.007405521881784338,-0.0073669730300705005,-0.008008386168024462,-0.006838176745093794,-0.007858510751198589,-0.007950648921508874,-0.00660794676007781,-0.007271826003080295,-0.007955173763024459,-0.007525356203971323,-0.007418170374851152
2025-12-10,-0.006705545252104539,-0.00613281678877442,-0.009933508109075229,-0.006440229907896611,-0.0051804171652222175,-0.008138464093746411,-0.003773225376299205,-0.006580553794833577,-0.006110949296362578,-0.006666852450829208,-0.0038114012433486666
2025-12-11,-0.0222387165970791,-0.02144418236525003,-0.026765297584706582,-0.022906081321857008,-0.02174601579821378,-0.023291314622772008,-0.0187367326177571,-0.022778188974555302,-0.02515233222806501,-0.023183649451159027,-0.022030141908084278
2025-12-12,-0.009417663149112373,-0.00875628257346269,-0.01232112547254851,-0.009565463262695216,-0.004945019907820774,-0.009686519855365236,-0.004427127154846441,-0.009347088477196716,-0.009313110459231912,-0.009251123798625291,-0.008770938299400871
2025-12-15,0.004430003392285942,0.004112772640521456,0.005490309219404521,0.004381372896545166,0.0016626256185638955,0.004496274835946279,0.0011854118199920993,0.0033448981579720094,0.005998142777694726,0.004220832392767493,0.004389246109967493
2025-12-16,-0.016115278035663705,-0.014666978393087282,-0.018835886965361537,-0.015640649570657694,-0.016942047252058834,-0.015957975278567016,-0.013551945272477606,-0.015798167445237432,-0.014791148138727839,-0.016446793676660465,-0.014665982703082281
2025-12-17,0.0029281407126173775,0.0030314247723162158,0.0009119368639363135,0.0031662751615397777,0.0021463698647494756,0.0030775626739831807,0.0035626582101526694,0.00348206481709723,0.0028504248623066886,0.002691545045717003,0.0027410482698018157
2025-12-18,0.015385128717805951,0.014375052364805185,0.016167861129765537,0.014812353992156746,0.011697213749090274,0.01574615277877034,0.011398112105501346,0.015703638835498523,0.015445520356001996,0.01597689077414466,0.012914777124436894
2025-12-19,0.02151125022670608,0.020784256364825504,0.023239099810480113,0.021598379155545855,0.017960352435813398,0.021293500570862545,0.01747975136508506,0.0204968655441935,0.022509378745947606,0.02126986563870692,0.01908258301725052
2025-12-22,0.0004279459849461098,0.00012312486360910313,-0.0010497251500550808,0.0009928074083402905,0.0003686799886630787,0.00019579232041677663,0.0028397324304951788,-0.0008134951450040617,0.001558286989013391,-0.0005009704506626633,0.00022752812616966267
2025-12-23,-0.005808059524034737,-0.006754641607568113,-0.006606856855905674,-0.0063105720590830305,-0.0034184115735771403,-0.005131134734581377,-0.00793599434913983,-0.0058351639870931615,-0.006466171207698768,-0.006548503112238646,-0.0061326527798196695
2025-12-24,0.00985952721018335,0.010146862306206872,0.010493641108057838,0.009383435761032954,0.01331564263602325,0.010399713184507053,0.0109924269630981,0.011101620461896111,0.009356122618472185,0.010321107728461287,0.009520526228314452
2025-12-25,0.01074955534392541,0.010021523898132045,0.010353798428899497,0.009778212551731835,0.012714269043042847,0.010683622501859613,0.010381941856856924,0.010631756631364064,0.009175072563541331,0.011016303280200868,0.009430763039475876
2025-12-26,-0.008280910887092202,-0.008362413251101656,-0.0073456574905664184,-0.008161744799095661,-0.008383248420569561,-0.007937958649888454,-0.009280903627913934,-0.009491424174054571,-0.006373814943113529,-0.009324528115935501,-0.006101687201757787
2025-12-29,0.0017680111700397738,0.001055023663348642,0.0032954779981611004,0.001015291792841655,0.00454658896093596,0.00300249033561073,0.0012261853264152744,0.0025435428020159634,0.0004883652839253738,0.0021043970549383673,0.0005104781216798138
2025-12-30,-0.00690141313795678,-0.005691226189650012,-0.00835801961344751,-0.006485589703428385,-0.005547945292521672,-0.0071873485831424055,-0.0038570061381155707,-0.006004103137808414,-0.0075083886961353485,-0.006067788843582389,-0.006195539791813975
2025-12-31,0.004580051688656495,0.004151351002695591,0.004601526962855429,0.005012104334768175,0.005091282143115716,0.004840150582988478,0.005020343509273051,0.004910931244127337,0.003379270581846283,0.004779359028985075,0.0020938229643079342
2026-01-05,0.01526340648781832,0.01492254612846744,0.014015241909458132,0.014518202460746865,0.017381968975981543,0.0156453186102381,0.01666676788966326,0.01579626864538164,0.012863560128940632,0.015723852890684453,0.014016079617239274
2026-01-06,0.006121447849774864,0.007272501387524999,0.0031009911357791076,0.00655276899343793,0.004115676882352481,0.004489435551360055,0.008867871256561966,0.005181735605253923,0.0070629198298506335,0.005583630785429783,0.007124724939995053
2026-01-07,-0.004964399083477566,-0.0038021303320374678,-0.004582871780036579,-0.004692847523656729,0.0021341772482756927,-0.00411761244090092,-0.005359749486838261,-0.005148008838232521,-0.0047441460925281564,-0.005399147973712881,-0.002967110002880413
2026-01-08,0.01574461131832261,0.015680014150770916,0.019072577111754363,0.016404125705475003,0.01507120870561418,0.015941336598428668,0.016136663827596154,0.01671971586344334,0.013792525954048562,0.016722797661113287,0.01280064731111552
2026-01-09,0.00868417640553898,0.009922409951464983,0.012574136670194136,0.009908750514419529,0.011363597822455551,0.009186958576215654,0.011103024660891414,0.00993134998710099,0.008325919884602406,0.009318779299900104,0.008378193068717898
2026-01-12,0.01469871157471414,0.016390580581461478,0.018894040326498995,0.015812034613837955,0.01701090641913683,0.014835498232937061,0.021303625913880575,0.015328749930354046,0.01305180464431177,0.014455611163972426,0.013824912177998083
2026-01-13,0.000573891392976801,0.00032940887393122665,-5.5527979080287424e-05,0.0007533619202267656,-0.00013670403625423006,0.0027461715479344647,-0.00147011191456369,0.0003458955541311106,0.0004713518162021437,0.0009278571117212821,-6.728695491119239e-06
2026-01-14,0.0034891064078517164,0.0031695154761361977,0.004847885868422441,0.002892784187845443,0.007147256041566186,0.004336473614183323,0.002910789721927376,0.0033300205985518083,0.003524583191109265,0.0033963810878139267,0.003910253659081597
2026-01-15,0.0010192766381715845,0.00025287831438158825,-0.000832484081374929,0.00022574408274111946,0.00012521696961287354,0.000767283297213206,-0.0016927605895503683,0.0006602613275967784,0.0001540147347180998,0.0006105039468262685,-9.126967909423023e-05
2026-01-16,-0.0008115703509843364,-0.0012259259530945643,-0.002325345345662755,-0.001986081471370804,0.0011427207443865939,-0.0018609426438728205,-0.0017755641773027353,-0.00046805673152161553,-0.002562184388588351,-0.0007590639929203613,-0.0031445969641208382
2026-01-19,0.018464723237752834,0.0174665130499434,0.017040189832134178,0.018894862702685478,0.012597017277646172,0.017244720894093346,0.015027945259081577,0.01719153591439304,0.01942818822311576,0.01794713115316915,0.016771458320213872
2026-01-20,0.00457671034989704,0.005907207201741427,0.00140367027333399,0.005576991824788546,-0.0018569157190674312,0.003774227856518708,0.0061233680358994125,0.004842870248118247,0.005349578814254352,0.00449648370659439,0.005324829789168595
2026-01-21,0.00935003290408254,0.008704619607101005,0.011146364860384228,0.00807539780838118,0.015288833943279068,0.010340547943070266,0.005860054769502243,0.010165639888227718,0.007169870734644368,0.01023628150142497,0.0073148234502085074
2026-01-22,0.009458032421302942,0.009379734603053969,0.011150506999566101,0.009760982489102732,0.007241910163726439,0.008856123637233981,0.009495730828622095,0.00898472407222517,0.009748620320565893,0.00963049397360094,0.009118161289735083
2026-01-23,0.006074175086446809,0.0063451201286603975,0.008152980042251512,0.006514088261410533,0.009730732070340364,0.006742413943016778,0.0077411998474326005,0.006319382321853695,0.007253313925330351,0.006128090291406707,0.00740624160777581
2026-01-26,-0.004056974006747649,-0.002657065818718718,-0.0075168818712335606,-0.0033176937512769955,-0.009567105146415011,-0.0045864095898842105,-0.0012704823915197228,-0.004388609590010417,-0.002990192605801023,-0.004523038772315302,-0.00243583133766212
2026-01-27,-0.006314054547696023,-0.006790061820430061,-0.003701695622094602,-0.007621873125795336,-0.0012184626752291474,-0.0042161270541999476,-0.010714914327156497,-0.005951288158769892,-0.007932380433982422,-0.006524291173587951,-0.005506004087481095
2026-01-28,-0.008480621761678742,-0.006732607264470225,-0.011172921417363257,-0.00706311314842778,-0.011158154764458916,-0.010103127440666104,-0.006577194589500568,-0.009445306214401095,-0.006589542115689739,-0.009674716443961673,-0.005056872438656046
2026-01-29,-0.0038589991199389218,-0.0032279876396916762,-0.004960489955202041,-0.0035805446188187373,-0.009273869411894009,-0.004940786577648404,-0.000731359150759614,-0.003872535437719149,-0.003064992648051157,-0.0038617289182741876,-0.002026428464030894
2026-01-30,0.009857582030657897,0.007646874908644685,0.012946463171883638,0.008249765304145784,0.011593975895804576,0.01205344228883476,0.0023107705603022666,0.009312089783887645,0.0062917948849454675,0.009818810398427802,0.00754929149139949
2026-02-02,-0.018222328150433897,-0.019030118224545256,-0.014186804546686416,-0.018353322242355308,-0.014583314230072753,-0.016995071729254074,-0.01787354906568961,-0.017159293867257674,-0.019436687595531743,-0.016712614424042815,-0.021267014820124386
2026-02-03,0.016647242436538257,0.01602828786875099,0.018458576698116236,0.01607119466744833,0.02063383083050696,0.01765538577651582,0.014558970497445367,0.016582550294095943,0.015649658597373994,0.017058225173235853,0.01619402705441808
2026-02-04,0.008327467957151002,0.009205024607001233,0.006976358316865827,0.009669715009357649,0.0036355829802654505,0.006499139084576333,0.010995038424086445,0.007751269780480019,0.01202887533225061,0.00809506042646313,0.009216042817764336
2026-02-05,-0.0014409520285824096,-0.0014710205594259396,0.00025263580389234264,-0.001727099304552726,-0.0012076811753791716,-0.0024948710057736134,-0.00013003833953828536,-0.0009531815914629593,-0.002561259029380092,-0.0010280417867130076,-0.0024871898960698857
2026-02-06,0.0058880736464337335,0.004755626515369649,0.008640910609842178,0.005667042635586705,0.005746533739167559,0.006159426785769417,0.00412733353799366,0.005640718587445859,0.005368876673024658,0.006011389127938749,0.003963613953293699
2026-02-09,0.015270384299051809,0.0147241697512972,0.016013483625735292,0.014630990173845726,0.015582157300108479,0.015640334114674248,0.014811310684542889,0.015694781642673572,0.01384198423877403,0.015860500451260195,0.01482452548892077
2026-02-10,-0.0001518765776342537,-0.0002972279667532911,0.0015420232721131695,-0.0001447919704071263,-0.000444911733655895,-0.0008100370190780885,0.000999300068478785,-0.00015332142116840223,-0.001273188342059472,6.42616056307306e-05,-0.0018025693423297747
2026-02-11,-0.0002741104015743234,8.561734580503355e-05,-0.001188253631711822,-0.00025346255549962837,-0.0014415362276403165,0.000471519531619613,-0.002678785563128061,-0.00024199945659741928,5.375709138011331e-05,-0.0007424562545036428,0.0014967664819527382
2026-02-12,-0.009922579468554682,-0.010481480475311389,-0.009831877372046272,-0.011194326422430456,-0.0059547228813359165,-0.00889553974071533,-0.010942405478962303,-0.009471380174562949,-0.010322297039195849,-0.010217930679327192,-0.008967958890761296
2026-02-13,-0.0017851393817119865,-0.0029045988518796584,0.0013230618130166683,-0.0020720207913732525,-0.0011964565469189115,-0.001420944915444644,-0.0028246756669830786,-0.000808253542729509,-0.0035253772141617956,-0.001001055772986592,-0.005166895666043891
2026-02-24,0.018855309914113327,0.018124858482850836,0.020024595822522473,0.01885028047410331,0.014865574943294657,0.018701695196272627,0.014759968869102469,0.017899002158460187,0.0202718599336158,0.018179341703429053,0.017768909054191262
2026-02-25,0.005044569101512408,0.005981886193833885,0.004215010139082764,0.005795392895756146,0.003581778007874181,0.00553517858764474,0.005652811057811791,0.003984534847746968,0.006315261718020659,0.004477815365276916,0.00785115556213345
2026-02-26,-0.0021689389701662343,-0.002682551440949532,-0.0022358690643394796,-0.0025863667320219497,0.0018245753516057395,-0.0005708687002097257,-0.003604654926989692,-0.0014229170300018579,-0.0014781441464017941,-0.0023194157502082202,-0.0013870960647941466
2026-02-27,0.004323645237777951,0.005026279571240133,0.005619342656543402,0.0044415762893346145,0.006417484994749145,0.004712666236333263,0.003253521220445643,0.004562596256210361,0.006178458917007301,0.00478613716991827,0.0050300655508115355
2026-03-02,-0.029256959775438296,-0.026870995499359118,-0.0303759739653624,-0.02857498392973079,-0.026241265340485542,-0.028927132986570125,-0.02831727593144162,-0.029721897620897053,-0.0266500228809472,-0.031006332012925353,-0.02225552299180511
2026-03-03,-0.024436801499138405,-0.023482639774084157,-0.02693018856906193,-0.02245693445857644,-0.029836477809299544,-0.026324630446829533,-0.022809099723385406,-0.025813422585902135,-0.02222801869277391,-0.02538320891010204,-0.022380367061061612
2026-03-04,-0.011400000291953203,-0.012382922517053693,-0.0078048713516030155,-0.011290014494264356,-0.0095211592538598,-0.009739138194243427,-0.011526201120074032,-0.010994920355707259,-0.010941492336245195,-0.010826542610095354,-0.011274268018537389
2026-03-05,0.012375021021959753,0.01197185136256329,0.011886108939084705,0.012194829647118821,0.013071240163896602,0.011240258269806347,0.012726157060496401,0.01256766698579459,0.010670377529890196,0.012445798285379839,0.010171293604131826
2026-03-06,0.03109744406802495,0.029220334855809993,0.03274215084043397,0.03098746858625101,0.027545546372121477,0.03104471097820105,0.025510890635674244,0.03118865532096282,0.029636066931747918,0.031924805364068165,0.027438435555207752
2026-03-09,-0.007665824125963283,-0.007682356885285957,-0.008664607767349342,-0.007754865706556591,-0.009484836610407,-0.0074070764919590415,-0.007516941425845469,-0.007524048865172772,-0.007757930423899828,-0.007525073612150046,-0.006894904860991979
2026-03-10,0.021878924251507836,0.020150635961197594,0.0257145559898051,0.020618161798423573,0.02658819197183515,0.021914917330630335,0.019735122330738486,0.022976979603398284,0.017798531814456897,0.022820348089000575,0.016135099185361934
2026-03-11,-0.005622658979858253,-0.00450634066319644,-0.007595311347289524,-0.005029968554478126,-0.0057605051677279695,-0.005968138637755804,-0.005687938141683335,-0.006230064169035376,-0.0039060132610578835,-0.00630752212465624,-0.0020678269936441618
2026-03-12,-0.008962900765985049,-0.007835973965421017,-0.01278811349807718,-0.008068574075593804,-0.010546443720063303,-0.008837913171129474,-0.008906237681174267,-0.009828129148293896,-0.006539412923310173,-0.009914371932523536,-0.00482836850513102
2026-03-13,-0.00090107986819421,-0.0005436095778270644,-0.0010135687996846166,-0.00028146267483730725,-0.0033488678368746028,-0.0004678481240921739,-0.0003319035158254602,-0.0008320092232299015,0.00013833230090232185,-0.0008372099337122796,-0.00037352626355657836
2026-03-16,0.002626427703896983,0.0027331453473182776,0.00281171870577146,0.0027817873819802053,0.0005544230028426966,0.00035609028097560724,0.006229082074896253,0.002559953611940724,0.0007683136716116756,0.002278976417689149,-0.0003249904693406469
2026-03-17,-0.018329849102889262,-0.016083880687101648,-0.02285809703630337,-0.017177611382145908,-0.0202236077976361,-0.020068153161014735,-0.014412099208168772,-0.01888919184407334,-0.017127890681883806,-0.01848926664249262,-0.014251617420886875
2026-03-18,0.013271845842612406,0.011361681795413437,0.016336416782009446,0.011209539085313707,0.017414770125787044,0.014975620365508575,0.008757672107253204,0.013644038410017191,0.010329854013392696,0.014055763102076782,0.008874854051634169
2026-03-19,-0.02701807624652819,-0.02578423468257529,-0.029484136031180275,-0.026386120872930907,-0.026960251225529364,-0.02752875106164654,-0.024310973304344063,-0.026946840093770352,-0.025643803523039188,-0.0274350307272323,-0.024930737524866076
2026-03-20,-0.031490742892817614,-0.03016766962582229,-0.03625225955661637,-0.03179130294377652,-0.02970547156137482,-0.03220487099244107,-0.028854844791960654,-0.03178559540993897,-0.030310381641375894,-0.032515538688370316,-0.02651292295704022
2026-03-23,-0.0648384040695863,-0.06356482656400375,-0.06401978571374822,-0.06343211776028923,-0.061748560230948546,-0.06549960782880093,-0.0583151488589313,-0.06501021784266248,-0.06237528226406586,-0.06480445298764959,-0.06080129539731671
2026-03-24,0.049140612588928656,0.04716193870737517,0.05432118287579191,0.04789080504072807,0.049542418615860395,0.05084022947510336,0.04332260599322324,0.04942234380022814,0.04829730187271575,0.050192141515819966,0.045190140094795606
2026-03-25,0.020245931591023725,0.019219915982836788,0.02373710690740438,0.020095433005477226,0.020449552853265995,0.020307174434023523,0.01786155063206185,0.019568947228735478,0.02160472006542813,0.020341205761204684,0.019254020426457963
2026-03-26,-0.013595684192278523,-0.013059052844940577,-0.01613637258697198,-0.012921688811432075,-0.014461420413552473,-0.012816018428472242,-0.015158266183638802,-0.013785264578478063,-0.010821758179076713,-0.014922878610276302,-0.010494358024955908
2026-03-27,0.01762354066610805,0.017374267602293436,0.020289632092779453,0.01764167626407498,0.017946103592361817,0.01854158037474729,0.016474325663899503,0.017511918745684252,0.017250661956138114,0.017705290359343095,0.016046486716704944
2026-03-30,0.009279795423766446,0.008603449914690087,0.011924779493531545,0.00893410330250699,0.00771207463343937,0.009930290217642357,0.005250143045606448,0.009470085386586113,0.008215797364607536,0.00982871246669248,0.007218710766291547
2026-03-31,-0.010546491007268344,-0.009058701415494697,-0.014518467881591834,-0.010751560450757647,-0.011344379504972135,-0.012710090437584753,-0.006835781837475574,-0.009696865850403746,-0.013237259664193646,-0.010584665465008025,-0.01122598477166925
2026-04-01,0.013841023015737301,0.014589558472304441,0.011353645730026188,0.012915344284713491,0.017246451961383046,0.014033405875205235,0.015501502049308514,0.014970117911970553,0.012211216514597667,0.013514521498902428,0.014958200902038522
2026-04-02,-0.01601224146611746,-0.014647343248153089,-0.02095171886977365,-0.01625699048909046,-0.015452598681924834,-0.016021885028716154,-0.016923392817773664,-0.016416081684324402,-0.01534536534471942,-0.017589936143378115,-0.012926531353005366
2026-04-03,-0.031157908914888788,-0.02973484871421639,-0.035421189846483014,-0.031451049362949846,-0.026282314042955557,-0.030917025010371524,-0.027192976067677677,-0.030482706787768654,-0.033465735565126886,-0.03225114566545617,-0.02936539132659932
2026-04-07,0.026012534646891128,0.02373011878861564,0.03021471784980423,0.02644619960746808,0.021200419842722695,0.027185945888287044,0.020690219792336872,0.024937652943770594,0.02750800123049668,0.027239379233906513,0.023746268706755336
2026-04-08,0.031960780750519335,0.03103016137851511,0.035825674677938624,0.03181902390492497,0.03750051801696208,0.03213560529052484,0.034797504705649906,0.033026825379657065,0.029002754501420425,0.03342578316683742,0.027800539886403852
2026-04-09,-0.01948806467779185,-0.01894756229833705,-0.019963204392286604,-0.018862046265996524,-0.01648647799940406,-0.018099703180461946,-0.02050427353808737,-0.020170912464419377,-0.017320407954134143,-0.01995385709681652,-0.01719041269739996
2026-04-10,0.011481348764743382,0.011390151974945084,0.011205383236651878,0.011396955757130955,0.010172067179906819,0.010929166822424063,0.01302619011274242,0.01181883617600632,0.010142914454783547,0.012194235255702957,0.009536144616281605
2026-04-13,-0.0037855913212635484,-0.0031960207925729733,-0.0010722773250847473,-0.0034861976832492036,-0.002914685806415407,-0.0034086881025077176,-0.001220992853031455,-0.003710421012974141,-0.0032807047385708943,-0.0027921837030997487,-0.0034070994861635784
2026-04-14,0.0028223837964811427,0.003788579504155676,0.0018738593910458956,0.002978106366702704,0.005231171027474613,0.0029919536539768643,0.006372648390763347,0.003444239658660253,0.0033938654128584655,0.0021995362202003044,0.004729091892649029
2026-04-15,-0.004730911443537766,-0.004711714565179381,-0.007204706536572347,-0.005563411448658018,-0.0019108139944749025,-0.004079540534897008,-0.005494123297572928,-0.004709689045920062,-0.004599658960038999,-0.0055012838673597075,-0.0033485553963306103
2026-04-16,0.01739019221849999,0.01569757340523362,0.02164715366647231,0.01627270517326658,0.018109105314206238,0.017753435140808592,0.01540234642292076,0.01804385504486476,0.015554966169081605,0.0184787383672596,0.014183753457084322
2026-04-17,-0.00687683546447837,-0.00644396155079241,-0.00705161036756341,-0.007574773439393945,-0.0009324378679870238,-0.005448343508706599,-0.00625733414732621,-0.0059292764820306765,-0.0075005205056681845,-0.007094037907227735,-0.005775031190345281
2026-04-20,0.00786585890734326,0.006722096445400005,0.01055914136954006,0.007037871662590955,0.009037229506274835,0.008119551243594758,0.006070722680162177,0.007797260599135658,0.007727822151752939,0.009007547356302714,0.005532828157911229
2026-04-21,-0.0005469615531868977,-0.001130208004102351,-0.0012575549484914461,-0.000772977447435208,-0.0012991697926502122,0.0003412414746348791,-0.001891965134424578,-0.0004836220140044256,-0.0005210220074203242,-0.000620860890308994,-0.0001386793774749151
2026-04-22,-0.001677419919602019,-0.00197913879096856,-0.001407442615448229,-0.0022546306295735397,0.0018842451266025684,-0.0007646093960731459,-0.002640119523994011,-0.0009930643508581083,-0.0015926539566051279,-0.0013892560035655421,-0.0012031662128020315
2026-04-23,-0.009674202227585305,-0.00892244304343448,-0.011088949868337084,-0.009444104448222745,-0.010257255517054698,-0.010371434489935827,-0.008818295362033823,-0.009718549769469176,-0.008557811660009573,-0.009427605399826011,-0.007639069270689913
2026-04-24,0.007047562971049359,0.00581507470500342,0.010504910225472619,0.006630063563507704,0.004418714048622041,0.007916660470110637,0.003423728541690485,0.006111615351818589,0.0047144314344451654,0.006945565562101352,0.0036659306079622755
2026-04-27,0.016170574536914728,0.014761867701328368,0.019064686557202837,0.014824864357916079,0.01565190466932531,0.015588169842138733,0.015575547006396517,0.016519649489817878,0.011828551857122394,0.017103433499319864,0.0117429982741315
2026-04-28,-0.003790389708822839,-0.0037502913471381127,-0.0017760889094508014,-0.0029876990701946937,-0.004448868390439231,-0.0032201389819256354,-0.006676177406463868,-0.0030555730970173167,-0.0031522726574442217,-0.0027958856861209913,-0.0026760634946519923
2026-04-29,0.01373953145545248,0.013178264782155447,0.016678244919435814,0.013730054846349704,0.014638257437714852,0.014931469398663522,0.01322694679534897,0.014736883109026211,0.013442410297161533,0.014938597670562936,0.01254487217189082
2026-04-30,0.007193580882731415,0.005458963358801009,0.011201037064639374,0.006615180508056146,0.009819062221332046,0.008714717508582286,0.0034489197575744866,0.007581167453892141,0.004836245224340134,0.007990976389837224,0.0053934455128328024
2026-05-06,0.00469374684223367,0.005069132083719063,0.005363683396539143,0.005392661572692692,0.008042792902828833,0.006367639113691315,0.007450941138724021,0.004353653824167525,0.004664896486876069,0.004481630723897956,0.006206155893776044
2026-05-07,0.001320211780861058,0.0009583553441290249,0.004389482430259495,0.000919772738052993,0.008519303767065445,0.0025879455733182066,0.003505980817414489,0.002524585029259674,0.0002611378375136919,0.0017731201207986658,0.0009801493600494204
2026-05-08,0.012245149999753568,0.01283959574228688,0.013385062525052449,0.01280485515319918,0.013488498943153404,0.012977120085853944,0.013939777190377534,0.013030626873561824,0.012500072570605258,0.012746528234615306,0.01192640539464751
2026-05-11,0.005823113956381576,0.004890279430884714,0.00830455110947148,0.004768247604150622,0.009812970461520631,0.006337477243356204,0.004476235071511958,0.005987007354271601,0.005652594931733423,0.00589072258498935,0.005915039383622922
2026-05-12,-0.015899940593986472,-0.015580932611073073,-0.014810248623956412,-0.016062536572707842,-0.01392962746567794,-0.01637006758696502,-0.015816905611888643,-0.0163710533232011,-0.015175546454797573,-0.016600315438718982,-0.015192651641070198
2026-05-13,0.0025875795405376767,0.002131323070396096,0.003387331390231063,0.002661176892689854,0.0038577334922256235,0.002031253698630664,0.00401802418965036,0.002884485518009683,0.0030485913773459217,0.003388568231279754,0.0021826451602451336
2026-05-14,-0.0075526544125892325,-0.00926052977106262,-0.005956909336117144,-0.009222901117500126,-0.00464248055404437,-0.00752592117850992,-0.014286366361797032,-0.007082849000478064,-0.010308317633552444,-0.0072693754917803055,-0.010878624377282042
2026-05-15,-0.0044811401266356965,-0.004994586898993125,-0.005011431153517654,-0.005006373896179639,-0.0021896173512672146,-0.0050311228912784944,-0.004667929447583652,-0.004291806297997636,-0.006868952443537468,-0.004724739793096289,-0.0058973203223361415
2026-05-18,0.003465810156084048,0.0016128396303514148,0.009667386535822331,0.002224051856980269,0.004460615996906947,0.0040642286777878844,0.00206476703839642,0.0050884931284789214,0.0012478039533081464,0.004415041479977955,-0.0011516966598115186
2026-05-19,0.0057262198794740555,0.006747691248376288,0.0024595000328369292,0.005107110298309672,0.005364083005848487,0.004299693953544409,0.007110717827840167,0.004973844538929403,0.006260654055559775,0.004507665779215782,0.006724375025686373
2026-05-20,-0.010707830654799966,-0.011071602007428294,-0.011777344501555653,-0.011505950706461543,-0.003965840447503033,-0.008129351199560264,-0.015902168960664875,-0.010409232092199905,-0.011425760040775446,-0.010994332580635646,-0.008896190216534317
2026-05-21,-0.031834812223887954,-0.030354252896391376,-0.03608242631755976,-0.03117595373244586,-0.029701847814776805,-0.033209428880027314,-0.027612084854851116,-0.03132523381146224,-0.03071093511547751,-0.03229328773094253,-0.029043651576140084
2026-05-22,0.017932527025591227,0.01607189961546207,0.022418359102549523,0.01756575056178189,0.018740073906885923,0.02046060126969773,0.012363115174164552,0.018593186611702173,0.01745720359852565,0.019161198801173507,0.014250976987561614
2026-05-25,-0.009002432099347701,-0.006494796425251859,-0.013438382672193327,-0.007898666925854947,-0.009950080367031156,-0.009048163071024629,-0.004985391904146708,-0.008628975838105402,-0.007916064145408575,-0.00939375028933398,-0.0048060211786931095
2026-05-26,-0.019296407084096856,-0.01790729578777006,-0.02180493140844475,-0.018065588510957187,-0.01987567937614354,-0.020018806256670407,-0.016588297127709595,-0.01899572929275306,-0.017873121417025684,-0.01972839919825764,-0.016198306102366944
2026-05-27,-0.02521574691070272,-0.024336853316832885,-0.0258015083413492,-0.02401388522286918,-0.025616532194422947,-0.025754515877352335,-0.023545924237844518,-0.025637332509137578,-0.022657225066120668,-0.024880483417189292,-0.02356512163968294
2026-05-28,0.00026471516430470743,-3.194294376029916e-05,0.0038177552580263008,0.0006330809293062512,0.0017308060551790572,0.0010344837238125404,0.0008174491815813312,-0.0007894111798167902,0.0026173249547194466,0.0003539106918473145,1.7071985489280905e-05
2026-05-29,-0.016548919166615272,-0.013331359335360893,-0.02514948937678052,-0.014419769310739738,-0.02621370555297864,-0.02126618228035504,-0.009469131394720942,-0.01749740456696891,-0.013924140882175307,-0.018399007645170773,-0.011228515453871268
2026-06-01,0.03140475940650855,0.030283378437905517,0.03258362275845794,0.031911803271231776,0.020616520144084216,0.02997692992944434,0.029862969152572028,0.030814793057378775,0.030400779985550797,0.031587772713530304,0.026898324173481702
2026-06-02,-0.02528625587267396,-0.0242378893696656,-0.02669937802016658,-0.02557382589009015,-0.022126296702594153,-0.02471934877508055,-0.02457961858852987,-0.02654436538193836,-0.023313175266939407,-0.026136170624050752,-0.021449797241250453
2026-06-03,-0.014181214401738584,-0.015012083198804427,-0.013486522880072349,-0.014090165076786176,-0.013718142406377809,-0.013652385274575574,-0.012733799484676234,-0.014943665407203488,-0.01287921103800671,-0.014965640264725133,-0.01341885875171056
2026-06-04,-0.017541271092003985,-0.017386559950941072,-0.016510381378165406,-0.01756325782783863,-0.015761482076325883,-0.01717607885969763,-0.01711121890739231,-0.01817672103147816,-0.01761790649292405,-0.01754061580020083,-0.017559842407061543
2026-06-05,0.014871181007349632,0.014340639175568493,0.01629202512133232,0.013869268105096477,0.016280951704774838,0.01566103086035464,0.01349868004717858,0.015912009385774528,0.012734635263872862,0.016208619652889222,0.01358557628649204
2026-06-08,-0.023689076556068,-0.022882508843818705,-0.02790167652661535,-0.024177579875629518,-0.02631301615526116,-0.0251119432115795,-0.023984548991751953,-0.023692955393533666,-0.024750298543254945,-0.024544671436487087,-0.023533709329855323
2026-06-09,0.004567176766015146,0.002543995027489254,0.0072893180179181005,0.0038426944236107374,0.008195437732747779,0.0058209592251912134,0.0038967911317500104,0.00480145213331018,0.003581234718041948,0.005582141668418084,0.002758455017479955
2026-06-10,-0.00675234550699344,-0.006095386109969181,-0.009378847023444159,-0.007194924272030834,-0.0074155190255343895,-0.005012453554177565,-0.008100200042163497,-0.0072181033404240535,-0.007042845054228808,-0.007043526838829806,-0.005214555922358088
2026-06-11,-0.011564279219743345,-0.011498066257465078,-0.012787126862349174,-0.01132188094364539,-0.012135548604779611,-0.012449382612182869,-0.013513733200087308,-0.012056864867230455,-0.01141955116977933,-0.012432843981301844,-0.011289493277452878
2026-06-12,0.0156745653097492,0.016484674109632724,0.011458060743178233,0.01592706216562867,0.01425182470181352,0.01451678706637316,0.018251657515608866,0.015787645616389234,0.015199689639286751,0.015172912206826705,0.01551446108855492
2026-06-15,-0.002709130441758245,-0.00202455906264698,-0.005612729706349517,-0.0015963849663727103,0.00037869261568679313,-0.0017315954436358805,-0.0006915091083795621,-0.0033226013435410096,0.00046837033699276276,-0.0027856290038079656,0.0004498195207902622
2026-06-16,-0.0024143306467499506,-0.00457982840406887,0.002207332061988546,-0.003247615028096247,0.002065255560759606,-0.000857216094719947,-0.0023537041290476028,-0.0014517935177961122,-0.0033449859288090054,-0.0012177140972179838,-0.0060622878201905235
2026-06-17,-0.021235603355027277,-0.021043966154459914,-0.021688324882637833,-0.021787642006756536,-0.014243416905476813,-0.01949839146191168,-0.019612050880462695,-0.021193853857084388,-0.020046654687474685,-0.021442745353100423,-0.018506392981144315
2026-06-18,-0.0023004537529501823,-0.00362323151226307,-0.0018250826299277545,-0.0029950234322672076,4.31499549662373e-05,-0.003441253748041717,-0.0038115676112842056,-0.0019052956862279924,-0.00392952847866701,-0.001878093338442799,-0.005231532599130451
2026-06-22,0.005387625048083322,0.00509639253726446,0.0070493001704599045,0.005750560774262503,0.0020241952068948965,0.004550795252203033,0.006366358587012844,0.005193735495818919,0.006099774898663979,0.005684310092637812,0.004460479963462216
2026-06-23,0.01665179879988199,0.016100930511571132,0.01619543656276723,0.016151988510552773,0.014183222838754395,0.016406372406440495,0.014598679543961879,0.0170594730484932,0.014791541043762013,0.01694051940354724,0.01489945847040941
2026-06-24,-0.03152849845262118,-0.03036194711479656,-0.034116336397649216,-0.03180496973907765,-0.027340656795915907,-0.03016555193049597,-0.030546043181395532,-0.03189409758100681,-0.029163493248342998,-0.032520272160428076,-0.027338551260599142
2026-06-25,-0.019227940524258802,-0.017677355698951902,-0.023642670142244082,-0.019065440440010795,-0.021683516103658595,-0.020212345150394717,-0.018154749799330405,-0.01944204019167861,-0.01999277776503139,-0.019675534286248686,-0.016725340119870813
2026-06-26,-0.022830188724100364,-0.02270812359775387,-0.02313737037683894,-0.023157448538600023,-0.02410057301401236,-0.0228471823859977,-0.02691677432951667,-0.02300079458380999,-0.02253745903493609,-0.022484997650037974,-0.022530797223570875
2026-06-29,0.005735770247409455,0.006962879899252927,0.001781631924687721,0.005539517817670925,0.004625978033546696,0.004479900423240757,0.008203622332265681,0.006505443393102439,0.005320560859269907,0.004663730844600922,0.00796736254708108
2026-06-30,-0.006873497874357981,-0.007246408312648445,-0.0011039393338786452,-0.007289112792582597,0.0003520641904426469,-0.004296109390488967,-0.005558342482408385,-0.006962394700825714,-0.004992483499764888,-0.00595181001452616,-0.007147034177071854
2026-07-01,0.03039164178044203,0.030856985713133316,0.030206413879070415,0.03034758428837761,0.029436354251916916,0.02983937840613756,0.03019703364850145,0.031396829082010635,0.029800685976158012,0.030960177093642172,0.029930881055855313
2026-07-02,0.003916233000126335,0.004299353331753242,0.0015476494277024688,0.004112599381782545,0.0029169040703087568,0.00341251473961357,0.0018964706702240264,0.00352427520679921,0.00491765234794328,0.003575247295040551,0.004704515254902786
2026-07-03,0.023662327873697375,0.02288377820760168,0.02215777099428906,0.023448618994525328,0.023580412131524398,0.024042981798830132,0.024620224915048228,0.02437474638974302,0.021421186993632713,0.024555368203971195,0.019707916342060594
2026-07-06,-0.005472813493556772,-0.0034082313306647016,-0.011848675699176248,-0.005441116737458507,-0.007950482909297896,-0.00562160372708842,-0.008277541465228189,-0.006047680726402271,-0.004330317826486296,-0.007427054707010439,0.0002058141099439137
2026-07-07,-0.029899736943616806,-0.029345077854987967,-0.029902965975704743,-0.029606223293700773,-0.029145674472078942,-0.02890313782449372,-0.030946808270956416,-0.030801989631623616,-0.028603042544385837,-0.030695027310519207,-0.027506614688225905
2026-07-08,-0.007718592208993069,-0.005536202948857927,-0.011189981603060062,-0.007365873787386623,-0.010745980466457361,-0.008192305665207233,-0.00666552471297821,-0.007956602416326453,-0.008161103792572622,-0.008734129071238828,-0.004174414775333868
2026-07-09,-0.005640138124661576,-0.006487232662211961,-0.004262464166974289,-0.005706862798793733,-0.005319628727692871,-0.005148388817072358,-0.006327891659918317,-0.005984906433539328,-0.005009559322978641,-0.005547097508332488,-0.007366164043479784
2026-07-10,0.022401149709034174,0.021524748928863024,0.023473049846902683,0.023084532445406536,0.018642692305529618,0.022186360667646676,0.02386747988178617,0.022577639847433106,0.02168462593569087,0.022909775323783688,0.01924065118351792
2026-07-13,-0.027084339500416887,-0.024728507785652054,-0.03294801717971241,-0.026413015773747772,-0.02917860736973521,-0.026593683599773987,-0.030259843535190734,-0.027289392511868793,-0.02477697334263651,-0.029212037938383673,-0.02003813691297507
2026-07-14,0.024372786522570467,0.02402684449697423,0.023810234701681532,0.02439179092534771,0.020527090048214847,0.023265792602631175,0.022730485724723914,0.02427613014816976,0.02428922823748425,0.024578399466563372,0.021952983390238767
2026-07-15,0.015039138001333167,0.015431549951904154,0.011751801842168282,0.01479237777276925,0.01332843195047467,0.013658499795025586,0.014641203506656309,0.015051256332791118,0.014094144696064157,0.014354861211285881,0.015000674635786712
2026-07-16,0.010019999622242537,0.011205764514715888,0.009419722828842403,0.009721752223905034,0.00926512768401544,0.00925262311557673,0.013427038539174374,0.010582975829654284,0.008103668339281667,0.010362293818763746,0.008127406882368904
2026-07-17,-0.036139847174542106,-0.034507705585436144,-0.04370205159377627,-0.03521591607342123,-0.038896912893676916,-0.03674511686201576,-0.03661316726436037,-0.03729288168824796,-0.031981699805527564,-0.03744257301556564,-0.029811670461135975
2026-07-20,-0.023733088178015338,-0.02135577234701147,-0.03510917681764636,-0.022818371203628507,-0.029772675951778904,-0.026547584444682415,-0.021513475887694478,-0.025044794495717726,-0.02062381976490657,-0.025903231620182043,-0.013939998450205437
2026-07-21,-0.015043312239452766,-0.015254052652723948,-0.012073589207095226,-0.014930426867995061,-0.012349267950276577,-0.014901771541594777,-0.009419099649742968,-0.014420806818815413,-0.015074249175885401,-0.014092214397158909,-0.01591909756693044
2026-07-22,-0.015179826593778256,-0.014127086008994372,-0.01760539227673863,-0.01445871060863102,-0.015401686337075615,-0.01565445472734006,-0.01486076747273224,-0.01590828056367788,-0.012208793437950782,-0.015593106854974947,-0.011662192487460699
2026-07-23,0.03012570939369752,0.028640611477378286,0.03538544296831314,0.03021842587030843,0.024246540830132224,0.0304206920187573,0.03200642627600736,0.029989195935059554,0.030515238752978124,0.03136152828381067,0.02445308832049453
2026-07-24,-0.02496588017450252,-0.02572407750703365,-0.023483487276157344,-0.025045301754813454,-0.022619773851967895,-0.023262433437034713,-0.026246020585289465,-0.024882149044921253,-0.02602373554693138,-0.024639655570749763,-0.025349578991534116
2026-07-27,0.02948679245928676,0.027856238439686765,0.03335622902298807,0.029825227511556696,0.03191631903023473,0.02978565525119592,0.031791050491578154,0.03029736957944862,0.028204540923304933,0.03122133661599724,0.02425943339843628
2026-07-28,0.009285581984477265,0.009396035907151878,0.009170188281824476,0.00967122806500087,0.005921972450031676,0.008843052289909004,0.010688590320999447,0.009256579290658262,0.009453367067040253,0.00959475925987352,0.00770821777467412
2026-07-29,0.022592281710543408,0.022279363014043794,0.020930414192662835,0.022228614469267216,0.0214607140142918,0.02188811645789502,0.023065791813809543,0.02251756143563894,0.021091796501078754,0.02253956186483763,0.021384654553812388
2026-07-30,-0.004610126471528031,-0.0027296297036483175,-0.010633136494482054,-0.004360946534624044,-0.0068096072005856545,-0.0050919175520889315,-0.005972164717870987,-0.00462611228267007,-0.005301545656802298,-0.005108446011293677,0.0010290480242098887
2026-07-31,0.020491899235064892,0.018708673302364476,0.028736590376696736,0.02046754959487118,0.02178216577118941,0.020237866725910658,0.025329730619681357,0.02175090464365148,0.019145031931059986,0.022659973752240825,0.014867320801025263
2026-08-03,0.03008320629235217,0.02755182940906309,0.03421875865162649,0.029697678599670985,0.02767559754923088,0.030022574790967482,0.028499879389555227,0.029600939067141674,0.028280842626527303,0.031009334998028937,0.023280792879576184
2026-08-04,0.007342804557090465,0.004492162271841238,0.014409850399981883,0.006165314463102867,0.009455287197423834,0.007133545378145589,0.009410067446778747,0.008220402562625129,0.00508874481854571,0.008994130638395603,0.001626963206113663
2026-08-05,0.001176245750919458,0.0011588335643968328,0.00384884194744628,0.001631822885452161,0.0014431424479377508,0.0016995752055970481,0.005061673643773412,0.0015828324970723617,0.002403982597229515,0.0019350554646044849,-0.00012069787089485917
2026-08-06,0.007512467166524539,0.007025078186529532,0.011173318714114977,0.007266445205339256,0.007637743627997073,0.008790979454155634,0.007454717479854045,0.007542555740757573,0.007841001280032733,0.007849316308213838,0.00353491478191037
2026-08-07,0.0014303640405493034,0.0006323076622849477,0.001841687777862644,0.001402601678164972,0.004322745611118561,0.0019256713714759233,-0.0023450924337281576,0.0016162743854750694,0.0017228727267530886,0.0009218901756604669,0.0004955970827524858
2026-08-10,0.03254276234477205,0.030771388413821876,0.03114034674469779,0.031540155804461234,0.030040742395215148,0.03233692640120833,0.027849155596424646,0.03194666031771676,0.03012127949337251,0.03231516805841972,0.027448341145799082
2026-08-11,-0.003745804443591516,-0.0038578437897700546,-0.002340082263506127,-0.003962454100504664,-0.003440321091396026,-0.003939098308722522,-0.0032335774359136815,-0.003586090718114776,-0.0038087365316201716,-0.0031782011497680784,-0.004607708395597654
2026-08-12,0.01022622909035107,0.0101691716684185,0.010941239856686442,0.010919905234292348,0.008396320670251598,0.010184745329238867,0.01147070803741846,0.0096083188919601,0.011994459265832886,0.010060630075214495,0.009559921975978046
2026-08-13,-0.012105295428313734,-0.011287140916412142,-0.012764149844349815,-0.012390238608032456,-0.008214215335887731,-0.01172109906487151,-0.014228062321686274,-0.011797502144469507,-0.01159707743869387,-0.012409497872902908,-0.010059968999305835
2026-08-14,0.0014125861939535689,0.0009690492191511968,0.0021782232700611193,0.0010713314244696903,0.0021915310620963524,0.0017304957005987998,-2.9802419124758117e-06,0.0014638216693356743,0.0010277823145969922,0.001938675878867091,-0.0008591782244408153
2026-08-17,0.017940509352226464,0.01731601001941052,0.02127500830133333,0.018208547366723726,0.017937646961023512,0.01766700597893478,0.0175560880267962,0.0186297921568912,0.017287908771636662,0.01865120015361632,0.01584774797579236
2026-08-18,0.0014223360301555132,0.0005675456494684816,-0.00022007467065399133,0.0013586285324020952,-0.001389245491729696,0.0008017817386123394,-1.5087199426222497e-05,0.0008722513349599392,0.0009751143618976776,0.0014193163442148826,-0.0005100880170831879
2026-08-19,-0.02503156693088815,-0.024683115032412717,-0.030441684981160066,-0.0251679264615301,-0.027261359091906412,-0.02590701912961535,-0.031923282013949894,-0.026132896024998575,-0.02421948145551911,-0.026344047234142742,-0.022452673431832215
2026-08-20,0.02199040037669886,0.021556248738088035,0.02202572523168156,0.021475567869210455,0.02349318169190684,0.022919629700939748,0.020075018130287114,0.02269092656498195,0.020716297227599156,0.022381662429910687,0.02249341729986054
2026-08-21,-0.004108920962802798,-0.004948095843297806,-0.001374509323952,-0.0035285272898085696,-0.0056179546481039955,-0.004073852283973389,-0.0006683058368323058,-0.0037572081337622354,-0.0048432061876453325,-0.0036117507661588277,-0.007045833207048657
2026-08-24,-0.008850696976628214,-0.007952440435281538,-0.00961765573113893,-0.008957693217476748,-0.008437562015214284,-0.008356053600014346,-0.007389438234127854,-0.008814942678470272,-0.008655861708345758,-0.008798629427671845,-0.006541816720742277
2026-08-25,0.026849064661296218,0.025684665660461015,0.029185202349285122,0.02641374010435138,0.026011246373377706,0.026526216427966043,0.025332571060674436,0.026359943534794983,0.025823760724983158,0.026924778640368574,0.022997641463005758
