selection,size,members,5y_periods,5y_first_signal_date,5y_last_signal_date,5y_mean_stock_count,5y_rank_ic,5y_ic_mean,5y_gross_excess_pct,5y_turnover_pct,5y_annual_cost_pct,5y_net_excess_pct,5y_sharpe_after_cost,5y_max_drawdown_pct,5y_monthly_win_rate_pct,5y_ic_ir,5y_win,5y_s_i,5y_direction,recent_periods,recent_first_signal_date,recent_last_signal_date,recent_mean_stock_count,recent_rank_ic,recent_ic_mean,recent_gross_excess_pct,recent_turnover_pct,recent_annual_cost_pct,recent_net_excess_pct,recent_sharpe_after_cost,recent_max_drawdown_pct,recent_monthly_win_rate_pct,recent_ic_ir,recent_win,recent_s_i,recent_direction
t10_size_plus_impact_bm+t10_size_plus_impact_wc,2,t10_size_plus_impact_bm|t10_size_plus_impact_wc,120,2021-09-07,2026-08-10,3919.575,0.11918481660294097,0.07423081520108817,24.00767802964925,29.433805385888075,4.450391374346277,19.55728665530297,1.0083937616859762,24.83836504753342,76.66666666666667,0.4441928061454802,0.7083333333333334,0.03749990201356296,1,15,2026-01-09,2026-08-10,4609.8,0.07582279762717663,0.02528664904085935,11.594005916821292,28.475884975910944,4.305553808357734,7.2884521084635585,-0.08975224752773239,19.612301121799568,62.5,0.10299360715028273,0.4666666666666667,0.0036443229348627824,1
t10_size_plus_impact_bm+t10_size_plus_impact_dd120,2,t10_size_plus_impact_bm|t10_size_plus_impact_dd120,120,2021-09-07,2026-08-10,3919.575,0.11606668931315565,0.07367654451821158,24.355100317094134,31.89036982637364,4.821823917747694,19.53327639934644,0.9857841872304858,25.152729312107546,76.66666666666667,0.4311353268802306,0.675,0.033777303774930136,1,15,2026-01-09,2026-08-10,4609.8,0.07211638146610347,0.023333401756152245,12.01058133746371,30.8743858402866,4.668207139051335,7.342374198412377,-0.08149244871041762,20.238800616027262,62.5,0.09358661704473276,0.4666666666666667,0.0031495931482960413,1
t10_size_plus_impact_bm+reversal_chip_turn_eq,2,t10_size_plus_impact_bm|reversal_chip_turn_eq,120,2021-09-07,2026-08-10,3919.575,0.11486460393382956,0.06896851039657151,20.94551424088158,36.47923497175951,5.515660327730037,15.429853913151542,0.8945317585361795,25.14388802075105,71.66666666666667,0.42072415323486395,0.6666666666666666,0.03221754215114564,1,15,2026-01-09,2026-08-10,4609.8,0.07346481810426925,0.0215863968065205,8.393645510472215,35.87979902165566,5.425025612074335,2.968619898397879,-0.27969758822506274,20.5955793195426,50.0,0.08407584720553088,0.4666666666666667,0.002882421183561108,1
t10_size_plus_impact_bm+impact60,2,t10_size_plus_impact_bm|impact60,120,2021-09-07,2026-08-10,3919.575,0.10659568965984945,0.07173695766376774,27.45190438836904,21.833740114937633,3.30126150537857,24.15064288299047,1.1392945866099304,24.929689271328293,80.0,0.43795794222676626,0.6916666666666667,0.0322900633181222,1,15,2026-01-09,2026-08-10,4609.8,0.07541507474910562,0.03401611954210428,14.28886027336712,20.095586162368665,3.038452627750142,11.25040764561698,0.07540903088307806,19.471971367529427,75.0,0.15624673348337967,0.5333333333333333,0.006284458178641419,1
t10_size_plus_impact_bm+fscore_interact,2,t10_size_plus_impact_bm|fscore_interact,120,2021-09-07,2026-08-10,3833.0833333333335,0.11054500733687839,0.0626555363318532,16.78735460784715,42.38489345806983,6.408595890860158,10.37875871698699,0.7805821683049269,25.108294955063226,71.66666666666667,0.4121339078621312,0.6666666666666666,0.0303728972455971,1,15,2026-01-09,2026-08-10,4513.866666666667,0.08761302920088412,0.03185875251324624,13.350829823946542,42.29963673917384,6.395705074963084,6.955124748983457,-0.1408413497854978,17.575419058491704,62.5,0.1297259815179283,0.5333333333333333,0.00606169931031659,1
t10_size_plus_impact_bm+value_bm,2,t10_size_plus_impact_bm|value_bm,120,2021-09-07,2026-08-10,3919.575,0.10417625414052588,0.0540167026907883,10.176741208712702,16.41194930043674,2.481486734226035,7.695254474486668,0.7763508728122797,21.065882512399682,58.333333333333336,0.3258104400404461,0.6166666666666667,0.020930721908695552,1,15,2026-01-09,2026-08-10,4609.8,0.0813325116143962,0.020575779364898145,7.9425207276656025,14.995958307775489,2.267388896135654,5.675131831529949,-0.26168964902739983,18.92509731846862,75.0,0.07660069192334622,0.4666666666666667,0.0029073924439122927,1
t10_size_plus_impact_bm+quality_roic,2,t10_size_plus_impact_bm|quality_roic,120,2021-09-07,2026-08-10,3835.8,0.08965520398250798,0.04885716798349078,12.38275718628794,26.182275540373638,3.9587600617044942,8.423997124583446,0.7799464539349268,24.987917152241458,63.33333333333333,0.3522156692098725,0.6,0.018946780601308007,1,15,2026-01-09,2026-08-10,4516.133333333333,0.07923653108228024,0.03474386861429726,9.119911278321934,25.297515121184066,3.824984286323031,5.294926991998905,-0.25630207014999595,18.13770031896841,62.5,0.1652130278083771,0.4666666666666667,0.006109090032796847,1
t10_size_plus_impact_fscore+t10_size_plus_impact_wc,2,t10_size_plus_impact_fscore|t10_size_plus_impact_wc,120,2021-09-07,2026-08-10,3833.0833333333335,0.11735170717083018,0.07287101612574562,24.43825338100276,30.482275383040037,4.608920037915654,19.829333343087107,1.011044096622249,25.00583258491227,80.0,0.4438440315270893,0.675,0.035157952001669206,1,15,2026-01-09,2026-08-10,4513.866666666667,0.07621786042294089,0.027207965004286728,11.7844362599683,29.238347787397107,4.420838185454443,7.363598074513858,-0.08392922773036203,19.70957124428434,62.5,0.11314791830660631,0.4666666666666667,0.004024483047498311,1
t10_size_plus_impact_wc+reversal_chip_turn_size_eq,2,t10_size_plus_impact_wc|reversal_chip_turn_size_eq,120,2021-09-07,2026-08-10,3919.575,0.11417275337536688,0.0715860594374175,23.73241738273841,32.610869863767604,4.930763523401662,18.80165385933675,0.9669393285348747,25.90457400276932,78.33333333333333,0.4347588977720796,0.675,0.03350539377882764,1,15,2026-01-09,2026-08-10,4609.8,0.06920841429169601,0.022507670848989404,9.421039698109979,31.399345491875312,4.747581038371548,4.673458659738431,-0.1949343124373303,20.343537605681263,62.5,0.09489992622376982,0.4666666666666667,0.0030650075914948225,1
t10_size_plus_impact_wc+reversal_turn_paper_nomcap,2,t10_size_plus_impact_wc|reversal_turn_paper_nomcap,120,2021-09-07,2026-08-10,3915.3166666666666,0.11620110556664172,0.06713330299861443,19.863085033395866,35.19398795223248,5.321330978377552,14.541754055018313,0.9032366702089774,23.81126913637902,73.33333333333333,0.4294458312766931,0.6333333333333333,0.031604650904380235,1,15,2026-01-09,2026-08-10,4604.6,0.07901475992632037,0.024764047581579685,9.598618620907363,34.202329557235466,5.171392229054002,4.42722639185336,-0.2431813390334243,19.3631466844978,62.5,0.09665478084291383,0.4666666666666667,0.0035640053418825083,1
t10_size_plus_impact_wc+f_i10_01,2,t10_size_plus_impact_wc|f_i10_01,120,2021-09-07,2026-08-10,3919.575,0.09970619286221781,0.06961546609157018,27.633315456166873,21.044740365350044,3.181964743240927,24.451350712925944,1.1162457285511096,27.653160027464196,81.66666666666667,0.41636674978362,0.7,0.02906004041873828,1,15,2026-01-09,2026-08-10,4609.8,0.06594393030074874,0.030266262617903845,12.451982121514915,19.893020176068227,3.0078246506215156,9.4441574708934,0.016132257063312408,20.0077544991366,75.0,0.14963601991459446,0.5333333333333333,0.005262713209455716,1
t10_size_plus_impact_wc+max_return21_low,2,t10_size_plus_impact_wc|max_return21_low,120,2021-09-07,2026-08-10,3919.575,0.11551481084082216,0.06286704965185376,17.974387901338005,43.433158505773655,6.567093566072976,11.40729433526503,0.8380878997455278,22.997421099563564,70.0,0.4229440272322865,0.6416666666666667,0.031349458718778915,1,15,2026-01-09,2026-08-10,4609.8,0.0856968512343105,0.02647160750892569,7.46957806958819,42.60416706457476,6.441750060163703,1.0278280094244863,-0.4251019065308821,20.626405967664162,62.5,0.10527785859063328,0.4666666666666667,0.004210257793423863,1
t10_size_plus_impact_wc+ltmom_exhigh252_21,2,t10_size_plus_impact_wc|ltmom_exhigh252_21,120,2021-09-07,2026-08-10,3919.575,0.10074255150685855,0.061122649045056085,20.611797962881795,23.146324306605806,3.499724235158798,17.112073727722997,0.9816884235397182,25.22820026591913,76.66666666666667,0.4757576523074507,0.6666666666666666,0.0319526931949103,1,15,2026-01-09,2026-08-10,4609.8,0.07522818332717196,0.029060802161414278,7.842731767174749,21.460567006703478,3.2448377314135657,4.5978940357611835,-0.2116019301306986,19.880114573788944,62.5,0.17707227215380755,0.5333333333333333,0.007104440187597611,1
t10_size_plus_impact_wc+growth_roe,2,t10_size_plus_impact_wc|growth_roe,120,2021-09-07,2026-08-10,3912.5416666666665,0.08121860639868533,0.051814371222302924,18.90552104652119,24.708881605624843,3.7359828987704757,15.169538147750714,0.9108023400656614,23.411336787129443,76.66666666666667,0.4864594946320539,0.675,0.026668954500811314,1,15,2026-01-09,2026-08-10,4605.933333333333,0.055135366399390956,0.025015921030415493,6.581830249269027,21.71112494725257,3.2827220920245885,3.2991081572444387,-0.27800695560147837,19.159961464290333,62.5,0.16264331211516034,0.4666666666666667,0.004184786016077271,1
t10_size_plus_impact+t10_size_plus_wc_mcap,2,t10_size_plus_impact|t10_size_plus_wc_mcap,120,2021-09-07,2026-08-10,3919.575,0.11425164911935352,0.07156552514447583,23.276995597930128,32.09386268362452,4.852592037764027,18.424403560166102,0.9605247924716737,25.95204145095308,80.0,0.43628996725706615,0.675,0.033646622571010275,1,15,2026-01-09,2026-08-10,4609.8,0.06927737032689975,0.022629014063573427,9.525818523154294,30.8340590065952,4.662109721797194,4.863708801357101,-0.18938584920727683,20.1805788213421,62.5,0.09579329410749948,0.4666666666666667,0.003096943505002137,1
t10_size_plus_impact+weighted_reversal,2,t10_size_plus_impact|weighted_reversal,120,2021-09-07,2026-08-10,3923.15,0.11827322719857186,0.07219966104974884,22.734457236900063,53.70578197790841,8.120314235059752,14.614143001840313,0.8499603987672258,25.3217741218139,78.33333333333333,0.47912053418199896,0.6666666666666666,0.037778087863205786,1,15,2026-01-09,2026-08-10,4613.8,0.08868693940381182,0.036740493620925505,10.31641583195012,52.97920966999159,8.010456502102729,2.305959329847393,-0.26640686428640764,21.15038485463625,50.0,0.16231569845858437,0.4666666666666667,0.00671779850629247,1
t10_size_plus_impact+turn_bias,2,t10_size_plus_impact|turn_bias,120,2021-09-07,2026-08-10,3923.15,0.10790732909505435,0.06928864134170346,21.853302839310107,29.35586128050624,4.438606225612544,17.414696613697565,0.9624258353345518,24.80676854598155,76.66666666666667,0.4690952117503149,0.65,0.03290222740431603,1,15,2026-01-09,2026-08-10,4613.8,0.06914398306679023,0.03259290792559587,4.723694570496184,26.85899481823401,4.061080016516982,0.6626145539792017,-0.38134559247599137,21.54670202657619,50.0,0.1456248693061635,0.4666666666666667,0.004698905632124158,1
t10_size_plus_impact+paper_composite,2,t10_size_plus_impact|paper_composite,120,2021-09-07,2026-08-10,3915.3166666666666,0.10703706906191085,0.06617190645122088,22.427938262325654,22.893854398448738,3.4615507850454494,18.966387477280204,1.023742082917849,24.92958946512437,75.0,0.38578407250004954,0.6833333333333333,0.0282170175476349,1,15,2026-01-09,2026-08-10,4604.6,0.07229482510092908,0.020798712527658837,10.346811147416101,21.59142001036091,3.2646227055665693,7.0821884418495324,-0.10917219717618518,20.302257365427558,50.0,0.08172787192575225,0.4666666666666667,0.002757301029813582,1
t10_size_plus_impact+skew60_low,2,t10_size_plus_impact|skew60_low,120,2021-09-07,2026-08-10,3923.15,0.09949523274556991,0.058261499763734306,20.251863461825437,32.43093972532425,4.903558086469027,15.348305375356407,0.8976759903336454,25.969391137622154,75.0,0.4392845142906057,0.675,0.029502032618836205,1,15,2026-01-09,2026-08-10,4613.8,0.0762978279081,0.02955655370344455,10.550355391729871,31.95658215684805,4.8318352221154255,5.718520169614445,-0.18017645230612112,19.003448451673034,62.5,0.16922425787580672,0.5333333333333333,0.006886103096151593,1
t10_size_plus_impact+asset_growth,2,t10_size_plus_impact|asset_growth,120,2021-09-07,2026-08-10,3923.125,0.08061592914363178,0.0520319940606881,14.521810704823457,23.023514714121887,3.4811554247752294,11.040655280048227,0.7979970417111016,26.66489974873806,73.33333333333333,0.4583486235347947,0.6166666666666667,0.02278595676407667,1,15,2026-01-09,2026-08-10,4613.8,0.07373915105150629,0.04304599831749501,4.638148378204676,22.322510701214853,3.3751636180236853,1.2629847601809907,-0.37134385689149757,20.247539043415696,50.0,0.3426028079383829,0.4666666666666667,0.01178951209577802,1
t10_size_plus_impact_aggregate+t10_size_plus_impact_downside,2,t10_size_plus_impact_aggregate|t10_size_plus_impact_downside,120,2021-09-07,2026-08-10,3923.15,0.11162395998068705,0.07386093581939722,26.318433734496203,27.364785494306975,4.1375555667392145,22.18087816775699,1.0588234663943228,26.194580942863645,81.66666666666667,0.4404308623478168,0.6916666666666667,0.03400415722580576,1,15,2026-01-09,2026-08-10,4613.8,0.07237984892410049,0.029870580743386183,12.229353593883364,26.168972041884693,3.956748572732965,8.272605021150397,-0.039377753371087225,20.051887746756147,62.5,0.1313407513005677,0.4666666666666667,0.004436331077132707,1
t10_size_plus_impact_aggregate+weighted_reversal_lowturn,2,t10_size_plus_impact_aggregate|weighted_reversal_lowturn,120,2021-09-07,2026-08-10,3923.15,0.11835567643381593,0.07238400847166902,22.52695992677669,39.94586184284327,6.039814310637903,16.487145616138786,0.9363799946461765,24.629448181160974,76.66666666666667,0.48145012690883604,0.6916666666666667,0.03941279584561392,1,15,2026-01-09,2026-08-10,4613.8,0.08250921589741717,0.03473760874524864,6.610162961661469,38.8852096834344,5.87944370413528,0.7307192575261898,-0.35779276048039244,21.10111863176144,50.0,0.15379491459094558,0.4666666666666667,0.005921765645557609,1
t10_size_plus_impact_aggregate+reversal_chip_eq,2,t10_size_plus_impact_aggregate|reversal_chip_eq,120,2021-09-07,2026-08-10,3923.15,0.11164488601285569,0.07041191172429952,21.789628166773788,37.0200843601205,5.597436755250219,16.19219141152357,0.8797122455142469,27.24320303313956,73.33333333333333,0.41747276682179674,0.6416666666666667,0.029907248823561713,1,15,2026-01-09,2026-08-10,4613.8,0.07022709905695125,0.022035983521148505,9.920246568389679,37.57030340283734,5.680629874509006,4.239616693880673,-0.20587853518004304,20.00703356806336,62.5,0.08859265179148755,0.4666666666666667,0.0029034156354367665,1
t10_size_plus_impact_aggregate+chip250,2,t10_size_plus_impact_aggregate|chip250,120,2021-09-07,2026-08-10,3923.15,0.10421939824103783,0.0659272121169035,21.837612123344407,27.191730655264383,4.111389675075975,17.726222448268434,0.930541171133539,24.95753107801635,73.33333333333333,0.38953315655619647,0.6416666666666667,0.026049684668198715,1,15,2026-01-09,2026-08-10,4613.8,0.05600031162927828,0.010727490038632612,6.768696985695454,26.458821327729044,4.000573784752631,2.7681232009428234,-0.2819792829383625,21.062930312078166,50.0,0.04295826424646855,0.4666666666666667,0.0011226488862657235,1
t10_size_plus_impact_aggregate+rsi14,2,t10_size_plus_impact_aggregate|rsi14,120,2021-09-07,2026-08-10,3923.15,0.10639031933511538,0.06534982626020167,20.078975790935406,54.545650721839486,8.247302389142131,11.831673401793273,0.7747029324352266,27.34898985197587,78.33333333333333,0.4158454881124887,0.6166666666666667,0.027282526135852005,1,15,2026-01-09,2026-08-10,4613.8,0.07513682826875863,0.028102256378189763,10.8356798924512,55.14929606363753,8.338573564821996,2.4971063276292047,-0.2617938248329092,20.599957503022626,62.5,0.1223912155237526,0.4666666666666667,0.004291507613125985,1
t10_size_plus_impact_aggregate+paper_composite_nomcap,2,t10_size_plus_impact_aggregate|paper_composite_nomcap,120,2021-09-07,2026-08-10,3915.3166666666666,0.10206732099535613,0.057641825948821945,17.342126748763697,21.06094721543163,3.1844152189732626,14.157711529790435,0.9509629859890252,20.79243543528968,66.66666666666666,0.35507188280321444,0.6583333333333333,0.02385881359367993,1,15,2026-01-09,2026-08-10,4604.6,0.07268934478586894,0.016807038053098727,8.930945348218389,19.27376264184696,2.9141929114472607,6.016752436771128,-0.20475363908274927,19.214850150203933,50.0,0.06312653109975429,0.4666666666666667,0.0021413588859814283,1
t10_size_plus_impact_aggregate+growth_revenue,2,t10_size_plus_impact_aggregate|growth_revenue,120,2021-09-07,2026-08-10,3923.15,0.08150175607100642,0.055738096727577284,20.655845224844715,23.18665991715122,3.505822979473265,17.15002224537145,0.9865864690446403,22.58844454390999,78.33333333333333,0.4931488810584223,0.6583333333333333,0.026460062375386253,1,15,2026-01-09,2026-08-10,4613.8,0.06135470379452679,0.034212098670185404,10.023201460991505,20.882056782029306,3.157366985442831,6.865834475548674,-0.1162916749002986,18.49973259512707,62.5,0.23168304289200237,0.4666666666666667,0.006633594086398277,1
t10_size_plus_impact_fscore+reversal_chip_turn_paper,2,t10_size_plus_impact_fscore|reversal_chip_turn_paper,120,2021-09-07,2026-08-10,3829.358333333333,0.11739673204657149,0.06992392615649656,22.480415933570576,35.0785942556002,5.30388345144675,17.176532482123825,0.953484996159242,23.993873047246773,78.33333333333333,0.41987587712826413,0.6916666666666667,0.034093671956031815,1,15,2026-01-09,2026-08-10,4510.666666666667,0.0772359237084042,0.02348682698907323,10.53671764166183,33.89094201947726,5.124310433344961,5.412407208316869,-0.17908640504491544,20.38357488817619,62.5,0.08964402896831992,0.4666666666666667,0.0032310783784118623,1
t10_size_plus_impact_fscore+momentum20_open,2,t10_size_plus_impact_fscore|momentum20_open,120,2021-09-07,2026-08-10,3833.0833333333335,0.11841591180079393,0.07804772206072022,23.61852957713686,53.97625260083579,8.161209393246372,15.457320183890488,0.8724400034358419,26.44337685315028,78.33333333333333,0.47746867099451873,0.6583333333333333,0.03722209295448507,1,15,2026-01-09,2026-08-10,4513.866666666667,0.08801666043655303,0.0378975856578035,8.340240124470544,52.65594412761947,7.961578752096064,0.37866137237447944,-0.3408764420216353,21.12085544590061,62.5,0.13840545695871326,0.4666666666666667,0.0056849268502604765,1
t10_size_plus_impact_fscore+book_to_market_lf_minus_size,2,t10_size_plus_impact_fscore|book_to_market_lf_minus_size,120,2021-09-07,2026-08-10,3833.0833333333335,0.11231938381943601,0.06966708778123164,24.441294098495202,23.5753382228623,3.56459113929678,20.876702959198422,1.0606112285372713,25.898873332126282,78.33333333333333,0.396075792768993,0.6833333333333333,0.030399442476232084,1,15,2026-01-09,2026-08-10,4513.866666666667,0.08165584351666269,0.027844393790635122,13.930675162043526,21.626465056504838,3.2699215165435316,10.660753645499996,0.04070148751388145,20.0879087333806,62.5,0.10956941574320599,0.4666666666666667,0.00417525876419838,1
t10_size_plus_impact_fscore+fscore_eq,2,t10_size_plus_impact_fscore|fscore_eq,120,2021-09-07,2026-08-10,3833.0833333333335,0.10022682959902926,0.05837464600692973,17.667845258330207,39.802349723279725,6.018115278159895,11.649729980170312,0.8112333254417341,25.248757967687084,70.0,0.4069703214221672,0.6166666666666667,0.0251534294518424,1,15,2026-01-09,2026-08-10,4513.866666666667,0.08199611581091196,0.032595616341346646,12.581684278311423,39.02203062136779,5.900131029950809,6.681553248360614,-0.1404220452741292,17.78336316172483,62.5,0.1408027389407789,0.5333333333333333,0.006157481433963579,1
t10_size_plus_impact_fscore+drawdown120,2,t10_size_plus_impact_fscore|drawdown120,120,2021-09-07,2026-08-10,3833.0833333333335,0.09155216424487045,0.05969143837727656,20.01905430897748,33.373749301911495,5.046110894449018,14.972943414528462,0.8541450425739288,26.409116952053445,71.66666666666667,0.36647330372535836,0.5833333333333334,0.019571664054847508,1,15,2026-01-09,2026-08-10,4513.866666666667,0.05097360009099778,0.013779042485261773,5.716884198481187,32.445140869098246,4.905705299407654,0.8111788990735329,-0.35519172594254206,20.79546126549473,50.0,0.05897705060282755,0.4666666666666667,0.0014029272095883664,1
t10_size_plus_impact_fscore+cash_conversion,2,t10_size_plus_impact_fscore|cash_conversion,120,2021-09-07,2026-08-10,3833.0833333333335,0.08228848651080764,0.049213674936766046,19.42773440586414,24.11172942096926,3.645693488450552,15.782040917413587,0.9767161383522904,21.964898478239125,78.33333333333333,0.4374970869328367,0.65,0.02340063253878374,1,15,2026-01-09,2026-08-10,4513.866666666667,0.06180206913262533,0.024507254023538417,8.1126416985159,21.138020894305672,3.1960687592190173,4.9165729392968816,-0.22824313498119375,19.36061548819047,62.5,0.13056533669525633,0.5333333333333333,0.004303577581207858,1
t10_size_plus_impact_downside+reversal_turn_paper,2,t10_size_plus_impact_downside|reversal_turn_paper,120,2021-09-07,2026-08-10,3915.3166666666666,0.11883254379574543,0.07299435203724998,23.47879826638348,33.63887700068048,5.086198202502888,18.392600063880593,0.9896525040599341,24.71351531689242,78.33333333333333,0.4440123602418657,0.675,0.03561510481489832,1,15,2026-01-09,2026-08-10,4604.6,0.08058598547666589,0.02975635112946184,12.11863525901511,32.977221552982456,4.986155898810947,7.1324793602041625,-0.10103945218792172,19.595014683123946,62.5,0.11965578122420023,0.4666666666666667,0.004499870222368505,1
t10_size_plus_impact_downside+reversal_turn_eq,2,t10_size_plus_impact_downside|reversal_turn_eq,120,2021-09-07,2026-08-10,3923.15,0.11355691448255124,0.07036163186176063,22.080068998920144,37.62960944135912,5.6895969475334995,16.390472051386645,0.9182207289574843,25.564574167836874,76.66666666666667,0.4489744539519612,0.65,0.03313969988697745,1,15,2026-01-09,2026-08-10,4613.8,0.0774627234352146,0.03142040122862082,8.374104619398793,37.03942495244393,5.600361052809522,2.7737435665892707,-0.2793593212656553,20.150384357210683,50.0,0.1344406653629763,0.4666666666666667,0.004859932037080619,1
t10_size_plus_impact_downside+book_to_market_lf_plus_impact,2,t10_size_plus_impact_downside|book_to_market_lf_plus_impact,120,2021-09-07,2026-08-10,3919.575,0.10706792954425788,0.06918790083086247,24.58399958274853,19.39274982964701,2.932183774242627,21.6518158085059,1.0928317362740783,24.597898903946145,76.66666666666667,0.4042723680555722,0.6833333333333333,0.029577813703437268,1,15,2026-01-09,2026-08-10,4609.8,0.0796759636219311,0.03079299609763287,12.794063788492249,18.023987919395577,2.725226973412611,10.068836815079637,0.014276166067271999,19.5277762924739,62.5,0.12679765663123121,0.5333333333333333,0.005388120254451248,1
size_only+t10_size_plus_impact_downside,2,size_only|t10_size_plus_impact_downside,120,2021-09-07,2026-08-10,3923.15,0.09094673380902041,0.0665545339398008,28.020780852146455,20.872787662536165,3.1559654945754683,24.864815357570986,1.0977596214836312,29.26586726678544,76.66666666666667,0.3782282877090499,0.7,0.024079039180921583,1,15,2026-01-09,2026-08-10,4613.8,0.06046101389445766,0.028766843532722495,14.03556769015869,19.53024237137355,2.9529726465516806,11.08259504360701,0.0804071409799707,20.66318305884244,62.5,0.1440973671768441,0.5333333333333333,0.0046465455568181005,1
t10_size_plus_impact_downside+alpha44,2,t10_size_plus_impact_downside|alpha44,120,2021-09-07,2026-08-10,3922.7,0.10004903242327093,0.05877731009821039,16.91048248592535,73.4683800454397,11.108419062870482,5.802063423054866,0.5956409932832382,31.12129487549845,73.33333333333333,0.45830643786199404,0.6666666666666666,0.03056874377429896,1,15,2026-01-09,2026-08-10,4613.333333333333,0.06747138365519853,0.026051090391838408,3.5405231609362264,73.92252871028003,11.177086340994343,-7.636563180058116,-0.7617152056035897,23.83781279032022,37.5,0.1517939929592425,0.4666666666666667,0.004779483676570192,1
t10_size_plus_impact_downside+quality_asset_turnover_tsrank378,2,t10_size_plus_impact_downside|quality_asset_turnover_tsrank378,120,2021-09-07,2026-08-10,3922.391666666667,0.0835662484363245,0.05799308086035627,19.71283078435293,28.948340517546782,4.376989086253073,15.335841698099856,0.926107825236144,24.431946138073734,81.66666666666667,0.5213495422791212,0.6916666666666667,0.030133997549147265,1,15,2026-01-09,2026-08-10,4611.466666666666,0.05051317188684367,0.028141089603766444,6.3789989095127115,27.040438736241097,4.088514336919654,2.290484572593058,-0.32495129878022183,20.244916397237212,62.5,0.20246310240829732,0.4666666666666667,0.004772624963257179,1
t10_size_plus_impact_g13+reversal_turn_paper,2,t10_size_plus_impact_g13|reversal_turn_paper,120,2021-09-07,2026-08-10,3915.3166666666666,0.118558565733462,0.0729799255028703,23.384540109985853,33.462323469336425,5.0595033085636665,18.325036801422183,0.9857652367439341,24.884658513357316,76.66666666666667,0.4425007099814537,0.675,0.035412018420221854,1,15,2026-01-09,2026-08-10,4604.6,0.07965611867675178,0.02921434764172308,12.247928389059181,32.744050686370855,4.9509004637792735,7.297027925279909,-0.09430316247191134,19.69648302153072,62.5,0.1179210793577831,0.4666666666666667,0.00438346322951331,1
t10_size_plus_impact_g13+reversal_turn_eq,2,t10_size_plus_impact_g13|reversal_turn_eq,120,2021-09-07,2026-08-10,3923.15,0.11361490840226995,0.07052201945906694,21.84166863289594,37.37829645552752,5.651598424075761,16.190070208820178,0.9107406839427549,25.84828750535998,75.0,0.44879345702970636,0.6583333333333333,0.03356817144537904,1,15,2026-01-09,2026-08-10,4613.8,0.07662281044907346,0.030888946086499103,8.154728437275438,36.96412807278042,5.588976164604399,2.565752272671039,-0.28800219399895677,20.13918147249678,50.0,0.13253278464565973,0.4666666666666667,0.004739016070223054,1
t10_size_plus_impact_g13+book_to_market_lf_plus_impact,2,t10_size_plus_impact_g13|book_to_market_lf_plus_impact,120,2021-09-07,2026-08-10,3919.575,0.10531809608713678,0.06847348137288287,24.78118636592179,19.298779159117206,2.917975408858521,21.863210957063274,1.0961115852111334,24.848450359681795,78.33333333333333,0.3991771966951429,0.6833333333333333,0.028727731277510857,1,15,2026-01-09,2026-08-10,4609.8,0.07830200838177488,0.030215246337239012,12.34191631803535,17.735533058656646,2.681612598468885,9.660303719566466,-0.0018020921601952181,19.502498666481806,62.5,0.1256076438130111,0.5333333333333333,0.0052455097486194075,1
size_only+t10_size_plus_impact_g13,2,size_only|t10_size_plus_impact_g13,120,2021-09-07,2026-08-10,3923.15,0.0891333411056895,0.06575291110289444,28.455310660198705,20.79012744873814,3.1434672702492064,25.3118433899495,1.1069431705376462,29.5786460071618,76.66666666666667,0.3719200045173133,0.7,0.023205330838669883,1,15,2026-01-09,2026-08-10,4613.8,0.05911937604604244,0.02820924787678995,13.289318479365308,19.675587750150736,2.9749488678227913,10.314369611542517,0.05359679388501154,20.93737630080552,62.5,0.14257688466243598,0.5333333333333333,0.004495496778576946,1
t10_size_plus_impact_g13+alpha44,2,t10_size_plus_impact_g13|alpha44,120,2021-09-07,2026-08-10,3922.7,0.09907110035410893,0.05857001356721676,17.428347005317303,73.34952024162531,11.090447460533746,6.337899544783555,0.609919082680872,30.898795383651155,73.33333333333333,0.4536605976419612,0.675,0.03033764185209195,1,15,2026-01-09,2026-08-10,4613.333333333333,0.0661230957480328,0.025318439392378603,3.807241518437454,74.08067328881349,11.2009978012686,-7.393756282831145,-0.7516439110667178,23.71487624521632,37.5,0.14884769176239884,0.4666666666666667,0.004593059414663426,1
t10_size_plus_impact_g13+quality_asset_turnover_tsrank378,2,t10_size_plus_impact_g13|quality_asset_turnover_tsrank378,120,2021-09-07,2026-08-10,3922.391666666667,0.08219986042690001,0.0575778506224566,20.35499798629217,28.78462545093297,4.352235368181065,16.002762618111102,0.9431795353998333,24.123850200634223,81.66666666666667,0.5126067560072145,0.6833333333333333,0.028793072595080668,1,15,2026-01-09,2026-08-10,4611.466666666666,0.048843422918006967,0.02737678047192507,6.518334627871658,26.8807031713172,4.064362319503161,2.4539723083684977,-0.31549666062593856,20.181135357248703,62.5,0.1997070429078768,0.4666666666666667,0.004552041926345196,1
t10_nomcap_plus_impact+reversal_chip_turn_paper,2,t10_nomcap_plus_impact|reversal_chip_turn_paper,120,2021-09-07,2026-08-10,3915.3166666666666,0.11328364291432844,0.06760097446643908,20.341284363028798,36.27703995805516,5.485088441657941,14.85619592137086,0.8885466669131925,25.35479690623329,66.66666666666666,0.41509675388384126,0.65,0.03056538708721807,1,15,2026-01-09,2026-08-10,4604.6,0.07282850476825528,0.02137332138371885,9.574735040138982,35.543728182267806,5.374211701158892,4.200523338980091,-0.2330385551198127,19.948536857113208,62.5,0.08328674550834314,0.4666666666666667,0.0028306362664471886,1
t10_nomcap_plus_impact+momentum20_open,2,t10_nomcap_plus_impact|momentum20_open,120,2021-09-07,2026-08-10,3923.15,0.11357053844346583,0.07556309044819683,21.68453815105382,55.07709658118658,8.327657003075412,13.356881147978411,0.8112981632868836,26.770423752635743,75.0,0.467219009580399,0.6,0.03183738869344124,1,15,2026-01-09,2026-08-10,4613.8,0.08171287834625957,0.0356232885987628,7.032696858207932,53.719505001337076,8.122389156202166,-1.0896922979942338,-0.4140809127939623,20.92820581826328,50.0,0.13172620505056973,0.4666666666666667,0.005023072771878768,1
book_to_market_lf_minus_size+t10_nomcap_plus_impact,2,book_to_market_lf_minus_size|t10_nomcap_plus_impact,120,2021-09-07,2026-08-10,3919.575,0.11685224400239792,0.07201145857816507,23.967614333730513,25.930415597476603,3.9206788383384623,20.046935495392052,1.0344862295347943,24.64849698360433,75.0,0.41231369336061363,0.6833333333333333,0.03292284987310461,1,15,2026-01-09,2026-08-10,4609.8,0.08052123201492008,0.025513505144314306,11.704067941365592,23.85946056874525,3.6075504379942807,8.096517503371311,-0.05884673379429602,20.552191661963292,50.0,0.09827112675968627,0.4666666666666667,0.0036926923591526824,1
t10_nomcap_plus_impact+fscore_eq,2,t10_nomcap_plus_impact|fscore_eq,120,2021-09-07,2026-08-10,3833.0833333333335,0.10308548590738725,0.05925822081479059,16.83743524980286,43.10914946729962,6.518103399455703,10.319331850347153,0.7693057741330793,26.598188962596904,68.33333333333333,0.39296022142430687,0.6,0.024305097220679493,1,15,2026-01-09,2026-08-10,4513.866666666667,0.0831130036447784,0.031887038602285936,10.934134944681128,43.00353821919866,6.502134978742838,4.4319999659382905,-0.2490740145922618,17.942215505962267,62.5,0.13111170817951945,0.5333333333333333,0.005811780202558679,1
t10_nomcap_plus_impact+drawdown120,2,t10_nomcap_plus_impact|drawdown120,120,2021-09-07,2026-08-10,3923.15,0.08665415549799275,0.05637653501116273,16.7479019267361,34.23312133951711,5.176047946534988,11.571853980201109,0.7574252900439362,27.707611845768,65.0,0.3504066438801355,0.55,0.016700305493475467,1,15,2026-01-09,2026-08-10,4613.8,0.044543153279671045,0.010744530278197642,3.946129272305521,33.41294984738724,5.052038016924952,-1.1059087446194307,-0.440012358385363,21.17810525278466,50.0,0.047858828512128124,0.4,0.0008527132536804856,1
t10_nomcap_plus_impact+cash_conversion,2,t10_nomcap_plus_impact|cash_conversion,120,2021-09-07,2026-08-10,3918.0666666666666,0.08550816861336476,0.049733956624513305,16.004679138668145,26.823292508607476,4.05568182730145,11.948997311366693,0.8656564804320631,22.353930649219343,73.33333333333333,0.4239083603592696,0.6166666666666667,0.02235270365843284,1,15,2026-01-09,2026-08-10,4606.8,0.06327876307621114,0.02298904445385836,6.1403990450281,24.02828236801786,3.6330762940443004,2.5073227509837994,-0.3462012733656004,19.55549032785766,62.5,0.11655402701160275,0.5333333333333333,0.0039335438191176126,1
t10_size_plus_wc_mcap+weighted_reversal_lowturn,2,t10_size_plus_wc_mcap|weighted_reversal_lowturn,120,2021-09-07,2026-08-10,3919.575,0.11343954448350217,0.06594838901134988,19.645587260438326,43.31509150220482,6.54924183513337,13.096345425304957,0.8389172893715782,25.621632521488447,73.33333333333333,0.45559809800480583,0.625,0.03230177544075947,1,15,2026-01-09,2026-08-10,4609.8,0.07740636459942193,0.028287564908841215,4.554756804864979,41.426242857164844,6.263647920003324,-1.7088911151383446,-0.49073858299053896,21.243406677647226,37.5,0.12558315283990704,0.4666666666666667,0.004536436480926361,1
t10_size_plus_wc_mcap+reversal_chip_eq,2,t10_size_plus_wc_mcap|reversal_chip_eq,120,2021-09-07,2026-08-10,3919.575,0.10514567313209855,0.06318828573524328,19.088988535652838,40.062395550825805,6.057434207284862,13.031554328367978,0.7935388453862627,27.66944332804394,70.0,0.3916998118297366,0.6083333333333333,0.025054537064837012,1,15,2026-01-09,2026-08-10,4609.8,0.06477287864775921,0.016239841206961134,6.4107685415938365,40.093944461006394,6.062204402504166,0.34856413908967016,-0.3765285264320278,21.078271358148626,37.5,0.06612399897364599,0.4666666666666667,0.001998752821904779,1
t10_size_plus_wc_mcap+chip250,2,t10_size_plus_wc_mcap|chip250,120,2021-09-07,2026-08-10,3919.575,0.0995653076609939,0.059774922035923404,17.052949752414605,30.981588874386958,4.684416237807308,12.368533514607295,0.7896319044124157,27.055684601001705,68.33333333333333,0.36995386849592715,0.6,0.02210074244230312,1,15,2026-01-09,2026-08-10,4609.8,0.05134417036071216,0.005364301760527047,3.1806513113917356,30.37052783233209,4.592023808248611,-1.4113724968568762,-0.4767656422098736,21.313160195881274,37.5,0.021561491568035017,0.4666666666666667,0.0005166265516067828,1
t10_size_plus_wc_mcap+rsi14,2,t10_size_plus_wc_mcap|rsi14,120,2021-09-07,2026-08-10,3919.575,0.09975604991994974,0.05767850835806797,17.082901442139175,55.94537848992235,8.45894122767626,8.623960214462917,0.6857664468769199,27.078591026719025,76.66666666666667,0.38434606681701766,0.625,0.023963028392459222,1,15,2026-01-09,2026-08-10,4609.8,0.06736357616205588,0.020465981975704203,7.1595662948130805,55.301966347007024,8.36165731166746,-1.2020910168543812,-0.4270757422592103,21.175412936077155,62.5,0.09031054948345882,0.4666666666666667,0.0028390327365708443,1
t10_size_plus_wc_mcap+paper_composite_nomcap,2,t10_size_plus_wc_mcap|paper_composite_nomcap,120,2021-09-07,2026-08-10,3915.3166666666666,0.09919862767825992,0.05151426931281618,14.340557209142668,24.840460894732423,3.7558776872835424,10.584679521859124,0.8469699571207592,19.390477339795353,70.0,0.3452363650111234,0.625,0.02140435852108392,1,15,2026-01-09,2026-08-10,4604.6,0.06673551313501035,0.009653833352650019,9.2306604004727,23.47924315165249,3.5500615645298566,5.6805988359428445,-0.2284901593123619,18.60810740554569,50.0,0.03639513087812237,0.4666666666666667,0.0011334622762247662,1
t10_size_plus_wc_mcap+growth_revenue,2,t10_size_plus_wc_mcap|growth_revenue,120,2021-09-07,2026-08-10,3919.575,0.08014112888761632,0.049330409295800064,16.628193964024753,28.815717711791155,4.356936518022823,12.271257446001929,0.8402061578528728,26.074608845052904,73.33333333333333,0.4513590589839474,0.5583333333333333,0.020196270357349375,1,15,2026-01-09,2026-08-10,4609.8,0.05723157645521183,0.025031780392898464,4.956869380238116,25.8257112819854,3.9048475458361915,1.052021834401924,-0.37242148978383005,19.757769029269557,62.5,0.16414563913791638,0.4,0.0037577254784445092,1
t10_size_plus_impact_dd120+weighted_reversal,2,t10_size_plus_impact_dd120|weighted_reversal,120,2021-09-07,2026-08-10,3923.15,0.11220495234271306,0.06897957377381275,21.957710871228286,55.094601360863905,8.330303725762622,13.627407145465664,0.8142060278178971,26.739018079213494,78.33333333333333,0.4610662795186778,0.65,0.03362704794814642,1,15,2026-01-09,2026-08-10,4613.8,0.08224422830047029,0.032664800457905326,8.890903184799125,53.90542731865586,8.150500610580767,0.7404025742183586,-0.3318625450937785,20.95114236088621,50.0,0.145825570288892,0.4666666666666667,0.005596878697613426,1
t10_size_plus_impact_dd120+turn_bias,2,t10_size_plus_impact_dd120|turn_bias,120,2021-09-07,2026-08-10,3923.15,0.10485541921777235,0.06863699018821671,21.412987697379783,31.035565454943626,4.692577496787476,16.720410200592305,0.9314314016270857,25.12793987292009,71.66666666666667,0.4583958283787317,0.6583333333333333,0.03164298044528388,1,15,2026-01-09,2026-08-10,4613.8,0.06432824512647876,0.029954646653280768,6.154610385890336,28.534662914486546,4.3144410326703655,1.8401693532199697,-0.3284582013394762,20.63226767474213,37.5,0.1332023261818597,0.4666666666666667,0.0039987135486871305,1
t10_size_plus_impact_dd120+paper_composite,2,t10_size_plus_impact_dd120|paper_composite,120,2021-09-07,2026-08-10,3915.3166666666666,0.10589134217452424,0.0659305367530158,22.12199364547629,25.09841489866938,3.79488033267881,18.32711331279748,0.9947499403204724,24.14428326934106,71.66666666666667,0.38551027250906483,0.675,0.027554985120184745,1,15,2026-01-09,2026-08-10,4604.6,0.06905040154351313,0.017764959752375287,9.468122763782095,23.67339912198224,3.579417947243715,5.88870481653838,-0.1611666683061005,20.54936329468432,50.0,0.06890589474715987,0.4666666666666667,0.0022203905271363394,1
t10_size_plus_impact_dd120+skew60_low,2,t10_size_plus_impact_dd120|skew60_low,120,2021-09-07,2026-08-10,3923.15,0.09522004834974915,0.0561570683548851,18.564841775134244,34.297775258661495,5.185823619109618,13.379018156024625,0.837330174560384,25.41847962669226,73.33333333333333,0.42374424926085563,0.675,0.02723553983421911,1,15,2026-01-09,2026-08-10,4613.8,0.07093040231507731,0.025225119955105398,10.383875829204992,33.926320329733606,5.129659633855721,5.2542161953492705,-0.19514453032479334,18.978641525330573,50.0,0.14489211780582983,0.5333333333333333,0.005481203311067246,1
t10_size_plus_impact_dd120+asset_growth,2,t10_size_plus_impact_dd120|asset_growth,120,2021-09-07,2026-08-10,3923.125,0.07580807330142984,0.04926840561212771,12.77653093324298,24.106036357653185,3.6448326972771614,9.131698235965818,0.7316727537636367,28.385556383560306,71.66666666666667,0.42356787805074225,0.5916666666666667,0.01899833664221271,1,15,2026-01-09,2026-08-10,4613.8,0.06757527965227703,0.03839629718495804,3.652965720905299,23.811796425380795,3.6003436195175764,0.05262210138772261,-0.4310096252770537,19.880393592992796,50.0,0.3053092864323114,0.4666666666666667,0.009627968191846943,1
reversal_chip_turn_size_eq+reversal_turn_paper,2,reversal_chip_turn_size_eq|reversal_turn_paper,120,2021-09-07,2026-08-10,3915.3166666666666,0.11455250410750159,0.06829539251904955,20.731271448075518,38.351200295506324,5.7987014846805565,14.93256996339496,0.8872043512847613,24.833678059796082,73.33333333333333,0.42436450712626383,0.675,0.032813111438319977,1,15,2026-01-09,2026-08-10,4604.6,0.07629580883291681,0.024757734872191003,8.748938021158793,37.099945883423544,5.609511817573639,3.139426203585152,-0.28037878316993875,20.41008988835643,62.5,0.09866254667004301,0.4666666666666667,0.003512851439862956,1
reversal_turn_paper+reversal_turn_paper_nomcap,2,reversal_turn_paper|reversal_turn_paper_nomcap,120,2021-09-07,2026-08-10,3915.3166666666666,0.10759226826418997,0.05775417170441267,14.162616265857576,37.96503737395735,5.740313650942351,8.422302614915225,0.7545471638084571,23.378340246247564,70.0,0.377146386228195,0.6,0.024346821097160253,1,15,2026-01-09,2026-08-10,4604.6,0.08093737409723079,0.025631906828773136,7.892175549099589,36.42551896907215,5.50753846812371,2.3846370809758795,-0.381425871894017,19.108396732972555,62.5,0.09839589487084974,0.5333333333333333,0.00424741618815667,1
reversal_turn_paper+f_i10_01,2,reversal_turn_paper|f_i10_01,120,2021-09-07,2026-08-10,3915.3166666666666,0.11041726584318065,0.07233336723430185,24.499147224124627,26.857759170408947,4.060893186565833,20.438254037558796,1.038588267752449,26.698705548371493,78.33333333333333,0.434006834483381,0.6916666666666667,0.033145944881128576,1,15,2026-01-09,2026-08-10,4604.6,0.07692915425521288,0.03345468028024115,12.07452918769123,25.44359486334819,3.8470715433382465,8.227457644352985,-0.03994065906498925,20.19361291562891,50.0,0.14787352877059276,0.5333333333333333,0.006067085602696315,1
reversal_turn_paper+max_return21_low,2,reversal_turn_paper|max_return21_low,120,2021-09-07,2026-08-10,3915.3166666666666,0.10871740087253957,0.05434620211012646,11.551486601519079,46.17438166765497,6.981566508149431,4.569920093369648,0.6608247187958112,22.956157047647274,63.33333333333333,0.3497824447838634,0.5666666666666667,0.021548881685055053,1,15,2026-01-09,2026-08-10,4604.6,0.08853100908436548,0.027413263068779878,6.727851103527616,46.38463588171226,7.013356945314893,-0.28550584178727717,-0.5574125278538614,20.247815319496844,50.0,0.10393481245041512,0.4666666666666667,0.004294011785107111,1
reversal_turn_paper+ltmom_exhigh252_21,2,reversal_turn_paper|ltmom_exhigh252_21,120,2021-09-07,2026-08-10,3915.3166666666666,0.09962771873724421,0.05443984570580005,16.514573059903135,28.854511834551605,4.362802189384203,12.151770870518936,0.8836663011608898,22.56448415737107,73.33333333333333,0.42611341463515356,0.6666666666666666,0.028301804948958537,1,15,2026-01-09,2026-08-10,4604.6,0.08225721160919891,0.030593922585686117,7.689794913573134,26.92099676620155,4.070454711049674,3.619340202523459,-0.277783584536723,19.252225223233378,62.5,0.1652718383398985,0.5333333333333333,0.0072505603089953845,1
reversal_turn_paper+growth_roe,2,reversal_turn_paper|growth_roe,120,2021-09-07,2026-08-10,3908.9333333333334,0.07883348693042208,0.04414746200363199,14.268301476973155,30.628400177789455,4.631014106881765,9.637287370091391,0.7836800351040054,23.346367332228844,68.33333333333333,0.410694152550321,0.6166666666666667,0.019965478799610508,1,15,2026-01-09,2026-08-10,4602.733333333334,0.06412845840048649,0.02721203145632285,5.127473228746404,27.69211625189908,4.187047977287141,0.9404252514592635,-0.4210235847926805,19.181217671511096,50.0,0.15717396985599275,0.5333333333333333,0.0053756396733596525,1
reversal_chip_turn_paper+reversal_chip_turn_eq,2,reversal_chip_turn_paper|reversal_chip_turn_eq,120,2021-09-07,2026-08-10,3915.3166666666666,0.1064413178483392,0.061391786131182784,16.9416073639711,38.864317528934365,5.876284810374876,11.065322553596225,0.7777025928762028,26.145844071039726,63.33333333333333,0.38667498293611235,0.6,0.02469491685762232,1,15,2026-01-09,2026-08-10,4604.6,0.0681944138740849,0.017593650831975744,5.437916765873762,38.64573529623314,5.843235176790451,-0.40531841091668785,-0.4475568464030239,20.691381870174673,37.5,0.06893321514350344,0.4666666666666667,0.0021937347614781246,1
impact60+reversal_chip_turn_paper,2,impact60|reversal_chip_turn_paper,120,2021-09-07,2026-08-10,3915.3166666666666,0.11394265879100979,0.07333312686222188,26.226390741834948,25.9344513057002,3.9212890374218703,22.305101704413076,1.0975507753527778,23.46099748990792,78.33333333333333,0.44593754397332847,0.7083333333333334,0.035991344168996506,1,15,2026-01-09,2026-08-10,4604.6,0.07663239982043527,0.030521351022855702,12.519594759281262,24.366254316276002,3.684177652620931,8.835417106660328,-0.02241784540935533,19.818296991302297,62.5,0.13025440338539532,0.5333333333333333,0.005323577343254331,1
reversal_chip_turn_paper+fscore_interact,2,reversal_chip_turn_paper|fscore_interact,120,2021-09-07,2026-08-10,3829.358333333333,0.10085388985591465,0.05376519042503091,12.816388246081956,42.79498301642642,6.470601432083675,6.345786813998281,0.6605258276210678,26.093252072311536,65.0,0.3646159348875229,0.5916666666666667,0.021757320074307404,1,15,2026-01-09,2026-08-10,4510.666666666667,0.08012813919973756,0.026461191602317243,10.155674152431205,43.168036928864275,6.527007183644279,3.6286669687869253,-0.3038895427511669,17.784840258171553,62.5,0.10872785576069284,0.4666666666666667,0.0040656750219314995,1
reversal_chip_turn_paper+value_bm,2,reversal_chip_turn_paper|value_bm,120,2021-09-07,2026-08-10,3915.3166666666666,0.10098664821209992,0.04840016124605661,7.609802534885768,18.29582405245911,2.766328596731818,4.8434739381539496,0.6879683875355226,18.75747535953024,53.333333333333336,0.29570703361505474,0.6083333333333333,0.018166331157995673,1,15,2026-01-09,2026-08-10,4604.6,0.07585662154342822,0.015447477569834493,6.878714313802348,17.23568714962824,2.60603589702379,4.272678416778558,-0.35681458593854887,18.75747535953025,75.0,0.05585719025888972,0.4666666666666667,0.001977330946242336,1
reversal_chip_turn_paper+quality_roic,2,reversal_chip_turn_paper|quality_roic,120,2021-09-07,2026-08-10,3832.1583333333333,0.0762492440840358,0.03735503145155263,7.409420658506916,28.1922200138946,4.262663666100864,3.1467569924060514,0.6003898009429042,25.325644625163957,55.00000000000001,0.26968333428951147,0.5083333333333333,0.010452934777332437,1,15,2026-01-09,2026-08-10,4513.0,0.0694360237342324,0.02685120986682578,6.899643431573299,27.843713787078883,4.2099695246063265,2.6896739069669726,-0.40697104022106284,17.985810989364325,75.0,0.1288008286324915,0.4,0.003577366957565792,1
reversal_chip_turn_size_eq+exp_weighted_reversal63,2,reversal_chip_turn_size_eq|exp_weighted_reversal63,120,2021-09-07,2026-08-10,3923.15,0.11427542757648122,0.06688436032336685,19.287435479955217,53.24357317678866,8.050428264330446,11.237007215624772,0.7539490406273003,26.933722213676003,71.66666666666667,0.4470589015216448,0.65,0.033207100630117684,1,15,2026-01-09,2026-08-10,4613.8,0.07964177714736974,0.026234787216141267,8.609865633891756,53.11971587373845,8.031701040109253,0.5781645937825028,-0.34134715851333447,21.193906263541596,50.0,0.1219038360195573,0.4666666666666667,0.004530697799450241,1
reversal_chip_turn_size_eq+reversal20,2,reversal_chip_turn_size_eq|reversal20,120,2021-09-07,2026-08-10,3923.15,0.10848609597606744,0.06769719074437636,20.980297004504767,57.077007277913,8.630043500420443,12.350253504084323,0.7709377664279208,27.630835068939685,71.66666666666667,0.43456677855363957,0.5916666666666667,0.02789380150399018,1,15,2026-01-09,2026-08-10,4613.8,0.0713598338513007,0.026719105448004505,5.038961162597189,56.15022461739002,8.48991396214937,-3.450952799552182,-0.507892131384059,21.68297415189091,50.0,0.11509624121648916,0.4666666666666667,0.0038328493700550167,1
reversal_chip_turn_size_eq+impact_abs_return60,2,reversal_chip_turn_size_eq|impact_abs_return60,120,2021-09-07,2026-08-10,3923.15,0.10405645793230303,0.07101933687257622,26.896083045336994,25.513502998006825,3.857641653298632,23.03844139203836,1.0773432347223635,26.163775999309735,81.66666666666667,0.4186464938200554,0.7,0.03049400989088493,1,15,2026-01-09,2026-08-10,4613.8,0.06698542390388604,0.028583641068193465,12.872583446175378,24.230387273314268,3.6636345557251175,9.20894889045026,-0.002125632765181681,19.86962452179146,75.0,0.13232322237374838,0.5333333333333333,0.004727321142951314,1
reversal_chip_turn_size_eq+alpha13,2,reversal_chip_turn_size_eq|alpha13,120,2021-09-07,2026-08-10,3923.15,0.10375439059955484,0.0572731630314788,18.90705603530174,69.63396113156783,10.528654923093058,8.378401112208682,0.6676057526231762,26.261899628448237,75.0,0.4436866371673883,0.6416666666666667,0.02953876352123375,1,15,2026-01-09,2026-08-10,4613.8,0.06626800663672634,0.021041326925786433,2.726244617360507,69.94561820775043,10.575777473011865,-7.849532855651358,-0.7774658122480425,23.100891278485804,50.0,0.11462765339254127,0.4666666666666667,0.0035448681780256694,1
reversal_chip_turn_size_eq+max5_low21,2,reversal_chip_turn_size_eq|max5_low21,120,2021-09-07,2026-08-10,3894.483333333333,0.08315336321461778,0.0489602119861645,14.281194081677695,71.70151710639657,10.84126938648716,3.4399246951905353,0.5266169117787349,30.61010951054317,70.0,0.38260982105675556,0.65,0.020679940722877998,1,15,2026-01-09,2026-08-10,4588.933333333333,0.04742883799124178,0.011436573157752365,3.7652388480191923,74.85170827903967,11.317578291790799,-7.552339443771607,-0.8341596099215869,21.636678095391826,50.0,0.06968622777251061,0.4666666666666667,0.0015423971767134837,1
weighted_reversal_lowturn+momentum20,2,weighted_reversal_lowturn|momentum20,120,2021-09-07,2026-08-10,3923.15,0.10017894545034575,0.06443020840561836,13.518000461028223,66.87540820867616,10.111561721151837,3.4064387398763856,0.5364981662689078,28.42314121015005,66.66666666666666,0.4494793773494174,0.5916666666666667,0.026641785597854406,1,15,2026-01-09,2026-08-10,4613.8,0.07402380198108577,0.03340308619109977,4.282822542639808,65.13117425795089,9.847833547802173,-5.565011005162365,-0.5979322309858792,22.330428075848875,50.0,0.15382088544315178,0.5333333333333333,0.006072750274452878,1
reversal40+weighted_reversal_lowturn,2,reversal40|weighted_reversal_lowturn,120,2021-09-07,2026-08-10,3923.15,0.10389014992959185,0.05887225845081033,14.91253738593452,55.02370893613304,8.319584791143315,6.592952594791206,0.6369452096176452,28.30093391805977,66.66666666666666,0.4042219367114635,0.5583333333333333,0.023447028332129364,1,15,2026-01-09,2026-08-10,4613.8,0.08358690816394661,0.03555786973940205,3.8287010308811875,54.59578333759937,8.254882440645025,-4.426181409763838,-0.5986693760698305,21.580711393463602,50.0,0.1617332433904382,0.4666666666666667,0.006308764822422433,1
weighted_reversal_lowturn+momentum120,2,weighted_reversal_lowturn|momentum120,120,2021-09-07,2026-08-10,3923.15,0.10258522506117274,0.061859975842332625,12.349112047535481,49.73960197233483,7.520627818217027,4.828484229318455,0.5900439223750997,27.93978032576998,56.666666666666664,0.38840500271146944,0.6166666666666667,0.024570845681125594,1,15,2026-01-09,2026-08-10,4613.8,0.07162544014137504,0.01746420218936527,1.002652417208716,48.443548420972746,7.324664521251078,-6.322012104042363,-0.6974555331654778,22.178701200253983,25.0,0.06839643864794752,0.4666666666666667,0.0022861650103888375,1
book_to_market_lf_div_oper_main_profit_ttm+weighted_reversal_lowturn,2,book_to_market_lf_div_oper_main_profit_ttm|weighted_reversal_lowturn,120,2021-09-07,2026-08-10,3831.15,0.10235651599926207,0.053264771214010916,18.25674708480376,30.898276294483257,4.671819375725868,13.58492770907789,0.8514157906566098,26.20810077428921,76.66666666666667,0.4800471749785218,0.6833333333333333,0.03357623683649458,1,15,2026-01-09,2026-08-10,4511.133333333333,0.07677191909655788,0.031984314140763435,8.396791136335402,28.609911290622897,4.325818587142182,4.07097254919322,-0.21714961955826642,20.211492129781703,62.5,0.19181211178454258,0.4666666666666667,0.006872032499575982,1
ev_ebitda_proxy+weighted_reversal_lowturn,2,ev_ebitda_proxy|weighted_reversal_lowturn,120,2021-09-07,2026-08-10,3825.0666666666666,0.07791689287841631,0.04340041489948798,14.230760489610251,39.975307317939034,6.044266466472383,8.186494023137868,0.7241939074874528,24.052159568717645,71.66666666666667,0.377727498181445,0.5916666666666667,0.017413550532712874,1,15,2026-01-09,2026-08-10,4505.733333333334,0.05939825755585862,0.016875596597467738,2.1662068915963895,35.560382720254985,5.376729867302553,-3.210522975706164,-0.5920826275118335,20.02550788582138,50.0,0.08331261319643347,0.5333333333333333,0.0026392661633564698,1
weighted_reversal_lowturn+quality_net_margin_tsrank378,2,weighted_reversal_lowturn|quality_net_margin_tsrank378,120,2021-09-07,2026-08-10,3920.641666666667,0.072400159493748,0.03977839741853685,9.765941168648173,42.23617419342004,6.386109538045109,3.3798316306030642,0.5989409942213453,24.37853836978424,65.0,0.3909302066169933,0.5833333333333334,0.016510322097496605,1,15,2026-01-09,2026-08-10,4609.933333333333,0.060477249954966734,0.02836800890241737,4.7503573174656815,40.47207722527445,6.119378076461497,-1.3690207589958154,-0.5622896830914083,18.72895342061589,50.0,0.2054309688301265,0.5333333333333333,0.006626080026896288,1
reversal40+momentum20,2,reversal40|momentum20,120,2021-09-07,2026-08-10,4554.45,0.09457966395088464,0.06267234164960306,13.067278588761244,59.19965914212791,8.950988462289741,4.116290126471503,0.5285264085826726,29.976558211349634,61.66666666666667,0.41857470977277794,0.575,0.02276347684847283,1,15,2026-01-09,2026-08-10,4894.266666666666,0.07136483390101761,0.030386545627870836,2.52047170771752,59.66361866102827,9.021139141547474,-6.500667433829954,-0.6272957136775085,22.630374199402258,50.0,0.132166235512987,0.5333333333333333,0.005030411437177116,1
momentum120+momentum20,2,momentum120|momentum20,120,2021-09-07,2026-08-10,4453.841666666666,0.09563290065074197,0.06691435712379248,11.668087717493636,57.86861399931309,8.749734436696139,2.918353280797496,0.49787896860129555,30.614782919200177,58.333333333333336,0.4256756704353314,0.625,0.02544287443761252,1,15,2026-01-09,2026-08-10,4861.866666666667,0.061733182498037255,0.015557738909729012,-0.9794269532176547,61.57782284807648,9.310566814629164,-10.289993767846818,-0.8216166630509505,22.156891376384948,25.0,0.06075810720372117,0.4666666666666667,0.0017503692827798944,1
book_to_market_lf_div_oper_main_profit_ttm+momentum20,2,book_to_market_lf_div_oper_main_profit_ttm|momentum20,120,2021-09-07,2026-08-10,4475.216666666666,0.09184063828506525,0.059129934181450364,17.158181242473304,39.40827924098426,5.95853182123682,11.199649421236483,0.7371433991011819,28.497695398363255,75.0,0.48733748666112964,0.65,0.029092300792878452,1,15,2026-01-09,2026-08-10,4796.866666666667,0.06166626816702807,0.028237712770738204,6.213802605572671,35.04435634102395,5.298706678762822,0.9150959268098495,-0.29054907398007135,21.668227005524066,62.5,0.15844445961314732,0.4666666666666667,0.004559649983505955,1
ev_ebitda_proxy+momentum20,2,ev_ebitda_proxy|momentum20,120,2021-09-07,2026-08-10,4458.316666666667,0.06922643188791887,0.050167938889560296,11.508474588741201,51.117536262902355,7.728971482950836,3.779503105790366,0.533082753042636,28.190886630780852,65.0,0.42580643681904884,0.625,0.018423162684932073,1,15,2026-01-09,2026-08-10,4783.066666666667,0.04551489472640095,0.012808276279916545,-4.3122081886593495,44.984276081429186,6.801622543512092,-11.113830732171442,-0.8065933803633313,23.423329609311573,37.5,0.06219635591650719,0.4666666666666667,0.0013210682762226085,1
momentum20+quality_net_margin_tsrank378,2,momentum20|quality_net_margin_tsrank378,120,2021-09-07,2026-08-10,4098.308333333333,0.05990828546661308,0.045355155494715374,6.900134534652902,53.118506388438824,8.03151816593195,-1.1313836312790482,0.4174777443077959,28.178146652350755,56.666666666666664,0.41145565159336844,0.5666666666666667,0.013968108158420525,1,15,2026-01-09,2026-08-10,4753.933333333333,0.037655546764954424,0.01923576426337176,2.8778301112191595,50.65057364084089,7.658366734495142,-4.7805366232759825,-0.5902971314150681,20.80276341366257,50.0,0.12999101771063007,0.4666666666666667,0.0022842786616657697,1
reversal20+exp_weighted_reversal63,2,reversal20|exp_weighted_reversal63,120,2021-09-07,2026-08-10,4525.858333333334,0.09382031004189141,0.0527972984507589,9.6555108315995,65.01887102219617,9.830853298556061,-0.17534246695656008,0.41033114605907844,30.105427169576448,60.0,0.4076605831493899,0.5583333333333333,0.021354486952471493,1,15,2026-01-09,2026-08-10,4883.866666666667,0.06364564778184419,0.020960415134290592,0.013302632481393406,66.72244466536044,10.088433633402499,-10.075131000921104,-0.751633467778602,23.65215325922381,50.0,0.11836763050153593,0.6,0.004520150711803339,1
impact_abs_return60+exp_weighted_reversal63,2,impact_abs_return60|exp_weighted_reversal63,120,2021-09-07,2026-08-10,4525.858333333334,0.10642216926992619,0.06631416728794651,19.709312514682843,47.05419995255119,7.114595032825741,12.594717481857101,0.782757154068079,28.697421967853252,78.33333333333333,0.4528975854351274,0.675,0.032533881861904645,1,15,2026-01-09,2026-08-10,4883.866666666667,0.08593127829689681,0.038158189732227135,10.065934303170076,48.49825876488107,7.332936725250018,2.7329975779200586,-0.21744850054204334,21.46249459822368,62.5,0.19970203145667714,0.4666666666666667,0.008008303726061036,1
exp_weighted_reversal63+alpha13,2,exp_weighted_reversal63|alpha13,120,2021-09-07,2026-08-10,4525.858333333334,0.0831359570506026,0.03967165229334187,8.918924934784211,78.6474185352644,11.89148968253198,-2.9725647477477675,0.31738631231808406,29.761601925748504,61.66666666666667,0.399482284890182,0.55,0.01826623814350872,1,15,2026-01-09,2026-08-10,4883.866666666667,0.06381503365544106,0.01941734646726375,-0.10714318141623602,78.9818971110662,11.94206284319321,-12.049206024609445,-0.8795301234800761,24.009412858059033,50.0,0.15783846040749205,0.4666666666666667,0.004700484442745983,1
exp_weighted_reversal63+max5_low21,2,exp_weighted_reversal63|max5_low21,120,2021-09-07,2026-08-10,4489.825,0.07003916733882884,0.035587089906123276,7.514004500329641,80.21870971570692,12.129068909014887,-4.615064408685246,0.26357319593713036,29.2153216977421,71.66666666666667,0.3550247925692743,0.5333333333333333,0.013261675123302613,1,15,2026-01-09,2026-08-10,4857.6,0.04852300708752199,0.012451535987065021,0.007849442980978338,82.36063088411925,12.45292738967883,-12.445077946697852,-0.9486399365256101,23.546469371509772,75.0,0.10729684089428398,0.4666666666666667,0.0024296371732182953,1
reversal_chip_turn_eq+weighted_reversal,2,reversal_chip_turn_eq|weighted_reversal,120,2021-09-07,2026-08-10,3923.15,0.1056067914079383,0.06010312404351382,16.347672422795934,57.241787003143216,8.654958194875254,7.69271422792068,0.6628047911531679,27.030730108269452,60.0,0.4195285557979835,0.5833333333333334,0.02584462106440156,1,15,2026-01-09,2026-08-10,4613.8,0.08061903431309254,0.029990307835877816,2.833629158019957,56.01598610530279,8.469617099121782,-5.635987941101825,-0.6604935799429511,21.93188729176815,25.0,0.13419908949461215,0.5333333333333333,0.005770133867067688,1
impact60+weighted_reversal,2,impact60|weighted_reversal,120,2021-09-07,2026-08-10,4529.666666666667,0.10751714012554862,0.06879573402472926,21.436663849571836,51.55462002479831,7.795058547749506,13.641605301822329,0.8127862680622577,27.2513642113682,76.66666666666667,0.49759582611022835,0.6833333333333333,0.036558388110550726,1,15,2026-01-09,2026-08-10,4885.133333333333,0.09427477370525271,0.048250426677621146,12.32097376017366,48.6082694123257,7.349570335143646,4.971403425030013,-0.12671854046704858,21.00820978671436,50.0,0.2430440983119355,0.5333333333333333,0.01222022793000262,1
fscore_interact+weighted_reversal,2,fscore_interact|weighted_reversal,120,2021-09-07,2026-08-10,4454.858333333334,0.09262800161284208,0.04637601760806038,9.976161072889278,50.260092407294465,7.599325971982923,2.376835100906355,0.5209079868245963,25.08815792936836,58.333333333333336,0.3794515621171509,0.525,0.018452615951586027,1,15,2026-01-09,2026-08-10,4792.2,0.08432269518899248,0.03314276061040284,7.717229683939298,51.05145677002194,7.7189802636273175,-0.0017505796880201707,-0.4264998795959597,18.466383548230237,50.0,0.17510507410970524,0.4666666666666667,0.006890488168759354,1
value_bm+weighted_reversal,2,value_bm|weighted_reversal,120,2021-09-07,2026-08-10,4573.516666666666,0.09561433140517726,0.045247296801143796,8.092887143721361,33.25599743923582,5.028306812812456,3.064580330908905,0.6049469292849483,18.921054542655725,56.666666666666664,0.31871370563532764,0.5666666666666667,0.017268372128593387,1,15,2026-01-09,2026-08-10,4899.266666666666,0.08688228105843027,0.02779052341632041,5.555766026131204,32.15735018147547,4.862191347439092,0.6935746786921118,-0.5207673611460564,18.293033086858234,75.0,0.12518108753276094,0.5333333333333333,0.005800543162784692,1
weighted_reversal+quality_roic,2,weighted_reversal|quality_roic,120,2021-09-07,2026-08-10,4481.975,0.05822250588659007,0.02545512817352038,2.4083279081163145,51.557740661441045,7.795530388009886,-5.387202479893571,0.254541806961862,31.679482469123123,50.0,0.21365567612545686,0.49166666666666664,0.006116121356617914,1,15,2026-01-09,2026-08-10,4805.133333333333,0.06750155174961385,0.03287303051608882,5.840504264688661,52.72416899758935,7.97189435243551,-2.1313900877468486,-0.5373213308100709,19.306058125182023,87.5,0.2648037577451784,0.5333333333333333,0.009533154430361797,1
reversal_chip_turn_eq+reversal_turn_paper_nomcap,2,reversal_chip_turn_eq|reversal_turn_paper_nomcap,120,2021-09-07,2026-08-10,3915.3166666666666,0.10337428090373052,0.05619665375665761,13.864218369703107,40.67166246388035,6.14955536453871,7.714663005164398,0.7050171989053744,25.3385380868257,65.0,0.3647990635215083,0.5916666666666667,0.02231224751231839,1,15,2026-01-09,2026-08-10,4604.6,0.07320621834395431,0.020836116786242625,6.369385987400689,40.86746927042807,6.179161353688723,0.1902246337119655,-0.45593059251657275,19.845896592568668,50.0,0.08081379272628039,0.5333333333333333,0.00315523848294568,1
reversal_chip_turn_eq+f_i10_01,2,reversal_chip_turn_eq|f_i10_01,120,2021-09-07,2026-08-10,3923.15,0.11220365432429388,0.07372661565607147,25.73615918399943,28.645146963765,4.331146220921267,21.405012963078164,1.0294469577586074,26.907396329353983,81.66666666666667,0.43627302354972636,0.7083333333333334,0.03467392783048318,1,15,2026-01-09,2026-08-10,4613.8,0.07013283370806635,0.027592025789304146,11.264160892097996,26.86277224223837,4.061651163026442,7.202509729071554,-0.07958732364369558,20.6000239112739,62.5,0.12089774783627967,0.4666666666666667,0.0039568207675180515,1
reversal_chip_turn_eq+max_return21_low,2,reversal_chip_turn_eq|max_return21_low,120,2021-09-07,2026-08-10,3923.15,0.10307276460621928,0.05224324132429762,10.167921747025165,49.962068119711795,7.554264699700424,2.6136570473247427,0.5585402303683492,25.544059884466918,60.0,0.34790976404683926,0.5916666666666667,0.02121717921816805,1,15,2026-01-09,2026-08-10,4613.8,0.07908372546975895,0.02213978144120526,2.662571825766813,49.83294220645399,7.534740861615844,-4.872169035849031,-0.7469545655229303,21.772204925205287,50.0,0.08648605621193241,0.4,0.002735855810570641,1
reversal_chip_turn_eq+ltmom_exhigh252_21,2,reversal_chip_turn_eq|ltmom_exhigh252_21,120,2021-09-07,2026-08-10,3923.15,0.10323221763996106,0.05616987876679141,16.55765026027862,31.80223908692399,4.8084985499429065,11.749151710335717,0.8448475903047262,24.03314716694025,66.66666666666666,0.4592999085297363,0.65,0.030819456277581363,1,15,2026-01-09,2026-08-10,4613.8,0.07785027370022961,0.02510663177144632,6.231624607876752,32.48440168312078,4.911641534487862,1.3199830733888889,-0.3782983334657062,19.463402417461662,50.0,0.13698115817686232,0.5333333333333333,0.005687477683116361,1
reversal_chip_turn_eq+growth_roe,2,reversal_chip_turn_eq|growth_roe,120,2021-09-07,2026-08-10,3912.5416666666665,0.07105955001672556,0.039952147088531995,10.299464537904491,29.947974990256654,4.528133818526806,5.771330719377684,0.638348390138364,26.574207520646542,61.66666666666667,0.36679066504418584,0.575,0.014986788274815829,1,15,2026-01-09,2026-08-10,4605.933333333333,0.0534044870213669,0.019517365856755866,-0.9418269504817389,27.11829579359117,4.100286323990985,-5.042113274472724,-0.7026476086180702,20.68516346168726,25.0,0.11869466049707503,0.4666666666666667,0.002958119479476744,1
reversal_turn_eq+turn_bias,2,reversal_turn_eq|turn_bias,120,2021-09-07,2026-08-10,3923.15,0.09231980129593556,0.055613251795652685,13.329576426876999,40.09108096175895,6.061771441417953,7.267804985459045,0.686099888763567,26.82642248342323,66.66666666666666,0.39806739966734056,0.5666666666666667,0.020824718502484567,1,15,2026-01-09,2026-08-10,4613.8,0.0670135079634396,0.03386023735771603,1.477189975342652,37.58868460290923,5.683409111959876,-4.206219136617224,-0.6502284441541691,20.741481514791193,37.5,0.161519606350049,0.4,0.004329598170556256,1
paper_composite+reversal_turn_eq,2,paper_composite|reversal_turn_eq,120,2021-09-07,2026-08-10,3915.3166666666666,0.11113693290257638,0.06226543154276798,17.60424270987162,32.12396646759853,4.857143729900898,12.747098979970723,0.8806427396345483,22.0549480914911,71.66666666666667,0.39356810456755126,0.6416666666666667,0.028066469219197455,1,15,2026-01-09,2026-08-10,4604.6,0.08038082152922438,0.02395632525486678,10.446948632396536,30.85742839952109,4.66564317400759,5.781305458388946,-0.1914894094201181,19.543643139406765,62.5,0.09109518145885351,0.5333333333333333,0.0039052296122754205,1
reversal_turn_eq+skew60_low,2,reversal_turn_eq|skew60_low,120,2021-09-07,2026-08-10,3923.15,0.08928395109872038,0.04628492282618986,13.233392991980452,41.2402158506137,6.235520636612791,6.9978723553676625,0.687371194698255,25.1788699598273,65.0,0.4078328292628826,0.625,0.022758078990224993,1,15,2026-01-09,2026-08-10,4613.8,0.0761894946012243,0.02966282635809018,7.019544183264337,40.74924899829504,6.161286448542209,0.8582577347221274,-0.43095269927805446,19.039612847053235,50.0,0.1841097551639156,0.4666666666666667,0.006546040291977142,1
reversal_turn_eq+asset_growth,2,reversal_turn_eq|asset_growth,120,2021-09-07,2026-08-10,3923.125,0.06497340793181165,0.03533778522774213,7.055400159981118,31.196171258553463,4.716861094293283,2.338539065687834,0.538117124428669,32.63713581690183,60.0,0.305676025049837,0.5083333333333333,0.010095913310856682,1,15,2026-01-09,2026-08-10,4613.8,0.07216528279255295,0.04335628752938817,6.823231568643706,32.18765661365517,4.866773679984662,1.9564578886590447,-0.3578686187796919,18.29289330631383,50.0,0.3921470635218401,0.5333333333333333,0.015093015325505502,1
reversal_chip_eq+momentum20_open,2,reversal_chip_eq|momentum20_open,120,2021-09-07,2026-08-10,4283.2,0.09594880370113287,0.06435996061767882,14.905663023277626,56.043454608131405,8.47377033674947,6.431892686528158,0.6050358828959925,29.43293901601065,63.33333333333333,0.40989507130582664,0.5666666666666667,0.022286400316377953,1,15,2026-01-09,2026-08-10,4822.8,0.06692143548116221,0.02441919715520747,2.859221293997205,56.65110771124514,8.565647485940264,-5.706426191943059,-0.6147005488005325,21.16298519477192,50.0,0.09243530635330569,0.4666666666666667,0.0028867549154752976,1
chip250+momentum20_open,2,chip250|momentum20_open,120,2021-09-07,2026-08-10,4283.2,0.09158511730634027,0.06258866942143304,13.466265255912457,54.43505637417941,8.230580523775927,5.235684732136529,0.57044827915877,29.675616555395955,60.0,0.39918730632838173,0.6,0.021935769766372095,1,15,2026-01-09,2026-08-10,4822.8,0.05502364200048518,0.014581217532285584,-2.8723678603661207,51.48619087755274,7.784712060685973,-10.657079921052095,-0.8495200184704563,22.888297928300716,12.5,0.0536377488331772,0.4666666666666667,0.001377294001770719,1
momentum20_open+rsi14,2,momentum20_open|rsi14,120,2021-09-07,2026-08-10,4578.741666666667,0.077920069736436,0.05141700697517478,8.695081937182291,67.255643710419,10.169053329015352,-1.4739713918330595,0.36537510489504305,31.74843659226295,56.666666666666664,0.3650243899179274,0.55,0.015643499254847704,1,15,2026-01-09,2026-08-10,4903.6,0.054486922397957424,0.02076256108695436,1.0619146015404923,68.0064656686887,10.282577609105733,-9.220663007565241,-0.755397474405262,22.635050497919885,50.0,0.09067759507287276,0.5333333333333333,0.0026350629791834796,1
paper_composite_nomcap+momentum20_open,2,paper_composite_nomcap|momentum20_open,120,2021-09-07,2026-08-10,4568.283333333334,0.08775931137261964,0.05293253243248388,10.056670808940282,46.7509058666425,7.068736967036346,2.9879338419039363,0.5769304620744211,21.554129174340673,60.0,0.34648019015261416,0.6166666666666667,0.01875089878342943,1,15,2026-01-09,2026-08-10,4894.133333333333,0.07106084011425734,0.016988062659841936,9.669545192727524,44.03827835554217,6.658587687357976,3.010957505369549,-0.2898076179293383,18.956754366916208,75.0,0.06402896176078873,0.5333333333333333,0.002426640967661496,1
momentum20_open+growth_revenue,2,momentum20_open|growth_revenue,120,2021-09-07,2026-08-10,4578.741666666667,0.05467842340148223,0.04338603575686166,8.73943782390838,52.44602215141243,7.929838549293559,0.8095992746148208,0.4588565218827504,28.60316142942668,60.0,0.3887631566747027,0.575,0.012222749978044796,1,15,2026-01-09,2026-08-10,4903.6,0.0414192857710627,0.02638806212435533,1.903021856631848,49.14686239979601,7.4310055948491565,-5.5279837382173085,-0.6236220728164434,20.764156619008833,37.5,0.16933268738940888,0.4666666666666667,0.0032730315190365104,1
book_to_market_lf_minus_size+reversal_turn_paper_nomcap,2,book_to_market_lf_minus_size|reversal_turn_paper_nomcap,120,2021-09-07,2026-08-10,3915.3166666666666,0.10983924246600643,0.061597646016248286,18.896114331913495,27.77933557484353,4.200235538916342,14.695878792997153,0.9422581556743449,21.480559717884574,68.33333333333333,0.3709030781256023,0.6583333333333333,0.026820311143670554,1,15,2026-01-09,2026-08-10,4604.6,0.08304264645497877,0.023846467987962475,8.925120418477961,25.392561661320368,3.839355323191639,5.085765095286321,-0.22504648822349402,20.149743330991544,50.0,0.08716375919001094,0.4666666666666667,0.00337787764444806,1
reversal_turn_paper_nomcap+fscore_eq,2,reversal_turn_paper_nomcap|fscore_eq,120,2021-09-07,2026-08-10,3829.358333333333,0.09241870531364002,0.04679863979974936,10.430461528629698,43.99572895776229,6.652154218413657,3.7783073102160407,0.5989218275996869,26.03336791640657,56.666666666666664,0.3214046157457239,0.5583333333333333,0.016584620811884998,1,15,2026-01-09,2026-08-10,4510.666666666667,0.08137600496435411,0.029056512846718233,11.53254425764062,45.25494238491348,6.842547288598917,4.689996969041703,-0.2829968987981712,16.9435659540616,62.5,0.11811409939475177,0.4666666666666667,0.004485438318063516,1
reversal_turn_paper_nomcap+drawdown120,2,reversal_turn_paper_nomcap|drawdown120,120,2021-09-07,2026-08-10,3915.3166666666666,0.08311242860880476,0.04862494433237414,14.431488385838964,36.977438381964525,5.590988683353037,8.840499702485927,0.7129188709715253,25.57425369469799,65.0,0.32167088182471226,0.5666666666666667,0.015149747314006345,1,15,2026-01-09,2026-08-10,4604.6,0.05023121259851068,0.010840770992364364,1.9230986433094066,37.20090468451776,5.624776788299085,-3.7016781449896783,-0.631325092743347,21.7950792554363,50.0,0.04620219993189008,0.4,0.0009283170109190666,1
reversal_turn_paper_nomcap+cash_conversion,2,reversal_turn_paper_nomcap|cash_conversion,120,2021-09-07,2026-08-10,3914.3166666666666,0.07296980121922143,0.03441743941191645,11.55209457197821,29.06250540657838,4.394250817474651,7.15784375450356,0.7711584447188329,20.627898498243624,66.66666666666666,0.2812731181950455,0.5833333333333334,0.01197259205508511,1,15,2026-01-09,2026-08-10,4603.6,0.06211109627849956,0.019990068783728374,7.0679538858715585,27.437232610268808,4.148509570672644,2.9194443151989145,-0.3836849586794198,18.40989611430914,75.0,0.09680458364835094,0.4,0.002405055526073116,1
book_to_market_lf_plus_impact+reversal_chip_eq,2,book_to_market_lf_plus_impact|reversal_chip_eq,120,2021-09-07,2026-08-10,4279.2,0.11372992797762202,0.06777775841439053,21.27177603823722,31.908605696184654,4.824581181263119,16.4471948569741,0.9191615266615593,24.518574877721267,71.66666666666667,0.3929026070213459,0.6666666666666666,0.029789856799171732,1,15,2026-01-09,2026-08-10,4818.8,0.0834859655467038,0.022404808179639503,13.134478063730759,31.43998769494652,4.753726139475914,8.380751924254845,-0.028712274393454675,18.8853896383575,62.5,0.08106555768221017,0.5333333333333333,0.0036095127230300417,1
size_only+reversal_chip_eq,2,size_only|reversal_chip_eq,120,2021-09-07,2026-08-10,4283.2,0.10059482348449199,0.06758440909158799,26.44921020526303,34.0229836898405,5.144275133903884,21.304935071359147,0.9741952200719388,30.06594764618632,81.66666666666667,0.38012654143240077,0.6666666666666666,0.02549250822477519,1,15,2026-01-09,2026-08-10,4822.8,0.062145660425019233,0.019290874169902363,12.96719366561786,33.46741212508905,5.060272713313464,7.906920952304397,-0.01709477680094778,20.00133963981404,75.0,0.08308062778953033,0.4666666666666667,0.0024094468918359323,1
reversal_chip_eq+alpha44,2,reversal_chip_eq|alpha44,120,2021-09-07,2026-08-10,4282.733333333334,0.08536917913025532,0.04430632200982309,12.232389052572824,78.12542798402882,11.812564711185157,0.41982434138766594,0.4273260133499734,33.685112513888704,65.0,0.36777731648779,0.6,0.018838108566774446,1,15,2026-01-09,2026-08-10,4822.333333333333,0.05724561702502525,0.013261952592324626,1.8560590444783531,78.84848027302608,11.921890217281543,-10.06583117280319,-0.88447256442669,23.060108832120495,37.5,0.07433584524929576,0.5333333333333333,0.0022695473751321218,1
reversal_chip_eq+quality_asset_turnover_tsrank378,2,reversal_chip_eq|quality_asset_turnover_tsrank378,120,2021-09-07,2026-08-10,4100.208333333333,0.07062736610188745,0.04348881108067573,11.950304915469134,39.045617594388126,5.903697380271485,6.04660753519765,0.6379938185050311,28.14212404863334,65.0,0.4193604589992462,0.5583333333333333,0.016536897938737388,1,15,2026-01-09,2026-08-10,4755.466666666666,0.04147772023895401,0.015240716871667354,-0.8314552563086219,38.63230071001571,5.841203867354375,-6.672659123662997,-0.7168204453801793,21.844986985045544,50.0,0.1002431455958264,0.4,0.001663142859558569,1
book_to_market_lf_plus_impact+reversal40,2,book_to_market_lf_plus_impact|reversal40,120,2021-09-07,2026-08-10,4525.658333333334,0.11453146852567432,0.0678401138890628,20.086220773649654,41.641445146013126,6.296186506077185,13.790034267572471,0.8320376881947914,26.25319417121007,71.66666666666667,0.4145957534005593,0.6416666666666667,0.030469067142279406,1,15,2026-01-09,2026-08-10,4881.133333333333,0.0968229346903199,0.03645642855053536,13.669969390684411,40.89624399272746,6.1835120917003925,7.486457298984019,-0.05413495935470293,18.812933648199206,62.5,0.1373352743650214,0.5333333333333333,0.007091842293611537,1
size_only+reversal40,2,size_only|reversal40,120,2021-09-07,2026-08-10,4554.45,0.10011605017204873,0.06713487045626702,23.604211306090562,42.92566798537168,6.490360999388198,17.113850306702364,0.8631448433460205,31.23323331391997,78.33333333333333,0.4001036787556766,0.6666666666666666,0.026704533317549725,1,15,2026-01-09,2026-08-10,4894.266666666666,0.07426130721107312,0.03288145874350182,12.05041679239952,41.89541533897303,6.334586799252722,5.7158299931468,-0.09230993998039799,21.195947686543615,75.0,0.1479533246683196,0.4666666666666667,0.005127363404843738,1
reversal40+alpha44,2,reversal40|alpha44,120,2021-09-07,2026-08-10,4553.983333333334,0.08168633409032694,0.0410324098906385,10.747731059461518,79.84844579563806,12.073085004300472,-1.3253539448389542,0.362924236338833,36.25653498683018,60.0,0.3577589392619092,0.5833333333333334,0.017047342804537093,1,15,2026-01-09,2026-08-10,4893.8,0.06655686912651197,0.02368478610793383,2.5318634523395223,79.98600161555956,12.093883444272608,-9.562019991933084,-0.7922677117450369,24.11269848713956,50.0,0.1491133076034988,0.5333333333333333,0.005293074612899943,1
reversal40+quality_asset_turnover_tsrank378,2,reversal40|quality_asset_turnover_tsrank378,120,2021-09-07,2026-08-10,4100.208333333333,0.06458637730034718,0.0392668151464639,10.126542922755476,46.226974368823,6.989518524566038,3.137024398189439,0.5461303686692586,29.648344276382975,61.66666666666667,0.39333752213838635,0.5583333333333333,0.014184037132927528,1,15,2026-01-09,2026-08-10,4755.466666666666,0.049657591918337254,0.02632801197195774,3.5785837665562537,46.86878341823169,7.086560052836632,-3.5079762862803787,-0.5263272645428223,21.801490320963744,50.0,0.20072456575460443,0.4666666666666667,0.004651499334639547,1
book_to_market_lf_minus_size+reversal20,2,book_to_market_lf_minus_size|reversal20,120,2021-09-07,2026-08-10,4574.733333333334,0.11019280051102015,0.06871924619314722,21.36970401412912,55.79494426398837,8.436195572715041,12.93350844141408,0.7903125217377431,26.96447191198972,73.33333333333333,0.42854871301725384,0.6333333333333333,0.029907889133750958,1,15,2026-01-09,2026-08-10,4899.6,0.08480766270653209,0.03208835062123094,8.589258130055777,53.00782386523662,8.014782968423777,0.5744751616320001,-0.31214678810170376,21.825427664393715,62.5,0.1313948277115633,0.4666666666666667,0.005200201173974406,1
fscore_eq+reversal20,2,fscore_eq|reversal20,120,2021-09-07,2026-08-10,4454.858333333334,0.08682318852706067,0.048814350574854254,9.688949001036251,54.688535732799046,8.268906602799216,1.4200423982370356,0.4748809101607253,28.214650493811455,61.66666666666667,0.36092764072063255,0.5416666666666666,0.016974147988912128,1,15,2026-01-09,2026-08-10,4792.2,0.06894283321574536,0.026793053754241142,4.3586130216070496,55.79042453940912,8.43551219035866,-4.07689916875161,-0.5867387503931009,20.123359512154725,50.0,0.1310020851386389,0.6,0.005418992943976833,1
drawdown120+reversal20,2,drawdown120|reversal20,120,2021-09-07,2026-08-10,4455.15,0.06707648119764263,0.04409522240758977,12.603965488634872,55.82566952560336,8.440841232271227,4.163124256363644,0.5245895718982277,30.968039497508425,61.66666666666667,0.3076183941084342,0.5416666666666666,0.011176728023751012,1,15,2026-01-09,2026-08-10,4862.133333333333,0.03229797680947439,0.008598046061495678,-1.2330294077581794,55.64859614421288,8.414067737004988,-9.647097144763167,-0.7411276996025034,22.913402621058932,37.5,0.04483331981865164,0.4,0.0005792102095178237,1
cash_conversion+reversal20,2,cash_conversion|reversal20,120,2021-09-07,2026-08-10,4571.833333333333,0.06555460201972954,0.037370800449826984,9.416531134024385,53.45302644747295,8.08209759885791,1.3344335351664767,0.4802122838138482,26.922922634042635,61.66666666666667,0.3523904844090768,0.5333333333333333,0.012320436245854258,1,15,2026-01-09,2026-08-10,4893.133333333333,0.04852336251295098,0.01894669093414652,-3.0686823259043927,50.58848296073067,7.648978623662478,-10.71766094956687,-0.8991685067747244,23.27841410899688,37.5,0.1288495298607965,0.6,0.0037513274682352384,1
turn_bias+chip250,2,turn_bias|chip250,120,2021-09-07,2026-08-10,3923.15,0.08914071991707546,0.05683228257143481,10.908410998876583,26.917364694805084,4.069905541854529,6.838505457022054,0.6591525179728027,28.625861249393935,63.33333333333333,0.3763497935963397,0.6,0.020128854925092286,1,15,2026-01-09,2026-08-10,4613.8,0.048425984556193936,0.014106960983731128,-4.054649910760288,24.40293979222471,3.6897244965843763,-7.744374407344664,-0.8284543712291822,23.356019796636794,25.0,0.05849649707684,0.3333333333333333,0.0009442501546781659,1
turn_bias+rsi14,2,turn_bias|rsi14,120,2021-09-07,2026-08-10,3923.15,0.08770694965090944,0.053394438778914206,8.750387562728456,61.82802631304967,9.34839757853311,-0.5980100158046522,0.4289898184326751,31.43018837134015,65.0,0.3829201785316636,0.5333333333333333,0.01791187243669007,1,15,2026-01-09,2026-08-10,4613.8,0.06808049714132104,0.0321730865553771,3.58519743134883,59.08210691329147,8.933214565289669,-5.348017133940839,-0.6592392373097434,20.944630348200388,50.0,0.1530805944407082,0.4666666666666667,0.0048635080536991015,1
turn_bias+paper_composite_nomcap,2,turn_bias|paper_composite_nomcap,120,2021-09-07,2026-08-10,3915.3166666666666,0.08059405068710279,0.040928632000786384,3.8469967212611644,16.896941054216995,2.55481748739761,1.2921792338635545,0.6070843380799685,18.245240783766427,51.66666666666667,0.2649896161504271,0.525,0.011212207941681302,1,15,2026-01-09,2026-08-10,4604.6,0.06459036077470652,0.018834727576394737,3.978937763847612,18.492961379561766,2.796135760589739,1.1828020032578732,-0.6047894977689503,18.245240783766402,75.0,0.07366753706793548,0.4,0.0019032851186408075,1
turn_bias+growth_revenue,2,turn_bias|growth_revenue,120,2021-09-07,2026-08-10,3923.15,0.048137632393103584,0.03310676859186432,7.6303091557704095,22.206530959459272,3.357627481070242,4.272681674700167,0.6413527257275552,25.434560318756073,63.33333333333333,0.29922605099836597,0.5333333333333333,0.0076821512775463495,1,15,2026-01-09,2026-08-10,4613.8,0.04777518741408514,0.03406251933992604,3.702967703389304,21.762389775829202,3.2904733341053753,0.41249436928392846,-0.5124126004750923,17.442628064464394,62.5,0.28982600149205756,0.4666666666666667,0.006461696051420386,1
impact60+paper_composite,2,impact60|paper_composite,120,2021-09-07,2026-08-10,4519.358333333334,0.07892035305746058,0.05299787405528516,21.455569232160833,9.739971070225154,1.4726836258180431,19.982885606342787,1.06699912240693,26.6896707869975,71.66666666666667,0.33960895595157875,0.65,0.017421338158363213,1,15,2026-01-09,2026-08-10,4875.666666666667,0.06532673792199536,0.02782114835951469,10.652359069699923,9.256275259461326,1.3995488192305525,9.25281025046937,0.011479981015601498,18.151300177416207,50.0,0.1341253152529135,0.4666666666666667,0.004088919015174974,1
impact60+skew60_low,2,impact60|skew60_low,120,2021-09-07,2026-08-10,4529.666666666667,0.07475461392751989,0.047282383886567,18.80494113985982,25.478840689577176,3.852400712264069,14.95254042759575,0.9035144857302013,26.29256316035432,75.0,0.39986533447926714,0.6666666666666666,0.01992785246799748,1,15,2026-01-09,2026-08-10,4885.133333333333,0.0725001512960127,0.03736871451266035,10.567653888191785,25.096384295497554,3.7945733054792297,6.773080582712557,-0.10380168880518342,18.862014717117127,62.5,0.28928184596281825,0.5333333333333333,0.011185588053063553,1
impact60+asset_growth,2,impact60|asset_growth,120,2021-09-07,2026-08-10,4529.641666666666,0.04187160296190313,0.03136342356159836,8.71508148757032,9.415217248996681,1.423580848048298,7.291500639522022,0.6858788713112224,28.784535865658924,61.66666666666667,0.339156064273158,0.5583333333333333,0.007928896169830115,1,15,2026-01-09,2026-08-10,4885.133333333333,0.06580193511009799,0.052194341007230555,9.724375708996524,10.097836035985793,1.526792808641052,8.197582900355473,-0.03429433380754876,20.53263128888715,62.5,0.7891090820331925,0.8,0.041539923688589706,1
book_to_market_lf_plus_impact+f_i10_01,2,book_to_market_lf_plus_impact|f_i10_01,120,2021-09-07,2026-08-10,4525.658333333334,0.07856383402501782,0.055279892686012404,22.177369929981893,8.932344049068359,1.3505704202191358,20.826799509762758,1.0540261130705881,28.415965075635096,75.0,0.3407547548036836,0.6833333333333333,0.018293516666415367,1,15,2026-01-09,2026-08-10,4881.133333333333,0.06899816442152962,0.03358946459287345,13.752168089660067,8.507670555705316,1.2863597880226436,12.465808301637422,0.14766493268840677,18.727717493827612,62.5,0.16816289768439366,0.5333333333333333,0.006188230007481949,1
book_to_market_lf_plus_impact+max_return21_low,2,book_to_market_lf_plus_impact|max_return21_low,120,2021-09-07,2026-08-10,4525.658333333334,0.10163467229105837,0.051288564291329206,12.378567011625607,34.713287506464376,5.248649070977414,7.129917940648195,0.7443260835384248,24.03545706222371,56.666666666666664,0.3075501629070547,0.6166666666666667,0.019275618679074076,1,15,2026-01-09,2026-08-10,4881.133333333333,0.08907095154190459,0.025954804453722172,6.1022904973018655,33.08672009517679,5.002712078390729,1.099578418911136,-0.4529939092588684,19.905357743727205,62.5,0.09636966450470957,0.5333333333333333,0.004577993449177914,1
book_to_market_lf_plus_impact+ltmom_exhigh252_21,2,book_to_market_lf_plus_impact|ltmom_exhigh252_21,120,2021-09-07,2026-08-10,4276.5,0.06860960617883706,0.041087305554784875,16.03690607738997,12.172908943498845,1.8405438322570251,14.196362245132942,0.9435060334888308,23.504958029063683,66.66666666666666,0.31181376192266425,0.625,0.013370887129159783,1,15,2026-01-09,2026-08-10,4818.533333333334,0.06866881555139286,0.02979237820874956,8.110372690550815,11.613284065611355,1.755928550720437,6.354444139830378,-0.13961213617639542,18.012676039981322,50.0,0.18768162836862287,0.6666666666666666,0.008591916747220017,1
book_to_market_lf_plus_impact+growth_roe,2,book_to_market_lf_plus_impact|growth_roe,120,2021-09-07,2026-08-10,3912.5416666666665,0.05660798750579419,0.035692425224376025,14.660714232973548,11.765100350080374,1.7788831729321526,12.881831060041396,0.9057368900510524,21.27687012579067,68.33333333333333,0.33147133549132785,0.575,0.01078925700036265,1,15,2026-01-09,2026-08-10,4605.933333333333,0.054714797862158396,0.02718283638397269,7.221276465949311,10.425334212832613,1.5763105329802911,5.64496593296902,-0.21081191823823908,17.601319393452066,62.5,0.17390978290603423,0.4666666666666667,0.004440538021712573,1
book_to_market_lf_minus_size+fscore_interact,2,book_to_market_lf_minus_size|fscore_interact,120,2021-09-07,2026-08-10,4454.858333333334,0.0983540937061347,0.055648077537490494,16.0043972459307,37.651071221187095,5.692841968643489,10.311555277287212,0.7782221149232867,24.25949178609005,73.33333333333333,0.37328707729364974,0.6333333333333333,0.02325239771363822,1,15,2026-01-09,2026-08-10,4792.2,0.08621400156150773,0.03093324611003472,13.168931782322012,36.458101888661865,5.512465005565674,7.656466776756339,-0.07609622635560864,17.650521232389536,62.5,0.12826586791079284,0.5333333333333333,0.005897767326052926,1
book_to_market_lf_minus_size+value_bm,2,book_to_market_lf_minus_size|value_bm,120,2021-09-07,2026-08-10,4598.408333333334,0.07433687533168294,0.03920090401534104,8.257419590425119,7.524163037438952,1.1376534512607697,7.119766139164349,0.7528676524817511,20.455611057784385,51.66666666666667,0.24325809007079313,0.5083333333333333,0.009192215210133055,1,15,2026-01-09,2026-08-10,4909.6,0.07009303459974021,0.02011272635139048,6.122188364011127,7.818111770347058,1.1820984996764752,4.940089864334652,-0.27789615121592676,18.855904149273815,62.5,0.08365394810291417,0.5333333333333333,0.0031272315086839655,1
book_to_market_lf_minus_size+quality_roic,2,book_to_market_lf_minus_size|quality_roic,120,2021-09-07,2026-08-10,4506.658333333334,0.06088069468787647,0.03154434913077901,9.84651601594113,12.811975192193373,1.9371706490596379,7.909345366881492,0.778998922138286,19.911030038522814,58.333333333333336,0.25315517603301163,0.55,0.008476744639396773,1,15,2026-01-09,2026-08-10,4815.466666666666,0.06842367754136897,0.03202452907913776,6.062339801266726,14.012001338227298,2.1186146023399672,3.943725198926758,-0.30869911351824836,18.496958460478975,62.5,0.17166160843468345,0.6,0.007047431125060514,1
impact_abs_return60+f_i10_01,2,impact_abs_return60|f_i10_01,120,2021-09-07,2026-08-10,4529.666666666667,0.06295303282578052,0.05010907306580054,22.78002659571785,8.463670377457243,1.279706961071535,21.500319634646313,1.0426824293178532,30.518805619306775,76.66666666666667,0.32044125114685107,0.6666666666666666,0.013448499068121263,1,15,2026-01-09,2026-08-10,4885.133333333333,0.05568392450037683,0.03464619672082246,16.548149486097163,8.930628973745787,1.350311100830363,15.1978383852668,0.2488220526794106,20.94121281559602,75.0,0.2219285925892706,0.6,0.0074147129965295,1
alpha13+f_i10_01,2,alpha13|f_i10_01,120,2021-09-07,2026-08-10,4529.666666666667,0.0822290403789485,0.050559316094727434,17.278666740193227,63.348821430054215,9.578341800224198,7.700324939969029,0.6305319179736302,32.019883235572564,76.66666666666667,0.4245302638388386,0.675,0.023563383439920427,1,15,2026-01-09,2026-08-10,4885.133333333333,0.0634817709119621,0.03147223544732721,2.7066062449348394,62.565340603190755,9.459879499202442,-6.753273254267603,-0.6387224197498563,24.104735033874046,62.5,0.22862313869178733,0.5333333333333333,0.007740480914989749,1
max5_low21+f_i10_01,2,max5_low21|f_i10_01,120,2021-09-07,2026-08-10,4493.533333333334,0.0576663400456869,0.04159142294500349,15.032071168181705,69.32382698892313,10.481762640725178,4.550308527456528,0.5438169341783928,31.676944513672602,73.33333333333333,0.3221844888817713,0.6166666666666667,0.011457173514202935,1,15,2026-01-09,2026-08-10,4858.866666666667,0.046182593016439316,0.02467800616117218,9.050668142826623,71.82312044034752,10.859655810580545,-1.8089876677539225,-0.48396574599036307,20.83839207413025,75.0,0.19969336251590403,0.4,0.00368894291566251,1
chip250+momentum120,2,chip250|momentum120,120,2021-09-07,2026-08-10,4283.2,0.07925466267267292,0.050215434666924116,10.112225128977737,28.076860563790397,4.245221317245107,5.867003811732629,0.6028642948588713,31.923569049131274,53.333333333333336,0.3003728552125727,0.5583333333333333,0.013291655034710873,1,15,2026-01-09,2026-08-10,4822.8,0.03833647747094922,-0.007868528333954228,-2.7424772561993715,28.516474391996788,4.311690928069914,-7.054168184269286,-0.7423706288569498,21.590051168409342,12.5,-0.02937017340851226,0.4666666666666667,0.0005254428625568743,0
book_to_market_lf_div_oper_main_profit_ttm+chip250,2,book_to_market_lf_div_oper_main_profit_ttm|chip250,120,2021-09-07,2026-08-10,4184.716666666666,0.08199236203728354,0.04576540068241339,16.55651248346124,17.428215636967188,2.635146204309439,13.921366279151801,0.8288604922766144,29.158050955068184,70.0,0.3347151868576956,0.6,0.01646645326812791,1,15,2026-01-09,2026-08-10,4719.666666666667,0.04156757428263482,0.0037669326306708885,5.557096273871586,16.742796218292103,2.531510788205766,3.025585485665821,-0.23707200095064526,19.65217662859644,50.0,0.01887307651153613,0.4,0.00031380320393405137,1
chip250+ev_ebitda_proxy,2,chip250|ev_ebitda_proxy,120,2021-09-07,2026-08-10,4177.041666666667,0.05967639522352345,0.03604435221478073,12.389202530504084,21.102652720200556,3.190721091294324,9.198481439209761,0.7073393590179725,26.53847477992749,60.0,0.26810184667400877,0.5083333333333333,0.008133003812489605,1,15,2026-01-09,2026-08-10,4713.2,0.026869173328545947,-0.012252489054389549,-8.969086383693426,18.512504825792863,2.799090729659881,-11.768177113353307,-0.9699319506831028,23.35061765904379,12.5,-0.05200423079844828,0.5333333333333333,0.0007452323686086476,0
chip250+quality_net_margin_tsrank378,2,chip250|quality_net_margin_tsrank378,120,2021-09-07,2026-08-10,4098.308333333333,0.06277918680750876,0.03679813592090331,10.21849693232646,25.387789487915054,3.838633770572756,6.379863161753704,0.6715835504558917,24.95336913005798,63.33333333333333,0.3223422217512507,0.5416666666666666,0.010961373884104139,1,15,2026-01-09,2026-08-10,4753.933333333333,0.02860051427384205,-0.0017478696391528563,0.28320600049256406,25.409141299613662,3.841862164501585,-3.558656164009021,-0.63791789676825,20.131352461252238,25.0,-0.00958840236890821,0.6,0.00016453994328918012,0
book_to_market_lf_div_oper_main_profit_ttm+momentum120,2,book_to_market_lf_div_oper_main_profit_ttm|momentum120,120,2021-09-07,2026-08-10,4352.866666666667,0.08199834108077275,0.04935384142681939,15.756740205540055,18.75058359675424,2.835088239829241,12.921651965710812,0.7973359279436596,28.939185779179954,70.0,0.35850631869948774,0.6416666666666667,0.01886302584854689,1,15,2026-01-09,2026-08-10,4758.733333333334,0.050859284077673844,0.007005048605535817,8.459418100442429,13.317430687973408,2.013595520021579,6.445822580420849,-0.08848880259854311,20.00603204098753,50.0,0.034578832493492015,0.4666666666666667,0.0008207055102683777,1
ev_ebitda_proxy+momentum120,2,ev_ebitda_proxy|momentum120,120,2021-09-07,2026-08-10,4344.491666666667,0.05602540359530271,0.03901364709385638,9.623809088781844,24.715201065733353,3.7369384011388824,5.88687068764296,0.6109669473008973,27.391501493847503,56.666666666666664,0.2788595549632572,0.5583333333333333,0.008722964004882833,1,15,2026-01-09,2026-08-10,4751.866666666667,0.028336480849333195,-0.010920172059230073,-10.369058993606451,17.87509494873296,2.702714356248424,-13.071773349854872,-1.0274528158401222,23.50329876353614,12.5,-0.046111751928154095,0.5333333333333333,0.0006968772135687155,0
momentum120+quality_net_margin_tsrank378,2,momentum120|quality_net_margin_tsrank378,120,2021-09-07,2026-08-10,4098.308333333333,0.05582430924435893,0.03822644306426814,7.436892820042984,28.62807985473676,4.328565674036198,3.1083271460067863,0.5748769983809935,24.816394787652506,55.00000000000001,0.32219030816017086,0.5666666666666667,0.01019209579235225,1,15,2026-01-09,2026-08-10,4753.933333333333,0.028003013778183827,0.00010014778242768951,2.894923825769935,24.93039889587926,3.7694763130569444,-0.8745524872870093,-0.5221517365267745,17.538077140784093,37.5,0.0005544444491176976,0.3333333333333333,5.175371849293475e-06,1
impact_abs_return60+alpha13,2,impact_abs_return60|alpha13,120,2021-09-07,2026-08-10,4529.666666666667,0.07624682788771683,0.04593423656561875,15.300728335101832,63.3863557372532,9.584016987472683,5.716711347629149,0.5854779692697906,30.773961447809107,76.66666666666667,0.4186396011795329,0.65,0.020747962051776873,1,15,2026-01-09,2026-08-10,4885.133333333333,0.061516644598386704,0.03080765668456377,4.610937851204444,62.65774225682089,9.473850629231318,-4.862912778026875,-0.6154795678907146,21.54246934412215,62.5,0.23859983250445713,0.5333333333333333,0.007828192585286019,1
impact_abs_return60+max5_low21,2,impact_abs_return60|max5_low21,120,2021-09-07,2026-08-10,4493.533333333334,0.051972025003344545,0.03708063738580243,13.396268929456134,69.66356839601454,10.533131541477399,2.8631373879787354,0.5021530201224893,31.264588671653982,75.0,0.3053553080746115,0.575,0.009125211881040667,1,15,2026-01-09,2026-08-10,4858.866666666667,0.04440814982332833,0.023725237929659727,9.256512116275683,72.79584564039683,11.006731860828001,-1.750219744552317,-0.5172607109765667,20.28134461002469,62.5,0.19844923808382636,0.5333333333333333,0.004700140531814354,1
paper_composite+fscore_interact,2,paper_composite|fscore_interact,120,2021-09-07,2026-08-10,4449.783333333334,0.08919089614309182,0.04733442661054398,13.323754605106174,36.63907522133904,5.5398281734664625,7.7839264316397125,0.7155775627689765,22.096307933945013,68.33333333333333,0.3353057146654182,0.6083333333333333,0.018192948780186,1,15,2026-01-09,2026-08-10,4788.733333333334,0.07457224456493614,0.022211513929030847,11.827176910178272,35.990980445476886,5.441836243356105,6.3853406668221675,-0.1445696862104112,17.313289300264444,62.5,0.09308898689429891,0.4666666666666667,0.0032395321919257702,1
paper_composite+value_bm,2,paper_composite|value_bm,120,2021-09-07,2026-08-10,4591.908333333334,0.07008471564199349,0.0338793586726593,6.795126864778811,7.575319984635047,1.1453883816768191,5.6497384831019914,0.7213407477448646,18.609818996240225,55.00000000000001,0.20553114293015814,0.5083333333333333,0.007322334118148977,1,15,2026-01-09,2026-08-10,4904.133333333333,0.06291525658037299,0.012650334642422267,4.267407167264315,7.948213845451504,1.2017699334322676,3.065637233832047,-0.41769440841826533,18.6098189962402,75.0,0.05103557151939373,0.5333333333333333,0.0017124885743299374,1
paper_composite+quality_roic,2,paper_composite|quality_roic,120,2021-09-07,2026-08-10,4501.641666666666,0.044896183564633534,0.01976893115190819,5.287679635068376,10.721865935045683,1.6211461293789073,3.6665335056894692,0.6571783045476216,20.299462933663115,58.333333333333336,0.16868367313258925,0.48333333333333334,0.0036604056907700616,1,15,2026-01-09,2026-08-10,4812.066666666667,0.0502361431309528,0.01836680534703273,1.9825348180948832,12.112303855650215,1.8313803429743123,0.1511544751205709,-0.5969658432857802,18.214577920080888,62.5,0.10679393023776867,0.4666666666666667,0.002503627076972717,1
fscore_interact+max_return21_low,2,fscore_interact|max_return21_low,120,2021-09-07,2026-08-10,4454.858333333334,0.09001478190262076,0.03849080480054994,7.827862069776259,46.706666404156664,7.062047960308488,0.7658141094677717,0.49282616406844754,26.94423556810488,66.66666666666666,0.2836471229029035,0.5333333333333333,0.01361729808288572,1,15,2026-01-09,2026-08-10,4792.2,0.08316131682628863,0.027088044145562953,10.779505620257002,47.51701171324781,7.184572171043069,3.594933449213933,-0.32990537671250764,16.293884716598118,87.5,0.11883704432938333,0.4,0.003953058037670222,1
fscore_interact+ltmom_exhigh252_21,2,fscore_interact|ltmom_exhigh252_21,120,2021-09-07,2026-08-10,4184.533333333334,0.06511986663459991,0.031304234178673666,10.100458950878588,38.18492681155076,5.7735609339064755,4.3268980169721125,0.6196297760188899,24.32355861177591,63.33333333333333,0.34932659104042507,0.6166666666666667,0.01402799562929101,1,15,2026-01-09,2026-08-10,4722.133333333333,0.0717062566265238,0.030152198697573022,10.946916851861289,38.92727228948525,5.885803570170171,5.061113281691117,-0.19526606709289315,17.043357234390978,62.5,0.2602969940023735,0.6,0.011198953830628152,1
fscore_interact+growth_roe,2,fscore_interact|growth_roe,120,2021-09-07,2026-08-10,3828.008333333333,0.03920237208742859,0.01778158517573291,5.113670813084248,36.348227149921776,5.495851945068172,-0.382181131983924,0.4602246924288118,27.562530689500587,53.333333333333336,0.2236606025918916,0.45,0.003945611773847623,1,15,2026-01-09,2026-08-10,4513.0,0.050130018729858304,0.024851411925018784,8.265389794762568,38.11403884513001,5.762842673383658,2.50254712137891,-0.36402628195979087,17.02496804783722,50.0,0.2470352770199478,0.4666666666666667,0.005779145429841335,1
size_only+skew60_low,2,size_only|skew60_low,120,2021-09-07,2026-08-10,4529.666666666667,0.06798404463037121,0.04577990179651578,19.473758380827235,24.572209183473834,3.715318028541244,15.75844035228599,0.8853952381595113,30.423092837689236,71.66666666666667,0.3284445420875571,0.6666666666666666,0.014885992271921543,1,15,2026-01-09,2026-08-10,4885.133333333333,0.05958303494699188,0.0283026320957517,9.432878556890111,24.247262438885013,3.6661860807594135,5.766692476130698,-0.12087722169326684,20.729471833810997,50.0,0.20978930621797168,0.5333333333333333,0.006666604567408313,1
size_only+asset_growth,2,size_only|asset_growth,120,2021-09-07,2026-08-10,4602.391666666666,0.03593037084896658,0.030904097807103643,9.395263016550048,7.861466901618261,1.1886537955246812,8.206609221025367,0.6902210066963108,29.84046252914029,65.0,0.27580106133548365,0.5416666666666666,0.005367718641091357,1,15,2026-01-09,2026-08-10,4913.6,0.052516009272451356,0.04293147932126474,6.442990520201652,9.30380693008459,1.4067356078287903,5.036254912372862,-0.1665941923905659,22.108110961730688,62.5,0.5421719388786858,0.6,0.017083623941649594,1
fscore_eq+rsi14,2,fscore_eq|rsi14,120,2021-09-07,2026-08-10,4454.858333333334,0.07612987929023482,0.038352742275206825,7.68430091389436,54.32428275275486,8.213831552216536,-0.529530638322176,0.41728315946480204,29.590064647354797,60.0,0.29398563052382726,0.5083333333333333,0.011377054370461626,1,15,2026-01-09,2026-08-10,4792.2,0.06779157068262616,0.023182083195602565,7.176091650614181,56.15306867023171,8.490343982939034,-1.3142523323248543,-0.47277405324077015,18.83581265134304,62.5,0.11122820213342575,0.4,0.003016133810731825,1
fscore_eq+paper_composite_nomcap,2,fscore_eq|paper_composite_nomcap,120,2021-09-07,2026-08-10,4449.783333333334,0.07120635181144633,0.03157046635787971,7.312037638703406,30.21531242646179,4.568555238881022,2.7434823998223834,0.5953804305777024,19.978984795951572,58.333333333333336,0.23086834543297072,0.5333333333333333,0.008767622734414202,1,15,2026-01-09,2026-08-10,4788.733333333334,0.06076927204002788,0.013640021454380183,10.19275040811688,30.874095723228546,4.668163273352156,5.524587134764724,-0.23835969061557413,16.46395232851654,87.5,0.05731589324086838,0.4,0.0013932180434286104,1
fscore_eq+growth_revenue,2,fscore_eq|growth_revenue,120,2021-09-07,2026-08-10,4454.858333333334,0.03798874054780934,0.019470668447153328,6.244482597616208,33.43010895294062,5.054632473684623,1.189850123931585,0.4962568563428372,28.18625165952302,53.333333333333336,0.22246686661955065,0.45,0.0038030562344223973,1,15,2026-01-09,2026-08-10,4792.2,0.046872722921063883,0.02653284432207288,8.201018567916352,34.658867531384836,5.240420770745388,2.9605977971709643,-0.3025506621031877,17.591732152881956,62.5,0.2580084247797399,0.4,0.004837422962400361,1
drawdown120+max_return21_low,2,drawdown120|max_return21_low,120,2021-09-07,2026-08-10,4455.15,0.08083607490348163,0.04354097056429439,10.212000080181326,51.72798729611711,7.821271679172906,2.3907284010084213,0.5145602068728607,27.46646986479955,55.00000000000001,0.3258722268118218,0.5666666666666667,0.01492726465013071,1,15,2026-01-09,2026-08-10,4862.133333333333,0.0567479188828615,0.010378270781871642,0.5912318245348103,50.153215268814634,7.583166148644772,-6.9919343241099625,-0.7701296496973804,22.233639734052467,37.5,0.04619426755569956,0.4,0.001048571419241616,1
cash_conversion+max_return21_low,2,cash_conversion|max_return21_low,120,2021-09-07,2026-08-10,4570.633333333333,0.062151343134416205,0.023251467020897757,6.11121216767645,36.60535555411866,5.534729759782741,0.5764824078937087,0.5408611833397708,23.050792242140005,60.0,0.18070068741167952,0.49166666666666664,0.005521805293741186,1,15,2026-01-09,2026-08-10,4892.866666666667,0.06012833329152347,0.017623879041935974,6.217821572070159,34.06175712317213,5.1501376770236265,1.0676838950465326,-0.5858502220153292,17.04697081264618,75.0,0.09264105666592926,0.4666666666666667,0.0025994977547876895,1
rsi14+alpha44,2,rsi14|alpha44,120,2021-09-07,2026-08-10,4585.341666666666,0.06457034061199961,0.0295100891493329,7.050187359334692,82.30698608568905,12.444816296156183,-5.3946289368214915,0.2313687707556337,38.962101298148774,58.333333333333336,0.29217702062701845,0.525,0.009904634113965055,1,15,2026-01-09,2026-08-10,4906.0,0.0475218277567114,0.012607918459781741,4.301451697201964,82.75899836545946,12.51316055285747,-8.211708855655505,-0.7514613361130689,22.7242704046702,37.5,0.08909466835342558,0.4666666666666667,0.001975839358981981,1
quality_asset_turnover_tsrank378+rsi14,2,quality_asset_turnover_tsrank378|rsi14,120,2021-09-07,2026-08-10,4100.208333333333,0.04897731384248782,0.02829643792997815,7.147324924555853,56.615758147892656,8.56030263196137,-1.412977707405516,0.4033481381481273,28.927520136416963,58.333333333333336,0.31510749225407547,0.5083333333333333,0.007845168592308969,1,15,2026-01-09,2026-08-10,4755.466666666666,0.03331364537489744,0.015460405532454738,-0.17299468591157607,56.4635233432236,8.537284729495408,-8.710279415406983,-0.7733439602422004,23.08091067486304,50.0,0.12521987033413295,0.4666666666666667,0.0019467141652942416,1
book_to_market_lf_div_oper_main_profit_ttm+alpha44,2,book_to_market_lf_div_oper_main_profit_ttm|alpha44,120,2021-09-07,2026-08-10,4492.575,0.04908452456411029,0.02484452965848096,9.010518560110636,59.814014446707645,9.043878984342197,-0.03336042423155994,0.4175681819091809,35.319665972785096,66.66666666666666,0.34548259547248217,0.5666666666666667,0.009609447734900257,1,15,2026-01-09,2026-08-10,4801.066666666667,0.04149977665303083,0.01691414662433844,0.6963810149847927,60.01079364280664,9.073631998792363,-8.37725098380757,-0.7463153470526249,23.568074608837453,50.0,0.21857054003310628,0.5333333333333333,0.0048376685836299975,1
book_to_market_lf_div_oper_main_profit_ttm+quality_asset_turnover_tsrank378,2,book_to_market_lf_div_oper_main_profit_ttm|quality_asset_turnover_tsrank378,120,2021-09-07,2026-08-10,4005.491666666667,0.023816405392761326,0.020499807225766904,12.105655411615789,15.621818571602134,2.3620189680262427,9.743636443589548,0.7548557573527899,30.08870479597523,76.66666666666667,0.3407013970160487,0.5333333333333333,0.004327617380914315,1,15,2026-01-09,2026-08-10,4653.666666666667,0.01985421903260766,0.02085369996507166,6.0862339050588465,15.8671400094197,2.399111569424259,3.6871223356345877,-0.2254626001857299,21.32264223266722,62.5,0.42762040881009844,0.4666666666666667,0.003962032321020164,1
drawdown120+alpha13,2,drawdown120|alpha13,120,2021-09-07,2026-08-10,4455.15,0.05569668642761937,0.03121467116268506,10.860600227792627,70.2572662610642,10.622898658672906,0.23770156911972068,0.41244259099841923,32.401997829630716,60.0,0.2729806437362134,0.49166666666666664,0.007475357679867898,1,15,2026-01-09,2026-08-10,4862.133333333333,0.030500590012264333,0.005189426168622598,-2.739982668844887,71.19263896810664,10.764327011977723,-13.504309680822612,-0.9872887401031657,23.349785681731273,25.0,0.03844709205551822,0.3333333333333333,0.0003908863306497154,1
cash_conversion+alpha13,2,cash_conversion|alpha13,120,2021-09-07,2026-08-10,4590.041666666667,0.039453820905340026,0.013256679321766959,4.9452548035868515,65.88758337229534,9.962202605891054,-5.016947802304203,0.26041230226709317,26.568616905296228,61.66666666666667,0.19828463005284722,0.43333333333333335,0.003390004055700876,1,15,2026-01-09,2026-08-10,4898.866666666667,0.03343872973582517,0.011364356336536447,2.197252121516524,64.93020586253567,9.817447126415395,-7.6201950048988705,-0.9945123353552368,18.600532103553135,62.5,0.15515265791739502,0.4666666666666667,0.0024211169714175302,1
paper_composite_nomcap+skew60_low,2,paper_composite_nomcap|skew60_low,120,2021-09-07,2026-08-10,4519.358333333334,0.05914615684053684,0.02263512837610863,5.353555840630064,24.479904982777736,3.7013616333959933,1.6521942072340707,0.5832742202968645,18.496808296311627,56.666666666666664,0.18810482707837325,0.5166666666666667,0.005748266762500422,1,15,2026-01-09,2026-08-10,4875.666666666667,0.054095920117561064,0.007206752686373139,5.850740726465498,25.053074141807592,3.7880248102413074,2.06271591622419,-0.5402768377314342,16.48882139604373,75.0,0.040465427037092314,0.5333333333333333,0.0011674744045448223,1
skew60_low+growth_revenue,2,skew60_low|growth_revenue,120,2021-09-07,2026-08-10,4529.666666666667,0.02895794498863053,0.012012469829171677,1.2060505271502375,29.352170556481365,4.438048188139982,-3.2319976609897445,0.3457888052103441,31.979053529859613,55.00000000000001,0.1823652240515714,0.4666666666666667,0.0024644303254315204,1,15,2026-01-09,2026-08-10,4885.133333333333,0.03624081695107124,0.0178734939147507,-1.5323075533942854,30.53609423397463,4.617057448176964,-6.149365001571249,-0.6973319129988279,21.750197964920282,37.5,0.28441997089724935,0.4666666666666667,0.004810218981174237,1
value_bm+asset_growth,2,value_bm|asset_growth,120,2021-09-07,2026-08-10,4598.383333333333,0.025452972376757647,0.00809289829191528,1.0921069708855313,7.501307523505709,1.134197697554063,-0.04209072666853178,0.508762635713005,23.04699101655934,48.333333333333336,0.0831116588749448,0.425,0.0008990614719504516,1,15,2026-01-09,2026-08-10,4909.6,0.05208491430992777,0.026961323911713894,8.91302721859356,8.348917390146763,1.2623563093901906,7.65067090920337,-0.21371702299247594,14.330895434261059,75.0,0.22287515897466098,0.4666666666666667,0.005417268993269815,1
ltmom_exhigh252_21+alpha44,2,ltmom_exhigh252_21|alpha44,120,2021-09-07,2026-08-10,4280.025,0.04472073272893408,0.020171162052901013,6.156630916385364,75.23180147983182,11.375048383750572,-5.2184174673652075,0.2588324773950685,33.2876435409372,63.33333333333333,0.27804868811863237,0.5416666666666666,0.006735376411283057,1,15,2026-01-09,2026-08-10,4822.066666666667,0.04070524802895145,0.015336881936649208,-0.9942130174837804,74.8646859068375,11.319540509113828,-12.31375352659761,-1.0490207229809452,23.2414641377241,50.0,0.2087456686514772,0.6,0.005098226530456616,1
growth_roe+alpha44,2,growth_roe|alpha44,120,2021-09-07,2026-08-10,3912.0916666666667,0.022129039827770244,0.0075023091146420185,2.6562629168083607,76.99583236242006,11.641769853197912,-8.985506936389552,0.11906609581354989,39.77917018496587,58.333333333333336,0.15313429085139782,0.425,0.0014402037990303722,1,15,2026-01-09,2026-08-10,4605.466666666666,0.02130013371126573,0.010005133727449324,1.343964541701903,77.73200852197752,11.753079688523,-10.409115146821097,-1.0362970350418328,21.411575561632713,50.0,0.28615024842561193,0.4,0.002438015421190976,1
drawdown120+quality_roic,2,drawdown120|quality_roic,120,2021-09-07,2026-08-10,4360.733333333334,0.025985322827960518,0.013555059240109883,3.1845905048544676,24.604052242217342,3.7201326990232624,-0.5355421941687949,0.43307033540575207,32.19870193329628,48.333333333333336,0.11597927604617615,0.4583333333333333,0.0013813061759809747,1,15,2026-01-09,2026-08-10,4764.0,0.024765034426647566,0.010121009958597361,1.9111875383763577,28.80475631681187,4.355279155101955,-2.4440916167255975,-0.5437520960717688,18.779872308638335,50.0,0.08045832773085643,0.4,0.0007970213024660607,1
ltmom_exhigh252_21+max5_low21,2,ltmom_exhigh252_21|max5_low21,120,2021-09-07,2026-08-10,4249.108333333334,0.03128677040696566,0.014220816454843965,3.493340639252507,69.24656873418597,10.470081192608918,-6.976740553356412,0.20094460874730447,30.935235440271434,61.66666666666667,0.17508633371830462,0.5416666666666666,0.0029671882090727317,1,15,2026-01-09,2026-08-10,4797.0,0.02890004997763753,0.01137451091565214,2.560435790952631,71.6992808030591,10.840931257422534,-8.280495466469903,-0.8366131789339997,20.5896909970265,87.5,0.12421374237560669,0.6666666666666666,0.002393188908376284,1
ev_ebitda_proxy+paper_composite_nomcap,2,ev_ebitda_proxy|paper_composite_nomcap,120,2021-09-07,2026-08-10,4471.508333333333,0.03641609774165339,0.015151110032491205,3.333674457438196,7.634446976536625,1.1543283828523379,2.179346074585858,0.6044418011721271,17.517154253789315,56.666666666666664,0.10909620690735738,0.4666666666666667,0.001854000462524919,1,15,2026-01-09,2026-08-10,4783.2,0.027101865694862858,-0.007330561371871449,2.277046388879378,7.966478953869499,1.2045316178250682,1.0725147710543097,-0.5796568775734892,17.517154253789315,75.0,-0.03376271761369626,0.4,0.00036601305530399066,0
paper_composite_nomcap+quality_net_margin_tsrank378,2,paper_composite_nomcap|quality_net_margin_tsrank378,120,2021-09-07,2026-08-10,4090.2166666666667,0.030432396339892,0.009468116853872032,-0.268132609227556,11.40151608290706,1.7239092317355476,-1.9920418409631035,0.4691706155435229,17.749250717065166,46.666666666666664,0.08158009810646345,0.44166666666666665,0.0010965160632352329,1,15,2026-01-09,2026-08-10,4744.466666666666,0.028413870998627865,0.001997646571946146,-1.2614145458553105,11.682854695436772,1.7664476299500398,-3.0278621758053506,-0.9388230401131615,17.47690025667994,62.5,0.012728750306113586,0.3333333333333333,0.00012055768972388546,1
ev_ebitda_proxy+quality_net_margin_tsrank378,2,ev_ebitda_proxy|quality_net_margin_tsrank378,120,2021-09-07,2026-08-10,3997.425,0.009584789901340188,0.006235555308997679,2.743553814554378,11.257092361842965,1.7020723651106562,1.041481449443722,0.5300763583165388,23.471801226401823,48.333333333333336,0.10897348160995093,0.375,0.00039168297226835195,1,15,2026-01-09,2026-08-10,4646.066666666667,0.008008251406942122,-0.00022390157427946769,-2.558365264843221,10.565302145410001,1.5974736843859922,-4.155838949229214,-0.7391521322595742,19.071093756982716,25.0,-0.003150458372985257,0.4,1.0091865079188709e-05,0
asset_growth+quality_roic,2,asset_growth|quality_roic,120,2021-09-07,2026-08-10,4506.658333333334,-0.01016893040961783,-0.013077408705805043,-6.533506118890853,7.240890552775364,1.094822651579635,-7.628328770470488,0.18569933220229343,46.78919063410094,38.333333333333336,-0.10732080710763414,0.5416666666666666,0.0005911413186150063,0,15,2026-01-09,2026-08-10,4815.466666666666,0.02343319688195609,0.024434227632351535,11.81133263705254,8.805346301994362,1.3313683608615476,10.479964276190994,0.056089846313955596,15.2259062678882,75.0,0.23483563715177305,0.4,0.0022011798881108402,1
growth_roe+quality_roic,2,growth_roe|quality_roic,120,2021-09-07,2026-08-10,3830.3416666666667,-0.004481353949523239,-0.009261036453543028,-6.018184149677852,9.326269757177666,1.4101319872852631,-7.428316136963114,0.21077038288084712,37.862009137033745,35.0,-0.08884075658924356,0.5,0.0001990634377099197,0,15,2026-01-09,2026-08-10,4515.266666666666,0.0171434632715979,0.017052555237313353,10.588865061229313,9.214205649965566,1.3931878942747935,9.195677166954521,-0.0510976284620419,14.439436183818133,62.5,0.21505043133891083,0.4,0.0014746836684799618,1
cash_conversion+growth_revenue,2,cash_conversion|growth_revenue,120,2021-09-07,2026-08-10,4594.5,0.005045502505410621,-0.000626096582618967,0.5065202877385877,7.252012609706184,1.096504306587575,-0.5899840188489873,0.4720603952811635,24.845915840846267,50.0,-0.008137461971922933,0.4083333333333333,1.6765180446533495e-05,0,15,2026-01-09,2026-08-10,4900.266666666666,0.01716562094444624,0.01489506415579266,5.693253037174162,6.605311700456491,0.9987231291090214,4.694529908065141,-0.26678105971167393,15.48872640548684,62.5,0.24265286427652272,0.4666666666666667,0.0019438006416523095,1
t10_size_plus_impact_downside+t10_size_plus_impact_bm+t10_size_plus_impact_wc,3,t10_size_plus_impact_downside|t10_size_plus_impact_bm|t10_size_plus_impact_wc,120,2021-09-07,2026-08-10,3919.575,0.11775780578462754,0.07474925069476081,25.051412956114905,29.23507835315172,4.42034384699654,20.631069109118364,1.0288830829744018,25.236740500865796,76.66666666666667,0.44424036006402523,0.6916666666666667,0.036182999279127805,1,15,2026-01-09,2026-08-10,4609.8,0.0752277931828562,0.026897367507252367,11.848735999768822,28.213461128433536,4.265875322619151,7.582860677149672,-0.07143279404432239,19.919395412835115,62.5,0.1116257664853388,0.4666666666666667,0.003918768035017206,1
t10_size_plus_impact_bm+t10_size_plus_impact_wc+reversal_chip_turn_eq,3,t10_size_plus_impact_bm|t10_size_plus_impact_wc|reversal_chip_turn_eq,120,2021-09-07,2026-08-10,3919.575,0.11710263125153329,0.0715381756746833,22.32486937996572,33.89504545360257,5.124930872584708,17.19993850738101,0.9364222459760001,24.966347661371135,78.33333333333333,0.4354915014098153,0.675,0.03442311047436988,1,15,2026-01-09,2026-08-10,4609.8,0.07357447233149567,0.022835852455385892,9.099592577990068,32.97234533174292,4.98541861415953,4.114173963830538,-0.2267572854161087,20.526728936563178,62.5,0.0913028906090703,0.4666666666666667,0.0031348622661545554,1
t10_size_plus_impact_bm+t10_size_plus_impact_wc+impact_abs_return60,3,t10_size_plus_impact_bm|t10_size_plus_impact_wc|impact_abs_return60,120,2021-09-07,2026-08-10,3919.575,0.1107246381590436,0.07297420555960513,26.440669879175616,24.41148833145602,3.69101703571615,22.749652843459465,1.0918222090348928,24.90507972769027,80.0,0.4338381395423591,0.7,0.03362559971429426,1,15,2026-01-09,2026-08-10,4609.8,0.07249730366985559,0.028888437417228855,11.538413504152656,23.071203816648943,3.4883660170773205,8.050047487075334,-0.048985550747686644,20.271058869227907,62.5,0.1280963092449589,0.5333333333333333,0.004952873082837074,1
t10_size_plus_impact+t10_size_plus_impact_bm+t10_nomcap_plus_impact,3,t10_size_plus_impact|t10_size_plus_impact_bm|t10_nomcap_plus_impact,120,2021-09-07,2026-08-10,3919.575,0.11758352995600413,0.07351865416553496,23.968545610530413,32.148427240270046,4.8608421987288315,19.10770341180158,0.987077067304157,24.995723178657634,78.33333333333333,0.439861953257111,0.7083333333333334,0.03663536915309742,1,15,2026-01-09,2026-08-10,4609.8,0.07499234193294724,0.025620483126486467,10.14544335155303,30.6720672799704,4.637616572731525,5.507826778821505,-0.1609858451596669,20.614657930919012,62.5,0.1034830778103659,0.4666666666666667,0.0036215378992000813,1
t10_size_plus_impact+t10_size_plus_impact_bm+reversal_turn_paper_nomcap,3,t10_size_plus_impact|t10_size_plus_impact_bm|reversal_turn_paper_nomcap,120,2021-09-07,2026-08-10,3915.3166666666666,0.11930042381169031,0.07126786536158045,21.882565676669643,34.8049218312279,5.262504180881659,16.620061495787983,0.9471965618280526,23.37652524425512,73.33333333333333,0.43210954149820285,0.6666666666666666,0.03436723428920718,1,15,2026-01-09,2026-08-10,4604.6,0.08035444901894226,0.025818282111370442,11.278604716387097,33.868542289484886,5.120923594170115,6.157681122216982,-0.1512705849081191,19.61970548609413,62.5,0.09874786077672347,0.4666666666666667,0.0037029206407726556,1
size_only+t10_size_plus_impact+t10_size_plus_impact_bm,3,size_only|t10_size_plus_impact|t10_size_plus_impact_bm,120,2021-09-07,2026-08-10,3919.575,0.10798575631452498,0.07264599317590735,27.687211576988545,26.6375618306693,4.027599348797198,23.65961222819135,1.0778483411768431,27.705161021231895,78.33333333333333,0.41371430257298325,0.7,0.03127267630303587,1,15,2026-01-09,2026-08-10,4609.8,0.06843146105646371,0.02656344161659629,11.93080379315835,25.023840410761462,3.7836046701071333,8.14719912305122,-0.03589953677474844,20.94852072280753,62.5,0.11754861299449697,0.4666666666666667,0.0037538775551079805,1
t10_size_plus_impact_aggregate+t10_size_plus_impact_bm+reversal_turn_paper,3,t10_size_plus_impact_aggregate|t10_size_plus_impact_bm|reversal_turn_paper,120,2021-09-07,2026-08-10,3915.3166666666666,0.12022603682806596,0.07404470338922836,24.214125492461648,32.64312595572312,4.9356406445053365,19.278484847956314,1.0098673724705207,24.635767339995628,80.0,0.4417264158127843,0.6916666666666667,0.03673235296534419,1,15,2026-01-09,2026-08-10,4604.6,0.08051989068664216,0.028459971605871236,12.763718251013989,31.832975387424177,4.813145878578536,7.950572372435453,-0.0658305285761236,19.653442558259393,62.5,0.11269018884009334,0.4666666666666667,0.004234440787201976,1
t10_size_plus_impact_aggregate+t10_size_plus_impact_bm+impact60,3,t10_size_plus_impact_aggregate|t10_size_plus_impact_bm|impact60,120,2021-09-07,2026-08-10,3919.575,0.10925285469205477,0.07312707051424469,27.44083807135478,24.10398714750359,3.644522856702543,23.796315214652235,1.1153201882502197,25.28646822793572,78.33333333333333,0.4409841690834908,0.6916666666666667,0.033323655714576135,1,15,2026-01-09,2026-08-10,4609.8,0.07480854647723142,0.03264904004224247,12.458748172822698,22.219277867713576,3.359554813598293,9.099193359224406,-0.0035636625714369425,20.248068098203564,62.5,0.1470073687358081,0.5333333333333333,0.005865284040836373,1
t10_size_plus_impact_g13+t10_size_plus_impact_bm+t10_size_plus_impact_fscore,3,t10_size_plus_impact_g13|t10_size_plus_impact_bm|t10_size_plus_impact_fscore,120,2021-09-07,2026-08-10,3833.0833333333335,0.11956629174504914,0.07469330687266153,25.053890576570993,30.29685318287528,4.5808842012507425,20.47300637532025,1.0250037283302034,25.16127257098094,76.66666666666667,0.438052981717995,0.7,0.036663459428317724,1,15,2026-01-09,2026-08-10,4513.866666666667,0.07925521352042386,0.02823396389761926,11.595731790822105,29.091343774497897,4.398611178704082,7.197120612118024,-0.0892823594024197,20.416124933992975,62.5,0.11334044476971614,0.4666666666666667,0.004191983203671041,1
t10_size_plus_impact_bm+t10_size_plus_impact_fscore+reversal_turn_eq,3,t10_size_plus_impact_bm|t10_size_plus_impact_fscore|reversal_turn_eq,120,2021-09-07,2026-08-10,3833.0833333333335,0.11860113486973667,0.07125984893351017,23.252133871795657,37.33879391821106,5.645625640433512,17.60650823136214,0.9558773042214086,24.675812698477095,81.66666666666667,0.43885925027228967,0.6666666666666666,0.03469947008691689,1,15,2026-01-09,2026-08-10,4513.866666666667,0.08148247820130639,0.029346344101424417,10.85929861813396,36.413483424661116,5.5057186938087606,5.353579924325201,-0.17689630137878345,20.188667270643045,62.5,0.11627934291077795,0.4666666666666667,0.004421540211195191,1
t10_size_plus_impact_bm+t10_size_plus_impact_fscore+paper_composite,3,t10_size_plus_impact_bm|t10_size_plus_impact_fscore|paper_composite,120,2021-09-07,2026-08-10,3829.358333333333,0.11651480647239812,0.06995316658919874,23.741291648168918,26.517922661008697,4.0095099063445145,19.7317817418244,1.042382300823028,23.907290908723155,76.66666666666667,0.40131575196031594,0.675,0.03156247834243727,1,15,2026-01-09,2026-08-10,4510.666666666667,0.07999638709105292,0.023493226335812,11.535018432913159,24.603101998636102,3.719989022193779,7.815029410719379,-0.08394485410340227,20.010854449061167,50.0,0.08851853624102915,0.4666666666666667,0.0033045427752730235,1
t10_size_plus_impact_downside+t10_size_plus_impact_bm+reversal_chip_turn_paper,3,t10_size_plus_impact_downside|t10_size_plus_impact_bm|reversal_chip_turn_paper,120,2021-09-07,2026-08-10,3915.3166666666666,0.11901243627826169,0.07349210733101115,23.559577249172527,31.873081401804804,4.819209907952886,18.74036734121964,0.9861589242508043,24.4530867089394,75.0,0.43327875280686234,0.7,0.03609589197140598,1,15,2026-01-09,2026-08-10,4604.6,0.07661506390067054,0.02460213292063273,11.809328133480257,31.0353083835591,4.692538627594136,7.11678950588612,-0.099633733722633,20.104151938095537,62.5,0.09616914971762097,0.4666666666666667,0.0034384025904147185,1
t10_size_plus_impact_downside+t10_size_plus_impact_bm+book_to_market_lf_plus_impact,3,t10_size_plus_impact_downside|t10_size_plus_impact_bm|book_to_market_lf_plus_impact,120,2021-09-07,2026-08-10,3919.575,0.11451725649557455,0.07236832532661877,24.709774217995516,23.64148203867437,3.5745920842475645,21.135182133747954,1.0731987104652883,24.06556562515052,78.33333333333333,0.41866507191725655,0.6666666666666666,0.031962916950991085,1,15,2026-01-09,2026-08-10,4609.8,0.08109282482911982,0.02913267665334508,12.303090338276245,22.287535549382273,3.369875375066599,8.933214963209647,-0.03005803420061044,19.70526581922649,62.5,0.1158564587504621,0.4666666666666667,0.004384392840227572,1
t10_size_plus_impact_g13+t10_size_plus_impact_bm+t10_size_plus_impact_dd120,3,t10_size_plus_impact_g13|t10_size_plus_impact_bm|t10_size_plus_impact_dd120,120,2021-09-07,2026-08-10,3919.575,0.11549940060917134,0.07432188469274273,24.32581853393092,30.25006510930942,4.5738098445275845,19.752008689403336,0.9917837833318781,25.691457681393914,80.0,0.43424412810105945,0.6916666666666667,0.03469049775532617,1,15,2026-01-09,2026-08-10,4609.8,0.07212403637521322,0.02523809941725984,10.949818973032322,28.966952243178063,4.379803179168523,6.570015793863798,-0.11262745397171689,20.648591881148846,62.5,0.10389313864100616,0.4666666666666667,0.003496823171556866,1
t10_size_plus_impact_g13+t10_size_plus_impact_bm+reversal40,3,t10_size_plus_impact_g13|t10_size_plus_impact_bm|reversal40,120,2021-09-07,2026-08-10,3919.575,0.11869715931771968,0.07436386854699638,24.09120150951958,40.801991831320706,6.1692611648956905,17.921940344623888,0.9333527979404508,26.90312638492365,81.66666666666667,0.4412547431571728,0.675,0.03535358707005283,1,15,2026-01-09,2026-08-10,4609.8,0.08288863521828062,0.031142930628182693,14.168129455482548,42.127606557031,6.3696941114230885,7.79843534405946,-0.05887600416924118,19.478943922528558,62.5,0.12475782642794381,0.4666666666666667,0.004825802783858656,1
t10_size_plus_impact_bm+t10_size_plus_wc_mcap+t10_nomcap_plus_impact,3,t10_size_plus_impact_bm|t10_size_plus_wc_mcap|t10_nomcap_plus_impact,120,2021-09-07,2026-08-10,3919.575,0.1175217478084805,0.07206263720639396,22.724712198252316,33.259532799455776,5.028841359277713,17.695870838974603,0.9527567826026657,24.971060170436278,80.0,0.4379034550577476,0.675,0.03473764610158725,1,15,2026-01-09,2026-08-10,4609.8,0.07389437635559953,0.02332362977844158,10.676812248984014,32.193643747355424,4.86767893460014,5.809133314383874,-0.15625943658598215,19.952563431085213,62.5,0.09387429639693722,0.4666666666666667,0.0032371652077671106,1
t10_size_plus_impact_bm+t10_nomcap_plus_impact+reversal_chip_eq,3,t10_size_plus_impact_bm|t10_nomcap_plus_impact|reversal_chip_eq,120,2021-09-07,2026-08-10,3919.575,0.11380476631000255,0.06951778806317506,21.069534527320034,37.74320761821796,5.706772991874555,15.362761535445479,0.8726864201624686,25.63812399876355,68.33333333333333,0.4166106401844566,0.6583333333333333,0.031213082061064656,1,15,2026-01-09,2026-08-10,4609.8,0.07336222387588037,0.02175218450441815,9.600775637052317,38.19211187505906,5.77464731550893,3.8261283215433863,-0.22990380655355366,20.007180807903012,62.5,0.08460924043353509,0.4666666666666667,0.002896656951371489,1
t10_size_plus_impact_bm+t10_nomcap_plus_impact+book_to_market_lf_div_oper_main_profit_ttm,3,t10_size_plus_impact_bm|t10_nomcap_plus_impact|book_to_market_lf_div_oper_main_profit_ttm,120,2021-09-07,2026-08-10,3831.15,0.11492878621105126,0.06878823915901586,22.61270283056598,25.0848791952903,3.792833734327893,18.819869096238083,0.976930501090566,26.43156571270133,76.66666666666667,0.43337221459746045,0.7166666666666667,0.03569497553091831,1,15,2026-01-09,2026-08-10,4511.133333333333,0.07415931596051921,0.025647796355241035,11.614716472824272,23.522658745203184,3.556626002274722,8.058090470549551,-0.05413707316545568,19.303058049941146,62.5,0.11123439728331057,0.4666666666666667,0.003849564513111776,1
t10_size_plus_impact_bm+t10_size_plus_wc_mcap+reversal_chip_eq,3,t10_size_plus_impact_bm|t10_size_plus_wc_mcap|reversal_chip_eq,120,2021-09-07,2026-08-10,3919.575,0.11397608582951696,0.0692904450009715,21.81488142562822,37.486888833748836,5.668017591662824,16.146863833965394,0.8883141321263304,25.68744472196014,76.66666666666667,0.41707981688406803,0.65,0.03089913125450954,1,15,2026-01-09,2026-08-10,4609.8,0.0717425126596141,0.019792428583010665,10.592981536239964,37.76095030211837,5.709455685680298,4.883525850559668,-0.18847949486691473,19.794486311864734,62.5,0.07772636447779215,0.4666666666666667,0.0026022661875157653,1
t10_size_plus_impact_bm+t10_size_plus_wc_mcap+book_to_market_lf_div_oper_main_profit_ttm,3,t10_size_plus_impact_bm|t10_size_plus_wc_mcap|book_to_market_lf_div_oper_main_profit_ttm,120,2021-09-07,2026-08-10,3831.15,0.11236582352918734,0.06717638159256728,21.51943384522226,23.787757016193734,3.5967088608484925,17.922724984373765,0.9505088396803048,27.13891040268116,76.66666666666667,0.4288260340433097,0.7166666666666667,0.034532863167322805,1,15,2026-01-09,2026-08-10,4511.133333333333,0.07019812200203461,0.023175478140710675,9.151716795294218,21.58265921003638,3.2632980725575003,5.888418722736718,-0.13512231583620943,20.383319626231287,50.0,0.10336706524686992,0.4666666666666667,0.003386214466689622,1
t10_size_plus_impact_bm+t10_size_plus_impact_dd120+reversal40,3,t10_size_plus_impact_bm|t10_size_plus_impact_dd120|reversal40,120,2021-09-07,2026-08-10,3919.575,0.11441436291530645,0.07157545070845889,23.251270584277805,42.18497627722832,6.378368413116922,16.872902171160884,0.897325277318832,26.30762816919149,73.33333333333333,0.42843122241198434,0.65,0.03186214548744055,1,15,2026-01-09,2026-08-10,4609.8,0.07844111917803916,0.02788741726093267,11.764187468155573,42.97890665765161,6.498410686636922,5.265776781518651,-0.1583893264688907,19.935293209612183,50.0,0.11197118207296732,0.4666666666666667,0.004098800924162724,1
t10_size_plus_impact_bm+reversal_chip_turn_paper+reversal_turn_paper,3,t10_size_plus_impact_bm|reversal_chip_turn_paper|reversal_turn_paper,120,2021-09-07,2026-08-10,3915.3166666666666,0.11793217617369707,0.06920378961040967,20.372391087021292,35.36618972658453,5.347367886659581,15.025023200361709,0.9096040398864674,23.186033171436804,73.33333333333333,0.4199658034741549,0.675,0.03343104975751354,1,15,2026-01-09,2026-08-10,4604.6,0.07959103847394543,0.024066544976115743,11.531054158312227,34.156786073536225,5.164506054318677,6.36654810399355,-0.14835564069454985,19.53368768432324,62.5,0.09120128127863109,0.4666666666666667,0.003387442187322968,1
t10_size_plus_impact_bm+book_to_market_lf_plus_impact+reversal_turn_paper,3,t10_size_plus_impact_bm|book_to_market_lf_plus_impact|reversal_turn_paper,120,2021-09-07,2026-08-10,3915.3166666666666,0.11789564832390524,0.07031354354802705,22.09051121963832,27.437398284782454,4.148534620659107,17.941976598979213,1.0070096815978034,23.15819492763016,76.66666666666667,0.4118367979780306,0.7,0.033987636410882774,1,15,2026-01-09,2026-08-10,4604.6,0.08563585569023552,0.0284323308507311,10.910968783888697,25.046733141882232,3.7870660510525935,7.123902732836104,-0.11596406281364882,19.67654624098233,62.5,0.1070315345496477,0.4666666666666667,0.004277343955265775,1
t10_size_plus_impact_bm+reversal_chip_turn_paper+reversal_turn_eq,3,t10_size_plus_impact_bm|reversal_chip_turn_paper|reversal_turn_eq,120,2021-09-07,2026-08-10,3915.3166666666666,0.11540856653329704,0.06810519619063914,19.803355722964234,38.966353599100536,5.891712664184001,13.911643058780232,0.8638623393762329,25.16813621321279,71.66666666666667,0.4236573413145722,0.65,0.03178089620057465,1,15,2026-01-09,2026-08-10,4604.6,0.07793804102627938,0.025251514125005297,8.463856125325364,38.02051404556937,5.748701723690089,2.7151544016352753,-0.2995516872731383,20.34864106662535,62.5,0.0990136177734742,0.4666666666666667,0.0036012327886217094,1
t10_size_plus_impact_bm+reversal_chip_turn_paper+paper_composite,3,t10_size_plus_impact_bm|reversal_chip_turn_paper|paper_composite,120,2021-09-07,2026-08-10,3915.3166666666666,0.11388135951013426,0.06684801387045582,21.531444966382395,28.028854519030112,4.237962803277353,17.293482163105047,0.9887953382059512,22.646975415567795,73.33333333333333,0.39215790812100876,0.675,0.03014514611064279,1,15,2026-01-09,2026-08-10,4604.6,0.07633193187773904,0.019073670968251317,11.380166546289693,26.12973609524996,3.950816097601794,7.429350448687899,-0.10910425530315686,19.81930222465128,50.0,0.07039569201540308,0.5333333333333333,0.0028658342226165574,1
t10_size_plus_impact_bm+impact60+reversal_chip_turn_size_eq,3,t10_size_plus_impact_bm|impact60|reversal_chip_turn_size_eq,120,2021-09-07,2026-08-10,3919.575,0.11525307181593557,0.07482779746468425,26.51428736249899,27.455112753517863,4.151213048331901,22.36307431416709,1.0697697166386748,25.53023429321881,76.66666666666667,0.4436190341353547,0.7,0.0357899194800826,1,15,2026-01-09,2026-08-10,4609.8,0.07564292732465623,0.029720137716227137,11.994070612554097,25.78553897430748,3.898773492915291,8.095297119638806,-0.046290190045205994,20.21408545917752,62.5,0.12698457909657943,0.4666666666666667,0.004482559801045489,1
t10_size_plus_impact_bm+reversal_chip_turn_eq+reversal_turn_paper_nomcap,3,t10_size_plus_impact_bm|reversal_chip_turn_eq|reversal_turn_paper_nomcap,120,2021-09-07,2026-08-10,3915.3166666666666,0.11371276652097868,0.06523263620655627,18.656635748263174,38.708657620698936,5.85274903224968,12.803886716013494,0.8508936989117224,24.33929854514406,66.66666666666666,0.4064065259798558,0.65,0.030038846760877112,1,15,2026-01-09,2026-08-10,4604.6,0.07748881721487075,0.022679055575618723,7.642651759095265,37.93434893696765,5.735673559269508,1.906978199825756,-0.3584018976206707,20.477653208170523,50.0,0.08583767315480165,0.4666666666666667,0.0031040145571130462,1
size_only+t10_size_plus_impact_bm+reversal_chip_turn_eq,3,size_only|t10_size_plus_impact_bm|reversal_chip_turn_eq,120,2021-09-07,2026-08-10,3919.575,0.11422364540616423,0.07349761490519849,25.621403533823273,30.527262572377502,4.615722100943478,21.005681432879793,1.0173445245079134,26.379284096093613,80.0,0.42528534857999933,0.7083333333333334,0.03440916368728581,1,15,2026-01-09,2026-08-10,4609.8,0.07011353901844523,0.023663028461723926,11.753285363447796,29.356469483892283,4.438698185964514,7.314587177483284,-0.07725627473090695,20.70028438548667,50.0,0.09887405954877318,0.4666666666666667,0.0032351247749729936,1
t10_size_plus_impact_bm+impact_abs_return60+reversal_turn_eq,3,t10_size_plus_impact_bm|impact_abs_return60|reversal_turn_eq,120,2021-09-07,2026-08-10,3919.575,0.1174740106018247,0.07445038096718432,24.51894433773445,30.85960381142108,4.665972096286867,19.85297224144758,1.0217401387184606,24.862892042639473,80.0,0.4539509318986788,0.6833333333333333,0.036440415000825295,1,15,2026-01-09,2026-08-10,4609.8,0.07953174122925093,0.03266846867035711,11.120429772694129,29.798061750145255,4.505466936621962,6.614962836072166,-0.1138712501643039,19.96549132241284,62.5,0.13836786204806534,0.4666666666666667,0.0051354972661306645,1
t10_size_plus_impact_bm+book_to_market_lf_minus_size+reversal_turn_paper_nomcap,3,t10_size_plus_impact_bm|book_to_market_lf_minus_size|reversal_turn_paper_nomcap,120,2021-09-07,2026-08-10,3915.3166666666666,0.11723370248491354,0.06830093910494225,21.63001821022881,28.96231806230712,4.379102491020836,17.25091571920797,0.9894015206444974,22.83526702815304,73.33333333333333,0.40229443199681403,0.7,0.03301372602643624,1,15,2026-01-09,2026-08-10,4604.6,0.08397391005377215,0.024876426181838718,12.051211943385631,27.226589199432293,4.116660286954163,7.934551656431468,-0.08654659782466492,19.61476406949265,50.0,0.09147655058992016,0.5333333333333333,0.004096876603342556,1
t10_size_plus_impact_bm+book_to_market_lf_minus_size+reversal_chip_eq,3,t10_size_plus_impact_bm|book_to_market_lf_minus_size|reversal_chip_eq,120,2021-09-07,2026-08-10,3919.575,0.11728468713899162,0.0710834121033321,23.444782302956256,31.89778135329212,4.822944540617769,18.62183776233849,0.9764509131329255,24.946261910375934,78.33333333333333,0.40551235502452265,0.6833333333333333,0.032499599621532003,1,15,2026-01-09,2026-08-10,4609.8,0.07972590492325372,0.021838225204110946,11.510926839693791,31.18588776864225,4.715306230618708,6.795620609075083,-0.11289500759774904,20.475643584873225,50.0,0.08108049277838517,0.4666666666666667,0.0030166339739107115,1
t10_size_plus_impact_bm+impact_abs_return60+reversal40,3,t10_size_plus_impact_bm|impact_abs_return60|reversal40,120,2021-09-07,2026-08-10,3919.575,0.11810421264537949,0.07576201261895493,25.382042497636228,37.44868776540558,5.662241590129325,19.7198009075069,0.9871986825334328,27.007834984727985,81.66666666666667,0.44532067802300435,0.6833333333333333,0.035939402835952546,1,15,2026-01-09,2026-08-10,4609.8,0.08445385958328029,0.034908709970732144,14.023316032261091,37.27463970316099,5.635925523117942,8.387390509143149,-0.03426983013534053,19.828627279783085,62.5,0.14389725790951285,0.4666666666666667,0.005671250113157566,1
size_only+t10_size_plus_impact_bm+impact60,3,size_only|t10_size_plus_impact_bm|impact60,120,2021-09-07,2026-08-10,3919.575,0.09410968236257063,0.0675571640676064,29.39022410939838,18.151137347697055,2.7444519669717944,26.645772142426583,1.1642114197544118,28.481552074525172,78.33333333333333,0.3944912573636776,0.6916666666666667,0.025678434123337205,1,15,2026-01-09,2026-08-10,4609.8,0.06647415195030536,0.03232710325977488,14.255263394022533,16.433525100532503,2.4847489952005146,11.77051439882202,0.10312592744817246,20.014664387620517,62.5,0.16103962185308385,0.5333333333333333,0.005709318556310193,1
t10_size_plus_impact_bm+book_to_market_lf_minus_size+paper_composite,3,t10_size_plus_impact_bm|book_to_market_lf_minus_size|paper_composite,120,2021-09-07,2026-08-10,3915.3166666666666,0.09977258114801549,0.06084073594898635,21.3692303797121,17.85919543512578,2.7003103497910175,18.668920029921082,1.029375444333673,24.770718646566614,71.66666666666667,0.3499067579244609,0.65,0.02269221525951724,1,15,2026-01-09,2026-08-10,4604.6,0.07431712889327999,0.021672072028223667,9.977555968912188,16.16263377226211,2.443790226366031,7.533765742546157,-0.09705212514789541,20.51257375735689,50.0,0.08455118386759801,0.4666666666666667,0.0029323472404649254,1
size_only+t10_size_plus_impact_bm+book_to_market_lf_div_oper_main_profit_ttm,3,size_only|t10_size_plus_impact_bm|book_to_market_lf_div_oper_main_profit_ttm,120,2021-09-07,2026-08-10,3831.15,0.09257041112376593,0.061625698809791435,22.292468809307287,16.216552178041184,2.4519426893198273,19.84052611998746,0.987711008384131,29.336981242712756,73.33333333333333,0.37071530677892434,0.7,0.024022087850878625,1,15,2026-01-09,2026-08-10,4511.133333333333,0.06261770558723614,0.027113151065416077,10.319484913564613,14.919063187020498,2.255762353877499,8.063722559687115,-0.03763692102198272,21.30827363943979,50.0,0.13880244500312,0.5333333333333333,0.004635461672530082,1
t10_size_plus_impact+t10_size_plus_impact_wc+reversal_turn_paper,3,t10_size_plus_impact|t10_size_plus_impact_wc|reversal_turn_paper,120,2021-09-07,2026-08-10,3915.3166666666666,0.11851349669048998,0.0730118140624431,22.989084796126047,33.413611356464294,5.052138037097401,17.936946759028647,0.9654333816322842,25.25004500917558,75.0,0.44574210829481214,0.675,0.03565785771644124,1,15,2026-01-09,2026-08-10,4604.6,0.07704915225918496,0.02698837573994016,11.59308580372167,32.62873924567853,4.933465373946595,6.659620429775076,-0.11691107571941632,19.759432897210427,62.5,0.11029482687366879,0.4666666666666667,0.003965790690955218,1
t10_size_plus_impact+t10_size_plus_impact_wc+impact60,3,t10_size_plus_impact|t10_size_plus_impact_wc|impact60,120,2021-09-07,2026-08-10,3919.575,0.1096550225082887,0.07308455472558904,26.682538785847633,25.06166487367804,3.7893237289001194,22.893215056947515,1.086942274119679,25.9941564405517,81.66666666666667,0.44742829138428497,0.7,0.03434393155381224,1,15,2026-01-09,2026-08-10,4609.8,0.0721373926086745,0.031210417115768486,11.468449916909396,23.884060379212926,3.6112699293369945,7.857179987572402,-0.05199045013635535,19.861484076722746,75.0,0.14408067528251528,0.5333333333333333,0.005543255594761465,1
t10_size_plus_impact_aggregate+t10_size_plus_impact_downside+t10_size_plus_impact_wc,3,t10_size_plus_impact_aggregate|t10_size_plus_impact_downside|t10_size_plus_impact_wc,120,2021-09-07,2026-08-10,3919.575,0.11384645741384629,0.07408831679439762,25.731162236887517,28.07706379832935,4.245252046307398,21.48591019058012,1.044031363754759,26.17074063472836,80.0,0.44436071754537215,0.7083333333333334,0.03583379956704424,1,15,2026-01-09,2026-08-10,4609.8,0.07232293000139099,0.02820919229687383,11.092490455609848,27.27607149510632,4.124142010060075,6.968348445549774,-0.09364324705977611,20.054942359072214,62.5,0.12295025521687972,0.4666666666666667,0.00414965726079499,1
t10_size_plus_impact_aggregate+t10_size_plus_impact_wc+reversal_chip_turn_eq,3,t10_size_plus_impact_aggregate|t10_size_plus_impact_wc|reversal_chip_turn_eq,120,2021-09-07,2026-08-10,3919.575,0.11518141323403802,0.07206814960414834,23.431946054456976,32.55668674258701,4.922571035479156,18.50937501897782,0.9650622348836349,25.435945768230507,78.33333333333333,0.4404651112706921,0.6666666666666666,0.033822262664297414,1,15,2026-01-09,2026-08-10,4609.8,0.07129232768199706,0.02426771296999791,9.647093420291885,31.25093642792442,4.725141587902172,4.921951832389714,-0.1891073995911266,20.096779664524878,62.5,0.10109576811727478,0.4666666666666667,0.003363431226343974,1
t10_size_plus_impact_aggregate+t10_size_plus_impact_wc+impact_abs_return60,3,t10_size_plus_impact_aggregate|t10_size_plus_impact_wc|impact_abs_return60,120,2021-09-07,2026-08-10,3919.575,0.104517497250562,0.07122111615787059,26.854505622098547,23.219583860966456,3.510801079778128,23.343704542320417,1.101440103706241,25.33456504588215,80.0,0.4301157635230659,0.6916666666666667,0.031093614332583078,1,15,2026-01-09,2026-08-10,4609.8,0.06876560147240296,0.03022431361881398,12.287761082173787,22.090553937427174,3.3400917553389884,8.947669326834799,-0.01230471566508936,19.45694595231746,75.0,0.14272244547728094,0.5333333333333333,0.0052343438969906465,1
t10_size_plus_impact_fscore+t10_size_plus_impact_wc+t10_size_plus_impact_dd120,3,t10_size_plus_impact_fscore|t10_size_plus_impact_wc|t10_size_plus_impact_dd120,120,2021-09-07,2026-08-10,3833.0833333333335,0.11627312485324941,0.07304847014410422,24.480684008949737,31.58903196333618,4.77626163285643,19.70442237609331,0.9949740114800519,25.604818666730957,78.33333333333333,0.4376189876643994,0.6916666666666667,0.03519430130700826,1,15,2026-01-09,2026-08-10,4513.866666666667,0.07343685321189104,0.025284994586572476,10.200298778766426,30.262189957847685,4.57564312162657,5.624655657139856,-0.15158867457144948,20.152663630725918,62.5,0.10418897501127734,0.4666666666666667,0.0035706115499602605,1
t10_size_plus_impact_fscore+t10_size_plus_impact_wc+reversal40,3,t10_size_plus_impact_fscore|t10_size_plus_impact_wc|reversal40,120,2021-09-07,2026-08-10,3833.0833333333335,0.11651352492182401,0.0715219056463592,23.34410560456126,41.887289303018505,6.333358142616398,17.010747461944863,0.9101106317104206,25.973192936619483,81.66666666666667,0.43662673291460463,0.675,0.03433922081571176,1,15,2026-01-09,2026-08-10,4513.866666666667,0.08241174501334708,0.030625701084105054,11.627116126435089,42.344707288648664,6.402519742043679,5.224596384391409,-0.15897544950198367,20.189550592472184,62.5,0.12385508482147049,0.4666666666666667,0.004763319712159634,1
t10_size_plus_impact_g13+t10_size_plus_impact_downside+t10_size_plus_impact_wc,3,t10_size_plus_impact_g13|t10_size_plus_impact_downside|t10_size_plus_impact_wc,120,2021-09-07,2026-08-10,3919.575,0.11365180266196681,0.07397502175214989,25.67740980325941,27.961239687872318,4.227739440806294,21.449670362453116,1.0431977046824208,25.96869908303653,80.0,0.4419505992495957,0.7083333333333334,0.035578508290345895,1,15,2026-01-09,2026-08-10,4609.8,0.07193155212501542,0.027886265116846182,11.179661668939623,27.058018841853503,4.09117244888825,7.088489220051372,-0.08822413740069697,20.217587536806214,62.5,0.1214902048387618,0.4666666666666667,0.004078190200951157,1
t10_size_plus_impact_downside+t10_size_plus_impact_wc+reversal_turn_eq,3,t10_size_plus_impact_downside|t10_size_plus_impact_wc|reversal_turn_eq,120,2021-09-07,2026-08-10,3919.575,0.11597919549665939,0.07231908830751818,23.418002043535104,34.43541850201417,5.206635277504542,18.211366766030558,0.964382680453098,25.250046844597897,80.0,0.4531125921527766,0.6666666666666666,0.035034422604856646,1,15,2026-01-09,2026-08-10,4609.8,0.07609193143645789,0.029363044188966174,9.678989439398078,33.73859912788589,5.101276188136347,4.577713251261732,-0.2014747356143038,19.833719696232688,62.5,0.12505817111490644,0.4666666666666667,0.004440761631620663,1
t10_size_plus_impact_downside+t10_size_plus_impact_wc+paper_composite,3,t10_size_plus_impact_downside|t10_size_plus_impact_wc|paper_composite,120,2021-09-07,2026-08-10,3915.3166666666666,0.11253677273075059,0.07089530362060854,23.551654829152092,24.38915841021839,3.687640751625021,19.86401407752707,1.037926599816303,24.970414378256766,78.33333333333333,0.4161852354304187,0.6833333333333333,0.03200469788991009,1,15,2026-01-09,2026-08-10,4604.6,0.07408867403771527,0.0240506198512961,11.851601495997354,22.806106538113003,3.4482833085626856,8.40331818743467,-0.05019961900949745,19.628479273172594,62.5,0.09735471926136256,0.5333333333333333,0.0038468704327404646,1
t10_size_plus_impact_g13+t10_size_plus_impact_wc+reversal_chip_turn_size_eq,3,t10_size_plus_impact_g13|t10_size_plus_impact_wc|reversal_chip_turn_size_eq,120,2021-09-07,2026-08-10,3919.575,0.11478350140675213,0.07322918985939553,24.092755198170266,30.847909414026887,4.664203903400866,19.428551294769402,0.9824385515750403,26.39123365755197,81.66666666666667,0.43771549735505294,0.7,0.03516976218448765,1,15,2026-01-09,2026-08-10,4609.8,0.07040336676974018,0.024706987511185614,10.474077939237636,29.98085707854379,4.53310559027582,5.940972348961815,-0.13652704469353147,20.44305273450673,62.5,0.1049965806631557,0.4666666666666667,0.003449652629731822,1
t10_size_plus_impact_g13+t10_size_plus_impact_wc+book_to_market_lf_minus_size,3,t10_size_plus_impact_g13|t10_size_plus_impact_wc|book_to_market_lf_minus_size,120,2021-09-07,2026-08-10,3919.575,0.11296453053088946,0.07282859089805327,24.76549282345801,24.240544918082577,3.665170391614086,21.100322431843928,1.0465374556550706,26.439633369775883,76.66666666666667,0.41884597437365473,0.7,0.033120317201911005,1,15,2026-01-09,2026-08-10,4609.8,0.07583933416260401,0.02705177210022753,11.53801439421046,22.851410700721168,3.455133297949041,8.08288109626142,-0.05107347091483072,20.210470235119505,50.0,0.11216984585970015,0.4666666666666667,0.003969880330790072,1
t10_size_plus_impact_wc+t10_nomcap_plus_impact+reversal_chip_turn_paper,3,t10_size_plus_impact_wc|t10_nomcap_plus_impact|reversal_chip_turn_paper,120,2021-09-07,2026-08-10,3915.3166666666666,0.11613889940494639,0.07070715317257452,22.089095012828295,33.98187651939387,5.138059729732354,16.951035283095944,0.9370210896781211,24.85823726342068,81.66666666666667,0.4326377283496939,0.6583333333333333,0.033078662494296494,1,15,2026-01-09,2026-08-10,4604.6,0.07307492214978405,0.022636779743588614,9.922553582674887,33.06625383024222,4.999617579132623,4.922936003542263,-0.19302502940668625,20.124085466602924,62.5,0.09053697513753012,0.4666666666666667,0.0030874584579309084,1
t10_size_plus_impact_wc+book_to_market_lf_plus_impact+t10_nomcap_plus_impact,3,t10_size_plus_impact_wc|book_to_market_lf_plus_impact|t10_nomcap_plus_impact,120,2021-09-07,2026-08-10,3919.575,0.11924119227850949,0.07361839999437615,23.41237606643405,26.430954110801142,3.9963602615531326,19.416015804880914,1.025760857669469,23.800902051168727,76.66666666666667,0.43884242573950377,0.7,0.03662966584730018,1,15,2026-01-09,2026-08-10,4609.8,0.08036309393164756,0.02734454548237614,10.799534263565992,24.917405971600274,3.7675117829059612,7.03202248066003,-0.10680161585530454,19.97035547469438,62.5,0.10849394886971098,0.4666666666666667,0.0040688243885482435,1
t10_size_plus_impact_wc+t10_size_plus_wc_mcap+reversal_chip_turn_paper,3,t10_size_plus_impact_wc|t10_size_plus_wc_mcap|reversal_chip_turn_paper,120,2021-09-07,2026-08-10,3915.3166666666666,0.11502622603840272,0.06966735174759181,22.247172677661275,33.017702410814,4.9922766045150775,17.2548960731462,0.9438467237383216,24.89390298279045,83.33333333333334,0.4321737278472904,0.65,0.03231235338969402,1,15,2026-01-09,2026-08-10,4604.6,0.07075368176179112,0.020587285978102863,9.36885335840505,31.715415629691883,4.795370843209413,4.573482515195637,-0.21428767162218967,19.990290804210453,62.5,0.08386807181983347,0.4666666666666667,0.0027691882696405847,1
t10_size_plus_impact_wc+book_to_market_lf_plus_impact+t10_size_plus_wc_mcap,3,t10_size_plus_impact_wc|book_to_market_lf_plus_impact|t10_size_plus_wc_mcap,120,2021-09-07,2026-08-10,3919.575,0.11720810932350599,0.07205536753451192,22.02769392123731,25.048052544135942,3.7872655446733545,18.24042837656396,0.9958065352258717,24.434908168656133,80.0,0.4369643572653579,0.675,0.03457064215586268,1,15,2026-01-09,2026-08-10,4609.8,0.07744929669635219,0.02517779533352463,10.010209813347226,23.417905735933466,3.5407873472731404,6.469422466074086,-0.13171140738917678,19.835414307791343,62.5,0.10219428309408632,0.4666666666666667,0.0036936084976116196,1
t10_size_plus_impact_wc+t10_size_plus_impact_dd120+reversal_chip_turn_size_eq,3,t10_size_plus_impact_wc|t10_size_plus_impact_dd120|reversal_chip_turn_size_eq,120,2021-09-07,2026-08-10,3919.575,0.11269371497574318,0.07171142829354711,23.993179219693882,32.717456929995514,4.9468794878153215,19.046299731878563,0.964214324673819,26.125814100457877,78.33333333333333,0.4295269701652729,0.675,0.03267336821638488,1,15,2026-01-09,2026-08-10,4609.8,0.06732951392379699,0.021919742266607638,9.611747857885177,31.890570383703775,4.821854242016011,4.789893615869167,-0.1835281692359793,20.345851493124822,50.0,0.09217789090903555,0.4666666666666667,0.0028962698750655365,1
t10_size_plus_impact_wc+t10_size_plus_impact_dd120+book_to_market_lf_minus_size,3,t10_size_plus_impact_wc|t10_size_plus_impact_dd120|book_to_market_lf_minus_size,120,2021-09-07,2026-08-10,3919.575,0.11486479619990493,0.07334089097002905,24.943755816744485,27.117034030899113,4.100095545471946,20.843660271272537,1.0306777273811396,25.85383960374218,78.33333333333333,0.4223191713178311,0.7083333333333334,0.03436097059418758,1,15,2026-01-09,2026-08-10,4609.8,0.07430845383352738,0.02419762707900166,13.346976917304032,26.538413106309626,4.012608061674015,9.334368855630016,-0.0031756172320297612,19.351201401784557,62.5,0.09780678088648222,0.4666666666666667,0.00339167297565091,1
t10_size_plus_impact_wc+reversal_turn_paper+reversal_turn_eq,3,t10_size_plus_impact_wc|reversal_turn_paper|reversal_turn_eq,120,2021-09-07,2026-08-10,3915.3166666666666,0.11479883940653844,0.06798101919979237,20.887009299360916,39.56572511915316,5.982337638015957,14.90467166134496,0.8909582823533888,24.876170802603493,78.33333333333333,0.4379171377148192,0.625,0.03142023697868407,1,15,2026-01-09,2026-08-10,4604.6,0.07921122115178414,0.02885996618848911,8.080424885082916,38.79045552150349,5.865116874851327,2.2153080102315883,-0.316918329684248,19.968489727133885,62.5,0.11913830813909572,0.4666666666666667,0.004403975741039147,1
t10_size_plus_impact_wc+reversal_turn_paper+paper_composite,3,t10_size_plus_impact_wc|reversal_turn_paper|paper_composite,120,2021-09-07,2026-08-10,3915.3166666666666,0.11371039927955054,0.06721972839947996,20.21655383942509,27.94824573384616,4.2257747549575395,15.99077908446755,0.9540338764716814,24.039367924791776,75.0,0.4123807823904952,0.6833333333333333,0.032042855337571716,1,15,2026-01-09,2026-08-10,4604.6,0.07730807689417446,0.02299989805335805,9.681693757908194,26.148803771071606,3.9536991301860267,5.727994627722167,-0.1756695974435764,19.96377872508166,62.5,0.0895455537558403,0.4666666666666667,0.003230544125801036,1
t10_size_plus_impact_wc+reversal_chip_turn_paper+reversal40,3,t10_size_plus_impact_wc|reversal_chip_turn_paper|reversal40,120,2021-09-07,2026-08-10,3915.3166666666666,0.11374785027533034,0.06861828251956023,22.03899278920605,43.99372403151873,6.6518510735656315,15.387141715640414,0.8706595200891312,25.41144539469591,71.66666666666667,0.422227539729112,0.6416666666666667,0.03081762977320471,1,15,2026-01-09,2026-08-10,4604.6,0.07894771777793312,0.02671590250835578,11.714680992917359,44.096278659245854,6.667357333277973,5.047323659639385,-0.17682627443515406,19.493126488840606,62.5,0.1069919241894333,0.4666666666666667,0.003941825176531852,1
t10_size_plus_impact_wc+reversal_chip_turn_size_eq+reversal_chip_turn_eq,3,t10_size_plus_impact_wc|reversal_chip_turn_size_eq|reversal_chip_turn_eq,120,2021-09-07,2026-08-10,3919.575,0.11167371483524562,0.06848746803717412,21.394985901490582,35.903535970648136,5.4286146387619985,15.966371262728584,0.891662234619898,25.904236562037998,75.0,0.4236271396739779,0.6333333333333333,0.029961743715200963,1,15,2026-01-09,2026-08-10,4609.8,0.06825750107504787,0.020815701273635592,6.749921611834708,34.64445790606379,5.238242035396845,1.5116795764378632,-0.32570880400633984,20.980221399681543,37.5,0.08607195010276554,0.4666666666666667,0.0027416929057797936,1
t10_size_plus_impact_wc+reversal_chip_turn_size_eq+impact_abs_return60,3,t10_size_plus_impact_wc|reversal_chip_turn_size_eq|impact_abs_return60,120,2021-09-07,2026-08-10,3919.575,0.11060635998877946,0.07284571805805475,26.05198475394652,26.76764072649102,4.047267277845442,22.004717476101078,1.0571167951884566,25.919640533219713,81.66666666666667,0.43337202943865155,0.7,0.033553591888011595,1,15,2026-01-09,2026-08-10,4609.8,0.06926591620668789,0.02721002773186317,11.098889966551518,25.627011403624728,3.8748041242280586,7.224085842323458,-0.07899978859866032,20.104617859956353,62.5,0.12180021532679845,0.4666666666666667,0.003937081637431863,1
t10_size_plus_impact_wc+impact60+reversal_chip_turn_eq,3,t10_size_plus_impact_wc|impact60|reversal_chip_turn_eq,120,2021-09-07,2026-08-10,3919.575,0.11536281153070028,0.07372386080812818,25.40750908897198,28.759119809443824,4.348378915187906,21.059130173784073,1.0438012684556799,24.935746180878382,80.0,0.4556954898072592,0.6916666666666667,0.036361133093333955,1,15,2026-01-09,2026-08-10,4609.8,0.07398790373915697,0.02888919661743241,10.71303250753034,27.85216735487776,4.211247704057517,6.501784803472822,-0.1156228166707019,19.765438591843655,62.5,0.1252762206205299,0.4666666666666667,0.004325498310969339,1
t10_size_plus_impact_wc+reversal_chip_eq+reversal_turn_eq,3,t10_size_plus_impact_wc|reversal_chip_eq|reversal_turn_eq,120,2021-09-07,2026-08-10,3919.575,0.10950017173931385,0.06590727389570514,20.132771494993328,42.149044662514505,6.372935552972193,13.759835942021137,0.82607673103111,26.953947180174442,70.0,0.41404275861227524,0.6,0.027202651905278045,1,15,2026-01-09,2026-08-10,4609.8,0.07226886773181482,0.023760683173597037,6.223326038058508,41.33317229462636,6.249575650947506,-0.026249612888998297,-0.3925449930598895,20.8851287876894,37.5,0.09796827725594537,0.4666666666666667,0.0033040263530977163,1
t10_size_plus_impact_wc+book_to_market_lf_div_oper_main_profit_ttm+reversal_turn_eq,3,t10_size_plus_impact_wc|book_to_market_lf_div_oper_main_profit_ttm|reversal_turn_eq,120,2021-09-07,2026-08-10,3831.15,0.11072836040950178,0.06550616258944354,20.936623806964615,28.303779063962004,4.2795313944710545,16.65709241249356,0.9191317629118819,26.890135173921436,81.66666666666667,0.45036470669912443,0.6666666666666666,0.03324543037273347,1,15,2026-01-09,2026-08-10,4511.133333333333,0.0735625933932058,0.028408677634941752,9.822566940777511,26.00051452112364,3.9312777955938945,5.891289145183616,-0.13804724945644456,19.740146404719304,62.5,0.13269502791109639,0.4666666666666667,0.004555315512311236,1
size_only+t10_size_plus_impact_wc+reversal_turn_paper_nomcap,3,size_only|t10_size_plus_impact_wc|reversal_turn_paper_nomcap,120,2021-09-07,2026-08-10,3915.3166666666666,0.11537135316048058,0.07272438086010459,23.84801983537612,30.04292268868956,4.542489910529861,19.305529924846258,1.0009139836904952,26.09625277254658,81.66666666666667,0.43741181610165736,0.7,0.035325355178422044,1,15,2026-01-09,2026-08-10,4604.6,0.07415762816783437,0.02641670620846546,11.809538345982439,28.82615904690366,4.358515247891833,7.451023098090606,-0.07390168710560385,20.254736030406463,62.5,0.11091545600439633,0.4666666666666667,0.003838439334071914,1
size_only+t10_size_plus_impact_wc+reversal_chip_eq,3,size_only|t10_size_plus_impact_wc|reversal_chip_eq,120,2021-09-07,2026-08-10,3919.575,0.10965237464055275,0.07188234443779239,25.86867340038246,32.414233485379434,4.901032102989371,20.967641297393087,0.9929792609080819,27.7334441706233,81.66666666666667,0.4128823949368802,0.7083333333333334,0.032068753995242776,1,15,2026-01-09,2026-08-10,4609.8,0.06606732624440034,0.021771044657308888,12.41273784036827,32.24354899905586,4.875224608657246,7.537513231711025,-0.0638557588897081,20.00675655540268,75.0,0.0932317202414174,0.4666666666666667,0.0028744662228409805,1
t10_size_plus_impact_wc+book_to_market_lf_div_oper_main_profit_ttm+reversal40,3,t10_size_plus_impact_wc|book_to_market_lf_div_oper_main_profit_ttm|reversal40,120,2021-09-07,2026-08-10,3831.15,0.10922420181716154,0.06534970485754037,22.24304440039855,32.8312883568061,4.964090799549082,17.278953600849466,0.9134446061245678,28.55096025006212,85.0,0.43611221314735216,0.675,0.03215295565902137,1,15,2026-01-09,2026-08-10,4511.133333333333,0.07694627517758251,0.0292182732567991,11.97050467463524,31.668223824908164,4.788235442326115,7.182269232309127,-0.07930099370669308,19.93319003479931,62.5,0.1344207953913396,0.4666666666666667,0.004826817105493382,1
t10_size_plus_impact_wc+book_to_market_lf_plus_impact+impact_abs_return60,3,t10_size_plus_impact_wc|book_to_market_lf_plus_impact|impact_abs_return60,120,2021-09-07,2026-08-10,3919.575,0.09812835810776749,0.06640339414341438,25.273078935262294,16.927222289113235,2.5593960101139213,22.713682925148373,1.1205418598951726,25.445803492760966,76.66666666666667,0.40254693173632716,0.7083333333333334,0.027980065876428786,1,15,2026-01-09,2026-08-10,4609.8,0.07201733868547366,0.030860487313753217,12.442505587793928,15.308958944307587,2.3147145923793073,10.127790995414621,0.020653581552674913,19.03142019225169,62.5,0.14227737934007975,0.5333333333333333,0.005464767048115273,1
t10_size_plus_impact_wc+impact_abs_return60+paper_composite,3,t10_size_plus_impact_wc|impact_abs_return60|paper_composite,120,2021-09-07,2026-08-10,3915.3166666666666,0.09770611656205963,0.06498957035618043,24.21501379566937,17.31192060354008,2.6175623952552605,21.597451400414112,1.0900037912560543,26.29074730654447,78.33333333333333,0.3868469764024211,0.7,0.026458121037638702,1,15,2026-01-09,2026-08-10,4604.6,0.06815490767435764,0.025716881714242284,10.992280153714361,15.192753973333598,2.29714440076804,8.695135752946323,-0.035103679947167676,19.445298007310484,62.5,0.11477805772953636,0.5333333333333333,0.004172100228052609,1
t10_size_plus_impact_aggregate+t10_size_plus_impact_g13+t10_size_plus_impact,3,t10_size_plus_impact_aggregate|t10_size_plus_impact_g13|t10_size_plus_impact,120,2021-09-07,2026-08-10,3923.15,0.11253026898268963,0.07388265938861634,25.901231740986397,28.320799816027982,4.28210493218343,21.619126808802967,1.0420232134408067,26.17401974418061,80.0,0.4381102948447863,0.7083333333333334,0.03492130743710323,1,15,2026-01-09,2026-08-10,4613.8,0.07142819887448464,0.02834699003028204,11.464083589131235,27.19453257536633,4.1118133253953895,7.352270263735846,-0.07615323505184762,20.53212521028851,62.5,0.12348896286626211,0.4666666666666667,0.0041162772925937684,1
t10_size_plus_impact_aggregate+t10_size_plus_impact+reversal_turn_eq,3,t10_size_plus_impact_aggregate|t10_size_plus_impact|reversal_turn_eq,120,2021-09-07,2026-08-10,3923.15,0.1149188606055816,0.07233849317964444,23.466780339958948,35.199702321805496,5.322194991056992,18.144585348901956,0.958467105811185,26.102070487754713,78.33333333333333,0.4499949618253433,0.6833333333333333,0.035337153999000774,1,15,2026-01-09,2026-08-10,4613.8,0.07556416182761234,0.02980446542614512,10.41306727469571,34.33906759640984,5.192067020577167,5.221000254118541,-0.1710818776060828,19.982389641205124,62.5,0.12696760667670687,0.4666666666666667,0.004477293696298878,1
t10_size_plus_impact_aggregate+t10_size_plus_impact+paper_composite,3,t10_size_plus_impact_aggregate|t10_size_plus_impact|paper_composite,120,2021-09-07,2026-08-10,3915.3166666666666,0.11210057174970499,0.07135186870550105,24.731901576794414,25.461706872626387,3.84981007914111,20.882091497653306,1.0525995136316453,25.418670999039815,76.66666666666667,0.4114016788756714,0.6833333333333333,0.03151421500418006,1,15,2026-01-09,2026-08-10,4604.6,0.07421449677075526,0.02471761486529136,12.369494101959756,24.16771113110444,3.654157923022991,8.715336178936765,-0.03361273072448208,20.007509222245233,50.0,0.0993385460143624,0.5333333333333333,0.003931925441277024,1
t10_size_plus_impact+t10_size_plus_impact_fscore+reversal_turn_paper,3,t10_size_plus_impact|t10_size_plus_impact_fscore|reversal_turn_paper,120,2021-09-07,2026-08-10,3829.358333333333,0.11961592282950745,0.07252220297058765,24.462276515865945,34.69097180211929,5.2452749364804365,19.217001579385506,1.005148843252556,24.61984177209381,78.33333333333333,0.43758257275612844,0.675,0.035330744196675715,1,15,2026-01-09,2026-08-10,4510.666666666667,0.08086580091170203,0.028486069478096298,13.12698340280799,33.4646461269805,5.05985449439945,8.06712890840854,-0.06337803032828798,19.60087715648664,62.5,0.11247534572483905,0.4666666666666667,0.004244524160267856,1
t10_size_plus_impact+t10_size_plus_impact_fscore+impact60,3,t10_size_plus_impact|t10_size_plus_impact_fscore|impact60,120,2021-09-07,2026-08-10,3833.0833333333335,0.11308045046499622,0.07365704558895295,27.636160750891925,26.33269423928086,3.981503368979266,23.654657381912656,1.1113669228883436,25.623682088274393,81.66666666666667,0.4473927385438909,0.7083333333333334,0.03583555545659562,1,15,2026-01-09,2026-08-10,4513.866666666667,0.07835797520676643,0.033300957137777164,13.942857165365218,24.699234297575163,3.734524225793365,10.208332939571854,0.03436769879041355,19.593006656345345,75.0,0.14716335924587717,0.5333333333333333,0.006150092189404216,1
t10_size_plus_impact_downside+t10_size_plus_impact+t10_nomcap_plus_impact,3,t10_size_plus_impact_downside|t10_size_plus_impact|t10_nomcap_plus_impact,120,2021-09-07,2026-08-10,3923.15,0.1148214487213146,0.0733343174959901,24.338856571434285,31.14014460103322,4.708389863676223,19.630466707758064,0.9935334080542598,25.446385269479734,80.0,0.44263306754930154,0.7,0.03557663904757921,1,15,2026-01-09,2026-08-10,4613.8,0.07264023695111914,0.027042927620299563,10.412997126124313,29.955787777113517,4.529315111899564,5.883682014224749,-0.14289683027873004,20.35079280631592,62.5,0.11403172151373712,0.4666666666666667,0.003865535926327551,1
t10_size_plus_impact_downside+t10_size_plus_impact+reversal_turn_paper_nomcap,3,t10_size_plus_impact_downside|t10_size_plus_impact|reversal_turn_paper_nomcap,120,2021-09-07,2026-08-10,3915.3166666666666,0.11828853406508684,0.07239963511572872,23.32912372777638,34.116594161073586,5.158429037154327,18.170694690622053,0.9827280043332388,24.067703557599728,76.66666666666667,0.4416281019230925,0.675,0.03526169002543983,1,15,2026-01-09,2026-08-10,4604.6,0.0787212102096632,0.027519213479364604,11.60505744877095,33.3784539995966,5.0468222447390065,6.558235204031942,-0.12967365248170262,19.66113220163759,62.5,0.10898274419314459,0.4666666666666667,0.004003651640265428,1
size_only+t10_size_plus_impact_downside+t10_size_plus_impact,3,size_only|t10_size_plus_impact_downside|t10_size_plus_impact,120,2021-09-07,2026-08-10,3923.15,0.10258729947422246,0.07113650642016345,27.182024850821108,25.04787070365663,3.7872380503928826,23.394786800428225,1.0668180609143427,28.311875248391726,76.66666666666667,0.40840644608681337,0.7083333333333334,0.029677264360936827,1,15,2026-01-09,2026-08-10,4613.8,0.06528002654842581,0.027997759052764595,12.157051274639773,23.32619982709974,3.5269214138574805,8.630129860782294,-0.015816666789366763,20.762275375874907,62.5,0.13063064995729962,0.5333333333333333,0.004548038558533673,1
t10_size_plus_impact_g13+t10_size_plus_impact+reversal_chip_turn_eq,3,t10_size_plus_impact_g13|t10_size_plus_impact|reversal_chip_turn_eq,120,2021-09-07,2026-08-10,3923.15,0.11394992694511033,0.07184699505405039,23.707115971483784,33.19802912236174,5.019542003301095,18.68757396818269,0.9656673099396061,25.865986095718284,75.0,0.43473212064947325,0.6833333333333333,0.03385075714894525,1,15,2026-01-09,2026-08-10,4613.8,0.07064779034612295,0.024393936448879515,9.933345440291873,31.914163465618085,4.825421516001454,5.10792392429042,-0.1761389765243079,20.421585937738584,50.0,0.10138507164766919,0.4666666666666667,0.0033425612667958874,1
t10_size_plus_impact_g13+t10_size_plus_impact+impact_abs_return60,3,t10_size_plus_impact_g13|t10_size_plus_impact|impact_abs_return60,120,2021-09-07,2026-08-10,3923.15,0.10329638007106762,0.07104112500042592,27.718658898438477,24.111881523239408,3.6457164863137983,24.072942412124675,1.111923562337397,25.663901840810112,78.33333333333333,0.42267235680753606,0.6916666666666667,0.030198529386574895,1,15,2026-01-09,2026-08-10,4613.8,0.06832461067602372,0.030440102470459498,13.263687666695,22.689293176860165,3.4306211283412567,9.833066538353744,0.02151158889840901,19.68074633546253,75.0,0.14274301985513732,0.5333333333333333,0.005201526004438496,1
t10_size_plus_impact+reversal_chip_turn_size_eq+t10_nomcap_plus_impact,3,t10_size_plus_impact|reversal_chip_turn_size_eq|t10_nomcap_plus_impact,120,2021-09-07,2026-08-10,3923.15,0.11334459385536064,0.07117434560901523,23.419257832558294,34.047987720243036,5.148055743300747,18.271202089257546,0.953699517154366,25.83409294752389,73.33333333333333,0.43209623465513103,0.6833333333333333,0.03346677768600123,1,15,2026-01-09,2026-08-10,4613.8,0.07023391564579301,0.023775816705939742,9.206352183787903,32.77841000946199,4.956095593430653,4.250256590357249,-0.20774430187905263,20.74115336230148,50.0,0.09884876093262539,0.4666666666666667,0.0032398499172821464,1
t10_size_plus_impact+book_to_market_lf_minus_size+t10_nomcap_plus_impact,3,t10_size_plus_impact|book_to_market_lf_minus_size|t10_nomcap_plus_impact,120,2021-09-07,2026-08-10,3919.575,0.11843182518628505,0.07426239092135918,25.06558672385775,28.820810929603947,4.357706612556116,20.70788011130163,1.0358934672153506,25.448230334210376,76.66666666666667,0.42749764804846335,0.6833333333333333,0.034596706592836146,1,15,2026-01-09,2026-08-10,4609.8,0.0784557676371651,0.026081549894651262,12.056561875546034,27.707471930475787,4.189369755887939,7.867192119658095,-0.06316692230257362,20.413110647966104,62.5,0.10284646890107801,0.4666666666666667,0.0037654860443227544,1
t10_size_plus_impact+reversal_chip_turn_size_eq+t10_size_plus_wc_mcap,3,t10_size_plus_impact|reversal_chip_turn_size_eq|t10_size_plus_wc_mcap,120,2021-09-07,2026-08-10,3919.575,0.11331868196034624,0.07090940783952995,23.171970793612928,33.6201636405274,5.0833687424477425,18.088602051165186,0.9460830158112784,26.193840335830544,78.33333333333333,0.4302172967949742,0.6666666666666666,0.032501104686233045,1,15,2026-01-09,2026-08-10,4609.8,0.06850740540243004,0.02182817815247191,8.431749906323848,32.09259636884356,4.852400570969145,3.5793493353547037,-0.2377860593052357,20.69790811307528,37.5,0.09157016717977727,0.4666666666666667,0.0029275094640182045,1
t10_size_plus_impact+book_to_market_lf_minus_size+t10_size_plus_wc_mcap,3,t10_size_plus_impact|book_to_market_lf_minus_size|t10_size_plus_wc_mcap,120,2021-09-07,2026-08-10,3919.575,0.11663335691583446,0.072891462729931,24.068865443473577,27.805798640675256,4.204236754470099,19.864628689003478,1.0136486772525704,25.918544171388735,78.33333333333333,0.42399550073736253,0.7083333333333334,0.035028513152481205,1,15,2026-01-09,2026-08-10,4609.8,0.07572134362883887,0.024025807907459392,11.816462636025882,27.161900613974737,4.106879372832981,7.7095832631929015,-0.07073629896595622,20.091523997315306,62.5,0.096512135678753,0.4666666666666667,0.003410413342039189,1
t10_size_plus_impact+t10_size_plus_impact_dd120+reversal_chip_turn_eq,3,t10_size_plus_impact|t10_size_plus_impact_dd120|reversal_chip_turn_eq,120,2021-09-07,2026-08-10,3923.15,0.11061460004128207,0.06957390019466943,22.80986241046101,35.090267859379125,5.305648500338124,17.50421391012289,0.9271438830970631,25.44740186373563,73.33333333333333,0.4226071146169504,0.6333333333333333,0.029606127406704336,1,15,2026-01-09,2026-08-10,4613.8,0.06705237996171066,0.021478364422032475,8.516085284677965,33.93640748505706,5.131184811740627,3.384900472937338,-0.24854457697062196,20.48291809417978,37.5,0.08897737459234362,0.4666666666666667,0.0027842008736085997,1
t10_size_plus_impact+t10_size_plus_impact_dd120+impact_abs_return60,3,t10_size_plus_impact|t10_size_plus_impact_dd120|impact_abs_return60,120,2021-09-07,2026-08-10,3923.15,0.1064633846281682,0.07224670164456386,26.579611964806116,26.480874786650027,4.003908267741484,22.575703697064633,1.064503100860715,25.910305562631088,80.0,0.4252290626213762,0.6833333333333333,0.03093540558677225,1,15,2026-01-09,2026-08-10,4613.8,0.06719365929427906,0.02786654756491042,13.392646507469507,25.474766827006796,3.8517847442434276,9.54086176322608,0.009809896654430396,19.610646002488398,75.0,0.12595572606698507,0.4666666666666667,0.003949598866970652,1
t10_size_plus_impact+reversal_turn_paper+reversal_turn_paper_nomcap,3,t10_size_plus_impact|reversal_turn_paper|reversal_turn_paper_nomcap,120,2021-09-07,2026-08-10,3915.3166666666666,0.11532386311017812,0.06675228770596625,19.182631844326934,37.53315846758639,5.675013560299061,13.507618284027876,0.8770213178480551,23.87647043760022,73.33333333333333,0.4205483193075738,0.65,0.031524516924577375,1,15,2026-01-09,2026-08-10,4604.6,0.08064231010235631,0.02656842290311534,11.613096785154909,36.78939122940287,5.562555953885714,6.050540831269195,-0.1687298078660534,19.149980889106534,62.5,0.10276633784907943,0.4666666666666667,0.003867413612957524,1
size_only+t10_size_plus_impact+reversal_turn_paper,3,size_only|t10_size_plus_impact|reversal_turn_paper,120,2021-09-07,2026-08-10,3915.3166666666666,0.11146472246154986,0.07294695419413987,25.893626504706525,29.900904422696904,4.521016748711772,21.372609755994752,1.0363633355291861,26.94133960229378,80.0,0.426227126993407,0.6916666666666667,0.03286059115433351,1,15,2026-01-09,2026-08-10,4604.6,0.07195530608147617,0.02809122329330978,11.757306656676247,28.24562664858938,4.270738749266713,7.486567907409533,-0.06934778776349872,20.785622617073617,50.0,0.12198440812573486,0.4666666666666667,0.004096131864465648,1
t10_size_plus_impact+impact60+reversal_chip_turn_paper,3,t10_size_plus_impact|impact60|reversal_chip_turn_paper,120,2021-09-07,2026-08-10,3915.3166666666666,0.11551802109503716,0.07428938436995863,26.03114461486038,28.142325705427435,4.255119646660628,21.776024968199753,1.064985580074829,24.94681400879576,76.66666666666667,0.4451830570145916,0.6916666666666667,0.035570110491860596,1,15,2026-01-09,2026-08-10,4604.6,0.07538865139285891,0.029089125715912757,12.13748085574501,26.94383911660842,4.073908474431193,8.063572381313817,-0.05192635182546359,20.020802176633246,62.5,0.12304297775636171,0.5333333333333333,0.004947223550087278,1
t10_size_plus_impact+reversal_chip_turn_size_eq+reversal_turn_eq,3,t10_size_plus_impact|reversal_chip_turn_size_eq|reversal_turn_eq,120,2021-09-07,2026-08-10,3923.15,0.11151510227271957,0.06877314748044656,22.287281659169047,38.41410195872515,5.808212216159243,16.479069443009802,0.9087035364392346,25.49471565040947,75.0,0.4327101621019092,0.6333333333333333,0.030560688054785,1,15,2026-01-09,2026-08-10,4613.8,0.07246981022266005,0.026159848854289788,6.670798547527923,37.097652242885296,5.609165019124256,1.0616335284036666,-0.3499826116159774,20.898407952130306,37.5,0.1107565206217644,0.4666666666666667,0.003745701880844654,1
t10_size_plus_impact+reversal_chip_turn_size_eq+paper_composite,3,t10_size_plus_impact|reversal_chip_turn_size_eq|paper_composite,120,2021-09-07,2026-08-10,3915.3166666666666,0.11477945955173775,0.07090161239708372,24.114459946070156,29.28639231378259,4.428102517843928,19.686357428226227,1.0156108956532182,24.894335350489815,75.0,0.41081805440938235,0.6833333333333333,0.03222154074379029,1,15,2026-01-09,2026-08-10,4604.6,0.07345854145138156,0.02119596996418602,11.266720662757745,27.815112336221404,4.205644985236677,7.06107567752107,-0.10459050206681622,20.518088980694394,50.0,0.08236148977711641,0.4666666666666667,0.0028234056250352607,1
t10_size_plus_impact+book_to_market_lf_plus_impact+reversal_chip_turn_eq,3,t10_size_plus_impact|book_to_market_lf_plus_impact|reversal_chip_turn_eq,120,2021-09-07,2026-08-10,3919.575,0.1199348259947121,0.07316549021995904,23.241028675324227,30.156621114514433,4.559681112514583,18.681347562809645,0.9988485563095217,23.69529546206487,76.66666666666667,0.42941034396033306,0.7083333333333334,0.03648005554227518,1,15,2026-01-09,2026-08-10,4609.8,0.08019899779970746,0.025501766213692656,11.08698086085662,29.08842723466309,4.3981701978810595,6.688810662975561,-0.1258613731430456,19.97877394537878,62.5,0.09743268416387295,0.4666666666666667,0.0036465350240097514,1
t10_size_plus_impact+reversal_turn_eq+reversal40,3,t10_size_plus_impact|reversal_turn_eq|reversal40,120,2021-09-07,2026-08-10,3923.15,0.10787261151731223,0.06552919575168023,19.868950022619458,47.754944310138484,7.220547579692939,12.648402442926521,0.7916078394780794,26.845447534442012,71.66666666666667,0.41770771706535226,0.6083333333333333,0.027411026893554253,1,15,2026-01-09,2026-08-10,4613.8,0.07844871400587759,0.03132856329998585,6.568223031734943,47.2615798289117,7.14595087013145,-0.5777278383965065,-0.4126752816062985,21.139608273972343,50.0,0.13369066968799595,0.4666666666666667,0.004894335185416993,1
t10_size_plus_impact+reversal_chip_eq+reversal_turn_paper_nomcap,3,t10_size_plus_impact|reversal_chip_eq|reversal_turn_paper_nomcap,120,2021-09-07,2026-08-10,3915.3166666666666,0.11194444646564869,0.06605811311878439,20.05047848981425,41.53103140250456,6.2794919480586895,13.770986541755558,0.8460498536703654,25.342331243492733,71.66666666666667,0.4058566541899218,0.625,0.02839587406105687,1,15,2026-01-09,2026-08-10,4604.6,0.0754595283775736,0.022213388855616422,9.938957355280376,41.447071394980014,6.266797194920978,3.672160160359397,-0.24916626599431918,20.222228038200395,62.5,0.08511797379158333,0.4666666666666667,0.002997382340758189,1
t10_size_plus_impact+book_to_market_lf_div_oper_main_profit_ttm+reversal_turn_paper_nomcap,3,t10_size_plus_impact|book_to_market_lf_div_oper_main_profit_ttm|reversal_turn_paper_nomcap,120,2021-09-07,2026-08-10,3827.425,0.11386370566979936,0.06545741906255693,20.85743834273579,27.811883624702833,4.2051568040550675,16.65228153868072,0.9297950867515676,26.964978690405374,78.33333333333333,0.43190638994582525,0.6833333333333333,0.033605282408826306,1,15,2026-01-09,2026-08-10,4507.933333333333,0.07660011672001961,0.026109318609648418,9.547528227612567,26.36889134861406,3.986976371910446,5.560551855702121,-0.15880833746294143,19.758539091932004,62.5,0.11086062870438686,0.4666666666666667,0.003962903979258368,1
t10_size_plus_impact+book_to_market_lf_div_oper_main_profit_ttm+reversal_chip_eq,3,t10_size_plus_impact|book_to_market_lf_div_oper_main_profit_ttm|reversal_chip_eq,120,2021-09-07,2026-08-10,3831.15,0.10856272134215453,0.06541756341747121,22.688258396456362,29.160047359861736,4.408999160811094,18.279259235645267,0.9340324983656829,27.971833470879616,80.0,0.4136273661567458,0.675,0.030310545931805776,1,15,2026-01-09,2026-08-10,4511.133333333333,0.06805051101149026,0.021119162186716958,10.456033971792989,28.569144408744563,4.319654634602178,6.136379337190811,-0.12410928915548497,19.661260575831218,62.5,0.09219567848624247,0.4666666666666667,0.002927849415885268,1
t10_size_plus_impact+impact60+book_to_market_lf_plus_impact,3,t10_size_plus_impact|impact60|book_to_market_lf_plus_impact,120,2021-09-07,2026-08-10,3919.575,0.10200462399220468,0.06877563404510231,26.00871843347874,18.13680256851536,2.7422845483595224,23.266433885119216,1.1332816415209106,25.00524181759738,75.0,0.4151730520617733,0.7,0.02964469974708004,1,15,2026-01-09,2026-08-10,4609.8,0.07601632038523495,0.03386781409069651,13.090030038606814,16.434935802258284,2.4849622933014524,10.605067745305362,0.04385031508941043,19.234464507939386,62.5,0.15311152516490834,0.5333333333333333,0.006207453200857405,1
t10_size_plus_impact+book_to_market_lf_plus_impact+paper_composite,3,t10_size_plus_impact|book_to_market_lf_plus_impact|paper_composite,120,2021-09-07,2026-08-10,3915.3166666666666,0.10288600874862992,0.06367955357518967,22.8466158588005,18.35027577180061,2.774561696696253,20.072054162104248,1.0728485289507068,24.244536421337713,75.0,0.3661372066231219,0.6583333333333333,0.02479967726385175,1,15,2026-01-09,2026-08-10,4604.6,0.07610327622396226,0.023963865072589186,10.645858431348953,16.654650100425084,2.5181830951842725,8.12767533616468,-0.07390930246336126,19.77350131002884,50.0,0.09413551167240714,0.4666666666666667,0.0033432097287349714,1
size_only+t10_size_plus_impact+impact_abs_return60,3,size_only|t10_size_plus_impact|impact_abs_return60,120,2021-09-07,2026-08-10,3923.15,0.08678311943880018,0.06466368171959508,29.749942943851714,18.61852207582629,2.815120537864935,26.93482240598678,1.1591389490328627,29.34012052844751,76.66666666666667,0.37242852505590784,0.6833333333333333,0.022085681267767745,1,15,2026-01-09,2026-08-10,4613.8,0.05999192786341247,0.030207998556680677,14.043244285369616,17.228262200556255,2.6049132447241057,11.438331040645512,0.09201400878746574,20.46314174726821,62.5,0.15728841385182685,0.5333333333333333,0.005032552094692994,1
t10_size_plus_impact_aggregate+t10_size_plus_impact_fscore+t10_size_plus_wc_mcap,3,t10_size_plus_impact_aggregate|t10_size_plus_impact_fscore|t10_size_plus_wc_mcap,120,2021-09-07,2026-08-10,3833.0833333333335,0.11736677213648096,0.07314902800550112,24.333864442646956,30.986051362031898,4.685090965939223,19.648773476707735,0.9997394502594503,25.591902663253407,80.0,0.4414693932494338,0.6916666666666667,0.03583790439722628,1,15,2026-01-09,2026-08-10,4513.866666666667,0.07512821377180842,0.02639419754282184,11.400185158392206,30.03837462757863,4.541802243689888,6.858382914702318,-0.10415902563576529,19.805968752501933,62.5,0.109325095308503,0.4666666666666667,0.0038329195944482534,1
t10_size_plus_impact_aggregate+t10_size_plus_impact_fscore+reversal_chip_eq,3,t10_size_plus_impact_aggregate|t10_size_plus_impact_fscore|reversal_chip_eq,120,2021-09-07,2026-08-10,3833.0833333333335,0.11626970223665625,0.07214380735776753,23.754838386303902,35.6807891741886,5.394935323137315,18.359903063166584,0.9471665835036315,25.589874573349014,76.66666666666667,0.42655597039831533,0.6666666666666666,0.033063690443653385,1,15,2026-01-09,2026-08-10,4513.866666666667,0.07582004144683742,0.024867523807545276,12.134085188880706,35.571212042994546,5.378367260900775,6.755717927979932,-0.10375312988028534,20.138293955424245,62.5,0.09796892233506505,0.4666666666666667,0.003466403617575093,1
t10_size_plus_impact_aggregate+t10_size_plus_impact_fscore+book_to_market_lf_div_oper_main_profit_ttm,3,t10_size_plus_impact_aggregate|t10_size_plus_impact_fscore|book_to_market_lf_div_oper_main_profit_ttm,120,2021-09-07,2026-08-10,3829.9416666666666,0.11019577878784727,0.06893375629134865,23.925523029097807,22.893363209846378,3.4614765173287725,20.464046511769034,1.0126714688042944,27.813470745030077,78.33333333333333,0.4298964360677797,0.7083333333333334,0.03355571390418136,1,15,2026-01-09,2026-08-10,4509.066666666667,0.07317657394412629,0.029622315994601193,12.889735272768899,21.326417613426408,3.2245543431500727,9.665180929618826,0.01735251398216921,20.131170004385602,62.5,0.13712142820718579,0.5333333333333333,0.005351507376281245,1
t10_size_plus_impact_aggregate+t10_size_plus_impact_downside+reversal_chip_turn_eq,3,t10_size_plus_impact_aggregate|t10_size_plus_impact_downside|reversal_chip_turn_eq,120,2021-09-07,2026-08-10,3923.15,0.11468708072661513,0.07279771329384241,24.08300584778371,31.917788059442113,4.8259695545876475,19.257036293196066,0.9845100490741373,25.322740044419735,80.0,0.44041091678836247,0.6916666666666667,0.03493569763689107,1,15,2026-01-09,2026-08-10,4613.8,0.07213868252040911,0.026095614316926308,9.886666248225328,30.79185985284756,4.65572920975055,5.230937038474778,-0.1725343447845318,20.365100667510504,62.5,0.10889950263876105,0.4666666666666667,0.0036660711021610846,1
t10_size_plus_impact_aggregate+t10_size_plus_impact_downside+impact_abs_return60,3,t10_size_plus_impact_aggregate|t10_size_plus_impact_downside|impact_abs_return60,120,2021-09-07,2026-08-10,3923.15,0.10113200341600202,0.07031711991985468,28.118870908070637,22.672114321338157,3.428023685386329,24.690847222684308,1.130635197253435,25.52891069108596,78.33333333333333,0.423159600443776,0.6916666666666667,0.029599859892335854,1,15,2026-01-09,2026-08-10,4613.8,0.06861186159984019,0.031888817806504724,13.366822589741057,21.461481805050354,3.244976048923613,10.121846540817444,0.034105913406377655,19.701245992000583,75.0,0.15238679582757242,0.5333333333333333,0.0055762889306477355,1
t10_size_plus_impact_aggregate+t10_size_plus_impact_g13+reversal_chip_turn_paper,3,t10_size_plus_impact_aggregate|t10_size_plus_impact_g13|reversal_chip_turn_paper,120,2021-09-07,2026-08-10,3915.3166666666666,0.11662104941617098,0.07386430049308007,24.45682918292682,30.534167828988885,4.616766175743119,19.8400630071837,1.0073993161859456,25.376928770228922,76.66666666666667,0.4371162740161103,0.6916666666666667,0.03525906302657969,1,15,2026-01-09,2026-08-10,4604.6,0.07367461230779465,0.025729670182814503,11.301776070723912,29.63442870730218,4.4807256205440895,6.821050450179822,-0.10514874930932815,20.27106984983914,62.5,0.10515545187607514,0.4666666666666667,0.003615400669543037,1
t10_size_plus_impact_aggregate+t10_size_plus_impact_g13+book_to_market_lf_plus_impact,3,t10_size_plus_impact_aggregate|t10_size_plus_impact_g13|book_to_market_lf_plus_impact,120,2021-09-07,2026-08-10,3919.575,0.11022729520780943,0.0722162283619203,25.590630095544988,22.922176568514054,3.465833097159325,22.12479699838566,1.0865295737836598,25.080785101685233,80.0,0.4202679540405621,0.7,0.032427499885487786,1,15,2026-01-09,2026-08-10,4609.8,0.07766516565851746,0.030556908578486777,11.56270499451143,21.567551787732917,3.261013830305217,8.301691164206213,-0.04745364029212041,20.24151360450519,62.5,0.12804237849934885,0.5333333333333333,0.005303697353313345,1
t10_size_plus_impact_aggregate+t10_nomcap_plus_impact+reversal_turn_paper,3,t10_size_plus_impact_aggregate|t10_nomcap_plus_impact|reversal_turn_paper,120,2021-09-07,2026-08-10,3915.3166666666666,0.11801305078120236,0.07265872628748023,23.301924926876193,34.29904060571731,5.186014939584457,18.115909987291737,0.9757311092198547,24.444324378703243,78.33333333333333,0.4440854699435076,0.675,0.03537531975305517,1,15,2026-01-09,2026-08-10,4604.6,0.07817832579946501,0.028222360974610446,11.56896706197863,33.350256115508344,5.042558724664861,6.526408337313769,-0.12735280008042593,19.629833178278766,62.5,0.11398818925708296,0.4666666666666667,0.004158656038614612,1
t10_size_plus_impact_aggregate+impact60+t10_nomcap_plus_impact,3,t10_size_plus_impact_aggregate|impact60|t10_nomcap_plus_impact,120,2021-09-07,2026-08-10,3923.15,0.10955091154336284,0.07290702793239325,26.884796872816352,25.742231324741372,3.892225376300895,22.992571496515456,1.0983727687850475,24.733439081173103,80.0,0.4521975005563023,0.6916666666666667,0.03426423179863816,1,15,2026-01-09,2026-08-10,4613.8,0.07353993355344883,0.03261660545011989,11.473918442995068,24.382762783153034,3.6866737328127384,7.78724471018233,-0.05906191826651077,19.699391918524867,75.0,0.14892967938909965,0.5333333333333333,0.0058412153207524405,1
t10_size_plus_impact_aggregate+t10_size_plus_wc_mcap+reversal_turn_paper,3,t10_size_plus_impact_aggregate|t10_size_plus_wc_mcap|reversal_turn_paper,120,2021-09-07,2026-08-10,3915.3166666666666,0.11819510899303627,0.07248240645642602,22.70940068576732,33.69693435901149,5.094976475082538,17.614424210684785,0.9585674113131581,25.253199877563205,75.0,0.4443597391293212,0.6833333333333333,0.035889450995646645,1,15,2026-01-09,2026-08-10,4604.6,0.07650614961716103,0.026350336719767505,10.820572066302192,32.7307897962302,4.9488954171900055,5.871676649112186,-0.15181580115530938,19.857194339737262,62.5,0.1076049224898074,0.4666666666666667,0.003841804539789169,1
t10_size_plus_impact_aggregate+impact60+t10_size_plus_wc_mcap,3,t10_size_plus_impact_aggregate|impact60|t10_size_plus_wc_mcap,120,2021-09-07,2026-08-10,3919.575,0.11011705475875176,0.07310831147276715,26.19933270260455,25.070266494476286,3.7906242939648145,22.408708408639736,1.0762111167766455,25.809078922941865,81.66666666666667,0.4475130856346073,0.7,0.03449517606925881,1,15,2026-01-09,2026-08-10,4609.8,0.07197923286005134,0.030733624980294912,11.389674642874237,23.534407079964765,3.5584023504906725,7.831272292383565,-0.05458758494599296,19.714316128222244,75.0,0.14125958275375275,0.5333333333333333,0.005422803413731233,1
t10_size_plus_impact_aggregate+t10_size_plus_impact_dd120+reversal_chip_turn_paper,3,t10_size_plus_impact_aggregate|t10_size_plus_impact_dd120|reversal_chip_turn_paper,120,2021-09-07,2026-08-10,3915.3166666666666,0.11498225159604061,0.07261609379230789,24.464254673830375,32.80779640215783,4.960538816006264,19.503715857824112,0.9882546564475524,25.044045816589044,78.33333333333333,0.4307050458597551,0.675,0.03342831926404314,1,15,2026-01-09,2026-08-10,4604.6,0.07079503861382551,0.022965700480711653,11.45502471493659,32.040778102384664,4.844565649080561,6.610459065856028,-0.11669801883643671,20.03003459304442,62.5,0.09280967297431109,0.4666666666666667,0.0030662167115780067,1
t10_size_plus_impact_aggregate+t10_size_plus_impact_dd120+book_to_market_lf_plus_impact,3,t10_size_plus_impact_aggregate|t10_size_plus_impact_dd120|book_to_market_lf_plus_impact,120,2021-09-07,2026-08-10,3919.575,0.11378307483842436,0.0737133128515584,26.03825877957093,25.699596772270677,3.8857790319673264,22.152479747603607,1.0757738269701331,24.493130021087083,76.66666666666667,0.4256714205809762,0.6916666666666667,0.033500323813976,1,15,2026-01-09,2026-08-10,4609.8,0.07699465739982478,0.028018995380383997,11.286954803642413,24.47099463469468,3.7000143887658354,7.586940414876578,-0.07540841576398281,20.173651221424382,62.5,0.11356376765952897,0.4666666666666667,0.004080441579190076,1
t10_size_plus_impact_aggregate+reversal_turn_paper+reversal_chip_turn_eq,3,t10_size_plus_impact_aggregate|reversal_turn_paper|reversal_chip_turn_eq,120,2021-09-07,2026-08-10,3915.3166666666666,0.11600040152593992,0.07021457685223796,21.879182726195957,36.84840875758622,5.571479404147037,16.30770332204892,0.9234434466915805,24.48801464234982,76.66666666666667,0.4332459486926906,0.675,0.033923275205291245,1,15,2026-01-09,2026-08-10,4604.6,0.0764335409535326,0.025850970548986066,8.978161934274464,36.069885239629414,5.453766648231967,3.5243952860424974,-0.2589794351723543,20.333763280215845,62.5,0.1032805003112918,0.4666666666666667,0.0036839106967807467,1
t10_size_plus_impact_aggregate+impact_abs_return60+reversal_turn_paper,3,t10_size_plus_impact_aggregate|impact_abs_return60|reversal_turn_paper,120,2021-09-07,2026-08-10,3915.3166666666666,0.11159113367518797,0.07301361738235666,25.726481477372175,26.81176222101529,4.053938447817512,21.672543029554664,1.0761700809864372,24.73876419861196,78.33333333333333,0.43917115652049754,0.6916666666666667,0.033896928336549635,1,15,2026-01-09,2026-08-10,4604.6,0.07604884633944144,0.0323455306870416,13.010770864068899,25.655024588637428,3.879039717801979,9.131731146266919,-0.008937655992987502,19.816867779476922,62.5,0.1416879716694628,0.5333333333333333,0.005746776952340324,1
t10_size_plus_impact_aggregate+reversal_chip_turn_paper+reversal_chip_eq,3,t10_size_plus_impact_aggregate|reversal_chip_turn_paper|reversal_chip_eq,120,2021-09-07,2026-08-10,3915.3166666666666,0.11320128753649877,0.06942539368704112,22.096086852319296,37.70630132402807,5.701192760193044,16.394894092126254,0.8989729883418154,24.7761823814713,70.0,0.4141143593423781,0.65,0.030470881132191187,1,15,2026-01-09,2026-08-10,4604.6,0.07187166887460121,0.020800623554390354,10.412443415230932,37.3962949500853,5.654319796452897,4.758123618778035,-0.19179488619906282,20.081758695024988,62.5,0.08104273132226965,0.4666666666666667,0.0027181822968008035,1
t10_size_plus_impact_aggregate+reversal_chip_turn_paper+book_to_market_lf_div_oper_main_profit_ttm,3,t10_size_plus_impact_aggregate|reversal_chip_turn_paper|book_to_market_lf_div_oper_main_profit_ttm,120,2021-09-07,2026-08-10,3827.425,0.11343433222012242,0.06816037192236453,22.78275962582603,24.374796401308494,3.6854692158778444,19.097290409948187,0.9791318492666535,26.792744037741713,76.66666666666667,0.4271659110619539,0.7166666666666667,0.03472628390576761,1,15,2026-01-09,2026-08-10,4507.933333333333,0.07210077850586581,0.024787181848654413,9.951802050744474,22.99867006540974,3.477398913889953,6.47440313685452,-0.11139145806728058,19.798409811152894,62.5,0.10816190149530303,0.4666666666666667,0.0036393267411601892,1
t10_size_plus_impact_aggregate+book_to_market_lf_minus_size+reversal_chip_turn_size_eq,3,t10_size_plus_impact_aggregate|book_to_market_lf_minus_size|reversal_chip_turn_size_eq,120,2021-09-07,2026-08-10,3919.575,0.11526393923430185,0.07358034509846875,26.485475034538865,27.70043294695309,4.188305461579307,22.297169572959557,1.0678024375461088,26.234900729718603,78.33333333333333,0.41807247142843756,0.6916666666666667,0.033330503626731095,1,15,2026-01-09,2026-08-10,4609.8,0.07630558782322909,0.025896108538415886,13.280182803207719,26.52736081441565,4.0109369551396465,9.269245848068072,-0.006096296730941732,20.224898429035278,62.5,0.10404122365556236,0.4666666666666667,0.003704832473480009,1
t10_size_plus_impact_aggregate+reversal_chip_turn_eq+reversal40,3,t10_size_plus_impact_aggregate|reversal_chip_turn_eq|reversal40,120,2021-09-07,2026-08-10,3923.15,0.11033388983863404,0.06794691876296906,20.80157966817433,44.448475870585895,6.720609551632588,14.08097011654174,0.827635056663146,26.247577411366475,70.0,0.420098061632778,0.6166666666666667,0.028583149506395688,1,15,2026-01-09,2026-08-10,4613.8,0.07657519294377294,0.028116045181635078,7.935934887970097,44.690985286188734,6.757276975271736,1.178657912698361,-0.3361881089505554,20.293255823367552,50.0,0.11609332822954915,0.4666666666666667,0.0041486055373758275,1
t10_size_plus_impact_aggregate+reversal_turn_eq+reversal_turn_paper_nomcap,3,t10_size_plus_impact_aggregate|reversal_turn_eq|reversal_turn_paper_nomcap,120,2021-09-07,2026-08-10,3915.3166666666666,0.11359010895897145,0.06668211347587323,20.46044727249694,40.428390807776324,6.112772690135781,14.347674582361158,0.8874491866976598,24.257457780127645,73.33333333333333,0.4289251936500397,0.6333333333333333,0.03085705100523876,1,15,2026-01-09,2026-08-10,4604.6,0.08019778377520706,0.02928235703820877,9.181543456471896,39.68299357546837,6.000068628610817,3.181474827861079,-0.28980558682838314,19.509401757760713,62.5,0.11770359289776103,0.4666666666666667,0.0044051314032971635,1
size_only+t10_size_plus_impact_aggregate+reversal_turn_eq,3,size_only|t10_size_plus_impact_aggregate|reversal_turn_eq,120,2021-09-07,2026-08-10,3923.15,0.1103334140638095,0.07330399470726613,24.828675139661716,30.65741708844972,4.635401463773597,20.19327367588812,0.9974050341641476,27.45454138095802,85.0,0.43781748138828297,0.6833333333333333,0.033009029929898216,1,15,2026-01-09,2026-08-10,4613.8,0.07180475773494363,0.031218420830949264,11.291156339062825,29.702199566182536,4.4909725744068,6.800183764656026,-0.09059653756713588,20.608337007981714,75.0,0.1412745501568161,0.4666666666666667,0.004733952929124217,1
t10_size_plus_impact_aggregate+paper_composite+reversal_turn_paper_nomcap,3,t10_size_plus_impact_aggregate|paper_composite|reversal_turn_paper_nomcap,120,2021-09-07,2026-08-10,3915.3166666666666,0.11295351003569382,0.06598411969763728,20.056517364982707,27.587208669598784,4.171185950843336,15.885331414139369,0.9628388791324926,22.824969958781338,75.0,0.4011220319549986,0.6666666666666666,0.030205427641311223,1,15,2026-01-09,2026-08-10,4604.6,0.07854985174486892,0.022941137488499314,9.921501491074036,26.032412680406715,3.9361007972774953,5.9854006937965405,-0.1794497136067813,19.54797949477889,62.5,0.08662916314706487,0.5333333333333333,0.0036291775583914706,1
t10_size_plus_impact_aggregate+paper_composite+reversal_chip_eq,3,t10_size_plus_impact_aggregate|paper_composite|reversal_chip_eq,120,2021-09-07,2026-08-10,3915.3166666666666,0.1151463877774841,0.07047795667555337,23.432701289907996,32.04122349530716,4.844632992490442,18.588068297417557,0.9814311775777093,25.010621086100404,73.33333333333333,0.4040626390248096,0.675,0.03140528849069241,1,15,2026-01-09,2026-08-10,4604.6,0.07572623964299247,0.020327640703875643,12.663527464657198,31.696753398673778,4.792549113879475,7.870978350777724,-0.07194946860271147,19.911994309737235,62.5,0.07610144935313153,0.4666666666666667,0.0026893424090840027,1
size_only+t10_size_plus_impact_aggregate+reversal40,3,size_only|t10_size_plus_impact_aggregate|reversal40,120,2021-09-07,2026-08-10,3923.15,0.10936243168247217,0.0736852433966162,26.851418153755844,37.36003324244789,5.648837026258121,21.202581127497723,0.9933623719782323,28.879828186060564,86.66666666666667,0.4259389390710705,0.6916666666666667,0.0322190217031697,1,15,2026-01-09,2026-08-10,4613.8,0.07509405914106457,0.03266033041606007,15.783431197473307,37.25597198175024,5.633102963640637,10.15032823383267,0.03795067975382386,20.111576178418357,75.0,0.14393893974741315,0.4666666666666667,0.0050441809852440405,1
t10_size_plus_impact_aggregate+book_to_market_lf_minus_size+book_to_market_lf_plus_impact,3,t10_size_plus_impact_aggregate|book_to_market_lf_minus_size|book_to_market_lf_plus_impact,120,2021-09-07,2026-08-10,3919.575,0.10033873737998941,0.06465483085267351,24.2787900133953,16.132889524707313,2.439292896135746,21.839497117259555,1.1046991804902837,25.56684656291943,75.0,0.37267912891213933,0.6666666666666666,0.024929435495278908,1,15,2026-01-09,2026-08-10,4609.8,0.07738586617540338,0.028943866078731523,11.983459001270946,14.74387803600947,2.2292743590446316,9.754184642226313,0.001584050836662506,19.71497269644573,50.0,0.11968465651245129,0.5333333333333333,0.004939680433131561,1
t10_size_plus_impact_aggregate+book_to_market_lf_minus_size+book_to_market_lf_div_oper_main_profit_ttm,3,t10_size_plus_impact_aggregate|book_to_market_lf_minus_size|book_to_market_lf_div_oper_main_profit_ttm,120,2021-09-07,2026-08-10,3831.15,0.09763059264055955,0.0619594290565429,21.237192531206126,15.15731310620832,2.291785741658698,18.94540678954743,0.9808273081674939,28.109215881568584,75.0,0.37476262824816414,0.6916666666666667,0.02530690576765303,1,15,2026-01-09,2026-08-10,4511.133333333333,0.0706567637304936,0.028324685367144237,9.651423690920979,14.018097647267217,2.119536364266803,7.531887326654177,-0.0655266380688091,20.396105002913544,62.5,0.13332703405504379,0.5333333333333333,0.0050242435968611745,1
t10_size_plus_impact_downside+t10_size_plus_impact_fscore+t10_nomcap_plus_impact,3,t10_size_plus_impact_downside|t10_size_plus_impact_fscore|t10_nomcap_plus_impact,120,2021-09-07,2026-08-10,3833.0833333333335,0.11770134752021066,0.07335642984617644,24.34317845847238,31.68034664696523,4.790068413021142,19.553110045451238,1.0008233619281799,24.862535584997648,78.33333333333333,0.4423208877455603,0.7,0.03644323516679179,1,15,2026-01-09,2026-08-10,4513.866666666667,0.0775302895455424,0.028333580187956883,11.478458009473425,30.658821061704757,4.635613744529759,6.842844264943665,-0.10483927432276474,20.106257614307832,62.5,0.11543242421144859,0.4666666666666667,0.004176437660293495,1
t10_size_plus_impact_downside+t10_size_plus_impact_fscore+reversal_turn_paper_nomcap,3,t10_size_plus_impact_downside|t10_size_plus_impact_fscore|reversal_turn_paper_nomcap,120,2021-09-07,2026-08-10,3829.358333333333,0.11980853301948455,0.07160712462239437,23.568680595461334,34.613236233025,5.233521318433381,18.33515927702795,0.9951740007747659,23.655908952906234,78.33333333333333,0.43511812088068835,0.6833333333333333,0.03562275689782185,1,15,2026-01-09,2026-08-10,4510.666666666667,0.08226710307392994,0.02839648376664095,12.3838345581753,33.72732122297929,5.099570968914469,7.284263589260831,-0.10126373466317853,19.753794728139727,62.5,0.10939103027237987,0.4666666666666667,0.00419966547596459,1
size_only+t10_size_plus_impact_downside+t10_size_plus_impact_fscore,3,size_only|t10_size_plus_impact_downside|t10_size_plus_impact_fscore,120,2021-09-07,2026-08-10,3833.0833333333335,0.10729160453438022,0.07198151800868974,27.92667847768793,25.925157698232116,3.9198838439726957,24.00679463371523,1.0913333831808758,27.650656511513784,78.33333333333333,0.4169744869689825,0.7166666666666667,0.03206213425904154,1,15,2026-01-09,2026-08-10,4513.866666666667,0.07194656763880387,0.029585171861111325,13.059083415447892,24.061606759653934,3.6381149420596746,9.420968473388216,0.011589667188780692,20.80068412317675,50.0,0.13319941527359533,0.5333333333333333,0.005111061728229787,1
t10_size_plus_impact_g13+t10_size_plus_impact_fscore+reversal_chip_turn_eq,3,t10_size_plus_impact_g13|t10_size_plus_impact_fscore|reversal_chip_turn_eq,120,2021-09-07,2026-08-10,3833.0833333333335,0.11648304557477562,0.07170770162294662,23.322363170961967,33.69532439811023,5.094733048994267,18.227630121967703,0.9629758709733114,25.158610334436215,80.0,0.43349781865415293,0.6833333333333333,0.034505016547352635,1,15,2026-01-09,2026-08-10,4513.866666666667,0.07511983719950441,0.025654874234711873,9.312323048116744,32.385387389299034,4.896670573262014,4.41565247485473,-0.20779618432337288,20.549974918212264,62.5,0.10309757370118447,0.4666666666666667,0.003614180710978546,1
t10_size_plus_impact_g13+t10_size_plus_impact_fscore+impact_abs_return60,3,t10_size_plus_impact_g13|t10_size_plus_impact_fscore|impact_abs_return60,120,2021-09-07,2026-08-10,3833.0833333333335,0.10781826846645945,0.07175411060774692,27.787281214551317,24.6532094803094,3.727565273422781,24.059715941128538,1.11854782579569,25.43588889721259,76.66666666666667,0.4290321437016234,0.7083333333333334,0.03276573118567326,1,15,2026-01-09,2026-08-10,4513.866666666667,0.0749077693259391,0.03201129593284866,13.301512659495673,23.26483591712539,3.517643190669358,9.783869468826314,0.01715118414129415,19.954235348851523,62.5,0.14451053306249012,0.5333333333333333,0.005773312893767203,1
t10_size_plus_impact_fscore+reversal_chip_turn_size_eq+t10_nomcap_plus_impact,3,t10_size_plus_impact_fscore|reversal_chip_turn_size_eq|t10_nomcap_plus_impact,120,2021-09-07,2026-08-10,3833.0833333333335,0.11561098819004746,0.0709534127699589,22.721019602832815,34.70109519093296,5.246805592869064,17.474214009963752,0.93969381615126,25.109863004846012,80.0,0.4303674185170907,0.65,0.03234088165071439,1,15,2026-01-09,2026-08-10,4513.866666666667,0.07449662978938319,0.025006818219678026,9.219817889893822,33.06521231745234,4.999460102398794,4.220357787495028,-0.21402312910211124,20.703537505769308,62.5,0.10058406590553637,0.4666666666666667,0.0034968144962219763,1
t10_size_plus_impact_fscore+book_to_market_lf_minus_size+t10_nomcap_plus_impact,3,t10_size_plus_impact_fscore|book_to_market_lf_minus_size|t10_nomcap_plus_impact,120,2021-09-07,2026-08-10,3833.0833333333335,0.12069943241621946,0.07387635331469315,25.87730351549764,29.35326597442235,4.438213815332659,21.43908970016498,1.0643292282584305,24.576181801971085,78.33333333333333,0.42505589178304337,0.6916666666666667,0.035485270044340135,1,15,2026-01-09,2026-08-10,4513.866666666667,0.08238336398638745,0.027050497652777047,13.693125487672242,27.703977055325463,4.18884133076521,9.504284156907032,-0.0031100721937358288,20.170478058275542,62.5,0.10400952244362424,0.4666666666666667,0.003998705361244267,1
t10_size_plus_impact_fscore+reversal_chip_turn_size_eq+t10_size_plus_wc_mcap,3,t10_size_plus_impact_fscore|reversal_chip_turn_size_eq|t10_size_plus_wc_mcap,120,2021-09-07,2026-08-10,3833.0833333333335,0.11503509876057051,0.07048872203410762,23.37837978696191,34.26636140993533,5.181073845182221,18.19730594177969,0.9537719286311888,25.401807884605432,81.66666666666667,0.429313321252419,0.6416666666666667,0.031689414365262854,1,15,2026-01-09,2026-08-10,4513.866666666667,0.07218835081704643,0.02300381873613817,8.291070420723113,32.504184581394796,4.914632708706893,3.376437712016219,-0.25398443060465237,20.930216167593663,62.5,0.09389606868187587,0.4666666666666667,0.0031631610949627463,1
t10_size_plus_impact_fscore+book_to_market_lf_minus_size+t10_size_plus_wc_mcap,3,t10_size_plus_impact_fscore|book_to_market_lf_minus_size|t10_size_plus_wc_mcap,120,2021-09-07,2026-08-10,3833.0833333333335,0.11816704244341034,0.07229482987796484,23.731067230803827,28.178213675464924,4.260545907730297,19.47052132307353,1.0116583496283071,25.68506171915388,78.33333333333333,0.42223411312504644,0.7,0.03492590945669216,1,15,2026-01-09,2026-08-10,4513.866666666667,0.0789665713822424,0.024929843628992192,13.794923201433306,26.465893174694138,4.001643048013754,9.793280153419554,0.00562874090151911,19.49627738599169,62.5,0.09812148576770964,0.4666666666666667,0.0036158814113368453,1
t10_size_plus_impact_fscore+t10_size_plus_impact_dd120+reversal_chip_turn_eq,3,t10_size_plus_impact_fscore|t10_size_plus_impact_dd120|reversal_chip_turn_eq,120,2021-09-07,2026-08-10,3833.0833333333335,0.11283970574898813,0.06934874208020364,22.198350698285218,35.62426741349217,5.386389232920016,16.8119614653652,0.9179710610886861,25.15793607555594,80.0,0.42097465924229355,0.65,0.03087672683984262,1,15,2026-01-09,2026-08-10,4513.866666666667,0.07126551857681059,0.022731257856935853,8.206372304813158,34.14508896290319,5.162737451190962,3.0436348536221973,-0.2639450913983013,20.791285509103496,62.5,0.091075579437013,0.4666666666666667,0.003028922585855711,1
t10_size_plus_impact_fscore+t10_size_plus_impact_dd120+impact_abs_return60,3,t10_size_plus_impact_fscore|t10_size_plus_impact_dd120|impact_abs_return60,120,2021-09-07,2026-08-10,3833.0833333333335,0.11110121944617278,0.07303731966676841,26.585033067898433,27.296179212822814,4.127182296978809,22.457850770919624,1.0675398465374073,25.863934235208795,78.33333333333333,0.4318027565305755,0.7083333333333334,0.0339814507409591,1,15,2026-01-09,2026-08-10,4513.866666666667,0.07378114160557277,0.02948068474157051,13.592935396772832,25.919900917572352,3.9190890187369396,9.673846378035892,0.012808917950648223,19.726203488647297,62.5,0.12819054325866625,0.5333333333333333,0.00504429046648691,1
t10_size_plus_impact_fscore+reversal_turn_paper+reversal_turn_paper_nomcap,3,t10_size_plus_impact_fscore|reversal_turn_paper|reversal_turn_paper_nomcap,120,2021-09-07,2026-08-10,3829.358333333333,0.11537635637768996,0.06534168746136146,19.07520095230748,37.765527936120705,5.71014782394145,13.36505312836603,0.879943319807993,23.837255241770528,73.33333333333333,0.40980933383795576,0.6333333333333333,0.02994546157360141,1,15,2026-01-09,2026-08-10,4510.666666666667,0.08264076835301762,0.027079482001188503,11.461719600145903,36.35616914647207,5.497052774946577,5.964666825199326,-0.18462969318539352,18.76078745742721,62.5,0.10248826686608559,0.4666666666666667,0.003952530923125134,1
size_only+t10_size_plus_impact_fscore+reversal_turn_paper,3,size_only|t10_size_plus_impact_fscore|reversal_turn_paper,120,2021-09-07,2026-08-10,3829.358333333333,0.114667221779776,0.07282604546342158,25.467913583343705,30.44170157353247,4.60278527791811,20.865128305425596,1.0373508026300573,26.278196400847154,81.66666666666667,0.42789265059289344,0.7166666666666667,0.035163437382154585,1,15,2026-01-09,2026-08-10,4510.666666666667,0.07739398132090997,0.029426610358574596,12.747996590475596,28.46202998936022,4.303458934391266,8.44453765608433,-0.039320000753217454,20.337321296367616,62.5,0.12381560951730024,0.5333333333333333,0.005110710917450143,1
t10_size_plus_impact_fscore+impact60+reversal_chip_turn_paper,3,t10_size_plus_impact_fscore|impact60|reversal_chip_turn_paper,120,2021-09-07,2026-08-10,3829.358333333333,0.11863117259833024,0.07419526369459065,25.72018488925987,28.499888710857086,4.309183173081591,21.411001716178276,1.066275871554113,24.25408971889702,81.66666666666667,0.44397718108476564,0.7083333333333334,0.03730758629928243,1,15,2026-01-09,2026-08-10,4510.666666666667,0.08064715486819952,0.030412746961040897,13.016654794467508,26.52571240518092,4.010687715663354,9.005967078804153,-0.01981809975505276,19.648781107484936,62.5,0.12440230015181064,0.5333333333333333,0.005350768835361768,1
t10_size_plus_impact_fscore+reversal_chip_turn_size_eq+reversal_turn_eq,3,t10_size_plus_impact_fscore|reversal_chip_turn_size_eq|reversal_turn_eq,120,2021-09-07,2026-08-10,3833.0833333333335,0.11301530597044568,0.06812307420205038,21.91684142539203,39.22859003614394,5.931362813464964,15.985478611927068,0.902247884725068,25.351339968446208,78.33333333333333,0.42838079986475425,0.6416666666666667,0.03106538509983849,1,15,2026-01-09,2026-08-10,4513.866666666667,0.07615174528299548,0.027331115333654975,7.7286238049454,37.69674293431729,5.699747531668774,2.028876273276626,-0.315615665258639,20.693685440747235,62.5,0.11212667378621526,0.4666666666666667,0.003984699554078782,1
t10_size_plus_impact_fscore+reversal_chip_turn_size_eq+paper_composite,3,t10_size_plus_impact_fscore|reversal_chip_turn_size_eq|paper_composite,120,2021-09-07,2026-08-10,3829.358333333333,0.11684735881134083,0.07027931503755253,24.09312518172999,29.88061338169066,4.517948743311628,19.575176438418364,1.026123980419326,24.319346669724762,75.0,0.40755461103114965,0.675,0.032144633912501906,1,15,2026-01-09,2026-08-10,4510.666666666667,0.07722206686273775,0.02194669338075384,11.521016572021015,27.73609606278704,4.193697724693401,7.3273188473276125,-0.10197747904025019,20.154201857266905,50.0,0.08320780585735957,0.4666666666666667,0.002998556748795404,1
t10_size_plus_impact_fscore+book_to_market_lf_plus_impact+reversal_chip_turn_eq,3,t10_size_plus_impact_fscore|book_to_market_lf_plus_impact|reversal_chip_turn_eq,120,2021-09-07,2026-08-10,3833.0833333333335,0.1215562545581103,0.07249407224956196,23.942580909164988,30.77448619245395,4.653102312299037,19.28947859686595,1.0246699745017018,23.223760295510598,80.0,0.4238595929144364,0.6916666666666667,0.03563659266313293,1,15,2026-01-09,2026-08-10,4513.866666666667,0.08349521057899303,0.02638988592230777,13.43740440713489,29.132251467827146,4.4047964219354645,9.032607985199427,-0.033608375509108245,19.23906089839904,62.5,0.09841222562167683,0.4666666666666667,0.0038345764341869977,1
t10_size_plus_impact_fscore+reversal_turn_eq+reversal40,3,t10_size_plus_impact_fscore|reversal_turn_eq|reversal40,120,2021-09-07,2026-08-10,3833.0833333333335,0.1082765320680589,0.06428887387251535,18.37136201206768,48.495433811360236,7.332509592277668,11.038852419790015,0.7553472415514457,27.32064656476104,71.66666666666667,0.41032447061634264,0.6,0.02665710642059983,1,15,2026-01-09,2026-08-10,4513.866666666667,0.08150341393751916,0.0322376976982422,7.767474328278013,48.38624383751942,7.3160000682329365,0.45147426004507607,-0.37378205402388526,20.685630071713177,50.0,0.1335676220564146,0.4666666666666667,0.005080234688253233,1
t10_size_plus_impact_fscore+reversal_chip_eq+reversal_turn_paper_nomcap,3,t10_size_plus_impact_fscore|reversal_chip_eq|reversal_turn_paper_nomcap,120,2021-09-07,2026-08-10,3829.358333333333,0.11229106498668665,0.06483917912897023,19.752458085393453,41.884248520420435,6.33289837628757,13.419559709105883,0.843470629617875,25.44112643164539,68.33333333333333,0.39716599729684227,0.625,0.027873870508101205,1,15,2026-01-09,2026-08-10,4510.666666666667,0.0778567635716961,0.02279722323599086,10.993641545992261,41.88909121028107,6.333630590994497,4.660010954997763,-0.22199298367131728,19.475240554284913,62.5,0.08519267577408388,0.4666666666666667,0.003095318807365405,1
t10_size_plus_impact_fscore+book_to_market_lf_div_oper_main_profit_ttm+reversal_turn_paper_nomcap,3,t10_size_plus_impact_fscore|book_to_market_lf_div_oper_main_profit_ttm|reversal_turn_paper_nomcap,120,2021-09-07,2026-08-10,3826.2166666666667,0.11414505872124825,0.06499429578322312,20.96411723451277,28.152419666168964,4.256645853524748,16.70747138098802,0.9404700193344561,26.17871948245475,76.66666666666667,0.4286752525329389,0.6833333333333333,0.033436293946357463,1,15,2026-01-09,2026-08-10,4505.866666666667,0.07919751336016541,0.027457948481688442,11.065397693746748,26.317784092061856,3.979248954719753,7.086148739026996,-0.09975237771039504,19.101484083108954,62.5,0.11495835838422808,0.4666666666666667,0.004248727524532207,1
t10_size_plus_impact_fscore+book_to_market_lf_div_oper_main_profit_ttm+reversal_chip_eq,3,t10_size_plus_impact_fscore|book_to_market_lf_div_oper_main_profit_ttm|reversal_chip_eq,120,2021-09-07,2026-08-10,3829.9416666666666,0.10959595872685424,0.06539011774764321,22.276202946996126,29.849015238637683,4.5131711040820175,17.76303184291411,0.9290469371610519,27.053419495699526,81.66666666666667,0.413850005222811,0.6666666666666666,0.030237525394338403,1,15,2026-01-09,2026-08-10,4509.066666666667,0.07124181276486012,0.022587443779064506,11.596714670440978,28.977095856459627,4.381336893496695,7.2153777769442815,-0.08344736310739119,19.310610600729284,62.5,0.09687507459804955,0.4666666666666667,0.003220726098844848,1
t10_size_plus_impact_fscore+impact60+book_to_market_lf_plus_impact,3,t10_size_plus_impact_fscore|impact60|book_to_market_lf_plus_impact,120,2021-09-07,2026-08-10,3833.0833333333335,0.10512976519119419,0.06870139505677048,25.744217116470658,18.479238413347712,2.7940608480981743,22.950156268372485,1.1365348101824186,24.327311520632712,78.33333333333333,0.41460676038981953,0.6833333333333333,0.029784799433750016,1,15,2026-01-09,2026-08-10,4513.866666666667,0.08108653215724676,0.03506412162660823,13.834719922496463,16.314314803418654,2.4667243982769005,11.367995524219562,0.06869817609071716,18.967464037138303,62.5,0.15414713586400977,0.5333333333333333,0.00666627023423174,1
t10_size_plus_impact_fscore+book_to_market_lf_plus_impact+paper_composite,3,t10_size_plus_impact_fscore|book_to_market_lf_plus_impact|paper_composite,120,2021-09-07,2026-08-10,3829.358333333333,0.10423757121711028,0.06285875846542874,23.049500523319,18.44420515083187,2.788763818805779,20.26073670451322,1.0865904465233216,23.68078595904164,75.0,0.36113536842335986,0.6666666666666666,0.025095915790031554,1,15,2026-01-09,2026-08-10,4510.666666666667,0.07875737238694017,0.024528405437783465,10.681400461059187,16.58691113206373,2.5079409631680356,8.173459497891152,-0.0752139122438522,20.032904828993413,50.0,0.09494630891947163,0.5333333333333333,0.003988118297779352,1
size_only+t10_size_plus_impact_fscore+impact_abs_return60,3,size_only|t10_size_plus_impact_fscore|impact_abs_return60,120,2021-09-07,2026-08-10,3833.0833333333335,0.09176282035376943,0.06565338415265137,29.236770828268945,19.024904021461236,2.876565488044939,26.360205340224002,1.1561456150504485,28.70034727191485,76.66666666666667,0.38337704335597733,0.6916666666666667,0.024332666473753393,1,15,2026-01-09,2026-08-10,4513.866666666667,0.0674282846886467,0.03198215214897682,14.20126511025689,17.998325690828743,2.7213468444533055,11.479918265803583,0.08859715948909527,20.034173457175765,62.5,0.16063693225970205,0.5333333333333333,0.005776785493289624,1
t10_size_plus_impact_g13+t10_size_plus_impact_downside+reversal_turn_paper,3,t10_size_plus_impact_g13|t10_size_plus_impact_downside|reversal_turn_paper,120,2021-09-07,2026-08-10,3915.3166666666666,0.11778041989981673,0.07428945999325887,24.904357487845495,31.58789002416481,4.776088971653719,20.128268516191778,1.022682708098512,25.392641920581237,80.0,0.4450674192220921,0.675,0.0353836535758014,1,15,2026-01-09,2026-08-10,4604.6,0.077978780011786,0.029655732848583118,12.60033328595247,31.16809904454546,4.712616575535273,7.887716710417196,-0.0637504567627948,19.71372153938964,62.5,0.12218005340194954,0.4666666666666667,0.004446144036160815,1
t10_size_plus_impact_g13+t10_size_plus_impact_downside+impact60,3,t10_size_plus_impact_g13|t10_size_plus_impact_downside|impact60,120,2021-09-07,2026-08-10,3923.15,0.10310028109810965,0.0711078039201554,28.593871154537798,22.829919746812507,3.4518838657180506,25.141987288819745,1.1471325765705105,25.478436838775774,80.0,0.43531475530696506,0.6833333333333333,0.030668733652840327,1,15,2026-01-09,2026-08-10,4613.8,0.07105990219353613,0.033638219843354286,13.544659400313252,21.538133845112423,3.256565837380998,10.288093562932254,0.04028480392855359,19.52934073566316,75.0,0.16082560427571102,0.5333333333333333,0.006095067578692465,1
t10_size_plus_impact_downside+t10_size_plus_impact_dd120+t10_nomcap_plus_impact,3,t10_size_plus_impact_downside|t10_size_plus_impact_dd120|t10_nomcap_plus_impact,120,2021-09-07,2026-08-10,3923.15,0.11329661115032984,0.07272768447300085,24.119978252989547,31.819527448848735,4.811112550265928,19.308865702723622,0.9802569145203547,25.066578658175708,80.0,0.43670439951425966,0.6916666666666667,0.03422168057308871,1,15,2026-01-09,2026-08-10,4613.8,0.07016286722445275,0.02524765822224152,9.713754165735278,30.779358685636026,4.653839033268167,5.05991513246711,-0.17543821697917936,20.48367978482957,62.5,0.10599067150291293,0.4666666666666667,0.003470417725455085,1
t10_size_plus_impact_downside+t10_nomcap_plus_impact+reversal40,3,t10_size_plus_impact_downside|t10_nomcap_plus_impact|reversal40,120,2021-09-07,2026-08-10,3923.15,0.11421425266908636,0.07150626201110062,22.86139735067856,41.70594619810999,6.30593906515423,16.555458285524328,0.8946699008189352,26.58970431711598,73.33333333333333,0.4366450514936565,0.65,0.03241620735470176,1,15,2026-01-09,2026-08-10,4613.8,0.07989225958276419,0.030996031968345317,11.637169599444908,42.66927023923021,6.451593660171608,5.1855759392733,-0.16432333830286108,19.549819934158286,62.5,0.1276494011570417,0.4666666666666667,0.004759159576650629,1
t10_size_plus_impact_downside+t10_size_plus_impact_dd120+t10_size_plus_wc_mcap,3,t10_size_plus_impact_downside|t10_size_plus_impact_dd120|t10_size_plus_wc_mcap,120,2021-09-07,2026-08-10,3919.575,0.11345598410940576,0.07262061454312997,24.39546985269898,31.35858584255611,4.741418179394484,19.654051673304497,0.9822849340325991,26.231093911343695,81.66666666666667,0.43408281994909576,0.675,0.03324327312755969,1,15,2026-01-09,2026-08-10,4609.8,0.06848879708980889,0.023319789308720272,10.811117129550885,30.50162015973921,4.611844968152569,6.199272161398316,-0.12876299858232157,19.91886508034507,62.5,0.09859965409460837,0.4666666666666667,0.003151386794458456,1
t10_size_plus_impact_downside+t10_size_plus_wc_mcap+reversal40,3,t10_size_plus_impact_downside|t10_size_plus_wc_mcap|reversal40,120,2021-09-07,2026-08-10,3919.575,0.1144130861122925,0.07138436307112123,23.020758290836362,41.750761032852104,6.312715068167238,16.708043222669126,0.8945628466423419,26.621672452635757,76.66666666666667,0.4355567510685553,0.6666666666666666,0.033222261377864645,1,15,2026-01-09,2026-08-10,4609.8,0.07818482555773242,0.02890111622157454,10.196280038863426,42.05527478024141,6.358757546772502,3.837522492090924,-0.21455253379034164,20.365931914809433,62.5,0.11999055879107695,0.4666666666666667,0.004378005756905754,1
t10_size_plus_impact_downside+t10_size_plus_impact_dd120+reversal_turn_paper,3,t10_size_plus_impact_downside|t10_size_plus_impact_dd120|reversal_turn_paper,120,2021-09-07,2026-08-10,3915.3166666666666,0.1167244013308567,0.0733923756832915,24.49980599823869,33.762638706543164,5.104910972429327,19.39489502580936,0.9950560347667897,24.97880219906705,76.66666666666667,0.4399698641815789,0.6916666666666667,0.03552069314181408,1,15,2026-01-09,2026-08-10,4604.6,0.07543484799767923,0.026979823029296305,11.485524270463166,33.13943973773507,5.010683288345541,6.474840982117625,-0.12056552675395406,20.084448586477667,62.5,0.10972744535952055,0.4666666666666667,0.0038627274755389067,1
t10_size_plus_impact_downside+t10_size_plus_impact_dd120+impact60,3,t10_size_plus_impact_downside|t10_size_plus_impact_dd120|impact60,120,2021-09-07,2026-08-10,3923.15,0.1065045693570339,0.07264892482482518,27.885095824740212,25.68445699137224,3.8834898970954823,24.001605927644732,1.1052824903461906,25.741295448198077,81.66666666666667,0.43894430886897057,0.6916666666666667,0.032335122423235656,1,15,2026-01-09,2026-08-10,4613.8,0.07028232231654145,0.03126071107112527,14.096155876658257,25.058955378674547,3.788914053255591,10.307241823402666,0.04101816579759772,19.30154368054874,75.0,0.1437732630601545,0.5333333333333333,0.00538918336794383,1
t10_size_plus_impact_downside+reversal_chip_turn_size_eq+reversal_turn_paper,3,t10_size_plus_impact_downside|reversal_chip_turn_size_eq|reversal_turn_paper,120,2021-09-07,2026-08-10,3915.3166666666666,0.11722886637575103,0.07244054128172402,23.137723427234036,34.80640988291134,5.262729174296195,17.874994252937842,0.9585291081232655,25.209086459802965,76.66666666666667,0.43828640301110167,0.6833333333333333,0.03510954241814629,1,15,2026-01-09,2026-08-10,4604.6,0.0764526034100116,0.026722407684643876,10.07488067781006,33.75825313582757,5.104247874137129,4.970632803672932,-0.18704774286873604,20.347538626060157,62.5,0.10810393355951078,0.4666666666666667,0.0038569193410941767,1
t10_size_plus_impact_downside+book_to_market_lf_minus_size+reversal_turn_paper,3,t10_size_plus_impact_downside|book_to_market_lf_minus_size|reversal_turn_paper,120,2021-09-07,2026-08-10,3915.3166666666666,0.11726591806760728,0.07246990443499417,25.07476224537648,27.983616985318267,4.2311228881801215,20.84363935719636,1.0632227340610765,24.764785995604967,80.0,0.4197538118868364,0.6916666666666667,0.03404578114502392,1,15,2026-01-09,2026-08-10,4604.6,0.08240400614592357,0.02877958191621931,12.544733196894132,26.228193526798215,3.96570286125189,8.57903033564224,-0.041488697461672476,19.967197758359312,62.5,0.11229490521426912,0.4666666666666667,0.004318323361068517,1
t10_size_plus_impact_downside+reversal_chip_turn_paper+reversal_turn_paper_nomcap,3,t10_size_plus_impact_downside|reversal_chip_turn_paper|reversal_turn_paper_nomcap,120,2021-09-07,2026-08-10,3915.3166666666666,0.11633096188589932,0.06825068334459351,20.360517041964332,35.91508916829768,5.430361482246608,14.930155559717722,0.9106903456796894,23.68183107894487,70.0,0.4206792433501039,0.675,0.03303316419143619,1,15,2026-01-09,2026-08-10,4604.6,0.07838111507114175,0.02411225283806629,11.472425973969646,35.038889306364766,5.297880063122353,6.174545910847294,-0.16116632784674298,19.528379913110992,62.5,0.09187698156103004,0.4666666666666667,0.003360662789924657,1
size_only+t10_size_plus_impact_downside+reversal_chip_turn_paper,3,size_only|t10_size_plus_impact_downside|reversal_chip_turn_paper,120,2021-09-07,2026-08-10,3915.3166666666666,0.10999788319468061,0.07282635276501503,26.669786267878525,27.78577389205556,4.201209012478801,22.468577255399723,1.0523785573795752,27.034145844477408,80.0,0.41730888578076286,0.6916666666666667,0.03174964006799848,1,15,2026-01-09,2026-08-10,4604.6,0.06853978941055378,0.025248670861324433,11.546840535746405,26.43923257886691,3.9976119659246767,7.549228569821728,-0.06389460414379086,20.973246971748903,50.0,0.10902799691531409,0.4666666666666667,0.003487286109267396,1
t10_size_plus_impact_downside+reversal_chip_turn_size_eq+book_to_market_lf_plus_impact,3,t10_size_plus_impact_downside|reversal_chip_turn_size_eq|book_to_market_lf_plus_impact,120,2021-09-07,2026-08-10,3919.575,0.11696822508187482,0.07396336024735624,24.94998474665877,26.7896022507216,4.050587860309106,20.899396886349663,1.0470771149494156,24.790005420804395,76.66666666666667,0.42638255475144304,0.6833333333333333,0.034080027267353596,1,15,2026-01-09,2026-08-10,4609.8,0.0793233830654571,0.027847794395046373,10.630442240471005,25.62522247931082,3.874533638871796,6.7559086015992085,-0.11216418370127203,20.330938442099377,62.5,0.11070865885536096,0.4666666666666667,0.004098166499021843,1
t10_size_plus_impact_downside+reversal_chip_turn_eq+reversal_chip_eq,3,t10_size_plus_impact_downside|reversal_chip_turn_eq|reversal_chip_eq,120,2021-09-07,2026-08-10,3923.15,0.10866528305211028,0.06673290882221221,20.323954267470622,38.82268743429445,5.869990340065321,14.453963927405303,0.838643571242129,26.23913389230561,68.33333333333333,0.4067207527609129,0.6333333333333333,0.027991069623890242,1,15,2026-01-09,2026-08-10,4613.8,0.06852019539953397,0.020416302847779563,7.161719063583938,38.26523081588569,5.785702899361915,1.376016164222022,-0.33605085060722534,20.357605814742698,50.0,0.08216576438506898,0.4666666666666667,0.0026273399743812647,1
t10_size_plus_impact_downside+book_to_market_lf_div_oper_main_profit_ttm+reversal_chip_turn_eq,3,t10_size_plus_impact_downside|book_to_market_lf_div_oper_main_profit_ttm|reversal_chip_turn_eq,120,2021-09-07,2026-08-10,3831.15,0.1114402599926001,0.06707509607361957,22.25230317413487,26.301360522497564,3.9767657110016312,18.275537463133237,0.9530131776378112,27.39044245680311,78.33333333333333,0.43244023772379037,0.6833333333333333,0.03293068922418735,1,15,2026-01-09,2026-08-10,4511.133333333333,0.07027986803774434,0.024730653130393146,10.342098634136132,25.085986907814867,3.793001220461608,6.549097413674524,-0.11348872424628409,19.493975619735505,62.5,0.1104430788623455,0.4666666666666667,0.0036222316704596557,1
t10_size_plus_impact_downside+paper_composite+reversal_turn_eq,3,t10_size_plus_impact_downside|paper_composite|reversal_turn_eq,120,2021-09-07,2026-08-10,3915.3166666666666,0.117855606029533,0.07117453390675636,22.765481705548908,31.80423579652596,4.808800452434724,17.956681253114184,0.990653638999586,24.185403480824995,80.0,0.4281973823611234,0.6916666666666667,0.03490527788224733,1,15,2026-01-09,2026-08-10,4604.6,0.08089420514410331,0.027341819585544883,11.480839936220077,31.052620979048207,4.695156292032089,6.785683644187988,-0.12370528289800443,19.77282315502089,62.5,0.10623295021928357,0.4666666666666667,0.0040103606984476185,1
t10_size_plus_impact_downside+impact_abs_return60+reversal_turn_paper_nomcap,3,t10_size_plus_impact_downside|impact_abs_return60|reversal_turn_paper_nomcap,120,2021-09-07,2026-08-10,3915.3166666666666,0.11443858828058442,0.0726487972833628,24.96614318485273,27.970707823982977,4.229171022986225,20.736972161866504,1.063533527791311,23.772749351113497,81.66666666666667,0.4427423040195778,0.7,0.03546676297086566,1,15,2026-01-09,2026-08-10,4604.6,0.07829451291517923,0.03129547349333459,12.31306384600278,26.82654545066524,4.056173672140584,8.256890173862196,-0.05334275862428938,19.639184981839406,62.5,0.1309387344988622,0.5333333333333333,0.0054676183676364756,1
t10_size_plus_impact_downside+impact_abs_return60+reversal_chip_eq,3,t10_size_plus_impact_downside|impact_abs_return60|reversal_chip_eq,120,2021-09-07,2026-08-10,3923.15,0.11119006049690873,0.07328249056510962,25.752363579309367,30.049805782412868,4.543530634300826,21.20883294500854,1.0203577568561515,26.37024156713268,80.0,0.42761009706060277,0.7083333333333334,0.03367841139755735,1,15,2026-01-09,2026-08-10,4613.8,0.07189372101106548,0.0276261767025056,12.580912191378236,29.311013895586964,4.431825301012749,8.149086890365487,-0.04596268623317728,19.619228800297805,62.5,0.11756235755515616,0.4666666666666667,0.003944264489887644,1
t10_size_plus_impact_downside+paper_composite+reversal40,3,t10_size_plus_impact_downside|paper_composite|reversal40,120,2021-09-07,2026-08-10,3915.3166666666666,0.11694068611261908,0.07155473275214402,24.34684441688393,38.124200206374134,5.764379071203769,18.58246534568016,0.9776919847808736,25.611916984619665,75.0,0.419017272955071,0.6666666666666666,0.03266677826160306,1,15,2026-01-09,2026-08-10,4604.6,0.08525160544650687,0.029339376061283694,15.876042736581542,37.92015902044194,5.733528043890821,10.14251469269072,0.022826298556984793,18.593326653195085,62.5,0.1122061568543021,0.4666666666666667,0.004464019005978852,1
t10_size_plus_impact_downside+impact60+book_to_market_lf_div_oper_main_profit_ttm,3,t10_size_plus_impact_downside|impact60|book_to_market_lf_div_oper_main_profit_ttm,120,2021-09-07,2026-08-10,3831.15,0.09359447177256247,0.06325854556178216,23.42037136756787,15.077129766150355,2.2796620206419336,21.140709346925938,1.040894695533509,28.184962661501057,80.0,0.4129046946626978,0.7,0.027051917752556477,1,15,2026-01-09,2026-08-10,4511.133333333333,0.06859774396775128,0.03478787395847731,13.787178440643588,13.442590777166386,2.0325197255075573,11.754658715136031,0.09585870162694098,20.65641932019082,75.0,0.18934179784027771,0.5333333333333333,0.006927157424341916,1
size_only+t10_size_plus_impact_downside+book_to_market_lf_minus_size,3,size_only|t10_size_plus_impact_downside|book_to_market_lf_minus_size,120,2021-09-07,2026-08-10,3919.575,0.09256278295232984,0.06529860340402695,26.87778943100645,17.78369120937622,2.6888941108576843,24.188895320148767,1.1070917607765356,29.048848474976687,78.33333333333333,0.3657109988638191,0.6916666666666667,0.0234137659026854,1,15,2026-01-09,2026-08-10,4609.8,0.06664414264700633,0.028595943797393032,12.359645863873192,15.942432086958256,2.410495731548088,9.949150132325105,0.032836380717020906,20.729365998291694,62.5,0.13221967851367777,0.5333333333333333,0.004699555794990325,1
t10_size_plus_impact_g13+t10_size_plus_wc_mcap+t10_nomcap_plus_impact,3,t10_size_plus_impact_g13|t10_size_plus_wc_mcap|t10_nomcap_plus_impact,120,2021-09-07,2026-08-10,3919.575,0.11533507448554667,0.07236421926511945,23.349234223318426,31.894682109622835,4.822475934974972,18.526758288343455,0.9650558848572726,25.541284968131084,78.33333333333333,0.4403495303344233,0.6833333333333333,0.034704959685210736,1,15,2026-01-09,2026-08-10,4609.8,0.07117456367621561,0.02434341231900745,10.243149816836961,30.962255612577415,4.6814930486217055,5.561656768215255,-0.15907803392563957,20.058129153032468,62.5,0.10211425589180796,0.4666666666666667,0.003391704217169735,1
t10_size_plus_impact_g13+t10_nomcap_plus_impact+reversal_chip_eq,3,t10_size_plus_impact_g13|t10_nomcap_plus_impact|reversal_chip_eq,120,2021-09-07,2026-08-10,3923.15,0.11252105180268478,0.07037752934002181,22.39893934628272,36.225529476110836,5.477300056787959,16.92163928949476,0.9079622288536772,25.26404893349944,75.0,0.42215098813090657,0.6416666666666667,0.030479726972587398,1,15,2026-01-09,2026-08-10,4613.8,0.07098957152042908,0.022835854950632294,9.187128553152757,35.75307685932678,5.40586522113021,3.7812633320225477,-0.22644593607980543,20.314916191858913,50.0,0.09215769170058298,0.4666666666666667,0.0030530430215302213,1
t10_size_plus_impact_g13+t10_nomcap_plus_impact+book_to_market_lf_div_oper_main_profit_ttm,3,t10_size_plus_impact_g13|t10_nomcap_plus_impact|book_to_market_lf_div_oper_main_profit_ttm,120,2021-09-07,2026-08-10,3831.15,0.11150684869082847,0.06870648516551395,23.747870763640577,23.900092977740126,3.613694058234307,20.13417670540627,1.0021558179672694,27.177922399736833,81.66666666666667,0.4347928118118045,0.7166666666666667,0.03474570299963377,1,15,2026-01-09,2026-08-10,4511.133333333333,0.07137267608119274,0.027209428600184975,11.88534870966923,22.63502648441353,3.422416004443326,8.462932705225903,-0.03088439744854707,19.97585266580224,62.5,0.1245604698670103,0.4666666666666667,0.004148766565225005,1
t10_size_plus_impact_g13+t10_size_plus_wc_mcap+reversal_chip_eq,3,t10_size_plus_impact_g13|t10_size_plus_wc_mcap|reversal_chip_eq,120,2021-09-07,2026-08-10,3919.575,0.11277779349669606,0.07025294989681147,23.082673993873605,36.21562778049092,5.475802920410226,17.606871073463378,0.9207605519982178,26.089184207045278,80.0,0.4209206984947733,0.65,0.0308558299486636,1,15,2026-01-09,2026-08-10,4609.8,0.06925682905333334,0.020757834659038,8.754318586717702,35.799348480996706,5.412861490326702,3.3414570963909997,-0.2421002574424501,20.52217172782348,62.5,0.08438787245329053,0.4666666666666667,0.0027274036797802857,1
t10_size_plus_impact_g13+t10_size_plus_wc_mcap+book_to_market_lf_div_oper_main_profit_ttm,3,t10_size_plus_impact_g13|t10_size_plus_wc_mcap|book_to_market_lf_div_oper_main_profit_ttm,120,2021-09-07,2026-08-10,3831.15,0.10891563140812119,0.06713175761998864,22.334469782588663,22.851159828428084,3.4550953660583263,18.879374416530336,0.969489060654959,27.633545216885903,78.33333333333333,0.42700382399741327,0.7166666666666667,0.03333029695812503,1,15,2026-01-09,2026-08-10,4511.133333333333,0.06752049189177216,0.02471204857210735,11.179424573697549,21.686060400873455,3.278932332612067,7.900492241085483,-0.05282212753836544,19.871374424074805,62.5,0.11614105253246594,0.4666666666666667,0.0036595537980494506,1
t10_size_plus_impact_g13+t10_size_plus_impact_dd120+reversal40,3,t10_size_plus_impact_g13|t10_size_plus_impact_dd120|reversal40,120,2021-09-07,2026-08-10,3923.15,0.11248215678769333,0.07214143755104638,23.88726632572997,40.60187723949002,6.1390038386108925,17.748262487119078,0.9130945826568416,27.70564474973224,76.66666666666667,0.43149797118652894,0.675,0.03276168015278794,1,15,2026-01-09,2026-08-10,4613.8,0.07575411072157652,0.029023990493040466,12.006418098345861,40.92098501209699,6.1872529338290665,5.819165164516795,-0.1346955038270685,19.85261531155742,62.5,0.12091686561154866,0.4666666666666667,0.004274643158633515,1
t10_size_plus_impact_g13+reversal_chip_turn_paper+reversal_turn_paper,3,t10_size_plus_impact_g13|reversal_chip_turn_paper|reversal_turn_paper,120,2021-09-07,2026-08-10,3915.3166666666666,0.11779506244529732,0.07091443884517898,22.013150720327545,34.75771522570978,5.255366542127319,16.75778417820023,0.9475866383804115,23.807241535588563,73.33333333333333,0.4306044714585061,0.675,0.03423807940815831,1,15,2026-01-09,2026-08-10,4604.6,0.07780662547387401,0.025286168109911685,11.198878266719237,33.68589932116726,5.093307977360491,6.105570289358746,-0.15097708328179996,19.78345794736477,62.5,0.0989026184799922,0.4666666666666667,0.0035911301974138284,1
t10_size_plus_impact_g13+book_to_market_lf_plus_impact+reversal_turn_paper,3,t10_size_plus_impact_g13|book_to_market_lf_plus_impact|reversal_turn_paper,120,2021-09-07,2026-08-10,3915.3166666666666,0.11710666823308605,0.07202363060597712,23.4522257193547,26.955550119623737,4.075679178087109,19.376546541267594,1.0383357316884954,23.766881133837213,78.33333333333333,0.42198576548042355,0.6916666666666667,0.03418033170073056,1,15,2026-01-09,2026-08-10,4604.6,0.08388165885191011,0.03015500264441745,11.228345550978636,24.97051383021704,3.775541691128817,7.452803859849818,-0.09416985308370468,19.84915298185279,62.5,0.11761241855001994,0.4666666666666667,0.004603911559128391,1
t10_size_plus_impact_g13+reversal_chip_turn_paper+reversal_turn_eq,3,t10_size_plus_impact_g13|reversal_chip_turn_paper|reversal_turn_eq,120,2021-09-07,2026-08-10,3915.3166666666666,0.11487371351732013,0.06958423396002979,21.075676544382095,37.86807546558913,5.725653010397076,15.350023533985018,0.8932506428685163,25.19013232247125,76.66666666666667,0.43386556103038465,0.6666666666666666,0.03322649877522385,1,15,2026-01-09,2026-08-10,4604.6,0.07602557709470607,0.02647254169558191,8.249733527911951,37.21309439200775,5.626619872071571,2.62311365584038,-0.2957746762641932,20.305817993631912,62.5,0.10745272586582828,0.4666666666666667,0.0038122725640294614,1
t10_size_plus_impact_g13+reversal_chip_turn_paper+paper_composite,3,t10_size_plus_impact_g13|reversal_chip_turn_paper|paper_composite,120,2021-09-07,2026-08-10,3915.3166666666666,0.11327340412066526,0.0686438562845883,23.37231271144795,27.13335851892065,4.102563808060803,19.26974890338715,1.029975673736775,23.26981004927444,73.33333333333333,0.40151597780782905,0.6666666666666666,0.030320721076753522,1,15,2026-01-09,2026-08-10,4604.6,0.07444563514570327,0.02054261194138786,10.814032836651444,25.826033629813555,3.9048962848278093,6.909136551823634,-0.12465585525630557,19.908918065287175,50.0,0.07832811164731417,0.4666666666666667,0.002721220143295668,1
t10_size_plus_impact_g13+impact60+reversal_chip_turn_size_eq,3,t10_size_plus_impact_g13|impact60|reversal_chip_turn_size_eq,120,2021-09-07,2026-08-10,3923.15,0.10943272046995879,0.07327381848606637,27.601090963583964,26.105355179859846,3.9471297031948094,23.653961260389153,1.0971084822508752,26.02317901782619,81.66666666666667,0.4395362344575087,0.7,0.03366975211726477,1,15,2026-01-09,2026-08-10,4613.8,0.07161917916169462,0.030892574341247345,13.373067032657515,24.897394128556936,3.7644859922378084,9.608581040419706,0.013414509625114401,19.715776977425016,75.0,0.14025906780799355,0.5333333333333333,0.005357460963409581,1
t10_size_plus_impact_g13+reversal_chip_turn_eq+reversal_turn_paper_nomcap,3,t10_size_plus_impact_g13|reversal_chip_turn_eq|reversal_turn_paper_nomcap,120,2021-09-07,2026-08-10,3915.3166666666666,0.11408612748531,0.06730834222043312,20.259224908620954,38.18688821055032,5.773857497435209,14.485367411185745,0.8850570374079078,24.82650846971972,71.66666666666667,0.420610407876846,0.6583333333333333,0.031590659971335006,1,15,2026-01-09,2026-08-10,4604.6,0.07590223400446035,0.02399185104019765,8.518891479617018,37.31427094051484,5.641917766205844,2.8769737134111755,-0.3000214544243728,20.10442930423233,62.5,0.09355503720843839,0.4666666666666667,0.003313816952362413,1
size_only+t10_size_plus_impact_g13+reversal_chip_turn_eq,3,size_only|t10_size_plus_impact_g13|reversal_chip_turn_eq,120,2021-09-07,2026-08-10,3923.15,0.1089835510143056,0.07244163102498194,25.375859910897034,28.904792001171238,4.370404550577091,21.005455360319946,1.0090716025405064,27.3553832560127,83.33333333333334,0.41908723638790224,0.7,0.031971530644427704,1,15,2026-01-09,2026-08-10,4613.8,0.06630932150734019,0.025029166779884475,10.399498732086576,27.30785883984248,4.1289482565841835,6.270550475502393,-0.11321693025835494,20.936143470117464,62.5,0.11032937527475464,0.4666666666666667,0.0034140708078389246,1
t10_size_plus_impact_g13+impact_abs_return60+reversal_turn_eq,3,t10_size_plus_impact_g13|impact_abs_return60|reversal_turn_eq,120,2021-09-07,2026-08-10,3923.15,0.11137073540593852,0.07300735318760072,25.320637455835037,29.279969897572265,4.4271314485129265,20.89350600732211,1.0447974047876398,25.24815800875453,80.0,0.4519161743386126,0.7083333333333334,0.03565058431353347,1,15,2026-01-09,2026-08-10,4613.8,0.07536002457526915,0.033952096944654425,11.786025117484334,28.48765358415036,4.307333221923535,7.478691895560799,-0.07325788824602351,19.817552081255318,62.5,0.15295873313362995,0.5333333333333333,0.00614771940690794,1
t10_size_plus_impact_g13+book_to_market_lf_minus_size+reversal_turn_paper_nomcap,3,t10_size_plus_impact_g13|book_to_market_lf_minus_size|reversal_turn_paper_nomcap,120,2021-09-07,2026-08-10,3915.3166666666666,0.11815687708203823,0.07100040285216633,23.228442087705936,28.401948512554515,4.294374615098243,18.934067472607694,1.0262286192181702,23.739681809162484,78.33333333333333,0.4149028867402947,0.6916666666666667,0.033908010327776114,1,15,2026-01-09,2026-08-10,4604.6,0.0830544968565059,0.026705589238178354,11.351927506352089,26.547520121682517,4.013985042398397,7.337942463953692,-0.10279958512587999,19.991740485181886,62.5,0.10092794022397962,0.4666666666666667,0.003911842337230861,1
t10_size_plus_impact_g13+book_to_market_lf_minus_size+reversal_chip_eq,3,t10_size_plus_impact_g13|book_to_market_lf_minus_size|reversal_chip_eq,120,2021-09-07,2026-08-10,3919.575,0.11695784877961471,0.07313831893036911,25.0158775215241,31.81085284539296,4.8098009502234165,20.20607657130068,1.0005161253082462,26.1374102192891,76.66666666666667,0.41122883636363927,0.7,0.033667508040064804,1,15,2026-01-09,2026-08-10,4609.8,0.07797752001976241,0.023419366648433092,12.902862106502432,31.301142366547168,4.732732725821932,8.170129380680502,-0.0514408311922714,19.992359690484506,50.0,0.08955724765120383,0.4666666666666667,0.0032589443000970645,1
t10_size_plus_impact_g13+impact_abs_return60+reversal40,3,t10_size_plus_impact_g13|impact_abs_return60|reversal40,120,2021-09-07,2026-08-10,3923.15,0.11204349061702062,0.07444095868599865,26.037913897546083,35.935319909033744,5.433420370245901,20.604493527300182,1.0054079667175506,27.317967877404005,86.66666666666667,0.44308853050134334,0.7,0.0347516299268157,1,15,2026-01-09,2026-08-10,4613.8,0.08002489050406468,0.0362026556624856,14.539249827953416,35.984764380736316,5.440896374367331,9.098353453586084,-0.0047334295958297535,19.668255006028858,75.0,0.15804013151332694,0.5333333333333333,0.006745143583787717,1
size_only+t10_size_plus_impact_g13+impact60,3,size_only|t10_size_plus_impact_g13|impact60,120,2021-09-07,2026-08-10,3923.15,0.0863636141405324,0.06453649887395524,28.9835636575557,16.29821656426983,2.4642903445175985,26.5192733130381,1.1558454114733698,29.49859828362811,76.66666666666667,0.3821020769483802,0.6833333333333333,0.02254980616284172,1,15,2026-01-09,2026-08-10,4613.8,0.06197213236923297,0.03310744030955606,15.019443861587012,15.336566586244032,2.3188888678400974,12.700554993746916,0.13612884686471577,20.426104970879322,62.5,0.17729940959077742,0.5333333333333333,0.005860065322744806,1
t10_size_plus_impact_g13+book_to_market_lf_minus_size+paper_composite,3,t10_size_plus_impact_g13|book_to_market_lf_minus_size|paper_composite,120,2021-09-07,2026-08-10,3915.3166666666666,0.0978575640806505,0.0621126793477174,22.733772895698777,16.895778219410012,2.5546416667747938,20.179131228923985,1.058711099492046,26.31263960400493,73.33333333333333,0.3539154552107177,0.675,0.023377480427755396,1,15,2026-01-09,2026-08-10,4604.6,0.07247249837726674,0.023378658833820527,10.876116107257449,15.379785411897071,2.3254235542788373,8.550692552978614,-0.0465326064746233,20.53952463473245,50.0,0.09450553099654284,0.5333333333333333,0.0036528277022878307,1
size_only+t10_size_plus_impact_g13+book_to_market_lf_div_oper_main_profit_ttm,3,size_only|t10_size_plus_impact_g13|book_to_market_lf_div_oper_main_profit_ttm,120,2021-09-07,2026-08-10,3831.15,0.08509010729509621,0.0598131483318902,23.783951889969003,15.059756158995524,2.277035131240123,21.506916758728877,1.0238988705298566,29.82731405999607,73.33333333333333,0.3603379611380943,0.7,0.021462837043015656,1,15,2026-01-09,2026-08-10,4511.133333333333,0.058689157302916274,0.0284657305330679,11.169761115719712,13.757220192115929,2.0800916930479283,9.089669422671784,0.004242914617914601,21.8688759284957,50.0,0.15581668559367343,0.5333333333333333,0.004877199984653945,1
t10_size_plus_wc_mcap+t10_nomcap_plus_impact+reversal_chip_eq,3,t10_size_plus_wc_mcap|t10_nomcap_plus_impact|reversal_chip_eq,120,2021-09-07,2026-08-10,3919.575,0.1092582645865086,0.06632797210653267,20.453260908897075,38.90100526744689,5.88183199643797,14.571428912459105,0.8438096770552118,26.904657054258184,68.33333333333333,0.40764244897734875,0.625,0.02783644159191219,1,15,2026-01-09,2026-08-10,4609.8,0.0682002616368554,0.01940420335708976,8.498700180803343,38.54587969067099,5.8281370092294535,2.6705631715738885,-0.2763184339057864,20.33675879315662,50.0,0.078453482504297,0.4666666666666667,0.002496922415453906,1
t10_size_plus_wc_mcap+t10_nomcap_plus_impact+book_to_market_lf_div_oper_main_profit_ttm,3,t10_size_plus_wc_mcap|t10_nomcap_plus_impact|book_to_market_lf_div_oper_main_profit_ttm,120,2021-09-07,2026-08-10,3831.15,0.11064624990481331,0.066121162967671,21.727649097409696,26.19807233111829,3.9611485364650854,17.76650056094461,0.9442024241711813,26.632994928630282,78.33333333333333,0.4344214849524866,0.6666666666666666,0.03204473879204862,1,15,2026-01-09,2026-08-10,4511.133333333333,0.0682575175510323,0.022869783980678723,8.940348123014441,24.16991497725622,3.654491144561141,5.2858569784533005,-0.16312249346846983,20.144734777124295,50.0,0.10374263669010308,0.4666666666666667,0.0033045669275103707,1
t10_size_plus_impact_dd120+t10_nomcap_plus_impact+reversal40,3,t10_size_plus_impact_dd120|t10_nomcap_plus_impact|reversal40,120,2021-09-07,2026-08-10,3923.15,0.1094259822578144,0.06836418841367256,20.9740693409862,42.799480922413814,6.471281515468968,14.502787825517233,0.8346688626470375,26.550057771958834,71.66666666666667,0.4188700914485576,0.6416666666666667,0.029410965683573168,1,15,2026-01-09,2026-08-10,4613.8,0.0746165581709646,0.027313518995611477,8.74842529979153,43.26102097773781,6.541066371833956,2.2073589279575727,-0.28541181198603843,20.143952381888198,50.0,0.11325699434486206,0.4666666666666667,0.003943728649840938,1
t10_nomcap_plus_impact+reversal_chip_turn_paper+reversal_turn_paper,3,t10_nomcap_plus_impact|reversal_chip_turn_paper|reversal_turn_paper,120,2021-09-07,2026-08-10,3915.3166666666666,0.114796220491203,0.06731851903494397,19.932173212321057,37.41416928076299,5.657022395251364,14.275150817069694,0.8838332673534662,24.17635060943185,71.66666666666667,0.4174982633409798,0.6583333333333333,0.031552088273013756,1,15,2026-01-09,2026-08-10,4604.6,0.07704272199652065,0.023891156188346682,9.051685974890223,36.77766139603312,5.560782403080207,3.490903571810015,-0.2712942588972736,20.310277350421412,62.5,0.09257546420245709,0.4666666666666667,0.00332839068438275,1
book_to_market_lf_plus_impact+t10_nomcap_plus_impact+reversal_turn_paper,3,book_to_market_lf_plus_impact|t10_nomcap_plus_impact|reversal_turn_paper,120,2021-09-07,2026-08-10,3915.3166666666666,0.12033073397150312,0.07141842448435494,22.0067880159738,29.976581941977358,4.532459189626977,17.474328826346824,0.9938784861862222,22.52421843349739,78.33333333333333,0.4245994148023217,0.7,0.03576465145892386,1,15,2026-01-09,2026-08-10,4604.6,0.08545527270309854,0.02856356030838101,10.73527665925129,28.097708887684885,4.248373583817955,6.486903075433337,-0.14194657944755956,19.741515135035602,62.5,0.10770022136021998,0.4666666666666667,0.004294990833710116,1
t10_nomcap_plus_impact+reversal_chip_turn_paper+reversal_turn_eq,3,t10_nomcap_plus_impact|reversal_chip_turn_paper|reversal_turn_eq,120,2021-09-07,2026-08-10,3915.3166666666666,0.11027361454596821,0.06493564516574972,19.04857505260931,40.50246197672166,6.123972250880316,12.924602801728991,0.831475075812403,25.686277240151345,68.33333333333333,0.413737412539834,0.5916666666666667,0.026994389305917802,1,15,2026-01-09,2026-08-10,4604.6,0.07444548363014045,0.024878736384071877,6.794033860065529,39.50955597290214,5.973844863102804,0.8201889969627251,-0.38417442833029675,20.190412060526764,50.0,0.10078251079600603,0.4666666666666667,0.0035013079535786426,1
t10_nomcap_plus_impact+reversal_chip_turn_paper+paper_composite,3,t10_nomcap_plus_impact|reversal_chip_turn_paper|paper_composite,120,2021-09-07,2026-08-10,3915.3166666666666,0.1149938657952183,0.06724721535042706,20.56512837770079,30.062642938972033,4.545471612372571,16.01965676532822,0.9506865021788774,22.260912014713373,71.66666666666667,0.40177001512886196,0.7,0.03234076104018982,1,15,2026-01-09,2026-08-10,4604.6,0.07538074299503511,0.018900514326436118,10.953411385642875,28.58958212281507,4.322744816969639,6.630666568673236,-0.14471882764849706,19.7821888507113,50.0,0.07008653617491177,0.4666666666666667,0.0024654817463795192,1
impact60+reversal_chip_turn_size_eq+t10_nomcap_plus_impact,3,impact60|reversal_chip_turn_size_eq|t10_nomcap_plus_impact,120,2021-09-07,2026-08-10,3923.15,0.11401885437535067,0.07375157655094529,25.982758778831293,29.215039609936877,4.417313989022456,21.565444789808836,1.0509047027263454,24.837967317527077,81.66666666666667,0.4499452272145989,0.6916666666666667,0.03548404887591025,1,15,2026-01-09,2026-08-10,4613.8,0.07349707774391821,0.0294899875298138,10.561198299556862,27.441841207746513,4.149206390611273,6.411991908945589,-0.11562522784021355,20.15307531298115,62.5,0.12835545192453202,0.4666666666666667,0.004402416960178107,1
t10_nomcap_plus_impact+reversal_chip_turn_eq+reversal_turn_paper_nomcap,3,t10_nomcap_plus_impact|reversal_chip_turn_eq|reversal_turn_paper_nomcap,120,2021-09-07,2026-08-10,3915.3166666666666,0.1085113487768893,0.06206481533303266,17.324405899500395,40.17207466879828,6.0740176899223,11.250388209578094,0.7959079352175212,25.65159949268213,66.66666666666666,0.3954936293354253,0.6,0.025749328291112466,1,15,2026-01-09,2026-08-10,4604.6,0.07399794828149209,0.022486889824770016,7.284585677040612,40.06173903650874,6.057334942320122,1.227250734720489,-0.37832480432943816,20.181980846813108,62.5,0.08784663412618884,0.4666666666666667,0.003033552988094011,1
size_only+t10_nomcap_plus_impact+reversal_chip_turn_eq,3,size_only|t10_nomcap_plus_impact|reversal_chip_turn_eq,120,2021-09-07,2026-08-10,3923.15,0.11232459269926709,0.07209749980575443,24.37145750404799,32.17483686399359,4.864835333835831,19.506622170212157,0.9771177616307402,26.950858982825444,76.66666666666667,0.4283438424882668,0.6916666666666667,0.033278537119557396,1,15,2026-01-09,2026-08-10,4613.8,0.06753012777427743,0.02318978939796427,9.327267861245215,30.212479086946804,4.568126837946357,4.759141023298858,-0.1825752559983097,20.75885349804718,50.0,0.09891042676818707,0.4666666666666667,0.003117069087003192,1
t10_nomcap_plus_impact+impact_abs_return60+reversal_turn_eq,3,t10_nomcap_plus_impact|impact_abs_return60|reversal_turn_eq,120,2021-09-07,2026-08-10,3923.15,0.11448662170719395,0.07229058459579248,23.68337750217271,32.63036364362671,4.933710982916359,18.74966651925635,0.9930508883666187,24.680586499870316,78.33333333333333,0.456239631785862,0.6916666666666667,0.036128056108034066,1,15,2026-01-09,2026-08-10,4613.8,0.07668564046726291,0.03229364217110762,12.19009364324959,31.796899704758196,4.807691235359439,7.38240240789015,-0.08821215052915532,19.03645875770945,62.5,0.1403871173321247,0.4666666666666667,0.005023982136117825,1
book_to_market_lf_minus_size+t10_nomcap_plus_impact+reversal_turn_paper_nomcap,3,book_to_market_lf_minus_size|t10_nomcap_plus_impact|reversal_turn_paper_nomcap,120,2021-09-07,2026-08-10,3915.3166666666666,0.11958441636361435,0.06942616393288349,20.9217987211455,31.869130441271565,4.818612522720261,16.10318619842524,0.956273025562082,22.492899359478013,71.66666666666667,0.4142127347109796,0.7166666666666667,0.03549892816039887,1,15,2026-01-09,2026-08-10,4604.6,0.0837881665695052,0.02488349221805224,10.972214586103767,29.98744781140265,4.534102109084081,6.438112477019686,-0.15219573720907464,19.891468278359348,62.5,0.09155183354180095,0.5333333333333333,0.004091178815223483,1
book_to_market_lf_minus_size+t10_nomcap_plus_impact+reversal_chip_eq,3,book_to_market_lf_minus_size|t10_nomcap_plus_impact|reversal_chip_eq,120,2021-09-07,2026-08-10,3919.575,0.11774029289293564,0.07149451056555535,22.708565022774696,35.154830424722974,5.315410360218114,17.393154662556583,0.9335318008278541,25.28700787841479,75.0,0.41338424789334755,0.675,0.03285358813639484,1,15,2026-01-09,2026-08-10,4609.8,0.0782491235221499,0.021542322539879314,12.624582288452302,34.967062318155335,5.287019822505087,7.337562465947214,-0.08947156780707612,19.808467448969267,62.5,0.08045723834235251,0.4666666666666667,0.002937997244607505,1
t10_nomcap_plus_impact+impact_abs_return60+reversal40,3,t10_nomcap_plus_impact|impact_abs_return60|reversal40,120,2021-09-07,2026-08-10,3923.15,0.11554332734012934,0.07395375816283907,23.51965420801092,38.80989444687461,5.86805604036744,17.651598167643478,0.9283170800705552,27.075364159668304,83.33333333333334,0.4479988217523133,0.7,0.03623429215680385,1,15,2026-01-09,2026-08-10,4613.8,0.08167964626847488,0.03455753301963952,12.351834835950582,38.78501572066637,5.8642943769647555,6.487540458985825,-0.1056075600109364,19.976563119065215,62.5,0.14574555877668002,0.4666666666666667,0.005555407986837538,1
size_only+impact60+t10_nomcap_plus_impact,3,size_only|impact60|t10_nomcap_plus_impact,120,2021-09-07,2026-08-10,3923.15,0.09683254142220636,0.06908324834783126,29.03792908833458,20.825927059123742,3.14888017133951,25.889048916995073,1.1428171131618654,28.250843666543968,80.0,0.4107027789807132,0.6916666666666667,0.027507164085023413,1,15,2026-01-09,2026-08-10,4613.8,0.06639051087869667,0.032586251470257725,14.259887840142149,19.080156629614102,2.8849196823976526,11.374968157744497,0.08736273682215279,20.251915260965315,75.0,0.16276429138197526,0.5333333333333333,0.005763202377417804,1
book_to_market_lf_minus_size+t10_nomcap_plus_impact+paper_composite,3,book_to_market_lf_minus_size|t10_nomcap_plus_impact|paper_composite,120,2021-09-07,2026-08-10,3915.3166666666666,0.10645880130572292,0.06444254894159579,22.359656064608036,21.020944283101553,3.178366775604955,19.181289289003082,1.0384532934107737,24.180080837680396,71.66666666666667,0.3691594139156091,0.675,0.026527681369920796,1,15,2026-01-09,2026-08-10,4604.6,0.07622674354958034,0.021640001097175655,10.505830497401213,19.534517159689315,2.9536189945450246,7.552211502856189,-0.09205160616242065,20.410448970985396,50.0,0.08266070167212228,0.4666666666666667,0.002940446183728308,1
size_only+t10_nomcap_plus_impact+book_to_market_lf_div_oper_main_profit_ttm,3,size_only|t10_nomcap_plus_impact|book_to_market_lf_div_oper_main_profit_ttm,120,2021-09-07,2026-08-10,3831.15,0.09681064753854872,0.06334171452805461,23.362415050308492,18.532525958335103,2.8021179249002675,20.560297125408226,0.9997367814719149,28.97685647450444,76.66666666666667,0.38931180076499583,0.7166666666666667,0.027010828060628028,1,15,2026-01-09,2026-08-10,4511.133333333333,0.06274366695795917,0.02717846745551788,10.756317056067443,17.139324125346057,2.591465807752324,8.16485124831512,-0.031560340815615026,21.62593074492748,62.5,0.13900143416369,0.5333333333333333,0.004651445168984135,1
t10_size_plus_impact_dd120+t10_size_plus_wc_mcap+reversal40,3,t10_size_plus_impact_dd120|t10_size_plus_wc_mcap|reversal40,120,2021-09-07,2026-08-10,3919.575,0.10927445747330948,0.06803739916353622,22.104152103815423,42.84767650302005,6.47856868725663,15.625583416558792,0.8589492634033035,26.66412442287981,73.33333333333333,0.4173218789237586,0.6583333333333333,0.030021726091497777,1,15,2026-01-09,2026-08-10,4609.8,0.07276775692970576,0.025164828963643353,9.284175843293063,43.01067101919353,6.503213458102063,2.7809623851910006,-0.25998970426581575,20.236748505916236,50.0,0.10524738308617515,0.4666666666666667,0.0035740207952877955,1
t10_size_plus_wc_mcap+reversal_chip_turn_paper+reversal_turn_paper,3,t10_size_plus_wc_mcap|reversal_chip_turn_paper|reversal_turn_paper,120,2021-09-07,2026-08-10,3915.3166666666666,0.11472949350174369,0.06695293768894311,20.306278299636183,36.73238424916212,5.553936498473313,14.752341801162869,0.8925473363461299,24.160436370511707,75.0,0.42005991139931176,0.6583333333333333,0.031727230076193325,1,15,2026-01-09,2026-08-10,4604.6,0.0752898877961288,0.022001555364594857,9.788546638101426,35.595513615076584,5.382041658599579,4.406504979501846,-0.23295071064777406,19.72726566205032,62.5,0.08636627386102029,0.4666666666666667,0.0030345032985707766,1
book_to_market_lf_plus_impact+t10_size_plus_wc_mcap+reversal_turn_paper,3,book_to_market_lf_plus_impact|t10_size_plus_wc_mcap|reversal_turn_paper,120,2021-09-07,2026-08-10,3915.3166666666666,0.11981522860248933,0.07078925349063107,21.470838534409054,29.35708525040607,4.438791289861397,17.032047244547655,0.9755364785188761,23.329858724254393,78.33333333333333,0.42694586113837985,0.6916666666666667,0.03538194270095064,1,15,2026-01-09,2026-08-10,4604.6,0.08327381050517675,0.026566647910617077,9.72186566053318,27.05973541940153,4.091431995413512,5.630433665119669,-0.17859464097922312,20.033072415081822,62.5,0.10178331798193273,0.4666666666666667,0.003955412875967287,1
t10_size_plus_wc_mcap+reversal_chip_turn_paper+reversal_turn_eq,3,t10_size_plus_wc_mcap|reversal_chip_turn_paper|reversal_turn_eq,120,2021-09-07,2026-08-10,3915.3166666666666,0.11074003994496404,0.06488542785111,19.115159317927443,39.96435901787797,6.042611083503148,13.072548234424294,0.8313488886060157,26.13059576918413,70.0,0.4164937951801001,0.6,0.02767352370904437,1,15,2026-01-09,2026-08-10,4604.6,0.07299874464038446,0.02301667664979395,5.394164508471066,39.03613731107015,5.902263961433806,-0.5080994529627396,-0.44111980119436434,20.8892109959678,37.5,0.09417868502181431,0.4666666666666667,0.003208298696621491,1
t10_size_plus_wc_mcap+reversal_chip_turn_paper+paper_composite,3,t10_size_plus_wc_mcap|reversal_chip_turn_paper|paper_composite,120,2021-09-07,2026-08-10,3915.3166666666666,0.11330646374326445,0.0659676097705946,20.030254382512958,29.34006937088171,4.436218488877315,15.594035893635644,0.9334932099883204,23.027501582792496,73.33333333333333,0.40271201658728617,0.6833333333333333,0.03118041424605657,1,15,2026-01-09,2026-08-10,4604.6,0.07259471728843626,0.016798635182413667,9.08125024010068,27.96897017664205,4.2289082907082785,4.852341949392402,-0.2215095124100064,20.105082952518938,50.0,0.06363420716764984,0.4666666666666667,0.002155770063631018,1
impact60+reversal_chip_turn_size_eq+t10_size_plus_wc_mcap,3,impact60|reversal_chip_turn_size_eq|t10_size_plus_wc_mcap,120,2021-09-07,2026-08-10,3919.575,0.11442110670956603,0.07377871133191455,25.101993895767684,28.58848317360006,4.322578655848329,20.779415239919352,1.0256244541765838,25.933775007084968,81.66666666666667,0.4463670802078881,0.6916666666666667,0.03532605559363873,1,15,2026-01-09,2026-08-10,4609.8,0.07176615307017027,0.02744575520933772,10.746417540709674,27.248073510734667,4.119908714823082,6.626508825886593,-0.10427885063079116,19.99673164343082,62.5,0.12035040788194543,0.4666666666666667,0.0040306400372527905,1
t10_size_plus_wc_mcap+reversal_chip_turn_eq+reversal_turn_paper_nomcap,3,t10_size_plus_wc_mcap|reversal_chip_turn_eq|reversal_turn_paper_nomcap,120,2021-09-07,2026-08-10,3915.3166666666666,0.10910858770728714,0.06208027110384424,17.733087392296156,39.82494184660144,6.021531207206137,11.711556185090016,0.8040166288274654,25.324290744375855,70.0,0.4001115544915744,0.5916666666666667,0.025829567259599572,1,15,2026-01-09,2026-08-10,4604.6,0.07254580534011665,0.020590194716482615,5.670109061468487,38.89015822431372,5.880191923516236,-0.2100828620477488,-0.44636789805700794,20.34528582311944,50.0,0.08127152499959152,0.4666666666666667,0.002751423841746902,1
size_only+t10_size_plus_wc_mcap+reversal_chip_turn_eq,3,size_only|t10_size_plus_wc_mcap|reversal_chip_turn_eq,120,2021-09-07,2026-08-10,3919.575,0.11050412155562504,0.07071053844281149,23.599673924954434,31.66173796914985,4.7872547809354575,18.81241914401898,0.9548438068017534,26.72468423851303,80.0,0.4218006681654855,0.6833333333333333,0.031850653409921825,1,15,2026-01-09,2026-08-10,4609.8,0.06498173041095424,0.020891839817298016,7.644784539899286,29.87739552991428,4.5174622041230394,3.1273223357762463,-0.24825539918315548,21.296537949536987,50.0,0.09051389931367,0.4666666666666667,0.0027448165750344083,1
t10_size_plus_wc_mcap+impact_abs_return60+reversal_turn_eq,3,t10_size_plus_wc_mcap|impact_abs_return60|reversal_turn_eq,120,2021-09-07,2026-08-10,3919.575,0.11525827379578185,0.07250996478647641,24.040490503306057,32.39427578680456,4.89801449896485,19.142476004341205,0.9942897070777216,25.18181807590725,80.0,0.4546163458095651,0.6833333333333333,0.035805501759193746,1,15,2026-01-09,2026-08-10,4609.8,0.07512180192036096,0.030229499131239505,10.183004417151198,31.419469741953503,4.75062382498337,5.432380592167829,-0.16471055103499901,19.73243661993508,62.5,0.13234911698667995,0.4666666666666667,0.004639741936950424,1
book_to_market_lf_minus_size+t10_size_plus_wc_mcap+reversal_turn_paper_nomcap,3,book_to_market_lf_minus_size|t10_size_plus_wc_mcap|reversal_turn_paper_nomcap,120,2021-09-07,2026-08-10,3915.3166666666666,0.11791671967084257,0.06806344865076008,19.958103613873067,30.749045139101828,4.649255625032196,15.308847988840874,0.932207238531253,23.484607905593812,76.66666666666667,0.41629449217425424,0.675,0.03313445463060343,1,15,2026-01-09,2026-08-10,4604.6,0.08098977959865472,0.022775046693833307,9.18306285062821,29.03854216876835,4.390627575917774,4.792435274710435,-0.2207125556803836,20.129091374054077,62.5,0.08559539947418975,0.4666666666666667,0.003235097851100936,1
book_to_market_lf_minus_size+t10_size_plus_wc_mcap+reversal_chip_eq,3,book_to_market_lf_minus_size|t10_size_plus_wc_mcap|reversal_chip_eq,120,2021-09-07,2026-08-10,3919.575,0.11604684222891147,0.06998825291207449,21.816614960339464,34.18455728774249,5.168705061906666,16.6479098984328,0.9139973734616162,25.6528983002843,78.33333333333333,0.411587868303252,0.6666666666666666,0.031842314944214314,1,15,2026-01-09,2026-08-10,4609.8,0.07555420074187635,0.019368261959980055,11.454846093142933,33.543695629110445,5.0718067791214985,6.383039314021436,-0.12925000868817302,19.88664580859173,62.5,0.07370146256690244,0.4666666666666667,0.0025986123789498283,1
t10_size_plus_wc_mcap+impact_abs_return60+reversal40,3,t10_size_plus_wc_mcap|impact_abs_return60|reversal40,120,2021-09-07,2026-08-10,3919.575,0.1155389195737112,0.07372309206184617,24.61477410868924,38.94458980717969,5.888421978845568,18.726352129843672,0.9504183296544102,26.922361344948385,85.0,0.4444431087845688,0.6833333333333333,0.03508949234398282,1,15,2026-01-09,2026-08-10,4609.8,0.0797948489412273,0.03225971839187502,14.199825995531723,38.66404981760741,5.846004332422241,8.353821663109482,-0.0355852594782474,19.22917717313217,62.5,0.13714978592742105,0.4666666666666667,0.005107128343520105,1
size_only+impact60+t10_size_plus_wc_mcap,3,size_only|impact60|t10_size_plus_wc_mcap,120,2021-09-07,2026-08-10,3919.575,0.09461342863481102,0.06770134255610843,27.7647559102437,19.710047610628823,2.980159198727078,24.78459671151662,1.1163973227141226,28.393817019750777,80.0,0.39901826873256374,0.7083333333333334,0.02674134459900594,1,15,2026-01-09,2026-08-10,4609.8,0.0635507956681101,0.030348506536646936,13.36401420674177,18.243713404779175,2.758449466802611,10.60556473993916,0.061381350728451564,20.386641348444034,75.0,0.15402483886011334,0.5333333333333333,0.005220480566513411,1
book_to_market_lf_minus_size+t10_size_plus_wc_mcap+paper_composite,3,book_to_market_lf_minus_size|t10_size_plus_wc_mcap|paper_composite,120,2021-09-07,2026-08-10,3915.3166666666666,0.10241738928585052,0.061874005862161026,20.21728223169026,19.687366015240332,2.976729741504338,17.24055249018592,0.9860510274991603,25.35400007628753,73.33333333333333,0.3656626469750132,0.675,0.025278894222210763,1,15,2026-01-09,2026-08-10,4604.6,0.07217113862169397,0.019426290783903073,8.494235656378669,17.651750161282283,2.6689446243858814,5.825291031992787,-0.1600834417344476,20.999978973450606,50.0,0.07661690654256968,0.4666666666666667,0.002580447045329612,1
size_only+t10_size_plus_wc_mcap+book_to_market_lf_div_oper_main_profit_ttm,3,size_only|t10_size_plus_wc_mcap|book_to_market_lf_div_oper_main_profit_ttm,120,2021-09-07,2026-08-10,3831.15,0.09032027851264036,0.059930056105074694,21.44248969227396,17.495667464922924,2.645344920696346,18.797144771577614,0.9612664284273198,29.54210372764674,73.33333333333333,0.37320727214532806,0.7333333333333333,0.024719335492946453,1,15,2026-01-09,2026-08-10,4511.133333333333,0.0573652228146743,0.024293581378690664,9.522073072924686,16.294322147098008,2.463701508641219,7.058371564283466,-0.07527290791462776,21.503355852839523,50.0,0.12921742016430313,0.5333333333333333,0.003953379252940073,1
t10_size_plus_impact_dd120+impact60+reversal_turn_paper,3,t10_size_plus_impact_dd120|impact60|reversal_turn_paper,120,2021-09-07,2026-08-10,3915.3166666666666,0.11558256696169086,0.0746137111085388,26.18299913561948,29.96205495186686,4.530262708722269,21.65273642689721,1.0676579946904987,24.58551588780008,81.66666666666667,0.45147108199365427,0.7,0.036527530596058996,1,15,2026-01-09,2026-08-10,4604.6,0.07734109128664078,0.031549298965960156,14.019398504459168,28.841254414954697,4.36079766754115,9.65860083691802,0.010343956232617888,19.20153716330799,62.5,0.1339622350032527,0.5333333333333333,0.0055257522380527955,1
t10_size_plus_impact_dd120+reversal_chip_turn_paper+reversal_chip_turn_eq,3,t10_size_plus_impact_dd120|reversal_chip_turn_paper|reversal_chip_turn_eq,120,2021-09-07,2026-08-10,3915.3166666666666,0.10934546219902905,0.06617730684114966,19.771673789664113,37.23287712888984,5.629611021888143,14.14206276777597,0.848691383935179,25.86911326033714,70.0,0.40645086289979704,0.6166666666666667,0.027406860436733037,1,15,2026-01-09,2026-08-10,4604.6,0.06733798221414272,0.01867073928533825,7.885860963396452,36.45823803867758,5.5124855914480495,2.3733753719484016,-0.30049167088524864,20.75681116115321,50.0,0.07436017298744838,0.4666666666666667,0.002336723202832375,1
t10_size_plus_impact_dd120+impact_abs_return60+reversal_chip_turn_paper,3,t10_size_plus_impact_dd120|impact_abs_return60|reversal_chip_turn_paper,120,2021-09-07,2026-08-10,3915.3166666666666,0.1128828236370836,0.07320431324974731,25.70800373851556,28.97931079138159,4.381671791656896,21.326331946858666,1.038739823263628,24.878337264693485,81.66666666666667,0.4288034717144594,0.7083333333333334,0.03428655389302968,1,15,2026-01-09,2026-08-10,4604.6,0.07004959454728837,0.02491217012263881,12.428298176230012,27.494480366838246,4.157165431465943,8.27113274476407,-0.046467813088927744,19.769152166015914,62.5,0.10426480267929553,0.4666666666666667,0.0034083966715109165,1
t10_size_plus_impact_dd120+reversal_chip_turn_size_eq+reversal40,3,t10_size_plus_impact_dd120|reversal_chip_turn_size_eq|reversal40,120,2021-09-07,2026-08-10,3923.15,0.10786384395295127,0.0677297514593211,21.697367957115343,43.193731242198794,6.5308921638204565,15.166475793294886,0.8435533799588495,26.599663008753748,73.33333333333333,0.41257101669142027,0.6583333333333333,0.02929681804457659,1,15,2026-01-09,2026-08-10,4613.8,0.07203110887262747,0.025386941731649508,9.108765010397601,42.94336725742399,6.493037129322507,2.6157278810750944,-0.2687311224348185,20.43335753176363,50.0,0.10615677531909047,0.4666666666666667,0.0035684087789356806,1
t10_size_plus_impact_dd120+reversal_chip_turn_eq+reversal_turn_eq,3,t10_size_plus_impact_dd120|reversal_chip_turn_eq|reversal_turn_eq,120,2021-09-07,2026-08-10,3923.15,0.10553329890966229,0.06372574270256458,18.66794759732755,40.380138069653846,6.105476876131663,12.562470721195886,0.8024457288450723,26.970249213865106,68.33333333333333,0.40809425968077895,0.6166666666666667,0.02655831231896221,1,15,2026-01-09,2026-08-10,4613.8,0.06839455488719696,0.023170446995984625,5.309925747813516,39.45138560786071,5.9650495039085385,-0.6551237560950232,-0.4323334670838892,21.033158410601395,37.5,0.09815678661448493,0.4666666666666667,0.0031329152071724597,1
t10_size_plus_impact_dd120+paper_composite+reversal_chip_turn_eq,3,t10_size_plus_impact_dd120|paper_composite|reversal_chip_turn_eq,120,2021-09-07,2026-08-10,3915.3166666666666,0.11427504371139621,0.06902802298527831,22.10689020306591,32.262741180311274,4.878126466463065,17.228763736602843,0.9505969879910929,23.872714261745553,76.66666666666667,0.40791006557099757,0.6666666666666666,0.03107596038229616,1,15,2026-01-09,2026-08-10,4604.6,0.07163285483730367,0.01789117338783167,11.787051620395307,31.49880307241783,4.7626190245495765,7.024432595845729,-0.1153148239465695,19.630037425781655,62.5,0.06742264181949209,0.4666666666666667,0.0022538489466281584,1
t10_size_plus_impact_dd120+book_to_market_lf_minus_size+reversal_turn_eq,3,t10_size_plus_impact_dd120|book_to_market_lf_minus_size|reversal_turn_eq,120,2021-09-07,2026-08-10,3919.575,0.1187403957893296,0.07333595950471389,23.98359764606093,34.2665561815874,5.181103294656015,18.802494351404913,0.9848568636252566,25.340157837221668,78.33333333333333,0.4353595133468467,0.6833333333333333,0.035324753299060575,1,15,2026-01-09,2026-08-10,4609.8,0.08004798748716159,0.02722507599233764,12.398481725379662,32.99426838571403,4.98873337991996,7.409748345459702,-0.08655606799015958,20.076945049256356,62.5,0.10681404527798735,0.4666666666666667,0.003990116367937207,1
t10_size_plus_impact_dd120+book_to_market_lf_plus_impact+reversal_turn_paper_nomcap,3,t10_size_plus_impact_dd120|book_to_market_lf_plus_impact|reversal_turn_paper_nomcap,120,2021-09-07,2026-08-10,3915.3166666666666,0.11858865307657399,0.07025231995861615,21.17020733864978,30.145920706921952,4.5580632108865995,16.612144127763184,0.9680857815129553,22.147828723339302,71.66666666666667,0.4171775481895168,0.7083333333333334,0.03504303750295416,1,15,2026-01-09,2026-08-10,4604.6,0.08296410349032325,0.02551876464715836,11.161754353928998,28.21542633526995,4.2661724618928165,6.895581892036182,-0.129347929469001,19.515568303749685,62.5,0.09441754047022508,0.4666666666666667,0.003655524412807651,1
t10_size_plus_impact_dd120+book_to_market_lf_plus_impact+reversal_chip_eq,3,t10_size_plus_impact_dd120|book_to_market_lf_plus_impact|reversal_chip_eq,120,2021-09-07,2026-08-10,3919.575,0.11662509493228784,0.07205145704104171,23.518473256269502,33.2565209256804,5.028385963962876,18.490087292306626,0.9643233760987358,24.37711631255526,75.0,0.41436323046632245,0.675,0.03261947698546942,1,15,2026-01-09,2026-08-10,4609.8,0.0775308602057922,0.02233439490713478,13.162253717349948,32.69984820742866,4.944217048963212,8.218036668386736,-0.054285757572212295,19.40043193204505,62.5,0.08379759454268688,0.4666666666666667,0.0030318864744329987,1
t10_size_plus_impact_dd120+book_to_market_lf_minus_size+reversal40,3,t10_size_plus_impact_dd120|book_to_market_lf_minus_size|reversal40,120,2021-09-07,2026-08-10,3919.575,0.11641713141968697,0.0727433738101874,23.6096528756605,39.84972316570675,6.02527814265486,17.584374733005642,0.9241273526253622,27.4658504826926,80.0,0.4231254521848728,0.675,0.03324985967746405,1,15,2026-01-09,2026-08-10,4609.8,0.08325979063111769,0.028767412748082057,14.682057949236171,39.88474023147176,6.03057272299853,8.651485226237641,-0.02979386879874231,19.367223454568638,62.5,0.11177407592240936,0.4666666666666667,0.004342933541000346,1
t10_size_plus_impact_dd120+impact60+paper_composite,3,t10_size_plus_impact_dd120|impact60|paper_composite,120,2021-09-07,2026-08-10,3915.3166666666666,0.10202768687953831,0.06816485849741216,24.75444576381647,20.42702007862983,3.088565435888831,21.66588032792764,1.0803784007353323,25.30473788152239,76.66666666666667,0.401850188338787,0.6916666666666667,0.02835822625525,1,15,2026-01-09,2026-08-10,4604.6,0.07065252324024923,0.027048597908390985,11.984150925799675,18.928893155969813,2.862048645182636,9.122102280617039,-0.011958346994216083,19.968659655002273,50.0,0.11640122391990612,0.5333333333333333,0.004386154761703799,1
t10_size_plus_impact_dd120+book_to_market_lf_minus_size+impact_abs_return60,3,t10_size_plus_impact_dd120|book_to_market_lf_minus_size|impact_abs_return60,120,2021-09-07,2026-08-10,3919.575,0.09922118694832252,0.0684724401006482,27.550023099663058,20.641258150466303,3.120958232350505,24.42906486731255,1.1223937711859724,26.426474447862347,76.66666666666667,0.3877169569755169,0.7,0.026928815669771736,1,15,2026-01-09,2026-08-10,4609.8,0.07006133108322085,0.02840268546763236,12.164465332145369,19.571953983867527,2.95927944236077,9.2051858897846,-0.00288988519820934,20.373111950580714,50.0,0.12521030874410297,0.5333333333333333,0.00467861381117488,1
t10_size_plus_impact_dd120+book_to_market_lf_div_oper_main_profit_ttm+paper_composite,3,t10_size_plus_impact_dd120|book_to_market_lf_div_oper_main_profit_ttm|paper_composite,120,2021-09-07,2026-08-10,3827.425,0.09940720125310944,0.06011027546663086,19.7799549604041,18.476407266027135,2.7936327786233024,16.986322181780796,0.9346102026627949,27.231282513355616,73.33333333333333,0.37339096723156745,0.6833333333333333,0.02536379653421577,1,15,2026-01-09,2026-08-10,4507.933333333333,0.06580709891985746,0.020409308184509922,9.24059615594407,17.645217483055646,2.6679568834380136,6.5726392725060565,-0.1134936930326382,19.66664515823323,62.5,0.09001196082221953,0.4666666666666667,0.00276426547123913,1
impact60+reversal_chip_turn_paper+reversal_turn_paper,3,impact60|reversal_chip_turn_paper|reversal_turn_paper,120,2021-09-07,2026-08-10,3915.3166666666666,0.11882347420554067,0.0728217084068049,23.12130639960528,30.70131369785527,4.642038631115717,18.479267768489564,1.0046763034828083,23.42563444603074,78.33333333333333,0.44429979971584194,0.7,0.036955272053743556,1,15,2026-01-09,2026-08-10,4604.6,0.08123567621785678,0.03004460626957073,11.723936171537419,29.27197727077886,4.425922963341764,7.2980132081956555,-0.09332911308507448,19.747276524607116,62.5,0.12074951914121793,0.4666666666666667,0.004577612125528344,1
reversal_chip_turn_size_eq+reversal_turn_paper+reversal_turn_eq,3,reversal_chip_turn_size_eq|reversal_turn_paper|reversal_turn_eq,120,2021-09-07,2026-08-10,3915.3166666666666,0.11084051398549019,0.06521112267265924,19.369984997902414,42.212412217448055,6.382516727278145,12.987468270624266,0.8305535881526979,25.457452370618437,70.0,0.4203697005891474,0.6166666666666667,0.02873296276762376,1,15,2026-01-09,2026-08-10,4604.6,0.07652564428645965,0.027054504201728287,7.413510022210323,40.97312957467378,6.195137191690675,1.2183728305196484,-0.35994888830055194,20.292432782207513,50.0,0.11154290512778205,0.4666666666666667,0.003983416584227251,1
reversal_chip_turn_size_eq+reversal_turn_paper+paper_composite,3,reversal_chip_turn_size_eq|reversal_turn_paper|paper_composite,120,2021-09-07,2026-08-10,3915.3166666666666,0.11357109271292523,0.0664472923449662,20.58548721706648,31.02707302923565,4.69129344202043,15.894193775046048,0.9447781122720432,23.333230469939615,73.33333333333333,0.4030483656695023,0.675,0.030897884231039726,1,15,2026-01-09,2026-08-10,4604.6,0.07681393579296118,0.021517280439091572,11.318620948637015,29.64861371273002,4.482870393364779,6.835750555272235,-0.13139201183135896,19.784417745304506,62.5,0.08174633017638848,0.4666666666666667,0.0029303201001570113,1
book_to_market_lf_plus_impact+reversal_turn_paper+reversal_chip_turn_eq,3,book_to_market_lf_plus_impact|reversal_turn_paper|reversal_chip_turn_eq,120,2021-09-07,2026-08-10,3915.3166666666666,0.11962219837219991,0.06924934607788649,20.102706004763384,32.72588127830314,4.948153249279435,15.154552755483946,0.9324024481291845,21.840774287504917,71.66666666666667,0.4146831399128596,0.6916666666666667,0.03431033860344845,1,15,2026-01-09,2026-08-10,4604.6,0.08448152561511633,0.026050599385298745,10.770183528998366,30.825136311464874,4.660760610293489,6.109422918704878,-0.1650293895323664,19.869188424316153,62.5,0.09623173743542603,0.5333333333333333,0.004335895461940316,1
reversal_turn_paper+reversal_turn_eq+reversal40,3,reversal_turn_paper|reversal_turn_eq|reversal40,120,2021-09-07,2026-08-10,3915.3166666666666,0.1048280001721617,0.06029233216582614,16.510441615648432,50.653611095158325,7.658825997587939,8.851615618060492,0.7054369140704356,27.22609352858405,68.33333333333333,0.39398831303690557,0.6,0.024780604168117462,1,15,2026-01-09,2026-08-10,4604.6,0.08108956509705785,0.03195433223983552,6.19507588866286,50.36480475804631,7.615158479416602,-1.420082590753742,-0.47336731846599833,20.820358065135203,50.0,0.1345367829604919,0.4666666666666667,0.0050911136359176575,1
reversal_turn_paper+reversal_chip_eq+reversal_turn_paper_nomcap,3,reversal_turn_paper|reversal_chip_eq|reversal_turn_paper_nomcap,120,2021-09-07,2026-08-10,3915.3166666666666,0.10804470836605243,0.060108980053171036,15.56834239649627,42.205039875466625,6.3814020291705535,9.186940367325718,0.7421334215295288,24.576010456723964,66.66666666666666,0.38031449273925394,0.625,0.025681855284622412,1,15,2026-01-09,2026-08-10,4604.6,0.07803308713057863,0.022789414103022664,7.609248850855732,42.184426621250005,6.378285305133001,1.230963545722731,-0.4005438012688121,20.160630897879518,62.5,0.0864716895688416,0.5333333333333333,0.003598748206108674,1
book_to_market_lf_div_oper_main_profit_ttm+reversal_turn_paper+reversal_turn_paper_nomcap,3,book_to_market_lf_div_oper_main_profit_ttm|reversal_turn_paper|reversal_turn_paper_nomcap,120,2021-09-07,2026-08-10,3827.425,0.10824703049299818,0.05871294832238658,17.8021188573527,30.93124348873856,4.67680401549727,13.12531484185543,0.8611331053021948,24.339555141922563,73.33333333333333,0.4065807683689415,0.6333333333333333,0.027873735193282977,1,15,2026-01-09,2026-08-10,4507.933333333333,0.07854558396237452,0.02607277228510357,10.599655510869098,29.70863412016887,4.491945478969533,6.1077100318995665,-0.15540455269880746,18.518970956682633,62.5,0.10874515009316478,0.4666666666666667,0.003986010614667057,1
book_to_market_lf_div_oper_main_profit_ttm+reversal_turn_paper+reversal_chip_eq,3,book_to_market_lf_div_oper_main_profit_ttm|reversal_turn_paper|reversal_chip_eq,120,2021-09-07,2026-08-10,3827.425,0.10923971489107723,0.06240067856064823,20.457373940914113,33.076230867289766,5.001126107134213,15.456247833779901,0.8804896404867711,26.86774962816977,80.0,0.408693579737251,0.6833333333333333,0.030507806254345876,1,15,2026-01-09,2026-08-10,4507.933333333333,0.07399885779990237,0.022422772794947896,11.59105469538263,32.12910757594871,4.8579210654834455,6.733133629899185,-0.1130494430841727,18.64564996265009,62.5,0.09405137269557524,0.4666666666666667,0.0032478572718598964,1
impact60+book_to_market_lf_plus_impact+reversal_turn_paper,3,impact60|book_to_market_lf_plus_impact|reversal_turn_paper,120,2021-09-07,2026-08-10,3915.3166666666666,0.10738667792004328,0.06844852842126467,23.66908437692048,20.15718199320492,3.0477659173725837,20.621318459547897,1.0959751719188409,23.519644477843336,75.0,0.41504826815337936,0.6916666666666667,0.030828036162975605,1,15,2026-01-09,2026-08-10,4604.6,0.0825194218778136,0.034988289257892706,11.850742582225426,17.98390142225875,2.719165895045523,9.131576687179905,-0.02492047742972729,19.136523675984396,62.5,0.14786584768776986,0.5333333333333333,0.006507628942222725,1
book_to_market_lf_plus_impact+reversal_turn_paper+paper_composite,3,book_to_market_lf_plus_impact|reversal_turn_paper|paper_composite,120,2021-09-07,2026-08-10,3915.3166666666666,0.10081560483852257,0.05883140422575214,20.010219941679843,20.696966261209532,3.1293812986948812,16.880838642984962,1.0154075944354397,22.42227371453306,70.0,0.35070152823595707,0.6666666666666666,0.023570791124601476,1,15,2026-01-09,2026-08-10,4604.6,0.07809268321188124,0.023872809671898147,9.773420357183271,18.852145838566745,2.850444450791292,6.9229759063919785,-0.14155967605958655,19.721867826939732,50.0,0.09146252151036918,0.5333333333333333,0.003809361982970205,1
size_only+impact_abs_return60+reversal_turn_paper,3,size_only|impact_abs_return60|reversal_turn_paper,120,2021-09-07,2026-08-10,3915.3166666666666,0.09502362052463262,0.06723795290344345,27.288229367433956,21.788244338667482,3.294382544006523,23.993846823427432,1.111911615856354,28.306902205626937,78.33333333333333,0.391496710933199,0.6916666666666667,0.025730992469981014,1,15,2026-01-09,2026-08-10,4604.6,0.06753283264635285,0.03210867921403448,13.020271371862101,19.798820128106545,2.9935816033697096,10.026689768492393,0.03313296432104141,20.069277696812925,75.0,0.1551763012693974,0.5333333333333333,0.005589064098296665,1
reversal_chip_turn_size_eq+reversal_chip_turn_paper+reversal_chip_eq,3,reversal_chip_turn_size_eq|reversal_chip_turn_paper|reversal_chip_eq,120,2021-09-07,2026-08-10,3915.3166666666666,0.10753377520081885,0.06440511335600071,19.324171750675177,40.1268705478449,6.067182826834149,13.256988923841028,0.8141767328670906,26.31071738302667,70.0,0.39288180065346495,0.6166666666666667,0.026052972326376954,1,15,2026-01-09,2026-08-10,4604.6,0.06780888060603527,0.017455440342993327,8.225719153939437,39.9299988520905,6.037415826436083,2.188303327503354,-0.3088359382066,20.64883018520911,50.0,0.06849914071108953,0.4666666666666667,0.002167596691910664,1
reversal_chip_turn_size_eq+reversal_chip_turn_paper+book_to_market_lf_div_oper_main_profit_ttm,3,reversal_chip_turn_size_eq|reversal_chip_turn_paper|book_to_market_lf_div_oper_main_profit_ttm,120,2021-09-07,2026-08-10,3827.425,0.11071631242466047,0.06506172653776467,21.51381292234249,28.05158963278008,4.241400352476348,17.27241256986614,0.9299933398090217,26.807262637979377,78.33333333333333,0.4164335275074617,0.675,0.031121539561543215,1,15,2026-01-09,2026-08-10,4507.933333333333,0.06879012434775564,0.020484952703215153,9.047757649193155,26.721682695034023,4.040318423489144,5.007439225704012,-0.17883391850438904,19.829631804531765,50.0,0.08769369263595653,0.4666666666666667,0.0028151480097726124,1
impact_abs_return60+reversal_chip_turn_paper+reversal_chip_turn_eq,3,impact_abs_return60|reversal_chip_turn_paper|reversal_chip_turn_eq,120,2021-09-07,2026-08-10,3915.3166666666666,0.11606310321213505,0.07178828598656001,23.559034863792338,32.09169951752482,4.852264967049754,18.706769896742586,0.9838263166734389,23.95001404867041,78.33333333333333,0.430778925631855,0.6833333333333333,0.034164984919935464,1,15,2026-01-09,2026-08-10,4604.6,0.07278803520183551,0.02376432100318087,11.684468868358344,30.441262390169893,4.602718873393688,7.081749994964656,-0.10262503723428448,19.64361568169053,62.5,0.09556384396838387,0.4666666666666667,0.003246088738103606,1
book_to_market_lf_plus_impact+reversal_chip_turn_paper+reversal_turn_eq,3,book_to_market_lf_plus_impact|reversal_chip_turn_paper|reversal_turn_eq,120,2021-09-07,2026-08-10,3915.3166666666666,0.1196932066031485,0.06934953930175779,19.75140346177544,34.20869051899548,5.172354006472117,14.579049455303322,0.9135572383191237,22.18353769153436,70.0,0.41964074082703356,0.6833333333333333,0.03432256635878742,1,15,2026-01-09,2026-08-10,4604.6,0.08513371214251692,0.027310295756278948,10.31045004806128,32.5317093734261,4.918794457262026,5.391655590799256,-0.19676681398206827,20.055407073444165,62.5,0.1018987030810988,0.5333333333333333,0.004626674589761102,1
impact60+reversal_chip_turn_paper+reversal_turn_paper_nomcap,3,impact60|reversal_chip_turn_paper|reversal_turn_paper_nomcap,120,2021-09-07,2026-08-10,3915.3166666666666,0.1183612650245817,0.07049745755025659,21.494659975017182,31.20273962703084,4.717854231607063,16.77680574341012,0.9773769008536985,22.0013221257518,80.0,0.4356096018128061,0.6833333333333333,0.035232190743735674,1,15,2026-01-09,2026-08-10,4604.6,0.08193986407260061,0.028422418467394264,11.684766031650051,30.046875890233743,4.543087634603342,7.141678397046709,-0.11456476953258737,19.146524025777133,62.5,0.11052860650070608,0.4666666666666667,0.00422645952997418,1
impact60+reversal_chip_turn_paper+reversal_chip_eq,3,impact60|reversal_chip_turn_paper|reversal_chip_eq,120,2021-09-07,2026-08-10,3915.3166666666666,0.1167574059782702,0.0728907532293911,23.947935773934258,34.425198290459406,5.205089981517461,18.742845792416798,0.9683791307330245,24.257882287584277,75.0,0.4310923189277786,0.675,0.033974924104236096,1,15,2026-01-09,2026-08-10,4604.6,0.07611843840561454,0.024996724371495863,11.780456998209443,33.408528109797366,5.051369450201362,6.7290875480080805,-0.11197159338217369,19.642068780349796,62.5,0.09834630165939987,0.4666666666666667,0.0034934512224644738,1
book_to_market_lf_plus_impact+reversal_chip_turn_paper+reversal40,3,book_to_market_lf_plus_impact|reversal_chip_turn_paper|reversal40,120,2021-09-07,2026-08-10,3915.3166666666666,0.1190385149190769,0.06978762643498578,20.761793660264914,40.54939080591574,6.131067889854459,14.630725770410457,0.8827393978126089,23.751015832574783,71.66666666666667,0.41277859828441943,0.6666666666666666,0.03275770088677034,1,15,2026-01-09,2026-08-10,4604.6,0.0897388705931044,0.02936029837091446,15.04469122194314,39.719936218832416,6.005654356287462,9.03903686565568,-0.028803583561462974,18.500661707420775,62.5,0.10807527241305899,0.5333333333333333,0.005172561538874671,1
impact60+impact_abs_return60+reversal_chip_turn_paper,3,impact60|impact_abs_return60|reversal_chip_turn_paper,120,2021-09-07,2026-08-10,3915.3166666666666,0.10006081344433321,0.06890155365479896,27.00925572123061,20.226904346985755,3.0583079372642463,23.950947783966363,1.1369217310698476,24.685434772944625,80.0,0.42393601334101494,0.6833333333333333,0.028986577934553927,1,15,2026-01-09,2026-08-10,4604.6,0.07027341410139905,0.03273145158568764,13.390701957389384,18.63954813098929,2.8182996774055806,10.572402279983804,0.04860595446626819,19.103284764014806,75.0,0.15651068142366759,0.5333333333333333,0.005865887961054686,1
book_to_market_lf_plus_impact+reversal_chip_turn_paper+book_to_market_lf_div_oper_main_profit_ttm,3,book_to_market_lf_plus_impact|reversal_chip_turn_paper|book_to_market_lf_div_oper_main_profit_ttm,120,2021-09-07,2026-08-10,3827.425,0.10632474547646795,0.06163040000638967,20.447519212565602,18.7437538437447,2.8340555811741983,17.6134636313914,0.9709828901996957,25.085994799242794,71.66666666666667,0.3836304146584093,0.675,0.02753284918202138,1,15,2026-01-09,2026-08-10,4507.933333333333,0.07587132654330468,0.024920511019805087,9.40059078985569,17.181635604513875,2.597863303402498,6.8027274864531915,-0.11679483898107883,19.04934906932646,50.0,0.10507748803699604,0.4666666666666667,0.0037204385900290547,1
size_only+reversal_chip_turn_paper+paper_composite,3,size_only|reversal_chip_turn_paper|paper_composite,120,2021-09-07,2026-08-10,3915.3166666666666,0.09933286409953974,0.06371055422865206,23.33582872412525,22.058550766122032,3.3352528758376514,20.0005758482876,1.03465044118952,26.235567038691386,70.0,0.3691765182814497,0.6833333333333333,0.025058763294781537,1,15,2026-01-09,2026-08-10,4604.6,0.06638673625290498,0.01997137026285243,11.369115795210515,20.459619581720208,3.093494480756096,8.27562131445442,-0.05096162754548046,20.622224771420328,50.0,0.08248950225490558,0.5333333333333333,0.0029206447092425744,1
reversal_chip_turn_size_eq+book_to_market_lf_plus_impact+reversal_chip_turn_eq,3,reversal_chip_turn_size_eq|book_to_market_lf_plus_impact|reversal_chip_turn_eq,120,2021-09-07,2026-08-10,3919.575,0.11904212609265198,0.07151893493072368,22.227111515574506,32.50852043263468,4.915288289414363,17.311823226160143,0.9581300278326345,23.61992126327399,73.33333333333333,0.4224509032416538,0.6666666666666666,0.033526302461098445,1,15,2026-01-09,2026-08-10,4609.8,0.07866376585137926,0.023147079424731532,10.234439211639634,31.213081681179588,4.719417950194353,5.5150212614452805,-0.17818502554219698,20.208367280490357,62.5,0.08735781021205602,0.4666666666666667,0.0032068840196448544,1
reversal_chip_turn_size_eq+reversal_turn_eq+reversal40,3,reversal_chip_turn_size_eq|reversal_turn_eq|reversal40,120,2021-09-07,2026-08-10,3923.15,0.10368229806115711,0.06183801485034075,17.394365211197325,48.31442294101474,7.305140748681429,10.089224462515899,0.7232442896145233,27.369904035768677,65.0,0.3988015635250667,0.6,0.024809197545996867,1,15,2026-01-09,2026-08-10,4613.8,0.07512492308190581,0.028717317089571964,4.914394242948694,47.722446705927354,7.215633941936216,-2.3012396989875215,-0.5084999716647736,21.240771247534695,37.5,0.1238701793769667,0.4666666666666667,0.0043426775923237,1
reversal_chip_turn_size_eq+reversal_chip_eq+reversal_turn_paper_nomcap,3,reversal_chip_turn_size_eq|reversal_chip_eq|reversal_turn_paper_nomcap,120,2021-09-07,2026-08-10,3915.3166666666666,0.10777824354501025,0.0625064362198376,18.603307256546465,42.66188065322264,6.450476354767262,12.152830901779202,0.7996152624501279,25.949012945805872,66.66666666666666,0.38951385573164116,0.6,0.025188671524320486,1,15,2026-01-09,2026-08-10,4604.6,0.0725171137107782,0.020059950352646412,8.101124557512907,42.680346956164875,6.453268459772129,1.6478560977407768,-0.34688775621124335,20.500003779855515,50.0,0.07745488573752664,0.4666666666666667,0.0026211755530256573,1
reversal_chip_turn_size_eq+book_to_market_lf_div_oper_main_profit_ttm+reversal_turn_paper_nomcap,3,reversal_chip_turn_size_eq|book_to_market_lf_div_oper_main_profit_ttm|reversal_turn_paper_nomcap,120,2021-09-07,2026-08-10,3827.425,0.1109817263631881,0.06281798897635976,20.453528295065105,30.105191016273807,4.5519048816606,15.901623413404502,0.9093609831205087,26.692216426744032,78.33333333333333,0.42105782741892744,0.6833333333333333,0.031931978466885357,1,15,2026-01-09,2026-08-10,4507.933333333333,0.0741005752279436,0.02338177918883013,10.836294283790625,28.422344818298257,4.297458536526697,6.53883574726393,-0.12433576871597439,19.099546221143004,50.0,0.09863970106239535,0.4666666666666667,0.003410987341550084,1
reversal_chip_turn_size_eq+book_to_market_lf_div_oper_main_profit_ttm+reversal_chip_eq,3,reversal_chip_turn_size_eq|book_to_market_lf_div_oper_main_profit_ttm|reversal_chip_eq,120,2021-09-07,2026-08-10,3831.15,0.10460717461315812,0.0622567044550021,21.94203265629282,31.529301012984785,4.767230313163299,17.17480234312952,0.9038437239050221,27.93749756553772,78.33333333333333,0.40025229318983085,0.6333333333333333,0.026517198964582874,1,15,2026-01-09,2026-08-10,4511.133333333333,0.06484342200856229,0.018223758366487153,9.378843997691943,30.193823925777124,4.565306177577502,4.813537820114442,-0.18073840226917878,19.72377378982475,62.5,0.07946115278545998,0.4666666666666667,0.002404515429565399,1
impact60+reversal_chip_turn_size_eq+book_to_market_lf_plus_impact,3,impact60|reversal_chip_turn_size_eq|book_to_market_lf_plus_impact,120,2021-09-07,2026-08-10,3919.575,0.1073019288402184,0.0708891669196673,25.619985908180954,20.505282015526284,3.100398640747574,22.51958726743338,1.1061475786012984,24.929383578002096,78.33333333333333,0.41982793320024464,0.7083333333333334,0.03190924580115027,1,15,2026-01-09,2026-08-10,4609.8,0.07773356721567441,0.0323777040300585,12.374350233774955,18.587046869906516,2.8103614867298647,9.56398874704509,0.004389306079066485,19.935500591106226,62.5,0.14022217440721774,0.5333333333333333,0.005813317237019456,1
reversal_chip_turn_size_eq+book_to_market_lf_plus_impact+paper_composite,3,reversal_chip_turn_size_eq|book_to_market_lf_plus_impact|paper_composite,120,2021-09-07,2026-08-10,3915.3166666666666,0.10591034535143748,0.06405043389815308,22.1764351201021,20.902314545842145,3.1604299593313323,19.016005160770767,1.0395991214240492,23.729053281777603,75.0,0.3666122218193331,0.6666666666666666,0.02588535134862891,1,15,2026-01-09,2026-08-10,4604.6,0.07654830897497579,0.021771477840894338,9.86592714738359,18.894583689526602,2.8568610538564227,7.009066093527168,-0.12067473305395163,20.32628815044838,50.0,0.08296458914198387,0.4666666666666667,0.0029637062016905015,1
size_only+reversal_chip_turn_size_eq+impact_abs_return60,3,size_only|reversal_chip_turn_size_eq|impact_abs_return60,120,2021-09-07,2026-08-10,3923.15,0.09038203065547347,0.06619950970823868,28.658068313898543,21.187966398522207,3.2036205194565577,25.454447794441986,1.1167094788430496,28.74515111538034,76.66666666666667,0.37623945545214826,0.7,0.023803700197532297,1,15,2026-01-09,2026-08-10,4613.8,0.060279865656774664,0.02850124240944325,12.529123494051253,19.628837666105607,2.967880255115168,9.561243238936084,0.023735326399792547,20.70595572180327,62.5,0.14284024832710238,0.5333333333333333,0.0045922085224203,1
impact60+reversal_chip_turn_eq+reversal_turn_eq,3,impact60|reversal_chip_turn_eq|reversal_turn_eq,120,2021-09-07,2026-08-10,3923.15,0.1138706289383644,0.07051110459352351,22.974698838113362,35.79599219793811,5.412354020328242,17.56234481778512,0.9584084476502789,24.640379793190903,78.33333333333333,0.452901160277247,0.65,0.033521890978995314,1,15,2026-01-09,2026-08-10,4613.8,0.0781220970641576,0.03211979897631354,10.036090769294493,34.741505762707924,5.252915671321437,4.7831750979730545,-0.19309099947810954,19.581863862879768,62.5,0.1371523577187069,0.4666666666666667,0.005000160574396813,1
reversal_chip_turn_eq+reversal_turn_paper_nomcap+reversal40,3,reversal_chip_turn_eq|reversal_turn_paper_nomcap|reversal40,120,2021-09-07,2026-08-10,3915.3166666666666,0.1018266121646258,0.056884471841165275,15.16075432248627,48.34027792931854,7.309050022912963,7.851704299573306,0.6809246107059823,26.576809512082434,61.66666666666667,0.3678891230149106,0.5833333333333334,0.02185219344514711,1,15,2026-01-09,2026-08-10,4604.6,0.07679757463424625,0.0259984652161207,5.880659722819603,48.829548274776755,7.383027699146245,-1.502367976326642,-0.5076837015945976,20.38553438377704,50.0,0.10469838420862067,0.5333333333333333,0.004288310386851485,1
reversal_chip_turn_eq+reversal_chip_eq+reversal40,3,reversal_chip_turn_eq|reversal_chip_eq|reversal40,120,2021-09-07,2026-08-10,3923.15,0.09611426257684189,0.055856090598860826,14.065347015743047,46.29481693210476,6.999776320134239,7.065570695608807,0.6314043925453892,28.944281578888585,58.333333333333336,0.35706490692996995,0.5833333333333334,0.020019434295958267,1,15,2026-01-09,2026-08-10,4613.8,0.06761137331380468,0.021115065747745704,3.779771217107697,47.49903826111909,7.181854585081206,-3.4020833679735087,-0.5670779733512048,21.10917440581549,25.0,0.08913554354777846,0.4666666666666667,0.002812402371490947,1
impact60+reversal_chip_turn_eq+reversal40,3,impact60|reversal_chip_turn_eq|reversal40,120,2021-09-07,2026-08-10,3923.15,0.1147367615512647,0.07212430545804942,22.472200445764813,41.82367940139822,6.3237403254914115,16.1484601202734,0.8903635360847776,26.380068686536585,73.33333333333333,0.4448767355312775,0.6583333333333333,0.033603779650201844,1,15,2026-01-09,2026-08-10,4613.8,0.08306737380318176,0.03431376901178389,12.449596655422845,42.1348835637119,6.37079439483324,6.0788022605896055,-0.12594313009044636,19.573943963781936,62.5,0.14239685634993954,0.4666666666666667,0.005519982017581922,1
book_to_market_lf_minus_size+impact60+reversal_chip_turn_eq,3,book_to_market_lf_minus_size|impact60|reversal_chip_turn_eq,120,2021-09-07,2026-08-10,3919.575,0.11394204973737378,0.07331343028282772,25.412357398492567,23.428137389119392,3.5423343732348527,21.87002302525772,1.0789303014480232,25.101262652628343,78.33333333333333,0.42383779985133524,0.7,0.03380506336986794,1,15,2026-01-09,2026-08-10,4609.8,0.07984145884180024,0.030277219227721183,11.786325393709895,21.806501455546634,3.297143020078651,8.489182373631245,-0.038047403424322605,20.278686231114897,50.0,0.12393209335999034,0.5333333333333333,0.0052772902032959005,1
size_only+book_to_market_lf_plus_impact+reversal_chip_turn_eq,3,size_only|book_to_market_lf_plus_impact|reversal_chip_turn_eq,120,2021-09-07,2026-08-10,3919.575,0.10983077725121079,0.07153301905894187,26.787169682372046,24.076099218378058,3.6403062018187624,23.146863480553286,1.0945896456053263,26.165455021359772,75.0,0.401918348211057,0.6833333333333333,0.030164386459954503,1,15,2026-01-09,2026-08-10,4609.8,0.07515355635441279,0.026949978483875276,12.541839969720126,22.777802315780217,3.4440037101459686,9.097836259574157,-0.01111612977806932,20.397256202353788,50.0,0.11084233711020625,0.4666666666666667,0.003887424719951129,1
impact_abs_return60+book_to_market_lf_div_oper_main_profit_ttm+reversal_chip_turn_eq,3,impact_abs_return60|book_to_market_lf_div_oper_main_profit_ttm|reversal_chip_turn_eq,120,2021-09-07,2026-08-10,3831.15,0.10383308522851774,0.06411945863144349,22.88938311906343,20.193851333319266,3.053310321597873,19.836072797465558,0.9989652218365304,27.090894126190122,78.33333333333333,0.41625701914847835,0.6833333333333333,0.029534521206578672,1,15,2026-01-09,2026-08-10,4511.133333333333,0.06842580922634033,0.028433082993717843,11.35726810830542,19.458287106956007,2.942093010571748,8.415175097733671,-0.030647152393188857,20.476644867501005,62.5,0.13875650398982306,0.4666666666666667,0.004430778833096729,1
book_to_market_lf_minus_size+reversal_turn_eq+reversal_turn_paper_nomcap,3,book_to_market_lf_minus_size|reversal_turn_eq|reversal_turn_paper_nomcap,120,2021-09-07,2026-08-10,3915.3166666666666,0.11623714435591698,0.06521371741797925,18.28121828439231,36.90607212831999,5.580198105801983,12.701020178590325,0.8703447087845091,22.27238466822852,71.66666666666667,0.40692215122096487,0.6333333333333333,0.029956330260957995,1,15,2026-01-09,2026-08-10,4604.6,0.08580471109034561,0.027520777233611193,10.543410017714772,34.4170718686476,5.2038612665395165,5.339548751175255,-0.21125255708737012,19.77907245086341,62.5,0.10301790860878388,0.5333333333333333,0.004714358338831108,1
book_to_market_lf_minus_size+reversal_chip_eq+reversal_turn_eq,3,book_to_market_lf_minus_size|reversal_chip_eq|reversal_turn_eq,120,2021-09-07,2026-08-10,3919.575,0.11664665072972889,0.06908429495807161,20.643207285288256,40.55612340311724,6.132085858551326,14.511121426736931,0.8609725799532316,25.053595986639166,73.33333333333333,0.41464191932474836,0.675,0.03264744902043039,1,15,2026-01-09,2026-08-10,4609.8,0.08127581695885774,0.024355051268313208,11.625529365507548,39.507907404721024,5.973595599593819,5.6519337659137285,-0.16606554880362262,20.01689303530213,62.5,0.09191719492062699,0.4666666666666667,0.0034863010512122465,1
impact_abs_return60+reversal_turn_eq+reversal40,3,impact_abs_return60|reversal_turn_eq|reversal40,120,2021-09-07,2026-08-10,3923.15,0.11264603145204193,0.07067684442290746,21.93543179017945,44.734132067172986,6.763800768556556,15.171631021622895,0.864334504459695,27.331367783308302,78.33333333333333,0.44364885961939254,0.6583333333333333,0.03290039490127951,1,15,2026-01-09,2026-08-10,4613.8,0.08428719701137516,0.03759391691549795,12.19330152427287,44.31438597575721,6.70033515953449,5.49296636473838,-0.1519880944316568,19.60539249958432,75.0,0.1610925128769874,0.4666666666666667,0.006336416972629392,1
size_only+impact60+reversal_turn_eq,3,size_only|impact60|reversal_turn_eq,120,2021-09-07,2026-08-10,3923.15,0.10164810917571364,0.07112966422553228,27.474656157276357,25.24171974286395,3.816548025121029,23.658108132155327,1.093604073389335,28.296786508556536,80.0,0.43130020566953503,0.7083333333333334,0.03105393569532829,1,15,2026-01-09,2026-08-10,4613.8,0.07266673124005987,0.03741565105979763,14.9325358582033,24.245115279130374,3.6658614302045125,11.266674427998788,0.08113390442272694,20.03082945662361,75.0,0.1832091510880851,0.5333333333333333,0.007100378742846615,1
book_to_market_lf_minus_size+paper_composite+reversal_turn_eq,3,book_to_market_lf_minus_size|paper_composite|reversal_turn_eq,120,2021-09-07,2026-08-10,3915.3166666666666,0.10832691101238708,0.06329990477377978,19.964806070621766,25.40035041424472,3.8405329826338015,16.124273087987966,0.9648703375351387,24.012550648370702,68.33333333333333,0.3739687590233618,0.6916666666666667,0.028020025665427772,1,15,2026-01-09,2026-08-10,4604.6,0.08109203735381408,0.024681895131841863,9.856478407055015,23.625370616612827,3.572156037231859,6.284322369823155,-0.15513646399024544,20.44645574962537,50.0,0.09319822276160805,0.5333333333333333,0.004030738006129816,1
size_only+book_to_market_lf_div_oper_main_profit_ttm+reversal_turn_eq,3,size_only|book_to_market_lf_div_oper_main_profit_ttm|reversal_turn_eq,120,2021-09-07,2026-08-10,3831.15,0.09902234816020833,0.062417650640849115,22.553658765284812,22.255430398737207,3.365021076289066,19.188637688995748,0.9739793355795062,29.05226125107758,76.66666666666667,0.40739793071741315,0.725,0.029247587308054882,1,15,2026-01-09,2026-08-10,4511.133333333333,0.06790540658556217,0.031132157772094392,11.114556876084036,21.44628509916502,3.2426783069937515,7.871878569090285,-0.04712915381450306,21.114769651008892,62.5,0.1606946019807001,0.5333333333333333,0.005819750551255746,1
book_to_market_lf_div_oper_main_profit_ttm+reversal_chip_eq+reversal_turn_paper_nomcap,3,book_to_market_lf_div_oper_main_profit_ttm|reversal_chip_eq|reversal_turn_paper_nomcap,120,2021-09-07,2026-08-10,3827.425,0.1053333705615298,0.05814873024861193,18.00804562135565,34.40153685802056,5.20151237293271,12.80653324842294,0.820827967766316,25.2206471318833,71.66666666666667,0.39251010348142734,0.6416666666666667,0.026529331148290227,1,15,2026-01-09,2026-08-10,4507.933333333333,0.07308999281101494,0.020438960716677352,10.684445036261646,33.30750265247005,5.0360944010534725,5.648350635208175,-0.17169572126623772,18.29820624409405,50.0,0.08387946150331377,0.4666666666666667,0.002861016311192204,1
impact60+book_to_market_lf_plus_impact+reversal_turn_paper_nomcap,3,impact60|book_to_market_lf_plus_impact|reversal_turn_paper_nomcap,120,2021-09-07,2026-08-10,3915.3166666666666,0.10834060376643775,0.06676010920785819,22.708721822725806,20.484953167551094,3.097324918933725,19.611396903792084,1.0938259860429782,21.665114986427593,73.33333333333333,0.4088266629359077,0.6833333333333333,0.03026656045716769,1,15,2026-01-09,2026-08-10,4604.6,0.08407055327007683,0.03344052085881759,10.55888058136787,18.432556511396623,2.787002544523169,7.7718780368447,-0.09279145946411543,19.10054266277029,62.5,0.135700383179435,0.4666666666666667,0.00532392293666638,1
book_to_market_lf_plus_impact+paper_composite+reversal_turn_paper_nomcap,3,book_to_market_lf_plus_impact|paper_composite|reversal_turn_paper_nomcap,120,2021-09-07,2026-08-10,3915.3166666666666,0.09899735987282415,0.0555080138460886,17.715254739761257,20.733215810710877,3.134862230579485,14.580392509181769,0.964662358306423,21.294756695966022,66.66666666666666,0.3344300747252202,0.6333333333333333,0.020968206491249794,1,15,2026-01-09,2026-08-10,4604.6,0.07737781740820979,0.021485362997533015,9.958522738918518,19.419090652905872,2.9361665067193683,7.022356232199151,-0.14851702136495604,19.350142337781897,50.0,0.08025960274883007,0.4666666666666667,0.0028981460138187316,1
size_only+impact_abs_return60+reversal_turn_paper_nomcap,3,size_only|impact_abs_return60|reversal_turn_paper_nomcap,120,2021-09-07,2026-08-10,3915.3166666666666,0.0991024878437659,0.06807862086779698,25.75956172669933,22.787877156683432,3.4455270260905344,22.314034700608797,1.0838666102336796,27.23331309339081,75.0,0.3999870959898923,0.7,0.02774780142260106,1,15,2026-01-09,2026-08-10,4604.6,0.07034686863097545,0.03141887679087782,12.216521708261219,21.143530514968656,3.1969018138632608,9.019619894397959,-0.010989473740541248,20.011648750984822,50.0,0.1444107376896834,0.5333333333333333,0.0054180497030178205,1
impact_abs_return60+reversal_chip_eq+reversal40,3,impact_abs_return60|reversal_chip_eq|reversal40,120,2021-09-07,2026-08-10,4283.2,0.1085787953392078,0.06857954227373009,21.380715558253183,43.846082359047706,6.629527652688013,14.75118790556517,0.8219475763135886,28.1485400614244,73.33333333333333,0.41428159585321483,0.6666666666666666,0.029988131072631076,1,15,2026-01-09,2026-08-10,4822.8,0.07942090555455682,0.0298166153098244,12.030196470115174,44.167772524489,6.678167205702737,5.352029264412436,-0.12586766797353263,19.555947720662893,62.5,0.12255158680683499,0.4666666666666667,0.004542140400628466,1
size_only+impact60+reversal_chip_eq,3,size_only|impact60|reversal_chip_eq,120,2021-09-07,2026-08-10,4283.2,0.09861768691365883,0.06922710358157144,27.847246772466285,26.66703066551161,4.032055036625355,23.81519173584093,1.0537475575165929,29.91641823317511,80.0,0.3943313346545942,0.7083333333333334,0.027545697905025163,1,15,2026-01-09,2026-08-10,4822.8,0.06890420504148607,0.029586172389647676,14.912698309457861,26.239552012957844,3.9674202643592262,10.945278045098636,0.09921065624967691,20.03854120918207,75.0,0.13672591245699214,0.5333333333333333,0.005024528163424459,1
book_to_market_lf_minus_size+paper_composite+reversal_chip_eq,3,book_to_market_lf_minus_size|paper_composite|reversal_chip_eq,120,2021-09-07,2026-08-10,4273.55,0.10441440282882057,0.061900907213387604,21.327019938322287,26.258524746364508,3.9702889416503138,17.356730996671978,0.9612300791746144,25.474191496558774,70.0,0.35197194757567724,0.6666666666666666,0.02450062714574085,1,15,2026-01-09,2026-08-10,4813.333333333333,0.07631956128871695,0.017052143909428077,11.357078732781833,25.68369453331477,3.8833746134371934,7.4737041193446405,-0.06138664416599915,20.06186695541894,50.0,0.062331625994971475,0.5333333333333333,0.002537131920185924,1
size_only+book_to_market_lf_div_oper_main_profit_ttm+reversal_chip_eq,3,size_only|book_to_market_lf_div_oper_main_profit_ttm|reversal_chip_eq,120,2021-09-07,2026-08-10,4184.716666666666,0.09466309409623758,0.06051807658007331,22.10148185237022,22.567200585155348,3.4121607284754885,18.689321123894732,0.930673213275776,30.767842657173784,76.66666666666667,0.37019985352768375,0.7416666666666667,0.0259911621469375,1,15,2026-01-09,2026-08-10,4719.666666666667,0.06200358669132488,0.02266686765462027,10.718314344161072,22.213485870485357,3.3586790636173856,7.359635280543688,-0.03723536832122926,20.672659715857776,62.5,0.11030930175561321,0.4666666666666667,0.0031918004319897173,1
book_to_market_lf_plus_impact+impact_abs_return60+reversal40,3,book_to_market_lf_plus_impact|impact_abs_return60|reversal40,120,2021-09-07,2026-08-10,4525.658333333334,0.10476436718814743,0.06795561507307332,22.696914879907524,31.719580318752328,4.796000544195351,17.900914335712176,0.9462914261698232,27.33547051372389,78.33333333333333,0.4128471700718484,0.675,0.029194878949646407,1,15,2026-01-09,2026-08-10,4881.133333333333,0.08849885695926724,0.03887453207652986,14.378788143099852,30.55131024299843,4.619358108741363,9.759430034358491,0.043042145988042735,18.790449097261654,62.5,0.16207095220134696,0.5333333333333333,0.007649650141930263,1
impact_abs_return60+paper_composite+reversal40,3,impact_abs_return60|paper_composite|reversal40,120,2021-09-07,2026-08-10,4519.358333333334,0.10551438170806055,0.06700245440451828,23.839688921302393,33.293034202402985,5.033906771403332,18.805782149899063,0.9696320548561345,28.00615406782525,78.33333333333333,0.3964534415406919,0.6833333333333333,0.028584885502802533,1,15,2026-01-09,2026-08-10,4875.666666666667,0.08386915924282816,0.03232436813595553,14.316967682890592,32.024611664572994,4.842121283683437,9.474846399207154,0.029853097225362776,18.602550584770196,62.5,0.13023613611071802,0.5333333333333333,0.005825490793941574,1
impact60+book_to_market_lf_plus_impact+paper_composite,3,impact60|book_to_market_lf_plus_impact|paper_composite,120,2021-09-07,2026-08-10,4519.358333333334,0.08181608120765985,0.05345508221767368,20.47050577009264,9.393485149832706,1.4202949546547052,19.050210815437936,1.0498734206277909,25.880590701236716,71.66666666666667,0.3320420932148338,0.65,0.017658148860837032,1,15,2026-01-09,2026-08-10,4875.666666666667,0.07018980008249542,0.02859947318490638,11.81995043995665,8.844181216550146,1.337240199942382,10.482710240014269,0.0579892366443268,18.003738002307344,50.0,0.1297875419536809,0.4666666666666667,0.0042512220906994296,1
size_only+impact60+impact_abs_return60,3,size_only|impact60|impact_abs_return60,120,2021-09-07,2026-08-10,4529.666666666667,0.0641502956100959,0.050941547005343576,24.37655041844171,8.267999054086333,1.2501214569778536,23.12642896146386,1.0779579123798666,31.18557384791627,76.66666666666667,0.3213685739156642,0.675,0.01391572508612725,1,15,2026-01-09,2026-08-10,4885.133333333333,0.05609604106510401,0.03472352787069026,18.330585432983348,8.57696730892316,1.296837457109182,17.033747975874167,0.3102781599059733,21.159840718809054,75.0,0.21982527861410822,0.6,0.007398796713770967,1
book_to_market_lf_minus_size+book_to_market_lf_plus_impact+book_to_market_lf_div_oper_main_profit_ttm,3,book_to_market_lf_minus_size|book_to_market_lf_plus_impact|book_to_market_lf_div_oper_main_profit_ttm,120,2021-09-07,2026-08-10,4427.525,0.07751361908128672,0.04901468344991446,16.91603811559652,8.4761018797816,1.281586604222978,15.634451511373543,0.9079419782357976,28.222838474161584,70.0,0.3110269821164684,0.6333333333333333,0.015268923776659468,1,15,2026-01-09,2026-08-10,4781.6,0.06831068837527247,0.028168701838396357,10.511408659096876,8.394060226000708,1.2691819061713068,9.24222675292557,0.01636975370703054,19.153059647421056,62.5,0.1370849964268651,0.4666666666666667,0.004370039553525764,1
size_only+book_to_market_lf_minus_size+impact_abs_return60,3,size_only|book_to_market_lf_minus_size|impact_abs_return60,120,2021-09-07,2026-08-10,4525.658333333334,0.07137093861220593,0.053532197615583,24.08627707128921,9.091107808286045,1.3745755006128502,22.711701570676357,1.0660653407448695,31.032670631305436,75.0,0.31199713074524893,0.7083333333333334,0.015772832379802513,1,15,2026-01-09,2026-08-10,4881.133333333333,0.060577432004255985,0.030643077570122024,13.651188680732984,8.84828740227867,1.337861055224535,12.31332762550845,0.14760927378015465,20.149352388559826,62.5,0.16268584107260825,0.5333333333333333,0.0052560482536699316,1
size_only+book_to_market_lf_div_oper_main_profit_ttm+paper_composite,3,size_only|book_to_market_lf_div_oper_main_profit_ttm|paper_composite,120,2021-09-07,2026-08-10,4492.2,0.0683666751563166,0.046836018025085,16.69869531931669,8.838687843363918,1.336409601916624,15.362285717400068,0.8824015980422643,30.228020944641198,70.0,0.29412205618262544,0.675,0.013572999273158182,1,15,2026-01-09,2026-08-10,4799.133333333333,0.055041002330515634,0.023857538933168228,10.602800557808468,9.06733720164665,1.3709813848889734,9.231819172919494,0.02074257600787071,20.342245387840173,62.5,0.12989406028855638,0.5333333333333333,0.0038130662800333706,1
