selection,size,members,5y_periods,5y_first_signal_date,5y_last_signal_date,5y_mean_stock_count,5y_rank_ic,5y_ic_mean,5y_gross_excess_pct,5y_turnover_pct,5y_annual_cost_pct,5y_net_excess_pct,5y_sharpe_after_cost,5y_max_drawdown_pct,5y_monthly_win_rate_pct,5y_ic_ir,5y_win,5y_s_i,5y_direction,recent_periods,recent_first_signal_date,recent_last_signal_date,recent_mean_stock_count,recent_rank_ic,recent_ic_mean,recent_gross_excess_pct,recent_turnover_pct,recent_annual_cost_pct,recent_net_excess_pct,recent_sharpe_after_cost,recent_max_drawdown_pct,recent_monthly_win_rate_pct,recent_ic_ir,recent_win,recent_s_i,recent_direction
t10_size_plus_impact_g13+t10_size_plus_impact_bm,2,t10_size_plus_impact_g13|t10_size_plus_impact_bm,120,2021-09-07,2026-08-10,3919.575,0.11718857552181815,0.0748401979267059,25.329988941298232,28.80196074631247,4.354856464842446,20.975132476455784,1.0373561014702664,25.434295998409485,75.0,0.4366096763327407,0.6916666666666667,0.035389585669695876,1,15,2026-01-09,2026-08-10,4609.8,0.0759271462562326,0.027340963681863582,11.726438359811663,27.880811677878132,4.215578725695173,7.51085963411649,-0.07468550855434096,20.436270073200802,62.5,0.11200411272238073,0.4666666666666667,0.00396860456905349,1
t10_size_plus_impact_bm+momentum20,2,t10_size_plus_impact_bm|momentum20,120,2021-09-07,2026-08-10,3919.575,0.12416034565969845,0.08069456255781819,25.336403134575235,53.69653914389871,8.118916718557486,17.217486416017753,0.9153083635763276,24.69531220610731,78.33333333333333,0.48573219636191745,0.675,0.04070835724387963,1,15,2026-01-09,2026-08-10,4609.8,0.08974738257627998,0.035475187524523916,11.867540487592809,52.52724103911923,7.942118845114828,3.9254216424779815,-0.20260287006409872,20.13947085339458,62.5,0.13447781484540583,0.4666666666666667,0.005632214885244631,1
t10_size_plus_impact_bm+reversal40,2,t10_size_plus_impact_bm|reversal40,120,2021-09-07,2026-08-10,3919.575,0.11427418453545676,0.06953072037076748,21.12692498022244,47.147873573207036,7.128758484268903,13.998166495953534,0.8244226560178686,26.578655461030152,71.66666666666667,0.42380430843116185,0.6416666666666667,0.031075847205341546,1,15,2026-01-09,2026-08-10,4609.8,0.08440972385563432,0.031055750064467133,13.343440146007001,47.80004268652923,7.22736645420322,6.116073691803782,-0.1312104442549634,19.52799590736226,62.5,0.1235186600519376,0.4666666666666667,0.00486554879346761,1
t10_size_plus_impact_bm+momentum120,2,t10_size_plus_impact_bm|momentum120,120,2021-09-07,2026-08-10,3919.575,0.11147166149777105,0.06907887071039283,20.68981425177725,32.727055190483206,4.94833074480106,15.74148350697619,0.885690428695935,25.310818944286694,68.33333333333333,0.3908729778380623,0.6583333333333333,0.028684413013841913,1,15,2026-01-09,2026-08-10,4609.8,0.0721564560292856,0.011238773985859398,13.182211134069577,31.742489680832197,4.799464439741828,8.382746694327748,-0.05020992861489548,19.605512946541193,62.5,0.04056560678516436,0.4666666666666667,0.001365966197071001,1
t10_size_plus_impact_bm+book_to_market_lf_div_oper_main_profit_ttm,2,t10_size_plus_impact_bm|book_to_market_lf_div_oper_main_profit_ttm,120,2021-09-07,2026-08-10,3831.15,0.10656876069202828,0.0599904125763648,19.597442176844048,17.53071967327224,2.650644814598763,16.946797362245285,0.928678559417796,28.004463920901735,75.0,0.40799146889931986,0.6833333333333333,0.029710749229239157,1,15,2026-01-09,2026-08-10,4511.133333333333,0.06977480502727428,0.024703927138521906,10.05427520817561,15.556832150052816,2.352193021087986,7.702082187087625,-0.0640482006846819,20.55907441746603,62.5,0.12467408318241117,0.4666666666666667,0.004059584594803226,1
t10_size_plus_impact_bm+ev_ebitda_proxy,2,t10_size_plus_impact_bm|ev_ebitda_proxy,120,2021-09-07,2026-08-10,3825.0666666666666,0.08646422609142494,0.05394571116045336,20.87679328904275,23.314825639714034,3.525201636724762,17.35159165231799,0.9440961700420952,26.69746644541696,73.33333333333333,0.3607036338892566,0.65,0.020272174359189512,1,15,2026-01-09,2026-08-10,4505.733333333334,0.05574157009940531,0.01026567120500359,6.711186274697145,20.267169747309676,3.064396065793223,3.646790208903922,-0.24657380492300007,19.43081635537156,50.0,0.04283616317937393,0.4666666666666667,0.0011142856632378971,1
t10_size_plus_impact_bm+quality_net_margin_tsrank378,2,t10_size_plus_impact_bm|quality_net_margin_tsrank378,120,2021-09-07,2026-08-10,3917.475,0.0921705961569474,0.05779419346299094,19.878352571237066,28.09426916336706,4.247853497501099,15.630499073735967,0.9673659656993546,21.10085644617922,76.66666666666667,0.46212657549457964,0.6583333333333333,0.028041367292508446,1,15,2026-01-09,2026-08-10,4605.933333333333,0.062313756553358225,0.024071676685445423,8.213800925172354,24.846959071136034,3.756860211555768,4.456940713616586,-0.2541530169457719,19.233783809475234,62.5,0.12788937558949726,0.4,0.0031877069664979704,1
t10_size_plus_impact_wc+t10_size_plus_impact_dd120,2,t10_size_plus_impact_wc|t10_size_plus_impact_dd120,120,2021-09-07,2026-08-10,3919.575,0.1128158143619929,0.07246261811601684,24.63587550615771,30.934451438562238,4.6772890575106105,19.9585864486471,0.9905526990586591,26.13449108881506,83.33333333333334,0.43428842718237937,0.675,0.033071356741884196,1,15,2026-01-09,2026-08-10,4609.8,0.06738590306354451,0.02278467417600125,10.358296735611717,29.981158206559495,4.533151120831795,5.82514561477992,-0.14277940799148,20.140013110237696,62.5,0.09694439752644983,0.4666666666666667,0.003048586694659834,1
t10_size_plus_impact_wc+reversal_chip_turn_eq,2,t10_size_plus_impact_wc|reversal_chip_turn_eq,120,2021-09-07,2026-08-10,3919.575,0.11198032442775012,0.06805153243439035,21.666267040431087,35.41084867238247,5.35412031926423,16.312146721166858,0.9098380488126578,25.99610353578903,75.0,0.42626034237065263,0.625,0.02983298214334345,1,15,2026-01-09,2026-08-10,4609.8,0.06902656193879214,0.02114583225254941,6.874999476347177,34.12501307798263,5.159701977390974,1.715297498956203,-0.32899505378427707,20.545602107710415,37.5,0.08739089551731623,0.4666666666666667,0.0028150700957458525,1
t10_size_plus_impact_wc+impact60,2,t10_size_plus_impact_wc|impact60,120,2021-09-07,2026-08-10,3919.575,0.10244994408166372,0.07006317774559416,26.20939305142478,20.61076442292817,3.1163475807467393,23.09304547067804,1.111265976627701,25.241371057600837,80.0,0.44620423600256975,0.6916666666666667,0.03161857266066312,1,15,2026-01-09,2026-08-10,4609.8,0.07039849510334822,0.033491214408412885,12.255146692530538,18.942819008241127,2.8641542340460586,9.39099245848448,0.0077863202089731975,19.44923409727859,75.0,0.16661375530857503,0.5333333333333333,0.006255657406528628,1
t10_size_plus_impact_wc+fscore_interact,2,t10_size_plus_impact_wc|fscore_interact,120,2021-09-07,2026-08-10,3833.0833333333335,0.10698288079873869,0.06144224798526665,17.0772333799297,41.70031087393061,6.305087004138309,10.772146375791394,0.7835314616852801,26.17416473742984,73.33333333333333,0.42308186721320634,0.65,0.02942063602931586,1,15,2026-01-09,2026-08-10,4513.866666666667,0.08283091486669888,0.03156208504508882,12.58573344060111,41.7714034449725,6.315836200879842,6.269897239721269,-0.16864026853802225,17.380921891313495,62.5,0.13852883209872835,0.4666666666666667,0.005354752619138063,1
t10_size_plus_impact_wc+value_bm,2,t10_size_plus_impact_wc|value_bm,120,2021-09-07,2026-08-10,3919.575,0.10845103385846382,0.05795549002809324,12.238508685667782,17.83882083863543,2.6972297108016776,9.541278974866104,0.837268454405532,20.62353309457814,60.0,0.3651803966411072,0.6416666666666667,0.025412689584700342,1,15,2026-01-09,2026-08-10,4609.8,0.0801850840513894,0.021016460175758363,8.905606199474814,16.13957372777494,2.440303547639571,6.465302651835242,-0.2149950542791855,18.916818044740445,62.5,0.08061633696525863,0.4666666666666667,0.0030166396192213836,1
t10_size_plus_impact_wc+quality_roic,2,t10_size_plus_impact_wc|quality_roic,120,2021-09-07,2026-08-10,3835.8,0.08156815845570779,0.04579923300325001,12.325078467968442,24.479900535872932,3.701360961023987,8.623717506944455,0.7789280034694239,26.32601797775648,68.33333333333333,0.36802334216758137,0.5666666666666667,0.017010758897283852,1,15,2026-01-09,2026-08-10,4516.133333333333,0.07149613939622736,0.03387531662482675,8.898109754972372,24.593716859178247,3.718569989107751,5.179539765864622,-0.2670976483546962,16.993482019153927,62.5,0.1921503345074707,0.4666666666666667,0.0064110699804563265,1
t10_size_plus_impact_downside+t10_size_plus_impact,2,t10_size_plus_impact_downside|t10_size_plus_impact,120,2021-09-07,2026-08-10,3923.15,0.1135368746365842,0.07397449658054378,25.181009877687988,29.135842537838812,4.4053393917212285,20.77567048596676,1.0199540037268944,26.33829067963196,76.66666666666667,0.4397491389958811,0.7,0.03494942000600483,1,15,2026-01-09,2026-08-10,4613.8,0.07209633797033875,0.028093453158628785,10.3693138170874,27.8475957807336,4.21055648204692,6.15875733504048,-0.12479824941020415,20.80169789963534,62.5,0.12098414932741738,0.4666666666666667,0.004070506588849594,1
t10_size_plus_impact+weighted_reversal_lowturn,2,t10_size_plus_impact|weighted_reversal_lowturn,120,2021-09-07,2026-08-10,3923.15,0.11673519379620713,0.07044917426365857,22.371885011172022,42.16506940929016,6.375358494684671,15.99652651648735,0.9175017808338424,24.99068895478649,78.33333333333333,0.4705238720892784,0.6666666666666666,0.03661779692938913,1,15,2026-01-09,2026-08-10,4613.8,0.08061544458743605,0.0324244704810204,5.663764780529434,40.662773159841606,6.14821130176805,-0.4844465212386163,-0.4211914070484278,20.989999233685662,50.0,0.1425331518442633,0.4666666666666667,0.005362174255374448,1
t10_size_plus_impact+reversal_chip_eq,2,t10_size_plus_impact|reversal_chip_eq,120,2021-09-07,2026-08-10,3923.15,0.1090463431494213,0.06793055894149445,20.65216621522905,38.799568528296106,5.866494761478372,14.785671453750679,0.8388268410373341,26.274356208618443,73.33333333333333,0.40689346155709033,0.65,0.028840658622236722,1,15,2026-01-09,2026-08-10,4613.8,0.06815733116489407,0.019975199481924735,7.665940519665815,38.569450156394375,5.83170086364683,1.834239656018985,-0.3068619681397545,20.68047740614174,50.0,0.08033553376262316,0.4666666666666667,0.00255521260351823,1
t10_size_plus_impact+chip250,2,t10_size_plus_impact|chip250,120,2021-09-07,2026-08-10,3923.15,0.10263927650989785,0.06402192463044813,21.048081049676437,29.346944994629116,4.437258083187922,16.610822966488513,0.8992861651370313,25.099520546025843,70.0,0.3820973952814391,0.6083333333333333,0.023857738459868712,1,15,2026-01-09,2026-08-10,4613.8,0.05457133561014931,0.009000690400773708,5.578362359907285,28.10277360887468,4.249139369661852,1.329222990245433,-0.34009373763270984,21.15832706638493,37.5,0.035894254984414085,0.4666666666666667,0.0009141054697743435,1
t10_size_plus_impact+rsi14,2,t10_size_plus_impact|rsi14,120,2021-09-07,2026-08-10,3923.15,0.10437900615538678,0.06316080704038857,18.85014177551081,55.7207094668143,8.424971271382322,10.425170504128488,0.7324817910080247,26.70407458430124,75.0,0.4048474603728797,0.6166666666666667,0.026058838260923003,1,15,2026-01-09,2026-08-10,4613.8,0.07257367646392976,0.02543000686961263,8.375763782149859,55.787280477243385,8.435036808159198,-0.05927302600934048,-0.3686230106216924,21.152522351817773,62.5,0.11042022799673357,0.4666666666666667,0.0037396808874638737,1
t10_size_plus_impact+paper_composite_nomcap,2,t10_size_plus_impact|paper_composite_nomcap,120,2021-09-07,2026-08-10,3915.3166666666666,0.10399588650900139,0.05729016725939258,16.021497731135437,23.809649992515105,3.6000190788682835,12.421478652267155,0.892745216500128,20.173322489449664,66.66666666666666,0.35381081551863475,0.6583333333333333,0.024223289032419337,1,15,2026-01-09,2026-08-10,4604.6,0.07250090543029954,0.014540072496979924,8.636226802558477,22.240560137385533,3.3627726927726926,5.273454109785785,-0.24249706245513813,19.374974655025312,50.0,0.05337408130921868,0.4666666666666667,0.0018058456366667648,1
t10_size_plus_impact+growth_revenue,2,t10_size_plus_impact|growth_revenue,120,2021-09-07,2026-08-10,3923.15,0.08393101075430881,0.0555567203245058,18.861469338956027,26.52766298456564,4.010982643266325,14.850486695689701,0.9135298253979911,24.493633904446032,73.33333333333333,0.4815019249488114,0.6166666666666667,0.02492131499867777,1,15,2026-01-09,2026-08-10,4613.8,0.060831052265511734,0.031077428860912495,5.933166607657114,23.463767749764358,3.547721683764371,2.3854449238927433,-0.30208992575457144,19.94963326205991,62.5,0.2000539707516511,0.4,0.004867797420286738,1
t10_size_plus_impact_aggregate+reversal_turn_paper,2,t10_size_plus_impact_aggregate|reversal_turn_paper,120,2021-09-07,2026-08-10,3915.3166666666666,0.1187986992634212,0.07311675855287583,23.539883417183805,33.500908650175674,5.065337387906562,18.474546029277242,0.9914849798802057,24.712271599968005,78.33333333333333,0.4450985315151637,0.675,0.035692060446940725,1,15,2026-01-09,2026-08-10,4604.6,0.08025827186483157,0.029743222361556864,12.120544894717433,32.64393255809275,4.935762602783623,7.18478229193381,-0.09810294195113226,19.605481531119505,62.5,0.12008508943037072,0.4666666666666667,0.004497650152060476,1
t10_size_plus_impact_aggregate+reversal_turn_eq,2,t10_size_plus_impact_aggregate|reversal_turn_eq,120,2021-09-07,2026-08-10,3923.15,0.11365618847561576,0.07056203918170736,22.68906194293743,37.531478164001534,5.674759498397032,17.014302444540398,0.9331160165611163,25.51751031025039,75.0,0.45072255264913497,0.65,0.03329781480616548,1,15,2026-01-09,2026-08-10,4613.8,0.07720254442318514,0.03143748071293383,8.362462155420447,36.806378032726094,5.565124358548186,2.797337796872261,-0.2758773341407867,20.228410241224715,50.0,0.1349872725502414,0.4666666666666667,0.0048633017559581515,1
t10_size_plus_impact_aggregate+book_to_market_lf_plus_impact,2,t10_size_plus_impact_aggregate|book_to_market_lf_plus_impact,120,2021-09-07,2026-08-10,3919.575,0.10637925482520133,0.0690000767445557,24.605446919591433,19.257664225839203,2.911758830946887,21.693688088644546,1.0930703948702403,24.763531381448058,75.0,0.40393511323414116,0.6833333333333333,0.02936304950144719,1,15,2026-01-09,2026-08-10,4609.8,0.0790409185117837,0.03073562093388014,12.454355749999701,17.822017512265013,2.69468904785447,9.759666702145232,0.002428126328068002,19.64029490054171,62.5,0.12757196719247574,0.5333333333333333,0.005377816247065823,1
size_only+t10_size_plus_impact_aggregate,2,size_only|t10_size_plus_impact_aggregate,120,2021-09-07,2026-08-10,3923.15,0.09023020374298854,0.06630981765476757,28.165673020956984,20.613948705499503,3.1168290442715247,25.048843976685458,1.100675406281856,29.49759408314,76.66666666666667,0.37720891696822645,0.7,0.023824946202200586,1,15,2026-01-09,2026-08-10,4613.8,0.059904347008558116,0.028721590654157105,13.673288592735544,19.22700515323133,2.9071231791685777,10.766165413566966,0.07031612426661281,20.801700493732945,62.5,0.14505475263347956,0.5333333333333333,0.004634352126398142,1
t10_size_plus_impact_aggregate+alpha44,2,t10_size_plus_impact_aggregate|alpha44,120,2021-09-07,2026-08-10,3922.7,0.09964581363992522,0.05878292802653693,17.159284231905602,73.3752311213423,11.094334945546956,6.0649492863586465,0.6026085693276091,31.50028280502333,73.33333333333333,0.45904609348027914,0.675,0.030875864501073325,1,15,2026-01-09,2026-08-10,4613.333333333333,0.06693214626230243,0.026004014000933832,3.7412336915481736,74.02341213836195,11.192339915320328,-7.451106223772154,-0.7531948201954732,23.881128400503236,37.5,0.15289921104475132,0.5333333333333333,0.005458065257086903,1
t10_size_plus_impact_aggregate+quality_asset_turnover_tsrank378,2,t10_size_plus_impact_aggregate|quality_asset_turnover_tsrank378,120,2021-09-07,2026-08-10,3922.391666666667,0.08295584917063789,0.05789790766619387,19.931895786673536,28.751237110551774,4.347187051115428,15.58470873555811,0.9336869202192818,24.307605096143625,80.0,0.5215768740079427,0.7,0.03028749674376699,1,15,2026-01-09,2026-08-10,4611.466666666666,0.04981968137761446,0.028093795612936803,6.464170176736905,26.968582587274454,4.077649687195898,2.386520489541008,-0.31920299272384506,20.30158294978015,62.5,0.20493824984376774,0.4666666666666667,0.004764647211007812,1
t10_size_plus_impact_fscore+t10_size_plus_wc_mcap,2,t10_size_plus_impact_fscore|t10_size_plus_wc_mcap,120,2021-09-07,2026-08-10,3833.0833333333335,0.11571026024334999,0.07072411634309991,23.16670139414132,32.970657291124624,4.985163382418043,18.181538011723276,0.9623380205935244,24.928553794562614,83.33333333333334,0.4349105034602432,0.6666666666666666,0.0335490716919674,1,15,2026-01-09,2026-08-10,4513.866666666667,0.07366955611238858,0.024247229252190132,9.969386478573906,31.469192223451014,4.758141864185793,5.211244614388112,-0.1790469036048386,20.238270222698407,62.5,0.09973530702416192,0.4666666666666667,0.0034288127053613065,1
t10_size_plus_impact_fscore+weighted_reversal,2,t10_size_plus_impact_fscore|weighted_reversal,120,2021-09-07,2026-08-10,3833.0833333333335,0.11886802782989246,0.07064122083119123,22.977813121850076,54.171150196572846,8.190677909721815,14.78713521212826,0.869543514900423,24.73871455774296,76.66666666666667,0.47075533676488374,0.65,0.03637254300656509,1,15,2026-01-09,2026-08-10,4513.866666666667,0.09310100997705507,0.038357966688160404,10.382227593027194,53.77694506676885,8.13107409409545,2.2511534989317434,-0.287815343807971,20.681409972760832,50.0,0.16478673609381184,0.4666666666666667,0.007159512061872948,1
t10_size_plus_impact_fscore+turn_bias,2,t10_size_plus_impact_fscore|turn_bias,120,2021-09-07,2026-08-10,3833.0833333333335,0.10932866331370977,0.06793234435089548,22.02024706040411,30.181432268101478,4.5634325589369436,17.456814501467164,0.9823170531000559,23.55813349758028,81.66666666666667,0.45612998866603827,0.6416666666666667,0.03199868592314981,1,15,2026-01-09,2026-08-10,4513.866666666667,0.07445826933067082,0.034726620020086404,6.7117422949118595,27.47823118244676,4.154708554785951,2.5570337401259096,-0.31357367302940564,20.37353402277181,62.5,0.14985904918889528,0.4666666666666667,0.005207181208201005,1
t10_size_plus_impact_fscore+paper_composite,2,t10_size_plus_impact_fscore|paper_composite,120,2021-09-07,2026-08-10,3829.358333333333,0.1084538885657509,0.06476981995031506,21.31428890062761,23.077990921821627,3.4893922273794296,17.82489667324818,1.006800271304373,24.02902147840653,75.0,0.38038068537716485,0.675,0.02784629101350982,1,15,2026-01-09,2026-08-10,4510.666666666667,0.07633463111992587,0.021788058728612572,10.274739563185332,20.44080236403573,3.090649317442202,7.18409024574313,-0.11983851220211869,19.975287223326177,50.0,0.08397276285376401,0.5333333333333333,0.0034186826008336477,1
t10_size_plus_impact_fscore+skew60_low,2,t10_size_plus_impact_fscore|skew60_low,120,2021-09-07,2026-08-10,3833.0833333333335,0.10032218428354797,0.056873789990392346,19.920050190578607,33.11791179265622,5.007428263049621,14.912621927528988,0.900012083872162,24.778107044712915,73.33333333333333,0.4379276459610122,0.675,0.029655354150648686,1,15,2026-01-09,2026-08-10,4513.866666666667,0.0800078528736022,0.031426667092038285,12.322948650104149,33.04896804763948,4.997003968803089,7.32594468130106,-0.11984555737352168,18.369752386141826,62.5,0.1738794865503262,0.6,0.008347034626593594,1
t10_size_plus_impact_fscore+asset_growth,2,t10_size_plus_impact_fscore|asset_growth,120,2021-09-07,2026-08-10,3833.0833333333335,0.08086269421911071,0.050479666359043024,12.941352454506184,23.702791806675265,3.5838621211693003,9.357490333336882,0.756122528166717,27.032345483755293,70.0,0.4466432232506716,0.5916666666666667,0.021369091512164592,1,15,2026-01-09,2026-08-10,4513.866666666667,0.07707986347224274,0.04531024700837789,6.186257066829171,22.99576407773363,3.476959528553325,2.7092975382758455,-0.3197100569915734,19.25534241139413,50.0,0.34619865196511096,0.4666666666666667,0.012452974252947778,1
t10_size_plus_impact_downside+t10_nomcap_plus_impact,2,t10_size_plus_impact_downside|t10_nomcap_plus_impact,120,2021-09-07,2026-08-10,3923.15,0.11492565913762931,0.07307498879224039,24.94998427879731,31.238644398155856,4.723283033001166,20.226701245796143,1.0161479298908827,24.70387620060983,80.0,0.44440467597880395,0.7083333333333334,0.03617706272008528,1,15,2026-01-09,2026-08-10,4613.8,0.07334319687353237,0.027433500118847782,10.969495091581226,30.20165346957618,4.566490004599919,6.403005086981309,-0.12628555832597027,20.00676058431303,62.5,0.1152083389777678,0.4666666666666667,0.003943215680655569,1
t10_size_plus_impact_downside+exp_weighted_reversal63,2,t10_size_plus_impact_downside|exp_weighted_reversal63,120,2021-09-07,2026-08-10,3923.15,0.12105924189823768,0.07342672111884682,22.741797699069988,49.248087335168755,7.446310805077516,15.295486893992472,0.8693011400068379,27.014458658632336,75.0,0.4759072897816531,0.6666666666666666,0.038408650476541226,1,15,2026-01-09,2026-08-10,4613.8,0.08697005868291452,0.03316933709547065,12.412016821116033,51.518010452760244,7.789523180457349,4.622493640658686,-0.176315973275582,20.5819892365529,50.0,0.1533616045849695,0.4666666666666667,0.0062243382835483405,1
t10_size_plus_impact_downside+reversal20,2,t10_size_plus_impact_downside|reversal20,120,2021-09-07,2026-08-10,3923.15,0.11620354101322006,0.07494299628413179,25.63392753488174,54.78475022147955,8.283454233487708,17.350473301394032,0.9087941941567818,25.640378924839503,76.66666666666667,0.4694343334562558,0.65,0.03545745568351847,1,15,2026-01-09,2026-08-10,4613.8,0.07957931893734357,0.03417823679846529,9.805800608265958,55.220284935733666,8.349307082282929,1.4564935259830283,-0.2793766787892382,21.739825481644083,50.0,0.14577367252522255,0.4666666666666667,0.005413599136657863,1
t10_size_plus_impact_downside+impact_abs_return60,2,t10_size_plus_impact_downside|impact_abs_return60,120,2021-09-07,2026-08-10,3923.15,0.09323458660350327,0.06692220334226559,27.737518737631707,19.669508687829833,2.974029713599871,24.763489024031834,1.1406228992226015,25.875181046229578,80.0,0.40826273635315846,0.6833333333333333,0.026010541757159545,1,15,2026-01-09,2026-08-10,4613.8,0.065590282707172,0.03272576284951963,13.032349021266299,18.255189724145556,2.760184686290808,10.272164334975491,0.039836207766107565,19.471546703838307,75.0,0.16572655599376815,0.5333333333333333,0.005797360885182519,1
t10_size_plus_impact_downside+alpha13,2,t10_size_plus_impact_downside|alpha13,120,2021-09-07,2026-08-10,3923.15,0.10804599815440294,0.06248733326618575,20.76247981720718,64.94334849070408,9.819434291794456,10.943045525412725,0.7455571908952178,26.340700624669655,75.0,0.48070647521776977,0.6833333333333333,0.03549124747169561,1,15,2026-01-09,2026-08-10,4613.8,0.07100190528008511,0.027560514987186466,3.4517389165053314,66.13260229758775,9.999249467395268,-6.547510550889936,-0.7014022016427284,23.18768991029684,50.0,0.15451006285409324,0.5333333333333333,0.00585093805204604,1
t10_size_plus_impact_downside+max5_low21,2,t10_size_plus_impact_downside|max5_low21,120,2021-09-07,2026-08-10,3894.483333333333,0.08594294949270488,0.05357683905460157,17.057660106348326,68.96046135735705,10.426821757232386,6.630838349115942,0.6253977896957972,28.64469469035703,73.33333333333333,0.4021995214456062,0.6916666666666667,0.023908297433999616,1,15,2026-01-09,2026-08-10,4588.933333333333,0.053546421585435815,0.019061324770855634,7.31969848423496,72.434873510227,10.952152874746323,-3.6324543905113638,-0.6377185364428142,20.311582831994855,62.5,0.1179826393240566,0.4666666666666667,0.0029481891343372314,1
t10_size_plus_impact_g13+t10_nomcap_plus_impact,2,t10_size_plus_impact_g13|t10_nomcap_plus_impact,120,2021-09-07,2026-08-10,3923.15,0.11474765724588266,0.07309011999092282,24.404197437854158,30.82272622942882,4.660396205889637,19.743801231964518,1.0012363130111117,25.014761837541656,81.66666666666667,0.4426388461502268,0.7083333333333334,0.03597750417624611,1,15,2026-01-09,2026-08-10,4613.8,0.07250863437237304,0.026924068653268858,10.592015629919516,29.536838164334494,4.4659699304473754,6.12604569947214,-0.1368076430950787,20.133030967130907,62.5,0.11348546682179914,0.4666666666666667,0.003840048902834622,1
t10_size_plus_impact_g13+exp_weighted_reversal63,2,t10_size_plus_impact_g13|exp_weighted_reversal63,120,2021-09-07,2026-08-10,3923.15,0.12079323834052101,0.07343436795085223,23.65764493071454,48.88143163272199,7.390872462867565,16.266772467846973,0.8926379568083457,27.10632505996835,76.66666666666667,0.47402385492801213,0.6666666666666666,0.03817258432494128,1,15,2026-01-09,2026-08-10,4613.8,0.08604125315071967,0.032546292220646214,12.320144049264659,50.95495633674685,7.704389398116124,4.615754651148535,-0.17673156187527772,20.588011367562544,50.0,0.15106769079494956,0.4666666666666667,0.006065758265738686,1
t10_size_plus_impact_g13+reversal20,2,t10_size_plus_impact_g13|reversal20,120,2021-09-07,2026-08-10,3923.15,0.11593471954532017,0.07488222649171768,25.975597312416475,54.65145681154606,8.263300269905764,17.71229704251071,0.9160679331259062,25.920469543557413,78.33333333333333,0.4673879690824152,0.65,0.03522122052437728,1,15,2026-01-09,2026-08-10,4613.8,0.07856777826448179,0.03353813942793945,10.137865125886647,54.76178803494622,8.279982350883868,1.8578827750027782,-0.26455159973080483,21.58993647404688,50.0,0.14352705840509072,0.4666666666666667,0.005262414313204764,1
t10_size_plus_impact_g13+impact_abs_return60,2,t10_size_plus_impact_g13|impact_abs_return60,120,2021-09-07,2026-08-10,3923.15,0.09126784764946652,0.06604394772027172,28.182260403399194,19.61247526503029,2.96540626007258,25.216854143326618,1.149637209390365,26.198568444562987,80.0,0.4017061662603661,0.6833333333333333,0.025052952407769946,1,15,2026-01-09,2026-08-10,4613.8,0.06403473457071342,0.03207709885271301,13.957162398995237,18.196296827922477,2.7512800803818784,11.205882318613359,0.07520589907803654,19.36178834620058,75.0,0.16440943559402493,0.5333333333333333,0.005614887770231568,1
t10_size_plus_impact_g13+alpha13,2,t10_size_plus_impact_g13|alpha13,120,2021-09-07,2026-08-10,3923.15,0.1074470267464426,0.06236125720074351,21.49413999555705,64.52780440411252,9.75660402590181,11.737535969655239,0.7669707585803954,26.669039662777028,76.66666666666667,0.47822682645511416,0.6916666666666667,0.0355406350073174,1,15,2026-01-09,2026-08-10,4613.8,0.06975366178730617,0.02690426183209537,3.2767880049075493,65.5684363452383,9.91394757540003,-6.63715957049248,-0.704172038579341,23.29410028695832,50.0,0.15216046936347294,0.5333333333333333,0.005660666622601309,1
t10_size_plus_impact_g13+max5_low21,2,t10_size_plus_impact_g13|max5_low21,120,2021-09-07,2026-08-10,3894.483333333333,0.08489142150219427,0.05331449438418421,17.861549210194738,68.6647990606029,10.382117617963159,7.479431592231579,0.6490902732600318,28.502848183080655,75.0,0.3980417006178802,0.6833333333333333,0.02309005595144517,1,15,2026-01-09,2026-08-10,4588.933333333333,0.05237797501256842,0.01846814898941273,6.101476982484433,72.12991968192136,10.906043855906509,-4.804566873422076,-0.6831173430377344,20.95983662693226,75.0,0.11559587972235263,0.4666666666666667,0.0028255164465048506,1
t10_size_plus_wc_mcap+t10_nomcap_plus_impact,2,t10_size_plus_wc_mcap|t10_nomcap_plus_impact,120,2021-09-07,2026-08-10,3919.575,0.1132197305241342,0.06923102917366014,22.0350738317733,34.353773188456785,5.194290506094665,16.840783325678636,0.9246703978798321,25.891443770943845,80.0,0.431938867433911,0.6416666666666667,0.03138006806150058,1,15,2026-01-09,2026-08-10,4609.8,0.06984844446397269,0.021967737374743588,7.590778383793573,33.08721375599811,5.002786719906913,2.5879916638866596,-0.2901030380536905,20.66374357102301,62.5,0.0914041917988647,0.4666666666666667,0.0029794056201640777,1
t10_nomcap_plus_impact+weighted_reversal,2,t10_nomcap_plus_impact|weighted_reversal,120,2021-09-07,2026-08-10,3923.15,0.11525855180950995,0.06835926578689903,19.767889150295325,55.56246621463396,8.401044891652653,11.366844258642672,0.76904515606463,26.623822232161455,73.33333333333333,0.4626139780918342,0.6166666666666667,0.032880800583049055,1,15,2026-01-09,2026-08-10,4613.8,0.08817779901538832,0.03560963975837607,7.879176754321648,54.98672881022944,8.31399339610669,-0.43481664178504215,-0.40318379196502685,20.900479797424477,50.0,0.15577125622949395,0.4666666666666667,0.006409931044616807,1
t10_nomcap_plus_impact+turn_bias,2,t10_nomcap_plus_impact|turn_bias,120,2021-09-07,2026-08-10,3923.15,0.10344868780482983,0.06474804010821486,19.383034523737997,32.07023581024258,4.849019654508678,14.534014869229317,0.8937873160161568,25.46595334377979,68.33333333333333,0.44160184697479715,0.65,0.02969403554112582,1,15,2026-01-09,2026-08-10,4613.8,0.06792288650538697,0.031307137520573,3.2617325062685665,29.878436449822317,4.517619591213134,-1.255887084944568,-0.49698010997819403,20.912764166294252,37.5,0.13837972795200007,0.4666666666666667,0.0043862702596206785,1
t10_nomcap_plus_impact+paper_composite,2,t10_nomcap_plus_impact|paper_composite,120,2021-09-07,2026-08-10,3915.3166666666666,0.11200268100306257,0.06639325922354583,21.10468804245105,25.60526626732708,3.8715162596198547,17.233171782831192,0.9919994146939993,22.942933784278697,75.0,0.3937124430866013,0.6666666666666666,0.029397899446643356,1,15,2026-01-09,2026-08-10,4604.6,0.07506064298252936,0.019642068168121616,10.489393424575766,23.99450791205842,3.627969596303233,6.8614238282725335,-0.13297179131914227,19.75295908911171,50.0,0.07410691105164914,0.4666666666666667,0.0025958391167267515,1
t10_nomcap_plus_impact+skew60_low,2,t10_nomcap_plus_impact|skew60_low,120,2021-09-07,2026-08-10,3923.15,0.09867213912615437,0.05517039757315659,17.74089752281447,35.224754372901636,5.325982861182728,12.414914661631743,0.8333712731800081,24.094711962673543,75.0,0.435792951529649,0.6916666666666667,0.029742097397608924,1,15,2026-01-09,2026-08-10,4613.8,0.07705541928763213,0.02819762387414338,8.58834512773976,34.35973791188825,5.1951923722775035,3.3931527554622565,-0.3012016976319019,18.925392783595683,62.5,0.1578182860920721,0.6,0.007296452523648059,1
t10_nomcap_plus_impact+asset_growth,2,t10_nomcap_plus_impact|asset_growth,120,2021-09-07,2026-08-10,3923.125,0.07759718044813585,0.046905931011796805,11.182793681596293,25.04843572255526,3.787323481250356,7.395470200345937,0.6934276068022741,29.161982874461422,66.66666666666666,0.4080757181510602,0.5666666666666667,0.017943797578126586,1,15,2026-01-09,2026-08-10,4613.8,0.07384787025723659,0.04129288265169982,4.026190150043307,24.369835174106054,3.684719078324836,0.3414710717184716,-0.44118889164406955,19.29886953075818,50.0,0.31467109297384316,0.4666666666666667,0.010844302022229762,1
t10_size_plus_wc_mcap+reversal_turn_paper,2,t10_size_plus_wc_mcap|reversal_turn_paper,120,2021-09-07,2026-08-10,3915.3166666666666,0.11528215433622914,0.06775894852154035,20.468455994202305,36.256515908451256,5.48198520535783,14.986470788844475,0.8961517606809015,24.553377959431412,75.0,0.4313555957747052,0.6416666666666667,0.0319085448514497,1,15,2026-01-09,2026-08-10,4604.6,0.0763282209283338,0.024122144743367876,8.59011115003766,34.92535192085626,5.280713210433467,3.3093979396041937,-0.27207352156775527,20.09599116374495,62.5,0.09741764108381358,0.4666666666666667,0.00347000044111581,1
t10_size_plus_wc_mcap+reversal_turn_eq,2,t10_size_plus_wc_mcap|reversal_turn_eq,120,2021-09-07,2026-08-10,3919.575,0.107939564457006,0.06368760169134438,18.79485095839446,40.706292648396804,6.154791448437597,12.640059509956863,0.8114569224498406,26.923524171277357,73.33333333333333,0.4213582457642648,0.6083333333333333,0.027667745529632387,1,15,2026-01-09,2026-08-10,4609.8,0.07209456775838083,0.025268847732655957,2.6526211924056686,38.923002034194155,5.8851579075701554,-3.2325367151644873,-0.554423786522493,21.852356124940787,37.5,0.10950623750991652,0.4666666666666667,0.0036842422680578766,1
book_to_market_lf_plus_impact+t10_size_plus_wc_mcap,2,book_to_market_lf_plus_impact|t10_size_plus_wc_mcap,120,2021-09-07,2026-08-10,3919.575,0.11437576283780121,0.06943208601720308,21.924915924576325,22.934636004610752,3.467716963897146,18.45719896067918,1.0145079147831455,23.9054425617117,76.66666666666667,0.41785855158416274,0.675,0.03226020115212269,1,15,2026-01-09,2026-08-10,4609.8,0.0793519545419184,0.024978543997113595,10.025486778030357,20.903227252911343,3.160567960640195,6.864918817390161,-0.12343430756847336,19.766163602786136,50.0,0.0989701240222664,0.4666666666666667,0.0036649539651306914,1
size_only+t10_size_plus_wc_mcap,2,size_only|t10_size_plus_wc_mcap,120,2021-09-07,2026-08-10,3919.575,0.09740857172955054,0.06725354096974524,25.2736172224018,24.981638472032454,3.7772237369713073,21.49639348543049,1.0233878525085376,29.004364747328836,80.0,0.390827267192474,0.6916666666666667,0.02633169874070944,1,15,2026-01-09,2026-08-10,4609.8,0.05907437164364825,0.022872674101292564,11.59363267846465,23.69284711407281,3.5823584836478086,8.01127419481684,-0.04234284412009906,20.364825231788775,62.5,0.10990490800640174,0.4666666666666667,0.0030298629111478693,1
t10_size_plus_wc_mcap+alpha44,2,t10_size_plus_wc_mcap|alpha44,120,2021-09-07,2026-08-10,3919.125,0.09792617236606649,0.05342776778251485,15.331827744623672,75.8760033039481,11.47245169955695,3.8593760450667216,0.5398351379963249,30.084323005014035,70.0,0.446194267187965,0.6416666666666667,0.028037045393664608,1,15,2026-01-09,2026-08-10,4609.333333333333,0.06154777556020378,0.018114241391229007,2.2667141921604905,75.43579784247856,11.40589263378276,-9.139178441622269,-0.85801550795249,24.06787060561111,37.5,0.10643609423308474,0.4666666666666667,0.00305708892503588,1
t10_size_plus_wc_mcap+quality_asset_turnover_tsrank378,2,t10_size_plus_wc_mcap|quality_asset_turnover_tsrank378,120,2021-09-07,2026-08-10,3918.8166666666666,0.08317464851951308,0.05302071265826675,17.682938195358755,33.486758140190055,5.063197830796736,12.619740364562018,0.8442633376738682,23.855822683104254,81.66666666666667,0.5098168788983032,0.6416666666666667,0.02720913048166232,1,15,2026-01-09,2026-08-10,4607.466666666666,0.04554346105091642,0.01981281111231776,1.7131590522490803,31.726875854242337,4.797103629161441,-3.0839445769123612,-0.5755654543836719,21.431749298789214,62.5,0.1399222390653052,0.4,0.0025490172180110977,1
t10_size_plus_impact_dd120+weighted_reversal_lowturn,2,t10_size_plus_impact_dd120|weighted_reversal_lowturn,120,2021-09-07,2026-08-10,3923.15,0.11309321700399118,0.06874465094579872,22.15047535361272,43.95383847266776,6.645820377067365,15.504654976545353,0.8914790732274616,26.015003148645444,73.33333333333333,0.45729660137998124,0.6416666666666667,0.03318516725565957,1,15,2026-01-09,2026-08-10,4613.8,0.07623233181838156,0.02946304236278526,6.042018548577321,42.42262253170434,6.414300526793696,-0.3722819782163739,-0.40985790273536166,21.118301402484406,50.0,0.12962203846937712,0.4666666666666667,0.004611315448867202,1
t10_size_plus_impact_dd120+reversal_chip_eq,2,t10_size_plus_impact_dd120|reversal_chip_eq,120,2021-09-07,2026-08-10,3923.15,0.1036507072585741,0.06487062105172743,18.58888037246933,38.68523144800402,5.849206994938207,12.73967337753112,0.7811768502391158,27.003539126950837,68.33333333333333,0.3899104138529743,0.6416666666666667,0.02593263118814581,1,15,2026-01-09,2026-08-10,4613.8,0.06271099735752327,0.016791917248911638,7.033466886258088,38.74510078951661,5.858259239374912,1.1752076468831765,-0.3369039940124156,20.774331805863632,50.0,0.0683401375651704,0.4666666666666667,0.0019999831535890164,1
t10_size_plus_impact_dd120+chip250,2,t10_size_plus_impact_dd120|chip250,120,2021-09-07,2026-08-10,3923.15,0.09777409280835547,0.06116429336893246,19.29829479957206,30.124774506589645,4.554865905396355,14.743428894175704,0.844376617802781,26.101712220590358,65.0,0.3664320169020532,0.6,0.021496534817120536,1,15,2026-01-09,2026-08-10,4613.8,0.0495769335912177,0.005902227441519054,5.586650205917887,29.632768104930644,4.480474537465513,1.1061756684523736,-0.35154160186902406,20.921501287863585,37.5,0.023749506629737814,0.4666666666666667,0.0005494662660697916,1
t10_size_plus_impact_dd120+rsi14,2,t10_size_plus_impact_dd120|rsi14,120,2021-09-07,2026-08-10,3923.15,0.09689971442911373,0.05914344237259364,17.691464769255163,55.68465269797612,8.41951948793399,9.271945281321171,0.6953701303431845,28.083491064013977,73.33333333333333,0.3816871641034584,0.6166666666666667,0.022807649275111423,1,15,2026-01-09,2026-08-10,4613.8,0.06519503609648154,0.02139482873826076,8.713601842996088,56.08908244660088,8.480669265926052,0.23293257707003578,-0.3594506493757578,20.523461632014385,62.5,0.09400845630877552,0.4666666666666667,0.0028601461944650595,1
t10_size_plus_impact_dd120+paper_composite_nomcap,2,t10_size_plus_impact_dd120|paper_composite_nomcap,120,2021-09-07,2026-08-10,3915.3166666666666,0.10146683035454385,0.05627795784650231,15.736863096856158,25.74821686343533,3.8931303897514224,11.843732707104735,0.8619454572660242,20.193211928665534,66.66666666666666,0.3531660450882127,0.6583333333333333,0.023591137462767652,1,15,2026-01-09,2026-08-10,4604.6,0.06826375037951947,0.011067883830885132,10.004132090089445,25.03051455269828,3.78461380036798,6.219518289721466,-0.19076595192325888,19.039305260763506,50.0,0.04048485772268489,0.4666666666666667,0.0012897025034748037,1
t10_size_plus_impact_dd120+growth_revenue,2,t10_size_plus_impact_dd120|growth_revenue,120,2021-09-07,2026-08-10,3923.15,0.07892245242793917,0.05324322504729159,16.965681808643062,27.919269579895467,4.221393560480195,12.744288248162869,0.8440843857624069,25.89361486353452,78.33333333333333,0.4559086582034659,0.5916666666666667,0.0212890123882246,1,15,2026-01-09,2026-08-10,4613.8,0.054569626392518535,0.026641349950302932,3.8459009082773776,25.11456790642839,3.797322667451973,0.04857824082540457,-0.40983940839039856,20.442856658038068,50.0,0.16904475685904716,0.4,0.0036898836901649358,1
reversal_turn_paper+reversal_chip_turn_eq,2,reversal_turn_paper|reversal_chip_turn_eq,120,2021-09-07,2026-08-10,3915.3166666666666,0.109553608364489,0.0626653585719026,17.624074652949417,41.00354017762365,6.199735274856696,11.424339378092721,0.7994611659973659,24.87907952429823,66.66666666666666,0.4005485814141133,0.625,0.02742596401199588,1,15,2026-01-09,2026-08-10,4604.6,0.07503619563826304,0.02329887379221093,7.244260835193561,40.44973896180172,6.1160005310244205,1.128260304169141,-0.38316352697101347,20.54969923433734,50.0,0.0921990823389557,0.4666666666666667,0.0032285252440252946,1
impact60+reversal_turn_paper,2,impact60|reversal_turn_paper,120,2021-09-07,2026-08-10,3915.3166666666666,0.11255803499471062,0.07216466810544463,23.77136465772729,26.310164670063692,3.9780968981136295,19.79326775961366,1.054791594694684,23.848205691150714,75.0,0.4545543152380013,0.6916666666666667,0.03538825386074268,1,15,2026-01-09,2026-08-10,4604.6,0.08182944517132548,0.03689582581273543,12.176257099624642,24.660063310275284,3.7286015725136226,8.44765552711102,-0.04085143333109545,19.094744649891616,62.5,0.16246810058207162,0.5333333333333333,0.007090493081957346,1
reversal_turn_paper+fscore_interact,2,reversal_turn_paper|fscore_interact,120,2021-09-07,2026-08-10,3829.358333333333,0.1012737227659532,0.05328772231909221,12.454620444896136,44.26680383942177,6.693140740520572,5.761479704375565,0.6485793869704072,25.549642707716526,63.33333333333333,0.37018966343299053,0.6,0.022494291207200524,1,15,2026-01-09,2026-08-10,4510.666666666667,0.08588877609092867,0.032217096857862414,10.762122778239869,44.97007354847607,6.799475120529583,3.962647657710286,-0.28766219028665785,17.366993100317863,62.5,0.13625459453846123,0.5333333333333333,0.0062414615262262226,1
reversal_turn_paper+value_bm,2,reversal_turn_paper|value_bm,120,2021-09-07,2026-08-10,3915.3166666666666,0.10046526299269752,0.047669745611422905,6.817172519002046,18.763730716866384,2.8370760843901977,3.980096434611849,0.6669341802983688,19.847549131919408,55.00000000000001,0.2948948568493362,0.6,0.017776013609137466,1,15,2026-01-09,2026-08-10,4604.6,0.08224827099317046,0.021779684242367012,7.097819506850922,17.54229872920879,2.6523955678563693,4.445423938994553,-0.353716126809199,18.495340583143594,75.0,0.08087639701357878,0.4666666666666667,0.003104240448644566,1
reversal_turn_paper+quality_roic,2,reversal_turn_paper|quality_roic,120,2021-09-07,2026-08-10,3832.1583333333333,0.0750798442864716,0.03621374272820204,7.706287778429277,29.563220756001606,4.469958978307443,3.236328800121834,0.621438258641453,24.741312651064952,55.00000000000001,0.2651210233395911,0.5,0.009952622574703252,1,15,2026-01-09,2026-08-10,4513.0,0.07444480845672831,0.03355764093461956,8.161463333207985,29.129550418940397,4.404388023343788,3.7570753098641974,-0.3598129293857676,17.7931770793596,75.0,0.17036789901026836,0.4666666666666667,0.005918735950864175,1
reversal_chip_turn_paper+momentum20,2,reversal_chip_turn_paper|momentum20,120,2021-09-07,2026-08-10,3915.3166666666666,0.11317367279314981,0.07235631428707438,18.977198975556185,55.77965101596411,8.433883233613775,10.543315741942411,0.7437955061372515,26.63496068979595,70.0,0.4492699398161706,0.6083333333333333,0.03093103024176998,1,15,2026-01-09,2026-08-10,4604.6,0.08118526642486244,0.029468232291429662,8.3267281925676,55.21149097453573,8.3479774353498,-0.02124924278220086,-0.38302021442247725,20.42296761796448,50.0,0.11258770375612885,0.4666666666666667,0.00426554927194891,1
reversal_chip_turn_paper+reversal40,2,reversal_chip_turn_paper|reversal40,120,2021-09-07,2026-08-10,3915.3166666666666,0.10481086394760665,0.0610737349113017,17.183041911962004,49.088277479963686,7.422147554970509,9.760894356991495,0.7149034244956078,26.569872574570674,68.33333333333333,0.38495399158977883,0.6083333333333333,0.024544644266817687,1,15,2026-01-09,2026-08-10,4604.6,0.07755170597756032,0.026377101606140863,8.928448541136335,49.910888522681844,7.546526344629495,1.3819221965068407,-0.34481437280694477,19.909314521139578,50.0,0.10647993220586677,0.5333333333333333,0.004404106877301299,1
reversal_chip_turn_paper+momentum120,2,reversal_chip_turn_paper|momentum120,120,2021-09-07,2026-08-10,3915.3166666666666,0.10263892923839499,0.06213078812047515,16.096695876561682,36.157399067008654,5.466998738931709,10.629697137629975,0.7529879700136255,26.296796244345245,58.333333333333336,0.3592367510912409,0.6416666666666667,0.023659325096512744,1,15,2026-01-09,2026-08-10,4604.6,0.06567442765724871,0.0069418629240066455,7.900572707034237,36.30295166262377,5.489006291388715,2.411566415645522,-0.32100997284137617,20.13675596249682,62.5,0.024786843797104267,0.5333333333333333,0.000868192949229039,1
reversal_chip_turn_paper+book_to_market_lf_div_oper_main_profit_ttm,2,reversal_chip_turn_paper|book_to_market_lf_div_oper_main_profit_ttm,120,2021-09-07,2026-08-10,3827.425,0.10638449909923668,0.05654874483517733,18.776114700738567,21.451130238463385,3.2434108920556635,15.532703808682902,0.8911005314651086,27.087185991048692,71.66666666666667,0.4074505149085556,0.675,0.029258832781984115,1,15,2026-01-09,2026-08-10,4507.933333333333,0.06728846384748861,0.019745511799540944,8.615502840575463,19.0930334485638,2.8868666574228468,5.728636183152615,-0.15021964212271569,19.88378146931169,50.0,0.09525111665577737,0.4666666666666667,0.0029910072824450916,1
reversal_chip_turn_paper+ev_ebitda_proxy,2,reversal_chip_turn_paper|ev_ebitda_proxy,120,2021-09-07,2026-08-10,3821.375,0.08128800415142387,0.04711208489728376,16.247028991304035,28.587817651922663,4.322478028970707,11.92455096233333,0.8116884175111736,24.010504696813385,66.66666666666666,0.3346321024345695,0.6166666666666667,0.016774305034672275,1,15,2026-01-09,2026-08-10,4502.533333333334,0.05112615109480792,0.004789606946678117,1.0285083980434373,24.997543130836572,3.7796285213824903,-2.751120123339053,-0.5742547356658001,20.73129192436892,37.5,0.01952199007742984,0.5333333333333333,0.0005323115809973434,1
reversal_chip_turn_paper+quality_net_margin_tsrank378,2,reversal_chip_turn_paper|quality_net_margin_tsrank378,120,2021-09-07,2026-08-10,3913.258333333333,0.08579242029572123,0.049566818554191434,14.334438829251495,32.24700002521955,4.875746403813195,9.4586924254383,0.7895409322882256,23.11660655256339,65.0,0.4095710646650273,0.6,0.021082855752424825,1,15,2026-01-09,2026-08-10,4600.733333333334,0.05725376966367544,0.01779270476228516,5.672589464249878,29.44120224611512,4.451509779612606,1.2210796846372711,-0.41581222762111014,20.22026847449473,50.0,0.09137450742316414,0.4666666666666667,0.002441383000530899,1
reversal_chip_turn_size_eq+reversal_turn_paper_nomcap,2,reversal_chip_turn_size_eq|reversal_turn_paper_nomcap,120,2021-09-07,2026-08-10,3915.3166666666666,0.11122558371454043,0.06364576917989431,17.953245500487313,40.00103640230317,6.048156704028239,11.905088796459076,0.817787733864512,24.73900865292188,68.33333333333333,0.4042261899367924,0.6333333333333333,0.028474852821335463,1,15,2026-01-09,2026-08-10,4604.6,0.07587348483584518,0.022516165572196347,8.292917453467407,39.13497501583167,5.917208222393749,2.3757092310736585,-0.33899826557409557,20.022073268561524,50.0,0.08695428262486536,0.4666666666666667,0.0030788447406031086,1
reversal_chip_turn_size_eq+f_i10_01,2,reversal_chip_turn_size_eq|f_i10_01,120,2021-09-07,2026-08-10,3923.15,0.1044427358015552,0.07175939139836657,27.4833823310481,25.72692819926931,3.8899115437295197,23.593470787318584,1.071902518080813,28.245179090356597,78.33333333333333,0.41488589198723813,0.7083333333333334,0.030693370803269445,1,15,2026-01-09,2026-08-10,4613.8,0.066314645636629,0.02835646536057401,12.681780172397106,23.7586796028284,3.592312355947654,9.089467816449451,0.00032169275679376887,20.510322417984728,62.5,0.13181182286929918,0.5333333333333333,0.004661895639624366,1
reversal_chip_turn_size_eq+max_return21_low,2,reversal_chip_turn_size_eq|max_return21_low,120,2021-09-07,2026-08-10,3923.15,0.1114689026849032,0.06012235680753999,15.940735463392963,49.06296322290476,7.418320039303201,8.522415424089761,0.7352992834856655,24.38288838039322,66.66666666666666,0.40149702257964065,0.6,0.026852659522925006,1,15,2026-01-09,2026-08-10,4613.8,0.08266110503576986,0.02419177624009664,7.004560637137514,48.078353512283606,7.2694470510572815,-0.2648864139197682,-0.48110162214423075,21.26171497598476,50.0,0.09467013459938539,0.4666666666666667,0.0036519177052727904,1
reversal_chip_turn_size_eq+ltmom_exhigh252_21,2,reversal_chip_turn_size_eq|ltmom_exhigh252_21,120,2021-09-07,2026-08-10,3923.15,0.10388632533091384,0.061405323302547686,19.816532948608767,28.55995887260828,4.318265781538373,15.498267167070395,0.9252252553913012,24.13792493779433,73.33333333333333,0.46509370782211,0.65,0.03140596955610966,1,15,2026-01-09,2026-08-10,4613.8,0.07603473729117335,0.026648650816352593,6.042627115270671,26.609504406417216,4.023357066250283,2.019270049020388,-0.3142241682153662,21.062783440184596,50.0,0.15039049351637954,0.5333333333333333,0.006098614221657509,1
reversal_chip_turn_size_eq+growth_roe,2,reversal_chip_turn_size_eq|growth_roe,120,2021-09-07,2026-08-10,3912.5416666666665,0.07960956427851193,0.04928749731193698,15.61030500918461,27.99906117070501,4.233458049010597,11.376846960174014,0.7917111700108278,24.669096983894747,73.33333333333333,0.4436269528910529,0.65,0.022956016474209428,1,15,2026-01-09,2026-08-10,4605.933333333333,0.054304098788016106,0.021727207538143733,2.2409408939109365,24.4889889582737,3.7027351304909835,-1.461794236580047,-0.4835452481182489,20.544225584623977,37.5,0.13312123324414948,0.4666666666666667,0.0033735466804073193,1
weighted_reversal_lowturn+momentum20_open,2,weighted_reversal_lowturn|momentum20_open,120,2021-09-07,2026-08-10,3923.15,0.09909176768908234,0.06391718653448918,13.712054596750335,67.41085650764961,10.192521503956621,3.5195330927937127,0.5406349812699799,27.849031103957277,66.66666666666666,0.43987773931840723,0.5833333333333334,0.025426486607747364,1,15,2026-01-09,2026-08-10,4613.8,0.07501581882947603,0.03504626168230293,4.2442310837721315,65.67676768490355,9.930327273957417,-5.686096190185285,-0.6091864654573752,22.029737114980875,50.0,0.1496421670296979,0.5333333333333333,0.005986949168613338,1
book_to_market_lf_minus_size+weighted_reversal_lowturn,2,book_to_market_lf_minus_size|weighted_reversal_lowturn,120,2021-09-07,2026-08-10,3919.575,0.11927449933304532,0.06953094006021701,20.897698646399764,37.43342295994581,5.659933551543806,15.237765094855959,0.9361218121711742,22.953446455963842,76.66666666666667,0.43926338130310444,0.6833333333333333,0.035801828584850044,1,15,2026-01-09,2026-08-10,4609.8,0.09105274150334314,0.03408568385531636,8.547924750782965,34.32103470591469,5.189340447534301,3.3585843032486644,-0.2796092283673637,20.815609293757188,62.5,0.13728254031990622,0.4666666666666667,0.005833310773112995,1
weighted_reversal_lowturn+fscore_eq,2,weighted_reversal_lowturn|fscore_eq,120,2021-09-07,2026-08-10,3833.0833333333335,0.09696538785435367,0.05135695016643229,11.613160635970775,48.07900295758752,7.269545247187232,4.343615388783544,0.6071434080675178,25.566888281435496,61.66666666666667,0.3732107879123871,0.575,0.020808404060778284,1,15,2026-01-09,2026-08-10,4513.866666666667,0.08686282803212822,0.03708346024153457,10.038357846050715,48.417948224861476,7.320793771599055,2.7175640744516616,-0.33915550785867693,17.525004138846235,62.5,0.17065728767078994,0.4666666666666667,0.006917761494642722,1
drawdown120+weighted_reversal_lowturn,2,drawdown120|weighted_reversal_lowturn,120,2021-09-07,2026-08-10,3923.15,0.0823356205990286,0.050500801774361205,14.147594450633004,47.45918352689535,7.175828549266577,6.971765901366428,0.6386421822711382,27.968337280345835,65.0,0.35411251258760656,0.5583333333333333,0.016278807696228238,1,15,2026-01-09,2026-08-10,4613.8,0.05005060381902966,0.016665299314098787,0.5320818151917761,45.19180958050531,6.8330016085724035,-6.300919793380627,-0.6744817033892614,22.457920335224145,37.5,0.08238729311069927,0.3333333333333333,0.0013745112557352935,1
weighted_reversal_lowturn+cash_conversion,2,weighted_reversal_lowturn|cash_conversion,120,2021-09-07,2026-08-10,3918.0666666666666,0.07605704272315121,0.03867169565258792,12.473126557480763,39.30319130834319,5.94264252582149,6.530484031659273,0.7186764107505145,23.246869142788018,68.33333333333333,0.36262554444482037,0.5333333333333333,0.014709454147384358,1,15,2026-01-09,2026-08-10,4606.8,0.06694166795571864,0.02893221732301764,3.162868738206448,35.79578633842351,5.412322894369635,-2.2494541561631873,-0.6140675142841076,18.79893868680831,50.0,0.17859199618732613,0.4666666666666667,0.0055791148505497795,1
momentum20+momentum20_open,2,momentum20|momentum20_open,120,2021-09-07,2026-08-10,4578.741666666667,0.08346601205705302,0.06279488511848455,9.693455887497194,70.68274548631457,10.687231117530763,-0.9937752300335695,0.3727754984515918,32.36529809589233,51.66666666666667,0.43919757352008554,0.5833333333333334,0.0213838741473326,1,15,2026-01-09,2026-08-10,4903.6,0.05230923612768616,0.024797342809940504,-2.2805500792715705,70.64472394943564,10.68148226115467,-12.96203234042624,-0.8700206890901693,24.590974018611977,37.5,0.11080940643711072,0.5333333333333333,0.0030913895501267045,1
book_to_market_lf_minus_size+momentum20,2,book_to_market_lf_minus_size|momentum20,120,2021-09-07,2026-08-10,4574.733333333334,0.11479980046938593,0.07633860855295566,22.021198238433826,50.42486496384123,7.624239582532795,14.396958655901033,0.8307102007322744,26.32410181662552,75.0,0.4604473264468026,0.6916666666666667,0.036560988998572304,1,15,2026-01-09,2026-08-10,4899.6,0.09193301958138618,0.035426509016437374,10.164815432044627,45.09161692945234,6.817852479733194,3.346962952311433,-0.20269496829802983,20.821984247299586,62.5,0.13593552237749568,0.4666666666666667,0.005831916085583592,1
fscore_eq+momentum20,2,fscore_eq|momentum20,120,2021-09-07,2026-08-10,4454.858333333334,0.08780870872822438,0.056419788684634535,10.146513701659554,53.8576456248546,8.143276018478016,2.0032376831815384,0.49262641426178166,28.551393950598946,61.66666666666667,0.40131703421827397,0.5666666666666667,0.01996884065369679,1,15,2026-01-09,2026-08-10,4792.2,0.07349681244506455,0.02988679556357984,6.874205062351968,54.5487738801262,8.24777461067508,-1.3735695483231127,-0.46253236822060273,19.31619140911076,62.5,0.1343283135851377,0.6,0.005923621721777209,1
drawdown120+momentum20,2,drawdown120|momentum20,120,2021-09-07,2026-08-10,4455.15,0.06673338842413212,0.05193639927738626,11.727868217961923,55.807826963323635,8.438143436854533,3.289724781107389,0.5007546955278892,31.634902256963883,60.0,0.35357324721029304,0.575,0.01356720598441805,1,15,2026-01-09,2026-08-10,4862.133333333333,0.028625198343804902,0.011350660473633945,-1.9034685199474155,54.87687175490704,8.297383009341946,-10.200851529289361,-0.7793444110252694,22.93383459378574,37.5,0.05460402993194733,0.4666666666666667,0.0007294238873474243,1
cash_conversion+momentum20,2,cash_conversion|momentum20,120,2021-09-07,2026-08-10,4571.833333333333,0.06658652421101664,0.0461168215742828,10.06345045622028,51.52871425795513,7.791141595802816,2.272308860417464,0.5116473118596879,25.995506528818346,65.0,0.4130762222481913,0.5833333333333334,0.016044764093005946,1,15,2026-01-09,2026-08-10,4893.133333333333,0.0515868371159967,0.022436867045546753,0.34320372770924035,46.4031065282487,7.016149707071202,-6.672945979361962,-0.7034726386330775,21.926506403588387,50.0,0.13424457976767912,0.6,0.004155151962108413,1
reversal_turn_paper_nomcap+exp_weighted_reversal63,2,reversal_turn_paper_nomcap|exp_weighted_reversal63,120,2021-09-07,2026-08-10,3915.3166666666666,0.10911171101989241,0.05699909037503604,12.142906665056419,52.8923912228929,7.997329552901407,4.145577112155012,0.5995425974695411,24.233018269303397,65.0,0.3945274287176827,0.6,0.025828537674998996,1,15,2026-01-09,2026-08-10,4604.6,0.086874907561513,0.028071649136429195,7.303924179775157,54.8553824588264,8.294133827774552,-0.9902096479993947,-0.4936854972585015,19.41532886822572,50.0,0.12409242721899394,0.5333333333333333,0.005749609676658068,1
exp_weighted_reversal63+f_i10_01,2,exp_weighted_reversal63|f_i10_01,120,2021-09-07,2026-08-10,4525.858333333334,0.1093454531976034,0.06918776178724476,22.585430025899967,47.183075330912864,7.134080990034025,15.451349035865942,0.8424093040197358,30.791938718852762,76.66666666666667,0.45180346295831547,0.6916666666666667,0.03417016930261801,1,15,2026-01-09,2026-08-10,4883.866666666667,0.08515034502981461,0.03743426809321583,11.901129766606955,48.225116227626344,7.291637573617103,4.609492192989852,-0.1299087855790757,21.57834512582277,50.0,0.19085314410997847,0.5333333333333333,0.008667312571194453,1
exp_weighted_reversal63+max_return21_low,2,exp_weighted_reversal63|max_return21_low,120,2021-09-07,2026-08-10,4525.858333333334,0.09869395497999349,0.04670474068568498,7.400650442282042,61.18037323686608,9.250472433414151,-1.8498219911321099,0.387071493204377,24.988440575571012,61.66666666666667,0.3567060504014457,0.575,0.02024272025566165,1,15,2026-01-09,2026-08-10,4883.866666666667,0.08484040625756538,0.025032712712069565,6.295651339419361,63.37729587372557,9.582647136107306,-3.286995796687944,-0.6040094133567263,19.68487749003034,62.5,0.12293803663317383,0.4666666666666667,0.004867386053817431,1
exp_weighted_reversal63+ltmom_exhigh252_21,2,exp_weighted_reversal63|ltmom_exhigh252_21,120,2021-09-07,2026-08-10,4280.491666666667,0.08512956925400024,0.04386159001933336,11.791967628216549,48.62251724799294,7.351724607896533,4.440243020320016,0.6079449100690187,25.32659231525004,68.33333333333333,0.42152152100574886,0.6166666666666667,0.022128433067281423,1,15,2026-01-09,2026-08-10,4822.533333333334,0.07153432634216014,0.025141023404955224,3.518078941421454,50.434152836487236,7.62564390887687,-4.107564967455415,-0.5315076723533064,22.290197540566282,50.0,0.21017882271830157,0.5333333333333333,0.008018666930422403,1
exp_weighted_reversal63+growth_roe,2,exp_weighted_reversal63|growth_roe,120,2021-09-07,2026-08-10,3912.5416666666665,0.062094392456986516,0.0320849843012487,7.639455250009353,49.51970954076369,7.487380082563471,0.1520751674458823,0.4628177455094007,26.55604325891111,60.0,0.3827952820124133,0.5583333333333333,0.013271270930178573,1,15,2026-01-09,2026-08-10,4605.933333333333,0.05450811206259268,0.021438268597880995,1.260989348988173,50.57716415466109,7.647267220184757,-6.386277871196584,-0.6836885706851988,22.051756017021663,37.5,0.20445817461869695,0.4666666666666667,0.0052008269106402355,1
reversal40+weighted_reversal,2,reversal40|weighted_reversal,120,2021-09-07,2026-08-10,4554.45,0.09835242827565827,0.05526448985850964,12.210778264969768,60.07348741441814,9.083111297060022,3.1276669679097466,0.5082677611400912,28.374136303573728,61.66666666666667,0.40437587501217037,0.5833333333333334,0.02319995372539894,1,15,2026-01-09,2026-08-10,4894.266666666666,0.08155674135748865,0.03347048103126473,4.127089633048586,60.54597324760304,9.154551155037579,-5.027461521988993,-0.57936586617213,22.191621450801,50.0,0.16258791920477073,0.5333333333333333,0.007072075133032399,1
momentum120+weighted_reversal,2,momentum120|weighted_reversal,120,2021-09-07,2026-08-10,4453.841666666666,0.09995065661808301,0.060658284995521325,11.597733786849563,59.324628604050154,8.969883844932383,2.6278499419171792,0.4960168522281071,29.438971528754866,60.0,0.40447378476702606,0.6166666666666667,0.024930242562897022,1,15,2026-01-09,2026-08-10,4861.866666666667,0.07642851104890495,0.01824191835877185,1.7111677861690766,61.766797709120425,9.339139813619008,-7.627972027449932,-0.7255804816847916,21.11945756198018,37.5,0.07496117666612422,0.5333333333333333,0.003055557930168422,1
book_to_market_lf_div_oper_main_profit_ttm+weighted_reversal,2,book_to_market_lf_div_oper_main_profit_ttm|weighted_reversal,120,2021-09-07,2026-08-10,4474.041666666667,0.09208892132017224,0.0491985514919835,17.270409227407256,39.10258922256102,5.912311490451227,11.35809773695603,0.7472523169228904,29.26413503398241,73.33333333333333,0.46494513296488876,0.65,0.02783059224907043,1,15,2026-01-09,2026-08-10,4796.6,0.07721809778198938,0.03228317072376816,8.856117043545575,36.310712039672325,5.490179660398455,3.3659373831471195,-0.20203041335327984,21.3939700476485,62.5,0.21564075627906554,0.4666666666666667,0.007770638868598211,1
ev_ebitda_proxy+weighted_reversal,2,ev_ebitda_proxy|weighted_reversal,120,2021-09-07,2026-08-10,4457.283333333334,0.07037512487536021,0.03990065779065168,12.631404663706602,53.538928833750255,8.095086039663038,4.536318624043564,0.5716419674017016,27.43477084269007,73.33333333333333,0.37708073942157905,0.5833333333333334,0.015479977406183962,1,15,2026-01-09,2026-08-10,4782.866666666667,0.05771169829586589,0.017003245991906994,2.763763786249951,49.753224549475746,7.522687551880732,-4.75892376563078,-0.5630151684833556,21.37996124077808,50.0,0.09338155718090663,0.5333333333333333,0.0028742444023587372,1
weighted_reversal+quality_net_margin_tsrank378,2,weighted_reversal|quality_net_margin_tsrank378,120,2021-09-07,2026-08-10,4098.308333333333,0.06216230996260668,0.03434231873667432,6.383396822754395,54.27819224187341,8.20686266697126,-1.823465844216865,0.3993550992377429,26.76367457971629,58.333333333333336,0.37582217685432956,0.5666666666666667,0.013238452300782905,1,15,2026-01-09,2026-08-10,4753.933333333333,0.05430888199500608,0.02465771223584894,3.464416847724139,52.79082999736301,7.981973495601287,-4.517556647877148,-0.6207689205331576,20.720335057735284,50.0,0.21098479624209013,0.5333333333333333,0.00611111914765444,1
impact60+reversal_chip_turn_eq,2,impact60|reversal_chip_turn_eq,120,2021-09-07,2026-08-10,3923.15,0.11336919151709209,0.07316475723639243,25.7452739327799,28.219144414407936,4.26673463545848,21.47853929732142,1.0629528300897992,23.803039685675987,83.33333333333334,0.4586028936910596,0.7083333333333334,0.036827269493651005,1,15,2026-01-09,2026-08-10,4613.8,0.07514052488865322,0.03145491015024214,11.441225040642012,26.50129825665871,4.006996296406797,7.434228744235213,-0.08059936498332299,19.38312960050581,62.5,0.13774827201534687,0.5333333333333333,0.0055202546462603435,1
reversal_chip_turn_eq+fscore_interact,2,reversal_chip_turn_eq|fscore_interact,120,2021-09-07,2026-08-10,3833.0833333333335,0.0936661637216107,0.049132443468407734,11.617317280789695,43.10648981648898,6.5177012602531335,5.099616020536563,0.6152631987864892,26.76953596056074,63.33333333333333,0.342040152553508,0.5583333333333333,0.01788765381837988,1,15,2026-01-09,2026-08-10,4513.866666666667,0.07590279184860706,0.02606605583302394,8.411483015717458,44.70676840003946,6.759663382085966,1.6518196336314919,-0.3961565457707721,17.736189619219434,62.5,0.1138231472469211,0.4666666666666667,0.004031764171416988,1
reversal_chip_turn_eq+value_bm,2,reversal_chip_turn_eq|value_bm,120,2021-09-07,2026-08-10,3919.575,0.09979532722979295,0.0475006517480127,6.942490667895185,19.940640872615102,3.0150248999394034,3.927465767955782,0.6516642750959873,19.176220130588483,55.00000000000001,0.2996010488863603,0.6,0.017939270827202113,1,15,2026-01-09,2026-08-10,4609.8,0.07422597953616211,0.0157171938306448,6.662234451666038,19.12097347991013,2.8910911901624115,3.771143261503626,-0.3955406984226771,18.48565532117512,75.0,0.057870644808090066,0.4666666666666667,0.0020045691387259065,1
reversal_chip_turn_eq+quality_roic,2,reversal_chip_turn_eq|quality_roic,120,2021-09-07,2026-08-10,3835.8,0.06793755110801056,0.03225321066274856,5.226953580320104,29.11996222454094,4.40293828835059,0.8240152919695141,0.5047960799741068,30.960170622587967,53.333333333333336,0.23068483437071224,0.5166666666666667,0.008097284074533327,1,15,2026-01-09,2026-08-10,4516.133333333333,0.06592239261504111,0.027545953233989794,6.486214025120562,30.491359138611024,4.610293501757987,1.8759205233625758,-0.44051789385911894,17.42840335287599,62.5,0.1440782284745896,0.4,0.003799192617912597,1
reversal_chip_eq+reversal_turn_eq,2,reversal_chip_eq|reversal_turn_eq,120,2021-09-07,2026-08-10,3923.15,0.09878916041844438,0.05711464502284091,14.092154077813168,45.32057999062619,6.852471694582679,7.239682383230489,0.64449911777825,28.37742654328209,56.666666666666664,0.3691836643644462,0.575,0.02097102293959183,1,15,2026-01-09,2026-08-10,4613.8,0.06883061954362331,0.02245176943099581,1.7070432590582607,45.2256713381618,6.838121506330063,-5.1310782472718035,-0.644152542793155,22.012292191436387,25.0,0.09475844987613678,0.4666666666666667,0.0030437319789183397,1
reversal_turn_eq+chip250,2,reversal_turn_eq|chip250,120,2021-09-07,2026-08-10,3923.15,0.09680810169333182,0.055911294407295836,13.681639284429693,36.78958367929771,5.562585052309813,8.119054232119879,0.6798217671169222,27.995720641524247,60.0,0.3579542429884991,0.5833333333333334,0.020214174608127636,1,15,2026-01-09,2026-08-10,4613.8,0.05767486176646122,0.011888256243462158,-0.24812225599691873,35.518690972803654,5.370426075087913,-5.618548331084832,-0.6926043244831146,22.295277309111338,25.0,0.048449080316136,0.4,0.0011177176039781284,1
reversal_turn_eq+rsi14,2,reversal_turn_eq|rsi14,120,2021-09-07,2026-08-10,3923.15,0.0916626814050248,0.050055757351615306,12.009335599048443,58.29418511186282,8.814080788913659,3.1952548101347844,0.5427674606277682,29.765526844739455,60.0,0.3481004106986196,0.55,0.01754929937355422,1,15,2026-01-09,2026-08-10,4613.8,0.07050517138539908,0.02589771245453511,5.700090071940123,57.950486206935224,8.762113514488606,-3.062023442548484,-0.5458843306196389,20.63176482473915,37.5,0.11984044902257031,0.5333333333333333,0.004506331411861067,1
reversal_turn_eq+paper_composite_nomcap,2,reversal_turn_eq|paper_composite_nomcap,120,2021-09-07,2026-08-10,3915.3166666666666,0.0936714125284582,0.044367234705595886,8.870987573576205,30.894297534683435,4.671217787244135,4.19976978633207,0.6613818596113956,20.64887588560046,58.333333333333336,0.29195392088692823,0.5833333333333334,0.01595284609490851,1,15,2026-01-09,2026-08-10,4604.6,0.0736628769505332,0.01715914388963919,8.181169292025237,31.139827544093606,4.708341924666954,3.472827367358283,-0.3839830329714199,18.17709660930037,75.0,0.06416915527479548,0.4666666666666667,0.0022058794748792284,1
reversal_turn_eq+growth_revenue,2,reversal_turn_eq|growth_revenue,120,2021-09-07,2026-08-10,3923.15,0.06739484610146433,0.03815587772387212,10.483107689319592,34.36072373599912,5.195341428883067,5.287766260436526,0.6402454943691603,26.818886243327334,61.66666666666667,0.3410466371530793,0.5333333333333333,0.012258552332988655,1,15,2026-01-09,2026-08-10,4613.8,0.06227787552509627,0.032070388648615694,3.133688001193191,32.76102657612967,4.953467218310807,-1.8197792171176155,-0.5484545635037362,19.801420685877382,50.0,0.22657165977632873,0.5333333333333333,0.007525547533367819,1
book_to_market_lf_plus_impact+momentum20_open,2,book_to_market_lf_plus_impact|momentum20_open,120,2021-09-07,2026-08-10,4525.658333333334,0.11635577583367065,0.0770311559191236,22.295706565353335,50.45516858654678,7.6288214902858735,14.666885075067459,0.8651926603584827,23.143655438172452,78.33333333333333,0.4693120496146882,0.6583333333333333,0.0359497186969964,1,15,2026-01-09,2026-08-10,4881.133333333333,0.09908467373833046,0.040029757056044404,11.378735354271996,44.90551890508374,6.78971445844866,4.589020895823335,-0.16392004541287486,20.402886160914647,62.5,0.14397429340377652,0.4666666666666667,0.006657301414689268,1
size_only+momentum20_open,2,size_only|momentum20_open,120,2021-09-07,2026-08-10,4578.741666666667,0.09656665814018464,0.07350591520500137,23.612499090027338,54.68017125397081,8.267641893600386,15.344857196426954,0.8192346134869405,28.14385952502785,83.33333333333334,0.4453359680858537,0.675,0.029028109176680496,1,15,2026-01-09,2026-08-10,4903.6,0.0694271009403864,0.036454787128501503,7.411534396218899,50.43595763340518,7.625916794170863,-0.2143823979519635,-0.2871390590638562,23.234901279545873,62.5,0.14966566868755646,0.5333333333333333,0.005541788526550085,1
momentum20_open+alpha44,2,momentum20_open|alpha44,120,2021-09-07,2026-08-10,4578.275,0.07906084248588673,0.04929301303202917,10.328674358927504,83.08055690742894,12.561780204403256,-2.2331058454757526,0.3337460775615794,31.077497403489296,60.0,0.4278272033973074,0.575,0.019449018004908863,1,15,2026-01-09,2026-08-10,4903.133333333333,0.05571960963915668,0.02167441753693031,1.9687278069813297,84.64670694985121,12.798582090817504,-10.829854283836173,-0.8239234648582949,24.51046563124161,50.0,0.12250163246292169,0.5333333333333333,0.003640396341863168,1
momentum20_open+quality_asset_turnover_tsrank378,2,momentum20_open|quality_asset_turnover_tsrank378,120,2021-09-07,2026-08-10,4100.208333333333,0.060443685418086805,0.04758931451801147,10.282165323297331,57.53520911357604,8.699323617972697,1.5828417053246349,0.4952882118988807,27.787091763485684,61.66666666666667,0.4806400446606815,0.5916666666666667,0.01718889626479321,1,15,2026-01-09,2026-08-10,4755.466666666666,0.032039387100118236,0.02367081065137198,-0.3339526612505028,54.96864551617043,8.311259202044969,-8.645211863295472,-0.7105242357730561,23.412550042977777,50.0,0.15824636528826638,0.4666666666666667,0.0023660543921734905,1
reversal_turn_paper_nomcap+turn_bias,2,reversal_turn_paper_nomcap|turn_bias,120,2021-09-07,2026-08-10,3915.3166666666666,0.09728523491007332,0.05473137349379605,11.513551835231661,34.71039271890597,5.248211379098583,6.265340456133078,0.7092346681884039,24.422852551420537,65.0,0.3697155948492735,0.5916666666666667,0.02128098885944053,1,15,2026-01-09,2026-08-10,4604.6,0.07245095520018736,0.030122301372654318,4.572683588478343,33.96880759642046,5.136083708578774,-0.5634001201004303,-0.5703204135759611,19.474238087448658,50.0,0.12538856129099696,0.4,0.0036338084146839873,1
paper_composite+reversal_turn_paper_nomcap,2,paper_composite|reversal_turn_paper_nomcap,120,2021-09-07,2026-08-10,3915.3166666666666,0.09752920082038279,0.0516663165019308,14.713936372097812,26.18668725185489,3.959427112480459,10.754509259617354,0.8569794945154255,19.69884266401184,65.0,0.3333399623573669,0.625,0.020318987581381544,1,15,2026-01-09,2026-08-10,4604.6,0.07285690419608604,0.017096480211630644,7.585125224694378,24.88746997812038,3.762985460691801,3.8221397640025767,-0.3121974545952396,19.698842664011828,50.0,0.06421503688853633,0.4666666666666667,0.002183304102250237,1
reversal_turn_paper_nomcap+skew60_low,2,reversal_turn_paper_nomcap|skew60_low,120,2021-09-07,2026-08-10,3915.3166666666666,0.09060822738115427,0.04339389381753718,10.760802917631418,36.36621429632054,5.4985716016036665,5.262231316027751,0.674576319039901,22.152901281164873,63.33333333333333,0.3634725245840918,0.575,0.018936820663732607,1,15,2026-01-09,2026-08-10,4604.6,0.0787945469662445,0.025994367904814783,10.036487126533,37.152913627976645,5.617520540550068,4.418966585982933,-0.3150002816244804,17.559406862623394,75.0,0.13495888643418094,0.4666666666666667,0.004962544680636726,1
reversal_turn_paper_nomcap+asset_growth,2,reversal_turn_paper_nomcap|asset_growth,120,2021-09-07,2026-08-10,3915.3166666666666,0.07373799118105664,0.03590606784155315,6.782744201851365,30.768911774193143,4.652259460258003,2.1304847415933623,0.5616242194359243,29.032382114924303,61.66666666666667,0.27982099195699217,0.5333333333333333,0.01100450017983958,1,15,2026-01-09,2026-08-10,4604.6,0.08260060362257615,0.04232136321685031,8.8150013428004,31.361472582296724,4.741854654443264,4.073146688357135,-0.34254381285738483,15.502609956146717,87.5,0.25769723918636545,0.4666666666666667,0.009933442170710413,1
reversal_chip_eq+reversal20,2,reversal_chip_eq|reversal20,120,2021-09-07,2026-08-10,4283.2,0.09554782580790515,0.057776183762858285,14.566205265026898,56.514481596649915,8.544989617413467,6.021215647613431,0.591813920356441,29.442469838122253,63.33333333333333,0.3842575411490759,0.55,0.020193234933897217,1,15,2026-01-09,2026-08-10,4822.8,0.06273205447263816,0.01970883205730767,0.4408370999640532,57.554196715351466,8.702194543361141,-8.261357443397088,-0.7332997293501746,21.964022081858868,37.5,0.08600459386810667,0.4666666666666667,0.002517780938134555,1
impact_abs_return60+reversal_chip_eq,2,impact_abs_return60|reversal_chip_eq,120,2021-09-07,2026-08-10,4283.2,0.10604334642535743,0.0695896556034509,25.470319860927226,32.18942917234441,4.867041690858474,20.60327817006875,0.9867068390408723,27.56464257762563,81.66666666666667,0.4089086080382682,0.6916666666666667,0.029992075715137997,1,15,2026-01-09,2026-08-10,4822.8,0.07152150005524703,0.02589029762877396,12.672969945146695,31.736773133826173,4.798600097834518,7.874369847312177,-0.02723495359949632,19.141936227722734,62.5,0.10952583548161464,0.4666666666666667,0.0036556109559429967,1
reversal_chip_eq+alpha13,2,reversal_chip_eq|alpha13,120,2021-09-07,2026-08-10,4283.2,0.08936862279948284,0.046381257171394186,13.120401011368244,70.97280512118412,10.731088134323038,2.389312877045205,0.48716643102967466,29.56413453089005,66.66666666666666,0.36835473053387935,0.5916666666666667,0.019477285023613383,1,15,2026-01-09,2026-08-10,4822.8,0.06248260327874001,0.015998653722680514,1.7923385977313244,72.57043671141848,10.972650030766474,-9.180311433035149,-0.8211007026741478,22.053988682283155,50.0,0.08654812888918749,0.4666666666666667,0.0025236177875535013,1
reversal_chip_eq+max5_low21,2,reversal_chip_eq|max5_low21,120,2021-09-07,2026-08-10,4251.8,0.0703823191003035,0.03964853715616453,10.730256004593276,73.64990419882147,11.135865514861806,-0.4056095102685314,0.40525372121147896,31.451916003553148,65.0,0.3271223403524652,0.575,0.013238586642527042,1,15,2026-01-09,2026-08-10,4797.266666666666,0.04195621841426608,0.005980452796019897,1.411549064605877,75.99462514109644,11.490387321333781,-10.078838256727904,-0.9780400519282426,20.76157204472041,37.5,0.03635284925765052,0.5333333333333333,0.0008134549778319337,1
reversal40+reversal20,2,reversal40|reversal20,120,2021-09-07,2026-08-10,4554.45,0.09356602516390575,0.055356305016689825,12.888765154063186,59.68332063476037,9.024118079975768,3.8646470740874186,0.5216777193375136,30.474812239704228,63.33333333333333,0.38191945182296394,0.5583333333333333,0.019951865813917665,1,15,2026-01-09,2026-08-10,4894.266666666666,0.06764496566508674,0.027089049419482994,2.157045929446455,60.250514097958366,9.109877731611304,-6.95283180216485,-0.6585629260667456,22.60185395902673,50.0,0.12825382084954629,0.6,0.005205435184670246,1
impact_abs_return60+reversal40,2,impact_abs_return60|reversal40,120,2021-09-07,2026-08-10,4529.666666666667,0.10504834384756542,0.06846366278804661,21.544060752932936,41.878814062608214,6.332076686266362,15.211984066666574,0.8373445661478506,28.284669661812757,80.0,0.4280872519264204,0.6833333333333333,0.030729402172036083,1,15,2026-01-09,2026-08-10,4885.133333333333,0.08535453625024324,0.040737087054253975,14.2495551703958,41.78735976554909,6.318248796551022,7.9313063738447775,-0.018185870290051344,19.745177747324117,75.0,0.1797445083987989,0.5333333333333333,0.008182404884217297,1
reversal40+alpha13,2,reversal40|alpha13,120,2021-09-07,2026-08-10,4554.45,0.08581365117227759,0.04344089538531903,11.570362110915111,74.71632852958524,11.297108873673288,0.2732532372418231,0.4145783939642206,32.10850280951517,63.33333333333333,0.3655319261179401,0.5666666666666667,0.017774989880122206,1,15,2026-01-09,2026-08-10,4894.266666666666,0.07067586690153702,0.02665448892991129,6.1144969040071935,75.67659237188742,11.44230076662938,-5.3278038626221855,-0.5980359068793004,21.354015640902603,50.0,0.16343274040883135,0.4666666666666667,0.005390350283961074,1
reversal40+max5_low21,2,reversal40|max5_low21,120,2021-09-07,2026-08-10,4517.383333333333,0.06786963264871766,0.03714356100156329,8.446882650067721,76.99289015901653,11.641324992043298,-3.194442341975576,0.30795485129323896,33.46391481101676,61.66666666666667,0.3276386869147309,0.5833333333333334,0.012971418438073088,1,15,2026-01-09,2026-08-10,4867.933333333333,0.05203875668277751,0.01777678758180945,1.9274293497254957,78.71392461143769,11.901545401249377,-9.974116051523882,-0.8954054229772026,22.227347133189646,50.0,0.12216924375699645,0.5333333333333333,0.0033906856266609454,1
turn_bias+reversal20,2,turn_bias|reversal20,120,2021-09-07,2026-08-10,3923.15,0.09807000903193339,0.06330938110737036,14.331869248274142,63.763089849983245,9.640979185317466,4.690890062956676,0.5766332426223642,30.021871477791507,63.33333333333333,0.44178119005895167,0.6166666666666667,0.026717382601185464,1,15,2026-01-09,2026-08-10,4613.8,0.06979628530584472,0.03710097563119728,1.5260419538561942,61.089442415114526,9.236723693165317,-7.710681739309122,-0.7330769247386423,21.95391943857784,37.5,0.17644430589348817,0.5333333333333333,0.006568083794524607,1
paper_composite+reversal20,2,paper_composite|reversal20,120,2021-09-07,2026-08-10,4568.283333333334,0.10461388068967169,0.06268109665340797,19.169233155308916,54.55461337496826,8.248657542295202,10.920575613013717,0.771898604266905,24.31631090660138,71.66666666666667,0.4071321846790002,0.625,0.02661979862058394,1,15,2026-01-09,2026-08-10,4894.133333333333,0.07647060598287854,0.02361333546484209,8.315279603033765,52.87215355362655,7.994269617308334,0.3210099857254303,-0.3583184451127564,20.217616889480063,62.5,0.09624062116611941,0.5333333333333333,0.003925108597728958,1
reversal20+skew60_low,2,reversal20|skew60_low,120,2021-09-07,2026-08-10,4529.666666666667,0.08237185111805066,0.045079881279145126,11.0430049056218,59.10814692520889,8.937151815091585,2.105853090530216,0.4962475783368787,27.668415899720422,61.66666666666667,0.418058413171213,0.5583333333333333,0.019226903664016446,1,15,2026-01-09,2026-08-10,4885.133333333333,0.06086413970834382,0.019251716130378693,4.780062587025935,58.17870380723081,8.796620015653298,-4.0165574286273635,-0.565964430897402,20.851852279701156,62.5,0.13594812589466912,0.5333333333333333,0.00441299505468835,1
asset_growth+reversal20,2,asset_growth|reversal20,120,2021-09-07,2026-08-10,4578.716666666666,0.05141991067706678,0.029981899748480246,5.736302344215627,51.827797025227596,7.8363629102144134,-2.100060565998786,0.35522248764859027,35.69833564869837,56.666666666666664,0.27160511185828934,0.5083333333333333,0.007099337883853883,1,15,2026-01-09,2026-08-10,4903.6,0.04997484837726816,0.03116108042759364,2.498198362804427,51.97233767676456,7.858217456726802,-5.360019093922375,-0.5933074342989371,20.372926855532604,37.5,0.3536905669376264,0.4666666666666667,0.008248628479083017,1
book_to_market_lf_plus_impact+turn_bias,2,book_to_market_lf_plus_impact|turn_bias,120,2021-09-07,2026-08-10,3919.575,0.10819440161177253,0.06668047373617192,18.722045610650582,18.235375312199544,2.7571887472045713,15.96485686344601,1.0126460856990753,21.645340183748818,71.66666666666667,0.4308178501747457,0.7,0.03262845565232882,1,15,2026-01-09,2026-08-10,4609.8,0.08360453213376688,0.03599222884386521,7.491745748192946,16.726307595476797,2.5290177084360916,4.962728039756854,-0.24827564969786914,19.422749464924316,50.0,0.14435429798074167,0.4,0.004827469417671312,1
size_only+turn_bias,2,size_only|turn_bias,120,2021-09-07,2026-08-10,3923.15,0.09552343737847403,0.06885556977614664,24.621525389783216,19.435501191157403,2.9386477801029995,21.68287760968022,1.0575263626120237,29.17175248362365,73.33333333333333,0.46428137009119314,0.7,0.03104482666732875,1,15,2026-01-09,2026-08-10,4613.8,0.06350119590226443,0.03620776639118566,8.160587328125658,17.71837227380281,2.679017887798985,5.481569440326672,-0.14487395560160163,21.014469732826736,62.5,0.1855759299012583,0.5333333333333333,0.0062849565223491695,1
turn_bias+alpha44,2,turn_bias|alpha44,120,2021-09-07,2026-08-10,3922.7,0.07583644267756687,0.042065174993649805,8.190626871707195,82.31825573822093,12.446520267619004,-4.255893395911809,0.290035904187228,34.0027826469304,68.33333333333333,0.39584137909800654,0.5916666666666667,0.01776136121609687,1,15,2026-01-09,2026-08-10,4613.333333333333,0.05778361446800793,0.027693645553035308,0.7060752502768386,81.44842148266575,12.315001328179061,-11.608926077902224,-1.1391273976375418,22.40098199116176,37.5,0.19629228174248575,0.4666666666666667,0.005293156181251582,1
turn_bias+quality_asset_turnover_tsrank378,2,turn_bias|quality_asset_turnover_tsrank378,120,2021-09-07,2026-08-10,3922.391666666667,0.05553115741624584,0.03915547101427186,7.801879004513146,31.739084644171555,4.79894959819874,3.0029294063144065,0.5947658242606816,24.96860672953318,65.0,0.42076244349166375,0.5833333333333334,0.0136298315325549,1,15,2026-01-09,2026-08-10,4611.466666666666,0.03909152103494771,0.03072257436112747,-0.9691599071932622,31.167744502921657,4.7125629688417545,-5.681722876035017,-0.8455522761181826,20.259896354392172,50.0,0.29633114105798747,0.4,0.00463361401359135,1
impact60+chip250,2,impact60|chip250,120,2021-09-07,2026-08-10,4283.2,0.09702923770824091,0.06383609965503048,22.27213477094756,21.329318117401026,3.224992899351035,19.047141871596526,0.9647139283710257,27.031148105244853,71.66666666666667,0.38444555872788,0.6333333333333333,0.023624891019000473,1,15,2026-01-09,2026-08-10,4822.8,0.058339275758865584,0.015309481834264166,6.874291106937703,20.12592837960919,3.043040370996909,3.831250735940793,-0.19872089233289073,20.088412153098346,62.5,0.06574400942680367,0.4666666666666667,0.001789880351207087,1
impact60+rsi14,2,impact60|rsi14,120,2021-09-07,2026-08-10,4529.666666666667,0.09530123770690017,0.05976164409180705,17.436356211546244,54.02380141303191,8.168398773650425,9.26795743789582,0.690611874930579,28.027992175499783,73.33333333333333,0.4088156361279121,0.625,0.024350397573077345,1,15,2026-01-09,2026-08-10,4885.133333333333,0.07992247500120206,0.036528707128419005,13.44921669778264,53.4402141794042,8.080160383925914,5.369056313856725,-0.11259323941823643,19.590358200064728,62.5,0.17435680329686373,0.4666666666666667,0.006503012717965445,1
impact60+paper_composite_nomcap,2,impact60|paper_composite_nomcap,120,2021-09-07,2026-08-10,4519.358333333334,0.07645141938307938,0.04561683471577271,16.491644119179206,9.654368453930973,1.459740510234363,15.031903608944841,0.9985221981632686,20.41510495253185,71.66666666666667,0.3106311822268962,0.625,0.01484262174118137,1,15,2026-01-09,2026-08-10,4875.666666666667,0.06531819523620142,0.022468721954276464,7.89253507291413,9.213910473425873,1.393143263581992,6.499391809332139,-0.15255038112497948,17.538028069514656,50.0,0.10107772723594356,0.5333333333333333,0.003521181184868733,1
impact60+growth_revenue,2,impact60|growth_revenue,120,2021-09-07,2026-08-10,4529.666666666667,0.04640607292160083,0.03662783323575543,14.30517153921038,11.890539444294571,1.797849563977339,12.507321975233044,0.8676462750900056,22.567863509804365,66.66666666666666,0.4205065996633227,0.6,0.011708435956794336,1,15,2026-01-09,2026-08-10,4885.133333333333,0.053183004542236255,0.0421231740483781,10.076390515686517,11.335862907428117,1.713982471603131,8.362408044083386,-0.025996751531152305,19.60876483161592,62.5,0.5045607302713544,0.6,0.016100433365913287,1
book_to_market_lf_plus_impact+fscore_interact,2,book_to_market_lf_plus_impact|fscore_interact,120,2021-09-07,2026-08-10,4430.525,0.09894414667962055,0.05534847007103622,16.644271126860268,37.182204992655684,5.62194939488954,11.022321731970727,0.8163450722948039,22.4854296737966,73.33333333333333,0.3761419303107496,0.6083333333333333,0.022640367414388636,1,15,2026-01-09,2026-08-10,4784.333333333333,0.08945298612532976,0.034275325687420484,13.660562495695217,35.6380692336403,5.388476068126414,8.272086427568803,-0.05482915489090766,16.944057635365795,75.0,0.1409922952641028,0.4666666666666667,0.005885684854951153,1
book_to_market_lf_plus_impact+value_bm,2,book_to_market_lf_plus_impact|value_bm,120,2021-09-07,2026-08-10,4525.658333333334,0.07394737857643906,0.038334186400658825,8.030649511174094,6.791862886278636,1.02692966840533,7.0037198427687635,0.7627647163457022,20.80028512262537,55.00000000000001,0.23990831529049797,0.5,0.008870295507211079,1,15,2026-01-09,2026-08-10,4881.133333333333,0.07100691481739115,0.021011161624746737,7.096694807235715,7.114871202676841,1.0757685258447383,6.0209262813909765,-0.22368492552020902,17.856775111424618,75.0,0.08779309754464873,0.5333333333333333,0.003324755732750818,1
book_to_market_lf_plus_impact+quality_roic,2,book_to_market_lf_plus_impact|quality_roic,120,2021-09-07,2026-08-10,4434.55,0.058075972217115225,0.029409856279394,8.669348172660097,12.584353160072812,1.902754197803009,6.766593974857088,0.7657252314950241,20.429921728715318,58.333333333333336,0.22826240051036592,0.5416666666666666,0.007180637116386521,1,15,2026-01-09,2026-08-10,4787.0,0.06850709118179245,0.033798249917257564,5.203327635007593,13.637878403904955,2.062047214670429,3.1412804203371643,-0.3920788805894195,17.470741264280175,62.5,0.18243386928277777,0.5333333333333333,0.006665607316054646,1
book_to_market_lf_minus_size+momentum120,2,book_to_market_lf_minus_size|momentum120,120,2021-09-07,2026-08-10,4449.833333333333,0.10196874476079124,0.06375941370415387,21.28054915255586,24.350456688756847,3.681789051340035,17.598760101215827,0.9367865321167983,25.27062971465186,71.66666666666667,0.36258471969859696,0.65,0.024032000679121025,1,15,2026-01-09,2026-08-10,4857.866666666667,0.07369292064648676,0.008771087201610923,11.60947739185687,19.731776917200474,2.9834446698807118,8.62603272197616,-0.0075279487685226834,20.096074665503938,50.0,0.03186761049331243,0.4,0.0009393669165107288,1
book_to_market_lf_minus_size+book_to_market_lf_div_oper_main_profit_ttm,2,book_to_market_lf_minus_size|book_to_market_lf_div_oper_main_profit_ttm,120,2021-09-07,2026-08-10,4497.325,0.07124795209375932,0.04374356801210535,14.870437077450326,8.24207243555682,1.246201352256191,13.624235725194136,0.8370491963042835,29.452221977593695,71.66666666666667,0.3011043756075096,0.675,0.014480822336740981,1,15,2026-01-09,2026-08-10,4802.6,0.06122470430699624,0.025800925542726835,9.371098523898391,8.051306329757184,1.217357517059286,8.153741006839105,-0.02720360110199389,20.16796329463585,62.5,0.14795449249626597,0.6,0.005435082032385347,1
book_to_market_lf_minus_size+ev_ebitda_proxy,2,book_to_market_lf_minus_size|ev_ebitda_proxy,120,2021-09-07,2026-08-10,4476.591666666666,0.060128044866556915,0.03879164931607239,17.135053633698206,9.506583987960457,1.4373954989796212,15.697658134718584,0.9106706707828536,28.80189347362718,71.66666666666667,0.25273831119744367,0.5666666666666667,0.008611440958600705,1,15,2026-01-09,2026-08-10,4786.666666666667,0.048316208704422596,0.010957821074206462,9.621030715689393,9.530049474963256,1.4409434806144443,8.18008723507495,-0.04298290735304574,17.45628113920151,62.5,0.04932338206888328,0.4,0.0009532475288192559,1
book_to_market_lf_minus_size+quality_net_margin_tsrank378,2,book_to_market_lf_minus_size|quality_net_margin_tsrank378,120,2021-09-07,2026-08-10,4094.9333333333334,0.05798907824320727,0.037868353001112014,13.76660901329554,13.548088810535377,2.048471028152949,11.71813798514259,0.8792786670814191,23.501076056119864,63.33333333333333,0.3221974310626357,0.575,0.010743260922799648,1,15,2026-01-09,2026-08-10,4749.933333333333,0.05224940267040957,0.02326033300370951,6.927077258409964,13.29008108906372,2.009460260666435,4.917616997743529,-0.22608305504655937,18.06009247747683,50.0,0.14674991332011972,0.4666666666666667,0.0035782111460249634,1
max_return21_low+f_i10_01,2,max_return21_low|f_i10_01,120,2021-09-07,2026-08-10,4529.666666666667,0.10306683128250226,0.05909038713451593,18.604633544553128,38.797217156927836,5.866139234127489,12.73849431042564,0.8469613338071695,28.29638611107258,68.33333333333333,0.3993798710062634,0.6666666666666666,0.027441878521753373,1,15,2026-01-09,2026-08-10,4885.133333333333,0.08586158380905834,0.03245050071183015,8.287136553947539,37.19259603336744,5.623520520245156,2.6636160337023815,-0.2606035895965173,20.985342454247856,62.5,0.14298877042045668,0.4666666666666667,0.00572937973776478,1
ltmom_exhigh252_21+f_i10_01,2,ltmom_exhigh252_21|f_i10_01,120,2021-09-07,2026-08-10,4280.491666666667,0.061566612493085,0.044454172864802424,19.298069963561982,12.487187530942721,1.8880627546785396,17.410007208883442,0.9694950228669553,29.8100920505451,73.33333333333333,0.33903113894235204,0.675,0.014089274159188309,1,15,2026-01-09,2026-08-10,4822.533333333334,0.059612112745491865,0.034755079819575485,10.983323243470366,11.507638530164195,1.7399549457608263,9.243368297709539,0.020918566951107085,21.33168880519325,62.5,0.3035358435194016,0.6,0.010856647755705927,1
growth_roe+f_i10_01,2,growth_roe|f_i10_01,120,2021-09-07,2026-08-10,3912.5416666666665,0.047568101996539734,0.039357905863458956,17.469912516011487,10.888329144331193,1.6463153666228765,15.82359714938861,0.9330246227926468,28.121462952418586,73.33333333333333,0.3853865702114809,0.625,0.011457567299947716,1,15,2026-01-09,2026-08-10,4605.933333333333,0.042901317728823316,0.03218208031881391,10.960128320362328,9.773420914672402,1.477741242298467,9.482387078063862,-0.006566271906939891,20.33588334518962,62.5,0.31612075039383786,0.6,0.008137198051992051,1
chip250+fscore_eq,2,chip250|fscore_eq,120,2021-09-07,2026-08-10,4187.216666666666,0.0866697852082027,0.04767831160344367,11.701593021663692,37.07137706197956,5.6051922117713096,6.0964008098923825,0.6322637474247867,27.461944281393635,56.666666666666664,0.32123607120473985,0.5916666666666667,0.016472864598028013,1,15,2026-01-09,2026-08-10,4722.4,0.06070814975660035,0.011943287733817183,5.317038089895265,38.63604673880347,5.841770266907085,-0.5247321770118197,-0.46216435213202944,18.86746203606159,37.5,0.04817183977819026,0.4666666666666667,0.001364730856209155,1
chip250+drawdown120,2,chip250|drawdown120,120,2021-09-07,2026-08-10,4283.2,0.06438841150243366,0.04066567374601068,10.915326724227615,28.49961186622334,4.309141314172969,6.606185410054646,0.6166809616063424,30.280625948552775,58.333333333333336,0.26313254934160746,0.475,0.008047776261678628,1,15,2026-01-09,2026-08-10,4822.8,0.022346545473381073,-0.009126086036026259,-4.384534413654107,29.346465218155306,4.437185540985082,-8.821719954639189,-0.7964801038712803,22.489477806955417,12.5,-0.04134298140452042,0.6,0.0005543236883767582,0
chip250+cash_conversion,2,chip250|cash_conversion,120,2021-09-07,2026-08-10,4277.275,0.061512421541083856,0.03346923979073357,10.275581202524119,22.25539482159444,3.365015697025079,6.910565505499042,0.6915259072565262,24.58710077866434,61.66666666666667,0.29530987105220147,0.5083333333333333,0.009233989513981451,1,15,2026-01-09,2026-08-10,4815.8,0.03525446943989154,-0.0016320018845354632,-1.3111929411615653,21.1732580966883,3.2013966242192717,-4.5125895653808366,-0.7303768714853873,19.885297022904624,37.5,-0.008050665275732435,0.4666666666666667,0.00013245023536924907,0
momentum120+fscore_eq,2,momentum120|fscore_eq,120,2021-09-07,2026-08-10,4355.666666666667,0.08716642976628268,0.05112826930077974,10.075608530960611,39.7862184954099,6.015676236505977,4.059932294454635,0.5656690223261535,27.925285842098234,55.00000000000001,0.33347892376196375,0.5916666666666667,0.017198665585424378,1,15,2026-01-09,2026-08-10,4761.466666666666,0.0698725407052018,0.012962121560660919,10.611587172407955,42.317526113596124,6.398409948375734,4.21317722403222,-0.25061205459567687,15.868087541354104,50.0,0.050828985030471514,0.5333333333333333,0.0018941601736243807,1
drawdown120+momentum120,2,drawdown120|momentum120,120,2021-09-07,2026-08-10,4453.841666666666,0.06703987488166288,0.045811361973649226,8.90628816520116,31.047235109133375,4.694341948500966,4.211946216700193,0.5429978154997633,31.10285560595357,60.0,0.28461250028272256,0.525,0.010017202864573256,1,15,2026-01-09,2026-08-10,4861.866666666667,0.02375233944396168,-0.007237824169763624,-5.426045632180543,31.09174488613459,4.701071826783551,-10.127117458964094,-0.8247415131430526,22.033463881804337,25.0,-0.030403091410628823,0.6,0.0004332867283986309,0
momentum120+cash_conversion,2,momentum120|cash_conversion,120,2021-09-07,2026-08-10,4447.691666666667,0.05652924189284206,0.03561084115647739,8.728163346539453,24.7107551190683,3.736266174003127,4.9918971725363255,0.627999092726903,23.92405654306581,63.33333333333333,0.29148071663259234,0.5583333333333333,0.009199761031839377,1,15,2026-01-09,2026-08-10,4854.866666666667,0.03749612749194098,0.0002600519434044634,2.0932238574906004,18.921500745479772,2.860930912716541,-0.767707055225941,-0.5184798900279168,17.526187352165223,50.0,0.0012758890237648164,0.4666666666666667,2.2325752166971713e-05,1
impact_abs_return60+max_return21_low,2,impact_abs_return60|max_return21_low,120,2021-09-07,2026-08-10,4529.666666666667,0.09827323579821486,0.0552450826454035,17.325039503478568,38.63376129740871,5.841424708168198,11.48361479531037,0.8314279462376242,25.269829074199713,71.66666666666667,0.3815422575393048,0.6583333333333333,0.02468446655941102,1,15,2026-01-09,2026-08-10,4885.133333333333,0.0855441866531535,0.03224173322193498,6.431253781178126,36.17209025565538,5.469220046655092,0.962033734523033,-0.3752800643346279,20.43356858905192,62.5,0.14252906259742268,0.4666666666666667,0.005689848609355365,1
impact_abs_return60+ltmom_exhigh252_21,2,impact_abs_return60|ltmom_exhigh252_21,120,2021-09-07,2026-08-10,4280.491666666667,0.05795495262393348,0.04141228051490331,16.517391201542274,13.595693678541787,2.0556688841955184,14.461722317346757,0.9072208885532463,27.560278178266916,71.66666666666667,0.33657730573661837,0.675,0.013166767220573403,1,15,2026-01-09,2026-08-10,4822.533333333334,0.05799854030976452,0.034207984335665124,12.62273811176977,12.80405118327907,1.935972538911795,10.686765572857976,0.06452444893687839,19.674999404930038,75.0,0.32313240417576716,0.6,0.01124472466138761,1
impact_abs_return60+growth_roe,2,impact_abs_return60|growth_roe,120,2021-09-07,2026-08-10,3912.5416666666665,0.04274028252998797,0.03557916619907854,15.407928108371639,12.105085995151216,1.8302890024668637,13.577639105904774,0.8833310060548297,26.95004891533337,71.66666666666667,0.3868723761149381,0.6166666666666667,0.010196604705890136,1,15,2026-01-09,2026-08-10,4605.933333333333,0.04050352660795705,0.0310577670699908,9.732427115129273,11.274441980765536,1.704695627491749,8.027731487637523,-0.07224614481052757,19.747360938812577,62.5,0.34089653920016816,0.6666666666666666,0.00920500803070299,1
book_to_market_lf_div_oper_main_profit_ttm+paper_composite,2,book_to_market_lf_div_oper_main_profit_ttm|paper_composite,120,2021-09-07,2026-08-10,4492.2,0.06777457414220975,0.03911398399793549,14.34390791398361,8.459886915723779,1.2791349016574354,13.064773012326174,0.8376591980372714,28.31322692496643,68.33333333333333,0.28328557028745116,0.6083333333333333,0.011679731656176225,1,15,2026-01-09,2026-08-10,4799.133333333333,0.054577157248269274,0.018544477320336615,8.324592432919953,8.956601479480987,1.3542381436975253,6.970354289222428,-0.0880234808525097,19.527912579721484,50.0,0.10392463791327207,0.4666666666666667,0.0026468919425023116,1
paper_composite+ev_ebitda_proxy,2,paper_composite|ev_ebitda_proxy,120,2021-09-07,2026-08-10,4471.508333333333,0.0539579978156298,0.031748499766348054,12.620136683135286,9.301190158581301,1.4063399519774926,11.213796731157794,0.8270368612081885,25.191856178191173,60.0,0.21571875488763517,0.5416666666666666,0.00630486572355109,1,15,2026-01-09,2026-08-10,4783.2,0.040236635250259396,0.0021439793759096427,5.60308885336317,9.540327837958532,1.4424975690993302,4.160591284263839,-0.26900448121812137,17.986202006634123,50.0,0.009564395785835145,0.4666666666666667,0.00017959158215775787,1
paper_composite+quality_net_margin_tsrank378,2,paper_composite|quality_net_margin_tsrank378,120,2021-09-07,2026-08-10,4090.2166666666667,0.05033981504531447,0.029485609103344034,9.648930108748344,13.128100066576664,1.9849687300663916,7.663961378681952,0.7818533222480113,20.815474654132927,58.333333333333336,0.2668469143847398,0.5333333333333333,0.007164279634955022,1,15,2026-01-09,2026-08-10,4744.466666666666,0.0420588711067537,0.0133709278747794,2.891099522445628,12.903572673416802,1.9510201882206206,0.9400793342250077,-0.48747607680261307,18.199276444675526,50.0,0.08365633749320571,0.4666666666666667,0.0016419625207485854,1
value_bm+fscore_interact,2,value_bm|fscore_interact,120,2021-09-07,2026-08-10,4454.858333333334,0.07779042730457218,0.03262997548423452,7.626566410859925,30.04400135546864,4.5426530049468585,3.083913405913066,0.5896176757286464,23.21993533183383,56.666666666666664,0.24282907736579395,0.5416666666666666,0.01023196291555757,1,15,2026-01-09,2026-08-10,4792.2,0.07101047034754422,0.02056251455912176,8.807392608520015,30.657957646846185,4.635483196203143,4.171909412316872,-0.3080250321244549,17.186279644202052,75.0,0.09072570238029101,0.5333333333333333,0.0034359865592724147,1
fscore_interact+quality_roic,2,fscore_interact|quality_roic,120,2021-09-07,2026-08-10,4454.75,0.03465024937068133,0.010004410270579784,3.4745302490827967,35.75202335547953,5.405705931348504,-1.9311756822657073,0.39184123363079076,29.55040016791175,53.333333333333336,0.09038749311552755,0.4166666666666667,0.001304978823518238,1,15,2026-01-09,2026-08-10,4792.133333333333,0.05002207431865189,0.02440299186879858,12.758903017987766,38.66029435445718,5.845436506393924,6.913466511593841,-0.1359698117276637,14.565145892854748,75.0,0.21456616403568785,0.4,0.004293217841464492,1
size_only+rsi14,2,size_only|rsi14,120,2021-09-07,2026-08-10,4585.808333333333,0.08431471046322163,0.055025296855531265,18.841488363198522,55.03970098049415,8.322002788250716,10.519485574947806,0.698947931013969,31.149677740010084,80.0,0.34131595561651057,0.65,0.018705671383284533,1,15,2026-01-09,2026-08-10,4906.466666666666,0.0623111569870037,0.024851317838106533,10.988506137532283,53.984759439970055,8.162495627323471,2.826010510208812,-0.2028371167255992,21.464498874978023,62.5,0.11930120479339504,0.4666666666666667,0.003469104846955961,1
size_only+paper_composite_nomcap,2,size_only|paper_composite_nomcap,120,2021-09-07,2026-08-10,4591.908333333334,0.07183488797358048,0.04474875241884011,15.72251846990589,9.439992694195187,1.4273268953623124,14.295191574543576,0.9076998189352454,27.118678997132317,68.33333333333333,0.2799128086666622,0.6333333333333333,0.012734753326861964,1,15,2026-01-09,2026-08-10,4904.133333333333,0.0578989656338423,0.016027909402776406,8.875813342608618,10.080176391143942,1.5241226703409638,7.351690672267655,-0.08884632790496907,19.128156093900362,50.0,0.07126014716881433,0.4666666666666667,0.0019254147789285387,1
size_only+growth_revenue,2,size_only|growth_revenue,120,2021-09-07,2026-08-10,4602.416666666667,0.0391614483747148,0.03443200071761318,13.415411973379431,9.841600615457777,1.4880500130572158,11.927361960322216,0.8107804317405501,26.91627879229569,71.66666666666667,0.32957284676748344,0.5833333333333334,0.007528820847562348,1,15,2026-01-09,2026-08-10,4913.6,0.04012465134734626,0.032076412390921356,6.371937286008567,10.04504404416501,1.5188106594777495,4.853126626530817,-0.17406417461453397,20.827207954027994,62.5,0.3558736675680153,0.5333333333333333,0.007615630311929611,1
fscore_eq+alpha44,2,fscore_eq|alpha44,120,2021-09-07,2026-08-10,4454.458333333333,0.06695225134552525,0.029908667977521338,6.829752149214663,76.82970749245688,11.61665177285948,-4.786899623644818,0.26010605897103706,36.82301981513284,53.333333333333336,0.30908020681264237,0.525,0.010864148238534654,1,15,2026-01-09,2026-08-10,4791.733333333334,0.06012100014345898,0.021756199504479844,5.035339274606621,78.07711413028788,11.805259656499528,-6.7699203818929075,-0.7461418380054604,21.424388017196527,37.5,0.15558579241128606,0.5333333333333333,0.004988785838868858,1
fscore_eq+quality_asset_turnover_tsrank378,2,fscore_eq|quality_asset_turnover_tsrank378,120,2021-09-07,2026-08-10,4007.4416666666666,0.04651456128632049,0.025144852770067703,6.8496824557110925,37.0192510682075,5.597310761512975,1.2523716941981178,0.5171820533993611,28.743237915070885,56.666666666666664,0.31542897288495925,0.525,0.007702821152637745,1,15,2026-01-09,2026-08-10,4655.4,0.043976677092699465,0.023616320960970032,6.7188288903826106,36.91296894825242,5.581240904975766,1.1375879854068454,-0.38018116765816223,18.608796072856137,62.5,0.22542787751090615,0.5333333333333333,0.005287236787727855,1
skew60_low+max_return21_low,2,skew60_low|max_return21_low,120,2021-09-07,2026-08-10,4529.666666666667,0.07651565628541768,0.03109626266049921,6.822262686639724,42.28111016840115,6.392903857462254,0.42935882917747026,0.5152626132949717,23.53749672764075,58.333333333333336,0.28982166182313857,0.55,0.012196742063070308,1,15,2026-01-09,2026-08-10,4885.133333333333,0.07073048922333867,0.01840003458967896,5.5180985789782255,40.554186183242116,6.131792950906209,-0.6136943719279829,-0.6945771846163049,17.280253235071307,87.5,0.11200039306184965,0.5333333333333333,0.004224982717051121,1
asset_growth+max_return21_low,2,asset_growth|max_return21_low,120,2021-09-07,2026-08-10,4577.5,0.0502714821107657,0.01761733720435406,1.7990365879099413,40.28796741655597,6.091540673383263,-4.292504085473322,0.30812672156705295,30.83436841507815,55.00000000000001,0.15401708174078543,0.45,0.003484200136267905,1,15,2026-01-09,2026-08-10,4903.266666666666,0.07027243998424496,0.03289685257368797,5.322028115128141,37.16587491064479,5.619480286489493,-0.2974521713613516,-0.7007020145334186,14.781342356715966,87.5,0.2567112798204192,0.4666666666666667,0.008418539735414256,1
rsi14+alpha13,2,rsi14|alpha13,120,2021-09-07,2026-08-10,4585.808333333333,0.06812651163975006,0.03171598807935846,7.902396538753109,79.66975561091475,12.046067048370311,-4.143670509617202,0.2753424985622122,32.02783700244459,61.66666666666667,0.3045583090873883,0.5166666666666667,0.010720055847662687,1,15,2026-01-09,2026-08-10,4906.466666666666,0.053398798070786936,0.015336278786610924,1.145962737782824,79.59847930866218,12.03529007146972,-10.889327333686897,-0.8837007604273515,22.972220682193257,50.0,0.1078937826538754,0.4,0.002304559325211067,1
rsi14+max5_low21,2,rsi14|max5_low21,120,2021-09-07,2026-08-10,4547.383333333333,0.05181487076032399,0.025825681322645715,4.873737061795991,81.2343679409307,12.282636432668722,-7.4088993708727315,0.16512278876344363,36.531677772579975,61.66666666666667,0.2537714398399351,0.48333333333333334,0.006355414939684326,1,15,2026-01-09,2026-08-10,4879.866666666667,0.03625316116728246,0.007837736049806025,2.6070629052203254,82.88317362021576,12.531935851376621,-9.924872946156297,-0.8876875349787158,21.67737468819849,62.5,0.060035844128568494,0.4666666666666667,0.0010156949287365262,1
book_to_market_lf_div_oper_main_profit_ttm+alpha13,2,book_to_market_lf_div_oper_main_profit_ttm|alpha13,120,2021-09-07,2026-08-10,4492.975,0.059566867282405,0.028508630039744597,12.709525506455588,47.64617743462344,7.204102028115063,5.505423478340525,0.5800823010406748,32.04245893461567,71.66666666666667,0.4250038719572591,0.6166666666666667,0.015611625361821552,1,15,2026-01-09,2026-08-10,4801.533333333334,0.04589945230814642,0.01951054818848793,4.283930165341376,46.654257849488324,7.054123786842633,-2.7701936215012575,-0.4762323575369254,22.62178664680561,62.5,0.25963411408083753,0.6,0.007150238182092749,1
book_to_market_lf_div_oper_main_profit_ttm+max5_low21,2,book_to_market_lf_div_oper_main_profit_ttm|max5_low21,120,2021-09-07,2026-08-10,4459.033333333334,0.031777828906455544,0.019727650070470584,9.23151784736087,50.49104844241097,7.634246524492538,1.5972713228683322,0.47128330210761027,32.663915934306175,66.66666666666666,0.2545342523215513,0.55,0.004448700256608764,1,15,2026-01-09,2026-08-10,4777.266666666666,0.024789270641698533,0.01307120107208598,5.0263017337157105,51.40363672580675,7.772229872941979,-2.7459281392262698,-0.5532583120279788,20.834600372187452,50.0,0.19480582789246542,0.5333333333333333,0.0025755170081101174,1
skew60_low+alpha13,2,skew60_low|alpha13,120,2021-09-07,2026-08-10,4529.666666666667,0.06047232203643996,0.024434019777129546,6.484192252356369,69.52723714247185,10.512518255941744,-4.028326003585375,0.29294556922979925,30.460200119610292,63.33333333333333,0.35149019756726035,0.5166666666666667,0.01098197135030196,1,15,2026-01-09,2026-08-10,4885.133333333333,0.04924480397063342,0.013472768651642647,-0.8316703906409262,69.51345434985187,10.510434297697602,-11.342104688338528,-1.1831738073583202,21.29507546757603,50.0,0.18180707581089134,0.5333333333333333,0.004774962031350098,1
asset_growth+alpha13,2,asset_growth|alpha13,120,2021-09-07,2026-08-10,4597.641666666666,0.02594179893485029,0.006450869401408959,-1.611535291753552,63.41229268626276,9.58793865416293,-11.19947394591648,0.038789227935965,47.64248707946259,48.333333333333336,0.0789227187020671,0.39166666666666666,0.0008018972758179696,1,15,2026-01-09,2026-08-10,4911.466666666666,0.04023064698851158,0.025560197049123417,9.06368900864849,63.52254043626125,9.604608113962703,-0.5409191053142124,-0.4409102488736775,18.388488102349832,75.0,0.45269171508565925,0.4666666666666667,0.008498970939309677,1
skew60_low+alpha44,2,skew60_low|alpha44,120,2021-09-07,2026-08-10,4529.2,0.053148839038869154,0.02131611131143458,4.598248345502398,76.95997721731315,11.63634855525775,-7.038100209755352,0.179435150139424,38.18093774561751,61.66666666666667,0.30657570733448997,0.5333333333333333,0.008690209558585741,1,15,2026-01-09,2026-08-10,4884.666666666667,0.04473966321116532,0.010907623986873468,-0.837994214808857,76.81684376087247,11.614706776643917,-12.452700991452774,-1.1679610045423625,22.8563493264772,50.0,0.14553004428267186,0.6,0.003906579100987628,1
skew60_low+quality_asset_turnover_tsrank378,2,skew60_low|quality_asset_turnover_tsrank378,120,2021-09-07,2026-08-10,4100.208333333333,0.0330802388851052,0.01656989007668479,3.691770443757547,35.98862851081095,5.441480630834616,-1.7497101870770686,0.4145445076372967,29.44156688756069,60.0,0.29953433197355334,0.4666666666666667,0.0046240447194552566,1,15,2026-01-09,2026-08-10,4755.466666666666,0.0305003475537509,0.014897533446914546,-2.681945581152889,37.25287647330417,5.632634922763591,-8.31458050391648,-0.9055856306458919,22.28722672682305,75.0,0.2762238546167415,0.5333333333333333,0.0044932925698386,1
value_bm+paper_composite_nomcap,2,value_bm|paper_composite_nomcap,120,2021-09-07,2026-08-10,4591.908333333334,0.053831824620020834,0.018609702433921724,2.9040750660194847,6.24401280638573,0.9440947363255224,1.9599803296939624,0.6013213445373632,18.62961666214811,55.00000000000001,0.11316841494260887,0.49166666666666664,0.0029952639473104976,1,15,2026-01-09,2026-08-10,4904.133333333333,0.0489567860551465,0.0044780434245029945,3.8841557530420068,6.52003575544247,0.9858294062229015,2.898326346819105,-0.4807635980467765,17.329330910749576,75.0,0.018797096737912394,0.5333333333333333,0.0004907975698431302,1
value_bm+growth_revenue,2,value_bm|growth_revenue,120,2021-09-07,2026-08-10,4598.408333333334,0.031937188456849196,0.012148156874036316,2.9607907498540698,8.065741555765717,1.2195401232317764,1.7412506266222934,0.5920812383456411,20.3839126513881,53.333333333333336,0.09941582220635262,0.4666666666666667,0.001481695529718552,1,15,2026-01-09,2026-08-10,4909.6,0.0447831964371284,0.018618237414730173,4.54718124366249,8.07191191414748,1.220473081419099,3.326708162243391,-0.48946606191304987,15.780712705298294,75.0,0.13517930825852253,0.4666666666666667,0.002825088707455723,1
quality_roic+alpha44,2,quality_roic|alpha44,120,2021-09-07,2026-08-10,4501.541666666667,0.01919372831428576,-0.00039745338105154674,-0.5842518142430198,74.97471692208633,11.33617719861945,-11.92042901286247,-0.02081522358902273,45.33973265345281,38.333333333333336,-0.0041097844199795355,0.45,3.549693851431727e-05,0,15,2026-01-09,2026-08-10,4812.866666666667,0.03007964106956501,0.014070117251644917,5.449560594903879,76.83459796948841,11.617391212986648,-6.1678306180827684,-0.9141424644081654,18.531578924237703,50.0,0.19168750388988592,0.3333333333333333,0.0019219637715095384,1
drawdown120+ev_ebitda_proxy,2,drawdown120|ev_ebitda_proxy,120,2021-09-07,2026-08-10,4345.775,0.03671013936165824,0.026437401465572774,7.909155147563318,22.879818359097534,3.459428535895547,4.449726611667771,0.5572815674327414,27.73921293780375,55.00000000000001,0.23392497497433154,0.43333333333333335,0.0037212146536413884,1,15,2026-01-09,2026-08-10,4752.133333333333,0.014516118012227377,-0.00698875024350013,-9.582943134746348,21.323691549831523,3.2241421623345263,-12.807085297080873,-0.938735375298206,23.177759503901097,25.0,-0.03830439120227693,0.6,0.0003336186378472656,0
drawdown120+quality_net_margin_tsrank378,2,drawdown120|quality_net_margin_tsrank378,120,2021-09-07,2026-08-10,4098.308333333333,0.028983426664396923,0.022829652928789697,5.752625768795383,27.231275993766296,4.117368930257464,1.6352568385379191,0.5061360657135817,25.322177900736087,55.00000000000001,0.21841303891520183,0.4666666666666667,0.0029541672047751844,1,15,2026-01-09,2026-08-10,4753.933333333333,0.0097058347372057,0.0014869779714211766,-3.310513775437729,28.075250950693064,4.244977943744791,-7.55549171918252,-0.7672808168782304,21.715446083969393,37.5,0.012154550830795637,0.3333333333333333,3.9323353889556226e-05,1
growth_roe+ltmom_exhigh252_21,2,growth_roe|ltmom_exhigh252_21,120,2021-09-07,2026-08-10,3912.5416666666665,0.021162524745419464,0.009571211446073783,2.085619808957917,16.61696554132255,2.512485189847969,-0.4268653808900524,0.4781600945692865,23.174338116121827,56.666666666666664,0.14785589544762573,0.43333333333333335,0.0013559017533388308,1,15,2026-01-09,2026-08-10,4605.933333333333,0.027990839250925294,0.01755793885462119,2.2422659468943285,16.997780878063935,2.570064468763267,-0.32779852186893865,-0.47730726900975784,21.0402352230754,75.0,0.3372782268369104,0.6,0.005664420378137446,1
cash_conversion+paper_composite_nomcap,2,cash_conversion|paper_composite_nomcap,120,2021-09-07,2026-08-10,4589.341666666666,0.034303510612251585,0.01052960571770369,2.7798094645293148,7.128361950372704,1.077808326896353,1.7020011376329618,0.6154388508032634,16.550327800615495,53.333333333333336,0.08360424562112644,0.49166666666666664,0.0014100602373893528,1,15,2026-01-09,2026-08-10,4896.8,0.032429986807062716,0.0024523864101556815,5.4428944685447895,6.896745243262738,1.0427878807813258,4.400106587763464,-0.3842335724247553,16.05615776387703,75.0,0.01387047736062991,0.4,0.00017992775912515605,1
ev_ebitda_proxy+cash_conversion,2,ev_ebitda_proxy|cash_conversion,120,2021-09-07,2026-08-10,4476.591666666666,0.019226081177659258,0.007775088847257554,3.169234800460763,7.834755763336751,1.1846150714165167,1.9846197290442462,0.5808461067341242,21.658156890607028,51.66666666666667,0.09298972930418761,0.44166666666666665,0.0007896240705618012,1,15,2026-01-09,2026-08-10,4786.666666666667,0.017242710769202182,-0.0008129796289991911,5.045108327187464,6.67855550218314,1.0097975919300906,4.035310735257373,-0.361969831526721,14.829546371858305,62.5,-0.006487098909692772,0.4,4.4742068092415725e-05,0
growth_roe+max5_low21,2,growth_roe|max5_low21,120,2021-09-07,2026-08-10,3883.9,0.0068683901737070785,0.00020473706649548387,0.6346037604410437,69.21210622226356,10.46487046080625,-9.830266700365206,0.0983494099952759,38.61647658943724,58.333333333333336,0.0036324734107563107,0.325,8.108504521224536e-06,1,15,2026-01-09,2026-08-10,4581.066666666667,0.008567629230169098,0.005874495267011239,-0.5619824271462459,71.39656064498696,10.795159969522029,-11.357142396668273,-1.0667616106177777,20.70151324062288,62.5,0.08797241334509272,0.4,0.0003014860080095738,1
asset_growth+quality_net_margin_tsrank378,2,asset_growth|quality_net_margin_tsrank378,120,2021-09-07,2026-08-10,4098.308333333333,-0.004752245800503875,-0.004080818099709787,-1.7013536565769316,9.429753461968204,1.4257787234495924,-3.127132380026524,0.38330077944785024,34.27340752573203,48.333333333333336,-0.04644890044334262,0.475,0.00010484988123320135,0,15,2026-01-09,2026-08-10,4753.933333333333,0.01828530305142152,0.024017664131536623,16.127198410024256,9.384002824430043,1.4188612270538226,14.708337182970435,0.22568121018330511,15.617140327207446,75.0,0.2672474087010472,0.4666666666666667,0.0022804599336426843,1
quality_asset_turnover_tsrank378+growth_revenue,2,quality_asset_turnover_tsrank378|growth_revenue,120,2021-09-07,2026-08-10,4100.208333333333,-0.0009176342140497239,0.001146329527538474,0.3839140703574051,17.300801317710352,2.615881159237805,-2.2319670888804,0.4049237383460248,32.893944916281036,48.333333333333336,0.01593645014716149,0.39166666666666666,5.727667496333812e-06,1,15,2026-01-09,2026-08-10,4755.466666666666,0.004034043508271134,0.013818057803356503,3.3855215589559173,17.053117193442965,2.5784313196485766,0.8070902393073408,-0.33406454404945113,19.10057376307629,62.5,0.18039922955272067,0.4666666666666667,0.00033961122574132453,1
t10_size_plus_impact+t10_size_plus_impact_bm+t10_size_plus_impact_wc,3,t10_size_plus_impact|t10_size_plus_impact_bm|t10_size_plus_impact_wc,120,2021-09-07,2026-08-10,3919.575,0.11804957119901677,0.07440910048472353,24.34402618951561,30.239866747657818,4.572267852245862,19.77175833726975,1.0043232919367586,25.370431656999404,76.66666666666667,0.4428161197068798,0.7,0.03659197713598675,1,15,2026-01-09,2026-08-10,4609.8,0.07455574624780929,0.025665936361388413,12.09034056119883,29.198809010490933,4.4148599223862295,7.675480638812601,-0.07054003007409068,19.863447716449635,62.5,0.10572599769252809,0.4666666666666667,0.003678490972688278,1
t10_size_plus_impact_bm+t10_size_plus_impact_wc+reversal_turn_paper,3,t10_size_plus_impact_bm|t10_size_plus_impact_wc|reversal_turn_paper,120,2021-09-07,2026-08-10,3915.3166666666666,0.12050350040315998,0.0730250291658591,22.55895455193153,32.961470107926104,4.9837742803184275,17.575180271613107,0.9680410982848318,24.318898979855774,75.0,0.44264214493278803,0.6833333333333333,0.03644895072508195,1,15,2026-01-09,2026-08-10,4604.6,0.07985888396045633,0.026720908599914515,10.79414411523435,32.10741046280045,4.854640461975428,5.939503653258922,-0.15319466261365192,19.896752189959987,62.5,0.10571602573667109,0.4666666666666667,0.003939769788297202,1
t10_size_plus_impact_bm+t10_size_plus_impact_wc+impact60,3,t10_size_plus_impact_bm|t10_size_plus_impact_wc|impact60,120,2021-09-07,2026-08-10,3919.575,0.11275634694237939,0.07386351648167572,26.231776045191157,24.65841200414264,3.7283518950263668,22.50342415016479,1.0906413254359242,25.008613035583572,78.33333333333333,0.4480251705945365,0.7,0.03536237710213339,1,15,2026-01-09,2026-08-10,4609.8,0.07527814090507787,0.030999142828882706,11.923279463626136,23.56457710074054,3.56296405763197,8.360315405994164,-0.034011054429655956,19.944113817141208,62.5,0.1375806073345534,0.5333333333333333,0.00552363325052624,1
t10_size_plus_impact+t10_size_plus_impact_bm+t10_size_plus_impact_fscore,3,t10_size_plus_impact|t10_size_plus_impact_bm|t10_size_plus_impact_fscore,120,2021-09-07,2026-08-10,3833.0833333333335,0.1198422902000559,0.07429341355681825,24.206505182546035,31.54841876747783,4.770120917642648,19.436384264903385,0.995234653023423,25.398698304734168,76.66666666666667,0.43773214573711094,0.7,0.03672117598752401,1,15,2026-01-09,2026-08-10,4513.866666666667,0.07888572484092639,0.02730199328107519,11.6378788208367,30.214362096181656,4.568411548942667,7.069467271894034,-0.09396975524440246,20.42632269235015,62.5,0.10859712718717096,0.4666666666666667,0.003997822777107718,1
t10_size_plus_impact+t10_size_plus_impact_bm+reversal_chip_turn_size_eq,3,t10_size_plus_impact|t10_size_plus_impact_bm|reversal_chip_turn_size_eq,120,2021-09-07,2026-08-10,3919.575,0.11664740435331308,0.07325446649555965,24.147220863226604,32.591501688904515,4.9278350553623635,19.219385807864242,0.9800451683280428,26.089400770472658,73.33333333333333,0.4337803612856886,0.6833333333333333,0.03457622468900227,1,15,2026-01-09,2026-08-10,4609.8,0.07304799133622487,0.02411436006505478,9.998386270346915,31.207314230836413,4.718545911702465,5.279840358644449,-0.16570235687119966,20.77312329837201,50.0,0.09779322449817125,0.4666666666666667,0.003333679354079157,1
t10_size_plus_impact+t10_size_plus_impact_bm+book_to_market_lf_minus_size,3,t10_size_plus_impact|t10_size_plus_impact_bm|book_to_market_lf_minus_size,120,2021-09-07,2026-08-10,3919.575,0.11563718722169232,0.07274587071916566,25.577580094774778,25.968728325918462,3.926471722878871,21.651108371895905,1.0654915613031732,25.655710409172507,75.0,0.41409601617822306,0.6833333333333333,0.032721347342881374,1,15,2026-01-09,2026-08-10,4609.8,0.07875927703320874,0.02613690465668846,12.059140790767998,24.45438104635577,3.6975024142089916,8.361638376559005,-0.04414282103597926,20.533074602967815,50.0,0.1030519089904138,0.4666666666666667,0.003787603796189274,1
t10_size_plus_impact_aggregate+t10_size_plus_impact_bm+t10_nomcap_plus_impact,3,t10_size_plus_impact_aggregate|t10_size_plus_impact_bm|t10_nomcap_plus_impact,120,2021-09-07,2026-08-10,3919.575,0.11779904853174601,0.0742172112428282,24.190789902197206,31.06827154537526,4.6975226576607385,19.49326724453647,0.9991027543176441,24.84632611297969,76.66666666666667,0.4432674533744632,0.7,0.0365515389768213,1,15,2026-01-09,2026-08-10,4609.8,0.07569016654531896,0.026856228357379643,10.998889794479073,29.831970807637347,4.510593986114767,6.488295808364305,-0.12121608771146387,20.262756368771008,62.5,0.10936250614283169,0.4666666666666667,0.0038629109417567193,1
t10_size_plus_impact_aggregate+t10_size_plus_impact_bm+reversal_turn_paper_nomcap,3,t10_size_plus_impact_aggregate|t10_size_plus_impact_bm|reversal_turn_paper_nomcap,120,2021-09-07,2026-08-10,3915.3166666666666,0.1201335729261636,0.07235607764027116,22.88863992138108,33.460999416396085,5.059303111759088,17.829336809621992,0.9834619834239894,23.532658960120923,78.33333333333333,0.4368378436808375,0.6833333333333333,0.03586057548300563,1,15,2026-01-09,2026-08-10,4604.6,0.08126764830188711,0.02710414080537574,11.46532593234718,32.34933488297408,4.891219434305681,6.5741064980415,-0.13207431565396688,19.477656681653244,62.5,0.10416631802733622,0.4666666666666667,0.003950497459229106,1
size_only+t10_size_plus_impact_aggregate+t10_size_plus_impact_bm,3,size_only|t10_size_plus_impact_aggregate|t10_size_plus_impact_bm,120,2021-09-07,2026-08-10,3919.575,0.10569998422020326,0.07212365654062716,28.04614560972123,24.963558312441155,3.7744900168411024,24.271655592880126,1.095866104780874,27.75238236017166,78.33333333333333,0.41093374156315665,0.7083333333333334,0.030766947082465444,1,15,2026-01-09,2026-08-10,4609.8,0.06837124458771592,0.027880971749616495,12.05165506690743,23.334383712661023,3.5281588173543468,8.523496249553084,-0.020758727235130635,20.755692802896732,62.5,0.12559634804004863,0.5333333333333333,0.004579828603290699,1
t10_size_plus_impact_bm+t10_size_plus_impact_fscore+reversal_chip_turn_paper,3,t10_size_plus_impact_bm|t10_size_plus_impact_fscore|reversal_chip_turn_paper,120,2021-09-07,2026-08-10,3829.358333333333,0.12010078345447765,0.07204792422731501,23.251705200729077,33.58980527331734,5.078778557325581,18.172926643403496,0.9782567244185414,24.006644210575168,76.66666666666667,0.42549088933705137,0.675,0.03449370768443257,1,15,2026-01-09,2026-08-10,4510.666666666667,0.07915813997890406,0.024259883198516085,12.04372993326912,32.590102791973955,4.9276235421464625,7.116106391122659,-0.10576134232757185,19.90918037146361,62.5,0.09199019488337895,0.4666666666666667,0.003398160604190415,1
t10_size_plus_impact_bm+t10_size_plus_impact_fscore+book_to_market_lf_plus_impact,3,t10_size_plus_impact_bm|t10_size_plus_impact_fscore|book_to_market_lf_plus_impact,120,2021-09-07,2026-08-10,3833.0833333333335,0.1184842139922658,0.07234081973980344,24.824798099691158,25.630560624449235,3.8753407664167248,20.949457333274434,1.0744106208104136,23.674886570241327,80.0,0.4161549099544608,0.675,0.0332827564983591,1,15,2026-01-09,2026-08-10,4513.866666666667,0.08471690059083435,0.02874807919137224,13.644232635800602,24.071943135510445,3.6396778020891793,10.004554833711422,0.010208721922603867,19.288691043774552,62.5,0.11025627461756886,0.4666666666666667,0.004358932599603079,1
t10_size_plus_impact_downside+t10_size_plus_impact_bm+t10_size_plus_wc_mcap,3,t10_size_plus_impact_downside|t10_size_plus_impact_bm|t10_size_plus_wc_mcap,120,2021-09-07,2026-08-10,3919.575,0.11808515299167423,0.07402979442496459,23.967724189712804,30.579783501926922,4.62366326549135,19.344060924221452,0.9937063586567464,25.156596540519505,76.66666666666667,0.4415651202973317,0.7,0.03649959935026821,1,15,2026-01-09,2026-08-10,4609.8,0.07432030784494698,0.025057203984534964,11.321471834891828,29.705204456802537,4.491426913868544,6.830044921023284,-0.10755073295817663,19.98346897381217,62.5,0.102710257836367,0.4666666666666667,0.003562280391241914,1
t10_size_plus_impact_downside+t10_size_plus_impact_bm+reversal_chip_eq,3,t10_size_plus_impact_downside|t10_size_plus_impact_bm|reversal_chip_eq,120,2021-09-07,2026-08-10,3919.575,0.11666534786065712,0.07285331260554186,23.107819515557804,35.13053955732393,5.311737581067378,17.796081934490427,0.9334755586968162,25.55365493236389,76.66666666666667,0.4269497362670134,0.6833333333333333,0.0340369969920814,1,15,2026-01-09,2026-08-10,4609.8,0.07483301387661458,0.023587871846039773,12.200329706007407,34.91502037890452,5.279151081290364,6.921178624717042,-0.10206659832299773,19.708060423117313,62.5,0.09247612267707017,0.4666666666666667,0.003229457920056062,1
t10_size_plus_impact_downside+t10_size_plus_impact_bm+book_to_market_lf_div_oper_main_profit_ttm,3,t10_size_plus_impact_downside|t10_size_plus_impact_bm|book_to_market_lf_div_oper_main_profit_ttm,120,2021-09-07,2026-08-10,3831.15,0.1119531590529887,0.06915952166378374,23.40089987877434,21.970323626415652,3.3219129323140466,20.078986946460294,1.0040602898815516,27.406114408183956,76.66666666666667,0.42552066344330725,0.7,0.03334686776036129,1,15,2026-01-09,2026-08-10,4511.133333333333,0.07360545363571998,0.02779349890367695,12.018662159813598,20.6539497876392,3.1228772078910474,8.89578495192255,-0.015540811030390322,19.96881736585895,62.5,0.1250039270959007,0.4666666666666667,0.004293786354732111,1
t10_size_plus_impact_g13+t10_size_plus_impact_bm+reversal_turn_eq,3,t10_size_plus_impact_g13|t10_size_plus_impact_bm|reversal_turn_eq,120,2021-09-07,2026-08-10,3919.575,0.11820712027721954,0.07318852771697246,23.504415440757988,35.07363165283863,5.3031331059092,18.201282334848788,0.966176838083796,25.509125029423263,76.66666666666667,0.44867449582744484,0.6833333333333333,0.036241622063957,1,15,2026-01-09,2026-08-10,4609.8,0.0786219387200321,0.02930253713039316,9.721692944106607,34.16444837339592,5.165664594057463,4.556028350049145,-0.20089167193402271,20.190739635037236,62.5,0.11989099307838462,0.4666666666666667,0.004398829078416522,1
t10_size_plus_impact_g13+t10_size_plus_impact_bm+paper_composite,3,t10_size_plus_impact_g13|t10_size_plus_impact_bm|paper_composite,120,2021-09-07,2026-08-10,3915.3166666666666,0.11252508269247048,0.07026576477915727,24.281595001897905,24.519990248909362,3.7074225256350957,20.57417247626281,1.0557281410959958,24.87041800447598,76.66666666666667,0.401861064198571,0.675,0.030523128398884162,1,15,2026-01-09,2026-08-10,4604.6,0.07611648441797493,0.02379103311059404,11.425944184942338,23.352724417722236,3.530931931959602,7.8950122529827365,-0.07213043169154207,20.124402611321546,50.0,0.09297488083090259,0.4666666666666667,0.003302563165079954,1
t10_size_plus_impact_bm+t10_nomcap_plus_impact+reversal_chip_turn_eq,3,t10_size_plus_impact_bm|t10_nomcap_plus_impact|reversal_chip_turn_eq,120,2021-09-07,2026-08-10,3919.575,0.11434889608073409,0.06927892606744591,21.578108088520164,35.935699894115054,5.433477823990195,16.14463026452997,0.9110861806794764,25.082824619592703,71.66666666666667,0.4247273851294667,0.65,0.03156861995612736,1,15,2026-01-09,2026-08-10,4609.8,0.07317239079437185,0.022702564821529072,7.962177737459841,34.48019405314879,5.213405340836098,2.7487723966237434,-0.2851406444442337,20.791791016372795,50.0,0.08983985953484795,0.4666666666666667,0.0030677720783711723,1
t10_size_plus_impact_bm+t10_nomcap_plus_impact+impact_abs_return60,3,t10_size_plus_impact_bm|t10_nomcap_plus_impact|impact_abs_return60,120,2021-09-07,2026-08-10,3919.575,0.11383522153849499,0.0737951675600037,25.917632725947314,26.71244753879181,4.038922067865322,21.878710658081992,1.068200545444729,24.647830850172305,78.33333333333333,0.4391970246706319,0.675,0.033747361156639726,1,15,2026-01-09,2026-08-10,4609.8,0.07448916651992699,0.029024792634909154,10.564749802995454,25.16254186321718,3.804576329718438,6.760173473277018,-0.10476227773275656,20.541904131836286,62.5,0.124198212242027,0.4666666666666667,0.004317329946147672,1
t10_size_plus_impact_bm+t10_size_plus_wc_mcap+reversal_chip_turn_eq,3,t10_size_plus_impact_bm|t10_size_plus_wc_mcap|reversal_chip_turn_eq,120,2021-09-07,2026-08-10,3919.575,0.11482440806617934,0.06924882270205329,21.56530124234981,35.5298569712501,5.372114374053016,16.193186868296795,0.908629338436416,25.250903391413836,76.66666666666667,0.42623352382597307,0.6416666666666667,0.03140445774573743,1,15,2026-01-09,2026-08-10,4609.8,0.07161065585467047,0.020842714504602716,8.112799763823642,34.589283169641476,5.229899615249791,2.8829001485738504,-0.27913779392080457,20.55837518002315,50.0,0.08322246813947044,0.4666666666666667,0.002781153911812218,1
t10_size_plus_impact_bm+t10_size_plus_wc_mcap+impact_abs_return60,3,t10_size_plus_impact_bm|t10_size_plus_wc_mcap|impact_abs_return60,120,2021-09-07,2026-08-10,3919.575,0.11365319938280286,0.07348585136493761,25.23654968049773,26.06621807422626,3.941212172823011,21.295337507674724,1.0466827329259498,25.094081206261,78.33333333333333,0.4353410537272977,0.6916666666666667,0.03422221664199507,1,15,2026-01-09,2026-08-10,4609.8,0.07258024280314831,0.027078505944117832,10.313547502076403,24.631163560811615,3.724231930394716,6.589315571681686,-0.10677826923806275,20.525416499673852,62.5,0.11710672627494349,0.4666666666666667,0.0039664961592280395,1
t10_size_plus_impact_bm+t10_size_plus_impact_dd120+reversal_turn_eq,3,t10_size_plus_impact_bm|t10_size_plus_impact_dd120|reversal_turn_eq,120,2021-09-07,2026-08-10,3919.575,0.11513012168536534,0.07115194085546196,22.7786250802696,37.42259644909383,5.658296583102987,17.12032849716661,0.9291635524271211,25.15279050360144,75.0,0.43766036756958876,0.6583333333333333,0.03317202848863941,1,15,2026-01-09,2026-08-10,4609.8,0.07510242286825818,0.026393283499422472,9.483151395254641,36.72514985201067,5.552842657624012,3.9303087376306287,-0.2275382300930687,20.35352616093321,50.0,0.10758549989714794,0.4666666666666667,0.003770634796958657,1
t10_size_plus_impact_bm+t10_size_plus_impact_dd120+paper_composite,3,t10_size_plus_impact_bm|t10_size_plus_impact_dd120|paper_composite,120,2021-09-07,2026-08-10,3915.3166666666666,0.11408674534250836,0.07059471648509513,23.93761214036454,27.387800972594956,4.141035507056357,19.796576633308185,1.0282183330230361,24.025265952118545,73.33333333333333,0.40515097956749896,0.6833333333333333,0.03158527703130979,1,15,2026-01-09,2026-08-10,4604.6,0.07447858246095432,0.02094752496935714,11.92109992402537,26.23345563684919,3.9664984922915973,7.954601431733771,-0.06976168646417187,20.20830105180701,50.0,0.07999124489464744,0.4666666666666667,0.0027802294468855155,1
t10_size_plus_impact_bm+reversal_turn_paper+reversal_chip_eq,3,t10_size_plus_impact_bm|reversal_turn_paper|reversal_chip_eq,120,2021-09-07,2026-08-10,3915.3166666666666,0.11621189443465492,0.06907166575709542,20.98496614259826,40.03750553042061,6.053670836199595,14.931295306398665,0.8780123502796096,24.587005069185587,68.33333333333333,0.41472257984680316,0.675,0.0325320952514565,1,15,2026-01-09,2026-08-10,4604.6,0.07869125951389613,0.023480412700559873,11.213141647788538,39.508147058773005,5.973631835286478,5.23950981250206,-0.17830889584743026,20.096446437507275,62.5,0.08902210593960919,0.4666666666666667,0.0032691220991180924,1
t10_size_plus_impact_bm+book_to_market_lf_div_oper_main_profit_ttm+reversal_turn_paper,3,t10_size_plus_impact_bm|book_to_market_lf_div_oper_main_profit_ttm|reversal_turn_paper,120,2021-09-07,2026-08-10,3827.425,0.11527551766119215,0.0670796844038984,21.32866265138187,26.140355174317207,3.9524217023567623,17.376240949025107,0.9503272799084406,26.716942235839102,76.66666666666667,0.4266691306198329,0.6916666666666667,0.034019282557391,1,15,2026-01-09,2026-08-10,4507.933333333333,0.07843711475803532,0.027231358802550423,9.25393062664842,24.430781158607445,3.6939341111814454,5.559996515466976,-0.15578480481874246,20.236960115568657,50.0,0.11542250182932051,0.4666666666666667,0.004224923743434779,1
t10_size_plus_impact_bm+book_to_market_lf_plus_impact+reversal_chip_turn_paper,3,t10_size_plus_impact_bm|book_to_market_lf_plus_impact|reversal_chip_turn_paper,120,2021-09-07,2026-08-10,3915.3166666666666,0.1180395612437937,0.07057408255756896,21.541373039355616,26.80588180852129,4.0530493294484184,17.488323709907196,0.9867286993025118,22.98686641423673,73.33333333333333,0.40789923817203405,0.675,0.03250006679621561,1,15,2026-01-09,2026-08-10,4604.6,0.08230233618634471,0.024465417568002298,11.089984242375305,24.984152923979934,3.7776039221057665,7.31238032026954,-0.1085039992369988,19.87533209579221,62.5,0.09074849467361376,0.4666666666666667,0.00348544612128182,1
t10_size_plus_impact_bm+reversal_chip_turn_size_eq+reversal_turn_paper_nomcap,3,t10_size_plus_impact_bm|reversal_chip_turn_size_eq|reversal_turn_paper_nomcap,120,2021-09-07,2026-08-10,3915.3166666666666,0.1171403225066442,0.06903402557123504,20.77532927461967,37.002757938261105,5.5948170002650786,15.18051227435459,0.9061268716609513,24.124216891928018,70.0,0.4224505459450341,0.675,0.03340304540669872,1,15,2026-01-09,2026-08-10,4604.6,0.07847092232992307,0.0237674178575191,9.911644674397714,35.96369610261876,5.437710850715957,4.473933823681755,-0.22168440697900996,20.329986712278615,62.5,0.0905560537100105,0.4666666666666667,0.003316141293351869,1
size_only+t10_size_plus_impact_bm+reversal_chip_turn_size_eq,3,size_only|t10_size_plus_impact_bm|reversal_chip_turn_size_eq,120,2021-09-07,2026-08-10,3919.575,0.10979009492631756,0.07261336043863607,26.748961217113187,28.519678191819313,4.31217534260308,22.436785874510107,1.0471514417851129,27.199775736892207,80.0,0.4143451533219108,0.7083333333333334,0.032222787215126135,1,15,2026-01-09,2026-08-10,4609.8,0.06781996659510435,0.024415757999523776,11.505598034037002,26.915137009416124,4.069568715823718,7.436029318213283,-0.06709245502542724,20.979364821080317,50.0,0.10578120547227028,0.4666666666666667,0.0033479029833756455,1
t10_size_plus_impact_bm+book_to_market_lf_minus_size+reversal_chip_turn_eq,3,t10_size_plus_impact_bm|book_to_market_lf_minus_size|reversal_chip_turn_eq,120,2021-09-07,2026-08-10,3919.575,0.11909294101582436,0.07175902654085349,22.897503152759246,29.938582216670078,4.526713631160516,18.37078952159873,0.9888994202788806,24.258561920450195,75.0,0.4166855841490173,0.7,0.034737018186642266,1,15,2026-01-09,2026-08-10,4609.8,0.07980021277581771,0.022966748989343685,11.132266837538996,28.52520542021938,4.31301105953717,6.819255778001826,-0.12015890863508932,20.533598206913705,50.0,0.08628758788643955,0.4666666666666667,0.003213358340849975,1
t10_size_plus_impact_bm+impact60+reversal_turn_eq,3,t10_size_plus_impact_bm|impact60|reversal_turn_eq,120,2021-09-07,2026-08-10,3919.575,0.11849804763520742,0.07491784363433401,24.51344204911654,31.055584628611914,4.6956043958461215,19.81783765327042,1.0269028911114948,24.921273711266913,81.66666666666667,0.4653722900458114,0.6916666666666667,0.03814244789081826,1,15,2026-01-09,2026-08-10,4609.8,0.08241145341783654,0.03495163339819623,11.93963479843828,29.92860050026441,4.525204395639978,7.414430402798303,-0.08087882253501284,19.897503446643817,62.5,0.14833344752479252,0.5333333333333333,0.006519666667198154,1
t10_size_plus_impact_bm+reversal_turn_paper_nomcap+reversal40,3,t10_size_plus_impact_bm|reversal_turn_paper_nomcap|reversal40,120,2021-09-07,2026-08-10,3915.3166666666666,0.11348314171949435,0.06557353713830068,18.406071856211526,46.33916011968607,7.0064810100965325,11.399590846114993,0.7887802088639299,24.963326243526783,65.0,0.4078951250610521,0.6416666666666667,0.02970224968222964,1,15,2026-01-09,2026-08-10,4604.6,0.08523702091206081,0.029355932373668337,11.157553956947053,46.89735249808592,7.090879697710592,4.066674259236461,-0.23519434399438763,19.837104771930814,62.5,0.11258842724274386,0.5333333333333333,0.005118241134584424,1
t10_size_plus_impact_bm+reversal_chip_eq+reversal40,3,t10_size_plus_impact_bm|reversal_chip_eq|reversal40,120,2021-09-07,2026-08-10,3919.575,0.10808419777313134,0.0651744360866819,18.372138368599877,46.540764301096935,7.036963562325857,11.33517480627402,0.7462229751554007,27.53927194759883,68.33333333333333,0.39938814881098056,0.6166666666666667,0.02661998772633735,1,15,2026-01-09,2026-08-10,4609.8,0.07630722483784087,0.02471202723651953,10.438538936703823,47.54667251806956,7.189056884732118,3.2494820519717056,-0.2572924079905138,19.6989100815931,50.0,0.09844971698461376,0.4666666666666667,0.003505798188277804,1
t10_size_plus_impact_bm+impact60+reversal40,3,t10_size_plus_impact_bm|impact60|reversal40,120,2021-09-07,2026-08-10,3919.575,0.11965798896417533,0.076606210862494,25.928405891611117,37.466838685561626,5.664986009256918,20.2634198823542,1.0077250292932463,26.29380952307293,80.0,0.4584057064978274,0.7,0.03839633347846242,1,15,2026-01-09,2026-08-10,4609.8,0.08757847339446495,0.03733900108339626,15.95197353063459,37.2053434906981,5.625447935793552,10.326525594841037,0.03656985191027719,19.02422213477627,62.5,0.15400505452775698,0.5333333333333333,0.007193348037638553,1
t10_size_plus_impact_bm+book_to_market_lf_minus_size+impact60,3,t10_size_plus_impact_bm|book_to_market_lf_minus_size|impact60,120,2021-09-07,2026-08-10,3919.575,0.10350842409934678,0.06861228276276811,26.15426366195994,17.828281053344234,2.695636095265648,23.458627566694297,1.126801346976182,26.144093787879296,75.0,0.3994557506731373,0.7,0.028942924674718616,1,15,2026-01-09,2026-08-10,4609.8,0.07670258610333308,0.031730530653006316,13.165911328851132,15.909544910430599,2.405523190457106,10.760388138394026,0.05194104170353275,19.735782881843623,50.0,0.13782047395085892,0.5333333333333333,0.0056379662773428955,1
size_only+t10_size_plus_impact_bm+book_to_market_lf_plus_impact,3,size_only|t10_size_plus_impact_bm|book_to_market_lf_plus_impact,120,2021-09-07,2026-08-10,3919.575,0.0996225990025858,0.06693377834723102,26.093864229257193,17.92231892839554,2.7098546219734057,23.384009607283783,1.1114623340548158,27.40057157223904,76.66666666666667,0.37923329245676407,0.6833333333333333,0.025816474252281212,1,15,2026-01-09,2026-08-10,4609.8,0.07263055727743063,0.028861844697284353,11.139394790180512,15.912506126773993,2.4059709263682274,8.733423863812284,-0.023661352137987358,20.576226402875953,50.0,0.12590921142783937,0.5333333333333333,0.004877256635928432,1
t10_size_plus_impact_bm+impact_abs_return60+book_to_market_lf_div_oper_main_profit_ttm,3,t10_size_plus_impact_bm|impact_abs_return60|book_to_market_lf_div_oper_main_profit_ttm,120,2021-09-07,2026-08-10,3831.15,0.09609167456709057,0.06292290960993328,23.042058186338622,15.716281551354705,2.3763017705648313,20.66575641577379,1.0290408908519793,27.929316435707975,75.0,0.39226383718462415,0.6916666666666667,0.026071191549468315,1,15,2026-01-09,2026-08-10,4511.133333333333,0.06813846829990702,0.030511598155076262,12.140849381469131,14.153928704386562,2.140074020103248,10.000775361365884,0.031314797971498186,20.73129815002648,62.5,0.15503709844896388,0.5333333333333333,0.005634128222919621,1
t10_size_plus_impact+t10_size_plus_impact_wc+t10_nomcap_plus_impact,3,t10_size_plus_impact|t10_size_plus_impact_wc|t10_nomcap_plus_impact,120,2021-09-07,2026-08-10,3919.575,0.11564722039317124,0.07285259145545618,23.73510338894298,31.652876874773828,4.785914983465803,18.949188405477177,0.9799707775711499,25.50425468668149,80.0,0.44355163689702065,0.6833333333333333,0.035051934503787435,1,15,2026-01-09,2026-08-10,4609.8,0.07205921649825417,0.025312783847838815,10.527986971141601,30.50115468804531,4.611774588832451,5.91621238230915,-0.14170797232772217,20.0130278310392,62.5,0.1063961608725526,0.4666666666666667,0.003577851195752562,1
t10_size_plus_impact+t10_size_plus_impact_wc+reversal_turn_paper_nomcap,3,t10_size_plus_impact|t10_size_plus_impact_wc|reversal_turn_paper_nomcap,120,2021-09-07,2026-08-10,3915.3166666666666,0.11821348670881536,0.07125662561818193,22.5427786394339,34.471697423221784,5.212120650391134,17.33065798904277,0.96128684407864,24.03863026194326,78.33333333333333,0.44151974269057936,0.6666666666666666,0.034795725489488255,1,15,2026-01-09,2026-08-10,4604.6,0.07771293957301675,0.025701964004509147,10.835444232249747,33.4369522191489,5.055667175535312,5.779777056714434,-0.16360895521108854,19.6568952632702,62.5,0.10205169807715575,0.4666666666666667,0.0037010108081304187,1
size_only+t10_size_plus_impact+t10_size_plus_impact_wc,3,size_only|t10_size_plus_impact|t10_size_plus_impact_wc,120,2021-09-07,2026-08-10,3919.575,0.10510873581894546,0.07151015533985544,26.72633356439007,25.79739619246234,3.9005663043003054,22.825767260089762,1.0577630199755437,27.92105802638629,80.0,0.4142248270113035,0.7,0.03047705353838564,1,15,2026-01-09,2026-08-10,4609.8,0.06510056876329848,0.02614994998935533,11.760285723454555,24.937761635638786,3.770589559308584,7.989696164145971,-0.04323825819457356,20.220578648099895,75.0,0.12106348056932278,0.5333333333333333,0.004203360768814638,1
t10_size_plus_impact_aggregate+t10_size_plus_impact_wc+reversal_turn_paper,3,t10_size_plus_impact_aggregate|t10_size_plus_impact_wc|reversal_turn_paper,120,2021-09-07,2026-08-10,3915.3166666666666,0.11886100790232436,0.07381103983412644,24.006448221809084,32.009370238413,4.839816780048045,19.16663144176104,1.0006474418956297,24.854489472450258,80.0,0.4494594654654684,0.6833333333333333,0.03650585680225144,1,15,2026-01-09,2026-08-10,4604.6,0.0777226989984456,0.028253555401221476,11.289232792574078,31.30112079338269,4.732729463959464,6.556503328614614,-0.12079949247960588,19.79108062361061,62.5,0.11634684400587623,0.4666666666666667,0.004219969010174318,1
t10_size_plus_impact_aggregate+t10_size_plus_impact_wc+impact60,3,t10_size_plus_impact_aggregate|t10_size_plus_impact_wc|impact60,120,2021-09-07,2026-08-10,3919.575,0.10669683299051011,0.07212832715122813,27.861766854273306,23.527216753704334,3.557315173160095,24.30445168111321,1.1286637140865399,25.550021858704895,80.0,0.44540894613990856,0.7,0.03326660675713825,1,15,2026-01-09,2026-08-10,4609.8,0.07162542810624627,0.03232055544650828,12.898041026115347,22.454027721119452,3.395048991433261,9.502992034682087,0.01014747982691624,19.272489464574594,75.0,0.15281432593123265,0.5333333333333333,0.00583754214164906,1
t10_size_plus_impact_g13+t10_size_plus_impact_fscore+t10_size_plus_impact_wc,3,t10_size_plus_impact_g13|t10_size_plus_impact_fscore|t10_size_plus_impact_wc,120,2021-09-07,2026-08-10,3833.0833333333335,0.1172756378541893,0.07389520741376177,25.15441961591187,29.582667508871634,4.472899327341391,20.681520288570482,1.0268360670641234,25.672023709202808,80.0,0.44326116817867267,0.7083333333333334,0.03682181316585407,1,15,2026-01-09,2026-08-10,4513.866666666667,0.07604691652278951,0.027963942840641506,10.79089333679577,28.531431263548495,4.313952407048532,6.476940929747238,-0.11272739241026089,20.382150895871863,62.5,0.1171244754797469,0.4666666666666667,0.004156579097805783,1
t10_size_plus_impact_fscore+t10_size_plus_impact_wc+reversal_turn_eq,3,t10_size_plus_impact_fscore|t10_size_plus_impact_wc|reversal_turn_eq,120,2021-09-07,2026-08-10,3833.0833333333335,0.11625429716111645,0.0704847604097859,22.906894205250715,36.56956157092008,5.529317709523116,17.377576495727602,0.947958142817614,25.040108748865876,83.33333333333334,0.44387349684907323,0.65,0.03354143091301343,1,15,2026-01-09,2026-08-10,4513.866666666667,0.07836511353882648,0.02912049296674414,8.193051145546516,35.45554918572579,5.36087903688174,2.8321721086647744,-0.2744739017862546,20.568846072075043,62.5,0.1203924810030872,0.4666666666666667,0.004402799540079705,1
t10_size_plus_impact_fscore+t10_size_plus_impact_wc+paper_composite,3,t10_size_plus_impact_fscore|t10_size_plus_impact_wc|paper_composite,120,2021-09-07,2026-08-10,3829.358333333333,0.11574976874079695,0.07033101627331714,22.761518137019475,26.31173613653712,3.9783345038444127,18.783183633175064,1.0146258381209017,24.672115688175644,76.66666666666667,0.41457102902826826,0.675,0.03239088799724298,1,15,2026-01-09,2026-08-10,4510.666666666667,0.07713693923278983,0.023434504344720993,11.388039059066823,24.335799388249374,3.679572867503305,7.7084661915635175,-0.08457667032045738,19.703595779540027,62.5,0.09180463363317258,0.4666666666666667,0.0033047132747302645,1
t10_size_plus_impact_downside+t10_size_plus_impact_wc+reversal_chip_turn_paper,3,t10_size_plus_impact_downside|t10_size_plus_impact_wc|reversal_chip_turn_paper,120,2021-09-07,2026-08-10,3915.3166666666666,0.11763026517609107,0.0732201599892884,23.52319304704742,31.35670893763586,4.741134391370543,18.782058655676874,0.9820926274014572,24.712026989664494,76.66666666666667,0.43976897121397424,0.6833333333333333,0.03534892947841298,1,15,2026-01-09,2026-08-10,4604.6,0.07383326770586811,0.024367341738790085,11.080873673879365,30.633555542087798,4.631793597963675,6.44908007591569,-0.12767455603844993,19.725899300737538,62.5,0.09894746471080318,0.4666666666666667,0.003409286837044512,1
t10_size_plus_impact_downside+t10_size_plus_impact_wc+book_to_market_lf_plus_impact,3,t10_size_plus_impact_downside|t10_size_plus_impact_wc|book_to_market_lf_plus_impact,120,2021-09-07,2026-08-10,3919.575,0.114444982359707,0.07306813751963044,24.169500608256534,23.5723284265917,3.564136058100665,20.60536455015587,1.0547455311652,24.526245057085895,76.66666666666667,0.4308355208944647,0.6916666666666667,0.034103983148852345,1,15,2026-01-09,2026-08-10,4609.8,0.07880269502740257,0.029167275892028374,10.678274644926155,21.985765284289897,3.3242477109846327,7.354026933941523,-0.08822010455229212,20.30365504527226,50.0,0.12025015781394525,0.5333333333333333,0.005053886140378325,1
t10_size_plus_impact_g13+t10_size_plus_impact_wc+t10_size_plus_impact_dd120,3,t10_size_plus_impact_g13|t10_size_plus_impact_wc|t10_size_plus_impact_dd120,120,2021-09-07,2026-08-10,3919.575,0.11333205956672814,0.07351161102855862,24.735038954420684,29.799121985781657,4.505627244250186,20.229411710170496,1.0016832072707593,26.04730576856198,83.33333333333334,0.43646379332682317,0.7,0.03462573843682495,1,15,2026-01-09,2026-08-10,4609.8,0.06900280284841295,0.02489318243480293,10.786519500862513,28.80879661149654,4.355890047658277,6.430629453204236,-0.11593800029473487,20.29751725270654,62.5,0.10664940667292581,0.4666666666666667,0.0034342503918576546,1
t10_size_plus_impact_g13+t10_size_plus_impact_wc+reversal40,3,t10_size_plus_impact_g13|t10_size_plus_impact_wc|reversal40,120,2021-09-07,2026-08-10,3919.575,0.11651781007729725,0.07366278999235534,23.90129528343532,40.006156267565544,6.04893082765591,17.85236445577941,0.9240906956140329,27.443834054733905,83.33333333333334,0.4445234133127481,0.6833333333333333,0.03539317800897924,1,15,2026-01-09,2026-08-10,4609.8,0.07966251858412443,0.03078308503785351,11.85981089551278,40.85881275818078,6.177852489036934,5.681958406475845,-0.13850106076539304,19.96911499226296,62.5,0.1282115802387371,0.4666666666666667,0.004766373450285233,1
t10_size_plus_impact_wc+t10_size_plus_wc_mcap+t10_nomcap_plus_impact,3,t10_size_plus_impact_wc|t10_size_plus_wc_mcap|t10_nomcap_plus_impact,120,2021-09-07,2026-08-10,3919.575,0.11448849991519537,0.07070354347098796,22.82486531019248,32.284866929673015,4.8814718797665595,17.943393430425918,0.9545412858424255,25.120841471938714,81.66666666666667,0.4401248396186542,0.675,0.03401273204776508,1,15,2026-01-09,2026-08-10,4609.8,0.07029380720734323,0.022854134413496752,9.372715022937438,31.076839818610946,4.698818180573975,4.673896842363464,-0.20217106718863717,19.818976332658977,62.5,0.09633774798971761,0.4666666666666667,0.003160241972523453,1
t10_size_plus_impact_wc+t10_nomcap_plus_impact+reversal_chip_eq,3,t10_size_plus_impact_wc|t10_nomcap_plus_impact|reversal_chip_eq,120,2021-09-07,2026-08-10,3919.575,0.11210894181697778,0.0690356421566796,22.154220925300706,37.131567279929676,5.614292972725368,16.539927952575336,0.8991281863430521,25.817662585456468,73.33333333333333,0.41980183673517824,0.6333333333333333,0.029806908469829516,1,15,2026-01-09,2026-08-10,4609.8,0.07038854287846132,0.021418420140530026,8.579717186929525,36.73870874358584,5.554892762030179,3.0248244248993457,-0.2570919991749943,20.3202442390667,50.0,0.08642217851849178,0.4666666666666667,0.0028387945685394854,1
t10_size_plus_impact_wc+t10_nomcap_plus_impact+book_to_market_lf_div_oper_main_profit_ttm,3,t10_size_plus_impact_wc|t10_nomcap_plus_impact|book_to_market_lf_div_oper_main_profit_ttm,120,2021-09-07,2026-08-10,3831.15,0.1119499866118859,0.06785759285905688,21.942778109859095,24.337434664526626,3.679820121276426,18.26295798858267,0.9581993470002602,26.850649707666683,78.33333333333333,0.44058603051994183,0.6916666666666667,0.034115490150846584,1,15,2026-01-09,2026-08-10,4511.133333333333,0.07025137813733183,0.025337110550332765,10.376003291329173,22.531251306663318,3.406725197567493,6.96927809376168,-0.09169741599391712,19.800273465976847,62.5,0.11605030929734624,0.4666666666666667,0.003804590608654353,1
t10_size_plus_impact_wc+t10_size_plus_wc_mcap+reversal_chip_eq,3,t10_size_plus_impact_wc|t10_size_plus_wc_mcap|reversal_chip_eq,120,2021-09-07,2026-08-10,3919.575,0.1110673857845585,0.06801324581996446,21.037972118525428,36.406539894886734,5.504668832106874,15.533303286418555,0.8718796937624228,25.96964025928412,76.66666666666667,0.41828119403207775,0.6333333333333333,0.029423019204524812,1,15,2026-01-09,2026-08-10,4609.8,0.06808636117402826,0.019275629557293356,7.706583109779464,35.71230745647926,5.399700887419664,2.3068822223598,-0.2906695376792921,20.52413168120343,62.5,0.07910607581252543,0.4666666666666667,0.0025134875961214448,1
t10_size_plus_impact_wc+t10_size_plus_wc_mcap+book_to_market_lf_div_oper_main_profit_ttm,3,t10_size_plus_impact_wc|t10_size_plus_wc_mcap|book_to_market_lf_div_oper_main_profit_ttm,120,2021-09-07,2026-08-10,3831.15,0.10748265151538855,0.06524786142293645,20.921734514167213,23.25631822620771,3.5163553158026057,17.405379198364606,0.9390554325268354,27.276423314235288,78.33333333333333,0.4320005375667427,0.6916666666666667,0.03211585623667482,1,15,2026-01-09,2026-08-10,4511.133333333333,0.06550901952516555,0.02261729429551958,8.28467443415799,21.31761150962614,3.2232228602554724,5.061451573902518,-0.16619961485289447,20.630267939922888,62.5,0.10753644993210093,0.4666666666666667,0.003287483452525528,1
t10_size_plus_impact_wc+t10_size_plus_impact_dd120+reversal40,3,t10_size_plus_impact_wc|t10_size_plus_impact_dd120|reversal40,120,2021-09-07,2026-08-10,3919.575,0.11223252226581995,0.07084487161787849,22.856297925797485,41.41751462119741,6.262328210725049,16.593969715072436,0.8855003952676287,27.198309667510635,73.33333333333333,0.42974729918301974,0.6583333333333333,0.03175248535512088,1,15,2026-01-09,2026-08-10,4609.8,0.07524449884667472,0.027452866076753256,10.687145251223829,41.78036990490846,6.317191929622158,4.36995332160167,-0.19339086628623028,19.91366588884087,50.0,0.11438545427931729,0.4666666666666667,0.0040165422185450125,1
t10_size_plus_impact_wc+reversal_chip_turn_paper+reversal_turn_paper,3,t10_size_plus_impact_wc|reversal_chip_turn_paper|reversal_turn_paper,120,2021-09-07,2026-08-10,3915.3166666666666,0.11724192528411731,0.06943557857670425,20.87179306241522,35.08867448880577,5.305407582707432,15.56638547970779,0.9154289714980166,23.982950642037625,75.0,0.42999089605182755,0.675,0.03402874834273734,1,15,2026-01-09,2026-08-10,4604.6,0.07717147373951751,0.02390802963868696,10.580809880200714,33.93081017923825,5.130338499100822,5.450471381099892,-0.18462406924978836,19.658654213232253,62.5,0.09379688250074063,0.4666666666666667,0.0033779403722187734,1
t10_size_plus_impact_wc+book_to_market_lf_plus_impact+reversal_turn_paper,3,t10_size_plus_impact_wc|book_to_market_lf_plus_impact|reversal_turn_paper,120,2021-09-07,2026-08-10,3915.3166666666666,0.11921553917365446,0.07173450676381356,22.123413875005404,27.458211585947822,4.1516815917953105,17.97173228321009,1.00218947528626,23.420042390662555,78.33333333333333,0.42952447422290957,0.6833333333333333,0.03499076105155582,1,15,2026-01-09,2026-08-10,4604.6,0.08396823244486577,0.028573559434948045,10.600990348639538,25.744589366366412,3.892581912194601,6.7084084364449375,-0.12757171036684242,20.096677513238824,62.5,0.11099808119578444,0.4666666666666667,0.004349479251964799,1
t10_size_plus_impact_wc+reversal_chip_turn_paper+reversal_turn_eq,3,t10_size_plus_impact_wc|reversal_chip_turn_paper|reversal_turn_eq,120,2021-09-07,2026-08-10,3915.3166666666666,0.11394803143337083,0.0678374992944164,21.222803521019596,38.65255452179631,5.8442662436956025,15.378537277323993,0.898113520067971,25.11048392726394,78.33333333333333,0.42999705021600676,0.6333333333333333,0.031031634349704507,1,15,2026-01-09,2026-08-10,4604.6,0.07529795955378041,0.025056127100093386,7.192028081807555,37.78167164038644,5.712588752026431,1.479439329781125,-0.35005192994832335,20.53500593991955,62.5,0.10208226723421826,0.4666666666666667,0.0035870736670348393,1
t10_size_plus_impact_wc+reversal_chip_turn_paper+paper_composite,3,t10_size_plus_impact_wc|reversal_chip_turn_paper|paper_composite,120,2021-09-07,2026-08-10,3915.3166666666666,0.1142300747365296,0.06775799573829383,20.776021474149342,27.619910506675588,4.176130468609348,16.599891005539995,0.9627508935976957,23.328423413243648,75.0,0.4074937582000271,0.6666666666666666,0.031032028302572276,1,15,2026-01-09,2026-08-10,4604.6,0.07398955539881255,0.018931417422706112,9.48819390984712,26.222422889626984,3.9648303409116,5.52336356893552,-0.18932390105735394,19.921915016721936,50.0,0.07226061041423139,0.4666666666666667,0.0024950475374513658,1
t10_size_plus_impact_wc+impact60+reversal_chip_turn_size_eq,3,t10_size_plus_impact_wc|impact60|reversal_chip_turn_size_eq,120,2021-09-07,2026-08-10,3919.575,0.11272021890993009,0.07385523617497837,26.01510798473068,27.062869151968126,4.091905815777581,21.9232021689531,1.0584471076470836,26.03877556390043,78.33333333333333,0.44776268763096433,0.7166666666666667,0.036171534188113676,1,15,2026-01-09,2026-08-10,4609.8,0.07226005732234701,0.029403710964282632,11.244401830670736,25.660586669819523,3.8798807044767116,7.364521126194024,-0.07288927946587041,19.841085793882986,75.0,0.13171857104360843,0.5333333333333333,0.005076262130148684,1
t10_size_plus_impact_wc+reversal_chip_turn_eq+reversal_turn_paper_nomcap,3,t10_size_plus_impact_wc|reversal_chip_turn_eq|reversal_turn_paper_nomcap,120,2021-09-07,2026-08-10,3915.3166666666666,0.11268720613777908,0.0652712510088726,19.29751912441473,38.75506862900301,5.859766376705256,13.437752747709474,0.8554601169976558,25.26874379305567,70.0,0.41516839280180184,0.625,0.029240103913466924,1,15,2026-01-09,2026-08-10,4604.6,0.07496787851256334,0.022579180660146633,6.37156787164006,37.66042232212536,5.6942558551053555,0.6773120165347049,-0.402326989319914,20.392572257555607,62.5,0.08858562118267471,0.4666666666666667,0.0030991688404986006,1
size_only+t10_size_plus_impact_wc+reversal_chip_turn_eq,3,size_only|t10_size_plus_impact_wc|reversal_chip_turn_eq,120,2021-09-07,2026-08-10,3919.575,0.11123684136923738,0.0723172167647448,24.854730239883406,29.934762607290967,4.526136106222394,20.32859413366101,0.9946329999230236,26.947686404233128,81.66666666666667,0.426123846767352,0.7,0.033180469522556405,1,15,2026-01-09,2026-08-10,4609.8,0.06652347830929453,0.023292554528719124,9.889166076148436,28.361043709654638,4.288189808899781,5.600976267248655,-0.14121048477878104,20.696864836358653,50.0,0.10187269836541926,0.4666666666666667,0.003162565578676594,1
t10_size_plus_impact_wc+impact_abs_return60+reversal_turn_eq,3,t10_size_plus_impact_wc|impact_abs_return60|reversal_turn_eq,120,2021-09-07,2026-08-10,3919.575,0.11461187378524405,0.07331270436199487,24.551136634359082,30.189751129014862,4.564690370707048,19.986446263652034,1.0224276476117864,24.945567767065636,81.66666666666667,0.45901510450620947,0.7083333333333334,0.03726441169975696,1,15,2026-01-09,2026-08-10,4609.8,0.07595893592808313,0.03237375394916763,10.936844999246686,29.46910366732558,4.455728474499628,6.481116524747059,-0.11663575517691958,19.620038605828682,62.5,0.14411384728572404,0.4666666666666667,0.005108476096418739,1
t10_size_plus_impact_wc+book_to_market_lf_minus_size+reversal_turn_paper_nomcap,3,t10_size_plus_impact_wc|book_to_market_lf_minus_size|reversal_turn_paper_nomcap,120,2021-09-07,2026-08-10,3915.3166666666666,0.11892607328057515,0.06994910430135019,21.883968435775003,28.974157565479025,4.380892623900428,17.503075811874574,0.9909745263746007,23.66752267443435,73.33333333333333,0.42110766545249545,0.6833333333333333,0.034221798738420524,1,15,2026-01-09,2026-08-10,4604.6,0.0824350603751002,0.024988006157796835,9.91625239511621,27.158113903363063,4.106306822188495,5.809945572927715,-0.17252319234047478,20.00723940815783,62.5,0.09457201587522493,0.4666666666666667,0.0036381565912855813,1
t10_size_plus_impact_wc+book_to_market_lf_minus_size+reversal_chip_eq,3,t10_size_plus_impact_wc|book_to_market_lf_minus_size|reversal_chip_eq,120,2021-09-07,2026-08-10,3919.575,0.11794213700289138,0.07225841152351024,23.13225569078492,32.37903973664827,4.895710808181218,18.2365448826037,0.9557336214502846,26.087119650906644,78.33333333333333,0.417507119630899,0.6833333333333333,0.03364848263384654,1,15,2026-01-09,2026-08-10,4609.8,0.0775656821714596,0.021740358921251486,12.014851034507334,32.18613570776333,4.866543719013814,7.148307315493521,-0.09309682685218927,19.88348135458382,62.5,0.08308993427708922,0.4666666666666667,0.003007632802432612,1
t10_size_plus_impact_wc+impact_abs_return60+reversal40,3,t10_size_plus_impact_wc|impact_abs_return60|reversal40,120,2021-09-07,2026-08-10,3919.575,0.11534600166595668,0.07477749479835187,25.111281575771027,36.62971721736087,5.538413243264963,19.57286833250606,0.9781054563436564,27.179379249897394,85.0,0.450042627018849,0.6833333333333333,0.03547225536400958,1,15,2026-01-09,2026-08-10,4609.8,0.08082204264901681,0.03457285634732248,14.722502287679095,36.85955871545948,5.573165277777473,9.149337009901624,-0.004641011809207877,19.26147053701491,75.0,0.14915180683024742,0.4666666666666667,0.005625551723312348,1
size_only+t10_size_plus_impact_wc+impact60,3,size_only|t10_size_plus_impact_wc|impact60,120,2021-09-07,2026-08-10,3919.575,0.09090569530154792,0.06622048157301715,28.052321218747235,17.460395748978215,2.6400118372455057,25.41230938150173,1.1364859640194873,28.690926106444703,80.0,0.39472148945189633,0.6916666666666667,0.02481868175228535,1,15,2026-01-09,2026-08-10,4609.8,0.06307173694480335,0.03189330866158709,13.515304413509622,16.452194425734284,2.487571797171024,11.027732616338598,0.07732641462557174,20.654863577160974,75.0,0.16741066188771883,0.5333333333333333,0.005631403321780064,1
t10_size_plus_impact_wc+book_to_market_lf_minus_size+paper_composite,3,t10_size_plus_impact_wc|book_to_market_lf_minus_size|paper_composite,120,2021-09-07,2026-08-10,3915.3166666666666,0.10073233726226123,0.06227976360943053,21.67917832317723,17.673731207994123,2.6722681586487114,19.006910164528517,1.0358064663918753,25.722408183057745,73.33333333333333,0.36472705786549614,0.675,0.024799371076066112,1,15,2026-01-09,2026-08-10,4604.6,0.0724495423383825,0.021622082237340093,10.888509212112563,16.23688688375034,2.4550172968230513,8.433491915289512,-0.05264762098998269,20.1443527873005,50.0,0.08697507206814593,0.5333333333333333,0.0033606955552986707,1
size_only+t10_size_plus_impact_wc+book_to_market_lf_div_oper_main_profit_ttm,3,size_only|t10_size_plus_impact_wc|book_to_market_lf_div_oper_main_profit_ttm,120,2021-09-07,2026-08-10,3831.15,0.08839744106710276,0.060224228220626515,22.205794531771296,15.705259133500082,2.3746351809852126,19.83115935078608,0.9877695208694465,29.752788301894906,73.33333333333333,0.3715197593539518,0.7083333333333334,0.02326265552320157,1,15,2026-01-09,2026-08-10,4511.133333333333,0.05837751398497562,0.02665062140176872,10.822166639279995,14.580912060672821,2.204633903573731,8.617532735706265,-0.014931877739721657,21.65876536225181,50.0,0.14491042454733338,0.5333333333333333,0.004511738845643045,1
t10_size_plus_impact_aggregate+t10_size_plus_impact+reversal_chip_turn_paper,3,t10_size_plus_impact_aggregate|t10_size_plus_impact|reversal_chip_turn_paper,120,2021-09-07,2026-08-10,3915.3166666666666,0.11669567384711349,0.07330776396347286,24.272069102780968,31.889465586727933,4.821687196713263,19.450381906067705,0.995841013046424,25.262812498858057,78.33333333333333,0.4362068176612094,0.6916666666666667,0.03520821856221186,1,15,2026-01-09,2026-08-10,4604.6,0.07341951393719603,0.024805626876618758,11.879755171202856,31.082084970809287,4.699611247586364,7.180143923616492,-0.09378784544169637,20.02560058640507,62.5,0.10056055971186906,0.4666666666666667,0.0034454501271389756,1
t10_size_plus_impact_aggregate+t10_size_plus_impact+book_to_market_lf_plus_impact,3,t10_size_plus_impact_aggregate|t10_size_plus_impact|book_to_market_lf_plus_impact,120,2021-09-07,2026-08-10,3919.575,0.11374192445597825,0.07337596150437647,25.787710145012777,24.45850628272826,3.698126149948512,22.089583995064267,1.0815196037629486,25.07496450509081,76.66666666666667,0.42578452327617944,0.6916666666666667,0.03349710616436104,1,15,2026-01-09,2026-08-10,4609.8,0.07878869200608049,0.029749595592501003,11.200887031675233,23.085804296797566,3.490573609675792,7.71031342199944,-0.07197017171023734,20.39398566423587,50.0,0.12197119039830075,0.4666666666666667,0.004484643591823136,1
t10_size_plus_impact+t10_size_plus_impact_fscore+t10_nomcap_plus_impact,3,t10_size_plus_impact|t10_size_plus_impact_fscore|t10_nomcap_plus_impact,120,2021-09-07,2026-08-10,3833.0833333333335,0.11721635691619108,0.07264606084361723,24.109577766905453,32.8433779116673,4.965918740244095,19.143659026661357,0.9888257787234419,25.324952854023643,78.33333333333333,0.438810035859315,0.6916666666666667,0.035576368699003685,1,15,2026-01-09,2026-08-10,4513.866666666667,0.07643380364726139,0.027050978216254833,10.91715858745259,31.677556529854538,4.789646547314006,6.127512040138585,-0.1346810234249988,20.48016266988293,62.5,0.1096698747442689,0.4666666666666667,0.003911826647037493,1
t10_size_plus_impact+t10_size_plus_impact_fscore+reversal_turn_paper_nomcap,3,t10_size_plus_impact|t10_size_plus_impact_fscore|reversal_turn_paper_nomcap,120,2021-09-07,2026-08-10,3829.358333333333,0.11876450083829232,0.07055819867428718,23.292645991446292,35.97810802160467,5.439889932866627,17.852756058579665,0.9801619508550593,23.5602328391894,80.0,0.4306534801540713,0.6666666666666666,0.03409756373651447,1,15,2026-01-09,2026-08-10,4510.666666666667,0.08091833395386278,0.027058049801234444,11.7877066465071,35.130425574710216,5.311720346896185,6.475986299610917,-0.13530328419273396,19.84056443296751,62.5,0.1040075621654732,0.4666666666666667,0.0039275220362153555,1
size_only+t10_size_plus_impact+t10_size_plus_impact_fscore,3,size_only|t10_size_plus_impact|t10_size_plus_impact_fscore,120,2021-09-07,2026-08-10,3833.0833333333335,0.10893176560967986,0.07228938934133361,27.72045873388358,27.360110840216624,4.136848759040753,23.583609974842826,1.0774840435039283,27.483756365141154,80.0,0.41862096810592647,0.7166666666666667,0.03268080351019197,1,15,2026-01-09,2026-08-10,4513.866666666667,0.07136203059985399,0.028228657553339764,12.231691370745345,25.71444264834278,3.888023728429428,8.343667642315918,-0.028203734866610906,20.99106971177641,50.0,0.12549963291199753,0.5333333333333333,0.004776484610206086,1
t10_size_plus_impact_downside+t10_size_plus_impact+reversal_chip_turn_size_eq,3,t10_size_plus_impact_downside|t10_size_plus_impact|reversal_chip_turn_size_eq,120,2021-09-07,2026-08-10,3923.15,0.11396123943150721,0.07314138924115866,24.40279676128787,31.506249282239207,4.763744891474568,19.6390518698133,0.9883141712885524,26.73812166129357,78.33333333333333,0.43536982007017305,0.7,0.034730699014388446,1,15,2026-01-09,2026-08-10,4613.8,0.07067696140704037,0.025522056273952307,10.254401856800877,30.085308858078008,4.548898699341395,5.705503157459481,-0.146348909300888,20.562271660358043,50.0,0.10792034274299703,0.4666666666666667,0.0035594915529046397,1
t10_size_plus_impact_downside+t10_size_plus_impact+book_to_market_lf_minus_size,3,t10_size_plus_impact_downside|t10_size_plus_impact|book_to_market_lf_minus_size,120,2021-09-07,2026-08-10,3919.575,0.11338289100838234,0.07349892005314611,26.52415045214682,25.722263134275607,3.889206185902472,22.63494426624435,1.0768210332284758,26.401732765910236,78.33333333333333,0.4174774959236745,0.6916666666666667,0.032739907081313406,1,15,2026-01-09,2026-08-10,4609.8,0.07683516349605653,0.02798197005875784,12.50107210717032,24.746354904407987,3.741648861546487,8.759423245623832,-0.021391197931274072,20.411885609145674,50.0,0.11447991943825755,0.4666666666666667,0.004104838885958487,1
t10_size_plus_impact_g13+t10_size_plus_impact+reversal_turn_paper,3,t10_size_plus_impact_g13|t10_size_plus_impact|reversal_turn_paper,120,2021-09-07,2026-08-10,3915.3166666666666,0.117897024799337,0.07380865030992863,24.493740567767098,32.753191059797146,4.952282488241329,19.541458079525768,1.0046790896424964,25.32639159870701,78.33333333333333,0.44319156733909604,0.6833333333333333,0.035704827590380205,1,15,2026-01-09,2026-08-10,4604.6,0.07719795548249447,0.028371082625150573,11.198723566937641,32.1250647629396,4.857309792156468,6.341413774781173,-0.12638849868184493,20.036840576051386,62.5,0.11617284603033784,0.4666666666666667,0.004185209558191529,1
t10_size_plus_impact_g13+t10_size_plus_impact+impact60,3,t10_size_plus_impact_g13|t10_size_plus_impact|impact60,120,2021-09-07,2026-08-10,3923.15,0.10587468864964059,0.07214501228988489,27.860594880011114,24.178842096744468,3.6558409250277633,24.20475395498335,1.1169773942288221,25.685270571608854,80.0,0.4379369947134025,0.6916666666666667,0.03207012304971321,1,15,2026-01-09,2026-08-10,4613.8,0.07132706601619307,0.03256423218026632,14.169477647700857,23.212430126253246,3.5097194350894902,10.659758212611367,0.053356832119516355,19.294728485184688,75.0,0.15268513686547147,0.5333333333333333,0.005808310846343977,1
t10_size_plus_impact+t10_size_plus_impact_dd120+t10_nomcap_plus_impact,3,t10_size_plus_impact|t10_size_plus_impact_dd120|t10_nomcap_plus_impact,120,2021-09-07,2026-08-10,3923.15,0.11278947309389346,0.07195923927832,23.8844025386026,32.846584558532,4.9664035852500374,18.917998953352562,0.9695350122378275,25.315664452273033,76.66666666666667,0.4330259625289394,0.6833333333333333,0.03337452626890367,1,15,2026-01-09,2026-08-10,4613.8,0.06913744407807981,0.023972165714376284,10.17104578528717,31.614087572075704,4.780050040897846,5.390995744389323,-0.1617840876982794,20.35883629986187,62.5,0.10022221108692903,0.4666666666666667,0.0032335835067218975,1
t10_size_plus_impact+t10_nomcap_plus_impact+reversal40,3,t10_size_plus_impact|t10_nomcap_plus_impact|reversal40,120,2021-09-07,2026-08-10,3923.15,0.11263504686581091,0.07003313660739147,22.16953366725576,43.0072816563009,6.5027009864326955,15.666832680823061,0.8695163497004178,26.1866255808884,71.66666666666667,0.42957330862850523,0.6416666666666667,0.031047047922706936,1,15,2026-01-09,2026-08-10,4613.8,0.07825273883953114,0.029443656845607954,10.497614168415703,43.478302093156316,6.573919276485235,3.9236948919304684,-0.21429365914265322,19.904632219080355,50.0,0.12143698964734977,0.4666666666666667,0.004434629283622023,1
t10_size_plus_impact+t10_size_plus_impact_dd120+t10_size_plus_wc_mcap,3,t10_size_plus_impact|t10_size_plus_impact_dd120|t10_size_plus_wc_mcap,120,2021-09-07,2026-08-10,3919.575,0.11285656786341439,0.07177621597406088,24.453650332029287,32.53569246019401,4.919396699981333,19.534253632047953,0.9775569060434172,26.099448715075912,80.0,0.43062396494431504,0.6833333333333333,0.03320914086095629,1,15,2026-01-09,2026-08-10,4609.8,0.06745198858297723,0.02202766465149141,10.392454777309368,31.761442223418072,4.802330064180812,5.590124713128556,-0.15395604601623042,20.064087429280917,62.5,0.09279770297352041,0.4666666666666667,0.002921048480698325,1
t10_size_plus_impact+t10_size_plus_wc_mcap+reversal40,3,t10_size_plus_impact|t10_size_plus_wc_mcap|reversal40,120,2021-09-07,2026-08-10,3919.575,0.1126885231089502,0.06980367339095261,22.441015035722913,42.86207757394632,6.480746129180684,15.960268906542227,0.8719948371902659,26.53866383488259,75.0,0.42852269749746497,0.6666666666666666,0.032193059933101835,1,15,2026-01-09,2026-08-10,4609.8,0.07644843125706996,0.027334407337385864,8.512393081159509,42.533754853819566,6.431103733897518,2.08128934726199,-0.2820061422915042,20.884981772260215,50.0,0.11373228351683609,0.4666666666666667,0.004057505507135003,1
t10_size_plus_impact+t10_size_plus_impact_dd120+reversal_turn_paper,3,t10_size_plus_impact|t10_size_plus_impact_dd120|reversal_turn_paper,120,2021-09-07,2026-08-10,3915.3166666666666,0.11604381556273265,0.07247513828850938,23.784729268354134,35.07209405455151,5.30290062104819,18.481828647305942,0.9666526890157259,24.944681700077698,75.0,0.4363100056746596,0.675,0.0341759775330124,1,15,2026-01-09,2026-08-10,4604.6,0.07437148223364692,0.025673880846317835,10.578662503711133,34.19346349224862,5.17005168002799,5.408610823683143,-0.1668073139899067,20.148769758660514,62.5,0.10412579116603682,0.4666666666666667,0.003613861732959024,1
t10_size_plus_impact+t10_size_plus_impact_dd120+impact60,3,t10_size_plus_impact|t10_size_plus_impact_dd120|impact60,120,2021-09-07,2026-08-10,3923.15,0.10869881738676913,0.0732904695359488,26.945227589042563,26.788315220577047,4.05039326135125,22.894834327691317,1.0750861489898071,25.798245609090365,80.0,0.43993725224310537,0.7,0.03347446133024721,1,15,2026-01-09,2026-08-10,4613.8,0.07016197578467158,0.03002156595055452,13.558203218968579,26.07050203440597,3.9418599076021827,9.616343311366396,0.012738833382337647,19.31771653605371,75.0,0.1358179025518968,0.5333333333333333,0.005082267941317903,1
t10_size_plus_impact+reversal_chip_turn_size_eq+reversal_turn_paper,3,t10_size_plus_impact|reversal_chip_turn_size_eq|reversal_turn_paper,120,2021-09-07,2026-08-10,3915.3166666666666,0.11614914623942237,0.07129750391659571,22.703391858826127,35.96698090493194,5.438207512825708,17.265184346000417,0.9386299297824687,25.57425072652981,76.66666666666667,0.4340035590781319,0.675,0.034026171424962115,1,15,2026-01-09,2026-08-10,4604.6,0.07526207054231407,0.025408377423696175,9.917580584558062,34.88566058346467,5.274711880219858,4.642868704338203,-0.20393851888088013,20.35179673285229,62.5,0.10266437101355218,0.4666666666666667,0.0036058087955886586,1
t10_size_plus_impact+book_to_market_lf_minus_size+reversal_turn_paper,3,t10_size_plus_impact|book_to_market_lf_minus_size|reversal_turn_paper,120,2021-09-07,2026-08-10,3915.3166666666666,0.11812617177505885,0.0722459685123428,24.133504344656952,29.601072543888172,4.475682168635892,19.65782217602106,1.02913627760242,25.198615011428572,76.66666666666667,0.4202192543274634,0.6916666666666667,0.03433356684207888,1,15,2026-01-09,2026-08-10,4604.6,0.08196976454789094,0.027400631005539963,12.777844429284801,28.066916277714927,4.243717741190497,8.534126688094304,-0.04333166753459266,20.087344312333045,62.5,0.10605452365941122,0.4666666666666667,0.004056856689013645,1
t10_size_plus_impact+reversal_chip_turn_paper+reversal_turn_paper_nomcap,3,t10_size_plus_impact|reversal_chip_turn_paper|reversal_turn_paper_nomcap,120,2021-09-07,2026-08-10,3915.3166666666666,0.11480476555031434,0.06685278367204743,19.924531253001774,37.154225526384266,5.617718899589301,14.306812353412473,0.8923298037237928,23.49031637449692,70.0,0.4147416311425004,0.6583333333333333,0.03134609118711922,1,15,2026-01-09,2026-08-10,4604.6,0.07699139016947878,0.022861300070442174,10.801972412142813,36.45793941212527,5.51244043911334,5.289531973029473,-0.2008143384727564,19.621162371474032,62.5,0.08719468913038265,0.4666666666666667,0.0031328454880537276,1
size_only+t10_size_plus_impact+reversal_chip_turn_paper,3,size_only|t10_size_plus_impact|reversal_chip_turn_paper,120,2021-09-07,2026-08-10,3915.3166666666666,0.11101097427382906,0.07267695154940658,26.18466275568756,29.057970451332256,4.393565132241437,21.791097623446124,1.034768055887063,26.628142428769586,80.0,0.41811450775949255,0.7083333333333334,0.032877503362285974,1,15,2026-01-09,2026-08-10,4604.6,0.06790747615271993,0.023778252480617955,11.850780350148849,27.711748919377634,4.190016436609898,7.660763913538951,-0.06193837791282721,20.752050271725153,50.0,0.10171618996792389,0.4666666666666667,0.00322340188080975,1
t10_size_plus_impact+reversal_chip_turn_size_eq+book_to_market_lf_plus_impact,3,t10_size_plus_impact|reversal_chip_turn_size_eq|book_to_market_lf_plus_impact,120,2021-09-07,2026-08-10,3919.575,0.11820029311233887,0.07396104126590089,24.952957964300815,28.237149565075814,4.269457014239463,20.68350095006135,1.0392376868603177,24.579642073147433,73.33333333333333,0.426606285938312,0.6833333333333333,0.0344570751616744,1,15,2026-01-09,2026-08-10,4609.8,0.07895913326716325,0.0264977841175416,11.487684412261823,26.65265208660239,4.029880995494282,7.4578034167675415,-0.08363544475947912,20.251268246442457,62.5,0.10419399037311348,0.4666666666666667,0.0038392980133704897,1
t10_size_plus_impact+reversal_chip_turn_eq+reversal_chip_eq,3,t10_size_plus_impact|reversal_chip_turn_eq|reversal_chip_eq,120,2021-09-07,2026-08-10,3923.15,0.10668947251886426,0.06497270579568212,19.008484226249035,39.623851292502245,5.99112631542634,13.017357910822694,0.8003588055990284,26.739336245738844,68.33333333333333,0.39905800659816104,0.6333333333333333,0.02696434921131193,1,15,2026-01-09,2026-08-10,4613.8,0.0668658706601323,0.01909573160582061,6.884487706479881,39.303911066678374,5.9427513532817695,0.941736353198111,-0.35826815756336106,20.619879508382468,50.0,0.07719046613348306,0.4666666666666667,0.0024086569381825073,1
t10_size_plus_impact+book_to_market_lf_div_oper_main_profit_ttm+reversal_chip_turn_eq,3,t10_size_plus_impact|book_to_market_lf_div_oper_main_profit_ttm|reversal_chip_turn_eq,120,2021-09-07,2026-08-10,3831.15,0.11024842477709787,0.06594285509186412,21.981478188226756,27.759221131771355,4.1971942351238285,17.784283953102925,0.937353944434901,27.350155397907695,83.33333333333334,0.4278970803921415,0.6583333333333333,0.031056861227635603,1,15,2026-01-09,2026-08-10,4511.133333333333,0.06865305986289352,0.022958979062746663,9.124330300682736,26.385147286230392,3.9894342696780356,5.134896031004701,-0.17143257944537962,19.961783194906644,62.5,0.10209852301613541,0.4666666666666667,0.0032710421391852194,1
t10_size_plus_impact+paper_composite+reversal_turn_eq,3,t10_size_plus_impact|paper_composite|reversal_turn_eq,120,2021-09-07,2026-08-10,3915.3166666666666,0.11759398081415175,0.07035023067810367,22.103774210409235,33.282681938623085,5.03234150911981,17.071432701289424,0.9647670770782375,24.331537114722536,76.66666666666667,0.4257688300188144,0.6666666666666666,0.03337856775233086,1,15,2026-01-09,2026-08-10,4604.6,0.07982490079198502,0.025820786352599382,11.672298662365888,32.761211683728,4.953495206579673,6.718803455786215,-0.12554618385428903,19.74549033924553,62.5,0.09985458367985069,0.4666666666666667,0.003719745043405556,1
t10_size_plus_impact+impact_abs_return60+reversal_turn_paper_nomcap,3,t10_size_plus_impact|impact_abs_return60|reversal_turn_paper_nomcap,120,2021-09-07,2026-08-10,3915.3166666666666,0.11629756217677886,0.07294204616952102,24.67007548172928,29.59041599623188,4.47407089863026,20.19600458309902,1.0435087721503689,23.624153968426555,83.33333333333334,0.44307427727994364,0.6833333333333333,0.035211113179112,1,15,2026-01-09,2026-08-10,4604.6,0.07812100954089253,0.02991625375493951,11.453196496126361,28.487840907233863,4.307361545173761,7.145834950952601,-0.09882156849864503,19.945967436223366,62.5,0.12342550080979603,0.4666666666666667,0.004499658205630706,1
t10_size_plus_impact+impact_abs_return60+reversal_chip_eq,3,t10_size_plus_impact|impact_abs_return60|reversal_chip_eq,120,2021-09-07,2026-08-10,3923.15,0.11237362237725997,0.07322996077854654,25.590468950978916,31.48967486485824,4.761238839566566,20.82923011141235,1.0053174409286312,26.71904052040226,81.66666666666667,0.4264335727128106,0.7,0.03354391968831064,1,15,2026-01-09,2026-08-10,4613.8,0.0712530066780319,0.02609615012784904,13.234206670410876,30.829214684237773,4.661377260256751,8.572829410154123,-0.031431501531424884,19.49061752663559,62.5,0.109715534629739,0.4666666666666667,0.0036481954701064285,1
t10_size_plus_impact+paper_composite+reversal40,3,t10_size_plus_impact|paper_composite|reversal40,120,2021-09-07,2026-08-10,3915.3166666666666,0.11657674106787509,0.070634875969214,23.655613142303423,39.68644090274191,6.000589864494577,17.655023277808844,0.9501824634314587,25.548029218699952,73.33333333333333,0.4162313882776466,0.6666666666666666,0.03234859918371026,1,15,2026-01-09,2026-08-10,4604.6,0.08409931323188005,0.027721965031683827,14.915193944881388,39.319333861921045,5.9450832799224615,8.970110664958927,-0.024068987051976465,18.743370454302553,62.5,0.1056618806126361,0.4666666666666667,0.004146842744012079,1
t10_size_plus_impact+impact60+book_to_market_lf_div_oper_main_profit_ttm,3,t10_size_plus_impact|impact60|book_to_market_lf_div_oper_main_profit_ttm,120,2021-09-07,2026-08-10,3831.15,0.09751159894343354,0.06465139571261012,23.6132252694917,16.574900794186703,2.50612500008103,21.10710026941067,1.0330273656254108,28.177030657381884,78.33333333333333,0.41811916430427903,0.6916666666666667,0.02820026554664003,1,15,2026-01-09,2026-08-10,4511.133333333333,0.06906127330436042,0.03356483075493653,13.50314963243273,14.715358340493639,2.2249621810826383,11.278187451350094,0.07989348098223963,20.95084770712694,62.5,0.1778879260645759,0.5333333333333333,0.006552088895728819,1
size_only+t10_size_plus_impact+book_to_market_lf_minus_size,3,size_only|t10_size_plus_impact|book_to_market_lf_minus_size,120,2021-09-07,2026-08-10,3919.575,0.09519562012376598,0.06631667703066027,26.494734683575615,19.910313245886524,3.0104393627780426,23.484295320797575,1.0887637412737783,28.76949976927555,76.66666666666667,0.3702436263558445,0.7,0.024671900125471564,1,15,2026-01-09,2026-08-10,4609.8,0.06674161576776512,0.02729809314346372,11.988521434506705,18.053414867800406,2.729676328011422,9.258845106495283,0.006671787292490254,20.98103385514778,62.5,0.12392874985745893,0.5333333333333333,0.004411309336301866,1
t10_size_plus_impact_aggregate+t10_size_plus_impact_downside+t10_size_plus_impact_fscore,3,t10_size_plus_impact_aggregate|t10_size_plus_impact_downside|t10_size_plus_impact_fscore,120,2021-09-07,2026-08-10,3833.0833333333335,0.11660774123627173,0.07438474608197711,25.99864143456574,29.22028341028946,4.418106851635766,21.58053458292997,1.0487235291284276,25.430175956478184,78.33333333333333,0.4431847775119275,0.7,0.03617514309917585,1,15,2026-01-09,2026-08-10,4513.866666666667,0.07762904686329408,0.030062827724202844,12.680242208200065,28.26258149375856,4.273302321856294,8.406939886343771,-0.03607226589364941,20.38694120791733,62.5,0.1259795587622482,0.4666666666666667,0.0045638474331201155,1
t10_size_plus_impact_aggregate+t10_size_plus_impact_fscore+reversal_chip_turn_eq,3,t10_size_plus_impact_aggregate|t10_size_plus_impact_fscore|reversal_chip_turn_eq,120,2021-09-07,2026-08-10,3833.0833333333335,0.11652894750137098,0.07175884532024858,22.967692152136678,33.76831224659096,5.105768811684553,17.861923340452122,0.9529180617103413,25.201505744237597,78.33333333333333,0.4349590805148141,0.675,0.034212593604524874,1,15,2026-01-09,2026-08-10,4513.866666666667,0.0754752156317247,0.0259982851279434,9.523209722631043,32.50346586481918,4.914524038760659,4.608685683870384,-0.19987947066538186,20.50227696990542,62.5,0.10452881979145637,0.4666666666666667,0.003681689766295269,1
t10_size_plus_impact_aggregate+t10_size_plus_impact_fscore+impact_abs_return60,3,t10_size_plus_impact_aggregate|t10_size_plus_impact_fscore|impact_abs_return60,120,2021-09-07,2026-08-10,3833.0833333333335,0.1084380881428126,0.07204368894187689,27.806600568316963,24.59283111493041,3.718436064577478,24.088164503739485,1.121625111801215,25.45454377478543,78.33333333333333,0.4322245663792734,0.7083333333333334,0.03319930398545493,1,15,2026-01-09,2026-08-10,4513.866666666667,0.07543061927287457,0.03236446103607817,13.1740304340631,23.14650139806195,3.4997510113869668,9.674279422676133,0.01384996253013941,20.025787766931135,62.5,0.14601860414254283,0.5333333333333333,0.0058742793257774584,1
t10_size_plus_impact_aggregate+t10_size_plus_impact_downside+reversal_turn_paper,3,t10_size_plus_impact_aggregate|t10_size_plus_impact_downside|reversal_turn_paper,120,2021-09-07,2026-08-10,3915.3166666666666,0.11793406878205356,0.074380793019305,25.103574995550293,31.649168869668635,4.785354333093897,20.318220662456397,1.027821744870591,25.277625834595273,81.66666666666667,0.44709451917445425,0.675,0.0355911811490695,1,15,2026-01-09,2026-08-10,4604.6,0.07836007648247362,0.02999772816610963,12.18377435861453,31.139702849554585,4.708323070852654,7.475451287761876,-0.07901341029792834,19.95448250680918,62.5,0.12362668540990529,0.4666666666666667,0.004520785044530945,1
t10_size_plus_impact_aggregate+t10_size_plus_impact_downside+impact60,3,t10_size_plus_impact_aggregate|t10_size_plus_impact_downside|impact60,120,2021-09-07,2026-08-10,3923.15,0.10338526149668308,0.07121954079057928,28.47719462104694,23.03224957037611,3.4824761350408675,24.99471848600607,1.1447245363506104,25.33026782635359,80.0,0.4385103411055566,0.6833333333333333,0.03097926262753507,1,15,2026-01-09,2026-08-10,4613.8,0.07143304504675323,0.03394670716220126,13.772243195956014,21.668428490418908,3.276266387751339,10.495976808204674,0.04746042020235539,19.370996014594787,75.0,0.1624116917342705,0.5333333333333333,0.0061874995689458895,1
t10_size_plus_impact_aggregate+t10_size_plus_impact_g13+t10_size_plus_wc_mcap,3,t10_size_plus_impact_aggregate|t10_size_plus_impact_g13|t10_size_plus_wc_mcap,120,2021-09-07,2026-08-10,3919.575,0.11457146884719643,0.07368452147095216,24.940481479412433,29.322654360799337,4.43358533935286,20.506896140059574,1.0141188865175819,26.003034773502122,80.0,0.440662723854778,0.7,0.0353411628767739,1,15,2026-01-09,2026-08-10,4609.8,0.07100749188956698,0.02606823412651373,9.55501490312134,28.17309479421687,4.259771932885591,5.295242970235749,-0.1624141539939554,20.57382391785817,62.5,0.11221967681643527,0.4666666666666667,0.0037186043026499996,1
t10_size_plus_impact_aggregate+t10_size_plus_impact_g13+reversal_chip_eq,3,t10_size_plus_impact_aggregate|t10_size_plus_impact_g13|reversal_chip_eq,120,2021-09-07,2026-08-10,3923.15,0.11424791378015074,0.07316442378227703,24.371636281214105,33.75243390581684,5.1033680065595055,19.2682682746546,0.9664081963344253,26.57691079455543,76.66666666666667,0.4296200220290877,0.675,0.033131154083628836,1,15,2026-01-09,2026-08-10,4613.8,0.07179661446669705,0.02473726635678825,11.504473630552447,33.603352312497144,5.0808268696495675,6.423646760902879,-0.1178821596804549,19.78845787180252,62.5,0.10131801109586795,0.4666666666666667,0.0033946687512185305,1
t10_size_plus_impact_aggregate+t10_size_plus_impact_g13+book_to_market_lf_div_oper_main_profit_ttm,3,t10_size_plus_impact_aggregate|t10_size_plus_impact_g13|book_to_market_lf_div_oper_main_profit_ttm,120,2021-09-07,2026-08-10,3831.15,0.10628453344295943,0.06817255767987239,24.43764858498867,21.051329790174293,3.1829610642743535,21.254687520714317,1.0276976903358799,27.986203660505815,78.33333333333333,0.4222046266339862,0.7166666666666667,0.032159572260797346,1,15,2026-01-09,2026-08-10,4511.133333333333,0.0698527764473596,0.029215155701833195,12.00069135662808,19.90453807402924,3.009566156793221,8.991125199834858,-0.007057316739785148,20.53394416956824,62.5,0.14017775600371657,0.5333333333333333,0.005222296241610738,1
t10_size_plus_impact_aggregate+t10_nomcap_plus_impact+reversal_turn_paper_nomcap,3,t10_size_plus_impact_aggregate|t10_nomcap_plus_impact|reversal_turn_paper_nomcap,120,2021-09-07,2026-08-10,3915.3166666666666,0.11706377427407716,0.07049911257409626,21.637388291026085,35.44168011094478,5.35878203277485,16.278606258251234,0.9341040335402473,23.752016920553352,76.66666666666667,0.43655848957915305,0.6666666666666666,0.034070122987684026,1,15,2026-01-09,2026-08-10,4604.6,0.07866872572817869,0.02690624890920786,9.766258182066444,34.73652550871054,5.252162656917034,4.514095525149411,-0.221088509763267,19.72329237515107,62.5,0.10570470709309378,0.4666666666666667,0.0038806388182258946,1
size_only+t10_size_plus_impact_aggregate+t10_nomcap_plus_impact,3,size_only|t10_size_plus_impact_aggregate|t10_nomcap_plus_impact,120,2021-09-07,2026-08-10,3923.15,0.10731072058153264,0.07265282500734623,27.382854079109187,26.554302382765897,4.0150105202742035,23.367843558834984,1.070159691181335,27.542948219566888,83.33333333333334,0.4219522037477777,0.7083333333333334,0.03207332981655729,1,15,2026-01-09,2026-08-10,4613.8,0.06730634864120963,0.02771585417370254,11.920850371617098,25.101811828025667,3.7953939483974812,8.125456423219617,-0.036993294032292616,20.681216005558134,62.5,0.12597146670294562,0.5333333333333333,0.004521962376934928,1
t10_size_plus_impact_aggregate+t10_size_plus_wc_mcap+reversal_turn_paper_nomcap,3,t10_size_plus_impact_aggregate|t10_size_plus_wc_mcap|reversal_turn_paper_nomcap,120,2021-09-07,2026-08-10,3915.3166666666666,0.11770466007447421,0.07055567100327813,22.073938467788157,34.8139612531771,5.263870941480377,16.81006752630778,0.9470700087871592,23.869151544317003,78.33333333333333,0.43941976442785236,0.675,0.03491218395134048,1,15,2026-01-09,2026-08-10,4604.6,0.0770905664904065,0.025004680631741757,10.35596255917428,33.52436995369717,5.068884736999012,5.287077822175269,-0.18555187437814213,19.77310482204594,62.5,0.09926878817009947,0.4666666666666667,0.003571253986929595,1
size_only+t10_size_plus_impact_aggregate+t10_size_plus_wc_mcap,3,size_only|t10_size_plus_impact_aggregate|t10_size_plus_wc_mcap,120,2021-09-07,2026-08-10,3919.575,0.10507659418475448,0.07126446716819208,26.037757084117796,25.96849345005156,3.9264362096477954,22.11132087447,1.0414800505544337,27.829117860965514,81.66666666666667,0.4132077351524981,0.7,0.030392923050434385,1,15,2026-01-09,2026-08-10,4609.8,0.06466060571736554,0.0255343545055661,11.049790813674687,25.082141360606418,3.79241977372369,7.257371039950996,-0.07221492088298004,20.367690529698436,75.0,0.1178955883559309,0.4666666666666667,0.003557493405433184,1
t10_size_plus_impact_aggregate+t10_size_plus_impact_dd120+reversal_chip_eq,3,t10_size_plus_impact_aggregate|t10_size_plus_impact_dd120|reversal_chip_eq,120,2021-09-07,2026-08-10,3923.15,0.11092680380806914,0.07087223018577617,22.859150289060647,35.38195228719253,5.349751185823512,17.509399103237136,0.914953466813512,25.880858760632897,76.66666666666667,0.4185774007465433,0.6416666666666667,0.029793515810457985,1,15,2026-01-09,2026-08-10,4613.8,0.06790717942726229,0.021603550446197065,9.910038038801927,35.32384392856717,5.3409652019993565,4.569072836802571,-0.19346080157758172,20.02278427308776,62.5,0.08813833486165616,0.4666666666666667,0.002793105335939619,1
t10_size_plus_impact_aggregate+t10_size_plus_impact_dd120+book_to_market_lf_div_oper_main_profit_ttm,3,t10_size_plus_impact_aggregate|t10_size_plus_impact_dd120|book_to_market_lf_div_oper_main_profit_ttm,120,2021-09-07,2026-08-10,3831.15,0.10800016847116058,0.06843957775349617,23.933355330109784,23.22429880140693,3.511513978772728,20.421841351337054,0.9979527925487885,27.665239240656536,78.33333333333333,0.4238468301886498,0.7083333333333334,0.03242433308865861,1,15,2026-01-09,2026-08-10,4511.133333333333,0.06759505831151304,0.025970568096191714,12.540286622860364,22.204837952304324,3.3573714983884138,9.182915124471949,-0.0006765480654767006,20.12906284956251,62.5,0.1208280204894089,0.4666666666666667,0.0038114426423016,1
t10_size_plus_impact_aggregate+impact60+reversal_turn_paper,3,t10_size_plus_impact_aggregate|impact60|reversal_turn_paper,120,2021-09-07,2026-08-10,3915.3166666666666,0.11340409748984823,0.0737680663597143,25.90597593162711,27.020672931844626,4.0855257472949065,21.820450184332206,1.0842728224692566,24.826459074510097,78.33333333333333,0.45267473391839913,0.7,0.035934618759531266,1,15,2026-01-09,2026-08-10,4604.6,0.07896494652845305,0.03453905131756827,13.708045888265929,26.005051216361714,3.931963743913891,9.776082144352038,0.01688139767703403,19.531479257357386,62.5,0.15142219435735138,0.5333333333333333,0.0063770909230129475,1
t10_size_plus_impact_aggregate+reversal_chip_turn_paper+reversal_chip_turn_eq,3,t10_size_plus_impact_aggregate|reversal_chip_turn_paper|reversal_chip_turn_eq,120,2021-09-07,2026-08-10,3915.3166666666666,0.11387842218621494,0.06925170739779998,21.30623082651857,35.65780521759781,5.391460148900788,15.91477067761778,0.9051417019363578,25.082055802845694,73.33333333333333,0.42282840033316016,0.6583333333333333,0.03169942879792883,1,15,2026-01-09,2026-08-10,4604.6,0.07173683398879119,0.021809352874824085,8.588489746847083,34.6620722136903,5.240905318709974,3.3475844281371097,-0.2612070342513128,20.43604793072895,62.5,0.08648177624154316,0.4666666666666667,0.0028951667851378382,1
t10_size_plus_impact_aggregate+impact_abs_return60+reversal_chip_turn_paper,3,t10_size_plus_impact_aggregate|impact_abs_return60|reversal_chip_turn_paper,120,2021-09-07,2026-08-10,3915.3166666666666,0.11166009905167834,0.07308780909400497,26.656592383451773,26.50265190055577,4.0072009673640325,22.649391416087738,1.0874531725203787,24.817552588492266,80.0,0.43180839029239365,0.6916666666666667,0.03334923927838117,1,15,2026-01-09,2026-08-10,4604.6,0.07236477645870162,0.02820468900350732,11.715554766247237,25.01806274464984,3.7827310869910558,7.932823679256182,-0.058850497018281885,20.182664684736473,62.5,0.12150345656870375,0.5333333333333333,0.0046893709192286975,1
t10_size_plus_impact_aggregate+reversal_chip_turn_size_eq+reversal40,3,t10_size_plus_impact_aggregate|reversal_chip_turn_size_eq|reversal40,120,2021-09-07,2026-08-10,3923.15,0.11315570933806189,0.07133489030705874,23.201432945172208,42.153373664635936,6.373590098092954,16.827842847079253,0.8930722148294872,27.529754167055685,73.33333333333333,0.4313414948968675,0.6583333333333333,0.032132428941146735,1,15,2026-01-09,2026-08-10,4613.8,0.07733159928537092,0.029143198553786533,11.639461741709567,42.59589130338097,6.440498765071203,5.198962976638365,-0.1616635268983295,20.013770843974743,50.0,0.1209288806352211,0.4666666666666667,0.004364091078345306,1
t10_size_plus_impact_aggregate+reversal_chip_turn_eq+reversal_turn_eq,3,t10_size_plus_impact_aggregate|reversal_chip_turn_eq|reversal_turn_eq,120,2021-09-07,2026-08-10,3923.15,0.11034703983163456,0.06703656830404386,21.11298127611414,39.398281573250685,5.957020173875504,15.155961102238635,0.8789811180252747,25.86415471281075,70.0,0.4284804789812644,0.625,0.029550970300764652,1,15,2026-01-09,2026-08-10,4613.8,0.07310577929554413,0.026567691515352373,6.228684714336374,37.9774493873174,5.74219034736239,0.4864943669739836,-0.38130721349693575,20.508297776407368,50.0,0.11180045374119006,0.4666666666666667,0.003814187671627728,1
t10_size_plus_impact_aggregate+paper_composite+reversal_chip_turn_eq,3,t10_size_plus_impact_aggregate|paper_composite|reversal_chip_turn_eq,120,2021-09-07,2026-08-10,3915.3166666666666,0.11665665100561391,0.07082952505561656,23.624093795254186,29.80638899544133,4.506726016110729,19.117367779143457,1.0151349877780418,23.6943297765432,76.66666666666667,0.4152385271058414,0.6916666666666667,0.03350456569229764,1,15,2026-01-09,2026-08-10,4604.6,0.0754369092447258,0.021448881808476077,11.002754673571957,28.908993411131785,4.371039803763126,6.631714869808832,-0.1347629920733476,19.92534136233174,50.0,0.08159627739960636,0.4666666666666667,0.002872506454020736,1
t10_size_plus_impact_aggregate+book_to_market_lf_minus_size+reversal_turn_eq,3,t10_size_plus_impact_aggregate|book_to_market_lf_minus_size|reversal_turn_eq,120,2021-09-07,2026-08-10,3919.575,0.12027867974666284,0.07459612886829824,24.861976461479387,31.599013048822417,4.777770772981949,20.084205688497438,1.0262041668635538,25.573737496034145,83.33333333333334,0.44073567549697334,0.6916666666666667,0.036666014406503786,1,15,2026-01-09,2026-08-10,4609.8,0.08353356513866715,0.030826310929909572,11.304903429742497,30.449420048067516,4.6039523112678085,6.700951118474688,-0.11185632582437471,20.520078538585608,62.5,0.12237575108187564,0.4666666666666667,0.004770491961382549,1
t10_size_plus_impact_aggregate+book_to_market_lf_plus_impact+reversal_turn_paper_nomcap,3,t10_size_plus_impact_aggregate|book_to_market_lf_plus_impact|reversal_turn_paper_nomcap,120,2021-09-07,2026-08-10,3915.3166666666666,0.11807801480452965,0.07043507635317899,22.04098615494676,27.079974141363166,4.094492090174111,17.94649406477265,1.0161564336800355,22.392368728697708,75.0,0.41827522042100174,0.6916666666666667,0.0341607994712236,1,15,2026-01-09,2026-08-10,4604.6,0.08524104842055559,0.028744277845900213,10.673293048820721,25.146506763178394,3.8021518225925734,6.871141226228147,-0.1313067588955734,19.59184988474185,62.5,0.10837071566093154,0.4,0.0036950533684094906,1
t10_size_plus_impact_aggregate+book_to_market_lf_plus_impact+reversal_chip_eq,3,t10_size_plus_impact_aggregate|book_to_market_lf_plus_impact|reversal_chip_eq,120,2021-09-07,2026-08-10,3919.575,0.11860605939386158,0.07364668682051781,24.618211154906877,30.63474995101637,4.631974192593676,19.986236962313203,1.012843334271874,24.75397401196162,75.0,0.4213456063885122,0.6916666666666667,0.03456544822818879,1,15,2026-01-09,2026-08-10,4609.8,0.08132685237442008,0.02602041585686777,12.85452657310987,29.736391890129187,4.496142453787533,8.358384119322338,-0.04754295053026584,19.688502570800658,62.5,0.09878843283583041,0.4666666666666667,0.003749271070318617,1
t10_size_plus_impact_aggregate+book_to_market_lf_minus_size+reversal40,3,t10_size_plus_impact_aggregate|book_to_market_lf_minus_size|reversal40,120,2021-09-07,2026-08-10,3919.575,0.11940965081829637,0.07493408570211359,25.492465467603086,37.78351946616475,5.712868143284109,19.779597324318978,0.9905545229193297,27.693269630430184,81.66666666666667,0.4307598174073329,0.6916666666666667,0.03557717490668755,1,15,2026-01-09,2026-08-10,4609.8,0.08765552135940839,0.03269074185439849,15.834467386973284,37.89356662533307,5.72950727375036,10.104960113222923,0.027491722332457894,19.464360562968253,62.5,0.1276591261516005,0.4666666666666667,0.005222012720915679,1
t10_size_plus_impact_aggregate+impact60+paper_composite,3,t10_size_plus_impact_aggregate|impact60|paper_composite,120,2021-09-07,2026-08-10,3915.3166666666666,0.09743923815160231,0.06574651972172779,24.988395816289398,17.064174161155098,2.5801031331666504,22.40829268312275,1.1123780678798756,26.11602883462415,73.33333333333333,0.3949473955635275,0.6833333333333333,0.026296971778007584,1,15,2026-01-09,2026-08-10,4604.6,0.07097257173741435,0.0299769620936749,12.74180455023366,15.165734294828184,2.2930590253780214,10.448745524855637,0.03941888123655699,19.267169488230472,50.0,0.13538487598737814,0.5333333333333333,0.0051245935056934075,1
t10_size_plus_impact_aggregate+book_to_market_lf_minus_size+impact_abs_return60,3,t10_size_plus_impact_aggregate|book_to_market_lf_minus_size|impact_abs_return60,120,2021-09-07,2026-08-10,3919.575,0.0949745035102367,0.06625336013045913,27.157926746076466,16.6664360129259,2.519965125154396,24.63796162092207,1.1392995811446573,27.6818679913868,78.33333333333333,0.3817325844694983,0.7,0.02537840387856907,1,15,2026-01-09,2026-08-10,4609.8,0.07044950278758715,0.0312580475365846,13.317655187643219,15.162910527733416,2.292632071793293,11.025023115849924,0.06499676992998606,19.510630268410612,62.5,0.14435830321585524,0.5333333333333333,0.005423984365235597,1
t10_size_plus_impact_aggregate+book_to_market_lf_div_oper_main_profit_ttm+paper_composite,3,t10_size_plus_impact_aggregate|book_to_market_lf_div_oper_main_profit_ttm|paper_composite,120,2021-09-07,2026-08-10,3827.425,0.09670501926659045,0.05956698319794978,20.814166184052098,15.46580214980868,2.338429285051072,18.475736899001024,0.9822759354310096,27.652069247254584,75.0,0.36873823096462277,0.6833333333333333,0.024366872448670925,1,15,2026-01-09,2026-08-10,4507.933333333333,0.06785875135627091,0.02434079887803092,10.490492195561718,14.641067074647953,2.2137293416867707,8.276762853874947,-0.047259533748389974,19.299263374798826,62.5,0.11148107771214422,0.5333333333333333,0.004034648924478672,1
t10_size_plus_impact_downside+t10_size_plus_impact_fscore+reversal_chip_turn_size_eq,3,t10_size_plus_impact_downside|t10_size_plus_impact_fscore|reversal_chip_turn_size_eq,120,2021-09-07,2026-08-10,3833.0833333333335,0.11699663361875044,0.07326712850818433,24.712367584761495,32.06845939788656,4.848751060960448,19.86361652380105,1.0009748832414287,26.012252477935437,78.33333333333333,0.4366054050120445,0.6916666666666667,0.035331275802594216,1,15,2026-01-09,2026-08-10,4513.866666666667,0.07564707411848942,0.02683973975619612,11.433871785908467,30.746159820487524,4.648819364857713,6.785052421050754,-0.10508169022600607,20.532736753180025,62.5,0.10967447375872032,0.4666666666666667,0.0038717247544883785,1
t10_size_plus_impact_downside+t10_size_plus_impact_fscore+book_to_market_lf_minus_size,3,t10_size_plus_impact_downside|t10_size_plus_impact_fscore|book_to_market_lf_minus_size,120,2021-09-07,2026-08-10,3833.0833333333335,0.11637327536540418,0.07341239452556639,26.34060296217886,26.29836807593501,3.9763132530813734,22.364289709097488,1.0817397599823588,26.046392298455523,80.0,0.4175505589873404,0.6916666666666667,0.03360927727450844,1,15,2026-01-09,2026-08-10,4513.866666666667,0.08148524400798478,0.029014883215692965,13.71180857144082,24.475195481661533,3.7006495568272237,10.011159014613597,0.023486979681481262,20.40242775629587,62.5,0.1156182056493465,0.4666666666666667,0.004396549592914437,1
t10_size_plus_impact_g13+t10_size_plus_impact_fscore+reversal_turn_paper,3,t10_size_plus_impact_g13|t10_size_plus_impact_fscore|reversal_turn_paper,120,2021-09-07,2026-08-10,3829.358333333333,0.12016879017889764,0.07337048429631447,24.80998062924218,33.22520457302005,5.023650931440631,19.78632969780155,1.0232235854904326,24.830611018898686,78.33333333333333,0.4400176954942074,0.6833333333333333,0.036132202651977745,1,15,2026-01-09,2026-08-10,4510.666666666667,0.08151173901740073,0.029458049129956247,12.868422308485627,31.897342878547065,4.822878243236316,8.045544065249311,-0.06334332921876766,19.69437997233211,62.5,0.11701398181375615,0.4666666666666667,0.004451072801928558,1
t10_size_plus_impact_g13+t10_size_plus_impact_fscore+impact60,3,t10_size_plus_impact_g13|t10_size_plus_impact_fscore|impact60,120,2021-09-07,2026-08-10,3833.0833333333335,0.11019589125694211,0.07274698506653,27.850972684076257,24.658352743030626,3.7283429347462302,24.122629749330027,1.1269471978953012,25.502838763881087,78.33333333333333,0.44338390473834566,0.7,0.03420135918613758,1,15,2026-01-09,2026-08-10,4513.866666666667,0.07769801113965438,0.034117847514685176,13.945715195461117,23.252419626005114,3.515765847451973,10.429949348009144,0.043656639169742856,19.55497347696823,62.5,0.15412326350049033,0.5333333333333333,0.006386704556981858,1
t10_size_plus_impact_fscore+t10_size_plus_impact_dd120+t10_nomcap_plus_impact,3,t10_size_plus_impact_fscore|t10_size_plus_impact_dd120|t10_nomcap_plus_impact,120,2021-09-07,2026-08-10,3833.0833333333335,0.11552449697191765,0.0719614240144813,23.82155770715213,33.474278325951126,5.06131088288381,18.76024682426832,0.9704375353704503,25.035407849214096,80.0,0.43281745155574336,0.6666666666666666,0.033334012247763056,1,15,2026-01-09,2026-08-10,4513.866666666667,0.07391676431240547,0.025291681258147104,10.720155855794278,32.00208056241463,4.838714581037093,5.881441274757185,-0.14434463452522134,20.1151455329876,62.5,0.1021485623617023,0.4666666666666667,0.0035235625641724675,1
t10_size_plus_impact_fscore+t10_nomcap_plus_impact+reversal40,3,t10_size_plus_impact_fscore|t10_nomcap_plus_impact|reversal40,120,2021-09-07,2026-08-10,3833.0833333333335,0.11389518190527233,0.06920838217942388,22.101081080623363,43.82225224423548,6.625924539328404,15.47515654129496,0.8708733217405709,25.62706163773527,73.33333333333333,0.4247141719707853,0.6333333333333333,0.030636168653761148,1,15,2026-01-09,2026-08-10,4513.866666666667,0.08201626291681433,0.030446225260146946,11.07907882677468,44.16387197383765,6.677577442444253,4.401501384330427,-0.20442017324959313,19.77399581511913,62.5,0.12168273382996854,0.4666666666666667,0.004657316108776537,1
t10_size_plus_impact_fscore+t10_size_plus_impact_dd120+t10_size_plus_wc_mcap,3,t10_size_plus_impact_fscore|t10_size_plus_impact_dd120|t10_size_plus_wc_mcap,120,2021-09-07,2026-08-10,3833.0833333333335,0.11502767441832362,0.07154499247038128,24.02837798955182,33.10551370793462,5.0055536726397145,19.022824316912104,0.9738843883498911,25.529532024928248,81.66666666666667,0.43118552669987953,0.6666666666666666,0.033065512252751415,1,15,2026-01-09,2026-08-10,4513.866666666667,0.07163116521339523,0.023284549938568204,10.203796567421508,31.810559931181988,4.809756661594717,5.394039905826791,-0.1648341469322921,20.333343655435765,62.5,0.0953327467550357,0.4666666666666667,0.003186771342093141,1
t10_size_plus_impact_fscore+t10_size_plus_wc_mcap+reversal40,3,t10_size_plus_impact_fscore|t10_size_plus_wc_mcap|reversal40,120,2021-09-07,2026-08-10,3833.0833333333335,0.1134116439585124,0.06881334479517306,22.66977645791417,43.53693261899761,6.582784211992439,16.08699224592173,0.8845911972307233,26.10508209431117,76.66666666666667,0.42452751221993235,0.65,0.031295135993211994,1,15,2026-01-09,2026-08-10,4513.866666666667,0.07959368633194291,0.028279111810016556,10.141918553249118,43.61225096341508,6.59417234566836,3.5477462075807584,-0.22994732349068442,20.194945094854045,62.5,0.11468497936742003,0.4666666666666667,0.004259826794886028,1
t10_size_plus_impact_fscore+t10_size_plus_impact_dd120+reversal_turn_paper,3,t10_size_plus_impact_fscore|t10_size_plus_impact_dd120|reversal_turn_paper,120,2021-09-07,2026-08-10,3829.358333333333,0.1180905579761546,0.07197629324325201,23.79464454625637,35.4914751955708,5.366311049570305,18.428333496686065,0.9767001669688556,24.386657050631765,76.66666666666667,0.4329132402714393,0.6666666666666666,0.03408197739927957,1,15,2026-01-09,2026-08-10,4510.666666666667,0.07852715018747199,0.026778573303012868,11.979755532540137,34.336913011767386,5.191741247379229,6.7880142851609095,-0.11823219744402691,19.740324157811894,62.5,0.10535902844814606,0.4666666666666667,0.0038609873169250593,1
t10_size_plus_impact_fscore+t10_size_plus_impact_dd120+impact60,3,t10_size_plus_impact_fscore|t10_size_plus_impact_dd120|impact60,120,2021-09-07,2026-08-10,3833.0833333333335,0.11304848994417839,0.0739468170087663,26.75085360288534,27.3205214870707,4.13086284884509,22.61999075404025,1.0769590812780365,25.382921097884893,78.33333333333333,0.44549451631640063,0.7166666666666667,0.03609311234938655,1,15,2026-01-09,2026-08-10,4513.866666666667,0.07659368770905159,0.03162120662886286,13.072029167398725,25.792066642736216,3.899760476381716,9.172268691017008,-0.00479233860385321,19.733533906763213,62.5,0.13773033778700056,0.5333333333333333,0.005626279722943844,1
t10_size_plus_impact_fscore+reversal_chip_turn_size_eq+reversal_turn_paper,3,t10_size_plus_impact_fscore|reversal_chip_turn_size_eq|reversal_turn_paper,120,2021-09-07,2026-08-10,3829.358333333333,0.1177037315549047,0.07059617902668096,22.906340132412684,36.60629077238417,5.534871164784486,17.371468967628196,0.9533678680501974,24.634011245099728,76.66666666666667,0.42924277320770116,0.675,0.034103346400927416,1,15,2026-01-09,2026-08-10,4510.666666666667,0.07893046657125942,0.02642042409171223,11.581235266930022,35.42644078977059,5.356477847413312,6.2247574195167115,-0.14362033108546277,19.879644481137902,62.5,0.1037184690293045,0.4666666666666667,0.0038203886711852047,1
t10_size_plus_impact_fscore+book_to_market_lf_minus_size+reversal_turn_paper,3,t10_size_plus_impact_fscore|book_to_market_lf_minus_size|reversal_turn_paper,120,2021-09-07,2026-08-10,3829.358333333333,0.11934667958435852,0.07131185129020588,23.639372462780162,29.916497003793534,4.523374346973583,19.11599811580658,1.0266841121085717,24.203183236728552,78.33333333333333,0.4145948140764398,0.7,0.03463636010304228,1,15,2026-01-09,2026-08-10,4510.666666666667,0.08491255875861894,0.028101156305626283,12.049660508824955,27.59726169332287,4.172705968030418,7.876954540794537,-0.07851725108822215,20.02849985003219,62.5,0.10653821020224655,0.4666666666666667,0.004221668282456966,1
t10_size_plus_impact_fscore+reversal_chip_turn_paper+reversal_turn_paper_nomcap,3,t10_size_plus_impact_fscore|reversal_chip_turn_paper|reversal_turn_paper_nomcap,120,2021-09-07,2026-08-10,3829.358333333333,0.11508954916514193,0.06560572671709462,19.334445045743486,37.38672622336375,5.6528730049726,13.681572040770886,0.8823811242117549,24.20036061453622,71.66666666666667,0.4050857657577993,0.6583333333333333,0.030692249284901926,1,15,2026-01-09,2026-08-10,4510.666666666667,0.07914366314659589,0.023418505233980442,11.70606019069622,36.44042223008635,5.509791841189056,6.196268349507165,-0.17142322036588326,19.187573112430968,62.5,0.08731925855728115,0.4666666666666667,0.003225024126551719,1
size_only+t10_size_plus_impact_fscore+reversal_chip_turn_paper,3,size_only|t10_size_plus_impact_fscore|reversal_chip_turn_paper,120,2021-09-07,2026-08-10,3829.358333333333,0.11458155386289767,0.07284572898311052,26.545757122719536,29.807295201757967,4.5068630345058045,22.038894088213734,1.0530937149477204,26.258047157117748,80.0,0.42114861816432775,0.7083333333333334,0.0341812363458406,1,15,2026-01-09,2026-08-10,4510.666666666667,0.07347296447285642,0.025170220841297587,12.957593878332318,28.02066732509901,4.23672489955497,8.720868978777348,-0.024875015592765125,20.44981896290211,62.5,0.10418931578659484,0.4666666666666667,0.0035723790187118607,1
t10_size_plus_impact_fscore+reversal_chip_turn_size_eq+book_to_market_lf_plus_impact,3,t10_size_plus_impact_fscore|reversal_chip_turn_size_eq|book_to_market_lf_plus_impact,120,2021-09-07,2026-08-10,3833.0833333333335,0.12049620172364238,0.07359679609525112,25.657258477454615,29.216288280758228,4.417502788050644,21.239755689403967,1.0649946719856482,24.26670019409022,78.33333333333333,0.42379662820188546,0.6916666666666667,0.03532056976778292,1,15,2026-01-09,2026-08-10,4513.866666666667,0.08289655265824707,0.027464831328683027,13.233456130303612,27.453658358988125,4.150993143879004,9.082462986424607,-0.022213087628634345,20.039139709962495,62.5,0.10526852201459619,0.4666666666666667,0.004072318869938113,1
t10_size_plus_impact_fscore+reversal_chip_turn_eq+reversal_chip_eq,3,t10_size_plus_impact_fscore|reversal_chip_turn_eq|reversal_chip_eq,120,2021-09-07,2026-08-10,3833.0833333333335,0.10781121238264087,0.06427266522373082,18.441600100177126,40.411826919087055,6.110268230165962,12.33133187001116,0.7902481736153361,26.877235567323932,70.0,0.3941689754336511,0.6166666666666667,0.026205764993827273,1,15,2026-01-09,2026-08-10,4513.866666666667,0.07003699279354633,0.02004404006863995,7.179778950949645,40.129160411617065,6.0675290542365,1.1122498967131447,-0.35720084766377996,20.515098022272007,62.5,0.07856749666245487,0.4666666666666667,0.002567894558859153,1
t10_size_plus_impact_fscore+book_to_market_lf_div_oper_main_profit_ttm+reversal_chip_turn_eq,3,t10_size_plus_impact_fscore|book_to_market_lf_div_oper_main_profit_ttm|reversal_chip_turn_eq,120,2021-09-07,2026-08-10,3829.9416666666666,0.11122162390167277,0.06590034683823838,21.861210577756406,28.395667953953314,4.293424994637741,17.567785583118667,0.9370797775993076,26.719607095706444,78.33333333333333,0.427793565067352,0.6666666666666666,0.03171993000098453,1,15,2026-01-09,2026-08-10,4509.066666666667,0.07167802172768749,0.024457261392150494,10.295443562251128,27.10627674232768,4.098469043439945,6.196974518811182,-0.13135276650545494,19.62225341206062,37.5,0.10685380030888733,0.4666666666666667,0.0035742322094389893,1
t10_size_plus_impact_fscore+paper_composite+reversal_turn_eq,3,t10_size_plus_impact_fscore|paper_composite|reversal_turn_eq,120,2021-09-07,2026-08-10,3829.358333333333,0.11841399479839812,0.0690787282915987,21.703379100722575,33.31041370532475,5.036534552245102,16.66684454847747,0.9645940903011817,23.79905031381209,80.0,0.41781593559718616,0.6833333333333333,0.03380809025007025,1,15,2026-01-09,2026-08-10,4510.666666666667,0.08276879627204534,0.026449855975009484,11.227095945180821,31.70441258354792,4.7937071826324456,6.433388762548375,-0.1508023004014279,19.590692915525686,62.5,0.10000703152067673,0.4666666666666667,0.003862815421596557,1
t10_size_plus_impact_fscore+impact_abs_return60+reversal_turn_paper_nomcap,3,t10_size_plus_impact_fscore|impact_abs_return60|reversal_turn_paper_nomcap,120,2021-09-07,2026-08-10,3829.358333333333,0.11862267697620979,0.07231723405346842,24.2349555500158,29.85309898582956,4.51378856665743,19.721166983358373,1.046169317124711,23.451076206167944,83.33333333333334,0.43816821411048335,0.6916666666666667,0.035950541512205496,1,15,2026-01-09,2026-08-10,4510.666666666667,0.0827387234788287,0.0310299229192274,10.51803971399159,27.363595925039537,4.137375703865978,6.380664010125611,-0.13858506850838834,19.937661394442397,62.5,0.12422838482223701,0.4666666666666667,0.004796632390680008,1
t10_size_plus_impact_fscore+impact_abs_return60+reversal_chip_eq,3,t10_size_plus_impact_fscore|impact_abs_return60|reversal_chip_eq,120,2021-09-07,2026-08-10,3833.0833333333335,0.11614813376379628,0.07352510025828989,25.56669688546105,32.301730764993415,4.884021691667003,20.682675193794044,1.0115127344612629,25.535036440309334,81.66666666666667,0.42894639478723795,0.6916666666666667,0.03445974857381201,1,15,2026-01-09,2026-08-10,4513.866666666667,0.07712921199818007,0.02749389454530977,11.954529373451805,31.31994568297366,4.735575787265618,7.218953586186188,-0.08109119697373122,19.783000649618685,62.5,0.11136766097105141,0.4666666666666667,0.004008526635296245,1
t10_size_plus_impact_fscore+paper_composite+reversal40,3,t10_size_plus_impact_fscore|paper_composite|reversal40,120,2021-09-07,2026-08-10,3829.358333333333,0.11715963772828614,0.06919099074553708,22.37513593106202,39.71770747626268,6.005317370410919,16.3698185606511,0.927082800238603,24.834074923280834,76.66666666666667,0.40908305375670145,0.6666666666666666,0.031952014919277426,1,15,2026-01-09,2026-08-10,4510.666666666667,0.0869747789717883,0.028007651787977827,13.346533312697407,38.785323850430295,5.86434096618506,7.482192346512345,-0.08951615448070563,19.561229501426435,62.5,0.10438004913956517,0.5333333333333333,0.00484183024158831,1
t10_size_plus_impact_fscore+impact60+book_to_market_lf_div_oper_main_profit_ttm,3,t10_size_plus_impact_fscore|impact60|book_to_market_lf_div_oper_main_profit_ttm,120,2021-09-07,2026-08-10,3829.9416666666666,0.09865956959733162,0.06466118225445779,23.376444546304455,16.849886477636826,2.547702835418688,20.828741710885765,1.0328569263992737,27.625025243162572,78.33333333333333,0.42122281900533576,0.7,0.029090363419348796,1,15,2026-01-09,2026-08-10,4509.066666666667,0.07213546020572512,0.03521356943708507,11.381184861145943,14.839575889296302,2.2437438744616007,9.137440986684343,0.0009318945482654227,20.746060772084363,62.5,0.18388613058122996,0.5333333333333333,0.007074512349294446,1
size_only+t10_size_plus_impact_fscore+book_to_market_lf_minus_size,3,size_only|t10_size_plus_impact_fscore|book_to_market_lf_minus_size,120,2021-09-07,2026-08-10,3833.0833333333335,0.09877526203213442,0.0664432525684266,26.251434650848115,20.09392421664585,3.038201341556852,23.213233309291265,1.0905508071432395,28.234682871410854,75.0,0.374030085619517,0.6916666666666667,0.025553569469520546,1,15,2026-01-09,2026-08-10,4513.866666666667,0.07232527491246368,0.02855799880734149,11.684502470353031,17.794187990045916,2.6904812240949423,8.994021246258088,-0.008886396848426242,20.96232247096035,50.0,0.12619677723066358,0.5333333333333333,0.00486784885667983,1
t10_size_plus_impact_g13+t10_size_plus_impact_downside+t10_nomcap_plus_impact,3,t10_size_plus_impact_g13|t10_size_plus_impact_downside|t10_nomcap_plus_impact,120,2021-09-07,2026-08-10,3923.15,0.11443622529577219,0.07368930856779837,25.003800666824148,29.73322880897131,4.495664195916462,20.508136470907687,1.0193767743968145,25.08215552565908,85.0,0.44332452717274673,0.7,0.03551266982947748,1,15,2026-01-09,2026-08-10,4613.8,0.07281574820327669,0.027957405222788643,10.951910061673875,28.528741825666753,4.313545764040813,6.638364297633062,-0.112331437103902,20.14973296722734,62.5,0.11905696814762247,0.4666666666666667,0.0040456370334253115,1
t10_size_plus_impact_g13+t10_size_plus_impact_downside+reversal_turn_paper_nomcap,3,t10_size_plus_impact_g13|t10_size_plus_impact_downside|reversal_turn_paper_nomcap,120,2021-09-07,2026-08-10,3915.3166666666666,0.11858455059068379,0.0731677569122615,23.983284586652953,32.63655091593951,4.934646498490054,19.0486380881629,1.0076858490575105,24.1891833990037,81.66666666666667,0.4440892211420811,0.6833333333333333,0.03598578248605533,1,15,2026-01-09,2026-08-10,4604.6,0.07909616277372304,0.028484799048125464,12.401684223900855,32.17756387169321,4.865247657400014,7.536436566500843,-0.08619532532157007,19.49406714057532,62.5,0.11358033619928203,0.4666666666666667,0.004192425421292546,1
size_only+t10_size_plus_impact_g13+t10_size_plus_impact_downside,3,size_only|t10_size_plus_impact_g13|t10_size_plus_impact_downside,120,2021-09-07,2026-08-10,3923.15,0.09943195991551186,0.07007970219855503,28.059901833336642,23.448861619277707,3.5454678768347887,24.51443395650185,1.0947436864957376,28.330840531912983,76.66666666666667,0.40182315888491316,0.6916666666666667,0.027634894423930252,1,15,2026-01-09,2026-08-10,4613.8,0.06472717730806625,0.028911911309131302,12.739031903814857,21.76973940772052,3.2915845984473426,9.447447305367515,0.01720877885685062,20.713383126811113,62.5,0.1376206426603602,0.5333333333333333,0.004750824393987819,1
t10_size_plus_impact_downside+t10_nomcap_plus_impact+reversal_turn_eq,3,t10_size_plus_impact_downside|t10_nomcap_plus_impact|reversal_turn_eq,120,2021-09-07,2026-08-10,3923.15,0.1135623477827091,0.07020910570959966,22.32742417641711,36.73274792244403,5.553991485873536,16.773432690543576,0.9254888643110104,24.818101022322804,76.66666666666667,0.4436756218453443,0.65,0.032750149425961966,1,15,2026-01-09,2026-08-10,4613.8,0.07582976494162404,0.02918733489807371,8.091105235040851,35.985964782063384,5.441077875047984,2.650027359992868,-0.2815414494716378,20.36255316444703,50.0,0.12293230711962463,0.4666666666666667,0.004350233044552581,1
t10_size_plus_impact_downside+t10_nomcap_plus_impact+paper_composite,3,t10_size_plus_impact_downside|t10_nomcap_plus_impact|paper_composite,120,2021-09-07,2026-08-10,3915.3166666666666,0.11572507968148928,0.07176153765632381,24.48559413888276,27.283239639938717,4.125225833558734,20.360368305324027,1.0495853211640738,23.76517505884095,80.0,0.4186900569849416,0.6833333333333333,0.03310950914106026,1,15,2026-01-09,2026-08-10,4604.6,0.07635370448329161,0.024116944454768592,11.92842156140177,26.234576629333667,3.9666679863552505,7.96175357504652,-0.07107883835030053,19.757299702864415,62.5,0.09404956733744722,0.4666666666666667,0.003351148673256944,1
t10_size_plus_impact_downside+t10_size_plus_wc_mcap+reversal_turn_eq,3,t10_size_plus_impact_downside|t10_size_plus_wc_mcap|reversal_turn_eq,120,2021-09-07,2026-08-10,3919.575,0.11436053327289357,0.07040690100988353,22.566225686334928,36.32573835171417,5.492451638779182,17.073774047555744,0.9310874039741079,25.53810197027896,80.0,0.4442158873266293,0.6666666666666666,0.03386717717530995,1,15,2026-01-09,2026-08-10,4609.8,0.07441016342031569,0.027286180767528676,7.039601952359764,35.06760484746388,5.3022218529365395,1.7373800994232247,-0.31885661520920844,20.779438357045265,50.0,0.11574447697467484,0.4666666666666667,0.004019197208452777,1
t10_size_plus_impact_downside+t10_size_plus_wc_mcap+paper_composite,3,t10_size_plus_impact_downside|t10_size_plus_wc_mcap|paper_composite,120,2021-09-07,2026-08-10,3915.3166666666666,0.11420399453977845,0.07060723875923557,22.696101053719865,26.10726399021103,3.9474183153199083,18.748682738399953,1.005067841038194,24.803759581541808,80.0,0.4164788386466793,0.6833333333333333,0.032501757126738064,1,15,2026-01-09,2026-08-10,4604.6,0.0736097567560272,0.021977757638165465,11.174753543450445,24.877363149815913,3.761457308252166,7.413296235198278,-0.09203296715282606,19.716102058189122,62.5,0.08738841317221399,0.4666666666666667,0.003001898590554208,1
t10_size_plus_impact_downside+t10_size_plus_impact_dd120+reversal_turn_paper_nomcap,3,t10_size_plus_impact_downside|t10_size_plus_impact_dd120|reversal_turn_paper_nomcap,120,2021-09-07,2026-08-10,3915.3166666666666,0.1166640531384814,0.07183255816446323,23.109795602119256,34.99991698148046,5.291987447599846,17.817808154519412,0.9658025902803737,24.018047339358183,78.33333333333333,0.43670916931008713,0.675,0.034390076670756504,1,15,2026-01-09,2026-08-10,4604.6,0.0761919360910723,0.02572193495350051,11.678984222256272,34.179593869678314,5.167954593095362,6.511029629160911,-0.13479630895532552,19.08659956149814,62.5,0.10161606395009584,0.4666666666666667,0.0036130848368122756,1
size_only+t10_size_plus_impact_downside+t10_size_plus_impact_dd120,3,size_only|t10_size_plus_impact_downside|t10_size_plus_impact_dd120,120,2021-09-07,2026-08-10,3923.15,0.10188591179912468,0.07092392859501633,27.302619259057437,26.106629977315208,3.9473224525700594,23.355296806487377,1.0596128697260814,27.864798614512388,83.33333333333334,0.40474800826299884,0.6916666666666667,0.028523032910605737,1,15,2026-01-09,2026-08-10,4613.8,0.06313253554994011,0.026099085368102824,13.142482950115609,24.9728870354127,3.7759005197544,9.366582430361209,0.011814200514575135,20.186607764093058,75.0,0.12028606833532438,0.4666666666666667,0.0035438500931597827,1
t10_size_plus_impact_downside+reversal_turn_paper+reversal40,3,t10_size_plus_impact_downside|reversal_turn_paper|reversal40,120,2021-09-07,2026-08-10,3915.3166666666666,0.11603182816167916,0.07083065486879073,22.891665552468908,44.74612534050434,6.765614151484256,16.126051400984654,0.8982692828439958,25.936305277349238,73.33333333333333,0.43397158658845186,0.6666666666666666,0.03356967770805501,1,15,2026-01-09,2026-08-10,4604.6,0.08467714444656899,0.032660136344736225,13.81619117267714,45.03619467910628,6.809472635480869,7.00671853719627,-0.0954159988222829,19.369702232039977,62.5,0.13125679605632876,0.4666666666666667,0.005186743650319278,1
t10_size_plus_impact_downside+reversal_chip_turn_size_eq+reversal_chip_turn_paper,3,t10_size_plus_impact_downside|reversal_chip_turn_size_eq|reversal_chip_turn_paper,120,2021-09-07,2026-08-10,3915.3166666666666,0.11545512589184209,0.07162428933632367,22.862907159221567,33.785437569153345,5.108358160455985,17.754548998765582,0.9476564289111379,25.174390878518892,75.0,0.42868114081679837,0.675,0.033408068679311814,1,15,2026-01-09,2026-08-10,4604.6,0.07206238808752971,0.02277890016581646,9.687818912358548,32.86158266599143,4.968671299097904,4.719147613260644,-0.2003114840973844,20.376036391029352,62.5,0.09134677595111258,0.4666666666666667,0.003071911182262394,1
t10_size_plus_impact_downside+book_to_market_lf_minus_size+reversal_chip_turn_paper,3,t10_size_plus_impact_downside|book_to_market_lf_minus_size|reversal_chip_turn_paper,120,2021-09-07,2026-08-10,3915.3166666666666,0.1173883073435024,0.0726731956219278,24.933436304707612,27.679129221839773,4.185084338342173,20.748351966365437,1.0504543428276691,24.71108092233343,76.66666666666667,0.4146695888777474,0.6916666666666667,0.03366850812541949,1,15,2026-01-09,2026-08-10,4604.6,0.07889934663873156,0.02463147298084759,12.110552559755883,26.608035798354674,4.023135012711227,8.087417547044657,-0.06197000105293159,20.185333717297404,50.0,0.09465598367014531,0.4666666666666667,0.003485204457943091,1
t10_size_plus_impact_downside+reversal_chip_turn_size_eq+reversal_chip_eq,3,t10_size_plus_impact_downside|reversal_chip_turn_size_eq|reversal_chip_eq,120,2021-09-07,2026-08-10,3923.15,0.11138988497393744,0.06991431702848265,22.706093443490815,36.93542113763251,5.584635676010035,17.12145776748078,0.9059880907105266,25.68301282537455,78.33333333333333,0.41664297513763526,0.6416666666666667,0.029779630056959005,1,15,2026-01-09,2026-08-10,4613.8,0.0692338778014902,0.021457255371166117,9.412731466475588,36.621113015117594,5.53711228788578,3.8756191785898078,-0.22478521318897002,20.22075778969996,62.5,0.08694730358072665,0.4666666666666667,0.0028091928625959806,1
t10_size_plus_impact_downside+reversal_chip_turn_size_eq+book_to_market_lf_div_oper_main_profit_ttm,3,t10_size_plus_impact_downside|reversal_chip_turn_size_eq|book_to_market_lf_div_oper_main_profit_ttm,120,2021-09-07,2026-08-10,3831.15,0.11033159684789327,0.06825842287397413,23.9671586761121,24.293647399298294,3.6731994867739024,20.293959189338196,0.9998889418832242,27.557736012049293,80.0,0.42608548007351527,0.7083333333333334,0.033299239748900276,1,15,2026-01-09,2026-08-10,4511.133333333333,0.0693783517411689,0.025683773655415108,11.091447865803794,22.93260786363006,3.467410308980865,7.6240375568229295,-0.06211492083962236,20.217321840570392,62.5,0.11775919752731234,0.4666666666666667,0.003812638212510242,1
t10_size_plus_impact_downside+impact_abs_return60+reversal_chip_turn_eq,3,t10_size_plus_impact_downside|impact_abs_return60|reversal_chip_turn_eq,120,2021-09-07,2026-08-10,3923.15,0.11169955128816662,0.07301390940808414,25.831771602796195,27.86043416907196,4.212497646363681,21.619273956432515,1.0519205272807888,24.83596851931864,83.33333333333334,0.43889951702383895,0.6833333333333333,0.03350033405997317,1,15,2026-01-09,2026-08-10,4613.8,0.0714825120804481,0.028644598234543833,11.141839579427481,26.669312180639654,4.032400001712716,7.109439577714766,-0.09061488375144973,20.146509738983376,62.5,0.12488848382437277,0.4666666666666667,0.0041660931917194685,1
t10_size_plus_impact_downside+book_to_market_lf_plus_impact+reversal_turn_eq,3,t10_size_plus_impact_downside|book_to_market_lf_plus_impact|reversal_turn_eq,120,2021-09-07,2026-08-10,3919.575,0.12068483293864626,0.07412650763484113,24.235956037332507,30.429493111681992,4.600939358486317,19.63501667884619,1.036232043425815,23.631342076684746,80.0,0.44553157441339664,0.7,0.037638232538880975,1,15,2026-01-09,2026-08-10,4609.8,0.08600634882659948,0.03275216708810651,11.081246338170336,29.077666998859776,4.396543250227598,6.684703087942738,-0.12383146950440452,20.067019416576603,62.5,0.12904660492119704,0.4666666666666667,0.0051794527482790596,1
t10_size_plus_impact_downside+impact60+reversal_turn_paper_nomcap,3,t10_size_plus_impact_downside|impact60|reversal_turn_paper_nomcap,120,2021-09-07,2026-08-10,3915.3166666666666,0.11567939200023646,0.07315429770119063,24.71197079322547,28.119262962969614,4.251632560001006,20.460338233224462,1.0638276992209155,23.25651479900802,78.33333333333333,0.454477115378449,0.7166666666666667,0.03767777274258354,1,15,2026-01-09,2026-08-10,4604.6,0.08119803153116963,0.03356082648718782,13.040538305638204,26.79791444861777,4.051844664631007,8.988693641007197,-0.024847635510923737,19.16860634821418,62.5,0.14063735561046,0.5333333333333333,0.006090387432169839,1
t10_size_plus_impact_downside+impact60+reversal_chip_eq,3,t10_size_plus_impact_downside|impact60|reversal_chip_eq,120,2021-09-07,2026-08-10,3923.15,0.11313058469746377,0.07428482651045758,25.859528263931743,30.168632409432846,4.561497220306246,21.298031043625496,1.0261467049614597,25.928142790446994,81.66666666666667,0.44189162743294824,0.7166666666666667,0.03582721169882234,1,15,2026-01-09,2026-08-10,4613.8,0.07492987266631994,0.02994246853034679,12.409283775556679,29.604536225500254,4.476205877295639,7.93307789826104,-0.053934569201487176,19.51769551442292,62.5,0.12754221062431384,0.4666666666666667,0.004459803414108371,1
t10_size_plus_impact_downside+book_to_market_lf_plus_impact+reversal40,3,t10_size_plus_impact_downside|book_to_market_lf_plus_impact|reversal40,120,2021-09-07,2026-08-10,3919.575,0.12096347112321017,0.07515502907909934,24.97261106118087,36.87827899061069,5.575995783380336,19.396615277800535,0.9981091696396305,25.87035571852282,80.0,0.43826790577191255,0.6916666666666667,0.03666829828848212,1,15,2026-01-09,2026-08-10,4609.8,0.09106782920449967,0.03507328309340299,15.558381930404986,36.4709399264691,5.514406116882128,10.043975813522858,0.021272906905386347,18.940067877313126,62.5,0.13542883873520065,0.4666666666666667,0.005755498165807125,1
t10_size_plus_impact_downside+impact60+impact_abs_return60,3,t10_size_plus_impact_downside|impact60|impact_abs_return60,120,2021-09-07,2026-08-10,3923.15,0.08709072583378269,0.06398306805886954,28.27663871998931,16.110343116892757,2.4358838792741846,25.840754840715125,1.1824557315269792,26.056848487445528,80.0,0.4073632258306343,0.6916666666666667,0.024538644985776906,1,15,2026-01-09,2026-08-10,4613.8,0.06478370969479305,0.0355287596898738,14.896244333819853,15.053754054460352,2.2761276130344057,12.620116720785447,0.12752582351869315,19.803464139322145,75.0,0.19375020365663753,0.5333333333333333,0.00669432370506594,1
t10_size_plus_impact_downside+book_to_market_lf_plus_impact+book_to_market_lf_div_oper_main_profit_ttm,3,t10_size_plus_impact_downside|book_to_market_lf_plus_impact|book_to_market_lf_div_oper_main_profit_ttm,120,2021-09-07,2026-08-10,3831.15,0.09947164135732092,0.06249043310529469,21.803528184789034,14.99577375563614,2.2673609918521844,19.536167192936848,1.0126135157992595,26.95685501752223,73.33333333333333,0.3870971485992858,0.6916666666666667,0.026632755542337554,1,15,2026-01-09,2026-08-10,4511.133333333333,0.0741279877499821,0.03035898487860135,10.34667669999475,14.021814521664114,2.120098355675614,8.226578344319135,-0.04684503629319648,19.636034102381917,62.5,0.14166752403343558,0.5333333333333333,0.0056008151925977636,1
size_only+t10_size_plus_impact_downside+paper_composite,3,size_only|t10_size_plus_impact_downside|paper_composite,120,2021-09-07,2026-08-10,3915.3166666666666,0.09220733703036972,0.0637602719167966,25.567534820774963,17.69515193471227,2.6755069725284955,22.892027848246464,1.0944310761679006,28.78503337367183,75.0,0.36272534884571034,0.6916666666666667,0.023133440789245098,1,15,2026-01-09,2026-08-10,4604.6,0.06438341434311756,0.025212740349623484,13.12557880468237,16.597670541694207,2.509567785904164,10.616011018778206,0.051409121118747944,20.181372710046542,50.0,0.1138665987205014,0.5333333333333333,0.003909930882807222,1
t10_size_plus_impact_g13+t10_nomcap_plus_impact+reversal_chip_turn_eq,3,t10_size_plus_impact_g13|t10_nomcap_plus_impact|reversal_chip_turn_eq,120,2021-09-07,2026-08-10,3923.15,0.11283826274792537,0.07000761262140319,22.676082548035993,34.44666288350786,5.208335427986389,17.467747120049605,0.9381078400478008,25.088558554308594,76.66666666666667,0.4308932000585545,0.6666666666666666,0.03241416008300103,1,15,2026-01-09,2026-08-10,4613.8,0.07076758983975809,0.023840888796358827,8.515932709441055,33.339383865731634,5.0409148404986235,3.4750178689424307,-0.2442035213103082,20.730834259491527,62.5,0.09813961789072999,0.4666666666666667,0.0032410486387634903,1
t10_size_plus_impact_g13+t10_nomcap_plus_impact+impact_abs_return60,3,t10_size_plus_impact_g13|t10_nomcap_plus_impact|impact_abs_return60,120,2021-09-07,2026-08-10,3923.15,0.10738609154844322,0.07199670832046892,27.068592607782648,25.53815968498409,3.8613697443695942,23.207222863413055,1.0974229598370007,25.05811633445669,81.66666666666667,0.4351974225089136,0.6916666666666667,0.03232445392650553,1,15,2026-01-09,2026-08-10,4613.8,0.07027424708140571,0.03014839237819201,12.592116084262594,24.389661893392063,3.6877168782808805,8.904399205981713,-0.01723812031431206,19.74781302403198,75.0,0.13740661505145835,0.5333333333333333,0.005149944755597752,1
t10_size_plus_impact_g13+t10_size_plus_wc_mcap+reversal_chip_turn_eq,3,t10_size_plus_impact_g13|t10_size_plus_wc_mcap|reversal_chip_turn_eq,120,2021-09-07,2026-08-10,3919.575,0.11342921629630295,0.07008697746842305,22.446611261802364,34.37712706355713,5.197821612009839,17.248789649792524,0.9284570125872196,25.380145329215743,78.33333333333333,0.4306511641967801,0.6416666666666667,0.03134440543332256,1,15,2026-01-09,2026-08-10,4609.8,0.06923260948483444,0.021878910643402163,7.578727366581672,32.95583546584092,4.982922322435147,2.595805044146525,-0.2843345670002266,20.674735595797177,50.0,0.09068514011746286,0.4666666666666667,0.002929905482853906,1
t10_size_plus_impact_g13+t10_size_plus_wc_mcap+impact_abs_return60,3,t10_size_plus_impact_g13|t10_size_plus_wc_mcap|impact_abs_return60,120,2021-09-07,2026-08-10,3919.575,0.10714206535831725,0.07177734509534642,25.673853043169824,24.847450698917907,3.756934545676388,21.916918497493437,1.056736748584282,25.84331156571188,80.0,0.4290066769711257,0.7083333333333334,0.03255830184142968,1,15,2026-01-09,2026-08-10,4609.8,0.06841270533188716,0.028188468470302843,10.572992854406637,23.704091691852252,3.5840586638080603,6.988934190598578,-0.08785889341688169,20.06431866857332,62.5,0.12955158704394226,0.5333333333333333,0.004726919759848294,1
t10_size_plus_impact_g13+t10_size_plus_impact_dd120+reversal_turn_eq,3,t10_size_plus_impact_g13|t10_size_plus_impact_dd120|reversal_turn_eq,120,2021-09-07,2026-08-10,3923.15,0.11292826375556629,0.07151532883164503,23.065111865394417,35.76949445463785,5.408347561541243,17.656764303853173,0.9408628612183441,25.75077642846686,75.0,0.44105328663457416,0.675,0.03361998277124679,1,15,2026-01-09,2026-08-10,4613.8,0.0724339368911115,0.027566497230776733,10.01550815027208,35.106549633137035,5.308110304530319,4.70739784574176,-0.18849959378662623,19.882981308252145,50.0,0.11710206986527899,0.4666666666666667,0.003958343171272069,1
t10_size_plus_impact_g13+t10_size_plus_impact_dd120+paper_composite,3,t10_size_plus_impact_g13|t10_size_plus_impact_dd120|paper_composite,120,2021-09-07,2026-08-10,3915.3166666666666,0.1111989955779452,0.07116035299205563,24.880542980289412,26.620137530354555,4.024964794589609,20.8555781856998,1.0428794978652494,24.978540736030485,76.66666666666667,0.407614975120519,0.6833333333333333,0.030973023474219402,1,15,2026-01-09,2026-08-10,4604.6,0.07171706539991242,0.022461868362754555,11.7148877391271,25.802391172118817,3.901321545224365,7.813566193902735,-0.07108280368320286,20.270228073037387,50.0,0.08937982800325987,0.4666666666666667,0.002991360852826599,1
t10_size_plus_impact_g13+reversal_turn_paper+reversal_chip_eq,3,t10_size_plus_impact_g13|reversal_turn_paper|reversal_chip_eq,120,2021-09-07,2026-08-10,3915.3166666666666,0.11604729412136569,0.07082310640504212,22.840360166790408,39.15910300630394,5.920856374553155,16.919503792237254,0.9212986978743708,25.130707732526915,73.33333333333333,0.424055904000807,0.675,0.033217114645451205,1,15,2026-01-09,2026-08-10,4604.6,0.07672108377146207,0.024648368280837253,11.803838708344482,38.69871441460935,5.8512456194889335,5.952593088855549,-0.14521570537415254,19.690980633916745,62.5,0.09635234436029583,0.4666666666666667,0.0034497195988467417,1
t10_size_plus_impact_g13+book_to_market_lf_div_oper_main_profit_ttm+reversal_turn_paper,3,t10_size_plus_impact_g13|book_to_market_lf_div_oper_main_profit_ttm|reversal_turn_paper,120,2021-09-07,2026-08-10,3827.425,0.11356726589507844,0.06799610491968074,22.612151902163813,24.838956559245478,3.755650231757916,18.856501670405894,0.9798746329104262,27.01402564842501,80.0,0.43270967405478716,0.7083333333333334,0.03480867201453319,1,15,2026-01-09,2026-08-10,4507.933333333333,0.07627918139178348,0.02897754070302172,10.845489249645912,23.486809337622237,3.5512055718484823,7.294283677797431,-0.07593515509307942,20.111914935214514,62.5,0.12884283069136354,0.4666666666666667,0.004586411971557438,1
t10_size_plus_impact_g13+book_to_market_lf_plus_impact+reversal_chip_turn_paper,3,t10_size_plus_impact_g13|book_to_market_lf_plus_impact|reversal_chip_turn_paper,120,2021-09-07,2026-08-10,3915.3166666666666,0.11738464724396262,0.07231029863174217,24.058884396317648,26.486594379458456,4.004773070174118,20.05411132614353,1.04688347675501,23.543577193844346,76.66666666666667,0.4171934266260798,0.6666666666666666,0.03264806881133492,1,15,2026-01-09,2026-08-10,4604.6,0.0804534006505641,0.026081387024379375,11.493087931028079,24.667309001635076,3.7296971210472236,7.763390809980855,-0.08169813523051259,19.878929934611467,62.5,0.1001258897852753,0.4666666666666667,0.0037592185523148557,1
t10_size_plus_impact_g13+reversal_chip_turn_size_eq+reversal_turn_paper_nomcap,3,t10_size_plus_impact_g13|reversal_chip_turn_size_eq|reversal_turn_paper_nomcap,120,2021-09-07,2026-08-10,3915.3166666666666,0.11674625532323422,0.07064150917441502,22.947308005834778,36.15700695140466,5.466939451052386,17.48036855478239,0.9575575921052578,24.509565890872054,78.33333333333333,0.4327526245248643,0.675,0.034102517666341176,1,15,2026-01-09,2026-08-10,4604.6,0.076518915925,0.025057990612865785,10.446175887799447,35.44824116445085,5.359774064064968,5.086401823734478,-0.19451312135993384,19.911311296610833,62.5,0.09870836238978198,0.4666666666666667,0.0035247598786391407,1
size_only+t10_size_plus_impact_g13+reversal_chip_turn_size_eq,3,size_only|t10_size_plus_impact_g13|reversal_chip_turn_size_eq,120,2021-09-07,2026-08-10,3923.15,0.10389476895087756,0.07109716188602162,27.184062753263838,26.93585017184686,4.072700545983245,23.111362207280596,1.0560206884006667,27.93232793317424,81.66666666666667,0.4060365483532669,0.7,0.02952955136374214,1,15,2026-01-09,2026-08-10,4613.8,0.0639002117205916,0.025588193710772537,11.82888266880493,25.69481642769845,3.885056243868005,7.943826424936925,-0.043121987847773005,20.69830818259353,62.5,0.11712772489686116,0.4666666666666667,0.003492760328988297,1
t10_size_plus_impact_g13+book_to_market_lf_minus_size+reversal_chip_turn_eq,3,t10_size_plus_impact_g13|book_to_market_lf_minus_size|reversal_chip_turn_eq,120,2021-09-07,2026-08-10,3919.575,0.1185715660168071,0.07366666369971858,24.802579179791472,29.621726369259854,4.47880502703209,20.323774152759384,1.0258095686782032,25.32389772745787,76.66666666666667,0.42323945269850516,0.6916666666666667,0.03471071392203603,1,15,2026-01-09,2026-08-10,4609.8,0.07787653321194933,0.024603094243395938,11.399363192307355,28.513956244540132,4.311310184174468,7.088053008132886,-0.09820246550704466,20.461532306417705,62.5,0.09551792933872721,0.4666666666666667,0.0034713490916925423,1
t10_size_plus_impact_g13+impact60+reversal_turn_eq,3,t10_size_plus_impact_g13|impact60|reversal_turn_eq,120,2021-09-07,2026-08-10,3923.15,0.11320166671234519,0.07377983205236142,25.880612322705666,29.374688192864152,4.44145285476106,21.439159467944606,1.0670874893241535,24.680952807740486,80.0,0.4657381767626597,0.7083333333333334,0.03734498931828052,1,15,2026-01-09,2026-08-10,4613.8,0.07854435066761714,0.03629873241305624,12.919466563641635,28.547695235244774,4.31641151956901,8.603055044072624,-0.03001631002369653,19.195472058284977,62.5,0.1636805120491566,0.5333333333333333,0.0068566290857835135,1
t10_size_plus_impact_g13+reversal_turn_paper_nomcap+reversal40,3,t10_size_plus_impact_g13|reversal_turn_paper_nomcap|reversal40,120,2021-09-07,2026-08-10,3915.3166666666666,0.1140817308527416,0.06791678670168014,20.63984856002008,46.20349946354459,6.985969118887941,13.653879441132139,0.8420562288650909,25.014704620268123,71.66666666666667,0.4223555260095511,0.6333333333333333,0.03051593131351349,1,15,2026-01-09,2026-08-10,4604.6,0.08402799874917731,0.030913723689837698,11.71377991312469,46.39487329846777,7.014904842728327,4.698875070396362,-0.1971114591223908,19.45157284244089,62.5,0.12183602245584843,0.4666666666666667,0.004777563999844893,1
t10_size_plus_impact_g13+reversal_chip_eq+reversal40,3,t10_size_plus_impact_g13|reversal_chip_eq|reversal40,120,2021-09-07,2026-08-10,3923.15,0.10756569731668754,0.06666316398681385,18.52565241149593,45.4314610831743,6.8692369157759545,11.656415495719976,0.7495927367469838,27.878068865572615,70.0,0.4067030380989676,0.6333333333333333,0.02770662073282283,1,15,2026-01-09,2026-08-10,4613.8,0.07440917885041445,0.025829567081716465,9.02969200124194,45.46630575000334,6.8745054294005055,2.1551865718414347,-0.29224773278440963,19.98604020495547,50.0,0.10604433404028714,0.4666666666666667,0.0036823135149158487,1
t10_size_plus_impact_g13+impact60+reversal40,3,t10_size_plus_impact_g13|impact60|reversal40,120,2021-09-07,2026-08-10,3923.15,0.11438938642513372,0.07558991648719306,26.027814062911748,35.86957804397711,5.4234802002493385,20.604333862662408,1.010672769824252,26.758100813199913,83.33333333333334,0.4581258887690293,0.7083333333333334,0.03712002368624548,1,15,2026-01-09,2026-08-10,4613.8,0.08347734929916321,0.03871002047589798,14.700426898753383,36.116256216459746,5.460777939928714,9.23964895882467,0.0033529289745709186,19.91189690710422,75.0,0.16888177653599887,0.5333333333333333,0.0075188282934180286,1
t10_size_plus_impact_g13+book_to_market_lf_minus_size+impact60,3,t10_size_plus_impact_g13|book_to_market_lf_minus_size|impact60,120,2021-09-07,2026-08-10,3919.575,0.09802543312026715,0.06767872637849023,26.58680221199312,16.8083276677233,2.5414191433597635,24.04538306863336,1.1296352445979259,27.38159724894412,76.66666666666667,0.39596371381958456,0.7,0.027170160182952003,1,15,2026-01-09,2026-08-10,4609.8,0.0731379444575618,0.03313933094507588,13.396905908951695,14.700311945723039,2.222687166193323,11.174218742758372,0.07246827091490331,19.519004062201684,62.5,0.1526285166060868,0.5333333333333333,0.005953565850760548,1
size_only+t10_size_plus_impact_g13+book_to_market_lf_plus_impact,3,size_only|t10_size_plus_impact_g13|book_to_market_lf_plus_impact,120,2021-09-07,2026-08-10,3919.575,0.09385741102695964,0.06589809269096202,27.3132933227322,17.045655814000693,2.577303159076905,24.7359901636553,1.132110042439497,28.32864976069431,78.33333333333333,0.37372095816618395,0.7,0.024553537105994904,1,15,2026-01-09,2026-08-10,4609.8,0.06901597568695962,0.030250024311768656,11.75827568886315,15.149264921727903,2.290568856165259,9.467706832697893,0.010466040948995746,20.251616284215267,62.5,0.13988779610723343,0.5333333333333333,0.0051490627920209,1
t10_size_plus_impact_g13+impact_abs_return60+book_to_market_lf_div_oper_main_profit_ttm,3,t10_size_plus_impact_g13|impact_abs_return60|book_to_market_lf_div_oper_main_profit_ttm,120,2021-09-07,2026-08-10,3831.15,0.08785391112470059,0.0607117805275947,24.087587552651367,14.854589318464281,2.2460139049517993,21.84157364769957,1.0509588652803432,28.495903337915117,80.0,0.3840706538771668,0.6916666666666667,0.023338292121503425,1,15,2026-01-09,2026-08-10,4511.133333333333,0.06357796793610801,0.031737943161920926,14.626941697757978,13.88648776655784,2.099636950303545,12.527304747454432,0.12493019935979992,20.594772608143884,75.0,0.17440167880178264,0.5333333333333333,0.005913655649527011,1
t10_size_plus_wc_mcap+t10_nomcap_plus_impact+reversal_chip_turn_eq,3,t10_size_plus_wc_mcap|t10_nomcap_plus_impact|reversal_chip_turn_eq,120,2021-09-07,2026-08-10,3919.575,0.10989796706516612,0.06615686613537797,19.708087099443894,36.9424812083185,5.585703158697757,14.122383940746136,0.8453676916145235,26.76817259522305,68.33333333333333,0.41621164943457345,0.6166666666666667,0.028206835387381186,1,15,2026-01-09,2026-08-10,4609.8,0.06829018823783943,0.020467200907667467,5.559054784764028,35.39394895714079,5.351565082319688,0.20748970244434048,-0.39348803832026114,21.118003812247654,37.5,0.08425771507736785,0.4666666666666667,0.002685188437457723,1
t10_size_plus_wc_mcap+t10_nomcap_plus_impact+impact_abs_return60,3,t10_size_plus_wc_mcap|t10_nomcap_plus_impact|impact_abs_return60,120,2021-09-07,2026-08-10,3919.575,0.1134502835624924,0.07291681807602128,24.667088717354034,27.82598620203201,4.2072891137472395,20.459799603606797,1.0266528791779848,25.011118225724417,78.33333333333333,0.4429216363825552,0.7083333333333334,0.035593456214191195,1,15,2026-01-09,2026-08-10,4609.8,0.07082298542030865,0.026819788229244423,10.593772385869027,26.66723822394302,4.0320864194601835,6.5616859664088425,-0.1132734574846318,19.947733313004925,62.5,0.1176300520332312,0.4666666666666667,0.003887758681398518,1
t10_size_plus_impact_dd120+t10_nomcap_plus_impact+reversal_turn_eq,3,t10_size_plus_impact_dd120|t10_nomcap_plus_impact|reversal_turn_eq,120,2021-09-07,2026-08-10,3923.15,0.10993845798967783,0.06782598787124593,21.203308111033394,38.49022463658688,5.819721965051936,15.383586145981457,0.8806224027241728,25.651597273887305,70.0,0.4280519364666636,0.625,0.029412106146650338,1,15,2026-01-09,2026-08-10,4613.8,0.07155265601904999,0.025905738603505313,6.686320067997286,37.48983615578939,5.668463226755356,1.0178568412419313,-0.34989456118812323,20.65398463643132,50.0,0.10921591469805064,0.4666666666666667,0.0036468547622245774,1
t10_size_plus_impact_dd120+t10_nomcap_plus_impact+paper_composite,3,t10_size_plus_impact_dd120|t10_nomcap_plus_impact|paper_composite,120,2021-09-07,2026-08-10,3915.3166666666666,0.11537029943796276,0.07123011588567059,23.753670871162203,29.864449512395293,4.5155047662741685,19.238166104888034,1.0082010171338225,23.901798534221342,76.66666666666667,0.41585865158020857,0.6916666666666667,0.03318460153336763,1,15,2026-01-09,2026-08-10,4604.6,0.07336987779644095,0.020795846849157407,11.76258331798966,29.070844294373344,4.39551165730925,7.367071660680412,-0.09748316610455272,19.681790496418827,62.5,0.0798367014556348,0.4666666666666667,0.0027335508804197375,1
t10_nomcap_plus_impact+reversal_turn_paper+reversal_chip_eq,3,t10_nomcap_plus_impact|reversal_turn_paper|reversal_chip_eq,120,2021-09-07,2026-08-10,3915.3166666666666,0.11171856280572419,0.06634672279549367,19.79601162763529,41.509625068602084,6.276255310372634,13.519756317262654,0.8363187887470938,25.73197604952454,70.0,0.407526887228757,0.6083333333333333,0.027696393538748025,1,15,2026-01-09,2026-08-10,4604.6,0.07530241010257478,0.023183063640818236,9.462040556599426,41.15741887829436,6.223001734398108,3.2390388222013193,-0.2646110270175294,20.195669798268113,62.5,0.0904047338667028,0.4666666666666667,0.0031769240275941395,1
t10_nomcap_plus_impact+book_to_market_lf_div_oper_main_profit_ttm+reversal_turn_paper,3,t10_nomcap_plus_impact|book_to_market_lf_div_oper_main_profit_ttm|reversal_turn_paper,120,2021-09-07,2026-08-10,3827.425,0.11431126859232456,0.0664109361859094,21.037718898007384,28.66551168220796,4.334225366349844,16.703493531657543,0.9289602164994433,27.137520909896963,81.66666666666667,0.435770272633452,0.6916666666666667,0.03445430477002418,1,15,2026-01-09,2026-08-10,4507.933333333333,0.07694401201656577,0.027114916019962923,9.818717641585762,27.27060178582811,4.12331499001721,5.695402651568552,-0.14786709567388956,19.84710879616237,62.5,0.11671572140127937,0.4666666666666667,0.004190935406010352,1
book_to_market_lf_plus_impact+t10_nomcap_plus_impact+reversal_chip_turn_paper,3,book_to_market_lf_plus_impact|t10_nomcap_plus_impact|reversal_chip_turn_paper,120,2021-09-07,2026-08-10,3915.3166666666666,0.11965498083213459,0.0713308775427841,21.583172307917398,29.368835870891203,4.44056798367875,17.142604324238647,0.9764602069761081,22.552049091660987,73.33333333333333,0.4186197341264033,0.7,0.03506295538399364,1,15,2026-01-09,2026-08-10,4604.6,0.0814521814048116,0.024409459039952217,10.842528948682318,27.615959921134596,4.175533140075551,6.6669958086067656,-0.13722460942461384,19.633594697168288,62.5,0.09082928494636189,0.4666666666666667,0.003452513584016183,1
reversal_chip_turn_size_eq+t10_nomcap_plus_impact+reversal_turn_paper_nomcap,3,reversal_chip_turn_size_eq|t10_nomcap_plus_impact|reversal_turn_paper_nomcap,120,2021-09-07,2026-08-10,3915.3166666666666,0.11300186606653165,0.06654491942394146,20.097248885363616,38.9932415124945,5.8957781166891685,14.201470768674449,0.8752961130599193,25.07923371785681,70.0,0.4168122668675997,0.6416666666666667,0.030222861871420134,1,15,2026-01-09,2026-08-10,4604.6,0.0754101194440909,0.02356334495308825,8.908978310041837,37.87765174803993,5.727100944303637,3.1818773657382007,-0.2840377552126416,20.071627063665666,62.5,0.09217284214050839,0.4666666666666667,0.003243690349814634,1
size_only+reversal_chip_turn_size_eq+t10_nomcap_plus_impact,3,size_only|reversal_chip_turn_size_eq|t10_nomcap_plus_impact,120,2021-09-07,2026-08-10,3923.15,0.10993030961081732,0.07229006482837293,25.379819438566887,30.042306243087204,4.542396703954784,20.8374227346121,1.0039466784245388,27.208013076023374,78.33333333333333,0.4213281975584853,0.7,0.03242171744376032,1,15,2026-01-09,2026-08-10,4613.8,0.0660499424618751,0.02405337487289323,10.631062285742853,28.349711586525512,4.286476391882657,6.344585893860197,-0.1099933586664694,20.88076129029147,62.5,0.10566302793933727,0.4666666666666667,0.0032568838940123393,1
book_to_market_lf_minus_size+t10_nomcap_plus_impact+reversal_chip_turn_eq,3,book_to_market_lf_minus_size|t10_nomcap_plus_impact|reversal_chip_turn_eq,120,2021-09-07,2026-08-10,3919.575,0.11919161045559092,0.0718546619556794,22.607181414328426,33.132820996575504,5.0096825346822165,17.59749887964621,0.9596895350578769,24.065555136123418,75.0,0.4242545191043893,0.675,0.03413311607820224,1,15,2026-01-09,2026-08-10,4609.8,0.0780371902793364,0.022704157816530294,9.86836467140827,31.70801710272684,4.794252185932297,5.074112485475972,-0.18809418032709557,20.514640402699456,62.5,0.08604456311862488,0.4666666666666667,0.0031335154408089,1
impact60+t10_nomcap_plus_impact+reversal_turn_eq,3,impact60|t10_nomcap_plus_impact|reversal_turn_eq,120,2021-09-07,2026-08-10,3923.15,0.11496254198400489,0.07251073839011121,23.84374070758799,32.617573125229086,4.931777056534638,18.911963651053355,1.001350424950994,24.592159867546382,76.66666666666667,0.4659039307517139,0.6833333333333333,0.036600358469697156,1,15,2026-01-09,2026-08-10,4613.8,0.07941224832778242,0.034579566548164985,11.480279997983567,31.610753390197182,4.779545912597814,6.700734085385754,-0.11297636725225121,19.226426058829237,62.5,0.15083286824616676,0.4666666666666667,0.005589722688272932,1
t10_nomcap_plus_impact+reversal_turn_paper_nomcap+reversal40,3,t10_nomcap_plus_impact|reversal_turn_paper_nomcap|reversal40,120,2021-09-07,2026-08-10,3915.3166666666666,0.10831300716873422,0.062390037334239486,17.697952216024994,47.75817854050617,7.221036595324533,10.47691562070046,0.7564255617008541,26.114214355796804,68.33333333333333,0.3962074515926148,0.6083333333333333,0.02610627249799955,1,15,2026-01-09,2026-08-10,4604.6,0.08144318307954099,0.029028499858963084,10.021220485529703,48.583316241030985,7.345797415643885,2.6754230698858184,-0.30194735400184497,19.262594088911257,62.5,0.11494653806384028,0.5333333333333333,0.004992859703409477,1
t10_nomcap_plus_impact+reversal_chip_eq+reversal40,3,t10_nomcap_plus_impact|reversal_chip_eq|reversal40,120,2021-09-07,2026-08-10,3923.15,0.10251663209975195,0.061453535322976115,16.07316347143135,46.413700864874116,7.017751570768967,9.055411900662385,0.6826108531799528,28.73325854169361,65.0,0.3846259286592501,0.5916666666666667,0.023329744937761587,1,15,2026-01-09,2026-08-10,4613.8,0.07217946532545853,0.024200875841238152,6.223053504950904,47.37135216588349,7.162548447481584,-0.9394949425306803,-0.4424178656925238,20.522117310968035,50.0,0.10004886671421684,0.4666666666666667,0.0033700210627301106,1
impact60+t10_nomcap_plus_impact+reversal40,3,impact60|t10_nomcap_plus_impact|reversal40,120,2021-09-07,2026-08-10,3923.15,0.1165581345095613,0.07448644664741005,24.35889736411456,38.83106568524951,5.8712571316097275,18.487640232504834,0.9563021005172705,26.10680077359071,80.0,0.4594698362008034,0.6916666666666667,0.03704217165492738,1,15,2026-01-09,2026-08-10,4613.8,0.08468080974360007,0.03699114221905088,13.596397002266547,39.107118828921564,5.912996366932941,7.683400635333607,-0.06273938571283912,19.461239638515593,62.5,0.15633881140345254,0.4666666666666667,0.006178152000531624,1
book_to_market_lf_minus_size+impact60+t10_nomcap_plus_impact,3,book_to_market_lf_minus_size|impact60|t10_nomcap_plus_impact,120,2021-09-07,2026-08-10,3919.575,0.10858699656310303,0.07168870768691006,25.99342609356996,20.93051700430124,3.164694171050348,22.828731922519612,1.1022797091957235,25.722410681543785,76.66666666666667,0.4204591276891356,0.7,0.031959475697313826,1,15,2026-01-09,2026-08-10,4609.8,0.07789900629762339,0.03216717992937515,12.284114024744962,18.97479622695561,2.8689891895156885,9.415124835229275,0.004516122322889546,20.451483808819727,50.0,0.13846050084342654,0.5333333333333333,0.005752498894492892,1
size_only+book_to_market_lf_plus_impact+t10_nomcap_plus_impact,3,size_only|book_to_market_lf_plus_impact|t10_nomcap_plus_impact,120,2021-09-07,2026-08-10,3919.575,0.10530204928950428,0.07041637511182935,26.462206840153257,21.228201709142596,3.2097040984223604,23.252502741730897,1.1013206623576464,26.82244303572271,76.66666666666667,0.39929599808817107,0.7,0.029432680810247674,1,15,2026-01-09,2026-08-10,4609.8,0.07388035614008877,0.029184404981841248,11.652105286376868,19.569662535769602,2.9589329754083638,8.693172310968505,-0.02296160976370512,20.66185449013479,50.0,0.1257782339327373,0.5333333333333333,0.004956021716065083,1
t10_nomcap_plus_impact+impact_abs_return60+book_to_market_lf_div_oper_main_profit_ttm,3,t10_nomcap_plus_impact|impact_abs_return60|book_to_market_lf_div_oper_main_profit_ttm,120,2021-09-07,2026-08-10,3831.15,0.09944992754214706,0.06416292131029684,23.137748092487165,18.19097419774984,2.7504752986997754,20.38727279378739,1.0152723524427438,27.45498858530465,76.66666666666667,0.4142408798835081,0.675,0.027807452205351836,1,15,2026-01-09,2026-08-10,4511.133333333333,0.0681185323900008,0.030733255505352216,11.308516541695269,17.226971122919466,2.604718033785423,8.703798507909845,-0.01590888500525021,20.701327311403627,50.0,0.15677540308338705,0.5333333333333333,0.005695632198875271,1
t10_size_plus_impact_dd120+t10_size_plus_wc_mcap+reversal_turn_eq,3,t10_size_plus_impact_dd120|t10_size_plus_wc_mcap|reversal_turn_eq,120,2021-09-07,2026-08-10,3919.575,0.1103927829469517,0.06783176799672175,21.59263388001311,38.05294828397481,5.75360578053699,15.83902809947612,0.8884293348615449,26.355186794977737,75.0,0.42808145451530166,0.6333333333333333,0.02992949862488461,1,15,2026-01-09,2026-08-10,4609.8,0.06997330447957022,0.023951496514184954,7.611644616995328,36.89136595868144,5.577974532952634,2.0336700840426936,-0.3049657758292232,20.539538865156338,50.0,0.10172543287583127,0.4666666666666667,0.0033217635210370912,1
t10_size_plus_impact_dd120+t10_size_plus_wc_mcap+paper_composite,3,t10_size_plus_impact_dd120|t10_size_plus_wc_mcap|paper_composite,120,2021-09-07,2026-08-10,3915.3166666666666,0.11363956255276068,0.06989929534391504,22.95784425527605,28.9564620363988,4.378217059903498,18.57962719537255,0.9893894195531695,24.649664794256807,78.33333333333333,0.4136966076733226,0.6916666666666667,0.03251684188851056,1,15,2026-01-09,2026-08-10,4604.6,0.07058067530575611,0.018621261192301918,10.983158787729497,27.797012311238355,4.202908261459239,6.780250526270256,-0.11779927556122231,19.823358567880376,62.5,0.07290127761543294,0.4666666666666667,0.0024011966555498405,1
t10_size_plus_wc_mcap+reversal_turn_paper+reversal_chip_eq,3,t10_size_plus_wc_mcap|reversal_turn_paper|reversal_chip_eq,120,2021-09-07,2026-08-10,3915.3166666666666,0.11172179331827696,0.0660254514241925,20.247789378974556,40.896386325723974,6.183533612449464,14.064255766525092,0.8464744354734348,25.32593552681871,71.66666666666667,0.40902164193127455,0.6083333333333333,0.02779878406671678,1,15,2026-01-09,2026-08-10,4604.6,0.0735711663644571,0.02119424875372302,9.268491171978788,40.81618891593731,6.171407764089721,3.0970834078890666,-0.26850978707711615,20.05133268442849,50.0,0.08359236579753637,0.4666666666666667,0.002869994330414914,1
t10_size_plus_wc_mcap+book_to_market_lf_div_oper_main_profit_ttm+reversal_turn_paper,3,t10_size_plus_wc_mcap|book_to_market_lf_div_oper_main_profit_ttm|reversal_turn_paper,120,2021-09-07,2026-08-10,3827.425,0.11172086335879335,0.06473839229966674,20.435009984195496,27.088568751098226,4.095791595166051,16.339218389029444,0.9181038627286252,26.68226144367758,81.66666666666667,0.43369489387355425,0.6666666666666666,0.03230184531856915,1,15,2026-01-09,2026-08-10,4507.933333333333,0.07288303209124754,0.024533660386155832,9.103827281998967,25.33078950597936,3.8300153733040796,5.273811908694887,-0.16523302263819392,19.991170573285487,62.5,0.10893282633071022,0.4666666666666667,0.0037050321827173426,1
book_to_market_lf_plus_impact+t10_size_plus_wc_mcap+reversal_chip_turn_paper,3,book_to_market_lf_plus_impact|t10_size_plus_wc_mcap|reversal_chip_turn_paper,120,2021-09-07,2026-08-10,3915.3166666666666,0.11941972116289644,0.07079718618962617,21.926785554785468,28.883298349441837,4.3671547104356065,17.55963084434986,0.9800555827182929,23.389054195833626,76.66666666666667,0.4207635717917755,0.6833333333333333,0.034335770086233425,1,15,2026-01-09,2026-08-10,4604.6,0.07943701110710885,0.022410179954516014,10.206701706641063,26.865244838176288,4.062025019532254,6.144676687108809,-0.154882443667458,20.013835944202096,62.5,0.08459675901929459,0.4666666666666667,0.0031360530533925206,1
reversal_chip_turn_size_eq+t10_size_plus_wc_mcap+reversal_turn_paper_nomcap,3,reversal_chip_turn_size_eq|t10_size_plus_wc_mcap|reversal_turn_paper_nomcap,120,2021-09-07,2026-08-10,3915.3166666666666,0.11316149428982279,0.06630790453117673,20.138897275502732,38.2626793731156,5.785317121215079,14.353580154287654,0.8737569397699179,24.819928232143408,80.0,0.4195701546708511,0.6333333333333333,0.03007015091924487,1,15,2026-01-09,2026-08-10,4604.6,0.07371606337200666,0.021640073098641584,7.044604386987907,37.649273646076615,5.692570175286784,1.3520342117011233,-0.36219629424324706,20.55031287802609,62.5,0.08567747514769197,0.4666666666666667,0.0029473762208523675,1
size_only+reversal_chip_turn_size_eq+t10_size_plus_wc_mcap,3,size_only|reversal_chip_turn_size_eq|t10_size_plus_wc_mcap,120,2021-09-07,2026-08-10,3919.575,0.10737721384758564,0.0706173731807638,25.16730683941408,29.732979141070278,4.495626446129826,20.67168039328426,1.001818921388561,27.18260521061716,81.66666666666667,0.41330042406971546,0.7083333333333334,0.03143515901319743,1,15,2026-01-09,2026-08-10,4609.8,0.06327462126319101,0.02180776063410917,9.722737706386297,28.247345793132066,4.270998683921569,5.451739022464729,-0.14730760887436997,20.84922387643553,50.0,0.09747617647750953,0.4666666666666667,0.002878291802772579,1
book_to_market_lf_minus_size+t10_size_plus_wc_mcap+reversal_chip_turn_eq,3,book_to_market_lf_minus_size|t10_size_plus_wc_mcap|reversal_chip_turn_eq,120,2021-09-07,2026-08-10,3919.575,0.11796338077588503,0.07066315106620565,22.398427158013547,32.155105569395225,4.861851962092558,17.536575195920985,0.9555193265510962,24.584426041737707,80.0,0.4237838244763206,0.6833333333333333,0.03416049797979671,1,15,2026-01-09,2026-08-10,4609.8,0.07564438224967791,0.02061808222895666,10.717783558840043,30.938473904346576,4.677897254337203,6.039886304502842,-0.15166654775384786,20.155457915635246,62.5,0.07952302244277255,0.4666666666666667,0.0028072192900783746,1
impact60+t10_size_plus_wc_mcap+reversal_turn_eq,3,impact60|t10_size_plus_wc_mcap|reversal_turn_eq,120,2021-09-07,2026-08-10,3919.575,0.11642067447088515,0.07314422854689732,24.127833944884802,32.43597974213726,4.904320137011155,19.223513807873648,1.0015586998681978,25.10951107701708,81.66666666666667,0.4662897234486809,0.6833333333333333,0.03709527213687093,1,15,2026-01-09,2026-08-10,4609.8,0.07811777860113474,0.03260592559748534,10.940584396727493,31.221655592499044,4.720714325585855,6.219870071141638,-0.12746230329085548,19.559612074709733,62.5,0.14298657549881247,0.4666666666666667,0.005212570368950313,1
t10_size_plus_wc_mcap+reversal_turn_paper_nomcap+reversal40,3,t10_size_plus_wc_mcap|reversal_turn_paper_nomcap|reversal40,120,2021-09-07,2026-08-10,3915.3166666666666,0.10842364421088385,0.06213696563785155,17.19694486525878,47.267930723511135,7.146911125394883,10.050033739863895,0.7402401963263485,26.659860811682336,71.66666666666667,0.3993518202928228,0.6,0.025979507807038706,1,15,2026-01-09,2026-08-10,4604.6,0.07979153457744853,0.027003855972383136,7.889983135663625,47.61307806629701,7.199097403624107,0.6908857320395188,-0.3845629282437519,20.161642367040223,62.5,0.10828969115862301,0.4666666666666667,0.004032280297016762,1
t10_size_plus_wc_mcap+reversal_chip_eq+reversal40,3,t10_size_plus_wc_mcap|reversal_chip_eq|reversal40,120,2021-09-07,2026-08-10,3919.575,0.10227458864686738,0.061057627551710916,16.962899172989275,46.679468355297175,7.057935615320933,9.904963557668344,0.7013973700891265,28.484637303484483,68.33333333333333,0.3838970804227994,0.6,0.023557749589785106,1,15,2026-01-09,2026-08-10,4609.8,0.07018692200284311,0.021985757449038842,5.675603451942224,47.44871696940117,7.1742460057734565,-1.4986425538312322,-0.45525138809526905,21.207141522587992,50.0,0.09175847159454088,0.4666666666666667,0.0030054475214895304,1
impact60+t10_size_plus_wc_mcap+reversal40,3,impact60|t10_size_plus_wc_mcap|reversal40,120,2021-09-07,2026-08-10,3919.575,0.11731423809551345,0.07473791061939392,24.410532463357313,38.61095608987274,5.837976560788759,18.572555902568556,0.9525929677748607,26.802604029807853,83.33333333333334,0.4575963639517636,0.6833333333333333,0.03668308867472359,1,15,2026-01-09,2026-08-10,4609.8,0.0831245766284823,0.03479253243450202,13.363882870886112,38.55179521213901,5.829031436075419,7.534851434810694,-0.06500326886003599,19.835991797110143,62.5,0.1479255661836362,0.4666666666666667,0.005738250028720205,1
book_to_market_lf_minus_size+impact60+t10_size_plus_wc_mcap,3,book_to_market_lf_minus_size|impact60|t10_size_plus_wc_mcap,120,2021-09-07,2026-08-10,3919.575,0.10684228160108439,0.0703647538513616,25.361515223979847,19.555499316016828,2.956791496581744,22.4047237273981,1.0931866946800382,26.614163104796905,76.66666666666667,0.4143376122804372,0.7083333333333334,0.03135704955984107,1,15,2026-01-09,2026-08-10,4609.8,0.07507387445769288,0.03002802102490869,12.91652379042164,17.64820398775455,2.668408442948488,10.248115347473155,0.034057818682361574,19.634466534284478,50.0,0.13177330999287012,0.5333333333333333,0.005276124230015669,1
size_only+book_to_market_lf_plus_impact+t10_size_plus_wc_mcap,3,size_only|book_to_market_lf_plus_impact|t10_size_plus_wc_mcap,120,2021-09-07,2026-08-10,3919.575,0.10198917428108929,0.06821318148414421,25.22412779879386,19.92014831632518,3.0119264254283666,22.212201373365495,1.0741759979908068,27.57210382467824,78.33333333333333,0.390931210709741,0.7083333333333334,0.02824178222820339,1,15,2026-01-09,2026-08-10,4609.8,0.07046260021353105,0.026888768897053536,11.275418952934757,18.0536671993705,2.72971448054482,8.545704472389936,-0.03119340301718683,20.325418243919636,50.0,0.11877533210321785,0.5333333333333333,0.004463583328649824,1
t10_size_plus_wc_mcap+impact_abs_return60+book_to_market_lf_div_oper_main_profit_ttm,3,t10_size_plus_wc_mcap|impact_abs_return60|book_to_market_lf_div_oper_main_profit_ttm,120,2021-09-07,2026-08-10,3831.15,0.09584615440237114,0.06215257466195965,21.36327078903657,16.49040934155048,2.493349892442433,18.869920896594135,0.977509289728641,27.96552038380916,76.66666666666667,0.40102366688578006,0.7,0.026905603406737665,1,15,2026-01-09,2026-08-10,4511.133333333333,0.06377493029803223,0.028081667635639403,10.500594503850568,15.184396047399213,2.2958806823667612,8.204713821483809,-0.034934990574893486,20.842719646754325,62.5,0.14764083377384463,0.5333333333333333,0.005021751404304163,1
t10_size_plus_impact_dd120+reversal_turn_paper+reversal_turn_paper_nomcap,3,t10_size_plus_impact_dd120|reversal_turn_paper|reversal_turn_paper_nomcap,120,2021-09-07,2026-08-10,3915.3166666666666,0.11337333334629693,0.06596714261288343,18.679808484866832,38.292898643953954,5.789886274965838,12.889922209900995,0.8539384137711067,24.69880026617095,66.66666666666666,0.41548278531991306,0.6583333333333333,0.03101057331048393,1,15,2026-01-09,2026-08-10,4604.6,0.07800826584198324,0.02484818729292327,11.097569394789986,37.8072891876629,5.716462125174631,5.381107269615355,-0.20032080179541886,19.337127758746576,62.5,0.09623084660223492,0.4666666666666667,0.003503174016508251,1
size_only+t10_size_plus_impact_dd120+reversal_turn_paper,3,size_only|t10_size_plus_impact_dd120|reversal_turn_paper,120,2021-09-07,2026-08-10,3915.3166666666666,0.11042976518497165,0.07264889050775727,25.480078415006837,31.013795187261845,4.689285832313991,20.790792582692845,1.0142920000718907,26.572442577230536,83.33333333333334,0.42262210609317796,0.6916666666666667,0.03228012479034474,1,15,2026-01-09,2026-08-10,4604.6,0.06963169793884366,0.026110892185828006,12.628189622532915,30.026833005811888,4.5400571504787575,8.088132472054157,-0.04712728157545732,20.270890381829034,62.5,0.11237063687132857,0.4666666666666667,0.003651460513782592,1
t10_size_plus_impact_dd120+impact60+reversal_chip_turn_paper,3,t10_size_plus_impact_dd120|impact60|reversal_chip_turn_paper,120,2021-09-07,2026-08-10,3915.3166666666666,0.11478365107507424,0.07420320089901301,25.810117089602148,29.12010574820638,4.402959989128806,21.40715710047334,1.0449705711347947,24.40670275597362,80.0,0.4418650931647046,0.6833333333333333,0.03465790726198296,1,15,2026-01-09,2026-08-10,4604.6,0.07305357723120563,0.027145830856019536,12.899784530746295,27.81332223012142,4.205374321194358,8.694410209551936,-0.029483632854632597,19.526818479573283,62.5,0.11364979039574759,0.4666666666666667,0.00387451107866017,1
t10_size_plus_impact_dd120+reversal_chip_turn_size_eq+reversal_turn_eq,3,t10_size_plus_impact_dd120|reversal_chip_turn_size_eq|reversal_turn_eq,120,2021-09-07,2026-08-10,3923.15,0.10900020099397804,0.06755807951744892,21.667690080721002,38.7927852410005,5.865469128439277,15.802220952281726,0.8858257607421332,26.102020158059336,71.66666666666667,0.4233042488814894,0.625,0.028837655131054532,1,15,2026-01-09,2026-08-10,4613.8,0.0694271919979759,0.024245645256789367,7.247545076924111,37.45876916913809,5.663765898373678,1.5837791785504325,-0.32637298333712084,20.663088740288615,37.5,0.10284114003085204,0.4666666666666667,0.0033319867346325886,1
t10_size_plus_impact_dd120+reversal_chip_turn_size_eq+paper_composite,3,t10_size_plus_impact_dd120|reversal_chip_turn_size_eq|paper_composite,120,2021-09-07,2026-08-10,3915.3166666666666,0.11330159796684904,0.07036668510294762,23.914307455904748,30.304782197717127,4.582083068294829,19.33222438760992,0.9976405700279161,24.828866207936294,76.66666666666667,0.40776975075467786,0.6833333333333333,0.031570658981416644,1,15,2026-01-09,2026-08-10,4604.6,0.0708929900931388,0.019190714490323425,12.082232126312299,29.278566274372448,4.426919220685114,7.655312905627184,-0.08072502784735056,20.05479144416841,62.5,0.07417296596011325,0.4666666666666667,0.002453893559128214,1
t10_size_plus_impact_dd120+book_to_market_lf_plus_impact+reversal_chip_turn_eq,3,t10_size_plus_impact_dd120|book_to_market_lf_plus_impact|reversal_chip_turn_eq,120,2021-09-07,2026-08-10,3919.575,0.11839255122300804,0.07264969877529864,23.15742197593158,31.116438788482427,4.7048055448185435,18.452616431113036,0.983529541636636,23.46843329876045,76.66666666666667,0.42588090502737147,0.7,0.03529478880434787,1,15,2026-01-09,2026-08-10,4609.8,0.07741569927955837,0.023449253563929788,11.628036851070622,30.347641715374778,4.588563427364667,7.039473423705955,-0.10761894663565863,19.869116785668396,62.5,0.08922529447120492,0.4666666666666667,0.0032234713302926594,1
t10_size_plus_impact_dd120+reversal_turn_eq+reversal40,3,t10_size_plus_impact_dd120|reversal_turn_eq|reversal40,120,2021-09-07,2026-08-10,3923.15,0.10446552664645545,0.06370828182657524,18.713144929088443,47.251567548537125,7.144437013338813,11.56870791574963,0.7572486410009143,27.477334465399395,68.33333333333333,0.40546474017198864,0.625,0.026473179761646884,1,15,2026-01-09,2026-08-10,4613.8,0.07457588240043943,0.02910501386080183,6.010069731122458,46.78542410526763,7.0739561247164655,-1.0638863935940073,-0.4401562264890824,20.940321806440785,50.0,0.12520800573799148,0.4666666666666667,0.004357498838704666,1
t10_size_plus_impact_dd120+reversal_chip_eq+reversal_turn_paper_nomcap,3,t10_size_plus_impact_dd120|reversal_chip_eq|reversal_turn_paper_nomcap,120,2021-09-07,2026-08-10,3915.3166666666666,0.1086733026805309,0.06437840761905098,19.306431827587865,41.50392973866685,6.275394176486428,13.03103765110144,0.8182896439944103,26.028774968174496,70.0,0.39615192055879633,0.6,0.025830682542215825,1,15,2026-01-09,2026-08-10,4604.6,0.07188408762665736,0.020243275430520544,8.590525899001044,41.66820744638819,6.300232965893894,2.2902929331071507,-0.310109318666135,20.381049170879585,50.0,0.07815038884797455,0.4666666666666667,0.002621625720002403,1
t10_size_plus_impact_dd120+book_to_market_lf_div_oper_main_profit_ttm+reversal_turn_paper_nomcap,3,t10_size_plus_impact_dd120|book_to_market_lf_div_oper_main_profit_ttm|reversal_turn_paper_nomcap,120,2021-09-07,2026-08-10,3827.425,0.11164737924168472,0.0646047470815539,20.927564523052,28.672286389750738,4.335249702130311,16.59231482092169,0.9213316347648781,26.62304211348391,80.0,0.42632202778660644,0.6833333333333333,0.03252512036217312,1,15,2026-01-09,2026-08-10,4507.933333333333,0.07344737669683091,0.023833577527336423,11.00937866608187,27.55039045867516,4.165619037351685,6.8437596287301865,-0.10714861490786397,18.961964824201903,62.5,0.1009209982623131,0.4666666666666667,0.0034591118687964197,1
t10_size_plus_impact_dd120+book_to_market_lf_div_oper_main_profit_ttm+reversal_chip_eq,3,t10_size_plus_impact_dd120|book_to_market_lf_div_oper_main_profit_ttm|reversal_chip_eq,120,2021-09-07,2026-08-10,3831.15,0.10441008119969446,0.06344077285497148,22.57912963080191,29.894811642689845,4.520095520374704,18.059034110427206,0.9222816029656316,27.893048996828796,78.33333333333333,0.4020650314375594,0.6416666666666667,0.026936937322136693,1,15,2026-01-09,2026-08-10,4511.133333333333,0.06382861014385387,0.01849772197815056,9.747106579499999,29.17631309603462,4.411458540120434,5.335648039379564,-0.1532257906397275,19.552275841451806,62.5,0.08097454662935188,0.4666666666666667,0.002411963291910768,1
t10_size_plus_impact_dd120+impact60+book_to_market_lf_plus_impact,3,t10_size_plus_impact_dd120|impact60|book_to_market_lf_plus_impact,120,2021-09-07,2026-08-10,3919.575,0.10276551242706779,0.06970143072161114,26.17133577100661,19.877089019321318,3.0054158597213836,23.165919911285226,1.121048071269179,24.392526865188348,75.0,0.4176915121481785,0.7,0.030046997597641057,1,15,2026-01-09,2026-08-10,4609.8,0.07475546825023942,0.032317556674057064,13.552103286843431,18.77713557154879,2.8391028984181768,10.713000388425254,0.049514168995316174,19.403573712563816,62.5,0.14349995904185908,0.5333333333333333,0.0057212835371009884,1
t10_size_plus_impact_dd120+book_to_market_lf_plus_impact+paper_composite,3,t10_size_plus_impact_dd120|book_to_market_lf_plus_impact|paper_composite,120,2021-09-07,2026-08-10,3915.3166666666666,0.10302897841971502,0.06411291565117726,22.843204038256147,19.89919107022605,3.0087576898181787,19.83444634843797,1.056771117696585,23.20860319578193,71.66666666666667,0.3685346463797475,0.6666666666666666,0.025313165419184203,1,15,2026-01-09,2026-08-10,4604.6,0.07449072680637349,0.0220345124073141,10.155030878899506,18.434130555001957,2.787240539916296,7.367790338983212,-0.10257437459382171,20.326585832540978,50.0,0.08544033028367584,0.4666666666666667,0.002970105740656888,1
size_only+t10_size_plus_impact_dd120+impact_abs_return60,3,size_only|t10_size_plus_impact_dd120|impact_abs_return60,120,2021-09-07,2026-08-10,3923.15,0.08641274561890876,0.06481132506846264,28.797450290862024,20.229476978025662,3.05869691907748,25.738753371784544,1.1264686134405315,28.60183393210719,76.66666666666667,0.37005542298533606,0.6916666666666667,0.02211777438250292,1,15,2026-01-09,2026-08-10,4613.8,0.05820644704342221,0.02845705855128749,14.74306643996287,19.444939342136376,2.94007482853102,11.802991611431851,0.10291160740247007,19.975746826217055,62.5,0.1452952637345465,0.5333333333333333,0.00451046457291997,1
reversal_chip_turn_paper+reversal_turn_paper+reversal_turn_paper_nomcap,3,reversal_chip_turn_paper|reversal_turn_paper|reversal_turn_paper_nomcap,120,2021-09-07,2026-08-10,3915.3166666666666,0.11006597805260684,0.06055391974268088,16.033737363832422,37.591470091542895,5.6838302778412855,10.349907085991138,0.8014252509459274,23.702269440829294,68.33333333333333,0.38745430718702456,0.6166666666666667,0.026298081317261607,1,15,2026-01-09,2026-08-10,4604.6,0.07874076169633565,0.023145031408975534,9.160808896998685,36.6425273391732,5.5403501336829875,3.6204587633156966,-0.3055715068607108,19.206098967680063,62.5,0.087768448068014,0.5333333333333333,0.003685842375349707,1
size_only+reversal_chip_turn_paper+reversal_turn_paper,3,size_only|reversal_chip_turn_paper|reversal_turn_paper,120,2021-09-07,2026-08-10,3915.3166666666666,0.11477558590759039,0.07145827362509807,24.032660065625144,32.08916401750696,4.8518815994470526,19.18077846617809,0.9980090916307492,25.089720392983438,81.66666666666667,0.4250383914610559,0.6916666666666667,0.03374228770243736,1,15,2026-01-09,2026-08-10,4604.6,0.0737673440356542,0.02472881580141152,11.965337043730207,30.63647098142475,4.632234412391423,7.333102631338784,-0.08638558001715717,20.3289262857835,62.5,0.10104990955856373,0.4666666666666667,0.003478618940149879,1
reversal_chip_turn_size_eq+book_to_market_lf_plus_impact+reversal_turn_paper,3,reversal_chip_turn_size_eq|book_to_market_lf_plus_impact|reversal_turn_paper,120,2021-09-07,2026-08-10,3915.3166666666666,0.11997105908795591,0.07154480612475742,22.854235092115637,30.924126221910477,4.675727884752864,18.178507207362774,1.0011066295512512,23.50917723560991,78.33333333333333,0.4211259806643133,0.6916666666666667,0.034945026520911596,1,15,2026-01-09,2026-08-10,4604.6,0.0839150208662575,0.027149515988095993,12.131242909896333,29.165449157676175,4.409815912640638,7.721426997255695,-0.08767525839712276,19.471617248414177,62.5,0.1024771330439889,0.4666666666666667,0.004013039686926935,1
reversal_turn_paper+reversal_chip_turn_eq+reversal_chip_eq,3,reversal_turn_paper|reversal_chip_turn_eq|reversal_chip_eq,120,2021-09-07,2026-08-10,3915.3166666666666,0.10624992868798676,0.06155736403003052,17.5310235523386,42.87435875565567,6.4826030438551365,11.048420508483462,0.7655474948365274,26.16770762260462,65.0,0.3856742376196768,0.5916666666666667,0.024245233977631557,1,15,2026-01-09,2026-08-10,4604.6,0.07158600174718753,0.020453287448626147,6.656791829035025,43.16027068912456,6.525832928195633,0.13095890083939243,-0.40858403094496554,20.82834286543901,37.5,0.08050294099566552,0.4666666666666667,0.0026893457148924084,1
book_to_market_lf_div_oper_main_profit_ttm+reversal_turn_paper+reversal_chip_turn_eq,3,book_to_market_lf_div_oper_main_profit_ttm|reversal_turn_paper|reversal_chip_turn_eq,120,2021-09-07,2026-08-10,3827.425,0.11020284952122048,0.06250634429083371,19.713827185217458,31.20327591330645,4.717935318091935,14.995891867125524,0.8825151109429555,26.17300974082545,78.33333333333333,0.4210131765159117,0.6833333333333333,0.03170451535432327,1,15,2026-01-09,2026-08-10,4507.933333333333,0.07393163081641628,0.024004175345830527,9.340939962434092,29.858525711461343,4.514609087572954,4.826330874861137,-0.1944149760109908,19.438639097704126,50.0,0.10269398011432561,0.4666666666666667,0.0035430889316110004,1
reversal_turn_paper+paper_composite+reversal_turn_eq,3,reversal_turn_paper|paper_composite|reversal_turn_eq,120,2021-09-07,2026-08-10,3915.3166666666666,0.11252925449505219,0.06322042629725423,17.952625521555344,34.62866511326945,5.235854165126341,12.716771356429001,0.8750673890881407,22.095206147366152,75.0,0.40190141831716475,0.65,0.02939668353942753,1,15,2026-01-09,2026-08-10,4604.6,0.08150810855918492,0.025701250156663417,10.97118982433094,33.897203023427046,5.125257097142169,5.845932727188771,-0.186441089910586,19.425739666709376,62.5,0.09852476529517203,0.5333333333333333,0.004282969208238451,1
impact_abs_return60+reversal_turn_paper+reversal_turn_paper_nomcap,3,impact_abs_return60|reversal_turn_paper|reversal_turn_paper_nomcap,120,2021-09-07,2026-08-10,3915.3166666666666,0.11638416482739068,0.06898745185830281,20.856368262052104,31.75210799505299,4.800918728852012,16.055449533200093,0.962323566919753,22.173478287405445,80.0,0.43180474441875144,0.675,0.03392228331968486,1,15,2026-01-09,2026-08-10,4604.6,0.08255342760399882,0.030295674525562633,9.634569790782521,30.428088978162123,4.600727053498113,5.033842737284409,-0.21001252836980394,19.620134330145966,62.5,0.12037457807210811,0.4666666666666667,0.004637422540910917,1
impact_abs_return60+reversal_turn_paper+reversal_chip_eq,3,impact_abs_return60|reversal_turn_paper|reversal_chip_eq,120,2021-09-07,2026-08-10,3915.3166666666666,0.11809566718696468,0.0733796033559008,24.652203070112954,35.82815835970327,5.417217543987133,19.234985526125822,0.9859925871235861,24.955627046228134,80.0,0.4317825255517634,0.675,0.03441936066842798,1,15,2026-01-09,2026-08-10,4604.6,0.07877250423909905,0.027476097722300908,13.463650949817275,34.785593550792754,5.259581744879864,8.204069204937408,-0.05334486043659933,19.145813612323572,62.5,0.10894781660818927,0.4666666666666667,0.0040049764279509485,1
reversal_turn_paper+paper_composite+reversal40,3,reversal_turn_paper|paper_composite|reversal40,120,2021-09-07,2026-08-10,3915.3166666666666,0.11107673811962072,0.06322843684157482,18.13056869929044,40.687245908452866,6.151911581358072,11.978657117932368,0.8225065035821157,23.746575177220606,73.33333333333333,0.3937431206336891,0.625,0.027334813435644072,1,15,2026-01-09,2026-08-10,4604.6,0.08530569358453258,0.0274536024703787,10.614266485236111,40.0953629328804,6.062418875451516,4.551847609784597,-0.21982221310071473,19.837608275428643,62.5,0.10419365491555976,0.5333333333333333,0.004740433066495609,1
impact60+book_to_market_lf_div_oper_main_profit_ttm+reversal_turn_paper,3,impact60|book_to_market_lf_div_oper_main_profit_ttm|reversal_turn_paper,120,2021-09-07,2026-08-10,3827.425,0.10546099826402715,0.0650927311242214,21.767855626155686,18.864862416105133,2.852367197315096,18.91548842884059,0.9939466558558504,27.044136152469246,75.0,0.43138105732164106,0.7,0.031845713856132246,1,15,2026-01-09,2026-08-10,4507.933333333333,0.07723604107673103,0.035424366887303695,11.681326816781167,17.44837475313569,2.6381942626741166,9.043132554107052,-0.00446913089581347,20.792399158965246,62.5,0.1742059219629003,0.5333333333333333,0.00717598706375273,1
size_only+book_to_market_lf_minus_size+reversal_turn_paper,3,size_only|book_to_market_lf_minus_size|reversal_turn_paper,120,2021-09-07,2026-08-10,3915.3166666666666,0.10072055303097431,0.06622284320703528,23.77188796235894,22.163546608910288,3.3511282472672357,20.420759715091705,1.0348136367589935,27.98018858562934,73.33333333333333,0.37995705554367304,0.6916666666666667,0.026469726960645732,1,15,2026-01-09,2026-08-10,4604.6,0.07315509124308815,0.028326749813785242,10.86399394932589,20.29832114118721,3.0691061565475057,7.7948877927783835,-0.06107583614983049,20.707809169451995,50.0,0.12129838304703401,0.5333333333333333,0.004732583615703909,1
reversal_chip_turn_size_eq+reversal_chip_turn_paper+reversal_chip_turn_eq,3,reversal_chip_turn_size_eq|reversal_chip_turn_paper|reversal_chip_turn_eq,120,2021-09-07,2026-08-10,3915.3166666666666,0.1086066832700857,0.06449268534609469,18.669082332113575,38.48823249277182,5.819420752907099,12.849661579206472,0.8163998108551531,26.07070167690364,66.66666666666666,0.401605267138606,0.5916666666666667,0.025806734494901437,1,15,2026-01-09,2026-08-10,4604.6,0.06801687738750102,0.01852428098143368,6.163189586186501,37.44581597652408,5.661807375650442,0.5013822105360597,-0.3957677062561701,20.901287504593313,37.5,0.07377720950076982,0.4666666666666667,0.0023417778592160574,1
reversal_chip_turn_size_eq+impact_abs_return60+reversal_chip_turn_paper,3,reversal_chip_turn_size_eq|impact_abs_return60|reversal_chip_turn_paper,120,2021-09-07,2026-08-10,3915.3166666666666,0.11519255099224539,0.07311801100003512,24.736466677822587,30.04049378115146,4.542122659710101,20.19434401811249,1.0138625150807083,25.40208610299459,80.0,0.429831831724567,0.6833333333333333,0.03383417388258199,1,15,2026-01-09,2026-08-10,4604.6,0.07185295328292543,0.02472794193084158,11.812217614955712,28.823254080803235,4.358076017017449,7.454141597938263,-0.07897075804406856,20.045546110150127,62.5,0.10214822803665033,0.4666666666666667,0.0034251708666238234,1
impact60+reversal_chip_turn_paper+reversal_chip_turn_eq,3,impact60|reversal_chip_turn_paper|reversal_chip_turn_eq,120,2021-09-07,2026-08-10,3915.3166666666666,0.11715247620308432,0.07246556427602258,23.168802253128916,32.05590530625832,4.8468528823062575,18.32194937082266,0.9815777773999169,23.61560095645907,78.33333333333333,0.4407903405507608,0.6833333333333333,0.03528711458598033,1,15,2026-01-09,2026-08-10,4604.6,0.07562819503978349,0.026070732326003723,11.82092718320754,30.718480089944183,4.644634189599561,7.17629299360798,-0.09810566480938897,19.6019748495226,62.5,0.10492904105780972,0.4666666666666667,0.0037032771918134922,1
reversal_chip_turn_paper+reversal_chip_eq+reversal_turn_eq,3,reversal_chip_turn_paper|reversal_chip_eq|reversal_turn_eq,120,2021-09-07,2026-08-10,3915.3166666666666,0.1048069057818986,0.060693113574003456,16.508036290572136,43.58319715961266,6.589779410533433,9.918256880038703,0.7321675867103853,26.702904420065543,63.33333333333333,0.38422151766797247,0.6,0.024161441040963166,1,15,2026-01-09,2026-08-10,4604.6,0.07118890283435256,0.021313426715538725,5.677638381925753,43.56376071414262,6.586840619978364,-0.9092022380526101,-0.45897817938976726,20.79309517917556,37.5,0.0854698945777455,0.4666666666666667,0.0028394370761668244,1
reversal_chip_turn_paper+book_to_market_lf_div_oper_main_profit_ttm+reversal_turn_eq,3,reversal_chip_turn_paper|book_to_market_lf_div_oper_main_profit_ttm|reversal_turn_eq,120,2021-09-07,2026-08-10,3827.425,0.10883520956588327,0.06187604128449122,20.167793388618005,32.80998798915389,4.9608701839600675,15.206923204657938,0.8872364850564561,25.256656408956513,80.0,0.4240665370229159,0.6666666666666666,0.030768913617844968,1,15,2026-01-09,2026-08-10,4507.933333333333,0.07398554671225394,0.025208304495910747,8.596669640577147,30.655704424469445,4.63514250897978,3.961527131597368,-0.22709874146428533,19.936433614568138,50.0,0.11010501581364782,0.4666666666666667,0.0038015505690092467,1
size_only+reversal_chip_turn_paper+reversal_turn_paper_nomcap,3,size_only|reversal_chip_turn_paper|reversal_turn_paper_nomcap,120,2021-09-07,2026-08-10,3915.3166666666666,0.11612619133194209,0.07019420984388293,22.53522278293787,33.087689815928236,5.002858700168349,17.53236408276952,0.9673522160845424,23.85950244382847,80.0,0.42427571217157084,0.6666666666666666,0.032846348352754545,1,15,2026-01-09,2026-08-10,4604.6,0.07509568308662076,0.023148476203052114,11.422182870340992,31.399899667672916,4.747664829752145,6.674518040588846,-0.12255188936062338,20.342970766751666,62.5,0.09122136395744934,0.4666666666666667,0.0031968209646230225,1
size_only+reversal_chip_turn_paper+reversal_chip_eq,3,size_only|reversal_chip_turn_paper|reversal_chip_eq,120,2021-09-07,2026-08-10,3915.3166666666666,0.11130210058346182,0.07048030920546984,24.79055147864644,35.591658251679256,5.381458727653903,19.409092750992535,0.957429104008634,26.540317273911374,76.66666666666667,0.4072506124146633,0.6833333333333333,0.03097402989419641,1,15,2026-01-09,2026-08-10,4604.6,0.06741452015209624,0.018828077315118208,12.082724709551652,35.285294488138305,5.335136526606512,6.747588182945139,-0.09919845684673655,20.757319578836775,62.5,0.07572831444548622,0.4666666666666667,0.0023824210574591056,1
reversal_chip_turn_paper+book_to_market_lf_div_oper_main_profit_ttm+reversal40,3,reversal_chip_turn_paper|book_to_market_lf_div_oper_main_profit_ttm|reversal40,120,2021-09-07,2026-08-10,3827.425,0.10653296502767914,0.061272874154141045,20.119397336398936,36.97912405609447,5.591243557281484,14.528153779117453,0.8473186089406536,26.960613567057646,75.0,0.4100551679936218,0.65,0.02839485536633435,1,15,2026-01-09,2026-08-10,4507.933333333333,0.07698070608605914,0.02602131087305819,10.814996681169264,35.262036239391136,5.33161987939594,5.483376801773324,-0.15728918049165735,19.416322001908227,62.5,0.11294458479610514,0.4666666666666667,0.0040574584802271114,1
book_to_market_lf_plus_impact+impact_abs_return60+reversal_chip_turn_paper,3,book_to_market_lf_plus_impact|impact_abs_return60|reversal_chip_turn_paper,120,2021-09-07,2026-08-10,3915.3166666666666,0.1050723783988088,0.06779252253611577,24.751394826983987,20.07890472477582,3.0359303943861042,21.71546443259788,1.102892730239039,23.3906683177039,80.0,0.39716287223734925,0.6833333333333333,0.028516079191748353,1,15,2026-01-09,2026-08-10,4604.6,0.07621677678535994,0.028494039479310194,11.417515267042244,18.260344236667304,2.7609640485840967,8.656551218458148,-0.04527286412018574,19.388159413021043,62.5,0.11843986032904226,0.5333333333333333,0.0048144556785001714,1
impact_abs_return60+reversal_chip_turn_paper+paper_composite,3,impact_abs_return60|reversal_chip_turn_paper|paper_composite,120,2021-09-07,2026-08-10,3915.3166666666666,0.10267644358528652,0.06485884808419827,23.03857056210761,20.824623630559252,3.148683092940559,19.88988746916705,1.0543461943306842,24.037695562775554,75.0,0.38058518484374154,0.6833333333333333,0.026702707728352922,1,15,2026-01-09,2026-08-10,4604.6,0.07100136556128865,0.022670588048213904,10.671213165774473,19.000471038189875,2.872871220974309,7.798341944800165,-0.08251577597454147,19.78453476231018,50.0,0.09228492794978087,0.5333333333333333,0.0034945898160851072,1
reversal_chip_turn_size_eq+reversal_chip_turn_eq+reversal_chip_eq,3,reversal_chip_turn_size_eq|reversal_chip_turn_eq|reversal_chip_eq,120,2021-09-07,2026-08-10,3923.15,0.10272317823923553,0.06147894942215838,16.93358130258391,40.65387763472189,6.1468662983699485,10.786715004213962,0.7388954746833558,27.721423593512274,65.0,0.3829340081838727,0.6083333333333333,0.023929520679059905,1,15,2026-01-09,2026-08-10,4613.8,0.0641455079393833,0.01697356483300307,4.45834830144507,39.8375189083818,6.023432858947329,-1.565084557502259,-0.47578456111874196,21.379386582167914,37.5,0.06920621537376642,0.4666666666666667,0.002071658324265882,1
reversal_chip_turn_size_eq+book_to_market_lf_div_oper_main_profit_ttm+reversal_chip_turn_eq,3,reversal_chip_turn_size_eq|book_to_market_lf_div_oper_main_profit_ttm|reversal_chip_turn_eq,120,2021-09-07,2026-08-10,3831.15,0.10672469008152538,0.06299901139758392,20.713943079437968,30.084428974467,4.54876566093941,16.16517741849856,0.8922468968270129,27.243069450581647,78.33333333333333,0.4151153287186766,0.625,0.02768940925349456,1,15,2026-01-09,2026-08-10,4511.133333333333,0.06579643263689337,0.020147298021364352,6.130742902208541,27.92417925260471,4.2221359029938315,1.9086069992147099,-0.30247605311659737,21.06620669764936,50.0,0.08929492652791626,0.4666666666666667,0.0027418008884515133,1
reversal_chip_turn_size_eq+paper_composite+reversal_turn_eq,3,reversal_chip_turn_size_eq|paper_composite|reversal_turn_eq,120,2021-09-07,2026-08-10,3915.3166666666666,0.115730733894039,0.06803581908244415,20.44548904820409,35.51371108556661,5.369673116137672,15.07581593206642,0.9067669359013647,23.965978499166553,71.66666666666667,0.41714068796662046,0.6666666666666666,0.03218399863696087,1,15,2026-01-09,2026-08-10,4604.6,0.07790225450579195,0.023382566183199924,11.343267313168582,34.75311155430621,5.254670467011099,6.088596846157482,-0.15905066761116352,19.65280191861837,62.5,0.08983532611084775,0.4666666666666667,0.0032659080712057705,1
reversal_chip_turn_size_eq+impact_abs_return60+reversal_turn_paper_nomcap,3,reversal_chip_turn_size_eq|impact_abs_return60|reversal_turn_paper_nomcap,120,2021-09-07,2026-08-10,3915.3166666666666,0.11763744575823165,0.07247675734342182,23.876131141579048,31.9585047144429,4.832125912823766,19.044005228755285,1.009043784529008,23.942048962329643,81.66666666666667,0.43947232928757873,0.6833333333333333,0.035327241570854366,1,15,2026-01-09,2026-08-10,4604.6,0.07763838077452355,0.027727083257717142,11.848711842248372,30.791217128328675,4.655632029803296,7.193079812445076,-0.09953676007645676,19.650438312370266,62.5,0.11186396444095129,0.4666666666666667,0.004052970630900024,1
reversal_chip_turn_size_eq+impact_abs_return60+reversal_chip_eq,3,reversal_chip_turn_size_eq|impact_abs_return60|reversal_chip_eq,120,2021-09-07,2026-08-10,3923.15,0.11234639757372758,0.07216297201926487,24.441705207662757,33.86341120990045,5.120147774936949,19.321557432725808,0.9637279762921375,27.052173577332507,80.0,0.42047751022218693,0.675,0.03188641513560722,1,15,2026-01-09,2026-08-10,4613.8,0.06988125540037785,0.023619715961937935,12.027591260270443,33.06921325800381,5.000065044610177,7.027526215660266,-0.09225416927045306,19.6756740708258,62.5,0.09751300315773227,0.4666666666666667,0.003180021169977559,1
reversal_chip_turn_size_eq+paper_composite+reversal40,3,reversal_chip_turn_size_eq|paper_composite|reversal40,120,2021-09-07,2026-08-10,3915.3166666666666,0.11408975863333931,0.06795975035663968,21.64016854981796,41.51382482315392,6.276890313260873,15.363278236557088,0.8872360416409699,25.363420223202947,76.66666666666667,0.40659400189087175,0.6666666666666666,0.03092547435832871,1,15,2026-01-09,2026-08-10,4604.6,0.08176563527963072,0.025116595610505995,13.605894006865359,40.84962007265464,6.176462554985381,7.429431451879978,-0.08982875549138379,19.037197856143628,62.5,0.09542701939453521,0.4666666666666667,0.003641237069696713,1
impact60+reversal_chip_turn_size_eq+book_to_market_lf_div_oper_main_profit_ttm,3,impact60|reversal_chip_turn_size_eq|book_to_market_lf_div_oper_main_profit_ttm,120,2021-09-07,2026-08-10,3831.15,0.10245375257474269,0.06585113977777578,23.912262661715356,18.50281422163694,2.7976255103115055,21.11463715140385,1.0280474358433294,27.83789745774259,76.66666666666667,0.42219934369711487,0.7083333333333334,0.03063960085992376,1,15,2026-01-09,2026-08-10,4511.133333333333,0.06964105883960565,0.03161499952686732,12.284310061937253,16.624916424153444,2.5136873633320005,9.770622698605253,0.024807613098741306,21.048197225553512,50.0,0.16089024404301439,0.5333333333333333,0.005975769041129642,1
size_only+book_to_market_lf_minus_size+reversal_chip_turn_size_eq,3,size_only|book_to_market_lf_minus_size|reversal_chip_turn_size_eq,120,2021-09-07,2026-08-10,3919.575,0.09799312969470145,0.06696197189495139,25.870656477774624,22.73645632083405,3.4377521957101087,22.432904282064513,1.0595189626632568,28.43463999971696,73.33333333333333,0.37341317767049703,0.6833333333333333,0.02500448273193667,1,15,2026-01-09,2026-08-10,4609.8,0.0667879748905482,0.025175218952854832,10.191767344398095,20.58546423701274,3.1125221926363267,7.079245151761768,-0.07721871154209316,21.518272104995784,50.0,0.11101780244713742,0.4666666666666667,0.0034601719610468525,1
reversal_chip_turn_eq+reversal_turn_eq+reversal_turn_paper_nomcap,3,reversal_chip_turn_eq|reversal_turn_eq|reversal_turn_paper_nomcap,120,2021-09-07,2026-08-10,3915.3166666666666,0.10238090160501029,0.056433512070511394,14.404657027774803,43.358814406748515,6.555852738300374,7.848804289474429,0.7017242042134828,26.042373062990176,65.0,0.37361250562830545,0.5833333333333334,0.02231295801999419,1,15,2026-01-09,2026-08-10,4604.6,0.07398810693437977,0.024417082645596767,4.770361952169178,43.27043847424972,6.542490297306558,-1.7721283451373804,-0.5310021869067009,20.491757074900853,37.5,0.09941191863117443,0.5333333333333333,0.00392282648865877,1
size_only+reversal_chip_turn_eq+reversal_turn_eq,3,size_only|reversal_chip_turn_eq|reversal_turn_eq,120,2021-09-07,2026-08-10,3923.15,0.11083976378128045,0.06970995079161992,22.49820417594797,37.07632915589088,5.605940968370701,16.892263207577265,0.9115420426835703,26.41350525999381,75.0,0.43295823776550935,0.6666666666666666,0.03199265920072567,1,15,2026-01-09,2026-08-10,4613.8,0.0704186357572861,0.026064107620683764,7.446382036858035,35.333968212471376,5.342495993725673,2.1038860431323623,-0.29464809157745664,21.289719124349148,37.5,0.11301455480536976,0.4666666666666667,0.0037138876927185513,1
paper_composite+reversal_chip_turn_eq+reversal_turn_paper_nomcap,3,paper_composite|reversal_chip_turn_eq|reversal_turn_paper_nomcap,120,2021-09-07,2026-08-10,3915.3166666666666,0.10960517508042988,0.059667369510637606,16.576061569692246,33.16136050444071,5.013997708271434,11.562063861420812,0.8466180884476585,21.918786906345055,68.33333333333333,0.3749166167116061,0.6166666666666667,0.025340560872730105,1,15,2026-01-09,2026-08-10,4604.6,0.07611036943378184,0.017984534783964667,9.827430069619247,32.1729622968352,4.864551899281483,4.962878170337764,-0.2483638864679925,19.141857154120913,50.0,0.06575297206937125,0.4666666666666667,0.002335425397932193,1
paper_composite+reversal_chip_turn_eq+reversal_chip_eq,3,paper_composite|reversal_chip_turn_eq|reversal_chip_eq,120,2021-09-07,2026-08-10,3915.3166666666666,0.10988412413130579,0.06344745726534166,18.381495861982366,37.23009185729164,5.629189888822496,12.752305973159872,0.8268830605812559,24.139862916287424,70.0,0.38164570830805644,0.6666666666666666,0.02795786959060173,1,15,2026-01-09,2026-08-10,4604.6,0.07195509461170711,0.015039950416662796,9.533384563031266,37.091819494794635,5.608283107612949,3.925101455418317,-0.2547498720145183,20.18180677422381,50.0,0.05496906842924734,0.5333333333333333,0.002109495743756744,1
size_only+reversal_chip_turn_eq+reversal40,3,size_only|reversal_chip_turn_eq|reversal40,120,2021-09-07,2026-08-10,3923.15,0.1090082793985112,0.06969302701325479,22.961927812371453,43.03972851672247,6.507606951728438,16.454320860643012,0.8711280750083248,28.85458291556452,75.0,0.41826735355264155,0.6666666666666666,0.03039640302622814,1,15,2026-01-09,2026-08-10,4613.8,0.07342610087118412,0.02720687634972101,10.302486074116036,42.043945254601596,6.3570445224957615,3.945441551620274,-0.2058032557304405,20.942695756630748,62.5,0.11570104608198736,0.4666666666666667,0.003964555784241512,1
book_to_market_lf_minus_size+book_to_market_lf_plus_impact+reversal_chip_turn_eq,3,book_to_market_lf_minus_size|book_to_market_lf_plus_impact|reversal_chip_turn_eq,120,2021-09-07,2026-08-10,3919.575,0.11042891514125648,0.0663936377727876,22.086264560067193,22.30956806878358,3.3732066920000774,18.713057868067114,1.0247848487871947,23.206580538301957,70.0,0.38218252625076327,0.6666666666666666,0.02813600117321104,1,15,2026-01-09,2026-08-10,4609.8,0.08158410202603941,0.024695635936123127,10.625406297291928,20.37892631073014,3.0812936581823975,7.544112639109531,-0.09806554199373749,20.03445476055864,50.0,0.09283033249172443,0.4,0.003029391726846403,1
book_to_market_lf_minus_size+book_to_market_lf_div_oper_main_profit_ttm+reversal_chip_turn_eq,3,book_to_market_lf_minus_size|book_to_market_lf_div_oper_main_profit_ttm|reversal_chip_turn_eq,120,2021-09-07,2026-08-10,3831.15,0.10795861475737561,0.062231940345112306,20.341707622542128,20.84829066968404,3.1522615492562265,17.1894460732859,0.9359257889457717,27.04486055615898,75.0,0.39197682093872627,0.6833333333333333,0.028916804313788916,1,15,2026-01-09,2026-08-10,4511.133333333333,0.07302539240776852,0.02315553681814581,8.72030201713675,19.99897787623458,3.0238454548866684,5.696456562250081,-0.1497272119479082,20.008962027977194,50.0,0.09938164949656668,0.4666666666666667,0.0033867791778884435,1
reversal_turn_eq+reversal_turn_paper_nomcap+reversal40,3,reversal_turn_eq|reversal_turn_paper_nomcap|reversal40,120,2021-09-07,2026-08-10,3915.3166666666666,0.10058410479602903,0.055803860141713145,14.742557298716674,50.51735682547162,7.638224352011309,7.104332946705365,0.6650697301050387,26.94539258904105,63.33333333333333,0.3689918403205622,0.5666666666666667,0.02103167123022039,1,15,2026-01-09,2026-08-10,4604.6,0.07969366499723497,0.03041443026622015,4.513375188036617,50.942223195816624,7.702464147207473,-3.1890889591708564,-0.5844033243757814,20.863008795590776,50.0,0.12677216385540352,0.5333333333333333,0.005388233790542458,1
reversal_chip_eq+reversal_turn_eq+reversal40,3,reversal_chip_eq|reversal_turn_eq|reversal40,120,2021-09-07,2026-08-10,3923.15,0.09656754744201891,0.05594045051773119,14.468305629235957,49.6179234133187,7.502230020093788,6.966075609142168,0.6280736988945744,28.554254296791072,61.66666666666667,0.3628274504834208,0.575,0.02014648029674909,1,15,2026-01-09,2026-08-10,4613.8,0.07152285986538061,0.025804827334617364,2.828628629449348,50.30559736473117,7.6062063215473525,-4.777577692098005,-0.629705579834306,21.68011653416003,37.5,0.11162443155160164,0.4666666666666667,0.003725726001861721,1
impact60+reversal_turn_eq+reversal40,3,impact60|reversal_turn_eq|reversal40,120,2021-09-07,2026-08-10,3923.15,0.11371082315868665,0.07123836069607234,22.436950853240468,44.327021933282616,6.702245716312332,15.734705136928135,0.8865715454259865,26.345126314970035,75.0,0.4538901575718544,0.6583333333333333,0.033978047098738355,1,15,2026-01-09,2026-08-10,4613.8,0.08744198158514321,0.04019266402773302,12.638692550645791,44.169747484427226,6.678465819645398,5.960226731000394,-0.1293785383411059,19.673331103575574,62.5,0.172503834863926,0.4666666666666667,0.0070392360040510684,1
book_to_market_lf_minus_size+impact60+reversal_turn_eq,3,book_to_market_lf_minus_size|impact60|reversal_turn_eq,120,2021-09-07,2026-08-10,3919.575,0.11439825841552954,0.0735289482285024,25.2547923259973,25.31828680823629,3.828124965405327,21.42666736059197,1.0795795995662623,25.741728783444394,80.0,0.4389193668147482,0.6916666666666667,0.03472969771101413,1,15,2026-01-09,2026-08-10,4609.8,0.08505083174277542,0.036749437834146706,13.246528296846904,23.819691930977868,3.601537419963854,9.64499087688305,0.009260488083682135,19.497601440376343,62.5,0.154415681738642,0.5333333333333333,0.00700436382186624,1
size_only+book_to_market_lf_plus_impact+reversal_turn_eq,3,size_only|book_to_market_lf_plus_impact|reversal_turn_eq,120,2021-09-07,2026-08-10,3919.575,0.11069847204567576,0.07212503013664039,26.32683031124603,25.909748021353924,3.917553900828713,22.409276410417316,1.0866013625735869,26.916566693444388,78.33333333333333,0.4174681841205143,0.7,0.03234916307687664,1,15,2026-01-09,2026-08-10,4609.8,0.08043533389163746,0.03344414208808435,12.189154853348061,24.59723614269698,3.719102104775783,8.470052748572279,-0.03562162147234437,20.15974534940066,62.5,0.1411392606646,0.5333333333333333,0.006054711230280509,1
impact_abs_return60+book_to_market_lf_div_oper_main_profit_ttm+reversal_turn_eq,3,impact_abs_return60|book_to_market_lf_div_oper_main_profit_ttm|reversal_turn_eq,120,2021-09-07,2026-08-10,3831.15,0.103708854189249,0.06398077333854935,22.731994896211425,21.7432477477837,3.287579059464895,19.444415836746533,1.0010211002546017,27.264636300424815,80.0,0.4365305608782508,0.7083333333333334,0.032067726370152136,1,15,2026-01-09,2026-08-10,4511.133333333333,0.07448124166941383,0.03528007893633694,12.541843337583625,21.08358161460474,3.1878375401282364,9.35400579745539,0.006147479881217599,20.829712837756464,62.5,0.17950818362939133,0.5333333333333333,0.00713066261682038,1
impact_abs_return60+reversal_chip_eq+reversal_turn_paper_nomcap,3,impact_abs_return60|reversal_chip_eq|reversal_turn_paper_nomcap,120,2021-09-07,2026-08-10,3915.3166666666666,0.11748872282697095,0.07097538243871486,22.985609271124694,36.97242489837388,5.590230644634131,17.395378626490565,0.9530784538362383,24.189163181855466,76.66666666666667,0.4252994847954912,0.6666666666666666,0.033311928858394006,1,15,2026-01-09,2026-08-10,4604.6,0.07951655877456977,0.02578687342080222,13.15543367012586,35.61611315360951,5.385156308825758,7.770277361300101,-0.07906234622938854,18.85701221577011,62.5,0.09900059131603092,0.4666666666666667,0.0036736869577792225,1
paper_composite+reversal_turn_paper_nomcap+reversal40,3,paper_composite|reversal_turn_paper_nomcap|reversal40,120,2021-09-07,2026-08-10,3915.3166666666666,0.10729017567676728,0.058702148019694346,15.746847837973377,41.1345950968442,6.2195507786428434,9.527297059330534,0.7640747657938196,22.549843553091144,68.33333333333333,0.37354161378690565,0.625,0.025048340853612662,1,15,2026-01-09,2026-08-10,4604.6,0.0837724479297255,0.025040132520025734,9.755309411529623,40.442381482307574,6.114888080124905,3.6404213314047182,-0.28213034031239836,19.53530412083837,62.5,0.09367445718532241,0.5333333333333333,0.0041852472463481186,1
impact60+book_to_market_lf_div_oper_main_profit_ttm+reversal_turn_paper_nomcap,3,impact60|book_to_market_lf_div_oper_main_profit_ttm|reversal_turn_paper_nomcap,120,2021-09-07,2026-08-10,3827.425,0.10738765673942002,0.06349884760712829,20.38444109867177,19.603429240571618,2.9640385011744286,17.42040259749734,0.9703341539735022,25.870540126918574,76.66666666666667,0.43502067297045943,0.6833333333333333,0.03192249798072718,1,15,2026-01-09,2026-08-10,4507.933333333333,0.07909628840425742,0.034226014628289864,11.256967131665629,18.781180501159657,2.83971449177534,8.41725263989029,-0.037655485618004816,19.93225305734282,75.0,0.16107662432994452,0.5333333333333333,0.00679496700436561,1
size_only+book_to_market_lf_minus_size+reversal_turn_paper_nomcap,3,size_only|book_to_market_lf_minus_size|reversal_turn_paper_nomcap,120,2021-09-07,2026-08-10,3915.3166666666666,0.10418579127627746,0.06597205281376903,22.942106251150165,22.61054392453646,3.4187142413899125,19.523392009760247,1.0306668417638005,26.635832475143694,73.33333333333333,0.38180674383767027,0.6666666666666666,0.02651922514756443,1,15,2026-01-09,2026-08-10,4604.6,0.07575747968821264,0.026896540180881,10.569936551301762,20.84652142806989,3.1519940399241677,7.417942511377594,-0.08807761627666058,20.48261751143482,50.0,0.10992820041809492,0.4666666666666667,0.0038863455914899445,1
impact60+reversal_chip_eq+reversal40,3,impact60|reversal_chip_eq|reversal40,120,2021-09-07,2026-08-10,4283.2,0.11011671452633776,0.06954999052615889,20.217176989998386,43.23461997026972,6.537074539504782,13.680102450493603,0.7986574369542037,28.744661707725427,70.0,0.4255787721356027,0.65,0.030461168503821582,1,15,2026-01-09,2026-08-10,4822.8,0.08247251633113532,0.03210009133576881,13.118322756694834,44.249217362555264,6.690481665218356,6.427841091476477,-0.08223408114157937,19.491618503203412,62.5,0.13189526649347058,0.4666666666666667,0.005076276109278359,1
book_to_market_lf_minus_size+impact60+reversal_chip_eq,3,book_to_market_lf_minus_size|impact60|reversal_chip_eq,120,2021-09-07,2026-08-10,4279.2,0.11101267983491671,0.07195524365811021,26.470253115783127,26.415746189653035,3.9940608238755386,22.476192291907587,1.0554531986801607,27.52765089671024,78.33333333333333,0.40763108571965967,0.6916666666666667,0.031299451620081284,1,15,2026-01-09,2026-08-10,4818.8,0.08129843214249452,0.028910716691752974,13.886140625813992,25.304071845692345,3.8259756630686828,10.06016496274531,0.05657202789147006,19.587109440029636,62.5,0.11607856541651848,0.5333333333333333,0.005033069532646901,1
size_only+book_to_market_lf_plus_impact+reversal_chip_eq,3,size_only|book_to_market_lf_plus_impact|reversal_chip_eq,120,2021-09-07,2026-08-10,4279.2,0.10654353151552003,0.06981058156551173,26.952561995235904,27.03643322844439,4.0879087041407915,22.86465329109511,1.0574278934694958,28.050474129872114,76.66666666666667,0.384665800445511,0.7,0.028688556982896327,1,15,2026-01-09,2026-08-10,4818.8,0.07641262082410928,0.025644985366323463,13.991248839542546,26.71758417167492,4.039698726757248,9.9515501127853,0.05257045505945315,19.549535502098713,50.0,0.10351634278787561,0.4666666666666667,0.0036913123569226134,1
impact_abs_return60+book_to_market_lf_div_oper_main_profit_ttm+reversal_chip_eq,3,impact_abs_return60|book_to_market_lf_div_oper_main_profit_ttm|reversal_chip_eq,120,2021-09-07,2026-08-10,4184.716666666666,0.09990485735446371,0.06250563446671074,23.249523210668556,22.162709348239954,3.3510016534538813,19.898521557214675,0.9744477802269234,29.423236313026145,78.33333333333333,0.3965293746064816,0.7,0.02773064742484067,1,15,2026-01-09,2026-08-10,4719.666666666667,0.06987327662303118,0.027485099789054383,13.32018713174632,21.608894669532994,3.2672648740333883,10.052922257712932,0.060623320699940614,20.29488039534433,62.5,0.1316997910195274,0.4666666666666667,0.004294404766914657,1
size_only+impact60+reversal40,3,size_only|impact60|reversal40,120,2021-09-07,2026-08-10,4529.666666666667,0.097547275789942,0.06836869607441397,25.998578952130824,33.41097613540937,5.051739591673896,20.946839360456927,0.9761924019097827,31.292817535758978,83.33333333333334,0.4072776395105389,0.6916666666666667,0.027479103421884355,1,15,2026-01-09,2026-08-10,4885.133333333333,0.07810287131573425,0.039807901591655585,17.441739670469257,32.93625867635279,4.979962311864542,12.461777358604717,0.15199391306013937,20.867221114473033,75.0,0.18765048799660128,0.5333333333333333,0.007816555688711084,1
book_to_market_lf_minus_size+paper_composite+reversal40,3,book_to_market_lf_minus_size|paper_composite|reversal40,120,2021-09-07,2026-08-10,4544.058333333333,0.10521952192660398,0.062413393912627305,19.53426904452076,31.608438679009954,4.779195928266304,14.755073116254453,0.8783723583610284,26.73959455709457,71.66666666666667,0.3645804174491169,0.65,0.024934635198068565,1,15,2026-01-09,2026-08-10,4884.8,0.08409380508771992,0.025830277994626488,12.211911061598723,30.02970892069765,4.540491988809485,7.671419072789239,-0.05079471137450681,19.567261474814966,50.0,0.09655056715967245,0.5333333333333333,0.004330295773778296,1
size_only+book_to_market_lf_div_oper_main_profit_ttm+reversal40,3,size_only|book_to_market_lf_div_oper_main_profit_ttm|reversal40,120,2021-09-07,2026-08-10,4451.758333333333,0.09382938263659914,0.059871749070640516,21.050547350415382,27.338952803173243,4.133649663839795,16.916897686575588,0.8816766707219422,31.230934840820844,73.33333333333333,0.38670907104856905,0.7083333333333334,0.025701643655825824,1,15,2026-01-09,2026-08-10,4789.466666666666,0.07215320343356195,0.03247570053787845,12.444580082574708,26.41293078174758,3.993635134200234,8.450944948374474,0.006712291026607378,21.375040573847283,62.5,0.16418720301414527,0.5333333333333333,0.006318204085475818,1
size_only+book_to_market_lf_minus_size+impact60,3,size_only|book_to_market_lf_minus_size|impact60,120,2021-09-07,2026-08-10,4525.658333333334,0.07544769237386335,0.05567660216292425,23.930031916473006,9.083665912171723,1.3734502859203646,22.556581630552643,1.0696767506540128,30.67869533531029,78.33333333333333,0.33037195463564745,0.7083333333333334,0.017655776134964107,1,15,2026-01-09,2026-08-10,4881.133333333333,0.0637022939861552,0.03270887406098688,14.535188317449688,8.425648657633579,1.273958077034197,13.261230240415491,0.18179666146695134,20.18582479720481,62.5,0.1723663836336022,0.6,0.006588080426134883,1
book_to_market_lf_minus_size+book_to_market_lf_plus_impact+impact_abs_return60,3,book_to_market_lf_minus_size|book_to_market_lf_plus_impact|impact_abs_return60,120,2021-09-07,2026-08-10,4525.658333333334,0.0786608103468384,0.05340953184997788,20.999061832617304,9.427428665940358,1.4254272142901823,19.573634618327123,1.0296893617389837,27.24191172656082,70.0,0.32527609195096774,0.6666666666666666,0.01705765398621056,1,15,2026-01-09,2026-08-10,4881.133333333333,0.06990879054757465,0.030696744638686945,12.027682098837268,9.131661620065605,1.3807072369539197,10.646974861883347,0.0698280825922924,18.546937563860265,50.0,0.14416544016364777,0.4666666666666667,0.004703268061613033,1
book_to_market_lf_plus_impact+book_to_market_lf_div_oper_main_profit_ttm+paper_composite,3,book_to_market_lf_plus_impact|book_to_market_lf_div_oper_main_profit_ttm|paper_composite,120,2021-09-07,2026-08-10,4422.5,0.07669773773357307,0.046746924953038865,16.848322029119434,8.92580928720636,1.3495823642256013,15.498739664893831,0.9174352273147548,27.29094426845221,68.33333333333333,0.2979426486564114,0.625,0.014282204453934716,1,15,2026-01-09,2026-08-10,4778.133333333333,0.06521874032544543,0.02358247684561244,9.323237422704588,8.954503633057337,1.3539209493182693,7.969316473386319,-0.04734322936922445,18.46157414749773,62.5,0.11103758442245526,0.4666666666666667,0.00337947464624599,1
size_only+impact_abs_return60+paper_composite,3,size_only|impact_abs_return60|paper_composite,120,2021-09-07,2026-08-10,4519.358333333334,0.07062959718109986,0.0519494603890832,22.046421730832975,8.921091741316282,1.3488690712870215,20.697552659545956,1.03257365343894,30.761903904738364,75.0,0.30833299799935204,0.6916666666666667,0.015062726183715111,1,15,2026-01-09,2026-08-10,4875.666666666667,0.05743147949718361,0.026710167180142585,11.766257343098086,9.32165681901254,1.409434511034696,10.35682283206339,0.07174462156490025,19.478628496367257,62.5,0.13911370400263082,0.5333333333333333,0.004261069780908993,1
