selection,size,members,5y_periods,5y_first_signal_date,5y_last_signal_date,5y_mean_stock_count,5y_rank_ic,5y_ic_mean,5y_gross_excess_pct,5y_turnover_pct,5y_annual_cost_pct,5y_net_excess_pct,5y_sharpe_after_cost,5y_max_drawdown_pct,5y_monthly_win_rate_pct,5y_ic_ir,5y_win,5y_s_i,5y_direction,recent_periods,recent_first_signal_date,recent_last_signal_date,recent_mean_stock_count,recent_rank_ic,recent_ic_mean,recent_gross_excess_pct,recent_turnover_pct,recent_annual_cost_pct,recent_net_excess_pct,recent_sharpe_after_cost,recent_max_drawdown_pct,recent_monthly_win_rate_pct,recent_ic_ir,recent_win,recent_s_i,recent_direction
t10_size_plus_impact_bm+t10_nomcap_plus_impact,2,t10_size_plus_impact_bm|t10_nomcap_plus_impact,120,2021-09-07,2026-08-10,3919.575,0.11845527919932425,0.07293920765333313,22.59282767722648,32.62474096068225,4.932860833255156,17.659966843971322,0.9565163378276583,24.342411964905864,75.0,0.43771566564099695,0.6916666666666667,0.035862730873533796,1,15,2026-01-09,2026-08-10,4609.8,0.07669874422146418,0.02527749079501794,10.45603401229297,31.506048132640093,4.763714477655181,5.692319534637788,-0.15678553010117102,20.290764710111286,62.5,0.09978516208970419,0.4666666666666667,0.0035715850913005972,1
t10_size_plus_impact_bm+exp_weighted_reversal63,2,t10_size_plus_impact_bm|exp_weighted_reversal63,120,2021-09-07,2026-08-10,3919.575,0.12274458834009462,0.07178655221827444,21.158652638675424,50.885074697056,7.693823294194867,13.464829344480556,0.8283847669912983,25.771640309271326,71.66666666666667,0.46072906136760083,0.6666666666666666,0.037701332649256236,1,15,2026-01-09,2026-08-10,4609.8,0.0893117906140619,0.030588095999518672,12.210441993413578,53.01673035785143,8.016129630107136,4.194312363306444,-0.20357898887972703,20.335776802479234,50.0,0.13347043232813452,0.5333333333333333,0.006357591096137956,1
t10_size_plus_impact_bm+reversal20,2,t10_size_plus_impact_bm|reversal20,120,2021-09-07,2026-08-10,3919.575,0.11877709919137422,0.0738199848487327,23.822731945360907,56.63819704916341,8.563695393833507,15.2590365515274,0.8664906443254136,24.41600791800046,78.33333333333333,0.45830550466793185,0.625,0.03402262399243485,1,15,2026-01-09,2026-08-10,4609.8,0.0829286346065608,0.03173111219025039,9.904127742103586,57.264117861346776,8.658334620635632,1.245793121467953,-0.30608178714902445,20.86891399876426,50.0,0.1287187722593475,0.4666666666666667,0.004981420281460254,1
t10_size_plus_impact_bm+impact_abs_return60,2,t10_size_plus_impact_bm|impact_abs_return60,120,2021-09-07,2026-08-10,3919.575,0.10252580870102922,0.06999686201722383,27.439896463860535,21.382744157171192,3.2330709165642837,24.20682554729625,1.1307144553612596,25.462926717467717,80.0,0.41416308781321914,0.6916666666666667,0.029369830479247922,1,15,2026-01-09,2026-08-10,4609.8,0.07097699038074808,0.030789283674952986,13.632903085962422,19.543784753537974,2.9550202547349413,10.677882831227482,0.05054127158117727,19.561997612686977,75.0,0.14158274565306417,0.5333333333333333,0.005359529160691966,1
t10_size_plus_impact_bm+alpha13,2,t10_size_plus_impact_bm|alpha13,120,2021-09-07,2026-08-10,3919.575,0.11121438416250425,0.06162744287784564,20.434038612825734,66.6611991043872,10.079173304583342,10.35486530824239,0.7380804691028434,25.421626509747263,75.0,0.4581701809483588,0.675,0.034394702298161536,1,15,2026-01-09,2026-08-10,4609.8,0.07361536447828385,0.02451249976098906,4.92357018990387,67.10099665457041,10.145670694171045,-5.222100504267176,-0.6795573280108751,22.26008608990909,50.0,0.12353829204602869,0.5333333333333333,0.004850302077862974,1
t10_size_plus_impact_bm+max5_low21,2,t10_size_plus_impact_bm|max5_low21,120,2021-09-07,2026-08-10,3890.9083333333333,0.09015672804188732,0.052924660121082066,15.56805873338436,70.28547029708233,10.627163108918847,4.940895624465513,0.5821451391839236,28.083737463480375,71.66666666666667,0.3880147711745356,0.6583333333333333,0.023029910282336682,1,15,2026-01-09,2026-08-10,4584.933333333333,0.055689594676478514,0.01506711761118004,7.180188595802495,73.65851173798494,11.137166974783323,-3.9569783789808284,-0.6854745400758385,20.06949792881505,50.0,0.08220290454810728,0.4666666666666667,0.0021363283365728953,1
t10_size_plus_impact+t10_size_plus_impact_wc,2,t10_size_plus_impact|t10_size_plus_impact_wc,120,2021-09-07,2026-08-10,3919.575,0.11521495351550724,0.07345030838189458,24.57467836526932,29.972400193053133,4.5318269091896335,20.042851456079685,1.0030205120406814,25.95822577555098,83.33333333333334,0.44348612436493057,0.7,0.035767363242434555,1,15,2026-01-09,2026-08-10,4609.8,0.0712173710797184,0.025495275589535668,10.392425915712789,28.939616735845448,4.375670050459831,6.016755865252957,-0.1328067732293839,20.17861997314131,62.5,0.1093310823354699,0.4666666666666667,0.003633593721908456,1
t10_size_plus_impact_wc+reversal_turn_paper,2,t10_size_plus_impact_wc|reversal_turn_paper,120,2021-09-07,2026-08-10,3915.3166666666666,0.11844342732460306,0.07111130894257302,21.11438677809403,33.89402484509844,5.124776556578885,15.989610221515143,0.9262880307437347,24.9509149104991,76.66666666666667,0.4445771109242179,0.675,0.03554363479135585,1,15,2026-01-09,2026-08-10,4604.6,0.07892936269743085,0.02703325863758925,9.56416690989592,32.684971897102805,4.941967750841945,4.622199159053976,-0.2098900945062086,20.20366335876367,62.5,0.10940498203446605,0.4666666666666667,0.004029790570355329,1
t10_size_plus_impact_wc+reversal_turn_eq,2,t10_size_plus_impact_wc|reversal_turn_eq,120,2021-09-07,2026-08-10,3919.575,0.11260130700008454,0.06806687862467559,21.27444736740529,38.53788517579973,5.826928238580919,15.447519128824371,0.892113859339533,25.88141386906496,78.33333333333333,0.44316134085480435,0.65,0.032435355024904605,1,15,2026-01-09,2026-08-10,4609.8,0.07556836590745596,0.028520575976086572,5.608410470900626,37.2205606199897,5.627748765742441,-0.019338294841814846,-0.40024145807621436,20.83273991476029,50.0,0.12282153849174282,0.4666666666666667,0.0043313307156283305,1
t10_size_plus_impact_wc+book_to_market_lf_plus_impact,2,t10_size_plus_impact_wc|book_to_market_lf_plus_impact,120,2021-09-07,2026-08-10,3919.575,0.11079978636233304,0.0693546774780299,22.685239333953653,20.179657616657252,3.051164231638576,19.63407510231508,1.0453549554546668,24.342620608322306,76.66666666666667,0.41600802771923223,0.675,0.03111318040250686,1,15,2026-01-09,2026-08-10,4609.8,0.07918622279687076,0.027918210007751024,11.354326880667209,18.88027130952602,2.8546970220003343,8.499629858666875,-0.04893697585993177,19.596825429386012,62.5,0.11438910352819293,0.4666666666666667,0.004227085817508307,1
size_only+t10_size_plus_impact_wc,2,size_only|t10_size_plus_impact_wc,120,2021-09-07,2026-08-10,3919.575,0.09464490296023904,0.06721915588761739,26.87986905694817,22.278632990409065,3.3685293081498506,23.511339748798317,1.072401644388712,28.955979613422077,76.66666666666667,0.3879767379122756,0.7083333333333334,0.026010014669964006,1,15,2026-01-09,2026-08-10,4609.8,0.060019577525899294,0.02599941914963707,12.612496450687615,21.366617572871313,3.230632577018142,9.381863873669474,0.016125841787413848,20.45761895325171,75.0,0.12881185967448908,0.5333333333333333,0.004123324478927071,1
t10_size_plus_impact_wc+alpha44,2,t10_size_plus_impact_wc|alpha44,120,2021-09-07,2026-08-10,3919.125,0.10089172735284226,0.057162751209538086,16.80643248277869,74.27845650176111,11.23090262306628,5.575529859712408,0.5907769371062938,29.288447189842593,71.66666666666667,0.4645847441847805,0.6833333333333333,0.032029717517430244,1,15,2026-01-09,2026-08-10,4609.333333333333,0.06490374076344922,0.022184360247696953,2.628189698156369,74.17459373101103,11.215198572128866,-8.587008873972497,-0.8182096340367865,23.971693706929255,37.5,0.13095018659406196,0.4666666666666667,0.003966273249692274,1
t10_size_plus_impact_wc+quality_asset_turnover_tsrank378,2,t10_size_plus_impact_wc|quality_asset_turnover_tsrank378,120,2021-09-07,2026-08-10,3918.8166666666666,0.08546482853819569,0.05682301171707665,19.727365984820366,30.746239425342765,4.648831401111826,15.078534583708542,0.9171467792319333,24.00501483448577,85.0,0.5300287431251418,0.675,0.03057670056476629,1,15,2026-01-09,2026-08-10,4607.466666666666,0.0486327867144118,0.02420643351010321,7.0090516182443885,29.24560932293911,4.421936129628393,2.587115488615995,-0.30466116511163654,19.70699600473833,62.5,0.174137773514121,0.4666666666666667,0.003952109092509571,1
t10_size_plus_impact_g13+t10_size_plus_impact,2,t10_size_plus_impact_g13|t10_size_plus_impact,120,2021-09-07,2026-08-10,3923.15,0.11293617322684203,0.07379131960180114,25.180331476898353,28.931593612283436,4.374456954177256,20.805874522721098,1.0197802284145099,26.718971869346543,78.33333333333333,0.4365984380013555,0.7,0.034515429777282815,1,15,2026-01-09,2026-08-10,4613.8,0.07108872145111185,0.027581940357767565,10.54385118031107,27.659199559899093,4.182070973456743,6.361780206854327,-0.11701063871267649,20.663260213696244,50.0,0.11935577523255629,0.4666666666666667,0.003959596414241397,1
t10_size_plus_impact+momentum20,2,t10_size_plus_impact|momentum20,120,2021-09-07,2026-08-10,3923.15,0.11901201385503495,0.07999007647207593,25.99355618060177,53.121037753653596,8.031900908352425,17.96165527224935,0.9225197705465946,26.5323804127644,78.33333333333333,0.48869466162151365,0.65,0.03780434829585778,1,15,2026-01-09,2026-08-10,4613.8,0.08155578691495116,0.035206861685259,9.195149669744918,51.66055479485804,7.811075884982535,1.3840737847623825,-0.29113745701907745,21.07380635235927,50.0,0.13938112111091736,0.4666666666666667,0.005304757272868189,1
t10_size_plus_impact+reversal40,2,t10_size_plus_impact|reversal40,120,2021-09-07,2026-08-10,3923.15,0.11003219190128136,0.06878848277811277,21.871976099623524,46.723314647258135,7.06456517466543,14.807410924958095,0.8355033349234905,27.721771745862146,75.0,0.4232012939419715,0.6416666666666667,0.02987969984223172,1,15,2026-01-09,2026-08-10,4613.8,0.07918320513925349,0.03096840801647768,10.57092595473007,46.62370231711231,7.049503790347382,3.5214221643826886,-0.22873470960632844,20.582274051518667,50.0,0.12981804721061996,0.4666666666666667,0.004797057562759379,1
t10_size_plus_impact+momentum120,2,t10_size_plus_impact|momentum120,120,2021-09-07,2026-08-10,3923.15,0.10759090674523843,0.06909730556083458,21.771338307669595,32.691378659384654,4.94293645329896,16.828401854370636,0.9014483007491657,26.110679862142263,68.33333333333333,0.39581391220830126,0.6583333333333333,0.02803576866360696,1,15,2026-01-09,2026-08-10,4613.8,0.06465343956886009,0.01175744322972033,12.60554424014092,31.589793964934664,4.776376847498121,7.8291673926428,-0.0673841704406944,19.476991960626034,62.5,0.044342688688202334,0.4666666666666667,0.0013378900935976173,1
t10_size_plus_impact+book_to_market_lf_div_oper_main_profit_ttm,2,t10_size_plus_impact|book_to_market_lf_div_oper_main_profit_ttm,120,2021-09-07,2026-08-10,3831.15,0.10324429484339469,0.06013831332417862,20.724750846073746,18.285203262244497,2.764722733251368,17.96002811282238,0.9452653369326691,27.966427344078802,75.0,0.41336007030241634,0.7083333333333334,0.030229590523808896,1,15,2026-01-09,2026-08-10,4511.133333333333,0.06501066232546987,0.025265299510255634,10.46400109017881,16.576841480303884,2.506418431821947,7.957582658356863,-0.051238123896537376,20.678228527159558,50.0,0.1356074589996822,0.4666666666666667,0.004114101005393559,1
t10_size_plus_impact+ev_ebitda_proxy,2,t10_size_plus_impact|ev_ebitda_proxy,120,2021-09-07,2026-08-10,3825.0666666666666,0.0848969623271393,0.05523091456742268,20.28637997395286,23.191907456584744,3.5066164074356134,16.779763566517246,0.9114581313451066,28.038389534048815,71.66666666666667,0.38437204050757584,0.6666666666666666,0.02175467909505155,1,15,2026-01-09,2026-08-10,4505.733333333334,0.05170406008491161,0.010976807639657634,4.419914461112451,19.990590286394966,3.0225772513029185,1.3973372098095322,-0.3342092500977421,20.108340819025862,50.0,0.04870815102420387,0.4666666666666667,0.0011752576113508468,1
t10_size_plus_impact+quality_net_margin_tsrank378,2,t10_size_plus_impact|quality_net_margin_tsrank378,120,2021-09-07,2026-08-10,3920.641666666667,0.08696961017876292,0.05709526175873013,20.34918571073614,28.41602028959967,4.29650226778747,16.05268344294867,0.9554775867134591,22.536046000957764,76.66666666666667,0.47478086865107355,0.6666666666666666,0.02752767137794554,1,15,2026-01-09,2026-08-10,4609.933333333333,0.056406811338610356,0.024514680659712202,9.833048968444313,25.454931349495773,3.8487856200437607,5.984263348400553,-0.16551689079921078,18.418639266534996,62.5,0.14532161547633268,0.4,0.0032788515790382307,1
t10_size_plus_impact_aggregate+reversal_chip_turn_paper,2,t10_size_plus_impact_aggregate|reversal_chip_turn_paper,120,2021-09-07,2026-08-10,3915.3166666666666,0.11731086028795143,0.07265095872332956,23.776141254304495,32.384887241632846,4.896594950934887,18.879546303369608,0.9867385125978426,24.259617318559425,78.33333333333333,0.43318084008479557,0.6833333333333333,0.03472482495724667,1,15,2026-01-09,2026-08-10,4604.6,0.0742408631862585,0.023932612838996555,10.971442170571633,31.32836506780109,4.736848798251525,6.234593372320108,-0.13811815799258953,20.020829492042235,62.5,0.09491419013508724,0.4666666666666667,0.003288371988651651,1
t10_size_plus_impact_aggregate+momentum20_open,2,t10_size_plus_impact_aggregate|momentum20_open,120,2021-09-07,2026-08-10,3923.15,0.11970524293863762,0.08186028758950749,26.43647773172124,51.777573807695596,7.828769159723575,18.607708571997666,0.9420283002285852,26.07909359420396,81.66666666666667,0.4957246568806275,0.6833333333333333,0.040549574329755,1,15,2026-01-09,2026-08-10,4613.8,0.08534313780644932,0.03993228918511085,10.494353051989581,50.77640477117055,7.677392401400987,2.816960650588593,-0.2290342368528202,21.07111120654338,62.5,0.14866118061407496,0.4666666666666667,0.005920698757687678,1
t10_size_plus_impact_aggregate+book_to_market_lf_minus_size,2,t10_size_plus_impact_aggregate|book_to_market_lf_minus_size,120,2021-09-07,2026-08-10,3919.575,0.10614418462316494,0.06944259615084114,25.688800492111685,20.32978188430849,3.0738630209074436,22.61493747120424,1.093253637185265,27.12556114235285,76.66666666666667,0.39269717616113636,0.6916666666666667,0.028830410750814866,1,15,2026-01-09,2026-08-10,4609.8,0.07632565243743764,0.028419477005149726,12.064805190785233,18.64475772934826,2.819087368677457,9.245717822107775,-0.005489934673259471,20.62347624515248,50.0,0.1177313936413065,0.5333333333333333,0.004792493563755474,1
t10_size_plus_impact_aggregate+fscore_eq,2,t10_size_plus_impact_aggregate|fscore_eq,120,2021-09-07,2026-08-10,3833.0833333333335,0.11013684196860202,0.06642682333793819,20.64918093237398,40.38813945599013,6.106686685745707,14.542494246628271,0.8850213972082291,24.57702029241837,71.66666666666667,0.43335564088117307,0.6583333333333333,0.03142121097615524,1,15,2026-01-09,2026-08-10,4513.866666666667,0.08729604375663169,0.035851001355596504,13.687339260337039,39.906327121476785,6.033836660767291,7.653502599569749,-0.08864884052797133,18.393828488244136,62.5,0.14879360080667586,0.4666666666666667,0.00606157658713897,1
t10_size_plus_impact_aggregate+drawdown120,2,t10_size_plus_impact_aggregate|drawdown120,120,2021-09-07,2026-08-10,3923.15,0.08992618922849503,0.06200496440272611,21.485402136290976,30.852798555438344,4.6649431415822775,16.820458994708698,0.8956118134499288,25.35778323820711,75.0,0.3741189588452074,0.5916666666666667,0.019905496269856653,1,15,2026-01-09,2026-08-10,4613.8,0.046228928216660435,0.013707282486886683,6.211599445032356,29.674616518065694,4.486802017531533,1.7247974275008238,-0.3129442011342678,20.26991186300914,50.0,0.06116113859825004,0.4666666666666667,0.001319459813423603,1
t10_size_plus_impact_aggregate+cash_conversion,2,t10_size_plus_impact_aggregate|cash_conversion,120,2021-09-07,2026-08-10,3918.0666666666666,0.08512782014064493,0.053990556638744976,20.24750828673212,21.18995343802965,3.203920959830083,17.043587326902035,1.0036501974157828,22.878191636460134,80.0,0.4612934166370196,0.675,0.026506509527389362,1,15,2026-01-09,2026-08-10,4606.8,0.06278768911965789,0.02686230630010696,6.008100442858577,17.675597449461726,2.6725503343586134,3.335550108499964,-0.2910587491955392,19.840712088372037,62.5,0.14603435022314473,0.5333333333333333,0.004890218337387762,1
t10_size_plus_impact_fscore+t10_size_plus_impact_dd120,2,t10_size_plus_impact_fscore|t10_size_plus_impact_dd120,120,2021-09-07,2026-08-10,3833.0833333333335,0.11490216212187228,0.0724748520338232,24.61434219498266,32.49207967230577,4.912802446452632,19.70153974853003,0.991642093933101,25.623129569116177,78.33333333333333,0.43088409681973533,0.6666666666666666,0.033006342899011824,1,15,2026-01-09,2026-08-10,4513.866666666667,0.07339048875286318,0.025423216447876634,11.68391385671097,31.101698051650462,4.70257674540955,6.9813371113014195,-0.09488552591739899,20.161453344989532,62.5,0.10343843385877778,0.4666666666666667,0.003542652034472326,1
t10_size_plus_impact_fscore+reversal_chip_turn_eq,2,t10_size_plus_impact_fscore|reversal_chip_turn_eq,120,2021-09-07,2026-08-10,3833.0833333333335,0.11227246721080458,0.0672707237844204,21.161767335288562,37.27648696616838,5.636204829284659,15.525562506003904,0.8941468604990744,25.527650589222784,78.33333333333333,0.4160161658358078,0.6333333333333333,0.0295812021807114,1,15,2026-01-09,2026-08-10,4513.866666666667,0.07330073009604705,0.023480583092315467,6.818595118504078,35.694014059306035,5.396934925767073,1.4216601927370058,-0.3458532703788375,20.63505040696574,62.5,0.0932040241753912,0.4666666666666667,0.003188230742641371,1
t10_size_plus_impact_fscore+impact60,2,t10_size_plus_impact_fscore|impact60,120,2021-09-07,2026-08-10,3833.0833333333335,0.1066438204823878,0.0709885870055482,26.95985394319067,22.897114128164734,3.4620436561785075,23.497810287012165,1.1253821993727433,25.322897335647575,80.0,0.4462202981762185,0.7,0.033310646162011535,1,15,2026-01-09,2026-08-10,4513.866666666667,0.07847054168008452,0.036659244117160025,13.668530701612235,21.42640597761013,3.239672583814652,10.428858117797585,0.040882943546505644,19.165401469559164,75.0,0.17204382524125264,0.5333333333333333,0.0072001984850106095,1
t10_size_plus_impact_fscore+fscore_interact,2,t10_size_plus_impact_fscore|fscore_interact,120,2021-09-07,2026-08-10,3833.0833333333335,0.10171641691312064,0.057244916158926,15.13502129948936,40.940598848304724,6.190218545863674,8.944802753625686,0.7348210713615283,25.744604221289023,68.33333333333333,0.40721965099119467,0.6416666666666667,0.026578426102071333,1,15,2026-01-09,2026-08-10,4513.866666666667,0.08226933294275467,0.03224872687380506,12.83872473650739,41.09081451717138,6.212931154996313,6.625793581511077,-0.15492158387238095,17.231055620208412,62.5,0.14415227825903096,0.5333333333333333,0.006324966279759377,1
t10_size_plus_impact_fscore+value_bm,2,t10_size_plus_impact_fscore|value_bm,120,2021-09-07,2026-08-10,3833.0833333333335,0.10941722166940263,0.05806736265202801,11.551005522841539,19.738490484214488,2.9844597612132304,8.56654576162831,0.780844914680161,23.054178797649715,61.66666666666667,0.3499501993117794,0.65,0.02488887604537659,1,15,2026-01-09,2026-08-10,4513.866666666667,0.08334444110915726,0.022258924522706072,6.746194755987956,17.47238958082916,2.641825304621369,4.104369451366587,-0.3196830548003717,20.109255495353985,62.5,0.08210999800185521,0.4666666666666667,0.0031935922167046996,1
t10_size_plus_impact_fscore+quality_roic,2,t10_size_plus_impact_fscore|quality_roic,120,2021-09-07,2026-08-10,3833.0,0.07767161682634469,0.04308360392202492,11.656471832170645,25.402234336256996,3.840817831642058,7.815654000528588,0.7508794602470008,25.895284744503677,70.0,0.3414179630409608,0.55,0.014585166861621741,1,15,2026-01-09,2026-08-10,4513.8,0.07163338139020269,0.03469492859014998,9.090034017129433,24.329801837203025,3.678666037785097,5.4113679793443366,-0.24500168312271403,17.377213396427628,62.5,0.19327405269996187,0.4666666666666667,0.006460941167280368,1
t10_size_plus_impact_downside+t10_size_plus_wc_mcap,2,t10_size_plus_impact_downside|t10_size_plus_wc_mcap,120,2021-09-07,2026-08-10,3919.575,0.11501882750411477,0.07275425318260612,24.047679731701564,30.31129165769651,4.583067298643712,19.464612433057855,0.9891464134152865,25.667989246983524,81.66666666666667,0.4411592508724563,0.6916666666666667,0.03509628701307761,1,15,2026-01-09,2026-08-10,4609.8,0.07077249404794168,0.024553290841970752,9.981403722535054,29.05657615856057,4.393354315174358,5.588049407360696,-0.15596649267340193,20.09719682475413,62.5,0.10463342184756136,0.4666666666666667,0.00345574517163041,1
t10_size_plus_impact_downside+weighted_reversal,2,t10_size_plus_impact_downside|weighted_reversal,120,2021-09-07,2026-08-10,3923.15,0.11970148717038395,0.07396956170890197,22.99926346700396,52.15622632221999,7.886021419919663,15.113242047084297,0.8660607573802984,25.06320885492506,76.66666666666667,0.48816632128269977,0.675,0.03944310838472337,1,15,2026-01-09,2026-08-10,4613.8,0.09121788589312284,0.03950741100549339,12.763189167712897,52.28685244411869,7.905772089550746,4.85741707816215,-0.16872879163855797,20.561260322896537,50.0,0.1750419755324763,0.4666666666666667,0.00745124751029317,1
t10_size_plus_impact_downside+turn_bias,2,t10_size_plus_impact_downside|turn_bias,120,2021-09-07,2026-08-10,3923.15,0.10891749171820418,0.07067645248536551,22.77028854532608,26.883438759799137,4.0647759404816295,18.705512604844447,1.0080094332823821,24.441202581395505,76.66666666666667,0.4780859931304591,0.6666666666666666,0.03471461813158413,1,15,2026-01-09,2026-08-10,4613.8,0.07119347310189968,0.03477739297798799,5.747025247523407,24.509632049434916,3.7058563658745594,2.041168881648848,-0.32422600204303964,21.149116994431783,50.0,0.15620403690745363,0.4666666666666667,0.0051896636866568405,1
t10_size_plus_impact_downside+paper_composite,2,t10_size_plus_impact_downside|paper_composite,120,2021-09-07,2026-08-10,3915.3166666666666,0.10387788178270657,0.06546155681522564,22.92403811160273,20.43746799956123,3.0901451615336577,19.83389295006907,1.0520348638016197,25.125398634420016,75.0,0.3820351579613897,0.6916666666666667,0.02744879372475602,1,15,2026-01-09,2026-08-10,4604.6,0.07223889924101688,0.022824065788360617,12.538935430775533,19.404039885847872,2.9338908307401987,9.605044600035335,-0.00525993585479126,19.42335120552754,50.0,0.09163540761114909,0.5333333333333333,0.0035304751879100325,1
t10_size_plus_impact_downside+skew60_low,2,t10_size_plus_impact_downside|skew60_low,120,2021-09-07,2026-08-10,3923.15,0.09882718635726577,0.05897025374417898,21.12892083275053,30.38182821245627,4.593732425723388,16.535188407027142,0.9342889061258441,25.846585215291206,75.0,0.4416656229939188,0.675,0.029462785311072083,1,15,2026-01-09,2026-08-10,4613.8,0.07784542799244527,0.03225757600789737,10.561786431662911,30.353471318991097,4.589444863431455,5.972341568231458,-0.16546488095847212,19.215033534621906,62.5,0.18795960658294855,0.5333333333333333,0.007803624543862008,1
t10_size_plus_impact_downside+asset_growth,2,t10_size_plus_impact_downside|asset_growth,120,2021-09-07,2026-08-10,3923.125,0.07954518675843322,0.05283415163521874,15.221917164247811,20.113232436826785,3.04112074444821,12.180796419799602,0.8388377662580372,25.454392656382062,71.66666666666667,0.4737273352047439,0.625,0.023551705844647657,1,15,2026-01-09,2026-08-10,4613.8,0.07525588760184748,0.046169697314016676,6.054965275718227,19.377834241382583,2.9299285372970467,3.1250367384211803,-0.2904665289138028,19.490317801066894,50.0,0.3801783913256688,0.4666666666666667,0.013351642400252668,1
t10_size_plus_impact_g13+t10_size_plus_wc_mcap,2,t10_size_plus_impact_g13|t10_size_plus_wc_mcap,120,2021-09-07,2026-08-10,3919.575,0.1145821820041237,0.0726373837845389,24.214317030041933,30.192303366970396,4.565076269085924,19.64924076095601,0.9909615656726115,25.95489649284155,81.66666666666667,0.4386337644787118,0.6916666666666667,0.034762899568968796,1,15,2026-01-09,2026-08-10,4609.8,0.06982491173025424,0.024018867118105303,10.079654590761766,29.084990520281572,4.397650566666574,5.682004024095193,-0.14987883321560266,20.220144948988793,62.5,0.102785387108491,0.4666666666666667,0.0033492576049381846,1
t10_size_plus_impact_g13+weighted_reversal,2,t10_size_plus_impact_g13|weighted_reversal,120,2021-09-07,2026-08-10,3923.15,0.11936750555834107,0.07392177601014212,24.1355418944295,52.013681175980054,7.864468593808184,16.271073300621318,0.895596612211078,25.288227935335726,78.33333333333333,0.4861791343485515,0.6916666666666667,0.040140176777509286,1,15,2026-01-09,2026-08-10,4613.8,0.09025648337247034,0.03886428913259484,12.206042583696664,51.666432281621454,7.811964560981163,4.3940780227155,-0.1846053467545591,20.8458107265029,50.0,0.1729843972954383,0.4666666666666667,0.007286049576489847,1
t10_size_plus_impact_g13+turn_bias,2,t10_size_plus_impact_g13|turn_bias,120,2021-09-07,2026-08-10,3923.15,0.10899536106622348,0.07099040672846299,23.385077675419442,26.498383579197966,4.006555597174732,19.378522078244707,1.0225805275351412,24.166191073800213,78.33333333333333,0.47930321302163775,0.6666666666666666,0.03482788450899629,1,15,2026-01-09,2026-08-10,4613.8,0.07041989617880648,0.03429296871461897,6.128500275888782,24.33681292359662,3.679726114047809,2.448774161840973,-0.3066438714484715,20.87813960913233,50.0,0.1545999479018559,0.4666666666666667,0.005080559064232206,1
t10_size_plus_impact_g13+paper_composite,2,t10_size_plus_impact_g13|paper_composite,120,2021-09-07,2026-08-10,3915.3166666666666,0.10238563842283321,0.06488171909036285,23.229409977103877,20.253795866889185,3.0623739350736447,20.167036042030233,1.0585285745832296,25.373868160110867,76.66666666666667,0.3769995513579317,0.6916666666666667,0.02669787666104161,1,15,2026-01-09,2026-08-10,4604.6,0.07099640992459723,0.022255316398945686,13.36973434211739,18.883868797199156,2.855240962136513,10.514493379980877,0.032255347786210434,19.102425373393405,50.0,0.09003769455957739,0.5333333333333333,0.003409254971529298,1
t10_size_plus_impact_g13+skew60_low,2,t10_size_plus_impact_g13|skew60_low,120,2021-09-07,2026-08-10,3923.15,0.09815460920294385,0.05891145279326387,21.595961004421827,29.931218528046315,4.5256002414406025,17.070360762981224,0.9458901460856901,25.988707501474927,73.33333333333333,0.4364156536366517,0.675,0.028914440354608176,1,15,2026-01-09,2026-08-10,4613.8,0.07661709766400446,0.031594636001448885,10.138983201176766,29.91954264770728,4.523834848333341,5.615148352843424,-0.17662394053958072,19.608809631866862,62.5,0.18557941852299795,0.5333333333333333,0.0075832300978163686,1
t10_size_plus_impact_g13+asset_growth,2,t10_size_plus_impact_g13|asset_growth,120,2021-09-07,2026-08-10,3923.125,0.07891402713808304,0.05278628246609838,15.424098373242924,19.789291705244427,2.992140905832957,12.431957467409966,0.8472999790376284,25.238855798676173,71.66666666666667,0.47353262143932495,0.625,0.02335522883689406,1,15,2026-01-09,2026-08-10,4613.8,0.07375156781257099,0.0454302248215354,6.055127703086304,19.232341032335174,2.907929964089078,3.1471977389972268,-0.2892928086321816,19.52775631874789,50.0,0.38067618627565836,0.4666666666666667,0.01310188393114539,1
t10_size_plus_impact_dd120+t10_nomcap_plus_impact,2,t10_size_plus_impact_dd120|t10_nomcap_plus_impact,120,2021-09-07,2026-08-10,3923.15,0.11126283605790176,0.07062939690650408,23.25078274975876,33.65662580654977,5.0888818219503245,18.161900927808432,0.9474509415439113,25.157672610484163,75.0,0.4277630020563024,0.6416666666666667,0.03053956339371519,1,15,2026-01-09,2026-08-10,4613.8,0.06783683206846716,0.02280695828381283,10.187470531475107,32.8133072940526,4.961372062860753,5.226098468614354,-0.17207795260983597,19.957583924857282,50.0,0.09484224879028375,0.4666666666666667,0.0030024389286183884,1
t10_nomcap_plus_impact+reversal_chip_turn_eq,2,t10_nomcap_plus_impact|reversal_chip_turn_eq,120,2021-09-07,2026-08-10,3923.15,0.10685970588756244,0.06391952340759557,18.818873329284735,37.99066998493362,5.7441893017219625,13.074684027562771,0.8198373316460648,26.786783089087017,65.0,0.40462308671170166,0.6166666666666667,0.02666337415882024,1,15,2026-01-09,2026-08-10,4613.8,0.0682092639308093,0.021099459199809243,4.5619443778988416,36.11234150104471,5.46018603495796,-0.8982416570591192,-0.4518633402555724,21.0024982459335,37.5,0.08646647842466264,0.4666666666666667,0.0027523135957498728,1
impact60+t10_nomcap_plus_impact,2,impact60|t10_nomcap_plus_impact,120,2021-09-07,2026-08-10,3923.15,0.10778762285550071,0.07187644813550656,26.535572110096737,24.613507754006232,3.7215623724057427,22.814009737690995,1.1082300024750014,23.975878084517,80.0,0.45876192550555694,0.6916666666666667,0.0342021263730756,1,15,2026-01-09,2026-08-10,4613.8,0.07404468776183261,0.03412743077302407,12.465691144761992,23.32762968361512,3.5271376081626062,8.938553536599386,-0.0155984629481603,19.1982735103162,75.0,0.15961058371902762,0.5333333333333333,0.00630310177864493,1
t10_nomcap_plus_impact+fscore_interact,2,t10_nomcap_plus_impact|fscore_interact,120,2021-09-07,2026-08-10,3833.0833333333335,0.10353446298667598,0.05782285420879954,14.239055096723853,42.831956539410186,6.476191828758821,7.762863267965031,0.6970321235187447,26.0989427602931,70.0,0.3921840907398933,0.6083333333333333,0.024701112946225866,1,15,2026-01-09,2026-08-10,4513.866666666667,0.08301801358071699,0.03135601704811516,12.285236926209864,43.450095474876555,6.569654435801335,5.715582490408528,-0.19704318277773777,17.381170292788994,62.5,0.1332723437570667,0.5333333333333333,0.005900802796777679,1
t10_nomcap_plus_impact+value_bm,2,t10_nomcap_plus_impact|value_bm,120,2021-09-07,2026-08-10,3919.575,0.10854344237433863,0.055509282954594764,9.313670972545252,19.076589033784384,2.8843802619081984,6.429290710637053,0.7337613733403293,21.15968441880338,58.333333333333336,0.3398498240340682,0.6333333333333333,0.023362697534281638,1,15,2026-01-09,2026-08-10,4609.8,0.08198348781413307,0.020627484050760196,7.115133521345729,17.583948300715182,2.658692983068135,4.456440538277594,-0.3323732440311053,19.02471836537304,75.0,0.07576639589468571,0.4666666666666667,0.002898743584124616,1
t10_nomcap_plus_impact+quality_roic,2,t10_nomcap_plus_impact|quality_roic,120,2021-09-07,2026-08-10,3835.8,0.07970300548442277,0.042426310886639375,8.511044486697106,27.273420156122956,4.123741127605791,4.387303359091315,0.6318962694463532,28.10756894787224,53.333333333333336,0.30718865046582294,0.5,0.012241929346414958,1,15,2026-01-09,2026-08-10,4516.133333333333,0.07443928474315341,0.03426872478925564,8.4123678410159,27.903111221811727,4.218950416737933,4.193417424277967,-0.318882937606739,16.89880634307489,62.5,0.1751598754804214,0.4,0.005215510338584954,1
t10_size_plus_wc_mcap+reversal_chip_turn_paper,2,t10_size_plus_wc_mcap|reversal_chip_turn_paper,120,2021-09-07,2026-08-10,3915.3166666666666,0.11298443694323602,0.06692824485868484,21.06778754066432,35.05815437504039,5.300792941506106,15.766994599158213,0.908842637741326,24.503235385488587,78.33333333333333,0.4173981850219559,0.6416666666666667,0.030260678470993705,1,15,2026-01-09,2026-08-10,4604.6,0.07000884238340573,0.01847865507683584,8.07310708448783,33.744277796483715,5.102134802828337,2.9709722816594923,-0.2899678468426474,20.24626352133183,62.5,0.07343881732249541,0.4666666666666667,0.00239930440715201,1
t10_size_plus_wc_mcap+momentum20_open,2,t10_size_plus_wc_mcap|momentum20_open,120,2021-09-07,2026-08-10,3919.575,0.11204114276102249,0.07393273747251494,22.020227424832495,53.97403356620125,8.16087387520963,13.859353549622867,0.8217737022615818,27.498614138338418,78.33333333333333,0.4657304788591257,0.6,0.0313085850420088,1,15,2026-01-09,2026-08-10,4609.8,0.07657617752364429,0.0315290269122609,5.378168675401184,51.2619569955707,7.75080789773029,-2.3726392223291053,-0.4713096358763533,21.400059664978542,62.5,0.11908807500795568,0.4666666666666667,0.004255677800620531,1
book_to_market_lf_minus_size+t10_size_plus_wc_mcap,2,book_to_market_lf_minus_size|t10_size_plus_wc_mcap,120,2021-09-07,2026-08-10,3919.575,0.1115340888130443,0.06840015610936488,21.756805684008174,24.06290152646666,3.6383107108017594,18.118494973206413,0.9808660155103652,25.853021283194156,73.33333333333333,0.40611509502025755,0.6833333333333333,0.030952046002143345,1,15,2026-01-09,2026-08-10,4609.8,0.07508915554879723,0.022250212136362926,9.239436154017211,22.011811789718994,3.328185942605512,5.911250211411699,-0.14904814436632202,20.666893417574894,50.0,0.08924942394779047,0.4666666666666667,0.0031274431428128875,1
t10_size_plus_wc_mcap+fscore_eq,2,t10_size_plus_wc_mcap|fscore_eq,120,2021-09-07,2026-08-10,3833.0833333333335,0.10109430443996843,0.05782260918728452,17.494077236430883,42.36289090612742,6.405269105006465,11.088808131424416,0.7800840833692323,26.69937366061844,73.33333333333333,0.39590733570591446,0.6083333333333333,0.024347919174904552,1,15,2026-01-09,2026-08-10,4513.866666666667,0.07835577175651273,0.02805880960249969,10.305681823819146,41.766389237968426,6.315078052780826,3.9906037710383204,-0.2575977609476309,18.49052085622627,62.5,0.11994537780264691,0.5333333333333333,0.005012486744721541,1
t10_size_plus_wc_mcap+drawdown120,2,t10_size_plus_wc_mcap|drawdown120,120,2021-09-07,2026-08-10,3919.575,0.08442800538110218,0.05474523589542784,17.70177728084541,33.65675668416767,5.088901610646151,12.612875670199259,0.7806256919966744,27.776626074840838,73.33333333333333,0.3432153377361321,0.5416666666666666,0.015695867623184104,1,15,2026-01-09,2026-08-10,4609.8,0.040550806452117984,0.007102529607680662,0.7804595355206723,32.67805753591014,4.940922299429613,-4.160462763908941,-0.587356405434976,22.367869570509193,50.0,0.03220930047989897,0.4,0.0005224452438873977,1
t10_size_plus_wc_mcap+cash_conversion,2,t10_size_plus_wc_mcap|cash_conversion,120,2021-09-07,2026-08-10,3918.0666666666666,0.08340217178402924,0.04811552018737859,17.56449330107248,26.569122372860004,4.017251302776432,13.54724199829605,0.9003421462357176,22.626034374697912,80.0,0.4405749843986851,0.6166666666666667,0.022659361495081836,1,15,2026-01-09,2026-08-10,4606.8,0.057711656172511346,0.018570972380994647,6.09561301077547,23.974724140574033,3.6249782900547936,2.4706347207206756,-0.3476679753046962,19.183317226753815,62.5,0.10048020544425607,0.5333333333333333,0.003092735503329178,1
t10_size_plus_impact_dd120+momentum20,2,t10_size_plus_impact_dd120|momentum20,120,2021-09-07,2026-08-10,3923.15,0.11089058906180543,0.07609381900032575,23.435453478949132,54.088424165299585,8.178169733793297,15.257283745155833,0.8454581797921888,26.93176867990411,75.0,0.46849167533062325,0.6416666666666667,0.03333542895244415,1,15,2026-01-09,2026-08-10,4613.8,0.07229248679755249,0.03070770964982504,8.022292952821042,52.220728536136285,7.8957741546638065,0.1265187981572352,-0.346808224927913,21.062338726716767,50.0,0.12332748166790729,0.4666666666666667,0.004160636825451206,1
t10_size_plus_impact_dd120+reversal40,2,t10_size_plus_impact_dd120|reversal40,120,2021-09-07,2026-08-10,3923.15,0.10436668254702545,0.0656086867742276,19.585572865178502,46.257146396351985,6.99408053512842,12.59149233005008,0.7685745329140291,27.960571146876156,68.33333333333333,0.40458842030960346,0.6333333333333333,0.026742849108948096,1,15,2026-01-09,2026-08-10,4613.8,0.07296440838980933,0.027426648343495796,8.532984879246442,46.073804552842994,6.966359248389861,1.56662563085658,-0.3124803690697297,20.496022688438753,50.0,0.11655234920363242,0.4666666666666667,0.003968614162839903,1
t10_size_plus_impact_dd120+momentum120,2,t10_size_plus_impact_dd120|momentum120,120,2021-09-07,2026-08-10,3923.15,0.10269046335956968,0.06680017495670244,19.993168788924677,33.25894912046598,5.028753107014456,14.96441568191022,0.844881801642417,27.05156144350581,63.33333333333333,0.3827452053419659,0.6333333333333333,0.024892712240639405,1,15,2026-01-09,2026-08-10,4613.8,0.0578030693053253,0.008615393645487256,8.410480140395082,32.136922329829375,4.859102656270202,3.5513774841248806,-0.23671984369573426,20.291730396934316,50.0,0.032573168418955044,0.4666666666666667,0.0008786535854202829,1
t10_size_plus_impact_dd120+book_to_market_lf_div_oper_main_profit_ttm,2,t10_size_plus_impact_dd120|book_to_market_lf_div_oper_main_profit_ttm,120,2021-09-07,2026-08-10,3831.15,0.10002883307045085,0.0587980254058641,20.976140044039894,19.77401952760294,2.989831752573564,17.98630829146633,0.9399040745034524,27.881776256119984,78.33333333333333,0.4042380723621003,0.6833333333333333,0.02763089948503673,1,15,2026-01-09,2026-08-10,4511.133333333333,0.059871971161925615,0.021739696150736378,10.621595808386664,18.559531767687197,2.8062012032743047,7.81539460511236,-0.05795543983118033,20.54668414695281,62.5,0.11514372110586532,0.4666666666666667,0.003217144723112681,1
t10_size_plus_impact_dd120+ev_ebitda_proxy,2,t10_size_plus_impact_dd120|ev_ebitda_proxy,120,2021-09-07,2026-08-10,3825.0666666666666,0.08060654001806643,0.05317221337423296,18.989607773919758,24.580855997489877,3.7166254268204697,15.27298234709929,0.8643019933035876,28.12850760798087,73.33333333333333,0.37551105034956667,0.6583333333333333,0.019926858950592097,1,15,2026-01-09,2026-08-10,4505.733333333334,0.04695379831315246,0.007518005822561997,3.0054048713840764,21.627021697244032,3.2700056806232976,-0.264600809239221,-0.39936034081635696,20.538556568812826,50.0,0.0333039654038733,0.4666666666666667,0.0007297489148141146,1
t10_size_plus_impact_dd120+quality_net_margin_tsrank378,2,t10_size_plus_impact_dd120|quality_net_margin_tsrank378,120,2021-09-07,2026-08-10,3920.641666666667,0.08219897911315417,0.054888122080930773,19.12360029445537,30.0687503560369,4.5463950538327795,14.577205240622588,0.902945558289746,23.754338467108372,76.66666666666667,0.45249384780511587,0.625,0.02324658271535218,1,15,2026-01-09,2026-08-10,4609.933333333333,0.05071831335909798,0.02032318718081739,6.8801080154801575,27.883270986742254,4.215950573195429,2.6641574422847287,-0.3037595863697868,19.38573231631929,62.5,0.1190340364966582,0.4,0.0024148822253743265,1
reversal_turn_paper+reversal_turn_eq,2,reversal_turn_paper|reversal_turn_eq,120,2021-09-07,2026-08-10,3915.3166666666666,0.10791003554169291,0.0611551236640642,17.34952439040296,44.18086874149907,6.680147353714659,10.669377036688301,0.7844815123760722,25.556479637976736,68.33333333333333,0.40674764719249784,0.5916666666666667,0.02596952389681676,1,15,2026-01-09,2026-08-10,4604.6,0.07981137062446657,0.0299717883043629,7.6023729393521755,43.73595582504136,6.612876520746254,0.9894964186059216,-0.39619464584024067,19.56459378369836,62.5,0.12470757282606719,0.4666666666666667,0.004644771746766156,1
book_to_market_lf_plus_impact+reversal_turn_paper,2,book_to_market_lf_plus_impact|reversal_turn_paper,120,2021-09-07,2026-08-10,3915.3166666666666,0.11218271422942015,0.065744802283301,20.674289413072678,25.716662965519472,3.888359440386544,16.785929972686134,1.0011225949757527,22.162396759516312,73.33333333333333,0.39072489334726973,0.7,0.030682805336888195,1,15,2026-01-09,2026-08-10,4604.6,0.08620338849199954,0.02944312410835738,10.23612007810022,23.25313886182228,3.5158745959075284,6.720245482192691,-0.14713009951459896,19.53594684661405,62.5,0.11116506253271151,0.4666666666666667,0.004471975700380885,1
size_only+reversal_turn_paper,2,size_only|reversal_turn_paper,120,2021-09-07,2026-08-10,3915.3166666666666,0.10473801188708642,0.0695488766833925,24.130028293270733,28.31142027593468,4.280686745721323,19.84934154754941,1.0047653523106923,27.74035969982329,75.0,0.4095758641805186,0.7,0.030028713211841994,1,15,2026-01-09,2026-08-10,4604.6,0.07045185128739843,0.028932416454020633,10.636194823205681,26.567393807626495,4.016989943713126,6.619204879492554,-0.09944526159817046,21.220454992195293,50.0,0.12939636624539724,0.5333333333333333,0.004861980560986917,1
reversal_turn_paper+alpha44,2,reversal_turn_paper|alpha44,120,2021-09-07,2026-08-10,3914.866666666667,0.09923294407487791,0.05102690085143725,13.299754401313635,77.10526731905264,11.658316418640759,1.6414379826728762,0.4872857664367465,30.88147667173028,66.66666666666666,0.4168722500758941,0.6333333333333333,0.026199391762828154,1,15,2026-01-09,2026-08-10,4604.133333333333,0.0734361545190882,0.024324213614591465,5.066692971607278,76.73619620798438,11.602512866647237,-6.535819895039959,-0.76531941785734,22.72760549219608,37.5,0.1300015829650048,0.5333333333333333,0.0050916353783168845,1
reversal_turn_paper+quality_asset_turnover_tsrank378,2,reversal_turn_paper|quality_asset_turnover_tsrank378,120,2021-09-07,2026-08-10,3914.5833333333335,0.0844735143042627,0.05033954616236312,15.116894038097616,36.37364887543312,5.499695709965487,9.61719832813213,0.7921239057387247,23.02076897979497,73.33333333333333,0.48623376111835365,0.625,0.025671171609404186,1,15,2026-01-09,2026-08-10,4602.266666666666,0.057970321572496465,0.027123834318145253,4.248622864480655,34.61266547549787,5.2334350198952775,-0.9848121554146216,-0.5036905073391297,20.285558860710616,62.5,0.17402645681222148,0.4,0.004035347865410659,1
reversal_chip_turn_paper+exp_weighted_reversal63,2,reversal_chip_turn_paper|exp_weighted_reversal63,120,2021-09-07,2026-08-10,3915.3166666666666,0.11436126630820595,0.06396839337655189,16.075718164594566,53.22814683299282,8.048095801148515,8.027622363446051,0.6857140940442084,25.546405994515474,68.33333333333333,0.4279807156408567,0.6166666666666667,0.030182390234311355,1,15,2026-01-09,2026-08-10,4604.6,0.0830010211382586,0.025487923708577397,9.345812429180988,54.91701663435037,8.303452915113777,1.0423595140672122,-0.356512418460067,19.73534420732488,50.0,0.1119528809073234,0.5333333333333333,0.004955841831828105,1
reversal_chip_turn_paper+reversal20,2,reversal_chip_turn_paper|reversal20,120,2021-09-07,2026-08-10,3915.3166666666666,0.10947145884415005,0.06544941812362887,17.99065994969995,57.615667797740436,8.711488971018353,9.279170978681597,0.7091330672312766,26.658425968835363,68.33333333333333,0.4194442916152149,0.5666666666666667,0.026019734487282245,1,15,2026-01-09,2026-08-10,4604.6,0.07557495389340427,0.025880807310071884,6.25234016219498,58.15734226477116,8.793390150433398,-2.5410499882384183,-0.4948685894999253,21.098611402977763,50.0,0.10583989066111607,0.5333333333333333,0.004266050590291625,1
impact_abs_return60+reversal_chip_turn_paper,2,impact_abs_return60|reversal_chip_turn_paper,120,2021-09-07,2026-08-10,3915.3166666666666,0.11026049996372717,0.07164650407038643,25.870447032505737,25.801872907896268,3.9012431836739156,21.96920384883182,1.0815995814895158,23.891892200410446,78.33333333333333,0.42415823734704,0.675,0.03156833203669207,1,15,2026-01-09,2026-08-10,4604.6,0.0717592359833804,0.026994923229046553,11.902558525810825,24.45165950630407,3.6970909173531754,8.20546760845765,-0.05366252291499322,19.981934230265498,62.5,0.11534300769687757,0.4666666666666667,0.0038625655172314466,1
reversal_chip_turn_paper+alpha13,2,reversal_chip_turn_paper|alpha13,120,2021-09-07,2026-08-10,3915.3166666666666,0.10300416991585269,0.05359115699689479,16.825791892856866,69.86953339414326,10.56427344919446,6.261518443662408,0.6266205014125116,24.765913073671307,66.66666666666666,0.410944444157587,0.6166666666666667,0.02610287800038997,1,15,2026-01-09,2026-08-10,4604.6,0.06931387953141893,0.019361185279251437,2.9139659356513414,70.64997132406504,10.682275664198635,-7.768309728547293,-0.834390546371745,22.29861506508882,37.5,0.09645469447815941,0.4666666666666667,0.0031199695675395147,1
reversal_chip_turn_paper+max5_low21,2,reversal_chip_turn_paper|max5_low21,120,2021-09-07,2026-08-10,3886.6583333333333,0.0831447145205104,0.0453705232144057,12.665812075879845,71.77817512186536,10.852860078426042,1.812951997453803,0.49069010666358887,28.169990499573405,68.33333333333333,0.3535021431185687,0.6333333333333333,0.018614828688921933,1,15,2026-01-09,2026-08-10,4579.733333333334,0.04896871821710482,0.008776406861871514,4.280394258149379,75.53741411031703,11.421257013479934,-7.1408627553305575,-0.8922884201697223,19.972549233139446,50.0,0.04721393322076962,0.4666666666666667,0.0010789360361775668,1
reversal_chip_turn_size_eq+weighted_reversal_lowturn,2,reversal_chip_turn_size_eq|weighted_reversal_lowturn,120,2021-09-07,2026-08-10,3923.15,0.11225716859721713,0.06621389240450512,19.690253683153756,44.99932125764488,6.803897374155906,12.88635630899785,0.8272927917371721,25.983885126567664,71.66666666666667,0.4489332699068233,0.6333333333333333,0.03191745258692582,1,15,2026-01-09,2026-08-10,4613.8,0.07703241286954006,0.028853042699248543,3.8795322294463808,42.26652551290735,6.390698657551591,-2.51116642810521,-0.5226053605848934,21.567179329668097,37.5,0.12692376156655885,0.4666666666666667,0.004562713681843437,1
reversal_chip_turn_size_eq+reversal_chip_eq,2,reversal_chip_turn_size_eq|reversal_chip_eq,120,2021-09-07,2026-08-10,3923.15,0.10357632327816695,0.06307540814803175,17.88310730471614,40.80936120884826,6.1703754147778564,11.712731889938283,0.7553150860678282,27.413798786224564,68.33333333333333,0.38566074293668623,0.625,0.02496582611631766,1,15,2026-01-09,2026-08-10,4613.8,0.06418395376803024,0.016708191291426203,6.26004145578567,40.44653628062125,6.1155162856299325,0.14452517015573693,-0.3900664989516283,21.044644258483835,37.5,0.06781183829990486,0.4666666666666667,0.0020311348840375766,1
reversal_chip_turn_size_eq+chip250,2,reversal_chip_turn_size_eq|chip250,120,2021-09-07,2026-08-10,3923.15,0.09821984242105398,0.059757598978449816,17.919039902430644,32.097655189560385,4.853165464661529,13.065874437769114,0.8022291900591153,26.97679129594832,66.66666666666666,0.3642794231100239,0.6,0.0214676805210594,1,15,2026-01-09,2026-08-10,4613.8,0.05123015787267831,0.006044931539540904,2.38536839494069,30.84310179192986,4.663476990939795,-2.278108595999105,-0.5149064687669215,22.093916066854714,37.5,0.02418567834207277,0.4666666666666667,0.0005782168558703621,1
reversal_chip_turn_size_eq+rsi14,2,reversal_chip_turn_size_eq|rsi14,120,2021-09-07,2026-08-10,3923.15,0.09866061880208245,0.05805080089718954,16.483476685127684,56.73195193955844,8.577871133261237,7.905605551866449,0.6600130421900235,27.251508934204406,68.33333333333333,0.37962158539379165,0.6166666666666667,0.023096448657440424,1,15,2026-01-09,2026-08-10,4613.8,0.06737947862786,0.021189112778584474,6.673176292658011,56.6806443607338,8.570113427342951,-1.8969371346849395,-0.4579888180821817,20.924498230522836,50.0,0.09268655370121075,0.4666666666666667,0.0029144134432936733,1
reversal_chip_turn_size_eq+paper_composite_nomcap,2,reversal_chip_turn_size_eq|paper_composite_nomcap,120,2021-09-07,2026-08-10,3915.3166666666666,0.1019373156001767,0.05384272186733338,13.923316803584562,27.179873859224113,4.109596927514686,9.813719876069877,0.8114042074093765,19.873895739823087,68.33333333333333,0.3393028426763632,0.625,0.02161726309871096,1,15,2026-01-09,2026-08-10,4604.6,0.06976825830899828,0.010748599168798115,9.225348631206332,25.72128594906651,3.889058435498856,5.336290195707476,-0.2498475838918221,18.70825943540805,62.5,0.03878787045422564,0.4666666666666667,0.0012628756770496426,1
reversal_chip_turn_size_eq+growth_revenue,2,reversal_chip_turn_size_eq|growth_revenue,120,2021-09-07,2026-08-10,3923.15,0.08080453684374671,0.05120923266925567,16.054166826540683,29.508909440579533,4.461747107415626,11.592419719125058,0.8152860707645725,25.92320886963523,75.0,0.4450467295127284,0.5916666666666667,0.02127739528749264,1,15,2026-01-09,2026-08-10,4613.8,0.05726937491570996,0.025829232283498937,3.086039954209374,25.92065720142357,3.9192033688552432,-0.833163414645869,-0.457786150052353,20.427153621157835,50.0,0.16213784936776965,0.4,0.0037142133133878825,1
reversal_turn_paper_nomcap+weighted_reversal_lowturn,2,reversal_turn_paper_nomcap|weighted_reversal_lowturn,120,2021-09-07,2026-08-10,3915.3166666666666,0.10663747075889041,0.05644502366592124,14.21638167854249,45.251722706031856,6.842060473152016,7.374321205390473,0.7239488326486228,24.90845749996363,63.33333333333333,0.38639654556982184,0.5833333333333334,0.024035871025563916,1,15,2026-01-09,2026-08-10,4604.6,0.08310051297713443,0.030293439861035977,4.861956779513155,45.26628649365573,6.844262517840745,-1.9823057383275902,-0.5729063846011097,19.739699660680422,37.5,0.12614924721676604,0.5333333333333333,0.005590969149542723,1
weighted_reversal_lowturn+f_i10_01,2,weighted_reversal_lowturn|f_i10_01,120,2021-09-07,2026-08-10,3923.15,0.1130260468264083,0.07304790010201961,25.0876281033948,36.86399449215895,5.573835967214434,19.513792136180363,1.0140583798738456,25.501972823911768,83.33333333333334,0.48434043691912687,0.7,0.038320159432201,1,15,2026-01-09,2026-08-10,4613.8,0.08161607526729404,0.04001467465206037,11.358609057372826,35.17338406601624,5.318215670781655,6.040393386591171,-0.1272217826481315,20.44018985797741,75.0,0.19499450656073303,0.5333333333333333,0.008487832706223813,1
weighted_reversal_lowturn+max_return21_low,2,weighted_reversal_lowturn|max_return21_low,120,2021-09-07,2026-08-10,3923.15,0.09907406934014971,0.04780423868239577,9.315665655432959,56.17475623342704,8.493623142494169,0.8220425129387907,0.5131912163961423,23.562839912844925,58.333333333333336,0.33913001267657983,0.575,0.01931941947496606,1,15,2026-01-09,2026-08-10,4613.8,0.08539721485524983,0.030611861516401162,2.4603324428716378,56.365027484674876,8.522392155682843,-6.062059712811204,-0.854709298967651,20.990159227089933,37.5,0.13642346812791759,0.4,0.004660073687607242,1
weighted_reversal_lowturn+ltmom_exhigh252_21,2,weighted_reversal_lowturn|ltmom_exhigh252_21,120,2021-09-07,2026-08-10,3923.15,0.09587756405984064,0.05028863310819654,14.543661163916099,39.53388657007598,5.977523649395488,8.56613751452061,0.77673511915675,22.61542763158346,70.0,0.46205474792371165,0.65,0.02879544440058597,1,15,2026-01-09,2026-08-10,4613.8,0.08220611757833783,0.03480383463770629,9.382844272146595,38.97249719868029,5.89264157644046,3.490202695706136,-0.28596244634405527,18.78031138433839,50.0,0.2471553621658649,0.5333333333333333,0.010836097473239338,1
weighted_reversal_lowturn+growth_roe,2,weighted_reversal_lowturn|growth_roe,120,2021-09-07,2026-08-10,3912.5416666666665,0.0692545314824122,0.0372185438103679,9.28048259692693,40.588398449478,6.1369658455610745,3.1435167513658566,0.5743378607711319,26.60126283794503,63.33333333333333,0.388777680355137,0.5666666666666667,0.015257282458827945,1,15,2026-01-09,2026-08-10,4605.933333333333,0.06151173036507407,0.030444382919720743,2.4717714491477083,37.955621868535644,5.73889002652259,-3.267118577374881,-0.614845452187115,19.93053996102432,50.0,0.23589193023962007,0.5333333333333333,0.007738731097704732,1
reversal_turn_paper_nomcap+momentum20,2,reversal_turn_paper_nomcap|momentum20,120,2021-09-07,2026-08-10,3915.3166666666666,0.10783297057990829,0.06604051550095198,14.893805947575922,54.99830155932125,8.315743195769372,6.57806275180655,0.6627089675512307,25.80542335769539,65.0,0.4200920066519988,0.6,0.027179861396495777,1,15,2026-01-09,2026-08-10,4604.6,0.0857576446013622,0.03115653344527097,5.776401546048393,54.06526707986704,8.174668382475897,-2.3982668364275037,-0.5223653061502793,20.720494727451978,50.0,0.12035265545165119,0.5333333333333333,0.005504618801628214,1
momentum20+f_i10_01,2,momentum20|f_i10_01,120,2021-09-07,2026-08-10,4529.666666666667,0.10767734910881105,0.07918012432826677,25.980482357434,52.87202085053395,7.994249552600732,17.986232804833264,0.8904969141242264,28.96741536740245,81.66666666666667,0.48522658742818225,0.6916666666666667,0.03613813958387214,1,15,2026-01-09,2026-08-10,4885.133333333333,0.08058858479642513,0.04210218091283819,13.150492174796192,49.01128035759356,7.410505590068146,5.739986584728045,-0.0717374270827416,21.59936228370649,75.0,0.18207583330880747,0.5333333333333333,0.007825724657059519,1
momentum20+max_return21_low,2,momentum20|max_return21_low,120,2021-09-07,2026-08-10,4577.525,0.09832865379648141,0.057797776431720335,9.685772549118976,69.41007249457066,10.494802961179083,-0.8090304120601064,0.4074300713686552,26.642492410256292,63.33333333333333,0.4010023785424715,0.5916666666666667,0.023329430897000392,1,15,2026-01-09,2026-08-10,4903.266666666666,0.08527642425355471,0.02843178979506262,6.696072533669229,69.67726406949576,10.53520232730776,-3.8391297936385307,-0.5960085228886839,19.722091382288475,62.5,0.11929837517357375,0.5333333333333333,0.005425780722166087,1
momentum20+ltmom_exhigh252_21,2,momentum20|ltmom_exhigh252_21,120,2021-09-07,2026-08-10,4280.491666666667,0.08587204220363276,0.05589631999179234,13.870466108811907,54.237750982020195,8.200747948481453,5.669718160330454,0.6285092196807088,25.8038010498166,63.33333333333333,0.47483869041456594,0.6583333333333333,0.02684378397493823,1,15,2026-01-09,2026-08-10,4822.533333333334,0.06622019053771314,0.028207649759517284,3.490618589814798,49.87581392850125,7.541223065989389,-4.050604476174591,-0.5278673504697882,21.295757223454903,62.5,0.19374027039912423,0.6,0.0076977105723948416,1
momentum20+growth_roe,2,momentum20|growth_roe,120,2021-09-07,2026-08-10,3912.5416666666665,0.0568264484514986,0.04217853712068278,9.389401138214492,51.30227548581841,7.756904053455744,1.632497084758748,0.4968422291695538,27.646924898985336,61.66666666666667,0.41395724082020435,0.5416666666666666,0.01274201489523838,1,15,2026-01-09,2026-08-10,4605.933333333333,0.04215897452653028,0.023279191146349004,0.18094914772357473,47.046625921544994,7.113449839337603,-6.932500691614028,-0.6991187420659482,22.33780237436872,37.5,0.169538899401973,0.4666666666666667,0.0033355401992004215,1
reversal_chip_eq+exp_weighted_reversal63,2,reversal_chip_eq|exp_weighted_reversal63,120,2021-09-07,2026-08-10,4283.2,0.1018103796604261,0.057084856675992265,13.243937390969961,54.352135085513176,8.218042824929592,5.02589456604037,0.5732008674297576,29.40939962070597,65.0,0.39933391545498637,0.6,0.024393802526253994,1,15,2026-01-09,2026-08-10,4822.8,0.07230822072028036,0.01985070273625069,5.252550245143195,56.296922223015976,8.512094640120015,-3.259544394976821,-0.5035007366195113,20.318879737606053,50.0,0.09296664611288787,0.5333333333333333,0.0035852014756026077,1
chip250+exp_weighted_reversal63,2,chip250|exp_weighted_reversal63,120,2021-09-07,2026-08-10,4283.2,0.09868163687406548,0.05565259141303311,13.464046756546889,52.52664854129474,7.942029259443766,5.522017497103122,0.5902620527561641,28.600195574410957,66.66666666666666,0.38709444192769,0.6,0.022919467892566395,1,15,2026-01-09,2026-08-10,4822.8,0.06211690334985802,0.010331573864547897,3.0714136534801706,53.3151612772958,8.061252385127124,-4.9898387316469535,-0.6015256904101796,20.418932944470882,25.0,0.046825257545250784,0.5333333333333333,0.0015512746652109615,1
exp_weighted_reversal63+rsi14,2,exp_weighted_reversal63|rsi14,120,2021-09-07,2026-08-10,4525.858333333334,0.08303811955581121,0.04301957690004279,7.43620268485039,66.07082638674945,9.989908949676515,-2.553706264826125,0.3384488302219636,31.17550561889808,60.0,0.34773921299688065,0.5666666666666667,0.016362845861077915,1,15,2026-01-09,2026-08-10,4883.866666666667,0.06154527501362762,0.01766621299176141,4.303788694030541,68.48197597818879,10.354474767902145,-6.050686073871605,-0.6201831471257032,21.062601116609237,37.5,0.09782391396446903,0.5333333333333333,0.0032109865001881035,1
paper_composite_nomcap+exp_weighted_reversal63,2,paper_composite_nomcap|exp_weighted_reversal63,120,2021-09-07,2026-08-10,4515.55,0.09073491159568925,0.042124032200557236,7.101334655685498,44.75602111750898,6.767110392967357,0.3342242627181413,0.49229815665658233,22.435724079510035,60.0,0.30234903058585466,0.5916666666666667,0.016231554098739505,1,15,2026-01-09,2026-08-10,4874.4,0.07335411943330844,0.013556443304483922,7.796640878974359,48.600697217090506,7.348425419224084,0.44821545975027577,-0.4635140783119432,16.9371591682308,87.5,0.061003019518248755,0.6,0.0026848936677204387,1
exp_weighted_reversal63+growth_revenue,2,exp_weighted_reversal63|growth_revenue,120,2021-09-07,2026-08-10,4525.858333333334,0.06252399621838181,0.03337759524118764,7.73378447336901,49.26750641489105,7.449246969931527,0.28453750343748335,0.45247779293279866,27.407635002390506,60.0,0.3571645719103519,0.5333333333333333,0.011910056716513493,1,15,2026-01-09,2026-08-10,4883.866666666667,0.05481461119215107,0.023677737582326965,1.6528320149224562,50.98453839830203,7.708862205823267,-6.0560301909008105,-0.627171811019275,22.380270832631556,75.0,0.216176108463563,0.5333333333333333,0.006319791645046658,1
reversal20+weighted_reversal,2,reversal20|weighted_reversal,120,2021-09-07,2026-08-10,4577.525,0.08996916231386681,0.05175932175421736,9.562859034278294,71.189830651523,10.763902394510275,-1.2010433602319819,0.3711700422602484,29.847800452144103,58.333333333333336,0.40552254842869906,0.5583333333333333,0.020370525889678952,1,15,2026-01-09,2026-08-10,4903.266666666666,0.06479397299357065,0.025477149810349924,0.6986729697789351,71.1678880444096,10.76058467231473,-10.061911702535795,-0.7738778616273886,23.472341882662896,50.0,0.1429864621564334,0.6,0.005558796580446094,1
impact_abs_return60+weighted_reversal,2,impact_abs_return60|weighted_reversal,120,2021-09-07,2026-08-10,4529.666666666667,0.10303364035668701,0.06643505796148468,21.5826115353577,52.065801697589606,7.872349216675549,13.710262318682148,0.8114626745655131,27.118247317769207,76.66666666666667,0.46594170502311927,0.65,0.031204985540646848,1,15,2026-01-09,2026-08-10,4885.133333333333,0.0887965376555393,0.04421147300811654,12.819477827829095,49.53631986356663,7.489891563371274,5.329586264457821,-0.11712983359687681,20.615150870249177,50.0,0.2242758220135267,0.5333333333333333,0.010621288786480615,1
weighted_reversal+alpha13,2,weighted_reversal|alpha13,120,2021-09-07,2026-08-10,4577.525,0.0831621934467159,0.041163213795014024,10.238683010002369,78.43955129329878,11.860060155546776,-1.621377145544406,0.3599744790151157,29.360170947422482,60.0,0.4118013555494844,0.5416666666666666,0.018550081328905777,1,15,2026-01-09,2026-08-10,4903.266666666666,0.06862520949002616,0.026057177533439592,2.734004131834411,78.59887207743064,11.884149458107512,-9.150145326273101,-0.7854750131179147,22.761561570257705,50.0,0.2036758064455125,0.4666666666666667,0.006522737613174215,1
weighted_reversal+max5_low21,2,weighted_reversal|max5_low21,120,2021-09-07,2026-08-10,4539.541666666667,0.0679676623752438,0.03606626123741097,8.393949994845107,81.5630374585552,12.332331263733545,-3.9383812688884383,0.28281578564449245,28.612228062466084,63.33333333333333,0.37583325619004737,0.5333333333333333,0.013623737528593947,1,15,2026-01-09,2026-08-10,4876.8,0.05258719608706455,0.019196948306483733,1.3208006146761542,82.77194012449866,12.515117346824198,-11.194316732148044,-0.9707677371188067,22.635051498459504,50.0,0.17462268567044284,0.5333333333333333,0.004897555953387422,1
reversal_chip_turn_eq+reversal_turn_eq,2,reversal_chip_turn_eq|reversal_turn_eq,120,2021-09-07,2026-08-10,3923.15,0.09925999449153199,0.056610772207431236,14.729289071413088,42.694423994300344,6.455396907938211,8.273892163474876,0.6917032962747717,27.367138812042068,63.33333333333333,0.3790161546710283,0.5666666666666667,0.021318646807413813,1,15,2026-01-09,2026-08-10,4613.8,0.06910031239121528,0.023991629881403152,1.8420997957350749,41.600843909205196,6.290047599071825,-4.447947803336751,-0.6315771800457793,21.763905250137316,37.5,0.10422416378416773,0.4,0.0028807689104796705,1
book_to_market_lf_plus_impact+reversal_chip_turn_eq,2,book_to_market_lf_plus_impact|reversal_chip_turn_eq,120,2021-09-07,2026-08-10,3919.575,0.11781400807723102,0.06925050312168643,20.2924977349064,27.92662840980303,4.222506215562218,16.069991519344185,0.9532073838140049,21.92997040055904,71.66666666666667,0.40813842878242507,0.7083333333333334,0.03405980043618405,1,15,2026-01-09,2026-08-10,4609.8,0.08268792444261615,0.0241244134652762,10.535525028402725,26.416207886882393,3.9941306324966175,6.541394395906108,-0.1512631442845056,19.54721872978935,62.5,0.08868283747160385,0.5333333333333333,0.00391093320757802,1
size_only+reversal_chip_turn_eq,2,size_only|reversal_chip_turn_eq,120,2021-09-07,2026-08-10,3923.15,0.1056525130265075,0.07031718458339001,25.686741827773574,30.093734147101703,4.550172603041778,21.136569224731797,1.0061432239576367,27.562136053089713,80.0,0.40704950492490155,0.7083333333333334,0.030462443877737375,1,15,2026-01-09,2026-08-10,4613.8,0.06267173740222735,0.022368731505297005,10.195111023253611,28.578446310948596,4.321061082215428,5.874049941038184,-0.13140736472943404,21.083624378858467,50.0,0.0993460283751593,0.4666666666666667,0.002905554494398365,1
reversal_chip_turn_eq+alpha44,2,reversal_chip_turn_eq|alpha44,120,2021-09-07,2026-08-10,3922.7,0.09050790305292171,0.046388357890051156,12.69822043673694,78.05273023060624,11.801572810867663,0.8966476258692777,0.451951769525672,33.03088659305935,65.0,0.39002988173362296,0.5916666666666667,0.02088629881151615,1,15,2026-01-09,2026-08-10,4613.333333333333,0.06049644459078217,0.01694424652101597,3.1166806261067714,78.32198285689518,11.84228380796255,-8.725603181855778,-0.8730453159493086,22.7666801467044,37.5,0.09683925818856197,0.5333333333333333,0.0031244964358489533,1
reversal_chip_turn_eq+quality_asset_turnover_tsrank378,2,reversal_chip_turn_eq|quality_asset_turnover_tsrank378,120,2021-09-07,2026-08-10,3922.391666666667,0.07620931874843263,0.04604296949529059,12.112886761486653,36.562017087280765,5.528176983596851,6.584709777889801,0.6690485828337591,25.748106953562065,66.66666666666666,0.4482613862281606,0.55,0.01878893217612189,1,15,2026-01-09,2026-08-10,4611.466666666666,0.04530592126878806,0.01917829454476753,-2.460823905333631,34.85995142185581,5.270824654984599,-7.73164856031823,-0.8068633681819251,22.548377752078487,50.0,0.1297660197741268,0.4,0.0023516676301002337,1
reversal_turn_eq+reversal40,2,reversal_turn_eq|reversal40,120,2021-09-07,2026-08-10,3923.15,0.09572900503213116,0.05497785966054439,14.659547294995168,52.947812818833576,8.005709298207636,6.653837996787532,0.6239084519376549,28.55601962766281,63.33333333333333,0.3669016709479369,0.5583333333333333,0.019610415313330416,1,15,2026-01-09,2026-08-10,4613.8,0.07615095979945412,0.031758751349928185,5.282822529539899,52.74706286480764,7.975355905158914,-2.6925333756190146,-0.519959513192613,21.133040673416627,50.0,0.1439132564639273,0.4666666666666667,0.005114261883543428,1
reversal_turn_eq+momentum120,2,reversal_turn_eq|momentum120,120,2021-09-07,2026-08-10,3923.15,0.09826703001030597,0.06007876662221864,12.673314004033976,41.19752712706018,6.229066101611498,6.444247902422477,0.6314753752032671,28.735386819810017,61.66666666666667,0.36427224197087804,0.6,0.021477570800204227,1,15,2026-01-09,2026-08-10,4613.8,0.06582799554744098,0.014250902526631384,3.3552586165623843,40.74284532265429,6.160318212785329,-2.8050595962229448,-0.5480978886112489,20.85827475098261,50.0,0.05454438371535817,0.4666666666666667,0.0016755888092311714,1
book_to_market_lf_div_oper_main_profit_ttm+reversal_turn_eq,2,book_to_market_lf_div_oper_main_profit_ttm|reversal_turn_eq,120,2021-09-07,2026-08-10,3831.15,0.10011610470448201,0.05304455333309,18.686661123807745,26.806369451699187,4.053123061096917,14.63353806271083,0.8656427004231383,28.2983645268834,80.0,0.4400806805935322,0.6583333333333333,0.029005615968675173,1,15,2026-01-09,2026-08-10,4511.133333333333,0.07182263876999656,0.028606276519315726,7.781029251378257,24.154047133023283,3.652091926513121,4.128937324865137,-0.21694623379762756,20.10739617816992,62.5,0.15744676352399986,0.4666666666666667,0.005277179610308346,1
reversal_turn_eq+ev_ebitda_proxy,2,reversal_turn_eq|ev_ebitda_proxy,120,2021-09-07,2026-08-10,3825.0666666666666,0.07542551789234514,0.042878985206766675,12.84632873688356,32.5886676961606,4.927406555659483,7.918922181224078,0.7016921802963395,26.78044664909868,70.0,0.3534188817709578,0.5916666666666667,0.01577194129605056,1,15,2026-01-09,2026-08-10,4505.733333333334,0.054470991000890985,0.013947821685729316,0.8602214604139236,28.088132510526997,4.2469256355916825,-3.3867041751777585,-0.5898744940946529,20.112908547388674,37.5,0.06455170494687415,0.4666666666666667,0.001640891158318231,1
reversal_turn_eq+quality_net_margin_tsrank378,2,reversal_turn_eq|quality_net_margin_tsrank378,120,2021-09-07,2026-08-10,3920.641666666667,0.0713519489924218,0.040293894130469944,10.909669981709813,35.99145782058522,5.441908422472485,5.467761559237328,0.6570130677609205,25.05847816268464,58.333333333333336,0.36903400272632697,0.525,0.01382393005297402,1,15,2026-01-09,2026-08-10,4609.933333333333,0.05747091241199904,0.026094894479103358,4.271591801803975,34.79858494514813,5.261546043706397,-0.9899542419024209,-0.532404635699606,18.99192313531639,50.0,0.1675595221357352,0.5333333333333333,0.005135892597578268,1
book_to_market_lf_minus_size+momentum20_open,2,book_to_market_lf_minus_size|momentum20_open,120,2021-09-07,2026-08-10,4574.733333333334,0.112875988799527,0.07549688703365656,22.13289737418018,51.27365828216735,7.752577132263702,14.38032024191648,0.8351061837355248,25.135980588211893,71.66666666666667,0.4541344892512629,0.6916666666666667,0.03545544166952475,1,15,2026-01-09,2026-08-10,4899.6,0.09368471293566083,0.03726915577860687,9.026721446491702,45.57942743141046,6.891609427629261,2.135112018862442,-0.25136009114462726,21.483005935132514,62.5,0.13496981824802073,0.4666666666666667,0.005900817382853932,1
fscore_eq+momentum20_open,2,fscore_eq|momentum20_open,120,2021-09-07,2026-08-10,4454.858333333334,0.08628793201409364,0.055686096811948096,10.01619379770753,54.05709936851687,8.17343342451975,1.8427603731877782,0.48755446201982466,28.737521292583125,63.33333333333333,0.38976248917720047,0.575,0.019338284521465552,1,15,2026-01-09,2026-08-10,4792.2,0.0741430784678408,0.03114106609893509,7.1690835702407085,54.56142034503289,8.249686756168973,-1.0806031859282652,-0.4471743983257692,19.24119392556538,62.5,0.13042643008961058,0.6,0.005802130224248609,1
drawdown120+momentum20_open,2,drawdown120|momentum20_open,120,2021-09-07,2026-08-10,4455.15,0.06577250034600877,0.051358648143673885,11.36870766837439,56.19340148453612,8.496442304461862,2.872265363912528,0.48986887348920133,31.287995926680335,63.33333333333333,0.34605057473594436,0.5416666666666666,0.012328664587718068,1,15,2026-01-09,2026-08-10,4862.133333333333,0.02998726921540752,0.012518272874632275,-2.336343208187408,54.545464149209224,8.247274179360433,-10.583617387547841,-0.7920371660902472,23.005540358574272,37.5,0.05542866616216394,0.4,0.0006648617337823037,1
cash_conversion+momentum20_open,2,cash_conversion|momentum20_open,120,2021-09-07,2026-08-10,4571.833333333333,0.06418429967040559,0.04492199369431125,10.17772458118078,52.46718999458388,7.9330391271810825,2.244685453999698,0.5105017714745902,25.26781069353772,63.33333333333333,0.3898671105229607,0.6,0.015014008472064506,1,15,2026-01-09,2026-08-10,4893.133333333333,0.05263232370644666,0.02404446818853858,0.4757584042245466,46.89195972410822,7.090064310285163,-6.614305906060617,-0.6856214733599444,21.45001996436178,50.0,0.12865753898278434,0.6,0.004062927143410011,1
impact60+reversal_turn_paper_nomcap,2,impact60|reversal_turn_paper_nomcap,120,2021-09-07,2026-08-10,3915.3166666666666,0.11407194246090464,0.06978329554107199,22.363528268957356,27.233023149162346,4.117633100153347,18.24589516880401,1.045628764131467,21.403055169330354,76.66666666666667,0.4492781068996438,0.7,0.035875018451440234,1,15,2026-01-09,2026-08-10,4604.6,0.08419562236895749,0.034988275445302565,10.86160891612481,25.43650281521267,3.845999225660156,7.015609690464654,-0.11996535810046557,18.82616559478518,62.5,0.14518657088533612,0.5333333333333333,0.006519505970829674,1
reversal_turn_paper_nomcap+fscore_interact,2,reversal_turn_paper_nomcap|fscore_interact,120,2021-09-07,2026-08-10,3829.358333333333,0.0932302301508809,0.04535703191441041,10.088809844453595,43.51229235530552,6.579058604122196,3.509751240331399,0.5875233351509238,25.51860233082035,58.333333333333336,0.3194545262022375,0.55,0.01638055045031637,1,15,2026-01-09,2026-08-10,4510.666666666667,0.08114240586819313,0.028633000798887476,11.008125658319889,44.492715416985305,6.727298571048178,4.280827087271712,-0.2932187272547275,16.58708014572683,62.5,0.12008177473242936,0.4666666666666667,0.004547071247932136,1
reversal_turn_paper_nomcap+value_bm,2,reversal_turn_paper_nomcap|value_bm,120,2021-09-07,2026-08-10,3915.3166666666666,0.09083364716864373,0.03894283941525358,5.268015192867104,17.749111422554908,2.683665647090302,2.5843495457768015,0.6252872302353102,19.511094123934512,51.66666666666667,0.23975430443327284,0.5416666666666666,0.01179628552703006,1,15,2026-01-09,2026-08-10,4604.6,0.07584915054404189,0.017709297456751913,5.732215376227701,16.916106744748234,2.5577153398059327,3.174500036421768,-0.45336628041823623,18.1551760001205,75.0,0.06542834394991377,0.4666666666666667,0.0023159193447153687,1
reversal_turn_paper_nomcap+quality_roic,2,reversal_turn_paper_nomcap|quality_roic,120,2021-09-07,2026-08-10,3832.1583333333333,0.06234752639745622,0.02541908342846165,3.27369263139321,28.588683206997196,4.322608900897976,-1.0489162695047654,0.4692072860225575,25.97489586421634,48.333333333333336,0.17479162216506686,0.475,0.005176467006570582,1,15,2026-01-09,2026-08-10,4513.0,0.0668048400311776,0.028116346142516357,8.590800856732905,29.403973557902702,4.445880801954889,4.144920054778017,-0.3614189310431825,17.017426284876613,87.5,0.14031969026750168,0.4,0.0037496137846179355,1
reversal_chip_eq+turn_bias,2,reversal_chip_eq|turn_bias,120,2021-09-07,2026-08-10,3923.15,0.09746928935783898,0.06086758042062699,13.514004535449331,39.7404790986471,6.008760439715441,7.50524409573389,0.6617532501008618,28.79959037467017,63.33333333333333,0.4016951439131499,0.5916666666666667,0.02316548962762817,1,15,2026-01-09,2026-08-10,4613.8,0.06503267557989696,0.026900243076760533,0.6883008553291825,37.654800153279425,5.693405783175849,-5.005104927846666,-0.6599212876604413,22.12254652957234,37.5,0.11340335275514914,0.4,0.0029499693797592915,1
paper_composite+reversal_chip_eq,2,paper_composite|reversal_chip_eq,120,2021-09-07,2026-08-10,4273.55,0.10566447409657047,0.060761818611593674,18.878142457306236,32.96340920203086,4.984067471347065,13.89407498595917,0.8618739811668493,24.13605020917141,71.66666666666667,0.3624861480027456,0.65,0.024896240327401117,1,15,2026-01-09,2026-08-10,4813.333333333333,0.07239323716498476,0.012478847625834196,10.934564440647232,32.850763867448265,4.967035496758178,5.967528943889054,-0.13301940620545266,19.201482693940587,50.0,0.044923850560845656,0.5333333333333333,0.001734497582941671,1
reversal_chip_eq+skew60_low,2,reversal_chip_eq|skew60_low,120,2021-09-07,2026-08-10,4283.2,0.08641575369739046,0.04609553987932298,13.787232401516292,40.42972334959585,6.112974170458893,7.674258231057399,0.6734761694686084,25.383500683084314,66.66666666666666,0.372693142521741,0.6333333333333333,0.020397487245614635,1,15,2026-01-09,2026-08-10,4822.8,0.06826141084551125,0.01745613409470113,8.677496008930419,40.682004430086224,6.151119069829038,2.526376939101381,-0.3100828172496077,17.99524255691288,62.5,0.09668548949811416,0.5333333333333333,0.003519940224762738,1
reversal_chip_eq+asset_growth,2,reversal_chip_eq|asset_growth,120,2021-09-07,2026-08-10,4283.175,0.061917117092992524,0.03433965310646445,5.2746947215427165,29.146986152513797,4.4070243062600865,0.86767041528263,0.4706087961047895,36.94064289918406,63.33333333333333,0.2974307249601467,0.5166666666666667,0.009514960729279048,1,15,2026-01-09,2026-08-10,4822.8,0.06417677697237262,0.03085949478637841,2.268634004741543,30.306932425344208,4.582408182712044,-2.3137741779705006,-0.5470541539665077,18.384174326020776,50.0,0.2411765181611919,0.5333333333333333,0.008254896862402232,1
reversal40+turn_bias,2,reversal40|turn_bias,120,2021-09-07,2026-08-10,3923.15,0.09662126945302957,0.05992163457257922,14.874270369201149,51.52872219868328,7.791142796440913,7.083127572760235,0.6403581121305739,28.262842914251117,63.33333333333333,0.4070733005901226,0.5833333333333334,0.022943631120347197,1,15,2026-01-09,2026-08-10,4613.8,0.07737868708678287,0.03868986296210868,3.3901775323713745,49.59815068205635,7.499240383126921,-4.109062850755546,-0.5921237654296952,21.54859663911194,37.5,0.17397551785870827,0.5333333333333333,0.007179731817146663,1
paper_composite+reversal40,2,paper_composite|reversal40,120,2021-09-07,2026-08-10,4544.058333333333,0.1064110413707058,0.06094557075234993,17.504389122519303,41.51901917281734,6.277675698929981,11.226713423589322,0.7786161452515389,25.30669811920022,70.0,0.38250457230264434,0.6166666666666667,0.025100004418464838,1,15,2026-01-09,2026-08-10,4884.8,0.08431242645219124,0.025616260062212827,11.196824244442494,41.08419466113435,6.211930232763513,4.984894011678981,-0.17082564319948787,18.893538258659206,62.5,0.0969376037986153,0.5333333333333333,0.00435895711505195,1
reversal40+skew60_low,2,reversal40|skew60_low,120,2021-09-07,2026-08-10,4529.666666666667,0.08396831648151913,0.04380295140716684,11.632280286070241,47.41385946178055,7.168975550621218,4.4633047354490225,0.5676742464668927,28.67141002542989,63.33333333333333,0.37928320862939224,0.5916666666666667,0.018843265394838656,1,15,2026-01-09,2026-08-10,4885.133333333333,0.07540774259205768,0.027053401881705557,11.638610853884845,49.05534990211332,7.417168905199535,4.22144194868531,-0.20956316099422487,17.70538053178826,62.5,0.16661931351331088,0.5333333333333333,0.006701006028947789,1
reversal40+asset_growth,2,reversal40|asset_growth,120,2021-09-07,2026-08-10,4554.425,0.05454117890949879,0.029367006429728223,5.682840590595717,38.72268624948873,5.854870160922696,-0.17202957032697863,0.4224214286137653,36.46723398848699,56.666666666666664,0.2583006466085219,0.5083333333333333,0.007161411071049929,1,15,2026-01-09,2026-08-10,4894.266666666666,0.07109322296518951,0.041748661488080124,7.176987968568749,41.12217004901689,6.217672111411353,0.9593158571573952,-0.35059045489845003,18.397134327172093,50.0,0.3970909639812583,0.5333333333333333,0.015056254101216872,1
impact60+reversal20,2,impact60|reversal20,120,2021-09-07,2026-08-10,4529.666666666667,0.10582056846709867,0.07110341109282124,22.924046412800326,54.953219013714715,8.308926714873666,14.615119697926659,0.8200751921510406,27.87637972009438,75.0,0.47964582345490986,0.6666666666666666,0.0338375958005788,1,15,2026-01-09,2026-08-10,4885.133333333333,0.08207029338046144,0.04294011605703904,9.774999896542468,53.57465576166137,8.100487951163199,1.67451194537927,-0.23135030875540516,21.875262796262952,50.0,0.20349120488078098,0.5333333333333333,0.008906977538618284,1
fscore_interact+reversal20,2,fscore_interact|reversal20,120,2021-09-07,2026-08-10,4454.858333333334,0.08864106000736201,0.04713125085849853,9.52096400982041,50.7269604762748,7.669916424012749,1.851047585807661,0.49615405595356366,27.17910170081249,61.66666666666667,0.3588789649394415,0.5333333333333333,0.016966086328841067,1,15,2026-01-09,2026-08-10,4792.2,0.07013574120016271,0.025938579592347955,6.284796867949904,51.98206650812237,7.859688456028103,-1.5748915880781977,-0.4848459454576733,19.136481419041772,50.0,0.13226567673590212,0.5333333333333333,0.004947494012380593,1
value_bm+reversal20,2,value_bm|reversal20,120,2021-09-07,2026-08-10,4574.733333333334,0.09353071848288154,0.048190633612930384,9.450728824429277,36.51458235846021,5.521004852599183,3.9297239718300943,0.6282734236130317,19.76908367857615,60.0,0.3358401564440474,0.5833333333333334,0.018323299824442137,1,15,2026-01-09,2026-08-10,4899.6,0.07225420323642205,0.020552504593115997,4.351965613605124,35.63665278218411,5.388261900666238,-1.0362962870611128,-0.6149252646338933,18.693185746021,75.0,0.0909995508568166,0.5333333333333333,0.003506720022416827,1
reversal20+quality_roic,2,reversal20|quality_roic,120,2021-09-07,2026-08-10,4483.183333333333,0.055153305609466095,0.027542261349582767,2.428623963431331,52.21357741064042,7.894692904488831,-5.4660689410575,0.2503658074633104,34.85730083026275,46.666666666666664,0.21416026239818506,0.475,0.005610532040689011,1,15,2026-01-09,2026-08-10,4805.466666666666,0.05085116629806105,0.024036936102380054,1.5373347593353737,53.556105553653424,8.097683159712398,-6.560348400377023,-0.7338101802098687,20.749869791516918,62.5,0.17859942873498463,0.4,0.0036327957005365626,1
book_to_market_lf_minus_size+turn_bias,2,book_to_market_lf_minus_size|turn_bias,120,2021-09-07,2026-08-10,3919.575,0.10952584461112987,0.06820544898519385,19.706497805862156,18.94186145773068,2.8640094524088786,16.842488353453277,0.9974379808392662,24.08513151794628,73.33333333333333,0.4420081234339408,0.675,0.032677636304755966,1,15,2026-01-09,2026-08-10,4609.8,0.08114081929277588,0.033813967041781426,6.194160611934308,16.767885536838712,2.535304293170013,3.658856318764294,-0.2743174666187482,20.977276409638034,50.0,0.13599872954953368,0.4,0.004414019335370324,1
turn_bias+fscore_eq,2,turn_bias|fscore_eq,120,2021-09-07,2026-08-10,3833.0833333333335,0.08620044654792341,0.050625638324018125,10.453187575436807,41.28035695248665,6.241589971215981,4.211597604220826,0.6085339248835858,26.56791358186965,60.0,0.3628756468537872,0.5833333333333334,0.01824669163342843,1,15,2026-01-09,2026-08-10,4513.866666666667,0.0785620344423668,0.039401279434223606,9.052925071092899,41.38259736396016,6.257048721430776,2.7958763496621226,-0.3638924805951392,16.914101272634074,62.5,0.17933988563155245,0.5333333333333333,0.007514296678333945,1
turn_bias+drawdown120,2,turn_bias|drawdown120,120,2021-09-07,2026-08-10,3923.15,0.07217673740349896,0.05228368303271227,12.117639865369112,31.697144973869275,4.792608320049034,7.325031545320078,0.6488991340101444,28.213888504326135,61.66666666666667,0.35720734570234,0.575,0.01482468495388123,1,15,2026-01-09,2026-08-10,4613.8,0.0362656144384502,0.018366259326267533,-3.8181896807976234,30.017867766060547,4.538701606228355,-8.356891287025977,-0.8009059144427858,23.424848799105657,37.5,0.09036911951997394,0.4666666666666667,0.0015294027679716793,1
turn_bias+cash_conversion,2,turn_bias|cash_conversion,120,2021-09-07,2026-08-10,3918.0666666666666,0.05899765108835111,0.03462586881766692,9.11941354276764,20.970806020510636,3.1707858703012084,5.948627672466432,0.7273833437935474,21.602924460789218,61.66666666666667,0.31322699853884,0.5416666666666666,0.010009814301091553,1,15,2026-01-09,2026-08-10,4606.8,0.05147837944715367,0.02838584664102356,1.4156829032000107,19.330042945433725,2.9227024933495795,-1.5070195901495689,-0.6507367633726463,17.824485323118665,50.0,0.1754064272539288,0.4666666666666667,0.004213831355835408,1
impact60+momentum120,2,impact60|momentum120,120,2021-09-07,2026-08-10,4453.841666666666,0.09362703349215132,0.06512575311558995,20.37893281141052,23.863879633943025,3.6082186006521857,16.770714210758335,0.8993795083586418,27.419655551004208,76.66666666666667,0.39698300004776366,0.6333333333333333,0.023539949072814894,1,15,2026-01-09,2026-08-10,4861.866666666667,0.06602583648149511,0.019027488564984478,13.89920639132729,19.46480954331319,2.9430792029489545,10.956127188378336,0.09329638183074213,18.83385188693405,75.0,0.08039938258502571,0.4666666666666667,0.002477270360960301,1
impact60+book_to_market_lf_div_oper_main_profit_ttm,2,impact60|book_to_market_lf_div_oper_main_profit_ttm,120,2021-09-07,2026-08-10,4427.525,0.06476377734006032,0.04517937689497027,17.33947424425417,7.368185432474167,1.114069637390094,16.22540460686408,0.9065678539244827,30.4715390751202,73.33333333333333,0.3495228999905754,0.675,0.015279585707413213,1,15,2026-01-09,2026-08-10,4781.6,0.05874272660926896,0.03549306066690767,15.99726484051116,6.902948451384343,1.0437258058493126,14.953539034661848,0.23939404247836776,20.506278133231902,75.0,0.26499400013456387,0.6,0.00933988206180076,1
impact60+ev_ebitda_proxy,2,impact60|ev_ebitda_proxy,120,2021-09-07,2026-08-10,4416.808333333333,0.05760623271852023,0.042453093180053,19.1987378359878,9.701560580282544,1.4668759597387206,17.73186187624908,0.9608436008959503,29.573515083871715,78.33333333333333,0.3363897523771029,0.65,0.01259579513371451,1,15,2026-01-09,2026-08-10,4772.866666666667,0.04623765117473521,0.02114451357427546,13.343371805834837,8.906113850278404,1.3466044141620945,11.99676739167274,0.12207071320715938,19.531120433765203,75.0,0.12329616874869076,0.5333333333333333,0.0030404934622844013,1
impact60+quality_net_margin_tsrank378,2,impact60|quality_net_margin_tsrank378,120,2021-09-07,2026-08-10,4098.308333333333,0.05243672312979781,0.04051973994630365,16.452601152841595,14.170881001050855,2.1426372073588893,14.309963945482707,0.9621245571968932,21.84108694584237,75.0,0.43724157615744086,0.6333333333333333,0.014520759797542615,1,15,2026-01-09,2026-08-10,4753.933333333333,0.0495710340270416,0.034971080051102166,11.217002229087125,13.597249575992754,2.055904135890104,9.16109809319702,-0.01285825062043474,18.276462456396203,62.5,0.35479689834532857,0.5333333333333333,0.009380079530968054,1
size_only+book_to_market_lf_plus_impact,2,size_only|book_to_market_lf_plus_impact,120,2021-09-07,2026-08-10,4525.658333333334,0.07589414847830375,0.054377276254426093,22.888429608179916,9.151040252869315,1.3836372862338404,21.504792321946077,1.051340447942713,29.862302723806422,73.33333333333333,0.31874146698442396,0.6916666666666667,0.016731840119876523,1,15,2026-01-09,2026-08-10,4881.133333333333,0.06512162352436693,0.03035378635667069,11.821411109125602,8.466017492908035,1.2800618449276946,10.541349264197907,0.07825212456767976,19.524441836400275,62.5,0.15051802383435953,0.5333333333333333,0.005227721643612186,1
book_to_market_lf_plus_impact+alpha44,2,book_to_market_lf_plus_impact|alpha44,120,2021-09-07,2026-08-10,4525.191666666667,0.07855247570008088,0.04338084667227187,12.683923730269498,73.88884581076903,11.171993486588274,1.5119302436812228,0.4712066165028018,31.789777161182197,68.33333333333333,0.34899077112837623,0.6416666666666667,0.01759070715236082,1,15,2026-01-09,2026-08-10,4880.666666666667,0.06806429255968872,0.024870730124509733,6.940108699346393,73.57692200067444,11.124830606501975,-4.184721907155583,-0.672109661480717,20.296876621745675,50.0,0.13793711994627234,0.6,0.005633155492118373,1
book_to_market_lf_plus_impact+quality_asset_turnover_tsrank378,2,book_to_market_lf_plus_impact|quality_asset_turnover_tsrank378,120,2021-09-07,2026-08-10,4096.425,0.06094545502914948,0.041028330188579605,13.912107673024288,19.91650752647219,3.0113759380025957,10.900731735021692,0.8573165988890743,22.58115383241497,70.0,0.38546788538034593,0.5666666666666667,0.01331242554838989,1,15,2026-01-09,2026-08-10,4751.466666666666,0.052620671974358366,0.0291198880642953,4.162274307655068,20.09817465103635,3.038844007236696,1.1234303004183714,-0.397376430541738,19.9048671649073,62.5,0.22039315797687392,0.4,0.0046388944285176105,1
book_to_market_lf_minus_size+impact_abs_return60,2,book_to_market_lf_minus_size|impact_abs_return60,120,2021-09-07,2026-08-10,4525.658333333334,0.07595696627793137,0.05399358565376782,22.470588120099478,9.117140574580302,1.3785116548765417,21.092076465222938,1.0508754032493026,29.276191046948984,73.33333333333333,0.32322884822147446,0.6916666666666667,0.01698144221771908,1,15,2026-01-09,2026-08-10,4881.133333333333,0.06640496247507717,0.031310277714549126,13.18800193655636,8.519423940125439,1.2881368997469662,11.899865036809393,0.12587162681185454,18.544562972065183,62.5,0.15557061160153457,0.5333333333333333,0.0055096856669998445,1
book_to_market_lf_minus_size+alpha13,2,book_to_market_lf_minus_size|alpha13,120,2021-09-07,2026-08-10,4593.658333333334,0.08955453314263936,0.04870203191219534,17.295884534930515,62.949580812514746,9.51797661885223,7.777907916078286,0.655458308770981,28.407472933637557,75.0,0.3779867380953219,0.6166666666666667,0.02087442928294532,1,15,2026-01-09,2026-08-10,4907.466666666666,0.06889590438101799,0.024217189769270328,5.288008183413306,61.35858780937441,9.27741847677741,-3.989410293364104,-0.6201595776608291,21.84126365307516,50.0,0.12852145205396662,0.5333333333333333,0.004722454224863825,1
book_to_market_lf_minus_size+max5_low21,2,book_to_market_lf_minus_size|max5_low21,120,2021-09-07,2026-08-10,4557.891666666666,0.06389728898975015,0.03865369989206265,11.768963471666027,67.95614513510965,10.274969144428578,1.4939943272374494,0.4646488831510636,28.899125392273973,63.33333333333333,0.284555816715748,0.5833333333333334,0.010606368065066976,1,15,2026-01-09,2026-08-10,4882.4,0.04971826654432707,0.015536265367294978,4.887417703257613,69.69668467947456,10.538138723536553,-5.65072102027894,-0.7919129149890308,20.295986640995668,62.5,0.08984297341540289,0.5333333333333333,0.0023823130130143423,1
chip250+f_i10_01,2,chip250|f_i10_01,120,2021-09-07,2026-08-10,4283.2,0.09558466855729476,0.06393726033138392,24.803714936580022,22.02156437237507,3.3296605331031106,21.474054403476913,1.0046710387152542,28.60828708021036,75.0,0.3634442353277073,0.6583333333333333,0.022870300375465075,1,15,2026-01-09,2026-08-10,4822.8,0.05368782825197053,0.011817961830171241,7.706067196067901,20.860749453384862,3.1541453173517913,4.55192187871611,-0.15484381830955876,20.911820103324953,50.0,0.05071793887135048,0.4666666666666667,0.0012707034626622021,1
rsi14+f_i10_01,2,rsi14|f_i10_01,120,2021-09-07,2026-08-10,4529.666666666667,0.0931919929321131,0.05988745398404971,20.345077473093156,55.466411661291346,8.386521443187252,11.958556029905901,0.7466026404349864,29.870449341312167,81.66666666666667,0.3795761839190809,0.6583333333333333,0.023287528523915416,1,15,2026-01-09,2026-08-10,4885.133333333333,0.07321546336323022,0.03184574593144646,13.149673251206051,54.33946709379526,8.216127424581842,4.933545826624208,-0.11921359792593338,20.593407572516252,62.5,0.15036074265546936,0.4666666666666667,0.005137408007741148,1
paper_composite_nomcap+f_i10_01,2,paper_composite_nomcap|f_i10_01,120,2021-09-07,2026-08-10,4519.358333333334,0.07739215931039939,0.047785456205910126,17.155654539694588,9.169495370851855,1.3864277000728005,15.769226839621787,0.9788963781301703,24.57335092762326,68.33333333333333,0.3065549271365742,0.6333333333333333,0.015025800246949696,1,15,2026-01-09,2026-08-10,4875.666666666667,0.06310528198680862,0.02006043411193351,7.424095892586601,8.817776123677397,1.3332477499000226,6.090848142686579,-0.1481516878376979,18.594153630119703,50.0,0.08895047389005466,0.5333333333333333,0.00299373052676915,1
growth_revenue+f_i10_01,2,growth_revenue|f_i10_01,120,2021-09-07,2026-08-10,4529.666666666667,0.04611601240530373,0.038362114957971434,16.2485208863179,10.309474778349513,1.5587925864864463,14.689728299831451,0.9062379752994051,25.733503635981446,70.0,0.3854129532842004,0.625,0.011108567834261835,1,15,2026-01-09,2026-08-10,4885.133333333333,0.04858799888949157,0.038398116584163554,8.859046816784543,9.822239781363805,1.4851226549422072,7.373924161842337,-0.060703146024760915,20.25200257233187,62.5,0.419519636652511,0.5333333333333333,0.010871263807889128,1
chip250+max_return21_low,2,chip250|max_return21_low,120,2021-09-07,2026-08-10,4283.2,0.09599910346623058,0.049238644120828005,8.821127164902087,47.13184691149813,7.1263352530185164,1.694791911883571,0.5134972660059935,26.191218547256256,58.333333333333336,0.32405141264328696,0.575,0.017887470927164625,1,15,2026-01-09,2026-08-10,4822.8,0.063361027751691,0.006292576188403016,2.2385734461434215,45.75133955485643,6.9176025406942925,-4.679029094550871,-0.727272487725055,21.00366320784555,50.0,0.023464862770186702,0.4,0.0005947031284685683,1
chip250+ltmom_exhigh252_21,2,chip250|ltmom_exhigh252_21,120,2021-09-07,2026-08-10,4280.491666666667,0.08736276845314105,0.048242849577315845,15.961855608051279,28.23069063938089,4.26848042467439,11.693375183376888,0.8121750329960369,25.60544026100098,66.66666666666666,0.388622190451847,0.6083333333333333,0.020653592184453288,1,15,2026-01-09,2026-08-10,4822.533333333334,0.05813199536209861,0.007257607617788113,5.390260644738731,29.75141467356478,4.498413898642994,0.8918467460957369,-0.3937257154960038,18.69414127339345,62.5,0.037373036321304044,0.5333333333333333,0.0011587035595187142,1
chip250+growth_roe,2,chip250|growth_roe,120,2021-09-07,2026-08-10,3912.5416666666665,0.057137343015699615,0.03262855292076725,9.833866594229491,23.313632597562204,3.5250212487514054,6.308845345478084,0.6454736132451099,27.524432763473083,56.666666666666664,0.3032051940579569,0.5333333333333333,0.009239647561083333,1,15,2026-01-09,2026-08-10,4605.933333333333,0.032396759058042505,0.0010147779489737237,-4.299567497073076,21.25513930455329,3.2137770628484574,-7.513344559921534,-0.8199051697392359,21.743733652181074,12.5,0.005916349827565099,0.3333333333333333,6.389018662223928e-05,1
momentum120+max_return21_low,2,momentum120|max_return21_low,120,2021-09-07,2026-08-10,4453.841666666666,0.093495826398222,0.050755473356466616,5.821843312843322,51.3345330704709,7.7617814002552,-1.939938087411877,0.3860008992712922,26.28188851263962,56.666666666666664,0.3108363941488264,0.575,0.016710595688713088,1,15,2026-01-09,2026-08-10,4861.866666666667,0.07344278793784399,0.00754037462786254,5.952644433999222,50.76643501880448,7.675884974843237,-1.7232405408440163,-0.6393009598441637,19.221970892401707,75.0,0.027041788502029856,0.4666666666666667,0.0009268113579268164,1
momentum120+ltmom_exhigh252_21,2,momentum120|ltmom_exhigh252_21,120,2021-09-07,2026-08-10,4280.491666666667,0.08193848108491023,0.049321246246765635,14.223135229201556,28.846404658402463,4.361576384350452,9.861558844851103,0.772768394401431,23.825552061826027,66.66666666666666,0.39098375062308466,0.6083333333333333,0.019488940581753267,1,15,2026-01-09,2026-08-10,4822.533333333334,0.06146176314541851,0.009459123531713631,5.701524657794432,24.90406141815949,3.765494086425715,1.9360305713687174,-0.3423860708492127,18.43625197676402,62.5,0.04954981501780223,0.4666666666666667,0.0014211955307776155,1
momentum120+growth_roe,2,momentum120|growth_roe,120,2021-09-07,2026-08-10,3912.5416666666665,0.049653354382124586,0.034203303565536455,7.618598905442919,25.377633982663898,3.8370982581787816,3.7815006472641377,0.5745442203494361,29.634065850790037,60.0,0.2993321368451531,0.5666666666666667,0.008422278645614232,1,15,2026-01-09,2026-08-10,4605.933333333333,0.031222646645366146,0.0025548219445951648,-3.5541376472035036,20.583520603631555,3.1122283152690913,-6.666365962472595,-0.7835679031763295,20.826533478688102,37.5,0.014876349775372668,0.3333333333333333,0.0001548263374697776,1
impact_abs_return60+rsi14,2,impact_abs_return60|rsi14,120,2021-09-07,2026-08-10,4529.666666666667,0.08989687097430986,0.05696008131588977,18.575232335739567,54.283150419571754,8.20761234343925,10.367619992300318,0.7165333268236993,28.142586638484033,76.66666666666667,0.37776743250601647,0.65,0.022074071589888288,1,15,2026-01-09,2026-08-10,4885.133333333333,0.07398526841237121,0.0326163083023628,13.826199692163222,53.79479658416296,8.13377324352544,5.692426448637781,-0.10501397590873321,19.169254709916018,62.5,0.15640175928851502,0.4666666666666667,0.0053999988658596666,1
impact_abs_return60+paper_composite_nomcap,2,impact_abs_return60|paper_composite_nomcap,120,2021-09-07,2026-08-10,4519.358333333334,0.07074233819989911,0.042961232415906915,15.391690237214718,9.300573178463726,1.4062466645837153,13.985443572631,0.9462610036570153,22.42107672105096,68.33333333333333,0.28701945122238953,0.6,0.012182656252994235,1,15,2026-01-09,2026-08-10,4875.666666666667,0.06017860327481861,0.018828467055737493,6.756910079447842,9.497790214202698,1.4360658803874482,5.320844199060394,-0.21076894528477708,18.054711882844998,50.0,0.08552771565257138,0.5333333333333333,0.0027450338502707132,1
impact_abs_return60+growth_revenue,2,impact_abs_return60|growth_revenue,120,2021-09-07,2026-08-10,4529.666666666667,0.04053310009930011,0.03406051549273356,14.256425904024894,12.09733802318233,1.8291175091051683,12.427308394919725,0.8519282833897792,23.408121836942964,70.0,0.3763001591574658,0.5833333333333334,0.00889735701079874,1,15,2026-01-09,2026-08-10,4885.133333333333,0.04690961956603253,0.037863595672694476,10.667642733289018,12.10715897135798,1.8306024364693265,8.83704029681969,-0.006456982563846068,19.377678953697263,62.5,0.48377839321953026,0.5333333333333333,0.012103392202770484,1
paper_composite+alpha13,2,paper_composite|alpha13,120,2021-09-07,2026-08-10,4587.158333333334,0.08224807362589617,0.04126821028869412,14.596466022594633,63.42891460343699,9.590451888039674,5.0060141345549605,0.5990077409157655,25.322686618451062,68.33333333333333,0.3378644360228026,0.5833333333333334,0.01621007442225229,1,15,2026-01-09,2026-08-10,4902.0,0.059854627608319326,0.015169884316494188,2.497611260994892,62.9268825337017,9.514544639095696,-7.016933378100805,-0.8520392802398488,21.176894691928606,50.0,0.08061375580832533,0.5333333333333333,0.0025733900448081607,1
paper_composite+max5_low21,2,paper_composite|max5_low21,120,2021-09-07,2026-08-10,4551.408333333334,0.056366234269255064,0.031268991957922945,9.130347055395482,67.23643673211453,10.166149233895718,-1.035802178500235,0.39527385974068013,26.19477919824914,60.0,0.244317622537033,0.55,0.007574195391416409,1,15,2026-01-09,2026-08-10,4876.933333333333,0.03938453026465748,0.0058029470884736695,0.897829513498638,69.75170122053323,10.546457224544623,-9.648627711045986,-1.169647381311193,20.071052243440267,50.0,0.033174641928264345,0.5333333333333333,0.000696836100822881,1
size_only+fscore_interact,2,size_only|fscore_interact,120,2021-09-07,2026-08-10,4454.858333333334,0.08856695686784168,0.05672811642995052,19.011857089564323,37.624004370583194,5.688749460832178,13.323107628732142,0.8289464106030769,26.62085080776494,80.0,0.394104789902802,0.6583333333333333,0.02297890243641475,1,15,2026-01-09,2026-08-10,4792.2,0.07677893958964775,0.03429734760766548,11.780247159599144,36.04063929930447,5.449344662054836,6.330902497544308,-0.10389268592461993,19.151005475259254,62.5,0.17130736457571036,0.5333333333333333,0.007014825491210789,1
fscore_interact+alpha44,2,fscore_interact|alpha44,120,2021-09-07,2026-08-10,4454.458333333333,0.06635334898287018,0.027506081120768897,7.8446433793524895,69.99161594395092,10.582732330725381,-2.738088951372891,0.3354050600538057,33.823211652330606,58.333333333333336,0.3020296207632102,0.5166666666666667,0.010354349695327033,1,15,2026-01-09,2026-08-10,4791.733333333334,0.05891269193506186,0.02057874526023228,6.3670260021701175,71.71425775585892,10.843195772685869,-4.476169770515752,-0.6466595986213701,20.40420496302423,62.5,0.16220689035419697,0.5333333333333333,0.00509655709929662,1
fscore_interact+quality_asset_turnover_tsrank378,2,fscore_interact|quality_asset_turnover_tsrank378,120,2021-09-07,2026-08-10,4007.4416666666666,0.04437845574464878,0.023123204375788763,7.587415047029045,38.50384459485435,5.821781302741978,1.765633744287067,0.5309834805090541,28.908228891655728,60.0,0.3136444812471181,0.49166666666666664,0.0068435367175344545,1,15,2026-01-09,2026-08-10,4655.4,0.04401492396424669,0.02349954803914123,8.445658438722226,38.81929093794477,5.8694767898172495,2.576181648904976,-0.32166444200497624,17.598768840823354,62.5,0.2625935630585184,0.5333333333333333,0.006164285712811362,1
size_only+book_to_market_lf_div_oper_main_profit_ttm,2,size_only|book_to_market_lf_div_oper_main_profit_ttm,120,2021-09-07,2026-08-10,4497.325,0.05455886435338382,0.04166989849378875,16.297675529749366,7.410919840263904,1.1205310798479022,15.177144449901464,0.8636960876446811,31.71871498629921,71.66666666666667,0.2797896793928443,0.6916666666666667,0.010558296622784067,1,15,2026-01-09,2026-08-10,4802.6,0.04434902494364306,0.02690766784988034,12.016526735336019,7.8020836494692825,1.1796750477997555,10.836851687536264,0.08640266889494287,21.471622785933477,50.0,0.19388843061078145,0.6,0.005159257707264812,1
size_only+ev_ebitda_proxy,2,size_only|ev_ebitda_proxy,120,2021-09-07,2026-08-10,4476.591666666666,0.05075221523834963,0.03973836210142216,16.711497803021835,7.0843419732681445,1.0711525063581435,15.640345296663691,0.8552936482074338,32.86016829786722,68.33333333333333,0.2706838588402865,0.6583333333333333,0.009044055264727768,1,15,2026-01-09,2026-08-10,4786.666666666667,0.03557394414460584,0.012948930991233369,6.524025492328855,7.067015746090201,1.0685327808088383,5.455492711520018,-0.11505733194162619,21.824465369337865,50.0,0.07475447169911213,0.5333333333333333,0.001418299413751324,1
size_only+quality_net_margin_tsrank378,2,size_only|quality_net_margin_tsrank378,120,2021-09-07,2026-08-10,4098.308333333333,0.041650258402869254,0.03621792051869978,14.930132911116424,11.97741996893112,1.8109858993023853,13.119147011814036,0.8581350934961293,28.106528209550042,73.33333333333333,0.31306745788324025,0.6166666666666667,0.008040926652992579,1,15,2026-01-09,2026-08-10,4753.933333333333,0.03468805756866744,0.024296549054349196,6.195891288115652,11.814565699941854,1.7863623338312082,4.409528954284443,-0.19368086996933856,20.69340637528303,62.5,0.23876166687622263,0.5333333333333333,0.004417161837756484,1
drawdown120+fscore_eq,2,drawdown120|fscore_eq,120,2021-09-07,2026-08-10,4356.966666666666,0.06285491082320076,0.03710473992758621,9.715972887813473,37.55320755992721,5.678044983060994,4.037927904752479,0.5561053944643891,26.692530640643508,60.0,0.270334051931961,0.5416666666666666,0.00920390397693971,1,15,2026-01-09,2026-08-10,4761.733333333334,0.046084915766951076,0.01442644910157747,3.4198705367637805,40.23868711677056,6.0840894920557105,-2.6642189552919295,-0.5309192984550438,19.874600511515784,50.0,0.0726868410421264,0.4,0.0013399067787168632,1
fscore_eq+cash_conversion,2,fscore_eq|cash_conversion,120,2021-09-07,2026-08-10,4454.858333333334,0.04579519367499382,0.021536939912608064,9.144595628774477,34.17665556687286,5.167510321711176,3.9770853070633008,0.6002667404763034,23.388068100571292,68.33333333333333,0.24783279072784217,0.5,0.005674775325197873,1,15,2026-01-09,2026-08-10,4792.2,0.04772242240226887,0.020938659798860566,5.487181727607404,33.77641018959688,5.106993220667047,0.38018850694035644,-0.4455962493278304,17.400333631863596,75.0,0.15460127758151257,0.4,0.0029511789890701457,1
value_bm+max_return21_low,2,value_bm|max_return21_low,120,2021-09-07,2026-08-10,4573.516666666666,0.08588103524409506,0.03121292815793413,3.352275312683961,21.11297015506157,3.1922810874453096,0.15999422523865145,0.5286705611019198,20.97547808514544,48.333333333333336,0.18215214176937172,0.5333333333333333,0.0083431544037775,1,15,2026-01-09,2026-08-10,4899.266666666666,0.0784812429409986,0.016478589195269684,5.741673715813533,19.46944954374175,2.9437807710137527,2.7978929447997807,-0.49657138974100834,16.653226643220954,75.0,0.06357654351541654,0.5333333333333333,0.0026611019503906,1
max_return21_low+quality_roic,2,max_return21_low|quality_roic,120,2021-09-07,2026-08-10,4481.975,0.05275125086244387,0.014180140659630358,-1.4285180816050014,39.14739299040726,5.9190858201495775,-7.347603901754579,0.181963097374482,31.314676593939428,53.333333333333336,0.09594756314068734,0.4666666666666667,0.0023619651873414667,1,15,2026-01-09,2026-08-10,4805.133333333333,0.065054830381518,0.02398615326530384,5.148227732436094,36.80944791611485,5.565588524916565,-0.4173607924804701,-0.7268651872808091,16.793541196743966,87.5,0.1356086547652578,0.4666666666666667,0.0041169324158758505,1
skew60_low+rsi14,2,skew60_low|rsi14,120,2021-09-07,2026-08-10,4529.666666666667,0.07038621849534579,0.03371884128006827,7.106625329274796,57.498604626767204,8.693789019567202,-1.587163690292405,0.38031030183930653,30.065730900103215,65.0,0.319971705546926,0.5333333333333333,0.012011519135442336,1,15,2026-01-09,2026-08-10,4885.133333333333,0.05984127944779727,0.016316582412972104,9.908281616903093,58.141167836074935,8.79094457681453,1.1173370400885618,-0.36049783711850014,17.94647586504674,75.0,0.11023557846003393,0.4666666666666667,0.003078431092667687,1
asset_growth+rsi14,2,asset_growth|rsi14,120,2021-09-07,2026-08-10,4585.783333333334,0.03954151542358921,0.018301988380398183,1.7606863242533466,50.09310866524102,7.574078030184442,-5.813391705931095,0.23815640775178354,41.32975814601455,55.00000000000001,0.1733143476315123,0.4583333333333333,0.003141009643750342,1,15,2026-01-09,2026-08-10,4906.466666666666,0.05197747527187255,0.02825412919088559,6.197607550149609,50.374514500262926,7.616626592439754,-1.4190190422901456,-0.46170676401415717,18.812605626203606,62.5,0.29159094560888077,0.5333333333333333,0.008083285954606684,1
book_to_market_lf_div_oper_main_profit_ttm+skew60_low,2,book_to_market_lf_div_oper_main_profit_ttm|skew60_low,120,2021-09-07,2026-08-10,4427.525,0.05489447062011687,0.02868915022408352,13.617546410631931,19.909806352120146,3.010362720440566,10.607183690191366,0.7527708067618258,29.803535435912355,71.66666666666667,0.3200664865707251,0.6083333333333333,0.010688343875653924,1,15,2026-01-09,2026-08-10,4781.6,0.04940737288037062,0.02040803001997885,7.773151058010619,20.033925832608976,3.029129585890477,4.744021472120141,-0.17766177831088076,20.493947475544715,62.5,0.26740865587804924,0.6,0.007927175503443294,1
book_to_market_lf_div_oper_main_profit_ttm+asset_growth,2,book_to_market_lf_div_oper_main_profit_ttm|asset_growth,120,2021-09-07,2026-08-10,4497.325,0.012961289564144106,0.011463550533319478,5.953542925105237,7.864541337401593,1.1891186502151208,4.764424274890117,0.5945597624228962,31.470011567567735,61.66666666666667,0.1969646678569578,0.45,0.0011488122422997737,1,15,2026-01-09,2026-08-10,4802.6,0.03957545035244825,0.0348795931238685,6.562619152419636,7.982962124560726,1.2070238732335818,5.355595279186054,-0.14804630887795917,21.8810277298089,62.5,0.6852717928317803,0.6666666666666666,0.018079959876764883,1
value_bm+alpha13,2,value_bm|alpha13,120,2021-09-07,2026-08-10,4593.658333333334,0.06707284935857433,0.02469720977923558,6.031022202123504,40.16160456358999,6.072434610014806,-0.04141240789130238,0.48525607263823006,22.029694170299063,58.333333333333336,0.2012187968615066,0.5333333333333333,0.0071980362933362135,1,15,2026-01-09,2026-08-10,4907.466666666666,0.058128547435940855,0.013282280134078188,4.3427049859506965,40.17401900688178,6.0743116738405245,-1.7316066878898286,-0.7396928844655527,18.380971954465863,75.0,0.07732574913020793,0.5333333333333333,0.002397244520711975,1
alpha13+quality_roic,2,alpha13|quality_roic,120,2021-09-07,2026-08-10,4501.941666666667,0.028469826822553532,0.002740832984659253,-3.8083119107304775,62.51581235765437,9.45239082847734,-13.260702739207819,-0.07635169678755796,45.310791476439725,36.666666666666664,0.026184299898379053,0.375,0.00027954843134124664,1,15,2026-01-09,2026-08-10,4813.333333333333,0.03665638368049707,0.016947117646981567,3.59991557767958,64.219016539275,9.709915300738382,-6.109999723058802,-0.9045654772521154,16.83101965701248,62.5,0.2113837232611031,0.4,0.0030994251454684037,1
drawdown120+skew60_low,2,drawdown120|skew60_low,120,2021-09-07,2026-08-10,4455.15,0.054434178342850886,0.03171992156116638,9.94975463308041,36.17554150885475,5.469741876138838,4.480012756941572,0.5675925891742334,26.510446783747234,60.0,0.27439551991885625,0.48333333333333334,0.007219305756075452,1,15,2026-01-09,2026-08-10,4862.133333333333,0.034426418211613435,0.004145853288656191,4.2061592303433315,37.56861504352312,5.680374594580695,-1.474215364237364,-0.4684487127186419,19.469243132632407,50.0,0.031516674744405976,0.4,0.00043400249015612604,1
cash_conversion+skew60_low,2,cash_conversion|skew60_low,120,2021-09-07,2026-08-10,4523.366666666667,0.03746483651714184,0.01393273916936476,5.4321966322276705,27.596336852951765,4.172566132166307,1.2596305000613637,0.5341939396140214,22.79398113300305,56.666666666666664,0.22018417560695439,0.45,0.003712123864249288,1,15,2026-01-09,2026-08-10,4877.733333333334,0.03869829564760793,0.012365721183917905,1.6959471963821415,26.77355817857784,4.048161996600969,-2.3522148002188277,-0.7193423407303499,18.3907799548925,62.5,0.15642599025422754,0.4666666666666667,0.0028249289683197026,1
ev_ebitda_proxy+value_bm,2,ev_ebitda_proxy|value_bm,120,2021-09-07,2026-08-10,4476.591666666666,0.03912544550931405,0.017847084161665906,5.259674192941199,7.311476893343044,1.105495306273468,4.154178886667731,0.6483678688578262,20.613384106410127,53.333333333333336,0.1272104001230922,0.49166666666666664,0.0024471054259650902,1,15,2026-01-09,2026-08-10,4786.666666666667,0.03305842899054997,0.00032800964435219284,4.590876288850199,7.094954061068913,1.0727570540336195,3.5181192348165786,-0.38682972118126496,17.656158169844016,75.0,0.0015889432168998392,0.5333333333333333,2.8014915469813e-05,1
value_bm+quality_net_margin_tsrank378,2,value_bm|quality_net_margin_tsrank378,120,2021-09-07,2026-08-10,4094.9333333333334,0.03353955549384771,0.012819773032795237,2.259289846870538,9.829669624294251,1.4862460471932908,0.7730437996772471,0.5727374801324994,18.506426995217762,53.333333333333336,0.10765464386345992,0.45,0.0016248100059130166,1,15,2026-01-09,2026-08-10,4749.933333333333,0.03823047360963114,0.01131663778923463,2.0195930755038116,10.074180781716157,1.5232161341954826,0.496376941308329,-0.658633646839868,17.62598785040592,75.0,0.07671348214538333,0.4666666666666667,0.0013686366188422605,1
quality_asset_turnover_tsrank378+alpha44,2,quality_asset_turnover_tsrank378|alpha44,120,2021-09-07,2026-08-10,4099.758333333333,0.025643425514678842,0.013127008691726975,4.909160832488357,77.80269674775333,11.763767748260303,-6.854606915771947,0.19964607968028517,38.451966329029176,71.66666666666667,0.276605718490884,0.4583333333333333,0.0032510124804003035,1,15,2026-01-09,2026-08-10,4755.0,0.01693905249354353,0.01000623709508707,-2.367650878093497,78.18842430977675,11.822089755638244,-14.18974063373174,-1.1396873829814718,23.714842108965016,37.5,0.2316754214527194,0.5333333333333333,0.0020929931335740984,1
drawdown120+max5_low21,2,drawdown120|max5_low21,120,2021-09-07,2026-08-10,4420.925,0.03415439090871766,0.023060574830435072,6.47175742797601,72.32551397212109,10.935617712584706,-4.463860284608696,0.2764748338536068,34.76911591113814,55.00000000000001,0.20908718495059828,0.43333333333333335,0.0030945396944826358,1,15,2026-01-09,2026-08-10,4836.266666666666,0.010043361912754182,-0.0038195447245959343,-5.321457603565749,74.40063589598549,11.249376147473006,-16.570833751038755,-1.2488217628446607,23.44030045296287,25.0,-0.03514320936253003,0.3333333333333333,0.00011765199013452675,0
paper_composite_nomcap+ltmom_exhigh252_21,2,paper_composite_nomcap|ltmom_exhigh252_21,120,2021-09-07,2026-08-10,4270.85,0.04798589539654388,0.018743533982446926,4.544445106369466,13.48658950568603,2.0391723332597276,2.505272773109738,0.6548365198960412,17.769693214921254,53.333333333333336,0.15111956780203217,0.49166666666666664,0.003565373821685291,1,15,2026-01-09,2026-08-10,4813.066666666667,0.04872408557870808,0.009919338480628238,1.3691348677799864,14.21496242538402,2.149302318718064,-0.7801674509380775,-0.6970669535668464,17.769693214921233,62.5,0.061956290670262794,0.6,0.0018112581652543183,1
growth_revenue+ltmom_exhigh252_21,2,growth_revenue|ltmom_exhigh252_21,120,2021-09-07,2026-08-10,4280.491666666667,0.019005522585447476,0.008959504893095287,0.22749985307921605,16.540363431585654,2.500902950855751,-2.273403097776535,0.4032586933818091,28.194862123292797,56.666666666666664,0.11691429966220324,0.4666666666666667,0.0010369414359694962,1,15,2026-01-09,2026-08-10,4822.533333333334,0.02989498516197432,0.02219678588446462,3.854316068645436,16.899122102053035,2.555147261830419,1.2991688068150171,-0.3062188928168558,20.058783345294994,75.0,0.33437506381445226,0.5333333333333333,0.005331273371342542,1
paper_composite_nomcap+growth_roe,2,paper_composite_nomcap|growth_roe,120,2021-09-07,2026-08-10,3908.9333333333334,0.02664601495280592,0.00672437710766712,1.5997606258218333,9.71939343858741,1.4695722879144164,0.130188337907417,0.5457026423368078,18.25834054371719,53.333333333333336,0.06336349570013669,0.44166666666666665,0.0007457032221338207,1,15,2026-01-09,2026-08-10,4602.733333333334,0.02996016051006084,0.004562272213262855,-1.056806072220584,9.386230310487873,1.4191980229457664,-2.47600409516635,-0.8761021189823154,18.2583405437172,62.5,0.030834564800124736,0.3333333333333333,0.000307936170223203,1
ev_ebitda_proxy+growth_roe,2,ev_ebitda_proxy|growth_roe,120,2021-09-07,2026-08-10,3819.85,0.008373243650906933,0.0038264227827666617,-0.36647465653454336,8.458837948462719,1.2789762978075632,-1.6454509543421065,0.40985845048459707,33.019195654311225,51.66666666666667,0.07669483639619706,0.3416666666666667,0.0002194130552365327,1,15,2026-01-09,2026-08-10,4504.866666666667,0.011093098194874173,0.0012755082504159654,-3.8350661631710303,7.195008143695908,1.0878852313268212,-4.922951394497852,-0.6800768651961143,20.809183876763903,25.0,0.019501441836913495,0.26666666666666666,5.768837579693567e-05,1
growth_revenue+max5_low21,2,growth_revenue|max5_low21,120,2021-09-07,2026-08-10,4561.9,0.007177265349653524,0.0021942331504690715,1.4500670786381287,69.43155181992118,10.498050635172083,-9.047983556533955,0.11173480314063877,41.18177219774202,53.333333333333336,0.02985741625185768,0.44166666666666665,9.464678126679938e-05,1,15,2026-01-09,2026-08-10,4886.4,0.010656175784604734,0.009637002287018245,1.8096059666489195,72.68287706713498,10.98965101255081,-9.180045045901892,-0.8151625737517951,20.543102883629583,75.0,0.1135854062835226,0.6,0.0007262316335537783,1
quality_asset_turnover_tsrank378+quality_roic,2,quality_asset_turnover_tsrank378|quality_roic,120,2021-09-07,2026-08-10,4009.9416666666666,-0.0007188384727001136,-0.005139119769106095,-3.7692575312499255,19.175137427409044,2.899280779024248,-6.668538310274173,0.2410737752630253,35.75278157120039,35.0,-0.050427410554352105,0.48333333333333334,1.7520428679470825e-05,0,15,2026-01-09,2026-08-10,4657.333333333333,0.015557757319943381,0.01777850687304789,4.448619000874821,19.293531864370525,2.9171820178928236,1.5314369829819972,-0.4113291194386594,15.922245840222294,62.5,0.20998978914890726,0.4,0.0013067880716979116,1
quality_asset_turnover_tsrank378+quality_net_margin_tsrank378,2,quality_asset_turnover_tsrank378|quality_net_margin_tsrank378,120,2021-09-07,2026-08-10,4098.308333333333,0.0020012574920923606,0.0036160230559457284,1.1407381176651743,19.080068139689303,2.8849063027210224,-1.7441681850558481,0.4261410475019485,30.635500717223106,48.333333333333336,0.059077918607372965,0.4166666666666667,4.926255301259492e-05,1,15,2026-01-09,2026-08-10,4753.933333333333,0.0016438177132323103,0.009791613752403129,3.584993014062765,16.91036294944177,2.5568468779555955,1.0281461361071695,-0.3683858706689779,17.938198188714072,50.0,0.15830659543567732,0.4,0.00010409087427946703,1
t10_size_plus_impact_aggregate+t10_size_plus_impact_bm+t10_size_plus_impact_wc,3,t10_size_plus_impact_aggregate|t10_size_plus_impact_bm|t10_size_plus_impact_wc,120,2021-09-07,2026-08-10,3919.575,0.11764228234774936,0.07477795073073544,24.95446508521193,29.092570652389615,4.3987966826413105,20.55566840257062,1.0268900191872552,25.235925627807376,76.66666666666667,0.4446114288871444,0.7,0.036613572276524405,1,15,2026-01-09,2026-08-10,4609.8,0.07499306087260285,0.026879470081683173,11.90612853875902,28.039674597377363,4.239598799123457,7.666529739635564,-0.06750197388179999,19.83530126411005,62.5,0.11192232721804558,0.4666666666666667,0.003916919019097591,1
t10_size_plus_impact_bm+t10_size_plus_impact_wc+reversal_chip_turn_paper,3,t10_size_plus_impact_bm|t10_size_plus_impact_wc|reversal_chip_turn_paper,120,2021-09-07,2026-08-10,3915.3166666666666,0.11917182758680864,0.07253208225381871,22.65428412363999,32.33115455301858,4.888470568416409,17.76581355522358,0.965385838918368,24.112997025858874,76.66666666666667,0.4343430707540154,0.7,0.03623302027899578,1,15,2026-01-09,2026-08-10,4604.6,0.07576416142380062,0.022890049232089506,11.119800919386936,31.426583783013033,4.75169946799157,6.368101451395364,-0.1376408597275393,19.574834654266603,62.5,0.08960757745826001,0.4666666666666667,0.00316822004956022,1
t10_size_plus_impact_bm+t10_size_plus_impact_wc+book_to_market_lf_plus_impact,3,t10_size_plus_impact_bm|t10_size_plus_impact_wc|book_to_market_lf_plus_impact,120,2021-09-07,2026-08-10,3919.575,0.11671926966700455,0.07234720580289526,23.37838197839117,23.977375998586016,3.6253792509862057,19.75300272740497,1.0382874447672166,24.220153275818433,76.66666666666667,0.42509763403221057,0.6833333333333333,0.033905008343964316,1,15,2026-01-09,2026-08-10,4609.8,0.08075283920892486,0.027290788802941075,11.118339305245073,22.4334266579615,3.3919341106837795,7.726405194561294,-0.08214941057305189,19.77676832266455,62.5,0.10817162236258931,0.4666666666666667,0.004076410626220201,1
t10_size_plus_impact_downside+t10_size_plus_impact+t10_size_plus_impact_bm,3,t10_size_plus_impact_downside|t10_size_plus_impact|t10_size_plus_impact_bm,120,2021-09-07,2026-08-10,3919.575,0.11686913701289245,0.07474281532493543,24.810089460631325,29.655959478408807,4.4839810731354115,20.32610838749591,1.01537735903841,25.815047027858697,73.33333333333333,0.43988865302469315,0.6833333333333333,0.03512976162818571,1,15,2026-01-09,2026-08-10,4609.8,0.07506278582648494,0.02733196422082568,11.702258380481423,28.388679456251065,4.292368333785161,7.409890046696262,-0.08004981186147546,20.455831931571524,50.0,0.11288519243085134,0.4666666666666667,0.003954289277128649,1
t10_size_plus_impact+t10_size_plus_impact_bm+reversal_chip_turn_eq,3,t10_size_plus_impact|t10_size_plus_impact_bm|reversal_chip_turn_eq,120,2021-09-07,2026-08-10,3919.575,0.11608911484986416,0.07150421535598085,22.56383296947653,34.461543528656335,5.210585381532837,17.35324758794369,0.9373172493175839,25.117851489860364,76.66666666666667,0.4314838578303168,0.675,0.033811140911080124,1,15,2026-01-09,2026-08-10,4609.8,0.07329966165579385,0.023242922057093007,9.138096753276258,33.3395648580292,5.040942206534014,4.097154546742245,-0.22389432845139975,20.46704828824565,62.5,0.09264881374880732,0.4666666666666667,0.003169192460279178,1
t10_size_plus_impact+t10_size_plus_impact_bm+impact_abs_return60,3,t10_size_plus_impact|t10_size_plus_impact_bm|impact_abs_return60,120,2021-09-07,2026-08-10,3919.575,0.11016585110146118,0.07317014748985272,26.658297948245124,25.463848303856,3.8501338635430273,22.8081640847021,1.0824026484127571,25.492140475568736,76.66666666666667,0.4291112470097149,0.6916666666666667,0.03269743897295725,1,15,2026-01-09,2026-08-10,4609.8,0.07259287984731187,0.029433037861374457,11.57307111310314,23.661728356946938,3.5776533275703772,7.995417785532763,-0.04962069798505182,20.602740887586602,50.0,0.1293936706067912,0.5333333333333333,0.005009631564459436,1
t10_size_plus_impact_aggregate+t10_size_plus_impact_bm+t10_size_plus_wc_mcap,3,t10_size_plus_impact_aggregate|t10_size_plus_impact_bm|t10_size_plus_wc_mcap,120,2021-09-07,2026-08-10,3919.575,0.11803993953161866,0.07409798309290073,24.11943296010093,30.421330777839025,4.59970521360926,19.519727746491668,0.9985756737117193,25.10752809590261,76.66666666666667,0.4420796353622245,0.7,0.0365281373984219,1,15,2026-01-09,2026-08-10,4609.8,0.07409483174128174,0.025042788978023863,11.069660540230753,29.430176301039474,4.449842656717168,6.619817883513584,-0.11539927737392712,20.071156825731517,62.5,0.10294618126563997,0.4666666666666667,0.0035596306569997058,1
t10_size_plus_impact_aggregate+t10_size_plus_impact_bm+reversal_chip_eq,3,t10_size_plus_impact_aggregate|t10_size_plus_impact_bm|reversal_chip_eq,120,2021-09-07,2026-08-10,3919.575,0.11676025115389671,0.07300296432279524,23.423686480082996,35.113677674189056,5.309188064337385,18.11449841574561,0.9409257967883269,25.70708421975729,76.66666666666667,0.42771118857342055,0.6833333333333333,0.03412543829609558,1,15,2026-01-09,2026-08-10,4609.8,0.07467454706847626,0.023584803476974107,12.379432681035329,34.957810729718084,5.2856209823333735,7.0938116987019555,-0.09397783483258268,19.695593338622608,62.5,0.09263248976743294,0.4666666666666667,0.003228068301363881,1
t10_size_plus_impact_aggregate+t10_size_plus_impact_bm+book_to_market_lf_div_oper_main_profit_ttm,3,t10_size_plus_impact_aggregate|t10_size_plus_impact_bm|book_to_market_lf_div_oper_main_profit_ttm,120,2021-09-07,2026-08-10,3831.15,0.1116835843769089,0.06912901269661656,23.412635126906544,21.82523273781011,3.299975189956889,20.112659936949655,1.0048881063814061,27.440685902473515,76.66666666666667,0.42553332656069565,0.7,0.03326756102748973,1,15,2026-01-09,2026-08-10,4511.133333333333,0.07326451403989255,0.027788026753656332,11.400169005956329,20.28581883058215,3.0672158071840214,8.332953198772307,-0.03645725886078643,20.13056733325328,62.5,0.1255892671763164,0.4666666666666667,0.004293910426539557,1
t10_size_plus_impact_bm+t10_size_plus_impact_fscore+reversal_chip_turn_size_eq,3,t10_size_plus_impact_bm|t10_size_plus_impact_fscore|reversal_chip_turn_size_eq,120,2021-09-07,2026-08-10,3833.0833333333335,0.1190088626978083,0.07302675724275216,23.951720442771673,33.28790255255201,5.033130865945864,18.91858957682581,0.979715549692752,25.58519105188384,76.66666666666667,0.4321577739724337,0.6833333333333333,0.03514424687742516,1,15,2026-01-09,2026-08-10,4513.866666666667,0.07728787579376642,0.025290687023616372,10.988313256745553,32.04876892735011,4.845773861815336,6.142539394930216,-0.13902156007118943,20.468477689350294,62.5,0.09953223054087246,0.4666666666666667,0.0035898961800424215,1
t10_size_plus_impact_bm+t10_size_plus_impact_fscore+book_to_market_lf_minus_size,3,t10_size_plus_impact_bm|t10_size_plus_impact_fscore|book_to_market_lf_minus_size,120,2021-09-07,2026-08-10,3833.0833333333335,0.11775002075365398,0.07230955484368289,25.53676929473363,26.658078178067058,4.030701420523739,21.50606787420989,1.0727911646202188,24.9653609346125,78.33333333333333,0.41148535445934253,0.6833333333333333,0.0331091461687317,1,15,2026-01-09,2026-08-10,4513.866666666667,0.08243476447001259,0.027004439467231092,14.190858700475484,24.98622001119158,3.7779164656921673,10.412942234783316,0.03268045481486443,20.089888300679604,62.5,0.10411972394891313,0.4666666666666667,0.0040054396295253125,1
t10_size_plus_impact_downside+t10_size_plus_impact_bm+t10_size_plus_impact_dd120,3,t10_size_plus_impact_downside|t10_size_plus_impact_bm|t10_size_plus_impact_dd120,120,2021-09-07,2026-08-10,3919.575,0.11579262434466407,0.07439470590672949,24.48250790998465,30.418514425803927,4.599279381181553,19.883228528803098,0.9960127041856971,25.470582479019377,78.33333333333333,0.43599365864022943,0.6833333333333333,0.034497980786582255,1,15,2026-01-09,2026-08-10,4609.8,0.07272837365274376,0.025578101202149362,11.81141325462114,29.213624491195127,4.417100023068703,7.394313231552435,-0.07964911327974294,20.36718740994209,62.5,0.10501641553445204,0.4666666666666667,0.0035642474507086687,1
t10_size_plus_impact_downside+t10_size_plus_impact_bm+reversal40,3,t10_size_plus_impact_downside|t10_size_plus_impact_bm|reversal40,120,2021-09-07,2026-08-10,3919.575,0.11871380368016156,0.0742930909617298,24.02559673921889,40.79836339285314,6.168712544999394,17.856884194219496,0.9312785900664264,26.743322857523054,81.66666666666667,0.4421069081498204,0.6833333333333333,0.03586419834482302,1,15,2026-01-09,2026-08-10,4609.8,0.08343757855515581,0.031515726387792625,14.678783723317757,42.244148576972776,6.387315264838284,8.291468458479473,-0.04091221453765046,19.27814827257912,62.5,0.1260408553442683,0.4666666666666667,0.004907720425508327,1
t10_size_plus_impact_g13+t10_size_plus_impact_bm+t10_nomcap_plus_impact,3,t10_size_plus_impact_g13|t10_size_plus_impact_bm|t10_nomcap_plus_impact,120,2021-09-07,2026-08-10,3919.575,0.11769980238167391,0.07414736178033407,24.156318338828918,30.929828895138783,4.676590128944984,19.479728209883934,0.9988453167456496,24.717259013228432,75.0,0.44141802836936905,0.6916666666666667,0.035935413505524816,1,15,2026-01-09,2026-08-10,4609.8,0.07531726451669513,0.026526732944067603,10.854114917256519,29.760593320757422,4.499801710098522,6.354313207157997,-0.12687206110381904,20.27400924183873,62.5,0.10797212018687391,0.4666666666666667,0.003795010210386817,1
t10_size_plus_impact_g13+t10_size_plus_impact_bm+reversal_turn_paper_nomcap,3,t10_size_plus_impact_g13|t10_size_plus_impact_bm|reversal_turn_paper_nomcap,120,2021-09-07,2026-08-10,3915.3166666666666,0.1200856613856227,0.07230585163249562,22.93717134601332,33.5396483420162,5.07119482931285,17.865976516700467,0.982580387533097,23.59618057443701,78.33333333333333,0.43548771660099767,0.675,0.03529968556950817,1,15,2026-01-09,2026-08-10,4604.6,0.08088583720887328,0.026748997918706847,11.996092142909266,32.582108404007236,4.926414790685894,7.069677352223371,-0.11212486265979744,19.310913130119324,62.5,0.10276955210963948,0.4666666666666667,0.0038792139222522557,1
size_only+t10_size_plus_impact_g13+t10_size_plus_impact_bm,3,size_only|t10_size_plus_impact_g13|t10_size_plus_impact_bm,120,2021-09-07,2026-08-10,3919.575,0.10508832066373762,0.0718124872983276,27.970124621962157,24.943317661280048,3.771429630385543,24.198694991576613,1.0936330471978242,27.603115357176378,76.66666666666667,0.40757942866621316,0.7083333333333334,0.030339218367729407,1,15,2026-01-09,2026-08-10,4609.8,0.06791070475725684,0.027535780173060076,11.620036348794882,23.435280861311362,3.5434144662302782,8.076621882564604,-0.037974045934494674,20.83343982880904,62.5,0.12408203885934567,0.5333333333333333,0.004494132643549597,1
t10_size_plus_impact_bm+t10_nomcap_plus_impact+reversal_turn_eq,3,t10_size_plus_impact_bm|t10_nomcap_plus_impact|reversal_turn_eq,120,2021-09-07,2026-08-10,3919.575,0.11533794523090803,0.06965093009512892,21.67001318607229,38.25175482450861,5.783665329465702,15.886347856606589,0.908203807592899,25.00097152946328,75.0,0.436599615175867,0.6583333333333333,0.03315136414780153,1,15,2026-01-09,2026-08-10,4609.8,0.07770291177586279,0.027624586466675018,8.926393498950013,37.05215165521514,5.60228533026853,3.324108168681484,-0.264510598105828,20.15983472406404,62.5,0.11185301835871302,0.4666666666666667,0.004055942434782485,1
t10_size_plus_impact_bm+t10_nomcap_plus_impact+paper_composite,3,t10_size_plus_impact_bm|t10_nomcap_plus_impact|paper_composite,120,2021-09-07,2026-08-10,3915.3166666666666,0.11720754648250838,0.07057129640415082,23.007066418217057,27.81436839583161,4.20553250144974,18.80153391676732,1.019969718041401,23.187282009096442,75.0,0.40993198401450226,0.675,0.032431807397956494,1,15,2026-01-09,2026-08-10,4604.6,0.0781559009618617,0.022196066226096666,10.60937702856235,25.912977244520146,3.9180421593714465,6.6913348691909045,-0.13132984892340796,20.080738764460605,50.0,0.08345379248482535,0.4666666666666667,0.003043789625490025,1
t10_size_plus_impact_bm+t10_size_plus_wc_mcap+reversal_turn_eq,3,t10_size_plus_impact_bm|t10_size_plus_wc_mcap|reversal_turn_eq,120,2021-09-07,2026-08-10,3919.575,0.11593028458839641,0.06967760525879922,21.481459923931865,37.722279584726685,5.703608673210675,15.777851250721191,0.9016220403277202,25.369467706515035,76.66666666666667,0.43866342082514054,0.65,0.03305534388960572,1,15,2026-01-09,2026-08-10,4609.8,0.07629095114198294,0.025802515715533773,8.079192464025532,36.75676143614242,5.557622329144733,2.5215701348807977,-0.2963054157851023,20.545528773466582,50.0,0.10546494571394338,0.4666666666666667,0.0037548098096386903,1
t10_size_plus_impact_bm+t10_size_plus_wc_mcap+paper_composite,3,t10_size_plus_impact_bm|t10_size_plus_wc_mcap|paper_composite,120,2021-09-07,2026-08-10,3915.3166666666666,0.1154569008745216,0.06925437845275886,21.60328336356454,26.83284528625386,4.057126207281583,17.546157156282955,0.9811699614093379,24.213896906863653,75.0,0.4092741832378074,0.6666666666666666,0.031502352536392206,1,15,2026-01-09,2026-08-10,4604.6,0.07529922459245844,0.02009370213101235,9.98773247203606,25.17870370076254,3.807019999555296,6.180712472480764,-0.15027744677599766,20.154601136180126,50.0,0.07714882881440228,0.4666666666666667,0.00271098192770571,1
t10_size_plus_impact_bm+t10_size_plus_impact_dd120+reversal_turn_paper_nomcap,3,t10_size_plus_impact_bm|t10_size_plus_impact_dd120|reversal_turn_paper_nomcap,120,2021-09-07,2026-08-10,3915.3166666666666,0.11757342656951834,0.0706256549506959,21.927101698968166,35.66203818287485,5.392100173250678,16.535001525717487,0.9410955923864992,24.18073599265308,73.33333333333333,0.42770483830683925,0.675,0.0339435382950654,1,15,2026-01-09,2026-08-10,4604.6,0.07776225530612345,0.024051453463716132,11.93896954214586,34.811563964578184,5.263508471444222,6.675461070701639,-0.1306435704353393,19.218979274777503,62.5,0.09191359328691752,0.4666666666666667,0.0033354572100642217,1
size_only+t10_size_plus_impact_bm+t10_size_plus_impact_dd120,3,size_only|t10_size_plus_impact_bm|t10_size_plus_impact_dd120,120,2021-09-07,2026-08-10,3919.575,0.10721741174643501,0.07241381239333533,26.730986811314562,27.592334099042542,4.171960915775232,22.559025895539328,1.048397059461971,27.286642565098784,78.33333333333333,0.41063322436473515,0.7,0.03081892204543602,1,15,2026-01-09,2026-08-10,4609.8,0.06626082415642655,0.02461368870355769,12.772502162148236,26.556073581655664,4.015278325546336,8.757223836601899,-0.014085145713036198,20.63277440715443,62.5,0.10776491107813586,0.4666666666666667,0.003332276184151275,1
t10_size_plus_impact_bm+reversal_turn_paper+reversal40,3,t10_size_plus_impact_bm|reversal_turn_paper|reversal40,120,2021-09-07,2026-08-10,3915.3166666666666,0.11635126529347475,0.06916177723039985,20.966202741462613,45.349123282452126,6.856787440306761,14.109415301155853,0.852742982343011,25.022378306246406,71.66666666666667,0.42352208504144334,0.65,0.03203026480829666,1,15,2026-01-09,2026-08-10,4604.6,0.0858494583217103,0.030910602549549623,13.095508598321025,45.655961315447044,6.9031813508955935,6.192327247425434,-0.1326437390732522,19.60372465508311,62.5,0.1206163122079679,0.4666666666666667,0.004832261031647624,1
t10_size_plus_impact_bm+reversal_chip_turn_size_eq+reversal_chip_turn_paper,3,t10_size_plus_impact_bm|reversal_chip_turn_size_eq|reversal_chip_turn_paper,120,2021-09-07,2026-08-10,3915.3166666666666,0.11655741808274896,0.07065859651837346,21.75090276058245,34.850218465515084,5.26935303198588,16.48154972859657,0.9213260406048405,24.656764006326938,76.66666666666667,0.422365385612733,0.675,0.03323012771331774,1,15,2026-01-09,2026-08-10,4604.6,0.07387154589496005,0.021355887141188863,9.54335514004786,33.61274737822696,5.082247403587917,4.461107736459943,-0.2140596900314785,20.541670201363637,62.5,0.08276340690667205,0.4666666666666667,0.002853135045473757,1
t10_size_plus_impact_bm+book_to_market_lf_minus_size+reversal_chip_turn_paper,3,t10_size_plus_impact_bm|book_to_market_lf_minus_size|reversal_chip_turn_paper,120,2021-09-07,2026-08-10,3915.3166666666666,0.11722705151162374,0.07054015263914112,23.10455575622965,27.94029449546363,4.224572527714101,18.87998322851555,1.0120887898253315,24.252545744516528,76.66666666666667,0.405391148741662,0.6833333333333333,0.032473919535195,1,15,2026-01-09,2026-08-10,4604.6,0.07985221861890783,0.022703784005690612,12.254372347693977,26.329829181265946,3.9810701722074113,8.273302175486565,-0.05964978570789384,20.301179725154206,50.0,0.08484853547929151,0.4666666666666667,0.0031618271088070535,1
t10_size_plus_impact_bm+reversal_chip_turn_size_eq+reversal_chip_eq,3,t10_size_plus_impact_bm|reversal_chip_turn_size_eq|reversal_chip_eq,120,2021-09-07,2026-08-10,3919.575,0.11266894805805863,0.06910175232620565,22.15591577733096,38.484877865563355,5.818913533273179,16.33700224405778,0.8896016732747641,25.23267428098971,71.66666666666667,0.41187851014909765,0.6583333333333333,0.030550562990261015,1,15,2026-01-09,2026-08-10,4609.8,0.07111366711489597,0.020057953949610335,10.355630303634788,38.54242852501963,5.827615192982968,4.52801511065182,-0.19866252292247047,20.072855178380145,50.0,0.07853007451656002,0.4666666666666667,0.002606128736250025,1
t10_size_plus_impact_bm+reversal_chip_turn_size_eq+book_to_market_lf_div_oper_main_profit_ttm,3,t10_size_plus_impact_bm|reversal_chip_turn_size_eq|book_to_market_lf_div_oper_main_profit_ttm,120,2021-09-07,2026-08-10,3831.15,0.11307000182918708,0.06801704300917208,22.78103854664877,25.191193237753428,3.808908417548318,18.97213012910045,0.9707769691296674,27.37427826648974,81.66666666666667,0.42334373121230756,0.7083333333333334,0.033906129160973277,1,15,2026-01-09,2026-08-10,4511.133333333333,0.07131268489938253,0.023742541340613668,10.209499993359106,23.67053086027301,3.5789842660732796,6.630515727285827,-0.10611729273845112,20.02071525024407,62.5,0.10377045938277375,0.4666666666666667,0.0034534033668530283,1
t10_size_plus_impact_bm+impact_abs_return60+reversal_chip_turn_eq,3,t10_size_plus_impact_bm|impact_abs_return60|reversal_chip_turn_eq,120,2021-09-07,2026-08-10,3919.575,0.11654418115390743,0.07396854029779651,24.979357635017575,29.058617392444685,4.393662949737637,20.585694685279936,1.0317076767398154,24.51388625817411,78.33333333333333,0.43814383096384474,0.6916666666666667,0.03531865385506114,1,15,2026-01-09,2026-08-10,4609.8,0.07460984282541731,0.026888759663853894,10.911025850259692,27.835280677713726,4.2086944384703155,6.702331411789378,-0.1137273688846724,20.292879168928803,62.5,0.11099383554614756,0.4666666666666667,0.0038645752248545337,1
t10_size_plus_impact_bm+book_to_market_lf_plus_impact+reversal_turn_eq,3,t10_size_plus_impact_bm|book_to_market_lf_plus_impact|reversal_turn_eq,120,2021-09-07,2026-08-10,3919.575,0.12105748011880949,0.07223358435195953,21.900961652260342,30.67462220819131,4.6380028778785265,17.262958774381815,0.9810027093181143,23.135860993205437,75.0,0.43244140697926814,0.7,0.036645186919559924,1,15,2026-01-09,2026-08-10,4609.8,0.08725169216442498,0.030483104817671764,10.369679892207373,29.20814743069308,4.416271891520794,5.953408000686579,-0.16526787571530224,19.925845257656547,62.5,0.11604292642035621,0.4666666666666667,0.004724972790481038,1
t10_size_plus_impact_bm+impact60+reversal_turn_paper_nomcap,3,t10_size_plus_impact_bm|impact60|reversal_turn_paper_nomcap,120,2021-09-07,2026-08-10,3915.3166666666666,0.11912021321824987,0.0731297046045592,23.710076066205342,28.753933149730532,4.347594692239257,19.362481373966087,1.042424010859921,22.837506474170322,73.33333333333333,0.44565032880957745,0.7166666666666667,0.03804493956848235,1,15,2026-01-09,2026-08-10,4604.6,0.08373160806593725,0.03160668361600329,12.297958267794506,27.000032166640953,4.082404863596112,8.215553404198396,-0.05923511237539857,19.498694198809464,62.5,0.12597888973159385,0.5333333333333333,0.00562582134378013,1
t10_size_plus_impact_bm+impact60+reversal_chip_eq,3,t10_size_plus_impact_bm|impact60|reversal_chip_eq,120,2021-09-07,2026-08-10,3919.575,0.11766361048803185,0.07510072136406819,25.316675176075233,31.531688971155603,4.767591372438727,20.549083803636503,1.0131794059576202,25.415843454916633,75.0,0.43997053063671687,0.7166666666666667,0.03710077348585346,1,15,2026-01-09,2026-08-10,4609.8,0.07801606577518042,0.028161448092561967,12.633071016203202,30.609387448443933,4.628139382204723,8.004931633998478,-0.05420090862602127,19.549441558562965,62.5,0.11378581392859756,0.4666666666666667,0.00414265672041009,1
t10_size_plus_impact_bm+book_to_market_lf_plus_impact+reversal40,3,t10_size_plus_impact_bm|book_to_market_lf_plus_impact|reversal40,120,2021-09-07,2026-08-10,3919.575,0.12076495419670699,0.07282316477965556,23.542417926226577,36.92261292710275,5.582699074577936,17.959718851648642,0.9698269253036317,25.29104680728096,73.33333333333333,0.42548223653470973,0.6916666666666667,0.035540145441250115,1,15,2026-01-09,2026-08-10,4609.8,0.09180627347024721,0.03256809681426303,16.61322428368607,36.9476709159356,5.586487842489463,11.026736441196604,0.05358997732692768,18.627551147586953,62.5,0.12211190423621263,0.4666666666666667,0.005231631474665109,1
t10_size_plus_impact_bm+impact60+impact_abs_return60,3,t10_size_plus_impact_bm|impact60|impact_abs_return60,120,2021-09-07,2026-08-10,3919.575,0.09379106340644787,0.06654836096270705,27.992187941530243,17.47306166629055,2.6419269239431316,25.350261017587112,1.1689982488403183,25.752806575966147,78.33333333333333,0.412731653003266,0.6833333333333333,0.026452202768396195,1,15,2026-01-09,2026-08-10,4609.8,0.06864136645394149,0.03446479152792161,13.475388818633649,15.658150212185548,2.3675123120824546,11.107876506551193,0.07165248382599197,19.47414681412526,75.0,0.1749312577729234,0.5333333333333333,0.006404010970154739,1
t10_size_plus_impact_bm+book_to_market_lf_plus_impact+book_to_market_lf_div_oper_main_profit_ttm,3,t10_size_plus_impact_bm|book_to_market_lf_plus_impact|book_to_market_lf_div_oper_main_profit_ttm,120,2021-09-07,2026-08-10,3831.15,0.10158545118626373,0.06158359590586639,20.914523285827613,15.78329560701902,2.386434295781276,18.52808899004634,0.9941454679761361,26.161669131431808,71.66666666666667,0.3804135012050688,0.6666666666666666,0.025762984771508794,1,15,2026-01-09,2026-08-10,4511.133333333333,0.07546099081221976,0.027985448045358838,10.6776203218115,14.62490296404435,2.211285328163506,8.466334993647992,-0.04345532234500027,18.936348145862002,62.5,0.1244984295056549,0.4666666666666667,0.004384228261028939,1
size_only+t10_size_plus_impact_bm+paper_composite,3,size_only|t10_size_plus_impact_bm|paper_composite,120,2021-09-07,2026-08-10,3915.3166666666666,0.09644100979778418,0.06404147333916925,23.986956678180405,18.689528000040625,2.8258566336061426,21.161100044574262,1.0587983123015774,27.55270626877351,75.0,0.3634864170320225,0.6916666666666667,0.0242463729985565,1,15,2026-01-09,2026-08-10,4604.6,0.06705383510617849,0.023348672765402922,11.711338733067599,17.203993090770545,2.6012437553245062,9.110094977743094,-0.011981137651453162,20.54435271939252,50.0,0.10026078607042638,0.5333333333333333,0.003585530782283844,1
t10_size_plus_impact+t10_size_plus_impact_wc+t10_size_plus_wc_mcap,3,t10_size_plus_impact|t10_size_plus_impact_wc|t10_size_plus_wc_mcap,120,2021-09-07,2026-08-10,3919.575,0.11459246994429083,0.07189766072492136,24.081137001553966,30.849766459365117,4.664484688656006,19.41665231289796,0.9890895829067948,25.651172818387778,81.66666666666667,0.44073920994715954,0.6916666666666667,0.03493289797948875,1,15,2026-01-09,2026-08-10,4609.8,0.06975503516430967,0.02329344394659845,9.819476544780914,29.67683232817857,4.4871370480206,5.332339496760314,-0.16951713628520834,20.080387630310792,62.5,0.09955753959759084,0.4666666666666667,0.003240831848567647,1
t10_size_plus_impact+t10_size_plus_impact_wc+reversal_chip_eq,3,t10_size_plus_impact|t10_size_plus_impact_wc|reversal_chip_eq,120,2021-09-07,2026-08-10,3919.575,0.11362327097167095,0.07112010063127043,23.156808179804123,35.77639803885261,5.4093913834745155,17.747416796329606,0.9269907152198235,26.100902307550033,80.0,0.4253818795235465,0.6583333333333333,0.03181940970433222,1,15,2026-01-09,2026-08-10,4609.8,0.07038574899955462,0.02187365591943801,9.503583052609555,35.673333733555005,5.393808060513516,4.109774992096038,-0.2103727275155224,20.352376093901125,62.5,0.08893487908233783,0.4666666666666667,0.002921215768984413,1
t10_size_plus_impact+t10_size_plus_impact_wc+book_to_market_lf_div_oper_main_profit_ttm,3,t10_size_plus_impact|t10_size_plus_impact_wc|book_to_market_lf_div_oper_main_profit_ttm,120,2021-09-07,2026-08-10,3831.15,0.10994761252279833,0.06811531606411256,22.744654662973684,22.775763562762855,3.443695450689744,19.300959212283942,0.982975385472374,27.385742630649833,78.33333333333333,0.4321246025443125,0.7166666666666667,0.034049598992845716,1,15,2026-01-09,2026-08-10,4511.133333333333,0.06892621505583114,0.02588867559819447,11.451363957322547,21.216496730891908,3.2079343057108556,8.243429651611692,-0.038393134874749976,19.991865779202577,62.5,0.12155179306629195,0.4666666666666667,0.003909782347010924,1
t10_size_plus_impact_aggregate+t10_size_plus_impact_wc+reversal_chip_turn_paper,3,t10_size_plus_impact_aggregate|t10_size_plus_impact_wc|reversal_chip_turn_paper,120,2021-09-07,2026-08-10,3915.3166666666666,0.11762351809937124,0.0733084650310436,23.696886109159323,31.146051703788412,4.709283017612808,18.98760309154651,0.9870954215948193,24.673343334196108,76.66666666666667,0.4404331174996157,0.6916666666666667,0.03583199416438016,1,15,2026-01-09,2026-08-10,4604.6,0.07361533863070625,0.024352003967858336,11.268803425099305,30.53157020239428,4.616373414602015,6.65243001049729,-0.11843281464131283,19.71266205404293,62.5,0.09915017173523849,0.4666666666666667,0.0034061876182050555,1
t10_size_plus_impact_aggregate+t10_size_plus_impact_wc+book_to_market_lf_plus_impact,3,t10_size_plus_impact_aggregate|t10_size_plus_impact_wc|book_to_market_lf_plus_impact,120,2021-09-07,2026-08-10,3919.575,0.11409094237603833,0.07299657638853525,24.29699484107728,23.45470251204119,3.5463510198206283,20.750643821256652,1.0580127555649612,24.575352189357357,76.66666666666667,0.4308124727081367,0.7,0.03440626069903582,1,15,2026-01-09,2026-08-10,4609.8,0.07844445080282023,0.02913960925626539,10.521292838894203,21.550599597803057,3.258450659187822,7.2628421797063805,-0.09190668821080582,20.38987166319284,50.0,0.12069545336674176,0.5333333333333333,0.005049540562000777,1
t10_size_plus_impact_fscore+t10_size_plus_impact_wc+t10_nomcap_plus_impact,3,t10_size_plus_impact_fscore|t10_size_plus_impact_wc|t10_nomcap_plus_impact,120,2021-09-07,2026-08-10,3833.0833333333335,0.11766220648629303,0.07251932840382759,23.574412312229832,32.17277021296196,4.864522856199848,18.709889456029984,0.9780373698718061,25.215590211346573,80.0,0.44230223595591983,0.6833333333333333,0.035562208961202935,1,15,2026-01-09,2026-08-10,4513.866666666667,0.07607859441515406,0.026534387733866144,9.992271706078304,31.144885695685947,4.709106717187715,5.283164988890589,-0.16718915594045924,20.495147536259516,62.5,0.10834397821437797,0.4666666666666667,0.00384657353541811,1
t10_size_plus_impact_fscore+t10_size_plus_impact_wc+reversal_turn_paper_nomcap,3,t10_size_plus_impact_fscore|t10_size_plus_impact_wc|reversal_turn_paper_nomcap,120,2021-09-07,2026-08-10,3829.358333333333,0.11893200138111985,0.07020964146884164,22.683870574906038,34.95463273486016,5.285140469510856,17.39873010539518,0.9719671915904984,23.62411317871095,80.0,0.4346079281126921,0.675,0.03488993372691743,1,15,2026-01-09,2026-08-10,4510.666666666667,0.08032603962001109,0.026441743381901025,11.435781172116567,33.92103241533821,5.1288601011991375,6.306921070917429,-0.14868638217610883,19.0382332385687,62.5,0.10260002767127034,0.4666666666666667,0.0038460118142771248,1
size_only+t10_size_plus_impact_fscore+t10_size_plus_impact_wc,3,size_only|t10_size_plus_impact_fscore|t10_size_plus_impact_wc,120,2021-09-07,2026-08-10,3833.0833333333335,0.10883761280573677,0.07182692810064592,27.400758720405438,26.58988476566433,4.020390576568446,23.38036814383699,1.0801531100736084,27.219885160031243,81.66666666666667,0.42109538430468246,0.7166666666666667,0.032845561747052436,1,15,2026-01-09,2026-08-10,4513.866666666667,0.07086023764295771,0.02765611553861042,13.182040318823518,24.775708284119244,3.74608709255883,9.435953226264687,0.009015768065911174,20.190135774556907,75.0,0.12429728792705702,0.5333333333333333,0.004697458859139412,1
t10_size_plus_impact_downside+t10_size_plus_impact_wc+reversal_chip_turn_size_eq,3,t10_size_plus_impact_downside|t10_size_plus_impact_wc|reversal_chip_turn_size_eq,120,2021-09-07,2026-08-10,3919.575,0.11504678826395259,0.07329700754383164,24.274158699741143,31.03630474707055,4.692689277757067,19.581469421984078,0.9866629535386842,26.484026963437522,83.33333333333334,0.43938025438137296,0.7,0.03538450096522281,1,15,2026-01-09,2026-08-10,4609.8,0.07102231766990531,0.02505885905455046,11.091018403812857,30.0809003649059,4.548232135173772,6.5427862686390865,-0.11397672761368033,20.272709803285103,62.5,0.10620677338592571,0.4666666666666667,0.003520090559118402,1
t10_size_plus_impact_downside+t10_size_plus_impact_wc+book_to_market_lf_minus_size,3,t10_size_plus_impact_downside|t10_size_plus_impact_wc|book_to_market_lf_minus_size,120,2021-09-07,2026-08-10,3919.575,0.11378906017736493,0.07315000650822169,24.96426146413988,24.466822765275648,3.6993836021096778,21.2648778620302,1.052573550451178,26.43310426068367,78.33333333333333,0.42215376979239766,0.7,0.033625536500506016,1,15,2026-01-09,2026-08-10,4609.8,0.07659834589124068,0.027412196854262036,12.444855496554098,23.12403090429825,3.4963534727298953,8.9485020238242,-0.01821178794257279,19.799259184996565,62.5,0.11316536675258458,0.4666666666666667,0.004045197289197671,1
t10_size_plus_impact_g13+t10_size_plus_impact_wc+reversal_turn_paper,3,t10_size_plus_impact_g13|t10_size_plus_impact_wc|reversal_turn_paper,120,2021-09-07,2026-08-10,3915.3166666666666,0.11871669235141864,0.0737204469533481,23.81052414702076,31.95354685676025,4.8313762847421495,18.979147862278612,0.9941272490122877,25.223948399179275,80.0,0.4475660090555108,0.6833333333333333,0.036307930072730144,1,15,2026-01-09,2026-08-10,4604.6,0.07734983794502294,0.02790661851402971,11.173672358862675,31.487193875042202,4.760863713906381,6.412808644956293,-0.12553400933044134,19.96903745562042,62.5,0.11488458575834731,0.4666666666666667,0.004146941909034986,1
t10_size_plus_impact_g13+t10_size_plus_impact_wc+impact60,3,t10_size_plus_impact_g13|t10_size_plus_impact_wc|impact60,120,2021-09-07,2026-08-10,3919.575,0.10643887996953556,0.07201925512772869,27.499244249095845,23.462861794741055,3.547584703364847,23.951659545730998,1.1189565564291741,25.630322235581716,80.0,0.4422406440175124,0.7,0.03295011917836107,1,15,2026-01-09,2026-08-10,4609.8,0.07125388120791533,0.032000705956685645,12.707307834303172,22.20698122915318,3.3576955618479607,9.34961227245521,0.004760089198777137,19.437909220195003,75.0,0.15119340671176695,0.5333333333333333,0.005745662422005477,1
t10_size_plus_impact_wc+t10_size_plus_impact_dd120+t10_nomcap_plus_impact,3,t10_size_plus_impact_wc|t10_size_plus_impact_dd120|t10_nomcap_plus_impact,120,2021-09-07,2026-08-10,3919.575,0.11391020617045537,0.07214295352912785,23.73192883774662,32.38620805089498,4.896794657295321,18.835134180451295,0.9674625955012147,25.3177651552712,80.0,0.4368949848688012,0.675,0.03359258851583911,1,15,2026-01-09,2026-08-10,4609.8,0.06941710123699425,0.023506918363478662,9.20906106101944,31.181718204642323,4.714675792541919,4.494385268477522,-0.20045774798572866,20.22293595190042,62.5,0.09841864918527296,0.4666666666666667,0.0031882374225810804,1
t10_size_plus_impact_wc+t10_nomcap_plus_impact+reversal40,3,t10_size_plus_impact_wc|t10_nomcap_plus_impact|reversal40,120,2021-09-07,2026-08-10,3919.575,0.11372189051727852,0.07012449530821206,21.738872661904995,42.69328741254725,6.455225056777143,15.283647605127854,0.8613251603518163,26.372120208988015,73.33333333333333,0.4329240995559442,0.6416666666666667,0.0315911410250285,1,15,2026-01-09,2026-08-10,4609.8,0.07872084419505969,0.029066846762234515,9.12093751241876,42.75051643394058,6.4638780848118165,2.657059427606942,-0.26283347822214104,20.599711676730404,50.0,0.11997096414420995,0.4666666666666667,0.0044073006022861405,1
t10_size_plus_impact_wc+t10_size_plus_impact_dd120+t10_size_plus_wc_mcap,3,t10_size_plus_impact_wc|t10_size_plus_impact_dd120|t10_size_plus_wc_mcap,120,2021-09-07,2026-08-10,3919.575,0.11277357682167392,0.07112259653230656,23.797012919201464,31.733143151091976,4.798051244445107,18.99896167475636,0.9711354728022062,25.640125328393893,83.33333333333334,0.43381802265858127,0.6833333333333333,0.033430860238358034,1,15,2026-01-09,2026-08-10,4609.8,0.06712149314348305,0.021462998794234526,9.863104908729813,30.586653943158904,4.624702076205627,5.238402832524187,-0.172660288114048,19.92002278154297,62.5,0.09134554282167529,0.4666666666666667,0.00286124963888998,1
t10_size_plus_impact_wc+t10_size_plus_wc_mcap+reversal40,3,t10_size_plus_impact_wc|t10_size_plus_wc_mcap|reversal40,120,2021-09-07,2026-08-10,3919.575,0.11238162585472562,0.06896122013795188,22.13583934975427,41.41909264114081,6.26256680734049,15.87327254241378,0.8772548071330954,26.344777141968844,78.33333333333333,0.43102784309609515,0.6416666666666667,0.03108208295230163,1,15,2026-01-09,2026-08-10,4609.8,0.0760976476109504,0.026780113424689465,9.433293729344271,41.289468728941166,6.242967671815904,3.1903260575283676,-0.24214670284333412,20.245214646812716,62.5,0.11259991576736456,0.4666666666666667,0.003998674731840883,1
t10_size_plus_impact_wc+t10_size_plus_impact_dd120+reversal_turn_paper,3,t10_size_plus_impact_wc|t10_size_plus_impact_dd120|reversal_turn_paper,120,2021-09-07,2026-08-10,3915.3166666666666,0.11694481103022518,0.07245115244420924,22.84379639888323,34.25611355574469,5.179524369628597,17.664272029254636,0.9505966319023856,25.059585242400495,76.66666666666667,0.4404609824965945,0.675,0.034768997795869803,1,15,2026-01-09,2026-08-10,4604.6,0.0745877444258293,0.02523251622433197,10.537774024365076,33.26801664113295,5.030124116139302,5.507649908225774,-0.16272457405483418,20.096109160380713,62.5,0.10274717611539927,0.4666666666666667,0.0035763840525331676,1
t10_size_plus_impact_wc+t10_size_plus_impact_dd120+impact60,3,t10_size_plus_impact_wc|t10_size_plus_impact_dd120|impact60,120,2021-09-07,2026-08-10,3919.575,0.10950642865621833,0.07329521656522629,26.628528163465592,26.23250111223914,3.9663541681705583,22.662173995295035,1.075230834983903,25.548192635744883,78.33333333333333,0.4446402310151659,0.6916666666666667,0.033677916583614805,1,15,2026-01-09,2026-08-10,4609.8,0.07020050871415501,0.02947412241452049,12.869208405928168,25.5007814659736,3.855718157655208,9.013490248272959,-0.008556194105898089,19.309592290508327,75.0,0.13412321082992068,0.5333333333333333,0.005021609403006025,1
t10_size_plus_impact_wc+reversal_chip_turn_size_eq+reversal_turn_paper,3,t10_size_plus_impact_wc|reversal_chip_turn_size_eq|reversal_turn_paper,120,2021-09-07,2026-08-10,3915.3166666666666,0.11700553336783409,0.07124298659082795,21.850516404043585,35.315068321370944,5.3396383301912875,16.510878073852297,0.9234636546374834,25.24253585315216,76.66666666666667,0.4379207834851582,0.6833333333333333,0.03501342247710283,1,15,2026-01-09,2026-08-10,4604.6,0.07550283419011479,0.024980412532531263,9.222307797974183,34.1493102175806,5.163375704898187,4.058932093075996,-0.23138608153920168,20.212509075805063,62.5,0.10133786523581795,0.4666666666666667,0.0035706048168374083,1
t10_size_plus_impact_wc+book_to_market_lf_minus_size+reversal_turn_paper,3,t10_size_plus_impact_wc|book_to_market_lf_minus_size|reversal_turn_paper,120,2021-09-07,2026-08-10,3915.3166666666666,0.11819888294253997,0.07165214077657882,22.53642159506828,28.185991899157802,4.26172197515266,18.27469961991562,0.9965277913042178,25.142222326903497,76.66666666666667,0.4249781372102284,0.6916666666666667,0.034743759256164915,1,15,2026-01-09,2026-08-10,4604.6,0.08152186144066936,0.026784748472555853,10.59283621280106,26.464413638669736,4.001419342166864,6.591416870634196,-0.12511305994295216,20.359987988692662,50.0,0.1047417815411695,0.4666666666666667,0.003984747667529104,1
t10_size_plus_impact_wc+reversal_chip_turn_paper+reversal_turn_paper_nomcap,3,t10_size_plus_impact_wc|reversal_chip_turn_paper|reversal_turn_paper_nomcap,120,2021-09-07,2026-08-10,3915.3166666666666,0.11529809572550881,0.06653654142935442,19.632273156077073,36.086007760977985,5.4562043734598715,14.176068782617202,0.8899860780176604,23.930592420763542,75.0,0.4179766221112148,0.6583333333333333,0.03172633981990908,1,15,2026-01-09,2026-08-10,4604.6,0.07699017035441555,0.02234963794979352,9.840370564849332,34.99601382776543,5.291397290758133,4.548973274091199,-0.24043445689852577,19.62667895594038,62.5,0.08575438866262299,0.4666666666666667,0.0030810476628279158,1
size_only+t10_size_plus_impact_wc+reversal_chip_turn_paper,3,size_only|t10_size_plus_impact_wc|reversal_chip_turn_paper,120,2021-09-07,2026-08-10,3915.3166666666666,0.11172319590186963,0.07253552483010672,25.472816280510724,28.31977887274138,4.281950565558497,21.190865714952228,1.0296899694018526,26.60609298457378,81.66666666666667,0.42246502261105084,0.7083333333333334,0.033432725925360736,1,15,2026-01-09,2026-08-10,4604.6,0.06800547625489257,0.023259505093433885,12.463625281726076,27.550273327673402,4.165601327144219,8.298023954581858,-0.03928225392281109,19.94379580465666,62.5,0.1001224609014506,0.4666666666666667,0.003177475297460338,1
t10_size_plus_impact_wc+reversal_chip_turn_size_eq+book_to_market_lf_plus_impact,3,t10_size_plus_impact_wc|reversal_chip_turn_size_eq|book_to_market_lf_plus_impact,120,2021-09-07,2026-08-10,3919.575,0.1188066319125743,0.07367826194082754,24.648548540838334,27.264765737454315,4.1224325795030925,20.52611596133524,1.0437415324008688,24.512202943902306,78.33333333333333,0.43192849160075875,0.6833333333333333,0.03506591236467927,1,15,2026-01-09,2026-08-10,4609.8,0.07880683446815688,0.02592296816357487,11.674307364299253,25.98952791712758,3.9296166210696906,7.744690743229563,-0.07483008465033339,19.914386258013316,62.5,0.10280922795047277,0.4666666666666667,0.003780965910816227,1
t10_size_plus_impact_wc+reversal_chip_turn_eq+reversal_chip_eq,3,t10_size_plus_impact_wc|reversal_chip_turn_eq|reversal_chip_eq,120,2021-09-07,2026-08-10,3919.575,0.10774930446293451,0.06506794038628919,19.33609073661364,39.68359896973349,6.000160164223702,13.33593057238994,0.8096616564364697,27.30150391825086,66.66666666666666,0.4017758708554499,0.625,0.02705691914666533,1,15,2026-01-09,2026-08-10,4609.8,0.06717270745188406,0.018664590786185264,6.127782835054074,39.38465375510258,5.954959647771511,0.1728231872825635,-0.38462966751915656,21.047232085436985,37.5,0.0754299299588637,0.4666666666666667,0.002364521888513333,1
t10_size_plus_impact_wc+book_to_market_lf_div_oper_main_profit_ttm+reversal_chip_turn_eq,3,t10_size_plus_impact_wc|book_to_market_lf_div_oper_main_profit_ttm|reversal_chip_turn_eq,120,2021-09-07,2026-08-10,3831.15,0.11010238847697569,0.0653616127432949,21.59291745938765,26.777083769767547,4.048695065988853,17.544222393398798,0.9368533526499334,26.636815006016246,81.66666666666667,0.4323633977751334,0.6583333333333333,0.03133945983349974,1,15,2026-01-09,2026-08-10,4511.133333333333,0.06791544094370135,0.022335985588949094,8.616536905564331,24.937309864774406,3.7705212515538897,4.846015654010442,-0.18544849747769954,20.013552940585743,62.5,0.10063421837714774,0.4666666666666667,0.0031894880803840704,1
t10_size_plus_impact_wc+paper_composite+reversal_turn_eq,3,t10_size_plus_impact_wc|paper_composite|reversal_turn_eq,120,2021-09-07,2026-08-10,3915.3166666666666,0.11785339032266474,0.06979365977965998,20.729143178324193,31.754218372343967,4.801237817898408,15.927905360425786,0.9388621555857918,24.372314201182633,78.33333333333333,0.4307615174464571,0.675,0.03426752604483045,1,15,2026-01-09,2026-08-10,4604.6,0.0795619161047701,0.025166769817356275,9.994314634880475,30.6031314266563,4.627193471710432,5.367121163170043,-0.19071655147569264,19.772665570074356,62.5,0.09831458800094557,0.4666666666666667,0.003650311934456259,1
t10_size_plus_impact_wc+impact_abs_return60+reversal_turn_paper_nomcap,3,t10_size_plus_impact_wc|impact_abs_return60|reversal_turn_paper_nomcap,120,2021-09-07,2026-08-10,3915.3166666666666,0.11676437030139515,0.072506547191186,23.91965968761567,28.226162077800343,4.267795706163412,19.651863981452255,1.0441684003719778,23.671183325488055,78.33333333333333,0.4485825430900544,0.6833333333333333,0.035791946417607585,1,15,2026-01-09,2026-08-10,4604.6,0.07795808472500103,0.029263863053018417,11.146695176577238,27.06050297975862,4.091548050539504,7.055147126037734,-0.10624589089137586,19.315483127215472,62.5,0.12195707859649775,0.4666666666666667,0.004436852124151711,1
t10_size_plus_impact_wc+impact_abs_return60+reversal_chip_eq,3,t10_size_plus_impact_wc|impact_abs_return60|reversal_chip_eq,120,2021-09-07,2026-08-10,3919.575,0.11346739553966852,0.07327962680734196,25.108780311323862,30.854534356987102,4.66520559477645,20.443574716547413,1.0037164957334068,26.126412800171327,81.66666666666667,0.4314732919978522,0.7083333333333334,0.034678690070612264,1,15,2026-01-09,2026-08-10,4609.8,0.07151726101967121,0.02553024630513761,13.028021329661199,30.931688918299805,4.67687136444693,8.351149965214269,-0.042042605358881914,19.155940371818637,62.5,0.107825130409168,0.4666666666666667,0.0035986337314445256,1
t10_size_plus_impact_wc+paper_composite+reversal40,3,t10_size_plus_impact_wc|paper_composite|reversal40,120,2021-09-07,2026-08-10,3915.3166666666666,0.11678776968704388,0.07005865617532242,22.624613277378568,38.04525487830858,5.752442537600257,16.872170739778312,0.9360308063263572,25.266658185979217,76.66666666666667,0.42132217513955994,0.675,0.033213562079114224,1,15,2026-01-09,2026-08-10,4604.6,0.08383246079726574,0.027072820111650134,15.10487763185746,38.060963899629186,5.754817741623933,9.350059890233528,-0.009542004312982733,18.7255822011266,62.5,0.10422323128173226,0.4666666666666667,0.004077401976942084,1
t10_size_plus_impact_wc+impact60+book_to_market_lf_div_oper_main_profit_ttm,3,t10_size_plus_impact_wc|impact60|book_to_market_lf_div_oper_main_profit_ttm,120,2021-09-07,2026-08-10,3831.15,0.09637155885567796,0.06354585222914268,22.903672876452475,15.423451749215067,2.3320259044813185,20.571646971971155,1.029745031629575,27.60061688401979,80.0,0.42151897152881085,0.7083333333333334,0.02877422859787716,1,15,2026-01-09,2026-08-10,4511.133333333333,0.06765237687772586,0.032719730285252435,13.488715222027237,14.241618462441002,2.153332711521079,11.335382510506157,0.0778799068835939,20.32270148498928,75.0,0.17748193378107713,0.5333333333333333,0.006403773159010674,1
size_only+t10_size_plus_impact_wc+book_to_market_lf_minus_size,3,size_only|t10_size_plus_impact_wc|book_to_market_lf_minus_size,120,2021-09-07,2026-08-10,3919.575,0.09514118285028812,0.06571324012057311,25.99228950761441,18.81336844235966,2.8445813084847806,23.147708199129628,1.0903493962633934,28.69653949406973,76.66666666666667,0.37359590930671677,0.6916666666666667,0.024584846730966746,1,15,2026-01-09,2026-08-10,4609.8,0.06632755109237921,0.026676023743794044,12.033526992389154,16.986584592032607,2.56837159031533,9.465155402073824,0.013316661501120193,20.601264499078276,62.5,0.12258867228350369,0.5333333333333333,0.004336536759589879,1
t10_size_plus_impact_aggregate+t10_size_plus_impact+t10_size_plus_impact_fscore,3,t10_size_plus_impact_aggregate|t10_size_plus_impact|t10_size_plus_impact_fscore,120,2021-09-07,2026-08-10,3833.0833333333335,0.11713974132719189,0.07419362953398712,25.299603092333236,30.31296646130528,4.583320528949359,20.716282563383874,1.0250164232840053,25.722351649122732,76.66666666666667,0.4418987108786422,0.6916666666666667,0.03580336464055772,1,15,2026-01-09,2026-08-10,4513.866666666667,0.07688688480034471,0.028819132934253457,12.25740670920289,29.09134983518199,4.398612095079517,7.858794614123372,-0.059285829282751744,20.340089073144274,62.5,0.1197498475303082,0.4666666666666667,0.004296689941563438,1
t10_size_plus_impact_aggregate+t10_size_plus_impact+reversal_chip_turn_size_eq,3,t10_size_plus_impact_aggregate|t10_size_plus_impact|reversal_chip_turn_size_eq,120,2021-09-07,2026-08-10,3923.15,0.11391608222562555,0.07320566591953306,24.53818231838436,31.34451465557221,4.739290615922518,19.798891702461844,0.9918368392170565,26.668377634795128,76.66666666666667,0.4358307932552861,0.7,0.03475369553665015,1,15,2026-01-09,2026-08-10,4613.8,0.07047800941773343,0.025510328404952008,10.601898964517542,29.81009838850491,4.507286876341942,6.0946120881756,-0.13106548604318283,20.43156133990407,50.0,0.10817977909575692,0.4666666666666667,0.0035580045619622363,1
t10_size_plus_impact_aggregate+t10_size_plus_impact+book_to_market_lf_minus_size,3,t10_size_plus_impact_aggregate|t10_size_plus_impact|book_to_market_lf_minus_size,120,2021-09-07,2026-08-10,3919.575,0.11307928625481455,0.07344976152038742,26.541027036771435,25.537993076739784,3.8613445532030557,22.67968248356838,1.0778810441083522,26.464816147861736,78.33333333333333,0.41733839812113266,0.7,0.03303462973038572,1,15,2026-01-09,2026-08-10,4609.8,0.07651404443733778,0.027973186638855063,12.35011794023534,24.61559601445631,3.721878117385794,8.628239822849546,-0.026233915159481407,20.45059984534935,50.0,0.11490949442090433,0.4666666666666667,0.004103022075783443,1
t10_size_plus_impact+t10_size_plus_impact_fscore+t10_size_plus_wc_mcap,3,t10_size_plus_impact|t10_size_plus_impact_fscore|t10_size_plus_wc_mcap,120,2021-09-07,2026-08-10,3833.0833333333335,0.11683594898805684,0.0723073823667795,23.31082271329501,32.42082648293233,4.902028964219367,18.40879374907564,0.9634269539177756,25.816786898775224,80.0,0.43752750062285,0.675,0.034505285001959235,1,15,2026-01-09,2026-08-10,4513.866666666667,0.0741629296311856,0.025091563379976402,10.627848271585838,31.324962305611393,4.736334300608442,5.891513970977395,-0.1460783158488187,20.189662629189662,62.5,0.10314934962450971,0.4666666666666667,0.003569933713595702,1
t10_size_plus_impact+t10_size_plus_impact_fscore+reversal_chip_eq,3,t10_size_plus_impact|t10_size_plus_impact_fscore|reversal_chip_eq,120,2021-09-07,2026-08-10,3833.0833333333335,0.11475057792766472,0.07071972019516849,22.53082421636845,36.88836322274408,5.577520519278906,16.953303697089545,0.9101224757558078,25.818406860063238,76.66666666666667,0.42038161714206157,0.6583333333333333,0.03175736373216842,1,15,2026-01-09,2026-08-10,4513.866666666667,0.07431168915689691,0.023451102720386065,10.318887701434198,36.443092625758084,5.510195605014622,4.808692096419576,-0.18492905750144928,20.409048368329906,62.5,0.09218458103200651,0.4666666666666667,0.0031968495676643134,1
t10_size_plus_impact+t10_size_plus_impact_fscore+book_to_market_lf_div_oper_main_profit_ttm,3,t10_size_plus_impact|t10_size_plus_impact_fscore|book_to_market_lf_div_oper_main_profit_ttm,120,2021-09-07,2026-08-10,3829.9416666666666,0.11150719041553982,0.06888544231643941,23.28262818682476,24.097146540902497,3.6434885569844573,19.6391396298403,0.9893697149485974,27.73825618172697,78.33333333333333,0.4300449694932806,0.7166666666666667,0.034366392848714775,1,15,2026-01-09,2026-08-10,4509.066666666667,0.07274699416756113,0.028033509230353283,12.539682957284837,22.80437395232308,3.4480213415912493,9.091661615693587,-0.006523325179124532,19.75623320707589,62.5,0.12757404115129442,0.4666666666666667,0.004330959746197195,1
t10_size_plus_impact_downside+t10_size_plus_impact+reversal_chip_turn_eq,3,t10_size_plus_impact_downside|t10_size_plus_impact|reversal_chip_turn_eq,120,2021-09-07,2026-08-10,3923.15,0.1140249000095356,0.07181568400737069,23.564831465389148,33.21445990907859,5.022026338252684,18.542805127136464,0.963777204148939,25.757190526234254,76.66666666666667,0.4356948027601528,0.6833333333333333,0.03394803848492386,1,15,2026-01-09,2026-08-10,4613.8,0.07117636252474503,0.024742956200769953,9.683500356370722,31.956411596955274,4.831809433459638,4.851690922911085,-0.18486325365313053,20.559316042739873,50.0,0.1026343618228539,0.4666666666666667,0.0034090655874796736,1
t10_size_plus_impact_downside+t10_size_plus_impact+impact_abs_return60,3,t10_size_plus_impact_downside|t10_size_plus_impact|impact_abs_return60,120,2021-09-07,2026-08-10,3923.15,0.10437986170540973,0.0714728519655367,27.610546038949813,24.248785064286075,3.6664163017200546,23.94412973722976,1.1076449002948467,25.919877566737938,78.33333333333333,0.4262850840684998,0.6916666666666667,0.03077610820115304,1,15,2026-01-09,2026-08-10,4613.8,0.06922862006440215,0.030836647043980172,13.22493406801416,23.022390821569196,3.480985492221262,9.7439485757929,0.019089617943578375,19.749574677329342,75.0,0.14370780476976047,0.5333333333333333,0.005305969608904015,1
t10_size_plus_impact_g13+t10_size_plus_impact+reversal_chip_turn_paper,3,t10_size_plus_impact_g13|t10_size_plus_impact|reversal_chip_turn_paper,120,2021-09-07,2026-08-10,3915.3166666666666,0.11653872146136011,0.07319879758626312,24.188232765332373,31.849718744827616,4.815677474217935,19.372555291114438,0.9921556923392487,25.27333275161746,78.33333333333333,0.4343153699238625,0.6916666666666667,0.03500840256267834,1,15,2026-01-09,2026-08-10,4604.6,0.07303642927370162,0.02446538996843161,11.483105185838294,30.95263825684992,4.680038904435708,6.803066281402587,-0.10928508207248337,20.093742626555734,62.5,0.09915465438119221,0.4666666666666667,0.0033795542208727943,1
t10_size_plus_impact_g13+t10_size_plus_impact+book_to_market_lf_plus_impact,3,t10_size_plus_impact_g13|t10_size_plus_impact|book_to_market_lf_plus_impact,120,2021-09-07,2026-08-10,3919.575,0.11320131436868618,0.0731009954949952,25.83226775021499,24.531026005199525,3.709091131986168,22.12317661822882,1.0819173738643844,24.995388140544872,78.33333333333333,0.4228077467155044,0.6916666666666667,0.03310482158530821,1,15,2026-01-09,2026-08-10,4609.8,0.07832348560637094,0.02940073845629829,11.40943132978476,23.11333117230039,3.494735673251819,7.914695656532938,-0.06343516108716962,20.349081746949327,62.5,0.12060283092272371,0.4666666666666667,0.004408149242869652,1
t10_size_plus_impact+t10_nomcap_plus_impact+reversal_turn_paper,3,t10_size_plus_impact|t10_nomcap_plus_impact|reversal_turn_paper,120,2021-09-07,2026-08-10,3915.3166666666666,0.11707923941613373,0.0715456015621343,22.331803342822365,35.61817011071121,5.385467320739535,16.946336022082832,0.9396491931809418,24.800955332092034,76.66666666666667,0.43870938415840655,0.675,0.034670538689841,1,15,2026-01-09,2026-08-10,4604.6,0.07727721244126146,0.02694398346684496,10.374885096513653,34.855587171751715,5.27016478036886,5.104720316144793,-0.1862080811210746,19.896897406878157,62.5,0.10828400264245215,0.4666666666666667,0.0039050134088890825,1
t10_size_plus_impact+impact60+t10_nomcap_plus_impact,3,t10_size_plus_impact|impact60|t10_nomcap_plus_impact,120,2021-09-07,2026-08-10,3923.15,0.11191397232884573,0.07351287753898302,26.487432069687422,27.204411805930356,4.11330706505667,22.374125004630752,1.0776422813854722,24.91551028199549,80.0,0.45233678800185007,0.7,0.0354359647430306,1,15,2026-01-09,2026-08-10,4613.8,0.07380659390150157,0.031417477410996514,12.263301756542367,25.93708571111042,3.921687359519895,8.34161439702247,-0.03755804901714328,19.492898712402617,75.0,0.14042944754791556,0.5333333333333333,0.005527796910389984,1
t10_size_plus_impact+t10_size_plus_wc_mcap+reversal_turn_paper,3,t10_size_plus_impact|t10_size_plus_wc_mcap|reversal_turn_paper,120,2021-09-07,2026-08-10,3915.3166666666666,0.11714455072619501,0.07128537097976384,21.859469502539696,35.04833491484373,5.299308239124372,16.560161263415324,0.926851427655166,25.339566106350365,76.66666666666667,0.4391649553483335,0.675,0.034725902437554766,1,15,2026-01-09,2026-08-10,4604.6,0.07556743225980946,0.025066714654222513,9.808962641664342,34.07640778907602,5.152352857708295,4.656609783956048,-0.2022532240803353,20.239431903081172,62.5,0.10189816665431788,0.4666666666666667,0.0035934186428228394,1
t10_size_plus_impact+impact60+t10_size_plus_wc_mcap,3,t10_size_plus_impact|impact60|t10_size_plus_wc_mcap,120,2021-09-07,2026-08-10,3919.575,0.11246933882475513,0.07366925332668593,25.72087525148841,26.74287940033928,4.0435233653313,21.677351886157105,1.0537217518019766,25.992700272233883,78.33333333333333,0.44821103784221317,0.7083333333333334,0.03570708268171697,1,15,2026-01-09,2026-08-10,4609.8,0.07218661928376595,0.02947842999208121,11.410087428374549,25.470178583012416,3.851091001751477,7.558996426623072,-0.06563135350792663,19.79546519711004,75.0,0.13265672135719464,0.5333333333333333,0.005107221461357031,1
t10_size_plus_impact+t10_size_plus_impact_dd120+reversal_chip_turn_paper,3,t10_size_plus_impact|t10_size_plus_impact_dd120|reversal_chip_turn_paper,120,2021-09-07,2026-08-10,3915.3166666666666,0.11406670799934204,0.0714864658815791,23.676844950033594,34.00178107239461,5.141069298146066,18.535775651887526,0.9613342575270258,25.060534327093244,76.66666666666667,0.42602282452446394,0.6666666666666666,0.03239668075072464,1,15,2026-01-09,2026-08-10,4604.6,0.0698843544335265,0.021709198752768222,11.298213610977603,33.17841092068733,5.016575731207924,6.28163787976968,-0.13286639106460907,19.897270231407216,62.5,0.08735374675617419,0.4666666666666667,0.002848841426388997,1
t10_size_plus_impact+t10_size_plus_impact_dd120+book_to_market_lf_plus_impact,3,t10_size_plus_impact|t10_size_plus_impact_dd120|book_to_market_lf_plus_impact,120,2021-09-07,2026-08-10,3919.575,0.11584292852554695,0.0740558429617134,25.6270595115893,27.24090380370356,4.118824655119978,21.508234856469322,1.0544676220317375,24.638626607225167,78.33333333333333,0.4264022610387313,0.6833333333333333,0.033753719209904935,1,15,2026-01-09,2026-08-10,4609.8,0.07715233173575128,0.026726284065791896,11.49701664696523,26.40627177071645,3.9926282917323275,7.504388355232902,-0.07949406838612312,20.241884727108694,62.5,0.10649776210192127,0.4666666666666667,0.00383439031304119,1
t10_size_plus_impact+reversal_turn_paper+reversal_chip_turn_eq,3,t10_size_plus_impact|reversal_turn_paper|reversal_chip_turn_eq,120,2021-09-07,2026-08-10,3915.3166666666666,0.11428276594207683,0.0685780087198285,20.919303876878036,38.42283809497862,5.8095331199607685,15.109770756917268,0.8891489759963712,25.170406260390855,76.66666666666667,0.425818637360391,0.6583333333333333,0.03203695668092751,1,15,2026-01-09,2026-08-10,4604.6,0.07509763592637794,0.024512725209900613,8.753682880460712,37.32759464900305,5.643932310929262,3.109750569531449,-0.27746389462212057,20.4293483758729,62.5,0.09789268753697296,0.4666666666666667,0.0034307043906362596,1
t10_size_plus_impact+impact_abs_return60+reversal_turn_paper,3,t10_size_plus_impact|impact_abs_return60|reversal_turn_paper,120,2021-09-07,2026-08-10,3915.3166666666666,0.11412137946894836,0.07358227894331325,25.805374877281515,28.611544290696507,4.326065496753312,21.479309380528207,1.0652103235815389,25.09349026707921,83.33333333333334,0.4404566558743149,0.6916666666666667,0.03476698547222088,1,15,2026-01-09,2026-08-10,4604.6,0.07637779870192299,0.031104684127319992,12.237882677028244,27.274459233177733,4.1238982360564735,8.113984440971771,-0.0520248689920187,20.061605437081,62.5,0.13353156378712103,0.5333333333333333,0.005439385012952384,1
t10_size_plus_impact+reversal_chip_turn_paper+reversal_chip_eq,3,t10_size_plus_impact|reversal_chip_turn_paper|reversal_chip_eq,120,2021-09-07,2026-08-10,3915.3166666666666,0.11123527106902215,0.06763202933087342,21.198390559352596,38.8667127340968,5.876646965395437,15.32174359395716,0.8689754651641806,25.469301499854403,70.0,0.4067135016981513,0.6416666666666667,0.029029568907329415,1,15,2026-01-09,2026-08-10,4604.6,0.07046371013249336,0.019528952319538793,9.827007604280203,38.68264481105668,5.848815895431771,3.9781917088484318,-0.22544501944146506,20.404585821886123,62.5,0.07620718493506869,0.4666666666666667,0.0025059257949963977,1
t10_size_plus_impact+reversal_chip_turn_paper+book_to_market_lf_div_oper_main_profit_ttm,3,t10_size_plus_impact|reversal_chip_turn_paper|book_to_market_lf_div_oper_main_profit_ttm,120,2021-09-07,2026-08-10,3827.425,0.1131043947072758,0.06736540040299668,22.511856114186067,26.073482812094806,3.9423106011887343,18.569545512997333,0.9658181113189915,26.836881623056176,81.66666666666667,0.42471391477697595,0.7083333333333334,0.03402621559701357,1,15,2026-01-09,2026-08-10,4507.933333333333,0.07114257231141519,0.023130574894156524,10.09743435152366,24.803824214519953,3.7503382212354164,6.347096130288243,-0.11823153267360596,19.692189413162474,62.5,0.0998384581108519,0.4666666666666667,0.0033146235386186896,1
t10_size_plus_impact+book_to_market_lf_minus_size+reversal_chip_turn_size_eq,3,t10_size_plus_impact|book_to_market_lf_minus_size|reversal_chip_turn_size_eq,120,2021-09-07,2026-08-10,3919.575,0.11617599295657362,0.0732937459570906,25.657525398215462,29.32635251096547,4.434144499657979,21.223380898557487,1.0402428174905232,26.025704344379186,78.33333333333333,0.41848198967298195,0.7083333333333334,0.034437438818330064,1,15,2026-01-09,2026-08-10,4609.8,0.07589349015034055,0.02448233854396967,12.932539819567978,27.69600006001743,4.187635209074634,8.744904610493345,-0.02853391335787421,20.254600982357896,62.5,0.09723771881049256,0.4666666666666667,0.003443864598899994,1
t10_size_plus_impact+reversal_chip_turn_eq+reversal40,3,t10_size_plus_impact|reversal_chip_turn_eq|reversal40,120,2021-09-07,2026-08-10,3923.15,0.10800348011038671,0.06583266668331457,19.800959950876916,45.20542330107718,6.835060003122869,12.965899947754048,0.7953653758503384,27.09794873044391,71.66666666666667,0.41006619164388997,0.6083333333333333,0.02694221692866801,1,15,2026-01-09,2026-08-10,4613.8,0.074649777252064,0.026508377061904523,8.503408637507414,45.31112982261873,6.851042829179953,1.652365808327462,-0.3218436855767802,20.196246850438303,50.0,0.1099446335952266,0.4666666666666667,0.003830093123706947,1
t10_size_plus_impact+reversal_turn_eq+reversal_turn_paper_nomcap,3,t10_size_plus_impact|reversal_turn_eq|reversal_turn_paper_nomcap,120,2021-09-07,2026-08-10,3915.3166666666666,0.11164417844748672,0.06490043537811756,19.134290676717193,41.84373151996367,6.326772205818506,12.807518470898685,0.8427431981970448,24.780472467572302,70.0,0.4194883776534525,0.6083333333333333,0.02849033980226149,1,15,2026-01-09,2026-08-10,4604.6,0.07866674430241555,0.027835817332370907,8.057342488682362,40.82494498835171,6.172731682238779,1.8846108064435825,-0.35314670548916755,19.90554200440088,62.5,0.11202675817061158,0.4666666666666667,0.004112630825350154,1
size_only+t10_size_plus_impact+reversal_turn_eq,3,size_only|t10_size_plus_impact|reversal_turn_eq,120,2021-09-07,2026-08-10,3923.15,0.1111129403718772,0.07287133693611482,24.66757432392981,32.20165615206212,4.868890410191793,19.798683913738017,0.9857935944102001,27.256946006569326,83.33333333333334,0.43716462644064014,0.675,0.03278788677251516,1,15,2026-01-09,2026-08-10,4613.8,0.07120871478495389,0.029584280042157025,10.509980980723832,30.917113365816977,4.6746675409115275,5.835313439812305,-0.1337774726633585,20.689817394987465,75.0,0.13240002460402095,0.4666666666666667,0.004399749941789349,1
t10_size_plus_impact+paper_composite+reversal_turn_paper_nomcap,3,t10_size_plus_impact|paper_composite|reversal_turn_paper_nomcap,120,2021-09-07,2026-08-10,3915.3166666666666,0.11335089319660242,0.0653930751221717,19.57535806597552,29.105651264470456,4.400774471187932,15.174583594787592,0.9426433623267817,22.516869088587587,70.0,0.3992729273020178,0.675,0.030549111483761434,1,15,2026-01-09,2026-08-10,4604.6,0.0780558556091875,0.021570760789983486,10.436226305694852,27.550905751318922,4.165696949599421,6.27052935609543,-0.16744723059673394,19.58837135702616,50.0,0.0807030268475702,0.5333333333333333,0.0033596500324471054,1
t10_size_plus_impact+paper_composite+reversal_chip_eq,3,t10_size_plus_impact|paper_composite|reversal_chip_eq,120,2021-09-07,2026-08-10,3915.3166666666666,0.11475000450814014,0.06947390744430368,22.848396671155967,33.686558805748824,5.093407691429222,17.754988979726747,0.9558451899077125,25.002911350186498,75.0,0.4012992632593589,0.6833333333333333,0.03146687971655191,1,15,2026-01-09,2026-08-10,4604.6,0.07481627513621274,0.018856511871481466,13.03693188490158,32.94095269381348,4.980672047304599,8.056259837596983,-0.0659117626979853,19.641370477265873,62.5,0.07013511289612637,0.4666666666666667,0.0024487156881347685,1
size_only+t10_size_plus_impact+reversal40,3,size_only|t10_size_plus_impact|reversal40,120,2021-09-07,2026-08-10,3923.15,0.1099676163536279,0.0731404865390118,26.437091802526513,38.82019777678493,5.869613903849881,20.567477898676636,0.9750766536215771,28.61990150795949,85.0,0.42490885565453784,0.6916666666666667,0.03231896469984844,1,15,2026-01-09,2026-08-10,4613.8,0.0743396546940347,0.03088465454421318,15.836850190242824,38.38034609715992,5.80310832989058,10.033741860352244,0.03156178055636783,19.827276675754568,75.0,0.13489010553404468,0.4666666666666667,0.004679585804619964,1
t10_size_plus_impact+book_to_market_lf_minus_size+book_to_market_lf_plus_impact,3,t10_size_plus_impact|book_to_market_lf_minus_size|book_to_market_lf_plus_impact,120,2021-09-07,2026-08-10,3919.575,0.1036910000337413,0.06578830981862739,23.861116951621717,18.01399994694934,2.7237167919787404,21.137400159642976,1.0828161592067909,25.117449382105296,75.0,0.3767393159355592,0.6666666666666666,0.02604298428092383,1,15,2026-01-09,2026-08-10,4609.8,0.07842228745744369,0.027751422692962182,11.534626894529442,16.261747682806444,2.4587762496403345,9.075850644889108,-0.024690167806367718,20.010727809129413,50.0,0.11204157851293955,0.4666666666666667,0.0041003932094194956,1
t10_size_plus_impact+book_to_market_lf_minus_size+book_to_market_lf_div_oper_main_profit_ttm,3,t10_size_plus_impact|book_to_market_lf_minus_size|book_to_market_lf_div_oper_main_profit_ttm,120,2021-09-07,2026-08-10,3831.15,0.10096243447629462,0.0627648817658038,21.164331351667265,16.897373604102913,2.5548828889403605,18.609448462726906,0.9707870244960215,28.144843958309462,75.0,0.3796766139746286,0.6833333333333333,0.026194268094739813,1,15,2026-01-09,2026-08-10,4511.133333333333,0.07105322685732156,0.02679098970547991,10.055428958187996,15.657718383869257,2.3674470196410313,7.687981938546964,-0.06209519528509983,20.136664258305736,62.5,0.1230636579105073,0.4666666666666667,0.004080566001589975,1
t10_size_plus_impact_aggregate+t10_size_plus_impact_g13+t10_size_plus_impact_fscore,3,t10_size_plus_impact_aggregate|t10_size_plus_impact_g13|t10_size_plus_impact_fscore,120,2021-09-07,2026-08-10,3833.0833333333335,0.11630543842693365,0.07429993043329769,26.175310700327458,29.185421632002367,4.412835750758758,21.7624749495687,1.0527423258430106,25.627451790322887,80.0,0.44137966336886103,0.7083333333333334,0.03636218914310051,1,15,2026-01-09,2026-08-10,4513.866666666667,0.07703614502479797,0.0297357880224625,12.95963376870396,28.15945023101616,4.257708874929643,8.701924893774317,-0.025184891509607208,20.22375432269471,62.5,0.1250077627330412,0.4666666666666667,0.004494054198259779,1
t10_size_plus_impact_aggregate+t10_size_plus_impact_fscore+reversal_turn_eq,3,t10_size_plus_impact_aggregate|t10_size_plus_impact_fscore|reversal_turn_eq,120,2021-09-07,2026-08-10,3833.0833333333335,0.11708974323896203,0.07192959608971342,23.717698436287236,35.84679497488089,5.420035400201991,18.297663036085247,0.9730633422592138,25.22742881957659,78.33333333333333,0.4471715184000828,0.65,0.03403347887760761,1,15,2026-01-09,2026-08-10,4513.866666666667,0.07997114919584339,0.031073523561714986,9.599037366220198,34.9690796572059,5.287324844169532,4.311712522050666,-0.21348354333095704,20.330696890873725,62.5,0.1280717606154325,0.4666666666666667,0.004779621408777176,1
t10_size_plus_impact_aggregate+t10_size_plus_impact_fscore+paper_composite,3,t10_size_plus_impact_aggregate|t10_size_plus_impact_fscore|paper_composite,120,2021-09-07,2026-08-10,3829.358333333333,0.11487207706211901,0.07099871762551715,24.507980062008407,25.715636667935165,3.888204264191797,20.619775797816608,1.0562028607684641,24.587624787637118,76.66666666666667,0.4095728932973035,0.6833333333333333,0.03214980079029198,1,15,2026-01-09,2026-08-10,4510.666666666667,0.0786313770217216,0.0255259264339073,12.473199604051254,24.102931720537686,3.6443632761452975,8.828836327905957,-0.03447514704325923,19.947440282624306,50.0,0.09993606335031924,0.5333333333333333,0.004190992146861657,1
t10_size_plus_impact_aggregate+t10_size_plus_impact_downside+reversal_chip_turn_paper,3,t10_size_plus_impact_aggregate|t10_size_plus_impact_downside|reversal_chip_turn_paper,120,2021-09-07,2026-08-10,3915.3166666666666,0.11684012630482134,0.07391000442177613,24.563930835709556,30.69801686607918,4.641540150151172,19.922390685558387,1.0121279575579516,24.965152191729388,78.33333333333333,0.4386358397120973,0.6916666666666667,0.035448101282033115,1,15,2026-01-09,2026-08-10,4604.6,0.0742597243496004,0.02608178320895619,12.121403094549244,29.896361197684314,4.520329813089869,7.601073281459375,-0.07586170004088323,19.996283912748936,62.5,0.10631417449639685,0.4666666666666667,0.0036842686031936154,1
t10_size_plus_impact_aggregate+t10_size_plus_impact_downside+book_to_market_lf_plus_impact,3,t10_size_plus_impact_aggregate|t10_size_plus_impact_downside|book_to_market_lf_plus_impact,120,2021-09-07,2026-08-10,3919.575,0.11116926208803377,0.0725838201713392,25.670340140013572,23.114624693693454,3.49493125368645,22.17540888632712,1.0880920731214812,25.146468914812726,78.33333333333333,0.4234625804782148,0.7,0.032953215815560426,1,15,2026-01-09,2026-08-10,4609.8,0.0785237688813342,0.03093228884246254,12.018163319777953,21.652842611006353,3.2739098027841607,8.74425351699379,-0.029661478562001006,20.07104668073314,62.5,0.12891535242980157,0.5333333333333333,0.005398890314375191,1
t10_size_plus_impact_aggregate+t10_size_plus_impact_g13+t10_size_plus_impact_dd120,3,t10_size_plus_impact_aggregate|t10_size_plus_impact_g13|t10_size_plus_impact_dd120,120,2021-09-07,2026-08-10,3923.15,0.1116568605729079,0.07362048237500872,25.14928235704852,28.99452844674278,4.383972701147508,20.76530965590101,1.0144649812586126,26.234050904523055,78.33333333333333,0.43397418699722695,0.7,0.0339193367028533,1,15,2026-01-09,2026-08-10,4613.8,0.06919056569981955,0.026619294004488536,11.341787188365737,27.930779783166777,4.2231339032148165,7.118653285150921,-0.08736316388083798,20.382337262651884,62.5,0.11503169522730455,0.4666666666666667,0.003714250430887003,1
t10_size_plus_impact_aggregate+t10_size_plus_impact_g13+reversal40,3,t10_size_plus_impact_aggregate|t10_size_plus_impact_g13|reversal40,120,2021-09-07,2026-08-10,3923.15,0.11617476935292484,0.07463154701525143,24.754753456406252,39.06498194520311,5.90662527011471,18.848128186291543,0.9499180159452325,27.779200882308743,83.33333333333334,0.44554248041777955,0.6833333333333333,0.03536987651463481,1,15,2026-01-09,2026-08-10,4613.8,0.08031312093445256,0.03275098603265704,13.905084225700016,40.173089200603776,6.07417108713129,7.830913138568723,-0.05662512851537332,19.36495790165059,75.0,0.13680882456166452,0.4666666666666667,0.005127520380229924,1
t10_size_plus_impact_aggregate+t10_size_plus_wc_mcap+t10_nomcap_plus_impact,3,t10_size_plus_impact_aggregate|t10_size_plus_wc_mcap|t10_nomcap_plus_impact,120,2021-09-07,2026-08-10,3919.575,0.11544554724830099,0.07244140024510508,23.614592634510203,31.96498509657092,4.833105746601523,18.781486887908677,0.9736869583192195,25.58949218825707,80.0,0.44212527212771396,0.675,0.03445294094533436,1,15,2026-01-09,2026-08-10,4609.8,0.07154316093133124,0.024681546288942258,10.545835492842615,30.904243530104917,4.6727216217518635,5.873113871090751,-0.14719198829977845,19.820933666757835,62.5,0.10358113395957025,0.4666666666666667,0.0034582434769490134,1
t10_size_plus_impact_aggregate+t10_nomcap_plus_impact+reversal_chip_eq,3,t10_size_plus_impact_aggregate|t10_nomcap_plus_impact|reversal_chip_eq,120,2021-09-07,2026-08-10,3923.15,0.11258174245301496,0.0704414662092103,22.44698980934343,36.23264356912891,5.478375707652291,16.96861410169114,0.9100311740885854,25.209742571525783,75.0,0.42360920613541675,0.6416666666666667,0.030601508466929155,1,15,2026-01-09,2026-08-10,4613.8,0.07135123758100785,0.02319164438052172,9.494288166529852,35.680269124046056,5.394856691555764,4.0994314749740886,-0.21481477569553772,20.150097760135655,50.0,0.09363328257182421,0.4666666666666667,0.0031177302754602063,1
t10_size_plus_impact_aggregate+t10_nomcap_plus_impact+book_to_market_lf_div_oper_main_profit_ttm,3,t10_size_plus_impact_aggregate|t10_nomcap_plus_impact|book_to_market_lf_div_oper_main_profit_ttm,120,2021-09-07,2026-08-10,3831.15,0.11182955788921625,0.06891375900579284,23.75025049717554,23.919690990816562,3.6166572778114645,20.133593219364077,1.0031484482766568,26.77191850080326,78.33333333333333,0.43815466970679445,0.7166666666666667,0.035115694150291255,1,15,2026-01-09,2026-08-10,4511.133333333333,0.07188208116009966,0.027612273346408426,11.4613450611181,22.385073507889796,3.3846231143929373,8.076721946725163,-0.046023670963248414,20.063145604531265,62.5,0.1264641427954267,0.4666666666666667,0.00424223602892287,1
t10_size_plus_impact_aggregate+t10_size_plus_wc_mcap+reversal_chip_eq,3,t10_size_plus_impact_aggregate|t10_size_plus_wc_mcap|reversal_chip_eq,120,2021-09-07,2026-08-10,3919.575,0.11294135033280606,0.07037744829217259,22.978973967064565,36.20893561949231,5.474791065667238,17.50418290139733,0.9185933002067352,26.004896765685594,80.0,0.4226200548811401,0.6416666666666667,0.030627571125433697,1,15,2026-01-09,2026-08-10,4609.8,0.06966412297570114,0.02112084016425453,9.369976247628319,36.11924661580202,5.461230088309265,3.908746159319055,-0.22098651004135772,20.273820381845443,62.5,0.0858798979411079,0.4666666666666667,0.0027919489599446683,1
t10_size_plus_impact_aggregate+t10_size_plus_wc_mcap+book_to_market_lf_div_oper_main_profit_ttm,3,t10_size_plus_impact_aggregate|t10_size_plus_wc_mcap|book_to_market_lf_div_oper_main_profit_ttm,120,2021-09-07,2026-08-10,3831.15,0.10940164126584775,0.06741405771236991,22.16078920788007,22.87776573382578,3.459118178954458,18.701671028925617,0.9662567606519754,27.64311010581625,78.33333333333333,0.43068615542841976,0.7,0.032982440592042986,1,15,2026-01-09,2026-08-10,4511.133333333333,0.06803407616901452,0.02512016930687743,10.587044107709564,21.613534920795345,3.267966480024256,7.319077627685308,-0.07505772375010547,20.032331560958415,62.5,0.11807798702540374,0.4666666666666667,0.0037488858228127728,1
t10_size_plus_impact_aggregate+t10_size_plus_impact_dd120+reversal40,3,t10_size_plus_impact_aggregate|t10_size_plus_impact_dd120|reversal40,120,2021-09-07,2026-08-10,3923.15,0.11265125115548275,0.07224823904341847,23.80933812309649,40.58703213037353,6.136759258112478,17.67257886498401,0.912183722018268,27.77939082874836,75.0,0.43324131283062384,0.675,0.03294349376126423,1,15,2026-01-09,2026-08-10,4613.8,0.07619105614108186,0.02940567048323391,11.19249871086887,40.95140619371816,6.191852616490184,5.000646094378686,-0.16605811996416206,20.106719457521372,62.5,0.1225246307201957,0.4666666666666667,0.004356464475004952,1
t10_size_plus_impact_aggregate+reversal_chip_turn_paper+reversal_turn_paper,3,t10_size_plus_impact_aggregate|reversal_chip_turn_paper|reversal_turn_paper,120,2021-09-07,2026-08-10,3915.3166666666666,0.11790007888284991,0.07099404813344753,22.122524528739483,34.84201582095518,5.2681127921284245,16.85441173661106,0.9505281319324405,23.754909260037806,75.0,0.431965750812687,0.675,0.034376937364466065,1,15,2026-01-09,2026-08-10,4604.6,0.07818642615303993,0.025641472383024153,11.567493087840052,33.82949512871333,5.115019663461456,6.452473424378597,-0.1372956010315459,19.58895610665624,62.5,0.1003095239153407,0.4666666666666667,0.003659993485891577,1
t10_size_plus_impact_aggregate+book_to_market_lf_plus_impact+reversal_turn_paper,3,t10_size_plus_impact_aggregate|book_to_market_lf_plus_impact|reversal_turn_paper,120,2021-09-07,2026-08-10,3915.3166666666666,0.11759593002286119,0.07227478150061173,23.667070817985536,26.858520970152345,4.061008370687034,19.6060624472985,1.0465278542884857,23.51984062295889,78.33333333333333,0.42446997808280995,0.6916666666666667,0.03452519310560682,1,15,2026-01-09,2026-08-10,4604.6,0.08438860652471815,0.030521462094098027,11.75380983651031,25.030296970324635,3.7845809019130843,7.969228934597225,-0.07208871930087421,19.742401198954795,62.5,0.11897035372462579,0.4666666666666667,0.0046852131053345255,1
t10_size_plus_impact_aggregate+reversal_chip_turn_paper+reversal_turn_eq,3,t10_size_plus_impact_aggregate|reversal_chip_turn_paper|reversal_turn_eq,120,2021-09-07,2026-08-10,3915.3166666666666,0.11489868481219408,0.06962298756103334,21.2969205796957,37.93495584354242,5.735765323543613,15.561155256152087,0.8996019482059595,24.98967905542503,76.66666666666667,0.43492633760110466,0.6583333333333333,0.032898538918862893,1,15,2026-01-09,2026-08-10,4604.6,0.07640038751134669,0.026834503510837708,8.227267718387088,37.51451926203892,5.672195312420284,2.5550724059668037,-0.2972441830848717,20.420693320979368,62.5,0.10896228556572223,0.4666666666666667,0.0038848883926268247,1
t10_size_plus_impact_aggregate+reversal_chip_turn_paper+paper_composite,3,t10_size_plus_impact_aggregate|reversal_chip_turn_paper|paper_composite,120,2021-09-07,2026-08-10,3915.3166666666666,0.11368354498972345,0.06886843471336476,23.161580861922037,27.145312701667983,4.1043712804922,19.057209581429838,1.0258809692657147,23.088038129164012,75.0,0.4039730834239094,0.6666666666666666,0.03061672813603954,1,15,2026-01-09,2026-08-10,4604.6,0.07490869891463423,0.02092290053755141,11.16423005896955,25.813215888446738,3.902958242333147,7.261271816636403,-0.10952128054965693,19.75365517832803,50.0,0.07976425149370839,0.4666666666666667,0.0027883502730035705,1
t10_size_plus_impact_aggregate+impact60+reversal_chip_turn_size_eq,3,t10_size_plus_impact_aggregate|impact60|reversal_chip_turn_size_eq,120,2021-09-07,2026-08-10,3923.15,0.1097079604436609,0.0734039043597391,27.28727644266784,26.190736572827916,3.9600393698115806,23.32723707285626,1.0893233780682563,26.12985080110889,80.0,0.44259159084063227,0.7083333333333334,0.034393706357954065,1,15,2026-01-09,2026-08-10,4613.8,0.07203601084074265,0.031231179784115493,13.400373096506268,24.710510045394045,3.73622911886358,9.66414397764269,0.01526673236293981,19.589782663875475,75.0,0.14188037638943005,0.5333333333333333,0.005450931376894736,1
t10_size_plus_impact_aggregate+reversal_chip_turn_eq+reversal_turn_paper_nomcap,3,t10_size_plus_impact_aggregate|reversal_chip_turn_eq|reversal_turn_paper_nomcap,120,2021-09-07,2026-08-10,3915.3166666666666,0.11404445927976263,0.06731991184724122,20.071872077451825,38.087994865764124,5.758904823703535,14.312967253748287,0.8812346387785397,25.019743112518455,71.66666666666667,0.4212712411504788,0.65,0.03122837308962855,1,15,2026-01-09,2026-08-10,4604.6,0.07625641131174314,0.024360335525416752,8.091937143308359,37.05351480892779,5.602491439109882,2.4894457041984763,-0.31825869906846005,20.210877715664,62.5,0.09503042045614815,0.4666666666666667,0.0033817834537348975,1
size_only+t10_size_plus_impact_aggregate+reversal_chip_turn_eq,3,size_only|t10_size_plus_impact_aggregate|reversal_chip_turn_eq,120,2021-09-07,2026-08-10,3923.15,0.10954683149071923,0.07274119405923478,25.61471442849925,28.950178803135312,4.37726703503406,21.237447393465192,1.0165813620553912,27.29149282585435,83.33333333333334,0.4223674957818671,0.7,0.03238831462130128,1,15,2026-01-09,2026-08-10,4613.8,0.06682446187152159,0.025408488054837194,10.565578674827114,27.278787273844323,4.124552635805261,6.441026039021852,-0.10598184974497815,20.937466553852357,62.5,0.1119830933125109,0.4666666666666667,0.003492164643014567,1
t10_size_plus_impact_aggregate+impact_abs_return60+reversal_turn_eq,3,t10_size_plus_impact_aggregate|impact_abs_return60|reversal_turn_eq,120,2021-09-07,2026-08-10,3923.15,0.11194731649223909,0.07327653325775117,25.624857099105334,29.3700739138811,4.440755175778823,21.184101923326516,1.0525589330580214,25.42434482770276,80.0,0.45506376980770197,0.7166666666666667,0.03650927030168354,1,15,2026-01-09,2026-08-10,4613.8,0.0759373177628999,0.03435829854793425,12.677450508702382,28.60265704272565,4.324721744860118,8.352728763842263,-0.03996708646357251,19.435966554463025,75.0,0.1546983168961745,0.5333333333333333,0.00626526679868298,1
t10_size_plus_impact_aggregate+book_to_market_lf_minus_size+reversal_turn_paper_nomcap,3,t10_size_plus_impact_aggregate|book_to_market_lf_minus_size|reversal_turn_paper_nomcap,120,2021-09-07,2026-08-10,3915.3166666666666,0.11853437799107112,0.07121202259614175,22.850794497108517,28.34260258604793,4.2854015110104475,18.565392986098068,1.0174914157379524,23.6954247746764,80.0,0.41729922005355585,0.6916666666666667,0.03421280991060175,1,15,2026-01-09,2026-08-10,4604.6,0.08349721356507393,0.027087702191483324,11.711660348005925,26.678801002569525,4.033834711588511,7.677825636417414,-0.08848998981004423,19.90801945372499,62.5,0.10235038799831273,0.4666666666666667,0.0039881203624095385,1
t10_size_plus_impact_aggregate+book_to_market_lf_minus_size+reversal_chip_eq,3,t10_size_plus_impact_aggregate|book_to_market_lf_minus_size|reversal_chip_eq,120,2021-09-07,2026-08-10,3919.575,0.11742983335331554,0.0734384285671657,24.99063407537523,31.827522582211415,4.812321414430365,20.178312660944865,1.0007429260631984,26.273339369438798,76.66666666666667,0.4141674638777144,0.6916666666666667,0.03363963458227169,1,15,2026-01-09,2026-08-10,4609.8,0.07846623506926402,0.02381255808621569,12.867864174864307,31.401446563157,4.747898720349339,8.119965454514968,-0.05262499361401077,20.108399588756054,50.0,0.09102945970122835,0.4666666666666667,0.003333278192134184,1
t10_size_plus_impact_aggregate+impact_abs_return60+reversal40,3,t10_size_plus_impact_aggregate|impact_abs_return60|reversal40,120,2021-09-07,2026-08-10,3923.15,0.1127077096735991,0.07478732169105742,25.835918407464064,35.86490563207174,5.422773731569247,20.413144675894817,1.0013557117873568,27.16019290328412,85.0,0.44638831588207306,0.7,0.03521798329568647,1,15,2026-01-09,2026-08-10,4613.8,0.08068766549449886,0.0366464671510617,14.268048737261118,35.898529771531216,5.42785770145552,8.8401910358056,-0.013524300453811226,19.819010453863505,75.0,0.1598108006132805,0.5333333333333333,0.006877205558555964,1
size_only+t10_size_plus_impact_aggregate+impact60,3,size_only|t10_size_plus_impact_aggregate|impact60,120,2021-09-07,2026-08-10,3923.15,0.08695040022504874,0.06481666094526817,29.06717889407875,16.489617932059563,2.493230231327406,26.573948662751345,1.157150787609138,29.382248459790073,76.66666666666667,0.3860230387635869,0.6833333333333333,0.02293598610633198,1,15,2026-01-09,2026-08-10,4613.8,0.06242715163294951,0.033432382090695115,14.815786520836028,15.454477690829153,2.3367170268533677,12.47906949398266,0.12845695048526948,20.48678003010601,62.5,0.17905880614370043,0.5333333333333333,0.005961669995918772,1
t10_size_plus_impact_aggregate+book_to_market_lf_minus_size+paper_composite,3,t10_size_plus_impact_aggregate|book_to_market_lf_minus_size|paper_composite,120,2021-09-07,2026-08-10,3915.3166666666666,0.0985629387789373,0.06248236235543948,23.105131948016222,16.96342555961952,2.564869944614471,20.54026200340175,1.0696815149312155,26.186877980430033,75.0,0.35716467895651755,0.675,0.023762160260543275,1,15,2026-01-09,2026-08-10,4604.6,0.0729233982198696,0.023738858828877777,11.442259082490747,15.394804251286272,2.3276944027944846,9.114564679696262,-0.023341796362787947,20.292993643365453,50.0,0.0958845559195711,0.5333333333333333,0.0037291880823777266,1
size_only+t10_size_plus_impact_aggregate+book_to_market_lf_div_oper_main_profit_ttm,3,size_only|t10_size_plus_impact_aggregate|book_to_market_lf_div_oper_main_profit_ttm,120,2021-09-07,2026-08-10,3831.15,0.08603289555299613,0.0602606282846162,23.970858560046928,15.093117963065412,2.28207943601549,21.688779124031434,1.0266873204874996,29.694138875237574,75.0,0.3647821352333036,0.6916666666666667,0.021706757143586955,1,15,2026-01-09,2026-08-10,4511.133333333333,0.059347076170545736,0.028868106347298816,11.703698481702551,13.918922507512702,2.1045410831359206,9.59915739856663,0.02276902280569918,21.79210690092842,62.5,0.15796534069075743,0.5333333333333333,0.0049998832566829805,1
t10_size_plus_impact_downside+t10_size_plus_impact_fscore+reversal_chip_turn_eq,3,t10_size_plus_impact_downside|t10_size_plus_impact_fscore|reversal_chip_turn_eq,120,2021-09-07,2026-08-10,3833.0833333333335,0.11644732641592416,0.07162738910769066,22.841862797681323,33.86508317331379,5.120400575805046,17.721462221876276,0.9496708879447078,25.141126936855727,78.33333333333333,0.4340026574624438,0.6666666666666666,0.03369229941260514,1,15,2026-01-09,2026-08-10,4513.866666666667,0.07557976578336602,0.02598367388346723,9.321254843447813,32.577999020692566,4.925793451928716,4.395461391519096,-0.20887287666687718,20.577639652134184,62.5,0.10423639364523726,0.4666666666666667,0.0036764757016445617,1
t10_size_plus_impact_downside+t10_size_plus_impact_fscore+impact_abs_return60,3,t10_size_plus_impact_downside|t10_size_plus_impact_fscore|impact_abs_return60,120,2021-09-07,2026-08-10,3833.0833333333335,0.10885728357424516,0.07215872676125615,27.439753542481803,24.63687671458976,3.7250957592459724,23.714657783235833,1.1121428322935245,25.566260736596124,78.33333333333333,0.43231290390236277,0.7083333333333334,0.03333445593080764,1,15,2026-01-09,2026-08-10,4513.866666666667,0.07577560991055504,0.032401540356964666,13.223221287736642,23.20501042621878,3.5085975764442794,9.714623711292363,0.015035537801909058,20.0470409455775,62.5,0.14537402320804385,0.5333333333333333,0.005875096145995043,1
t10_size_plus_impact_g13+t10_size_plus_impact_fscore+reversal_chip_turn_paper,3,t10_size_plus_impact_g13|t10_size_plus_impact_fscore|reversal_chip_turn_paper,120,2021-09-07,2026-08-10,3829.358333333333,0.11904245752597847,0.07297105762998585,24.362686010097832,32.49569991089383,4.913349826527147,19.449336183570686,1.0010001652644864,24.824137782752985,76.66666666666667,0.43230097626734343,0.6916666666666667,0.03559466800230644,1,15,2026-01-09,2026-08-10,4510.666666666667,0.07738774784593308,0.02560229385180013,12.278147627114455,31.437840694559792,4.75340151301744,7.524746114097014,-0.08446011336265283,19.704763096333377,62.5,0.10056046318583073,0.4666666666666667,0.003631668958537809,1
t10_size_plus_impact_g13+t10_size_plus_impact_fscore+book_to_market_lf_plus_impact,3,t10_size_plus_impact_g13|t10_size_plus_impact_fscore|book_to_market_lf_plus_impact,120,2021-09-07,2026-08-10,3833.0833333333335,0.1161232768583245,0.07297923093011145,25.36572910020496,25.121225278888154,3.798329262167889,21.567399838037073,1.0796434249243407,24.45675890641286,78.33333333333333,0.42154730519991906,0.6833333333333333,0.03345016052758406,1,15,2026-01-09,2026-08-10,4513.866666666667,0.08284289720190986,0.030427492810665636,12.899549483753992,23.485712390746848,3.5510397134809226,9.34850977027307,-0.009325455032323123,20.090537650667894,62.5,0.12150302569544795,0.5333333333333333,0.005368353422618138,1
t10_size_plus_impact_fscore+t10_nomcap_plus_impact+reversal_turn_paper,3,t10_size_plus_impact_fscore|t10_nomcap_plus_impact|reversal_turn_paper,120,2021-09-07,2026-08-10,3829.358333333333,0.11850257623289723,0.07076433667228184,23.083829661120838,36.273709535496614,5.484584881767089,17.599244779353747,0.9681380109302027,23.99122092691438,80.0,0.4324964921295038,0.675,0.034595065257100086,1,15,2026-01-09,2026-08-10,4510.666666666667,0.08082993324611595,0.027921213220611144,11.81035407539418,35.21886941507239,5.325093055558945,6.485261019835235,-0.13466150086763368,19.508690752920277,62.5,0.10901343637300745,0.4666666666666667,0.004112056099647954,1
t10_size_plus_impact_fscore+impact60+t10_nomcap_plus_impact,3,t10_size_plus_impact_fscore|impact60|t10_nomcap_plus_impact,120,2021-09-07,2026-08-10,3833.0833333333335,0.11552883107748209,0.07374539546542555,26.70782085649741,27.82416592656282,4.207013888096299,22.50080696840111,1.08998935588221,24.4005504288179,80.0,0.45385470349616364,0.7,0.036703312361750305,1,15,2026-01-09,2026-08-10,4513.866666666667,0.07956828391782048,0.03291198652766903,13.503265446656332,26.585177337816813,4.019678813477902,9.48358663317843,0.0015276989409821863,19.515654236005297,62.5,0.14180914930133734,0.5333333333333333,0.006017872348668481,1
t10_size_plus_impact_fscore+t10_size_plus_wc_mcap+reversal_turn_paper,3,t10_size_plus_impact_fscore|t10_size_plus_wc_mcap|reversal_turn_paper,120,2021-09-07,2026-08-10,3829.358333333333,0.11804949239689025,0.07035991073365895,22.53543794921753,35.48882802470486,5.365910797335375,17.169527151882154,0.9517413660214057,24.438471574325426,76.66666666666667,0.4341184477577236,0.675,0.03459203711859951,1,15,2026-01-09,2026-08-10,4510.666666666667,0.07844282550745309,0.025919350564165642,10.434168357898798,34.12554733302605,5.159782756753538,5.274385601145261,-0.1839095768799408,19.852796494992496,62.5,0.10286265213297284,0.4666666666666667,0.003765457300500297,1
t10_size_plus_impact_fscore+impact60+t10_size_plus_wc_mcap,3,t10_size_plus_impact_fscore|impact60|t10_size_plus_wc_mcap,120,2021-09-07,2026-08-10,3833.0833333333335,0.11538109333255935,0.07359370454303124,25.719853304598672,27.011360510011045,4.08411770911367,21.635735595485002,1.0621435234873606,25.489539066086497,78.33333333333333,0.4508976420536536,0.725,0.03771817061788707,1,15,2026-01-09,2026-08-10,4513.866666666667,0.07729546864368152,0.03092013307240328,12.588375244414285,25.80994028869671,3.9024629716509427,8.685912272763343,-0.02499638901236015,19.338110301216826,62.5,0.13506995188283608,0.5333333333333333,0.0055681574562471085,1
t10_size_plus_impact_fscore+t10_size_plus_impact_dd120+reversal_chip_turn_paper,3,t10_size_plus_impact_fscore|t10_size_plus_impact_dd120|reversal_chip_turn_paper,120,2021-09-07,2026-08-10,3829.358333333333,0.11633140287611615,0.07118411029534236,23.359660949189998,34.602506894066195,5.23189904238281,18.127761906807187,0.9610624314687329,24.67900101897813,78.33333333333333,0.4237005078701605,0.675,0.0332705302739046,1,15,2026-01-09,2026-08-10,4510.666666666667,0.07408791310085062,0.022852126580636904,10.731557062783692,33.80427022530467,5.1112056580660665,5.620351404717625,-0.1609893020945854,20.258171091203547,62.5,0.08912453624310746,0.4666666666666667,0.0030814237516220465,1
t10_size_plus_impact_fscore+t10_size_plus_impact_dd120+book_to_market_lf_plus_impact,3,t10_size_plus_impact_fscore|t10_size_plus_impact_dd120|book_to_market_lf_plus_impact,120,2021-09-07,2026-08-10,3833.0833333333335,0.11869700649150737,0.07391832042822531,26.122390219794166,28.09072461629353,4.247317561983582,21.875072657810584,1.0778093698984677,24.015411896909665,76.66666666666667,0.42500905921405174,0.675,0.03405192956582383,1,15,2026-01-09,2026-08-10,4513.866666666667,0.08167351428460873,0.027748997066741075,14.010475603361138,26.923172686091213,4.070783710136991,9.939691893224149,0.012864407314294444,19.681718864147857,62.5,0.10760012650330067,0.4666666666666667,0.004101104218863416,1
t10_size_plus_impact_fscore+reversal_turn_paper+reversal_chip_turn_eq,3,t10_size_plus_impact_fscore|reversal_turn_paper|reversal_chip_turn_eq,120,2021-09-07,2026-08-10,3829.358333333333,0.11518311467449242,0.06760745873552593,21.148810182656685,38.97658488474392,5.89325963457328,15.255550548083404,0.9000018782111434,24.927681004987924,75.0,0.4185071072839169,0.6583333333333333,0.031734926819162554,1,15,2026-01-09,2026-08-10,4510.666666666667,0.07812025069448163,0.025415737033947824,10.840141027056639,37.951306134115136,5.738237487478209,5.101903539578429,-0.19790719031094517,19.72143654798537,62.5,0.09872961923729417,0.4666666666666667,0.0035992985493677973,1
t10_size_plus_impact_fscore+impact_abs_return60+reversal_turn_paper,3,t10_size_plus_impact_fscore|impact_abs_return60|reversal_turn_paper,120,2021-09-07,2026-08-10,3829.358333333333,0.11716871368988807,0.07334648374379296,25.34129170303878,29.158603781570047,4.408780891773391,20.93251081126539,1.0604574461568317,24.657412787135225,81.66666666666667,0.43916127332031435,0.6916666666666667,0.03559037336900359,1,15,2026-01-09,2026-08-10,4510.666666666667,0.08166073979257078,0.03239012017999946,11.762983385935843,27.10145014424378,4.09773926180966,7.6652441241261835,-0.07420352164503294,20.017381142627844,62.5,0.13455581418443835,0.5333333333333333,0.00586022790916956,1
t10_size_plus_impact_fscore+reversal_chip_turn_paper+reversal_chip_eq,3,t10_size_plus_impact_fscore|reversal_chip_turn_paper|reversal_chip_eq,120,2021-09-07,2026-08-10,3829.358333333333,0.11241519683011372,0.06687658851565462,20.00188618476799,39.47573554905141,5.9687312150165726,14.033154969751418,0.8455130035008942,25.493251926157345,71.66666666666667,0.4014622317705151,0.65,0.029334796272820474,1,15,2026-01-09,2026-08-10,4510.666666666667,0.07361406154950183,0.02037909360444742,9.301492798225864,39.35326279719906,5.950213334936497,3.3512794632893668,-0.26119348890254673,20.603236981525676,62.5,0.07728606768806383,0.4666666666666667,0.002655025960397111,1
t10_size_plus_impact_fscore+reversal_chip_turn_paper+book_to_market_lf_div_oper_main_profit_ttm,3,t10_size_plus_impact_fscore|reversal_chip_turn_paper|book_to_market_lf_div_oper_main_profit_ttm,120,2021-09-07,2026-08-10,3826.2166666666667,0.11397829707678313,0.06727247908455615,22.817675003021478,26.575713237983585,4.0182478415831175,18.79942716143836,0.9782180248048842,26.385887687680242,80.0,0.42440947556471487,0.6916666666666667,0.03345831625761412,1,15,2026-01-09,2026-08-10,4505.866666666667,0.07401786821324505,0.02454613623712981,11.54505166566131,24.851053011625627,3.7574792153577943,7.787572450303514,-0.06775972726411145,19.153554098714622,50.0,0.10429748231876551,0.4666666666666667,0.0036026094072470326,1
t10_size_plus_impact_fscore+book_to_market_lf_minus_size+reversal_chip_turn_size_eq,3,t10_size_plus_impact_fscore|book_to_market_lf_minus_size|reversal_chip_turn_size_eq,120,2021-09-07,2026-08-10,3833.0833333333335,0.1186225420207622,0.07297793013854306,26.045285300714482,30.02198828104779,4.539324628094426,21.505960672620056,1.0585129844628827,25.432191471073885,76.66666666666667,0.4172748444663039,0.6916666666666667,0.03423625691723854,1,15,2026-01-09,2026-08-10,4513.866666666667,0.07995446533736807,0.025469755614022923,13.011423225294882,27.61713114278395,4.175710228788933,8.835712996505949,-0.028258905812044936,20.32147555504863,62.5,0.0986348129161837,0.4666666666666667,0.0036802704075035706,1
t10_size_plus_impact_fscore+reversal_chip_turn_eq+reversal40,3,t10_size_plus_impact_fscore|reversal_chip_turn_eq|reversal40,120,2021-09-07,2026-08-10,3833.0833333333335,0.10870673401153438,0.064802067530278,19.099575683944316,45.996368626927996,6.954650936391513,12.144924747552801,0.7807107773653288,27.096746905062396,68.33333333333333,0.4039212443581936,0.6083333333333333,0.026711283557166263,1,15,2026-01-09,2026-08-10,4513.866666666667,0.07776276653909582,0.027422270148096433,8.378991625510391,46.453299351904235,7.023738862007921,1.3552527635024694,-0.34034600799708586,20.165819569178133,50.0,0.11035287513843088,0.4666666666666667,0.00400462760427697,1
t10_size_plus_impact_fscore+reversal_turn_eq+reversal_turn_paper_nomcap,3,t10_size_plus_impact_fscore|reversal_turn_eq|reversal_turn_paper_nomcap,120,2021-09-07,2026-08-10,3829.358333333333,0.11167908883085954,0.06350036432644852,19.503393672052603,42.08770619986201,6.363661177419136,13.139732494633469,0.8594001934678199,25.119452406176144,68.33333333333333,0.4083936036294027,0.6,0.02736541532260974,1,15,2026-01-09,2026-08-10,4510.666666666667,0.08085936730319201,0.028536048592039953,11.335519835685249,41.19527168614846,6.228725078945647,5.1067947567396015,-0.2109212943670548,18.994049920024768,62.5,0.11202638878871471,0.4666666666666667,0.004227245362067875,1
size_only+t10_size_plus_impact_fscore+reversal_turn_eq,3,size_only|t10_size_plus_impact_fscore|reversal_turn_eq,120,2021-09-07,2026-08-10,3833.0833333333335,0.11445264095250426,0.07290497629289522,24.926839624474304,33.0326768657154,4.994540742096169,19.932298882378134,0.9999913775997239,26.640888727635293,81.66666666666667,0.44083734779691386,0.6916666666666667,0.03489804075771598,1,15,2026-01-09,2026-08-10,4513.866666666667,0.07692642898663825,0.031141490466227884,11.143810306428481,31.54185516502579,4.7691285009519,6.374681805476581,-0.11900983704897278,20.64793864702995,62.5,0.13471891769276392,0.4666666666666667,0.004836274452356278,1
t10_size_plus_impact_fscore+paper_composite+reversal_turn_paper_nomcap,3,t10_size_plus_impact_fscore|paper_composite|reversal_turn_paper_nomcap,120,2021-09-07,2026-08-10,3829.358333333333,0.11336048915383587,0.06392364095438224,19.28922253884391,29.3092438833092,4.431557675156351,14.857664863687559,0.9438317320562192,21.828337501584873,71.66666666666667,0.38944637427855855,0.675,0.02979978625399854,1,15,2026-01-09,2026-08-10,4510.666666666667,0.0798130406958097,0.0219020208890767,9.201125434273127,26.846719305530247,4.059223958996173,5.141901475276954,-0.22543540556463565,19.906762961317405,50.0,0.08066249847666512,0.4666666666666667,0.0030043623276537557,1
t10_size_plus_impact_fscore+paper_composite+reversal_chip_eq,3,t10_size_plus_impact_fscore|paper_composite|reversal_chip_eq,120,2021-09-07,2026-08-10,3829.358333333333,0.11614366613477192,0.06853783134847774,22.849067302630722,34.067732445928016,5.151041145824316,17.698026156806403,0.9619937523306075,23.634089377452096,75.0,0.3961645279456941,0.6916666666666667,0.03182496712881359,1,15,2026-01-09,2026-08-10,4510.666666666667,0.07800513012300003,0.019361875787609298,13.536313941913669,32.98259102793297,4.986967763423465,8.549346178490204,-0.05090763439621117,19.537947569020954,62.5,0.07037397479724422,0.4666666666666667,0.0025617811619548215,1
size_only+t10_size_plus_impact_fscore+reversal40,3,size_only|t10_size_plus_impact_fscore|reversal40,120,2021-09-07,2026-08-10,3833.0833333333335,0.11328544468864238,0.07311046466413793,25.65647348814877,39.500793981530954,5.972520050007481,19.683953438141288,0.9598510776013317,28.041607310617124,83.33333333333334,0.42927271554429824,0.6833333333333333,0.033230739489976895,1,15,2026-01-09,2026-08-10,4513.866666666667,0.08030582575627786,0.0322156127295248,15.57177582283863,39.20315441244634,5.927516947161886,9.644258875676744,0.0143831474576914,19.992916518632075,75.0,0.13614979886770975,0.4666666666666667,0.005102356944823868,1
t10_size_plus_impact_fscore+book_to_market_lf_minus_size+book_to_market_lf_plus_impact,3,t10_size_plus_impact_fscore|book_to_market_lf_minus_size|book_to_market_lf_plus_impact,120,2021-09-07,2026-08-10,3833.0833333333335,0.105318310013859,0.06522656575130908,23.84387252068545,18.55149818052958,2.804986524896073,21.03888599578938,1.0849338550150507,24.922544381705357,75.0,0.3733262638018155,0.6583333333333333,0.02588441003170191,1,15,2026-01-09,2026-08-10,4513.866666666667,0.08136270947113568,0.02853621262088847,11.706032347809215,16.559617967293818,2.5038142366548253,9.202218111154389,-0.02394929252765838,20.19935417514128,50.0,0.11330692522387781,0.4666666666666667,0.004302180604427097,1
t10_size_plus_impact_fscore+book_to_market_lf_minus_size+book_to_market_lf_div_oper_main_profit_ttm,3,t10_size_plus_impact_fscore|book_to_market_lf_minus_size|book_to_market_lf_div_oper_main_profit_ttm,120,2021-09-07,2026-08-10,3829.9416666666666,0.10180737209038283,0.06262737525109768,20.08333978554799,17.047419161759617,2.577569777258054,17.50577000828994,0.947627234740885,27.613993530798897,73.33333333333333,0.38087478105721606,0.6916666666666667,0.02681997021716344,1,15,2026-01-09,2026-08-10,4509.066666666667,0.07374341501374311,0.02827658181143398,8.832539458617884,15.45675532013143,2.337061404403872,6.49547805421401,-0.10771757321485197,20.552689042597105,62.5,0.12817065864670976,0.5333333333333333,0.005040929105690197,1
t10_size_plus_impact_g13+t10_size_plus_impact_downside+t10_size_plus_wc_mcap,3,t10_size_plus_impact_g13|t10_size_plus_impact_downside|t10_size_plus_wc_mcap,120,2021-09-07,2026-08-10,3919.575,0.11468078251956466,0.07365805202497017,24.72586728182573,29.393645406829457,4.444319185512613,20.281548096313117,1.00935076309678,25.88919095150145,81.66666666666667,0.4403312310559842,0.7,0.03534827110171245,1,15,2026-01-09,2026-08-10,4609.8,0.07125691432076818,0.026086569947654802,9.734517009175303,28.346708391719343,4.286022308827965,5.448494700347338,-0.15691598034878526,20.618329059829332,62.5,0.11191622009515118,0.4666666666666667,0.0037215754363313968,1
t10_size_plus_impact_g13+t10_size_plus_impact_downside+reversal_chip_eq,3,t10_size_plus_impact_g13|t10_size_plus_impact_downside|reversal_chip_eq,120,2021-09-07,2026-08-10,3923.15,0.11423378667645315,0.07305838893048297,24.304044318499287,33.84634588714031,5.117567498135616,19.18647682036367,0.9637830398079617,26.427890510054443,78.33333333333333,0.42903808700920953,0.675,0.033082185582551424,1,15,2026-01-09,2026-08-10,4613.8,0.07197309637730707,0.024741726233621135,11.54804612298943,33.60331599877702,5.080821379015085,6.467224743974345,-0.11855059412886354,19.67823088603954,62.5,0.10109338190876539,0.4666666666666667,0.003395468402306159,1
t10_size_plus_impact_g13+t10_size_plus_impact_downside+book_to_market_lf_div_oper_main_profit_ttm,3,t10_size_plus_impact_g13|t10_size_plus_impact_downside|book_to_market_lf_div_oper_main_profit_ttm,120,2021-09-07,2026-08-10,3831.15,0.10667607528954576,0.06825237481382213,24.48739512708531,21.121460977566205,3.1935648998080093,21.2938302272773,1.0289310643598832,27.752411602164308,78.33333333333333,0.42240663653395155,0.7166666666666667,0.03229348888255138,1,15,2026-01-09,2026-08-10,4511.133333333333,0.07022732671748869,0.029231690640099183,11.831482194756948,19.787068448747416,2.9918047494506097,8.83967744530634,-0.01286558752007728,20.53071997148317,62.5,0.1394838005617294,0.5333333333333333,0.005224306364717655,1
t10_size_plus_impact_downside+t10_nomcap_plus_impact+reversal_turn_paper_nomcap,3,t10_size_plus_impact_downside|t10_nomcap_plus_impact|reversal_turn_paper_nomcap,120,2021-09-07,2026-08-10,3915.3166666666666,0.11696908000896303,0.07035448015921775,21.412040811714462,35.486892793271366,5.36561819034263,16.046422621371832,0.9279199285362179,23.85050578153438,76.66666666666667,0.4353882406367139,0.6666666666666666,0.03395130796933162,1,15,2026-01-09,2026-08-10,4604.6,0.07880984023415888,0.026908414813768912,9.94932078404066,34.79449849069003,5.260928171792333,4.688392612248327,-0.21498749194029446,19.614006375282468,62.5,0.1054932938318408,0.4666666666666667,0.0038798244952425245,1
size_only+t10_size_plus_impact_downside+t10_nomcap_plus_impact,3,size_only|t10_size_plus_impact_downside|t10_nomcap_plus_impact,120,2021-09-07,2026-08-10,3923.15,0.1076421202466054,0.07271699537106177,27.409528815662387,26.6537903591056,4.030053102296767,23.379475713365622,1.0700762127018326,27.409580680140365,81.66666666666667,0.42215898635400445,0.7,0.031809461860611954,1,15,2026-01-09,2026-08-10,4613.8,0.06762283778278803,0.02772757036910266,12.087426710551197,25.08714299273864,3.793176020502083,8.294250690049115,-0.03078392654376456,20.62069898127121,62.5,0.12546316584906808,0.4666666666666667,0.003959281812232396,1
t10_size_plus_impact_downside+t10_size_plus_wc_mcap+reversal_turn_paper_nomcap,3,t10_size_plus_impact_downside|t10_size_plus_wc_mcap|reversal_turn_paper_nomcap,120,2021-09-07,2026-08-10,3915.3166666666666,0.1176124788015836,0.07041074577080056,21.740190006324145,34.883696610383424,5.274414927489974,16.46577507883417,0.9381770354296163,23.9883381704145,78.33333333333333,0.4383132464056152,0.675,0.034796997495900255,1,15,2026-01-09,2026-08-10,4604.6,0.07726084760255594,0.02501233676983884,10.022406989810284,33.82753863265258,5.11472384125707,4.907683148553215,-0.20231478373706416,19.863551674079094,62.5,0.09908966749876379,0.4666666666666667,0.003572684126484634,1
size_only+t10_size_plus_impact_downside+t10_size_plus_wc_mcap,3,size_only|t10_size_plus_impact_downside|t10_size_plus_wc_mcap,120,2021-09-07,2026-08-10,3919.575,0.10541996190579965,0.071329958625394,26.114729193101248,26.16874039301852,3.9567135474244,22.158015645676848,1.042249847615293,27.947307987442272,81.66666666666667,0.41351122091497877,0.7,0.030514636009534434,1,15,2026-01-09,2026-08-10,4609.8,0.06499062125111908,0.025546534191157887,10.969892194746922,25.212804074613487,3.812175976081559,7.157716218665364,-0.07704540438536524,20.33860372505546,75.0,0.11742673367203992,0.4666666666666667,0.0035614303073232697,1
t10_size_plus_impact_downside+t10_size_plus_impact_dd120+reversal_chip_eq,3,t10_size_plus_impact_downside|t10_size_plus_impact_dd120|reversal_chip_eq,120,2021-09-07,2026-08-10,3923.15,0.1108211827460563,0.07071083648792778,22.74521303287966,35.37423249574285,5.34858395335632,17.396629079523343,0.9120218587618161,26.07605395639495,75.0,0.4177819730889196,0.6416666666666667,0.029708584282104385,1,15,2026-01-09,2026-08-10,4613.8,0.06805853022434283,0.02161126218878339,9.994134887069706,35.38046058562815,5.349525640546977,4.644609246522728,-0.1893328383982452,20.07027551086219,62.5,0.08802340436330752,0.4666666666666667,0.0027956803122778672,1
t10_size_plus_impact_downside+t10_size_plus_impact_dd120+book_to_market_lf_div_oper_main_profit_ttm,3,t10_size_plus_impact_downside|t10_size_plus_impact_dd120|book_to_market_lf_div_oper_main_profit_ttm,120,2021-09-07,2026-08-10,3831.15,0.10820873762041122,0.06843741657832379,23.85395722956092,23.43232441245021,3.5429674511624722,20.310989778398447,0.994936629866082,27.80878180864962,78.33333333333333,0.423717870825336,0.7083333333333334,0.03247706626902947,1,15,2026-01-09,2026-08-10,4511.133333333333,0.06789862107367783,0.025966309049783424,12.426442937247872,22.366336395885003,3.3817900630578124,9.04465287419006,-0.0067218210764454925,20.047123668652034,62.5,0.12026522864208984,0.4666666666666667,0.0038107268210239597,1
t10_size_plus_impact_downside+impact60+reversal_turn_paper,3,t10_size_plus_impact_downside|impact60|reversal_turn_paper,120,2021-09-07,2026-08-10,3915.3166666666666,0.11374748515798358,0.07384108271308637,25.894670529566753,27.182458395208002,4.10998770935545,21.784682820211305,1.082992597265196,24.83435314474588,78.33333333333333,0.45250425498676966,0.7,0.036029854719622396,1,15,2026-01-09,2026-08-10,4604.6,0.07932538576461812,0.034572895270677736,13.830287954277676,25.97581977043189,3.927543949289302,9.902744004988373,0.021349393384336144,19.468087934384435,62.5,0.1508089591203307,0.5333333333333333,0.006380255391456403,1
t10_size_plus_impact_downside+reversal_chip_turn_paper+reversal_chip_turn_eq,3,t10_size_plus_impact_downside|reversal_chip_turn_paper|reversal_chip_turn_eq,120,2021-09-07,2026-08-10,3915.3166666666666,0.11373280690331923,0.06907565507727215,21.30555185730909,35.69881575414992,5.397660942027468,15.907890915281623,0.905515679647605,25.059570392610865,73.33333333333333,0.4217201500808531,0.6583333333333333,0.031575915794286445,1,15,2026-01-09,2026-08-10,4604.6,0.07187053634938963,0.02181740434419017,8.411034104013238,34.74905823155956,5.2540576046118055,3.1569764994014315,-0.26953997957316755,20.579002241962876,62.5,0.08638239393281633,0.4666666666666667,0.0028972295254446924,1
t10_size_plus_impact_downside+impact_abs_return60+reversal_chip_turn_paper,3,t10_size_plus_impact_downside|impact_abs_return60|reversal_chip_turn_paper,120,2021-09-07,2026-08-10,3915.3166666666666,0.11199008946827191,0.07314926439755558,26.488381194139677,26.65654340719635,4.030469363168088,22.45791183097159,1.0820277376468195,24.85743594632662,80.0,0.4317588085628042,0.6833333333333333,0.033041016859769665,1,15,2026-01-09,2026-08-10,4604.6,0.07271705768596133,0.028234246162438956,11.464617810634682,25.292829370453298,3.8242758008125386,7.6403420098221435,-0.07094246049481413,20.260932378810924,62.5,0.12104145096893815,0.4666666666666667,0.004107496480500343,1
t10_size_plus_impact_downside+reversal_chip_turn_size_eq+reversal40,3,t10_size_plus_impact_downside|reversal_chip_turn_size_eq|reversal40,120,2021-09-07,2026-08-10,3923.15,0.11301572695871477,0.07114971144796718,22.90642158245204,42.21267752298559,6.38255684147542,16.52386474097662,0.8850108793145363,27.57165081075731,73.33333333333333,0.4303604332524776,0.6583333333333333,0.03201968566871167,1,15,2026-01-09,2026-08-10,4613.8,0.07746431112564095,0.029135201016295256,11.564660511509505,42.40861726792989,6.4121829309109994,5.152477580598506,-0.16559801034628038,19.930425714362833,50.0,0.12071744283830732,0.4666666666666667,0.004363936990148594,1
t10_size_plus_impact_downside+reversal_chip_turn_eq+reversal_turn_eq,3,t10_size_plus_impact_downside|reversal_chip_turn_eq|reversal_turn_eq,120,2021-09-07,2026-08-10,3923.15,0.1101893002096961,0.06685137557268053,21.02248643847322,39.44011481704897,5.963345360337805,15.059141078135415,0.8766217251815197,25.887097258686552,70.0,0.42709642809034115,0.625,0.029413410333334677,1,15,2026-01-09,2026-08-10,4613.8,0.0732158936476403,0.026557346324148634,6.703552013577774,38.063997902531206,5.755276482862718,0.9482755307150558,-0.36187547027496714,20.303597467510393,50.0,0.11157871918472638,0.4666666666666667,0.0038123566306787968,1
t10_size_plus_impact_downside+paper_composite+reversal_chip_turn_eq,3,t10_size_plus_impact_downside|paper_composite|reversal_chip_turn_eq,120,2021-09-07,2026-08-10,3915.3166666666666,0.11671901081572214,0.07074473617209551,23.40006616248531,29.87586927982931,4.517231435110192,18.88283472737512,1.008847767268526,23.6634307557089,78.33333333333333,0.41473600392967147,0.6916666666666667,0.033481906822099554,1,15,2026-01-09,2026-08-10,4604.6,0.07564582197514363,0.02144536924482765,10.695823560859086,28.92305169950079,4.37316541696452,6.322658143894566,-0.14862632444016627,19.934025100608586,50.0,0.0813615705032692,0.4666666666666667,0.0028721760096905866,1
t10_size_plus_impact_downside+book_to_market_lf_minus_size+reversal_turn_eq,3,t10_size_plus_impact_downside|book_to_market_lf_minus_size|reversal_turn_eq,120,2021-09-07,2026-08-10,3919.575,0.12039291578463572,0.07454281285551341,24.496370231243848,31.644132749559812,4.784592871733443,19.711777359510403,1.0171178324556887,25.692080338036092,81.66666666666667,0.44034451544684966,0.6916666666666667,0.03666826578038967,1,15,2026-01-09,2026-08-10,4609.8,0.08376210149114811,0.03080825419822371,11.20808468122102,30.40585514819095,4.597365298406471,6.610719382814549,-0.11613858169169237,20.55858602196259,62.5,0.12192721880710644,0.4666666666666667,0.004766010702251994,1
t10_size_plus_impact_downside+book_to_market_lf_plus_impact+reversal_turn_paper_nomcap,3,t10_size_plus_impact_downside|book_to_market_lf_plus_impact|reversal_turn_paper_nomcap,120,2021-09-07,2026-08-10,3915.3166666666666,0.11825198324856304,0.0704145681692331,21.962488453539187,27.320927044315358,4.130924169100482,17.831564284438706,1.0135852931212996,22.40729605972165,75.0,0.4177792087542991,0.6916666666666667,0.03417056049668781,1,15,2026-01-09,2026-08-10,4604.6,0.08551196842651171,0.028746859905280416,10.907683644262733,25.379131406469813,3.837324668658236,7.070358975604497,-0.12378459384737735,19.453020708045177,62.5,0.10801074089800002,0.4,0.0036944844261575654,1
t10_size_plus_impact_downside+book_to_market_lf_plus_impact+reversal_chip_eq,3,t10_size_plus_impact_downside|book_to_market_lf_plus_impact|reversal_chip_eq,120,2021-09-07,2026-08-10,3919.575,0.11868700005572466,0.0735728707898056,24.30861899941639,30.76300459139277,4.651366294218588,19.6572527051978,1.0052107673694284,24.819975741499267,75.0,0.4209294309687469,0.6916666666666667,0.034554872216150306,1,15,2026-01-09,2026-08-10,4609.8,0.0815466430860922,0.026013157284522914,12.4893468023061,29.807424953924826,4.506882653033434,7.9824641492726665,-0.06276270975045765,19.839932170714757,62.5,0.09847334960130207,0.4666666666666667,0.003747413176933701,1
t10_size_plus_impact_downside+book_to_market_lf_minus_size+reversal40,3,t10_size_plus_impact_downside|book_to_market_lf_minus_size|reversal40,120,2021-09-07,2026-08-10,3919.575,0.11946779889958391,0.07484006688947731,25.30021986860971,37.875192192474316,5.726729059502116,19.57349080910759,0.9860782359942639,27.556744457427072,81.66666666666667,0.43047024534633677,0.6916666666666667,0.03557057178644274,1,15,2026-01-09,2026-08-10,4609.8,0.08785895912915533,0.032664484111888804,16.208078737380315,37.835374473191926,5.720708620346619,10.487370117033699,0.041829321997282155,19.370882729820327,62.5,0.1272368349942559,0.4666666666666667,0.0052168180798922575,1
t10_size_plus_impact_downside+impact60+paper_composite,3,t10_size_plus_impact_downside|impact60|paper_composite,120,2021-09-07,2026-08-10,3915.3166666666666,0.09799599483873428,0.06593490796727798,24.944510621187565,17.2038446789705,2.6012213154603394,22.343289305727225,1.1094018487531767,26.023405075220207,73.33333333333333,0.3954403629920915,0.6833333333333333,0.026480240710046808,1,15,2026-01-09,2026-08-10,4604.6,0.07146067615515035,0.030031377410046505,12.318747073989833,15.20828245580383,2.2994923073175393,10.019254766672294,0.023403754902261983,19.564503330694226,50.0,0.1347319680981335,0.5333333333333333,0.005134953354670276,1
t10_size_plus_impact_downside+book_to_market_lf_minus_size+impact_abs_return60,3,t10_size_plus_impact_downside|book_to_market_lf_minus_size|impact_abs_return60,120,2021-09-07,2026-08-10,3919.575,0.0955512708062409,0.0664587660127702,27.34265806248888,16.91614449756135,2.5577210480312766,24.7849370144576,1.1428034785105907,27.620230705290084,80.0,0.3823884784750555,0.7,0.025576393541969517,1,15,2026-01-09,2026-08-10,4609.8,0.07092707650498505,0.03131596976243516,13.669685230082107,15.509521443637873,2.345039642278046,11.32464558780406,0.07593820449785683,19.365410345977008,75.0,0.14367817769820107,0.5333333333333333,0.005435025654238476,1
t10_size_plus_impact_downside+book_to_market_lf_div_oper_main_profit_ttm+paper_composite,3,t10_size_plus_impact_downside|book_to_market_lf_div_oper_main_profit_ttm|paper_composite,120,2021-09-07,2026-08-10,3827.425,0.09723722926784152,0.05968707712617013,20.778993694059643,15.656411467599597,2.367249413901059,18.411744280158583,0.9799151733770891,27.597443278237865,75.0,0.3692261531270722,0.6833333333333333,0.02453339420392186,1,15,2026-01-09,2026-08-10,4507.933333333333,0.06832427325754963,0.024353935226552263,10.7189625221503,14.760932552364453,2.2318530019175054,8.487109520232794,-0.03922429752794289,19.21855107638374,62.5,0.11083247831165653,0.5333333333333333,0.004038692551454433,1
t10_size_plus_impact_g13+t10_nomcap_plus_impact+reversal_turn_eq,3,t10_size_plus_impact_g13|t10_nomcap_plus_impact|reversal_turn_eq,120,2021-09-07,2026-08-10,3923.15,0.11366750939593144,0.07034593990446728,22.391507748616448,36.615045406417906,5.536194865450387,16.85531288316606,0.9261957445892517,24.851587502191474,76.66666666666667,0.443709160270057,0.65,0.03278295484363741,1,15,2026-01-09,2026-08-10,4613.8,0.07532216619512357,0.028840811979152507,8.293221727665411,35.884084480542114,5.425673573457967,2.8675481542074444,-0.27115172818809896,20.222392146962985,50.0,0.12166752155563518,0.4666666666666667,0.004276655263609088,1
t10_size_plus_impact_g13+t10_nomcap_plus_impact+paper_composite,3,t10_size_plus_impact_g13|t10_nomcap_plus_impact|paper_composite,120,2021-09-07,2026-08-10,3915.3166666666666,0.11520685686374255,0.07158999204416536,24.44828077632415,27.114911044627902,4.099774549947739,20.34850622637641,1.0486630385500302,23.803561403727347,76.66666666666667,0.41633096888014587,0.675,0.0323758230793098,1,15,2026-01-09,2026-08-10,4604.6,0.07563995120569325,0.023736962656738178,11.502154903963612,26.091493232131864,3.9450337766983377,7.557121127265276,-0.08681468211971287,20.02738743898985,50.0,0.09288996461616747,0.4666666666666667,0.0032788897824972242,1
t10_size_plus_impact_g13+t10_size_plus_wc_mcap+reversal_turn_eq,3,t10_size_plus_impact_g13|t10_size_plus_wc_mcap|reversal_turn_eq,120,2021-09-07,2026-08-10,3919.575,0.11437968559385521,0.07048880600500868,22.5047437490582,36.229900971153825,5.477961026838459,17.02678272221974,0.9301174655165108,25.4936172628352,78.33333333333333,0.443886729648239,0.6666666666666666,0.033847749717633456,1,15,2026-01-09,2026-08-10,4609.8,0.07386599363851404,0.02692246605093979,6.892260032208908,35.02446981485296,5.295699836005768,1.5965601962031402,-0.3246807029018284,21.03788752925024,50.0,0.11440897173776046,0.4666666666666667,0.003943768443332828,1
t10_size_plus_impact_g13+t10_size_plus_wc_mcap+paper_composite,3,t10_size_plus_impact_g13|t10_size_plus_wc_mcap|paper_composite,120,2021-09-07,2026-08-10,3915.3166666666666,0.113506762454403,0.07035842222655138,22.849380520771014,25.940443590130176,3.9221950708276823,18.92718544994333,1.0111330206294924,24.872935590400015,80.0,0.4137033363363633,0.6833333333333333,0.032088052988152475,1,15,2026-01-09,2026-08-10,4604.6,0.07286793899279309,0.02158954722886721,11.074176582403073,24.645232039050917,3.726359084304499,7.347817498098575,-0.09332475094687918,19.84229523988086,62.5,0.08617479580367646,0.4666666666666667,0.002930377222891393,1
t10_size_plus_impact_g13+t10_size_plus_impact_dd120+reversal_turn_paper_nomcap,3,t10_size_plus_impact_g13|t10_size_plus_impact_dd120|reversal_turn_paper_nomcap,120,2021-09-07,2026-08-10,3915.3166666666666,0.1166665998844429,0.07191155539098094,23.4059647790843,34.86833939072425,5.272092915877506,18.133871863206792,0.9719771598621969,24.020138417472005,75.0,0.43621564877438157,0.675,0.03435196267725308,1,15,2026-01-09,2026-08-10,4604.6,0.07562197217239557,0.025359322983036683,11.731918549801613,34.14807557504951,5.163189026947486,6.5687295228541265,-0.1283787886360778,19.350913131322432,62.5,0.10036329754263153,0.4666666666666667,0.0035418462304860777,1
size_only+t10_size_plus_impact_g13+t10_size_plus_impact_dd120,3,size_only|t10_size_plus_impact_g13|t10_size_plus_impact_dd120,120,2021-09-07,2026-08-10,3923.15,0.10091625255758015,0.07053624215405568,27.230163362653915,26.00349244815122,3.931728058160465,23.29843530449345,1.059317813868548,27.8928729645612,83.33333333333334,0.4011439099212054,0.6916666666666667,0.028000008586834286,1,15,2026-01-09,2026-08-10,4613.8,0.06232377784378867,0.025745013119670944,12.82459154150949,24.71368382361131,3.7367089941300295,9.08788254737946,0.0017110970308603307,20.308060294339146,75.0,0.11920240178418934,0.4666666666666667,0.003466933870047132,1
t10_size_plus_impact_g13+reversal_turn_paper+reversal40,3,t10_size_plus_impact_g13|reversal_turn_paper|reversal40,120,2021-09-07,2026-08-10,3915.3166666666666,0.11610377870713108,0.07095544436270122,22.556220539307326,44.76490281027156,6.768453304913059,15.787767234394268,0.8870603210847852,26.382689828004047,75.0,0.4338400948418113,0.6666666666666666,0.03358031624386294,1,15,2026-01-09,2026-08-10,4604.6,0.08411630251673666,0.03227650275706574,14.697189881585082,44.86188458132692,6.783116948696631,7.914072932888451,-0.05950521591502641,19.150447603287944,62.5,0.12988729956374057,0.4666666666666667,0.005098631712153279,1
t10_size_plus_impact_g13+reversal_chip_turn_size_eq+reversal_chip_turn_paper,3,t10_size_plus_impact_g13|reversal_chip_turn_size_eq|reversal_chip_turn_paper,120,2021-09-07,2026-08-10,3915.3166666666666,0.11536005609129565,0.0716322776749201,22.976187511579592,33.55999224126583,5.074270826879395,17.901916684700197,0.9507655709904594,25.255242783150834,76.66666666666667,0.4277361113263204,0.675,0.033306971711541976,1,15,2026-01-09,2026-08-10,4604.6,0.07151906894125884,0.02241991683434543,9.161007911091456,32.32596375563511,4.887685719852028,4.273322191239429,-0.2155538857960089,20.575548377065044,62.5,0.09007866863721435,0.4666666666666667,0.0030064265057874805,1
t10_size_plus_impact_g13+book_to_market_lf_minus_size+reversal_chip_turn_paper,3,t10_size_plus_impact_g13|book_to_market_lf_minus_size|reversal_chip_turn_paper,120,2021-09-07,2026-08-10,3915.3166666666666,0.11676202418127375,0.07243408073812146,25.258592026443406,27.4993108347749,4.1578957982179645,21.10069622822544,1.058157561061068,25.034400397929534,76.66666666666667,0.412071174032535,0.6833333333333333,0.03287808066430836,1,15,2026-01-09,2026-08-10,4604.6,0.07818762838560687,0.024267197415101423,12.15968581911474,26.391320705006216,3.99036769059694,8.1693181285178,-0.05720804067400314,20.16458851898104,62.5,0.0935758465921515,0.4666666666666667,0.003414354308967326,1
t10_size_plus_impact_g13+reversal_chip_turn_size_eq+reversal_chip_eq,3,t10_size_plus_impact_g13|reversal_chip_turn_size_eq|reversal_chip_eq,120,2021-09-07,2026-08-10,3923.15,0.1113259572116161,0.06995353062690443,23.144521091749937,36.90279725845756,5.5797029454787825,17.564818146271154,0.9163659784389029,25.65901070240856,78.33333333333333,0.4157903730040031,0.6416666666666667,0.029701634317512562,1,15,2026-01-09,2026-08-10,4613.8,0.06867380810929671,0.021088616547170393,8.979049914761728,36.244018468548376,5.480095592444514,3.4989543223172133,-0.23988594840938957,20.31591037573397,62.5,0.08557203939537605,0.4666666666666667,0.0027423936460476426,1
t10_size_plus_impact_g13+reversal_chip_turn_size_eq+book_to_market_lf_div_oper_main_profit_ttm,3,t10_size_plus_impact_g13|reversal_chip_turn_size_eq|book_to_market_lf_div_oper_main_profit_ttm,120,2021-09-07,2026-08-10,3831.15,0.1096615336940103,0.06798621127573769,24.064660716851026,24.079981101818845,3.6408931425950093,20.42376757425602,1.0023944003291692,27.609985838790763,80.0,0.4227291479647131,0.7083333333333334,0.032836298081272294,1,15,2026-01-09,2026-08-10,4511.133333333333,0.06852149169799424,0.02527921846307005,10.970634255240231,22.489216407771178,3.4003695208550018,7.570264734385229,-0.06343412759255075,20.328193287569928,62.5,0.11639826497229551,0.4666666666666667,0.0037220319485813703,1
t10_size_plus_impact_g13+impact_abs_return60+reversal_chip_turn_eq,3,t10_size_plus_impact_g13|impact_abs_return60|reversal_chip_turn_eq,120,2021-09-07,2026-08-10,3923.15,0.11078920923474173,0.072676817268871,25.950852266528845,27.73945018858226,4.194204868513637,21.756647398015208,1.0535321479382143,25.075321450816467,80.0,0.43595953226023637,0.6833333333333333,0.0330047347555973,1,15,2026-01-09,2026-08-10,4613.8,0.07063681458860407,0.028242384231336792,11.488566234619856,26.55377639046559,4.014930990238398,7.473635244381461,-0.07587392144957485,20.113254839186688,62.5,0.12378861237950195,0.4666666666666667,0.0040805488550546805,1
t10_size_plus_impact_g13+book_to_market_lf_plus_impact+reversal_turn_eq,3,t10_size_plus_impact_g13|book_to_market_lf_plus_impact|reversal_turn_eq,120,2021-09-07,2026-08-10,3919.575,0.12014356172450169,0.07395231999560754,24.52052710931991,30.345199090331203,4.588194102458078,19.932333006861832,1.0426759079941839,23.8238942393302,80.0,0.44372798951653747,0.7,0.03731774276815841,1,15,2026-01-09,2026-08-10,4609.8,0.0852717797013958,0.032364521095989744,11.1349665060965,28.787334998742708,4.352645051809898,6.782321454286603,-0.12069284302304756,20.039143963603955,62.5,0.12802057361069227,0.4666666666666667,0.005094386336749395,1
t10_size_plus_impact_g13+impact60+reversal_turn_paper_nomcap,3,t10_size_plus_impact_g13|impact60|reversal_turn_paper_nomcap,120,2021-09-07,2026-08-10,3915.3166666666666,0.11531829000476349,0.07309191443934031,24.579178181334306,27.798602308005826,4.203148668970481,20.376029512363825,1.0586240200280137,23.47683188230123,76.66666666666667,0.45258857620009574,0.7083333333333334,0.03696914965051899,1,15,2026-01-09,2026-08-10,4604.6,0.08044410946623656,0.033181767498919226,12.245905442867922,26.203969155881772,3.9620401363693243,8.283865306498598,-0.05208190499569447,19.35523960170329,62.5,0.13961356966504007,0.5333333333333333,0.005989914283256815,1
t10_size_plus_impact_g13+impact60+reversal_chip_eq,3,t10_size_plus_impact_g13|impact60|reversal_chip_eq,120,2021-09-07,2026-08-10,3923.15,0.11275467862963233,0.0741899104992854,26.237411397957654,30.0523669619419,4.543917884645616,21.69349351331204,1.0382808694360945,25.836069191760668,78.33333333333333,0.43934401584675103,0.7083333333333334,0.03508948276454552,1,15,2026-01-09,2026-08-10,4613.8,0.07423748361492755,0.029568072865089452,12.956759725215983,29.457852159820984,4.454027246564933,8.50273247865105,-0.032009352995789817,19.42726787493664,62.5,0.12638718393035644,0.4666666666666667,0.004378577698211113,1
t10_size_plus_impact_g13+book_to_market_lf_plus_impact+reversal40,3,t10_size_plus_impact_g13|book_to_market_lf_plus_impact|reversal40,120,2021-09-07,2026-08-10,3919.575,0.12038290797546854,0.07494568761139059,25.522361491063617,36.96706541365622,5.589420290544822,19.932941200518794,1.0100438868952717,25.48830934718468,80.0,0.43603911813689816,0.6916666666666667,0.03630672944739524,1,15,2026-01-09,2026-08-10,4609.8,0.09030530955218523,0.0346586397307677,15.46261145974629,36.253140352165055,5.481474821247357,9.981136638498933,0.019535926855848196,18.99263639117238,62.5,0.1343326412959142,0.4666666666666667,0.00566111035242209,1
t10_size_plus_impact_g13+impact60+impact_abs_return60,3,t10_size_plus_impact_g13|impact60|impact_abs_return60,120,2021-09-07,2026-08-10,3923.15,0.08591776645605807,0.0634680822472117,28.370632860373092,15.949537600070377,2.411570085130641,25.959062775242447,1.1839704707669894,26.101366169167896,80.0,0.40259347595154055,0.6916666666666667,0.023924703135113152,1,15,2026-01-09,2026-08-10,4613.8,0.06381349817342422,0.035100793098349924,14.662419047562326,14.934941086671119,2.258163092304673,12.404255955257652,0.12015809793483406,19.989173472668963,75.0,0.19294857401184026,0.5333333333333333,0.006566785853477,1
t10_size_plus_impact_g13+book_to_market_lf_plus_impact+book_to_market_lf_div_oper_main_profit_ttm,3,t10_size_plus_impact_g13|book_to_market_lf_plus_impact|book_to_market_lf_div_oper_main_profit_ttm,120,2021-09-07,2026-08-10,3831.15,0.09791541611428327,0.061886257789635114,22.390423691685555,14.959964030275696,2.2619465613776852,20.12847713030787,1.0282262059273086,27.06460826438699,75.0,0.3822500815036184,0.6916666666666667,0.025887821588183965,1,15,2026-01-09,2026-08-10,4511.133333333333,0.07299482474993854,0.029909958402902823,11.788197189476113,14.242992866770567,2.1535405214557097,9.634656668020403,0.008637363115964488,19.5065524149851,62.5,0.14069799248041226,0.5333333333333333,0.005477453495347127,1
size_only+t10_size_plus_impact_g13+paper_composite,3,size_only|t10_size_plus_impact_g13|paper_composite,120,2021-09-07,2026-08-10,3915.3166666666666,0.09088367086962619,0.06317164650062107,25.5662887190206,17.48825231183125,2.644223749548885,22.922064969471716,1.092983864701383,29.2314460546772,75.0,0.35830474276471563,0.6916666666666667,0.02252346813278102,1,15,2026-01-09,2026-08-10,4604.6,0.0634403316809847,0.02481782735527689,12.91240378154539,16.221433611823446,2.4526807621077054,10.459723019437686,0.04656246893873764,20.296218745440655,50.0,0.1128604097692758,0.5333333333333333,0.003818614309021175,1
t10_size_plus_wc_mcap+t10_nomcap_plus_impact+reversal_turn_eq,3,t10_size_plus_wc_mcap|t10_nomcap_plus_impact|reversal_turn_eq,120,2021-09-07,2026-08-10,3919.575,0.11070437413158815,0.06640661058406773,20.422018473476776,39.27113549671867,5.937795687103863,14.484222786372914,0.8615721337803187,26.141547948766164,73.33333333333333,0.4274565298946827,0.6083333333333333,0.028787128796357902,1,15,2026-01-09,2026-08-10,4609.8,0.07272626900963096,0.025298978763489403,4.979691585991075,37.852608639413724,5.723314426279355,-0.74362284028828,-0.4358307367012114,21.145766891133245,37.5,0.10679584567233964,0.4666666666666667,0.0036245362540228824,1
t10_size_plus_wc_mcap+t10_nomcap_plus_impact+paper_composite,3,t10_size_plus_wc_mcap|t10_nomcap_plus_impact|paper_composite,120,2021-09-07,2026-08-10,3915.3166666666666,0.11676456593303038,0.06985804714180614,21.8022198734414,29.316851203713817,4.432707902001529,17.36951197143987,0.9723031074828272,24.082178679319355,80.0,0.41986054932114775,0.7,0.03431738435572125,1,15,2026-01-09,2026-08-10,4604.6,0.07435022041937421,0.01996319788928599,10.250553627832081,27.683840886345816,4.185796742015488,6.064756885816594,-0.15882710651725174,19.568463764004562,62.5,0.07698672617603877,0.4666666666666667,0.002671190694925428,1
t10_size_plus_impact_dd120+t10_nomcap_plus_impact+reversal_turn_paper_nomcap,3,t10_size_plus_impact_dd120|t10_nomcap_plus_impact|reversal_turn_paper_nomcap,120,2021-09-07,2026-08-10,3915.3166666666666,0.11364387029129498,0.06823994970382036,21.33418774469402,37.72629622719398,5.704215989551729,15.629971755142291,0.9075959244423635,25.085004182445804,73.33333333333333,0.42295303564384445,0.6583333333333333,0.03164346311532886,1,15,2026-01-09,2026-08-10,4604.6,0.07473191154881502,0.023831308065221414,9.961927249204871,37.316779261256954,5.642297024302052,4.31963022490282,-0.226474272258112,19.741459770227365,62.5,0.09340929648739618,0.4666666666666667,0.0032576391320354604,1
size_only+t10_size_plus_impact_dd120+t10_nomcap_plus_impact,3,size_only|t10_size_plus_impact_dd120|t10_nomcap_plus_impact,120,2021-09-07,2026-08-10,3923.15,0.10774718558492337,0.07230527541730793,25.772079484805154,28.880948823752224,4.366799462151336,21.40528002265382,1.0178941887232908,27.217405990366274,85.0,0.41795085820968625,0.7166666666666667,0.03227367055750956,1,15,2026-01-09,2026-08-10,4613.8,0.06455581356262462,0.024270151512356616,12.139096154984463,27.628493734863813,4.177428252711408,7.961667902273055,-0.04688523413809238,20.311247856814663,75.0,0.10757671380781,0.4666666666666667,0.003240861064119844,1
t10_nomcap_plus_impact+reversal_turn_paper+reversal40,3,t10_nomcap_plus_impact|reversal_turn_paper|reversal40,120,2021-09-07,2026-08-10,3915.3166666666666,0.11173309009870071,0.06632278289035526,19.317328089080064,46.866849195646644,7.086267598381772,12.231060490698294,0.7984830873671879,25.838380665018366,71.66666666666667,0.4150864486088367,0.6083333333333333,0.028213825699706183,1,15,2026-01-09,2026-08-10,4604.6,0.08229804971496006,0.03048585213960994,10.247075173293506,47.23761695511404,7.142327683613243,3.1047474896802636,-0.26502958807394444,19.625591456751234,62.5,0.12254319191907778,0.4666666666666667,0.004706363993700206,1
reversal_chip_turn_size_eq+t10_nomcap_plus_impact+reversal_chip_turn_paper,3,reversal_chip_turn_size_eq|t10_nomcap_plus_impact|reversal_chip_turn_paper,120,2021-09-07,2026-08-10,3915.3166666666666,0.11279440200220375,0.06836981542588093,21.0399752300108,36.54143525875021,5.525065011123031,15.514910218887767,0.892455189334433,25.545683511033733,71.66666666666667,0.41824714913636174,0.6416666666666667,0.030271226290409244,1,15,2026-01-09,2026-08-10,4604.6,0.07092630961313229,0.02107214127945517,8.339519533337969,35.49041948456504,5.366151426066233,2.9733681072717357,-0.27421780288611464,20.659006997155082,62.5,0.0837699353896447,0.4666666666666667,0.002772696441068413,1
book_to_market_lf_minus_size+t10_nomcap_plus_impact+reversal_chip_turn_paper,3,book_to_market_lf_minus_size|t10_nomcap_plus_impact|reversal_chip_turn_paper,120,2021-09-07,2026-08-10,3915.3166666666666,0.11945237156259267,0.07171297472841687,22.091564412938403,30.560712790605255,4.620779773939514,17.470784638998886,0.9681129308100833,24.054315160883387,75.0,0.41693572647071286,0.7083333333333334,0.035277805932236866,1,15,2026-01-09,2026-08-10,4604.6,0.07930280655711616,0.022556769245176283,10.831193995520705,29.064769147849567,4.394593095154854,6.436600900365851,-0.13597912544908325,20.33807645046275,62.5,0.08437159391711803,0.4666666666666667,0.003122421955951559,1
reversal_chip_turn_size_eq+t10_nomcap_plus_impact+reversal_chip_eq,3,reversal_chip_turn_size_eq|t10_nomcap_plus_impact|reversal_chip_eq,120,2021-09-07,2026-08-10,3923.15,0.10785558958331279,0.06603614233471863,19.878197177836565,39.226512882432836,5.931048747823845,13.94714843001272,0.8238621794891243,26.66807054898849,68.33333333333333,0.40314795785461743,0.6333333333333333,0.027538448433021587,1,15,2026-01-09,2026-08-10,4613.8,0.06765519561037589,0.01971736707830589,7.236061928663428,38.61387026100015,5.838417183463223,1.3976447452002057,-0.33642898330578846,20.297331630564997,50.0,0.0796767413904639,0.4666666666666667,0.002515587911372279,1
reversal_chip_turn_size_eq+t10_nomcap_plus_impact+book_to_market_lf_div_oper_main_profit_ttm,3,reversal_chip_turn_size_eq|t10_nomcap_plus_impact|book_to_market_lf_div_oper_main_profit_ttm,120,2021-09-07,2026-08-10,3831.15,0.11084037953776266,0.06674120519911465,22.116816685833207,27.562286147412834,4.167417665488821,17.949399020344387,0.9416051555408583,27.571997358468224,83.33333333333334,0.4288114670807763,0.675,0.03208249738893019,1,15,2026-01-09,2026-08-10,4511.133333333333,0.06908474806819381,0.02339423366227728,9.384004919756194,25.838250349743113,3.9067434528811584,5.477261466875037,-0.15315790416460298,20.11624717523315,62.5,0.10427179145015632,0.4666666666666667,0.003361675540044871,1
t10_nomcap_plus_impact+impact_abs_return60+reversal_chip_turn_eq,3,t10_nomcap_plus_impact|impact_abs_return60|reversal_chip_turn_eq,120,2021-09-07,2026-08-10,3923.15,0.11372665745961623,0.07197724450932344,24.15369113056385,30.49218681004983,4.610418645679534,19.543272484884312,1.0015755246280504,24.410074274329908,81.66666666666667,0.44048391936834164,0.7083333333333334,0.03548379103525143,1,15,2026-01-09,2026-08-10,4613.8,0.07169516263110462,0.026535336021263574,11.13493191240985,28.954740570344377,4.37795677423607,6.756975138173782,-0.11706940690776235,19.66657133283316,62.5,0.11219741824265525,0.4666666666666667,0.003753872335592042,1
book_to_market_lf_plus_impact+t10_nomcap_plus_impact+reversal_turn_eq,3,book_to_market_lf_plus_impact|t10_nomcap_plus_impact|reversal_turn_eq,120,2021-09-07,2026-08-10,3919.575,0.12053841702698541,0.07179701215436413,22.31269074781426,33.760505219711604,5.104588389220394,17.208102358593862,0.9751979829828531,22.798752293802227,73.33333333333333,0.4394541080928168,0.6833333333333333,0.03619692007276781,1,15,2026-01-09,2026-08-10,4609.8,0.08549269694860286,0.030421498705749724,10.712208172020032,32.048085242243474,4.845670488627213,5.86653768339282,-0.1671430667546496,19.705708905980877,62.5,0.11736016713301918,0.4666666666666667,0.004682270694518942,1
impact60+t10_nomcap_plus_impact+reversal_turn_paper_nomcap,3,impact60|t10_nomcap_plus_impact|reversal_turn_paper_nomcap,120,2021-09-07,2026-08-10,3915.3166666666666,0.11786134867015081,0.07210774745475022,23.075220554456056,31.076731995207695,4.698801877675404,18.376418676780652,1.0140960626097963,22.43562011215611,76.66666666666667,0.45254551142285165,0.6833333333333333,0.0364473766124623,1,15,2026-01-09,2026-08-10,4604.6,0.08187743104998232,0.031528338725090324,11.4010021803732,29.62997668805413,4.480052475233784,6.920949705139415,-0.1142254472949529,19.276462188406963,62.5,0.12778340187702536,0.4666666666666667,0.004882535782375219,1
impact60+t10_nomcap_plus_impact+reversal_chip_eq,3,impact60|t10_nomcap_plus_impact|reversal_chip_eq,120,2021-09-07,2026-08-10,3923.15,0.11463641035681739,0.07311169118003517,24.58400812755801,32.87220850467092,4.9702779259062435,19.613730201651766,0.9872335661141934,24.81662957321723,78.33333333333333,0.4414542923195766,0.7,0.03542471478568778,1,15,2026-01-09,2026-08-10,4613.8,0.07495207082834515,0.027786426944028723,12.322266242089707,32.24930683238288,4.876095193056291,7.446171049033418,-0.07982543271591368,19.083874822302892,62.5,0.11488360387145652,0.4666666666666667,0.00401835654004818,1
book_to_market_lf_plus_impact+t10_nomcap_plus_impact+reversal40,3,book_to_market_lf_plus_impact|t10_nomcap_plus_impact|reversal40,120,2021-09-07,2026-08-10,3919.575,0.12092428300118131,0.0728928719036229,22.270597313287755,39.82327726194028,6.021279522005369,16.249317791282387,0.9171340746265173,25.31111234224035,73.33333333333333,0.43331008084959866,0.675,0.035368454819647094,1,15,2026-01-09,2026-08-10,4609.8,0.09063687072665709,0.032700707042081244,14.603202570687735,39.04208415792208,5.903163124677819,8.700039446009916,-0.034678935246852206,18.870556409266747,62.5,0.12377767045507056,0.4666666666666667,0.005235449667412064,1
impact60+t10_nomcap_plus_impact+impact_abs_return60,3,impact60|t10_nomcap_plus_impact|impact_abs_return60,120,2021-09-07,2026-08-10,3923.15,0.09559819541526261,0.0674164150253356,27.62859920685583,19.49431645368892,2.947540647797765,24.681058559058066,1.1632083714850268,23.892096505163707,80.0,0.43099859629546206,0.6833333333333333,0.02815517015544427,1,15,2026-01-09,2026-08-10,4613.8,0.06824766394278509,0.034787524868033944,13.6855008466786,17.650118904977322,2.668697978432571,11.016802868246028,0.06472647631575236,18.960545821019604,75.0,0.17802285301417828,0.5333333333333333,0.006479810051545314,1
book_to_market_lf_plus_impact+t10_nomcap_plus_impact+book_to_market_lf_div_oper_main_profit_ttm,3,book_to_market_lf_plus_impact|t10_nomcap_plus_impact|book_to_market_lf_div_oper_main_profit_ttm,120,2021-09-07,2026-08-10,3831.15,0.10790005756065389,0.06425913761384652,20.93436630863872,18.140300632476855,2.7428134556305004,18.19155285300822,0.9814896181642333,25.611999689419118,76.66666666666667,0.4045429767871911,0.675,0.02946389207473993,1,15,2026-01-09,2026-08-10,4511.133333333333,0.0770072972017027,0.02835151023909361,9.38204125310591,16.353211675937985,2.472605605401823,6.909435647704088,-0.10283938574873887,19.485367404708775,62.5,0.12477736792714172,0.4666666666666667,0.004484091666138751,1
size_only+t10_nomcap_plus_impact+paper_composite,3,size_only|t10_nomcap_plus_impact|paper_composite,120,2021-09-07,2026-08-10,3915.3166666666666,0.10174016000825098,0.06719538542823364,24.547555579252233,21.769601528521665,3.291563751112476,21.25599182813976,1.0539139402406195,27.61166528751312,76.66666666666667,0.382445761129628,0.7,0.02723706505226398,1,15,2026-01-09,2026-08-10,4604.6,0.06791758215425145,0.023363674523107458,12.13321219582345,20.172842025823133,3.050133714304458,9.083078481518992,-0.0104451644270115,20.461894358304978,50.0,0.09918549096075822,0.5333333333333333,0.003592767323113099,1
t10_size_plus_impact_dd120+t10_size_plus_wc_mcap+reversal_turn_paper_nomcap,3,t10_size_plus_impact_dd120|t10_size_plus_wc_mcap|reversal_turn_paper_nomcap,120,2021-09-07,2026-08-10,3915.3166666666666,0.11398038458623105,0.06811303201929268,21.236223615818783,37.12313809007102,5.613018479218739,15.623205136600044,0.9039570077645718,25.372734795984897,80.0,0.42529519466455024,0.65,0.03150895140285193,1,15,2026-01-09,2026-08-10,4604.6,0.07310056342653343,0.02189498808783362,9.145895352531753,36.40479266236513,5.504404650549608,3.641490701982144,-0.2539132017036663,19.98925333887067,62.5,0.08674674837636566,0.4666666666666667,0.002959243551474958,1
size_only+t10_size_plus_impact_dd120+t10_size_plus_wc_mcap,3,size_only|t10_size_plus_impact_dd120|t10_size_plus_wc_mcap,120,2021-09-07,2026-08-10,3919.575,0.10531076962191029,0.07074693996451616,25.809146505756498,28.598806242583613,4.324139503878642,21.485007001877854,1.0186934049036909,27.4637997092271,85.0,0.40948607140522647,0.7,0.030186305330395836,1,15,2026-01-09,2026-08-10,4609.8,0.06182795515822979,0.022038153468922354,11.479916102489252,27.29347555077676,4.1267735032774455,7.3531425992118065,-0.0689728491725026,20.195620408762938,75.0,0.0992216693277608,0.4666666666666667,0.0028628473635633664,1
t10_size_plus_wc_mcap+reversal_turn_paper+reversal40,3,t10_size_plus_wc_mcap|reversal_turn_paper|reversal40,120,2021-09-07,2026-08-10,3915.3166666666666,0.11154108954693849,0.06589996482265138,19.932590023531162,46.22029626999421,6.9885087960231225,12.944081227508036,0.8120286890023217,26.053797497979335,73.33333333333333,0.41628940649150614,0.6083333333333333,0.028246969163204166,1,15,2026-01-09,2026-08-10,4604.6,0.08053501101309461,0.028450841112258506,8.981234871461563,46.239604535607384,6.991428205783837,1.9898066656777265,-0.30720987619590934,20.520779698899673,62.5,0.11584373632924454,0.4666666666666667,0.004353755737834411,1
reversal_chip_turn_size_eq+t10_size_plus_wc_mcap+reversal_chip_turn_paper,3,reversal_chip_turn_size_eq|t10_size_plus_wc_mcap|reversal_chip_turn_paper,120,2021-09-07,2026-08-10,3915.3166666666666,0.1127143797055992,0.06800997210654143,21.32467059527712,35.97563268399342,5.439515661819805,15.885154933457313,0.8980802511274969,25.283650559383553,76.66666666666667,0.4185850280066408,0.6416666666666667,0.03027418739590078,1,15,2026-01-09,2026-08-10,4604.6,0.06916905477923534,0.01917138988164153,7.420366977482107,34.82872137291632,5.266102671584948,2.154264305897159,-0.31248618759148583,20.918067389883543,50.0,0.07707219175578083,0.4666666666666667,0.0024878049716386226,1
book_to_market_lf_minus_size+t10_size_plus_wc_mcap+reversal_chip_turn_paper,3,book_to_market_lf_minus_size|t10_size_plus_wc_mcap|reversal_chip_turn_paper,120,2021-09-07,2026-08-10,3915.3166666666666,0.11762717419436317,0.07024228897448194,22.275769421700975,29.701966790626873,4.490937378742783,17.784832042958193,0.9745987437726322,24.462940914752252,75.0,0.4161543771616065,0.6833333333333333,0.03344989333299225,1,15,2026-01-09,2026-08-10,4604.6,0.0765870583355766,0.020492718971207465,11.470764836059876,28.166219435901418,4.258732378708294,7.212032457351583,-0.10208932804263944,19.957180998745084,62.5,0.07820653929866322,0.4666666666666667,0.0027951507674954658,1
reversal_chip_turn_size_eq+t10_size_plus_wc_mcap+reversal_chip_eq,3,reversal_chip_turn_size_eq|t10_size_plus_wc_mcap|reversal_chip_eq,120,2021-09-07,2026-08-10,3919.575,0.10776797040612669,0.06569472136059563,20.42344641683762,39.07651292063862,5.90836875360056,14.515077663237062,0.8347444084350512,26.862287861674815,73.33333333333333,0.4022955599745007,0.625,0.0270966100011551,1,15,2026-01-09,2026-08-10,4609.8,0.06579494940413162,0.017641538133784152,7.743526972352887,38.58816973780581,5.834531264356238,1.9089957079966497,-0.30520505071130066,21.041732425899408,37.5,0.0719303677896265,0.4666666666666667,0.0022085722910248923,1
reversal_chip_turn_size_eq+t10_size_plus_wc_mcap+book_to_market_lf_div_oper_main_profit_ttm,3,reversal_chip_turn_size_eq|t10_size_plus_wc_mcap|book_to_market_lf_div_oper_main_profit_ttm,120,2021-09-07,2026-08-10,3831.15,0.10818016317980104,0.06504286084296487,21.960212437137216,26.46598241912514,4.001656541771721,17.958555895365496,0.9429750583228578,27.150958590256412,81.66666666666667,0.42258272538458835,0.6666666666666666,0.030476712126046544,1,15,2026-01-09,2026-08-10,4511.133333333333,0.06519806956417448,0.020858856723595713,9.514101699582767,24.53918869989011,3.710325331423385,5.803776368159381,-0.13947048281092037,20.07448734438969,62.5,0.09556910279461679,0.4666666666666667,0.0029077631390216118,1
t10_size_plus_wc_mcap+impact_abs_return60+reversal_chip_turn_eq,3,t10_size_plus_wc_mcap|impact_abs_return60|reversal_chip_turn_eq,120,2021-09-07,2026-08-10,3919.575,0.11438751289575623,0.0721049497798416,23.546240198943803,30.397377266969222,4.596083442765746,18.950156756178053,0.9812935179791579,25.36926200416826,80.0,0.43845361703912034,0.6916666666666667,0.03468958631816689,1,15,2026-01-09,2026-08-10,4609.8,0.07005215667368278,0.024393969238805095,9.26312662766432,29.194578169222403,4.4142202191864275,4.848906408477893,-0.18699604219432067,20.3761621966982,62.5,0.10382369180462339,0.4666666666666667,0.0033941009782108953,1
book_to_market_lf_plus_impact+t10_size_plus_wc_mcap+reversal_turn_eq,3,book_to_market_lf_plus_impact|t10_size_plus_wc_mcap|reversal_turn_eq,120,2021-09-07,2026-08-10,3919.575,0.12109907439076288,0.0717218911354236,20.79660888024726,32.84348164828898,4.965934425221294,15.830674455025964,0.9319469799669232,23.71624009714103,76.66666666666667,0.44337637448766176,0.6666666666666666,0.035794979038125396,1,15,2026-01-09,2026-08-10,4609.8,0.08391615248698635,0.02845028452386244,9.925859002076788,31.117324220060166,4.704939422073097,5.22091958000369,-0.1922514863541436,19.76016512385811,62.5,0.1110932218586512,0.4666666666666667,0.004350507348021883,1
impact60+t10_size_plus_wc_mcap+reversal_turn_paper_nomcap,3,impact60|t10_size_plus_wc_mcap|reversal_turn_paper_nomcap,120,2021-09-07,2026-08-10,3915.3166666666666,0.11912792899708594,0.0725261509951756,22.962660769401854,30.208632265098966,4.567545198482964,18.39511557091889,1.0094837073560443,23.298162074086814,83.33333333333334,0.45625931392286295,0.6833333333333333,0.037141371888062345,1,15,2026-01-09,2026-08-10,4604.6,0.08039886345031612,0.029512308339666327,12.047292695793066,28.838686822874514,4.360409447618626,7.686883248174439,-0.08426964556291817,18.996700429492662,62.5,0.12077105806104992,0.4666666666666667,0.004531266042706924,1
impact60+t10_size_plus_wc_mcap+reversal_chip_eq,3,impact60|t10_size_plus_wc_mcap|reversal_chip_eq,120,2021-09-07,2026-08-10,3919.575,0.11556400599587414,0.07340346617251683,23.701409306206077,32.76119197935229,4.953492227278066,18.747917078928012,0.9618610423287643,26.080780515599677,80.0,0.4398706121707023,0.7,0.0355832470436127,1,15,2026-01-09,2026-08-10,4609.8,0.0733743755179353,0.025555302335058854,11.677775761007492,32.56305516327973,4.923533940687895,6.754241820319597,-0.10309015022137619,19.658704221708113,62.5,0.10619729704578519,0.4666666666666667,0.003636341497799343,1
book_to_market_lf_plus_impact+t10_size_plus_wc_mcap+reversal40,3,book_to_market_lf_plus_impact|t10_size_plus_wc_mcap|reversal40,120,2021-09-07,2026-08-10,3919.575,0.12068257824761358,0.07234722661749957,22.33798983834476,39.37366993181511,5.9532988936904445,16.384690944654317,0.9149713341120045,25.609765649529535,76.66666666666667,0.4349734824565747,0.6833333333333333,0.035870709577005076,1,15,2026-01-09,2026-08-10,4609.8,0.0886457588087311,0.03053973043746699,14.19321446611711,38.585973076112765,5.834199129108251,8.35901533700886,-0.04549476210898206,18.828679644810887,62.5,0.11723641528717965,0.4666666666666667,0.004849838463468863,1
impact60+t10_size_plus_wc_mcap+impact_abs_return60,3,impact60|t10_size_plus_wc_mcap|impact_abs_return60,120,2021-09-07,2026-08-10,3919.575,0.0953856994294835,0.06732218199442011,26.87356799257834,18.539563050732287,2.8031819332707215,24.07038605930762,1.136137896586016,25.711496862221917,80.0,0.4221477796741781,0.6833333333333333,0.02751568850499707,1,15,2026-01-09,2026-08-10,4609.8,0.06641529586116673,0.03290075397735111,12.3830964293699,16.83992395397644,2.5461965018412376,9.836899927528663,0.025121744803524474,19.509889732635965,75.0,0.16981543692285406,0.5333333333333333,0.006015115992013146,1
book_to_market_lf_plus_impact+t10_size_plus_wc_mcap+book_to_market_lf_div_oper_main_profit_ttm,3,book_to_market_lf_plus_impact|t10_size_plus_wc_mcap|book_to_market_lf_div_oper_main_profit_ttm,120,2021-09-07,2026-08-10,3831.15,0.10416108277487318,0.06215315123042939,20.44473701157552,16.87553517375817,2.551580918272235,17.893156093303286,0.968556322996865,26.643203039560536,75.0,0.39929355330203703,0.675,0.028073822978452533,1,15,2026-01-09,2026-08-10,4511.133333333333,0.07230707577541688,0.025796021844411352,9.061155885021389,15.319751453493582,2.3163464197682297,6.744809465253159,-0.10528189297234865,20.010022908040092,62.5,0.1176444941778483,0.4666666666666667,0.0039697136990365246,1
size_only+t10_size_plus_wc_mcap+paper_composite,3,size_only|t10_size_plus_wc_mcap|paper_composite,120,2021-09-07,2026-08-10,3915.3166666666666,0.0970599634084772,0.06421087200467196,23.944148018281464,20.89919019513648,3.159957557504636,20.784190460776827,1.0462553759033881,27.942335721947487,73.33333333333333,0.3737393713568829,0.6916666666666667,0.02509029804817604,1,15,2026-01-09,2026-08-10,4604.6,0.06370970682833228,0.020910289254570717,10.909679867823098,19.23172980163143,2.907837546006672,8.001842321816424,-0.054825676853834826,20.395061067938457,50.0,0.09171468296680163,0.5333333333333333,0.003116328300623132,1
t10_size_plus_impact_dd120+reversal_turn_paper+reversal_chip_eq,3,t10_size_plus_impact_dd120|reversal_turn_paper|reversal_chip_eq,120,2021-09-07,2026-08-10,3915.3166666666666,0.11116259831500934,0.06759844152049978,20.984152649867216,40.52509916034347,6.127394993043932,14.856757656823284,0.8598370855443279,25.63272587418379,71.66666666666667,0.40902829173816696,0.6333333333333333,0.02879681020617739,1,15,2026-01-09,2026-08-10,4604.6,0.07229040634037111,0.021659954129935644,10.458878674606432,40.39366474595456,6.107522109588329,4.351356565018102,-0.21318941537081312,20.03973572329719,62.5,0.08519749018494774,0.4666666666666667,0.0028741818861698376,1
t10_size_plus_impact_dd120+book_to_market_lf_div_oper_main_profit_ttm+reversal_turn_paper,3,t10_size_plus_impact_dd120|book_to_market_lf_div_oper_main_profit_ttm|reversal_turn_paper,120,2021-09-07,2026-08-10,3827.425,0.11243711793642927,0.06703058180393238,21.905824361772485,27.4984823917798,4.157770537637106,17.74805382413538,0.9435587236110261,27.15100566661328,80.0,0.4297720982027396,0.6916666666666667,0.0334229491298906,1,15,2026-01-09,2026-08-10,4507.933333333333,0.07318796938497325,0.025564673205168833,11.079135345788638,26.828160558809934,4.056417876492062,7.022717469296576,-0.09097221719884119,19.50145183079277,62.5,0.11166004807368965,0.4666666666666667,0.003813680350639525,1
t10_size_plus_impact_dd120+book_to_market_lf_plus_impact+reversal_chip_turn_paper,3,t10_size_plus_impact_dd120|book_to_market_lf_plus_impact|reversal_chip_turn_paper,120,2021-09-07,2026-08-10,3915.3166666666666,0.11817621481150828,0.07224835770498861,23.026206740590062,29.029268409171465,4.389225383466725,18.636981357123336,0.9980596441948172,23.46985747153072,75.0,0.4177224079830883,0.6916666666666667,0.03414402333702805,1,15,2026-01-09,2026-08-10,4604.6,0.07847540488656876,0.0231868593630236,11.794035081316023,27.735666345387983,4.193632751422663,7.6004023298933605,-0.08748533739532245,19.657785449226328,62.5,0.08721608721866352,0.4666666666666667,0.00319401495331656,1
t10_size_plus_impact_dd120+reversal_chip_turn_size_eq+reversal_turn_paper_nomcap,3,t10_size_plus_impact_dd120|reversal_chip_turn_size_eq|reversal_turn_paper_nomcap,120,2021-09-07,2026-08-10,3915.3166666666666,0.11296049644700928,0.06813747939201838,21.052467040722632,38.26300942341106,5.785367024819752,15.267100015902882,0.8907308974755275,25.26494197578939,75.0,0.4201746894502757,0.6583333333333333,0.03124656816389097,1,15,2026-01-09,2026-08-10,4604.6,0.07286591964814161,0.022283369039739154,9.77306315536749,37.417674214836374,5.657552341283259,4.11551081408423,-0.23640602835717392,20.191472664089925,62.5,0.08780871817826909,0.4666666666666667,0.0029858560681525646,1
size_only+t10_size_plus_impact_dd120+reversal_chip_turn_size_eq,3,size_only|t10_size_plus_impact_dd120|reversal_chip_turn_size_eq,120,2021-09-07,2026-08-10,3923.15,0.10444186892048049,0.07070305742754825,25.001566690736365,29.169347686819435,4.410405370247099,20.591161320489267,0.991358679707765,27.624158285084643,81.66666666666667,0.40512132357038505,0.7083333333333334,0.029970736622704386,1,15,2026-01-09,2026-08-10,4613.8,0.061472061975190374,0.022425037858795287,11.204393620330322,27.61301215684327,4.175087438114702,7.0293061822156195,-0.08332777646394718,20.380618471454227,62.5,0.1003346043674403,0.4666666666666667,0.002878295008368032,1
t10_size_plus_impact_dd120+book_to_market_lf_minus_size+reversal_chip_turn_eq,3,t10_size_plus_impact_dd120|book_to_market_lf_minus_size|reversal_chip_turn_eq,120,2021-09-07,2026-08-10,3919.575,0.11686103647266184,0.07226070393402836,23.767642375278953,32.09408749145541,4.852626028708059,18.915016346570894,0.9819086611199156,25.11232323500947,78.33333333333333,0.4197182805802072,0.6916666666666667,0.03392536002912917,1,15,2026-01-09,2026-08-10,4609.8,0.07455812493768521,0.021334651592127694,11.893789007906975,30.91528327149753,4.6743908306504265,7.219398177256547,-0.0967020106670242,19.989907398106432,62.5,0.08195070554666677,0.4666666666666667,0.0028513757733439225,1
t10_size_plus_impact_dd120+impact60+reversal_turn_eq,3,t10_size_plus_impact_dd120|impact60|reversal_turn_eq,120,2021-09-07,2026-08-10,3923.15,0.1138403705442021,0.07378764153155463,25.201178283525106,32.33681425195993,4.8893263148963415,20.311851968628762,1.0204095688732937,25.12724908093996,81.66666666666667,0.4609211135265997,0.6916666666666667,0.03629273932923076,1,15,2026-01-09,2026-08-10,4613.8,0.07627337645492954,0.03329199968617988,11.202014849075326,31.135461332039505,4.707681753404374,6.494333095670952,-0.11621190698680052,19.23268488291734,62.5,0.14625414138583245,0.4666666666666667,0.005205805352539909,1
t10_size_plus_impact_dd120+reversal_turn_paper_nomcap+reversal40,3,t10_size_plus_impact_dd120|reversal_turn_paper_nomcap|reversal40,120,2021-09-07,2026-08-10,3915.3166666666666,0.10844977708299369,0.06424568215619893,19.82228292655128,46.94048478113872,7.097401298908173,12.724881627643109,0.8068008229515462,26.196459273347784,68.33333333333333,0.4034062515041402,0.6,0.026249590829706054,1,15,2026-01-09,2026-08-10,4604.6,0.07875876932165513,0.027673110247614117,10.100614256943242,47.45695075890794,7.17549095474688,2.9251233021963614,-0.27809673833332793,19.66378357948999,50.0,0.11039313533639727,0.4666666666666667,0.004057399490971665,1
t10_size_plus_impact_dd120+reversal_chip_eq+reversal40,3,t10_size_plus_impact_dd120|reversal_chip_eq|reversal40,120,2021-09-07,2026-08-10,3923.15,0.10139678746908312,0.06229800080128052,17.26863639214722,45.43663864480037,6.870019763093815,10.398616629053404,0.711217375257811,28.32973233792395,68.33333333333333,0.38490685757461945,0.625,0.024392699270553958,1,15,2026-01-09,2026-08-10,4613.8,0.0687426984568529,0.022334683547288386,6.480706668785752,46.01713255784933,6.95779044274682,-0.4770837739610678,-0.4094414187485781,20.90284839144584,50.0,0.09329858830462455,0.4666666666666667,0.0029930118037282713,1
t10_size_plus_impact_dd120+impact60+reversal40,3,t10_size_plus_impact_dd120|impact60|reversal40,120,2021-09-07,2026-08-10,3923.15,0.11392768674959473,0.07483247638361117,25.026020879159528,37.75040857020066,5.70786177581434,19.318159103345188,0.9642212029690415,27.179881244923955,85.0,0.4511905883970806,0.7,0.035982170013487545,1,15,2026-01-09,2026-08-10,4613.8,0.08052211276228122,0.0352964174622241,14.046126964707273,38.38646619009769,5.804033687942771,8.242093276764502,-0.03451729767636329,19.630246491812198,75.0,0.15081141751338883,0.4666666666666667,0.005667038517864532,1
t10_size_plus_impact_dd120+book_to_market_lf_minus_size+impact60,3,t10_size_plus_impact_dd120|book_to_market_lf_minus_size|impact60,120,2021-09-07,2026-08-10,3919.575,0.10318823563239242,0.07040887598316488,27.65591064506232,20.663618356506316,3.1243390955037547,24.531571549558564,1.131584295270321,26.257768224845524,78.33333333333333,0.4063153097635995,0.7083333333333334,0.029698263280162163,1,15,2026-01-09,2026-08-10,4609.8,0.07342557994506406,0.030723195519798074,14.345673929816993,19.568653089209885,2.9587803470885348,11.386893582728458,0.08172852371142642,19.645159353342656,62.5,0.13502021931291985,0.5333333333333333,0.0052874335505924686,1
size_only+t10_size_plus_impact_dd120+book_to_market_lf_plus_impact,3,size_only|t10_size_plus_impact_dd120|book_to_market_lf_plus_impact,120,2021-09-07,2026-08-10,3919.575,0.09858227803452344,0.06831165622847118,27.49320642486377,20.779785714051787,3.14190359996463,24.35130282489914,1.116530687356632,27.27250780778868,76.66666666666667,0.38298676482409727,0.7,0.026428995413402254,1,15,2026-01-09,2026-08-10,4609.8,0.06892617048883531,0.027632658757443525,12.818291635215207,19.644075435396527,2.9701842058319547,9.848107429383251,0.02414501845976441,20.261357057118246,50.0,0.12205309670862438,0.5333333333333333,0.004486748027962105,1
t10_size_plus_impact_dd120+impact_abs_return60+book_to_market_lf_div_oper_main_profit_ttm,3,t10_size_plus_impact_dd120|impact_abs_return60|book_to_market_lf_div_oper_main_profit_ttm,120,2021-09-07,2026-08-10,3831.15,0.09319572067883604,0.0628343064346847,22.780814787773895,17.487041239375696,2.6440406353936052,20.13677415238029,1.0004181552779479,28.19282691346445,78.33333333333333,0.3934881732102747,0.6916666666666667,0.02536439460097673,1,15,2026-01-09,2026-08-10,4511.133333333333,0.06306794759818064,0.02892182001935261,10.623500366812777,16.905994907460773,2.556186430008069,8.067313936804709,-0.0378067699817786,21.21108105620858,62.5,0.1503486366098785,0.5333333333333333,0.0050571626320905175,1
reversal_chip_turn_paper+reversal_turn_paper+reversal_chip_eq,3,reversal_chip_turn_paper|reversal_turn_paper|reversal_chip_eq,120,2021-09-07,2026-08-10,3915.3166666666666,0.11003108982397311,0.06358288628936025,18.563031433215915,41.06341165808416,6.208787842702326,12.354243590513589,0.8126323659907725,24.9722076405939,68.33333333333333,0.392562874620536,0.6333333333333333,0.02735627658198855,1,15,2026-01-09,2026-08-10,4604.6,0.07461934062526163,0.02056296477738128,9.23877813395082,41.505935488600784,6.27569744587644,2.9630806880743807,-0.2912436413990674,20.21732563305376,62.5,0.07849222874065022,0.5333333333333333,0.0031237537881784157,1
reversal_chip_turn_paper+book_to_market_lf_div_oper_main_profit_ttm+reversal_turn_paper,3,reversal_chip_turn_paper|book_to_market_lf_div_oper_main_profit_ttm|reversal_turn_paper,120,2021-09-07,2026-08-10,3827.425,0.1118430099143543,0.06319326910319994,19.468876258852475,29.116643765287964,4.40243653731154,15.066439721540933,0.8903235715366933,26.46000767033192,75.0,0.4162216673142834,0.675,0.031422251743200326,1,15,2026-01-09,2026-08-10,4507.933333333333,0.07537993578833665,0.023681317107929836,9.979855169944585,28.067646656821154,4.243828174511358,5.736026995433226,-0.1583233799276244,19.429562249378517,50.0,0.09882917258450895,0.4666666666666667,0.003476543785602872,1
book_to_market_lf_minus_size+reversal_chip_turn_size_eq+reversal_turn_paper,3,book_to_market_lf_minus_size|reversal_chip_turn_size_eq|reversal_turn_paper,120,2021-09-07,2026-08-10,3915.3166666666666,0.11808517630512079,0.07099302279923242,23.214401830201005,31.923773310724645,4.826874524581566,18.38752730561944,0.9935242752650869,24.96921057608581,80.0,0.4170259555211105,0.6833333333333333,0.033650465379039894,1,15,2026-01-09,2026-08-10,4604.6,0.08085682634652781,0.025200819892678847,11.516829387979966,29.875704480850228,4.517206517504555,6.999622870475411,-0.11102882076413638,20.30117114696055,62.5,0.09630433618310524,0.4666666666666667,0.0036338693940149887,1
reversal_turn_paper+reversal_chip_turn_eq+reversal40,3,reversal_turn_paper|reversal_chip_turn_eq|reversal40,120,2021-09-07,2026-08-10,3915.3166666666666,0.10601534171814467,0.061317176463515,17.472672546491363,48.288460635658694,7.3012152481115935,10.171457298379769,0.7366362135547277,26.496117429500288,68.33333333333333,0.39103086199864706,0.5916666666666667,0.024527701687133616,1,15,2026-01-09,2026-08-10,4604.6,0.07812137962917297,0.027539455730597014,7.188771388633908,48.42524617028197,7.321897220946634,-0.1331258323127263,-0.4189894299805376,20.444858497938935,50.0,0.11209625777713056,0.4666666666666667,0.004086653344114529,1
reversal_turn_paper+reversal_turn_eq+reversal_turn_paper_nomcap,3,reversal_turn_paper|reversal_turn_eq|reversal_turn_paper_nomcap,120,2021-09-07,2026-08-10,3915.3166666666666,0.10655669089864186,0.05834169315134993,14.59127001010938,42.230352419029366,6.385229285757239,8.20604072435214,0.7303468495155887,24.977894611015973,65.0,0.3864928863658114,0.5916666666666667,0.024366846790978364,1,15,2026-01-09,2026-08-10,4604.6,0.08008332185987733,0.02789512599081303,5.067732859015772,41.6467108058586,6.296982673845821,-1.2292498148300481,-0.5371866121481381,20.051014420231127,50.0,0.11161000247787439,0.5333333333333333,0.004766986533982572,1
size_only+reversal_turn_paper+reversal_turn_eq,3,size_only|reversal_turn_paper|reversal_turn_eq,120,2021-09-07,2026-08-10,3915.3166666666666,0.11447083490009777,0.07132204212209313,23.348234016369762,36.105593868639225,5.459165792938251,17.88906822343151,0.9603374337347402,25.856983091882356,78.33333333333333,0.4428527458146099,0.6833333333333333,0.03464071109331943,1,15,2026-01-09,2026-08-10,4604.6,0.07730231686465844,0.030637245078715836,11.738170680636827,35.27497756679552,5.333576608099483,6.404594072537345,-0.12185373632994387,19.917601695270115,62.5,0.13121192105341806,0.4666666666666667,0.004733393232256206,1
reversal_turn_paper+paper_composite+reversal_turn_paper_nomcap,3,reversal_turn_paper|paper_composite|reversal_turn_paper_nomcap,120,2021-09-07,2026-08-10,3915.3166666666666,0.10623129779713046,0.057505791723471415,15.78640178388615,30.91782053570485,4.674774464998573,11.111627318887576,0.8497337717595506,20.88224354792785,68.33333333333333,0.36830549349264446,0.6083333333333333,0.023801388757051192,1,15,2026-01-09,2026-08-10,4604.6,0.07817298956096612,0.021417063146170742,8.652721359916537,29.29872547222035,4.429967291399716,4.222754068516821,-0.284881986992365,19.584581716331538,50.0,0.08036354391858525,0.4666666666666667,0.0029317206239205767,1
reversal_turn_paper+paper_composite+reversal_chip_eq,3,reversal_turn_paper|paper_composite|reversal_chip_eq,120,2021-09-07,2026-08-10,3915.3166666666666,0.11187474497705467,0.06379092066635837,18.346597635507145,35.2256865227574,5.326123802240919,13.020473833266227,0.8534791139787309,22.710346546079897,71.66666666666667,0.38633520590716325,0.6666666666666666,0.028814101757681194,1,15,2026-01-09,2026-08-10,4604.6,0.07778536478331609,0.019336165111545647,11.449430920858516,34.78873724040648,5.26005707074946,6.189373850109056,-0.1584585459209474,19.800922557539312,62.5,0.07086632707487414,0.5333333333333333,0.0029399269879321994,1
size_only+reversal_turn_paper+reversal40,3,size_only|reversal_turn_paper|reversal40,120,2021-09-07,2026-08-10,3915.3166666666666,0.113349616067539,0.07169284254456051,25.196805839221348,42.696740223772004,6.455747121834326,18.74105871738702,0.9513576467582512,27.415492876880098,80.0,0.4293969003212794,0.6916666666666667,0.03366478187280576,1,15,2026-01-09,2026-08-10,4604.6,0.08091597581324397,0.032184195931029044,12.749456797420322,41.91715938674371,6.337874499275649,6.4115822981446735,-0.10823150216753906,20.58623872968296,62.5,0.13487492033622553,0.4666666666666667,0.005092983369478309,1
book_to_market_lf_minus_size+book_to_market_lf_plus_impact+reversal_turn_paper,3,book_to_market_lf_minus_size|book_to_market_lf_plus_impact|reversal_turn_paper,120,2021-09-07,2026-08-10,3915.3166666666666,0.10432880085197599,0.06274982990801357,22.006102359381252,20.602948253627133,3.1151657759484226,18.89093658343283,1.0470305860571072,23.254351714395238,71.66666666666667,0.3667257943145428,0.6666666666666666,0.02550670824154976,1,15,2026-01-09,2026-08-10,4604.6,0.08209870186849502,0.02799113394115112,11.156784368289951,18.62217702822786,2.8156731666680526,8.3411112016219,-0.06860195712850088,19.60723019008379,50.0,0.10835921464267893,0.4666666666666667,0.004151537066904994,1
book_to_market_lf_minus_size+book_to_market_lf_div_oper_main_profit_ttm+reversal_turn_paper,3,book_to_market_lf_minus_size|book_to_market_lf_div_oper_main_profit_ttm|reversal_turn_paper,120,2021-09-07,2026-08-10,3827.425,0.1028957349466861,0.06011917348413731,19.527462138690055,19.524168458534284,2.9520542709303834,16.575407867759672,0.9353812781380203,26.9697242315578,75.0,0.379430040124065,0.675,0.026353169666605978,1,15,2026-01-09,2026-08-10,4507.933333333333,0.07618065290171858,0.02746498090031554,9.770613124101057,18.322543914038267,2.770368639802586,7.000244484298471,-0.09679276611206854,19.75961848080997,62.5,0.12007747924925595,0.4666666666666667,0.004268871025067078,1
reversal_chip_turn_size_eq+reversal_chip_turn_paper+reversal_turn_eq,3,reversal_chip_turn_size_eq|reversal_chip_turn_paper|reversal_turn_eq,120,2021-09-07,2026-08-10,3915.3166666666666,0.10961251589266051,0.06482330100123286,18.97522539803076,40.91380923299492,6.186167956028832,12.789057442001928,0.8189977754103155,25.93913604087652,70.0,0.4121720327408779,0.6,0.027107528093591796,1,15,2026-01-09,2026-08-10,4604.6,0.0724810562667561,0.02328658274456353,6.375083883868127,39.41162391760827,5.95903753634237,0.41604634752575653,-0.39668513504118913,20.782175868542218,37.5,0.09496823631918072,0.4666666666666667,0.00321225243742906,1
reversal_chip_turn_size_eq+reversal_chip_turn_paper+paper_composite,3,reversal_chip_turn_size_eq|reversal_chip_turn_paper|paper_composite,120,2021-09-07,2026-08-10,3915.3166666666666,0.11333613459757498,0.06662261698755119,21.13995611058823,30.66158307196772,4.636031360481519,16.503924750106712,0.9501616623585294,23.295656631212267,73.33333333333333,0.39723016485134455,0.6833333333333333,0.030764029810369405,1,15,2026-01-09,2026-08-10,4604.6,0.07309768074734489,0.017356540300005444,10.736999578506534,28.932968964407635,4.374664907418435,6.3623346710880995,-0.14919977740968235,20.146664338392018,50.0,0.06481733097519624,0.4666666666666667,0.0022110650643759455,1
book_to_market_lf_plus_impact+reversal_chip_turn_paper+reversal_chip_turn_eq,3,book_to_market_lf_plus_impact|reversal_chip_turn_paper|reversal_chip_turn_eq,120,2021-09-07,2026-08-10,3915.3166666666666,0.11825619103569883,0.06887581438319876,19.97777154928695,32.02566322707888,4.842280279934327,15.135491269352622,0.9204669631323223,22.412486869057112,71.66666666666667,0.4077667335228285,0.6833333333333333,0.03295097617061031,1,15,2026-01-09,2026-08-10,4604.6,0.08000998255095661,0.021695765335502083,10.501009411571705,30.565106984882835,4.621444176114284,5.87956523545742,-0.17622031250921227,19.931519614202042,62.5,0.07923919336428945,0.5333333333333333,0.0033812941218286266,1
reversal_chip_turn_paper+reversal_turn_eq+reversal40,3,reversal_chip_turn_paper|reversal_turn_eq|reversal40,120,2021-09-07,2026-08-10,3915.3166666666666,0.10419987666146459,0.06023051650355645,16.49026377124634,49.00107420634488,7.408962419999346,9.081301351246992,0.7051638919435224,27.194691061235165,68.33333333333333,0.3883248099427291,0.5833333333333334,0.023603648425361112,1,15,2026-01-09,2026-08-10,4604.6,0.07734448900404936,0.028247444701382702,5.295476138300903,48.961031730826235,7.402907997700926,-2.107431859400023,-0.502731339504541,21.171089914844455,50.0,0.11747952570996413,0.4666666666666667,0.0042403171460884525,1
reversal_chip_turn_paper+reversal_chip_eq+reversal_turn_paper_nomcap,3,reversal_chip_turn_paper|reversal_chip_eq|reversal_turn_paper_nomcap,120,2021-09-07,2026-08-10,3915.3166666666666,0.10632976126133024,0.05955776401839032,15.791051219479746,41.231237743730496,6.234163146852051,9.556888072627695,0.7444345798123934,24.76398258326108,65.0,0.37325839674356454,0.6083333333333333,0.02414382303050581,1,15,2026-01-09,2026-08-10,4604.6,0.07363411443892624,0.01899067824569616,6.625131009946172,41.65080930391165,6.297602366751441,0.32752864319473135,-0.42984115179832044,20.33058833632595,50.0,0.07150378097617285,0.5333333333333333,0.0028080627153148955,1
reversal_chip_turn_paper+book_to_market_lf_div_oper_main_profit_ttm+reversal_turn_paper_nomcap,3,reversal_chip_turn_paper|book_to_market_lf_div_oper_main_profit_ttm|reversal_turn_paper_nomcap,120,2021-09-07,2026-08-10,3827.425,0.10885985396140682,0.059472765118709886,17.60865730545973,30.231036769798038,4.570932759593463,13.037724545866267,0.8485854288388681,25.193660403855123,71.66666666666667,0.4019383212498219,0.675,0.029534589193105323,1,15,2026-01-09,2026-08-10,4507.933333333333,0.07466703998951435,0.021659305272276587,8.940428642048204,28.995872864492217,4.384175977111224,4.55625266493698,-0.2199659660085708,19.05106270955188,50.0,0.08816029877030726,0.4666666666666667,0.003071911991759364,1
reversal_chip_turn_paper+book_to_market_lf_div_oper_main_profit_ttm+reversal_chip_eq,3,reversal_chip_turn_paper|book_to_market_lf_div_oper_main_profit_ttm|reversal_chip_eq,120,2021-09-07,2026-08-10,3827.425,0.10570269349691087,0.06095582416711824,20.294062174627214,32.35819441692618,4.892558995839238,15.401503178787976,0.8707796935930997,26.258955179011924,75.0,0.3946089612216157,0.65,0.027112299551442842,1,15,2026-01-09,2026-08-10,4507.933333333333,0.0675600139211004,0.017443972707591474,10.173693694196118,31.49295484681071,4.761734772837779,5.411958921358338,-0.16613915909565619,19.22045825823502,50.0,0.07258465129424903,0.4666666666666667,0.0022884493575522523,1
impact60+book_to_market_lf_plus_impact+reversal_chip_turn_paper,3,impact60|book_to_market_lf_plus_impact|reversal_chip_turn_paper,120,2021-09-07,2026-08-10,3915.3166666666666,0.10888136320490038,0.06956909978850166,24.915771094598483,20.143217146430995,3.045654432540366,21.870116662058116,1.1165423511353234,22.707242282153928,73.33333333333333,0.4127451034005109,0.6833333333333333,0.030709170501503385,1,15,2026-01-09,2026-08-10,4604.6,0.07968338367071996,0.030871944863533746,11.83908997563462,18.07238558705988,2.732544700763454,9.106545274871166,-0.026692386168884096,19.281739420240218,62.5,0.12764451945606298,0.5333333333333333,0.005424611849217144,1
book_to_market_lf_plus_impact+reversal_chip_turn_paper+paper_composite,3,book_to_market_lf_plus_impact|reversal_chip_turn_paper|paper_composite,120,2021-09-07,2026-08-10,3915.3166666666666,0.10272261343666038,0.06008012795560278,20.59271737846413,20.476690800537718,3.096075649041303,17.49664172942283,1.0237715518222419,21.794461790715623,71.66666666666667,0.3508467008396614,0.65,0.023425928516822108,1,15,2026-01-09,2026-08-10,4604.6,0.07575635330677014,0.019870157293204457,8.969424241558333,18.300592516349923,2.767049588472108,6.202374653086225,-0.17396525231000046,20.016991157786602,50.0,0.07430704957507402,0.4666666666666667,0.0026269745137033956,1
size_only+impact_abs_return60+reversal_chip_turn_paper,3,size_only|impact_abs_return60|reversal_chip_turn_paper,120,2021-09-07,2026-08-10,3915.3166666666666,0.09590912078326258,0.0678496817770544,28.939584969234964,21.623691304834256,3.269502125290939,25.670082843944027,1.1370502866816,27.920962909393854,76.66666666666667,0.3856401117634606,0.6833333333333333,0.025274042772961622,1,15,2026-01-09,2026-08-10,4604.6,0.06410764043213728,0.027789219642221297,13.575703264677518,20.057085993657065,3.0326314022409484,10.54307186243657,0.05323381362792792,20.159030426663872,62.5,0.13132468135534744,0.5333333333333333,0.004490088241169929,1
reversal_chip_turn_size_eq+reversal_chip_turn_eq+reversal40,3,reversal_chip_turn_size_eq|reversal_chip_turn_eq|reversal40,120,2021-09-07,2026-08-10,3923.15,0.10373462774933004,0.06210956510072007,17.665902151819957,45.92367299582412,6.943659356968608,10.722242794851349,0.7342683106217048,27.285639428126007,68.33333333333333,0.3920582226200589,0.6,0.024402008267733467,1,15,2026-01-09,2026-08-10,4613.8,0.07139097579015409,0.024045400785950268,6.337346178482706,45.68731281625414,6.907921697817626,-0.5705755193349205,-0.42882549307738976,20.645348513433948,50.0,0.10079449407514932,0.4666666666666667,0.0033580480669399134,1
reversal_chip_turn_size_eq+reversal_turn_eq+reversal_turn_paper_nomcap,3,reversal_chip_turn_size_eq|reversal_turn_eq|reversal_turn_paper_nomcap,120,2021-09-07,2026-08-10,3915.3166666666666,0.10791870976158228,0.06162919629944404,17.462862394042734,43.322307137305884,6.550332839160651,10.912529554882083,0.7823127097178165,25.873510508917818,63.33333333333333,0.4024944318949318,0.6,0.02606200786579325,1,15,2026-01-09,2026-08-10,4604.6,0.0759649536866061,0.02561709611761235,7.057824848128902,42.706808555601526,6.457269453606951,0.6005553945219511,-0.4006902622122486,20.233354132559022,37.5,0.10368479948382309,0.4666666666666667,0.003675658462370375,1
size_only+reversal_chip_turn_size_eq+reversal_turn_eq,3,size_only|reversal_chip_turn_size_eq|reversal_turn_eq,120,2021-09-07,2026-08-10,3923.15,0.1103648618244379,0.0712802257488364,24.070817650643207,34.45445013789531,5.20951286084977,18.861304789793436,0.9602096921060217,27.24321181864916,76.66666666666667,0.4319089784048236,0.6916666666666667,0.03297007251631456,1,15,2026-01-09,2026-08-10,4613.8,0.06956398669188092,0.027048257936837336,8.67986521731704,32.662350359125206,4.938547374299731,3.741317843017309,-0.225638739224777,20.96776308065339,50.0,0.11977981611310638,0.4666666666666667,0.003888435382555769,1
reversal_chip_turn_size_eq+paper_composite+reversal_turn_paper_nomcap,3,reversal_chip_turn_size_eq|paper_composite|reversal_turn_paper_nomcap,120,2021-09-07,2026-08-10,3915.3166666666666,0.11214125061791161,0.063392675967104,19.10602070892122,31.353021349513284,4.740576828046408,14.365443880874814,0.9168257957537118,21.871616831810737,71.66666666666667,0.3917125366032328,0.6583333333333333,0.028918696377122327,1,15,2026-01-09,2026-08-10,4604.6,0.07659760949555243,0.01932778249692661,11.794123686874524,30.210078702487188,4.567763899816063,7.2263597870584615,-0.1270245898022804,19.341742048651856,62.5,0.07167365324787445,0.5333333333333333,0.0029280162680535037,1
reversal_chip_turn_size_eq+paper_composite+reversal_chip_eq,3,reversal_chip_turn_size_eq|paper_composite|reversal_chip_eq,120,2021-09-07,2026-08-10,3915.3166666666666,0.11239094600436413,0.06693759890582439,21.181584785621954,35.44996788289892,5.360035143894317,15.82154964172764,0.8988602058479017,24.805065078224832,78.33333333333333,0.3927118763939042,0.675,0.02979265002416537,1,15,2026-01-09,2026-08-10,4604.6,0.07260363624401321,0.016424039729983367,12.453414800468622,35.06633551484502,5.302029929844567,7.151384870624053,-0.10654442583408187,19.617634888406666,62.5,0.06078394736726906,0.4666666666666667,0.002059463281926609,1
size_only+reversal_chip_turn_size_eq+reversal40,3,size_only|reversal_chip_turn_size_eq|reversal40,120,2021-09-07,2026-08-10,3923.15,0.10867691027699523,0.07121079482651492,25.285533343596466,40.33151255550061,6.0981246983916915,19.187408645204776,0.9382947398120972,28.5901068107568,78.33333333333333,0.41830755328564423,0.6916666666666667,0.03144342426865757,1,15,2026-01-09,2026-08-10,4613.8,0.07237648429380447,0.028123547282679864,13.629122330006693,39.462480401381846,5.966727036688935,7.662395293317759,-0.059207642959596705,20.059618185378948,75.0,0.12195367067274679,0.4666666666666667,0.004119069700675002,1
book_to_market_lf_minus_size+reversal_chip_turn_size_eq+book_to_market_lf_plus_impact,3,book_to_market_lf_minus_size|reversal_chip_turn_size_eq|book_to_market_lf_plus_impact,120,2021-09-07,2026-08-10,3919.575,0.10676673313817536,0.06632970957914781,23.00986166230061,20.45250975126203,3.092419474390819,19.917442187909792,1.0421151653862837,25.251507228426618,75.0,0.378253825836974,0.675,0.027259824565100295,1,15,2026-01-09,2026-08-10,4609.8,0.0790507054964889,0.025729644492406008,11.574804213765233,18.602203112492578,2.812653110608878,8.762151103156354,-0.03878980347746446,19.887374667918035,50.0,0.1008278169802144,0.4666666666666667,0.0037195713641131785,1
book_to_market_lf_minus_size+reversal_chip_turn_size_eq+book_to_market_lf_div_oper_main_profit_ttm,3,book_to_market_lf_minus_size|reversal_chip_turn_size_eq|book_to_market_lf_div_oper_main_profit_ttm,120,2021-09-07,2026-08-10,3831.15,0.10327298662267509,0.062459361702040944,20.681180259389098,18.98497241996754,2.870527829899092,17.810652429490005,0.9464044029814331,28.033641224367003,75.0,0.3813137407159246,0.6916666666666667,0.02723742445043187,1,15,2026-01-09,2026-08-10,4511.133333333333,0.07045943973885939,0.024242963459018475,9.21547732845488,17.772808975404864,2.687248717081215,6.528228611373664,-0.11160258978689706,20.261034238875265,62.5,0.10848438666866181,0.4666666666666667,0.0035670829157075923,1
reversal_chip_turn_eq+reversal_chip_eq+reversal_turn_eq,3,reversal_chip_turn_eq|reversal_chip_eq|reversal_turn_eq,120,2021-09-07,2026-08-10,3923.15,0.09914819277761287,0.057219986839206594,13.726792283633227,43.2325927297387,6.53676802073649,7.190024262896737,0.6483523432780266,28.440993661227477,60.0,0.36996541861298643,0.575,0.021091806521272106,1,15,2026-01-09,2026-08-10,4613.8,0.0671541241332049,0.020748643479856707,2.013979231447105,42.598161137169214,6.4408419639399845,-4.4268627324928795,-0.6146939696502832,21.753882029730676,37.5,0.08701625090572378,0.4666666666666667,0.0027269667203002365,1
book_to_market_lf_div_oper_main_profit_ttm+reversal_chip_turn_eq+reversal_turn_eq,3,book_to_market_lf_div_oper_main_profit_ttm|reversal_chip_turn_eq|reversal_turn_eq,120,2021-09-07,2026-08-10,3831.15,0.1029444110068369,0.05873785451583507,18.569154733184522,35.102661683990696,5.307522446619393,13.261632286565131,0.8263185375079328,24.952417326677246,76.66666666666667,0.41544727176377444,0.6,0.02566078481767144,1,15,2026-01-09,2026-08-10,4511.133333333333,0.07017457064744063,0.02476452090964618,6.263658846945885,32.083391810864,4.851008841802637,1.4126500051432482,-0.33330619196363903,20.363356783169785,50.0,0.11321048275272622,0.4666666666666667,0.0037074319426489547,1
size_only+reversal_chip_turn_eq+reversal_turn_paper_nomcap,3,size_only|reversal_chip_turn_eq|reversal_turn_paper_nomcap,120,2021-09-07,2026-08-10,3915.3166666666666,0.11585190933972124,0.0704213843364679,22.96981341193547,35.78955949678739,5.411381395914254,17.558432016021214,0.9535451194619441,24.30326335103059,80.0,0.4300426281476082,0.6666666666666666,0.033214173045581434,1,15,2026-01-09,2026-08-10,4604.6,0.07405962848734517,0.02346095397058705,9.920963996692777,34.409550719223816,5.20272406874664,4.718239927946137,-0.20198511014603202,20.55353223661016,62.5,0.09378942348492489,0.4666666666666667,0.003241471267690051,1
size_only+reversal_chip_turn_eq+reversal_chip_eq,3,size_only|reversal_chip_turn_eq|reversal_chip_eq,120,2021-09-07,2026-08-10,3923.15,0.10771579132147122,0.0685655334433517,23.497042615230292,36.764656701704276,5.558816093297685,17.938226521932606,0.913623385937402,27.224388040035308,73.33333333333333,0.4037350218120204,0.6583333333333333,0.02863001959445987,1,15,2026-01-09,2026-08-10,4613.8,0.06425065125126907,0.018390735337805796,9.314340229202077,35.77869144938843,5.4097381471475305,3.9046020820545477,-0.21713766350934077,20.83520147574124,37.5,0.07608137135462184,0.4666666666666667,0.00228119624022458,1
book_to_market_lf_div_oper_main_profit_ttm+reversal_chip_turn_eq+reversal40,3,book_to_market_lf_div_oper_main_profit_ttm|reversal_chip_turn_eq|reversal40,120,2021-09-07,2026-08-10,3831.15,0.10063166090704052,0.05807365260801146,19.567162411286667,39.24611376191686,5.934012400801829,13.633150010484835,0.8114183157663178,26.753422285050398,78.33333333333333,0.3994319273196705,0.6,0.02411729895928724,1,15,2026-01-09,2026-08-10,4511.133333333333,0.07240771926710408,0.025328863572378502,8.908351512399971,36.7602252477039,5.55814605745283,3.3502054549471403,-0.23433717371027232,20.04840316707185,62.5,0.11502010257736058,0.4666666666666667,0.003886560205497685,1
book_to_market_lf_plus_impact+impact_abs_return60+reversal_chip_turn_eq,3,book_to_market_lf_plus_impact|impact_abs_return60|reversal_chip_turn_eq,120,2021-09-07,2026-08-10,3919.575,0.10845875031137393,0.07007983729086442,24.066630379423536,22.382146977264263,3.3841806229623566,20.68244975646118,1.0670406394498366,22.95920335014845,76.66666666666667,0.414484904944421,0.6833333333333333,0.03071891845568702,1,15,2026-01-09,2026-08-10,4609.8,0.07732501108149581,0.029508016095358705,11.256832807682715,20.98464341917369,3.172878084979062,8.083954722703654,-0.06740877448778297,19.513227083954522,62.5,0.12255097802622408,0.4666666666666667,0.004422252675832099,1
impact_abs_return60+paper_composite+reversal_chip_turn_eq,3,impact_abs_return60|paper_composite|reversal_chip_turn_eq,120,2021-09-07,2026-08-10,3915.3166666666666,0.10824916200311147,0.06833850491639779,24.04922803711105,23.516794434375512,3.5557393184775776,20.493488718633472,1.0618124073850432,23.563031037357728,78.33333333333333,0.39696658955092357,0.675,0.029005627946931394,1,15,2026-01-09,2026-08-10,4604.6,0.07299945952684378,0.023555877839493873,11.095693921258832,22.423769887556695,3.390474006998572,7.705219914260258,-0.08395038641048892,19.98887296317934,50.0,0.09460141305162538,0.5333333333333333,0.0036831210790636572,1
impact60+reversal_turn_eq+reversal_turn_paper_nomcap,3,impact60|reversal_turn_eq|reversal_turn_paper_nomcap,120,2021-09-07,2026-08-10,3915.3166666666666,0.11617068257714447,0.0691370033557574,21.777841417717635,36.08221342676201,5.455630670126416,16.32221074759122,0.9609294141920648,22.98363650787162,78.33333333333333,0.44907938239496814,0.675,0.0352146544092985,1,15,2026-01-09,2026-08-10,4604.6,0.08530628285282867,0.03484418695898198,12.968564850042696,34.754806374950405,5.254926723892502,7.713638126150195,-0.08510084175685573,18.445178277021324,62.5,0.14242277649475332,0.4666666666666667,0.005669793572961758,1
impact60+reversal_chip_eq+reversal_turn_eq,3,impact60|reversal_chip_eq|reversal_turn_eq,120,2021-09-07,2026-08-10,3923.15,0.11508833496005912,0.07200722041742805,23.441701665837744,38.42671471860753,5.810119265453459,17.631582400384286,0.9380034476188789,25.368038717617157,78.33333333333333,0.44525507046664653,0.6583333333333333,0.03373541258924901,1,15,2026-01-09,2026-08-10,4613.8,0.07928179827390854,0.03125461277489293,13.013808836937002,37.8605273222815,5.724511731128963,7.289297105808039,-0.08647795226190076,18.667281349720565,62.5,0.12931679643711672,0.4666666666666667,0.0047844851453259386,1
book_to_market_lf_plus_impact+reversal_turn_eq+reversal40,3,book_to_market_lf_plus_impact|reversal_turn_eq|reversal40,120,2021-09-07,2026-08-10,3919.575,0.11712819020596964,0.06879571894421056,19.595668251466858,45.73011206854866,6.914392944764557,12.6812753067023,0.8235693319788607,24.950793484740387,73.33333333333333,0.42521860641153236,0.65,0.03237330577707675,1,15,2026-01-09,2026-08-10,4609.8,0.09233932122370134,0.03549612086115387,13.6258959960195,44.51356408065577,6.730450888995152,6.895445107024346,-0.11437943208757333,18.80804339089047,62.5,0.13709636895507427,0.5333333333333333,0.006751672347491028,1
impact60+impact_abs_return60+reversal_turn_eq,3,impact60|impact_abs_return60|reversal_turn_eq,120,2021-09-07,2026-08-10,3923.15,0.10069309207853798,0.06941757753751494,26.05677882519921,23.20609851499139,3.5087620954666976,22.548016729732513,1.1164256199699478,23.837909302248082,81.66666666666667,0.45360229624648,0.7,0.03197223244808815,1,15,2026-01-09,2026-08-10,4613.8,0.07505876681386668,0.03987088783623755,13.648974060728014,22.62793963736064,3.421344473168929,10.227629587559086,0.033270821960177534,19.067653840456657,75.0,0.1991195597223378,0.5333333333333333,0.007971023254015335,1
book_to_market_lf_plus_impact+book_to_market_lf_div_oper_main_profit_ttm+reversal_turn_eq,3,book_to_market_lf_plus_impact|book_to_market_lf_div_oper_main_profit_ttm|reversal_turn_eq,120,2021-09-07,2026-08-10,3831.15,0.1108633322089048,0.06311970379364194,20.080322046135123,22.06937440871038,3.336889410597009,16.743432635538113,0.9467538559305125,26.236858361680437,75.0,0.4196591904593257,0.6666666666666666,0.03101654416427485,1,15,2026-01-09,2026-08-10,4511.133333333333,0.08301500629823133,0.032345190440903566,10.54312959957281,20.678776307424773,3.1266309776826255,7.416498621890183,-0.08241620273290502,19.376188934478435,75.0,0.1420093464014257,0.4666666666666667,0.0055014898334303,1
size_only+paper_composite+reversal_turn_eq,3,size_only|paper_composite|reversal_turn_eq,120,2021-09-07,2026-08-10,3915.3166666666666,0.10533178673580039,0.06754464969525453,23.034607626799254,26.794170246685763,4.0512785412988865,18.983329085500365,1.00577673822524,26.89755112949028,75.0,0.39760414442842373,0.7,0.02931624846234357,1,15,2026-01-09,2026-08-10,4604.6,0.07353903989199011,0.02710594886530557,9.768438069912744,24.987127229668626,3.7780536371258964,5.990384432786847,-0.13858671502094144,20.941178636906656,50.0,0.11361763672012815,0.5333333333333333,0.004456177023570744,1
paper_composite+reversal_chip_eq+reversal_turn_paper_nomcap,3,paper_composite|reversal_chip_eq|reversal_turn_paper_nomcap,120,2021-09-07,2026-08-10,3915.3166666666666,0.10832168034216633,0.05951840630296361,15.616444496560522,35.3310445332004,5.3420539334198995,10.274390563140622,0.7888899842735909,22.50967022751866,66.66666666666666,0.3681120943882771,0.6416666666666667,0.025586150730147902,1,15,2026-01-09,2026-08-10,4604.6,0.07648872143228727,0.016993578677800734,10.210152240691773,34.857513688830224,5.27045606975113,4.939696170940643,-0.23163844948040774,19.51199339503271,50.0,0.06126935051800141,0.5333333333333333,0.002499420951524574,1
size_only+reversal_turn_paper_nomcap+reversal40,3,size_only|reversal_turn_paper_nomcap|reversal40,120,2021-09-07,2026-08-10,3915.3166666666666,0.11373607709020571,0.06994029482844132,24.391727635192705,44.93688625557241,6.7944572018425475,17.59727043335016,0.9326516941884588,26.13683700851134,76.66666666666667,0.4271103355423429,0.6666666666666666,0.03238523603284502,1,15,2026-01-09,2026-08-10,4604.6,0.08248577069713316,0.030979954361468394,12.751930199135053,43.28742364327937,6.545058454863841,6.206871744271212,-0.1263669766378173,20.182329764276908,62.5,0.12577768404773074,0.4666666666666667,0.0048416056290828706,1
book_to_market_lf_minus_size+book_to_market_lf_plus_impact+reversal_turn_paper_nomcap,3,book_to_market_lf_minus_size|book_to_market_lf_plus_impact|reversal_turn_paper_nomcap,120,2021-09-07,2026-08-10,3915.3166666666666,0.10365807932828121,0.06019566270319056,19.780860975735237,20.96611028207175,3.170075874649249,16.61078510108599,0.9971853217496764,22.342140238930263,66.66666666666666,0.35486683017364656,0.6416666666666667,0.02360358900458248,1,15,2026-01-09,2026-08-10,4604.6,0.082307479545706,0.025932538774470423,8.843643577992433,18.94141738256233,2.8639423082434243,5.979701269749008,-0.18547414692241015,20.03760860418825,50.0,0.09724358231081731,0.4666666666666667,0.0037351412755994274,1
book_to_market_lf_minus_size+book_to_market_lf_div_oper_main_profit_ttm+reversal_turn_paper_nomcap,3,book_to_market_lf_minus_size|book_to_market_lf_div_oper_main_profit_ttm|reversal_turn_paper_nomcap,120,2021-09-07,2026-08-10,3827.425,0.10307591641831039,0.05757505845912119,18.320700559236315,19.96131381354687,3.0181506486082865,15.302549910628027,0.9126114074861863,26.055447400997743,71.66666666666667,0.3733514698217806,0.6833333333333333,0.026297089013635512,1,15,2026-01-09,2026-08-10,4507.933333333333,0.07676003461409799,0.025456491038797383,9.38706580891151,18.792705285691483,2.8414570391965523,6.545608769714958,-0.1251748522408019,19.43262897272987,50.0,0.10719442367479265,0.4666666666666667,0.003839848913467172,1
book_to_market_lf_plus_impact+reversal_chip_eq+reversal40,3,book_to_market_lf_plus_impact|reversal_chip_eq|reversal40,120,2021-09-07,2026-08-10,4279.2,0.1127641556272252,0.06713002155769283,19.076333727012962,44.77956641785799,6.770670442380128,12.305663284632834,0.7839998716473837,25.918248741623117,68.33333333333333,0.4053222671137546,0.6583333333333333,0.030089666945263483,1,15,2026-01-09,2026-08-10,4818.8,0.0869012663399066,0.027859561994234762,13.057064280567744,44.801556022742545,6.773995270638672,6.283069009929071,-0.10646604003281383,18.693606355408654,62.5,0.104478158476707,0.5333333333333333,0.004842284947459885,1
impact60+impact_abs_return60+reversal_chip_eq,3,impact60|impact_abs_return60|reversal_chip_eq,120,2021-09-07,2026-08-10,4283.2,0.09743378867218637,0.06770343561378286,25.405500884133716,24.99213159932835,3.778810297818446,21.626690586315267,1.0376509722110825,27.687154358292698,80.0,0.414608966503756,0.6666666666666666,0.026931281615947038,1,15,2026-01-09,2026-08-10,4822.8,0.07225979596809186,0.03295392798098882,14.293417046720347,24.595464714512502,3.71883426483429,10.574582781886058,0.0778836274951498,18.96106121248834,75.0,0.15549992143246627,0.5333333333333333,0.005992742717740974,1
book_to_market_lf_plus_impact+book_to_market_lf_div_oper_main_profit_ttm+reversal_chip_eq,3,book_to_market_lf_plus_impact|book_to_market_lf_div_oper_main_profit_ttm|reversal_chip_eq,120,2021-09-07,2026-08-10,4184.716666666666,0.10652616362420067,0.06186509903912074,21.11108767689722,22.122579752854676,3.344934058631627,17.766153618265594,0.938234232667807,27.87684872588355,71.66666666666667,0.38844139853685067,0.6666666666666666,0.027586114652633265,1,15,2026-01-09,2026-08-10,4719.666666666667,0.07798638406883743,0.02454599548157499,11.891650208278449,21.552174992464874,3.2586888588606886,8.632961349417759,-0.0033329256779565312,18.800093403809925,75.0,0.1032342792041522,0.4666666666666667,0.003757071801972818,1
size_only+paper_composite+reversal_chip_eq,3,size_only|paper_composite|reversal_chip_eq,120,2021-09-07,2026-08-10,4273.55,0.10099681666786692,0.06533125302735529,24.655638710603323,28.079430877536854,4.2456099486835726,20.41002876191975,1.0012758861905202,28.207670896807468,71.66666666666667,0.3651997140360619,0.675,0.024896705781818858,1,15,2026-01-09,2026-08-10,4813.333333333333,0.06852200532822744,0.018545615682231557,12.788951767257572,27.297883307402444,4.127439956079249,8.661511811178324,0.0038840350109662493,20.318649772014595,50.0,0.07407249100803166,0.4666666666666667,0.002368611290979465,1
impact60+book_to_market_lf_div_oper_main_profit_ttm+reversal40,3,impact60|book_to_market_lf_div_oper_main_profit_ttm|reversal40,120,2021-09-07,2026-08-10,4427.525,0.1021867249087111,0.06323314938843677,21.876121356295197,27.25637744796994,4.121164270133055,17.754957086162143,0.9175702397762314,30.448133179527716,78.33333333333333,0.43751500795843296,0.6833333333333333,0.03055062093714864,1,15,2026-01-09,2026-08-10,4781.6,0.08568443741258511,0.040937168006952664,15.428422672696286,26.405176020351185,3.9924626142770996,11.435960058419186,0.11345837420077959,21.100468915700787,62.5,0.20368560618176054,0.5333333333333333,0.009308099506520277,1
size_only+book_to_market_lf_minus_size+reversal40,3,size_only|book_to_market_lf_minus_size|reversal40,120,2021-09-07,2026-08-10,4550.441666666667,0.10205183739393507,0.06773005526097098,23.728028575823433,33.92604363557292,5.129617797698625,18.598410778124812,0.9311311604836057,30.418966589034156,75.0,0.386713445758837,0.7,0.027625372379240412,1,15,2026-01-09,2026-08-10,4890.266666666666,0.07983999605227264,0.03243088326954662,13.91470824223795,32.06157861066416,4.84771068593242,9.06699755630553,0.028030751430566946,20.915937067642933,50.0,0.13612349008253247,0.5333333333333333,0.005796319419099182,1
book_to_market_lf_minus_size+impact60+book_to_market_lf_plus_impact,3,book_to_market_lf_minus_size|impact60|book_to_market_lf_plus_impact,120,2021-09-07,2026-08-10,4525.658333333334,0.08266556194922545,0.05539160034779571,21.21774352794825,9.27085369342979,1.4017530784465846,19.815990449501665,1.0419979848058427,27.024414682559804,71.66666666666667,0.3420633593352307,0.6666666666666666,0.01885123988112445,1,15,2026-01-09,2026-08-10,4881.133333333333,0.07304533641782487,0.0326950820800624,12.816240067883356,8.493814958012576,1.2842648216515018,11.531975246231854,0.10613913681002374,18.069267226780962,50.0,0.15222783718181604,0.4666666666666667,0.005189115670248357,1
book_to_market_lf_minus_size+impact60+book_to_market_lf_div_oper_main_profit_ttm,3,book_to_market_lf_minus_size|impact60|book_to_market_lf_div_oper_main_profit_ttm,120,2021-09-07,2026-08-10,4427.525,0.07716907327756742,0.05242126869979717,18.125614778886835,8.309917946045587,1.2564595934420928,16.86915518544474,0.9274391109487166,29.79632364939997,73.33333333333333,0.33930945782045496,0.7,0.018328937490022852,1,15,2026-01-09,2026-08-10,4781.6,0.06738854187225932,0.033829239945104846,11.43125954646914,7.795022147521364,1.1786073487052302,10.252652197763911,0.0677161657524496,20.629771345955294,62.5,0.18594380561894952,0.6,0.007518289158503896,1
book_to_market_lf_minus_size+book_to_market_lf_plus_impact+paper_composite,3,book_to_market_lf_minus_size|book_to_market_lf_plus_impact|paper_composite,120,2021-09-07,2026-08-10,4519.358333333334,0.08088486179116956,0.04973692335788573,18.4279511218721,9.070351956850548,1.3714372158758028,17.056513905996297,0.9895935810914311,25.3814669164825,70.0,0.29473857477462084,0.625,0.014899930553232188,1,15,2026-01-09,2026-08-10,4875.666666666667,0.06950638694864424,0.022214158427473474,9.318877256801962,8.897186940096935,1.3452546653426565,7.9736225914593035,-0.054836526725221164,19.43013270374666,50.0,0.09196819062759314,0.5333333333333333,0.003409267543855021,1
size_only+book_to_market_lf_plus_impact+book_to_market_lf_div_oper_main_profit_ttm,3,size_only|book_to_market_lf_plus_impact|book_to_market_lf_div_oper_main_profit_ttm,120,2021-09-07,2026-08-10,4427.525,0.0719871898329187,0.0501926230934058,17.876285123381486,8.16532108313512,1.2345965477700303,16.641688575611454,0.9135900708904582,30.43511731953966,73.33333333333333,0.3131429578811246,0.7166666666666667,0.016155301780244966,1,15,2026-01-09,2026-08-10,4781.6,0.06217549247116943,0.030530478359995575,11.209013022568382,7.710643043621662,1.1658492281955952,10.043163794372786,0.060635847782398916,20.69475895721442,62.5,0.16949534962436705,0.6,0.006323074100680838,1
impact_abs_return60+book_to_market_lf_div_oper_main_profit_ttm+paper_composite,3,impact_abs_return60|book_to_market_lf_div_oper_main_profit_ttm|paper_composite,120,2021-09-07,2026-08-10,4422.5,0.07131323373132599,0.04781602131300022,17.468142939440146,8.350045384223325,1.2625268620945664,16.20561607734558,0.9204940982828436,29.752461292322373,75.0,0.3102127209525398,0.6916666666666667,0.015301238324039028,1,15,2026-01-09,2026-08-10,4778.133333333333,0.06011686872462579,0.026896763676500533,11.876572391755458,8.367848379216086,1.265218674937472,10.611353716817986,0.07331790825755342,19.636262831290207,62.5,0.14554358277528126,0.5333333333333333,0.004666466378353755,1
