tag,members,na,nb,nc,comb,net,turnover,monthly_turnover,sharpe,dd,pool_s,seat_si
add-6th,size_only+impact60+t10_size_plus_impact_bm+book_to_market_lf_minus_size+book_to_market_lf_plus_impact+book_to_market_lf_minus_size+impact60+reversal_chip_turn_eq,0.2695895992122248,0.4328461792135205,0.9593528586982694,0.6371228689813984,23.794906255352334,0.15780306101338876,0.3156061220267775,1.131999187277995,27.129791592969397,0.025970770752811227,"[0.01024, 0.01579, 0.03726, 0.01692, 0.0154, 0.03381]"
seed(替换C),size_only+impact60+t10_size_plus_impact_bm+book_to_market_lf_minus_size+book_to_market_lf_plus_impact,0.23899486063,0.3977836310168774,1.0,0.6370232429819072,23.799617973444924,0.1430187675698701,0.2860375351397402,1.1317246776061485,27.41258584335917,0.023867017861012644,"[0.01024, 0.01579, 0.03726, 0.01692, 0.0154]"
add-6th,size_only+impact60+t10_size_plus_impact_bm+book_to_market_lf_minus_size+book_to_market_lf_plus_impact+book_to_market_lf_minus_size+impact60+reversal_turn_eq,0.2715159207562794,0.43582344407451884,0.9438767270016073,0.6315859167280607,23.685202240320365,0.15920011440370005,0.3184002288074001,1.1301240698268782,27.195527869002856,0.02614940664447113,"[0.01024, 0.01579, 0.03726, 0.01692, 0.0154, 0.03473]"
add-6th,size_only+impact60+t10_size_plus_impact_bm+book_to_market_lf_minus_size+book_to_market_lf_plus_impact+impact60+t10_nomcap_plus_impact,0.2704168138022408,0.44765739999782844,0.9343896210926643,0.6312387822513871,24.049709709463762,0.16486150546199124,0.3297230109239825,1.1349860340033615,26.898543640477957,0.026859443999869705,"[0.01024, 0.01579, 0.03726, 0.01692, 0.0154, 0.0342]"
add-6th,size_only+impact60+t10_size_plus_impact_bm+book_to_market_lf_minus_size+book_to_market_lf_plus_impact+t10_size_plus_impact_aggregate+t10_size_plus_impact_dd120+book_to_market_lf_plus_impact,0.26895472513745,0.44065523177843013,0.9356247331694323,0.6290514060761851,24.170239152295185,0.16617516962195686,0.3323503392439137,1.1383137837565367,26.823388632970012,0.026439313906705807,"[0.01024, 0.01579, 0.03726, 0.01692, 0.0154, 0.0335]"
add-6th,size_only+impact60+t10_size_plus_impact_bm+book_to_market_lf_minus_size+book_to_market_lf_plus_impact+t10_size_plus_impact_bm+book_to_market_lf_plus_impact+t10_size_plus_wc_mcap,0.27082908845588066,0.44775663183361825,0.9250054347495251,0.6271330844702288,24.01070327166027,0.1676429357851148,0.3352858715702296,1.1386372644601248,26.612935490526624,0.026865397910017092,"[0.01024, 0.01579, 0.03726, 0.01692, 0.0154, 0.0344]"
add-6th,size_only+impact60+t10_size_plus_impact_bm+book_to_market_lf_minus_size+book_to_market_lf_plus_impact+t10_size_plus_impact_aggregate+t10_size_plus_impact_fscore+impact_abs_return60,0.2683276004946977,0.44205017069408126,0.9242787134822663,0.6243085009088878,24.03463787656951,0.1650277374891138,0.3300554749782276,1.1330558374392985,27.32263324318309,0.026523010241644874,"[0.01024, 0.01579, 0.03726, 0.01692, 0.0154, 0.0332]"
add-6th,size_only+impact60+t10_size_plus_impact_bm+book_to_market_lf_minus_size+book_to_market_lf_plus_impact+t10_size_plus_impact_aggregate+book_to_market_lf_plus_impact+reversal_chip_turn_paper,0.26873526747684184,0.44511437770814577,0.9164412673508793,0.6219356560011151,23.83367821246662,0.16747958402317942,0.33495916804635884,1.1354246670507857,26.61582881874187,0.026706862662488746,"[0.01024, 0.01579, 0.03726, 0.01692, 0.0154, 0.03339]"
add-6th,size_only+impact60+t10_size_plus_impact_bm+book_to_market_lf_minus_size+book_to_market_lf_plus_impact+impact60+reversal_turn_paper,0.2728879127348804,0.4452647559986681,0.9121339556569174,0.6208805271921227,23.456476619973156,0.16363707218812376,0.3272741443762475,1.127560071403789,26.899720060601563,0.026715885359920085,"[0.01024, 0.01579, 0.03726, 0.01692, 0.0154, 0.03539]"
add-6th,size_only+impact60+t10_size_plus_impact_bm+book_to_market_lf_minus_size+book_to_market_lf_plus_impact+t10_size_plus_impact_aggregate+book_to_market_lf_plus_impact+reversal_turn_paper,0.2710898694950142,0.445058065351187,0.9110618244777408,0.6199661177869017,23.69590024805004,0.16727414169496777,0.33454828338993553,1.1344173513422902,26.64018363768007,0.02670348392107122,"[0.01024, 0.01579, 0.03726, 0.01692, 0.0154, 0.03453]"
add-6th,size_only+impact60+t10_size_plus_impact_bm+book_to_market_lf_minus_size+book_to_market_lf_plus_impact+t10_size_plus_impact_bm+t10_size_plus_impact_dd120+book_to_market_lf_plus_impact,0.26791805743310626,0.4438331227001525,0.9133493202473048,0.6199323985429618,23.938244514171263,0.1685018864319987,0.3370037728639974,1.134830518204284,26.68092561759382,0.02662998736200915,"[0.01024, 0.01579, 0.03726, 0.01692, 0.0154, 0.033]"
add-6th,size_only+impact60+t10_size_plus_impact_bm+book_to_market_lf_minus_size+book_to_market_lf_plus_impact+t10_size_plus_impact_g13+impact60+reversal_chip_turn_paper,0.27142623486421835,0.4466812333550753,0.9093367380994549,0.6198252107918748,23.89845894434029,0.1674759202079928,0.3349518404159856,1.132602637121866,27.06945768219976,0.026800874001304518,"[0.01024, 0.01579, 0.03726, 0.01692, 0.0154, 0.03469]"
add-6th,size_only+impact60+t10_size_plus_impact_bm+book_to_market_lf_minus_size+book_to_market_lf_plus_impact+t10_size_plus_impact_g13+impact60+reversal_turn_paper,0.27344778995830527,0.44670230633572944,0.907494415457119,0.6194078521648699,23.737039251768685,0.1670844431115702,0.3341688862231404,1.131514897801678,26.879536969501892,0.026802138380143767,"[0.01024, 0.01579, 0.03726, 0.01692, 0.0154, 0.03566]"
replace-SIZE,impact60+t10_size_plus_impact_bm+book_to_market_lf_minus_size+book_to_market_lf_plus_impact+t10_size_plus_impact_aggregate+t10_size_plus_wc_mcap+impact_abs_return60,0.29596739058364124,0.4796446637094599,0.8677812521631969,0.6175706738884779,23.32729897219873,0.17539917791100096,0.3507983558220019,1.131040085963808,25.644020757942876,0.028778679822567592,"[0.01579, 0.03726, 0.01692, 0.0154, 0.03303]"
add-6th,size_only+impact60+t10_size_plus_impact_bm+book_to_market_lf_minus_size+book_to_market_lf_plus_impact+t10_size_plus_impact+t10_size_plus_impact_dd120+book_to_market_lf_plus_impact,0.2694826322123019,0.4446750786824295,0.9044042662301296,0.6165147237848689,23.95630491828625,0.16937295288382115,0.3387459057676423,1.1324677097683857,26.87071658704785,0.02668050472094577,"[0.01024, 0.01579, 0.03726, 0.01692, 0.0154, 0.03375]"
add-6th,size_only+impact60+t10_size_plus_impact_bm+book_to_market_lf_minus_size+book_to_market_lf_plus_impact+t10_nomcap_plus_impact+ltmom_exhigh252_21,0.27130725786738524,0.45616347682623815,0.8939024915374393,0.616174789654508,23.15136429280701,0.16292045488081663,0.32584090976163327,1.1209401139185067,27.214741883634332,0.02736980860957429,"[0.01024, 0.01579, 0.03726, 0.01692, 0.0154, 0.03463]"
add-6th,size_only+impact60+t10_size_plus_impact_bm+book_to_market_lf_minus_size+book_to_market_lf_plus_impact+t10_size_plus_impact_bm+t10_size_plus_impact_wc+book_to_market_lf_minus_size,0.2682417776756136,0.4410652334352535,0.905708796791915,0.6155901457938231,23.61304936185889,0.16489829906523407,0.32979659813046813,1.125271558917936,27.125694155177037,0.02646391400611521,"[0.01024, 0.01579, 0.03726, 0.01692, 0.0154, 0.03316]"
add-6th,size_only+impact60+t10_size_plus_impact_bm+book_to_market_lf_minus_size+book_to_market_lf_plus_impact+t10_size_plus_impact_aggregate+t10_size_plus_wc_mcap+impact_abs_return60,0.2679829770405344,0.4403053718342264,0.9058166690919144,0.6153209766414476,23.747531044740384,0.16521748844004563,0.33043497688009127,1.1244814458881154,27.289792482223863,0.026418322310053585,"[0.01024, 0.01579, 0.03726, 0.01692, 0.0154, 0.03303]"
add-6th,size_only+impact60+t10_size_plus_impact_bm+book_to_market_lf_minus_size+book_to_market_lf_plus_impact+t10_size_plus_impact+book_to_market_lf_plus_impact+t10_size_plus_wc_mcap,0.27216391696020686,0.44864186826583385,0.8970966429705818,0.615150926621845,23.792029248202205,0.16883574351904695,0.3376714870380939,1.127718420493157,26.882355802952894,0.02691851209595003,"[0.01024, 0.01579, 0.03726, 0.01692, 0.0154, 0.03504]"
add-6th,size_only+impact60+t10_size_plus_impact_bm+book_to_market_lf_minus_size+book_to_market_lf_plus_impact+t10_size_plus_impact_fscore+t10_nomcap_plus_impact+impact_abs_return60,0.27294479701148977,0.45335099381832833,0.8900280371182894,0.6137744239419431,24.0458604810356,0.17197632621299863,0.34395265242599726,1.1335862737886255,27.179752797142843,0.0272010596290997,"[0.01024, 0.01579, 0.03726, 0.01692, 0.0154, 0.03542]"
replace-SIZE,impact60+t10_size_plus_impact_bm+book_to_market_lf_minus_size+book_to_market_lf_plus_impact+impact60+t10_nomcap_plus_impact,0.298887994697689,0.4800010710294961,0.8572660855795599,0.6135477123106634,22.69355532499811,0.17259341758542443,0.34518683517084886,1.1193290208021383,25.085527977263066,0.028800064261769762,"[0.01579, 0.03726, 0.01692, 0.0154, 0.0342]"
add-6th,size_only+impact60+t10_size_plus_impact_bm+book_to_market_lf_minus_size+book_to_market_lf_plus_impact+t10_size_plus_impact_g13+impact60+reversal_turn_paper_nomcap,0.27618144563024777,0.4498168488151723,0.8893799545989719,0.6128931657808971,23.467465837211645,0.16802060281844666,0.3360412056368933,1.1269189635479921,26.82779798921081,0.02698901092891034,"[0.01024, 0.01579, 0.03726, 0.01692, 0.0154, 0.03697]"
add-6th,size_only+impact60+t10_size_plus_impact_bm+book_to_market_lf_minus_size+book_to_market_lf_plus_impact+t10_size_plus_impact_aggregate+impact60+reversal_turn_eq,0.27835466008799914,0.4571031141564779,0.882251760510888,0.6126703142022667,23.916942538743534,0.17298034764773257,0.34596069529546514,1.1330963069244548,27.019276465447806,0.027426186849388676,"[0.01024, 0.01579, 0.03726, 0.01692, 0.0154, 0.03801]"
replace-SIZE,impact60+t10_size_plus_impact_bm+book_to_market_lf_minus_size+book_to_market_lf_plus_impact+book_to_market_lf_minus_size+impact60+reversal_turn_eq,0.3002069230425352,0.4539440339373201,0.8739538316296166,0.6122010207198965,22.566203008131417,0.16747601793944547,0.33495203587889094,1.1204294788178502,25.444059814248156,0.027236642036239204,"[0.01579, 0.03726, 0.01692, 0.0154, 0.03473]"
add-6th,size_only+impact60+t10_size_plus_impact_bm+book_to_market_lf_minus_size+book_to_market_lf_plus_impact+t10_size_plus_impact_fscore+t10_size_plus_impact_wc+book_to_market_lf_plus_impact,0.27169219628794644,0.44846790359213984,0.8907056649009248,0.6121197547202544,23.38226977312896,0.16607261330827697,0.33214522661655393,1.1219461644303774,26.94703963443622,0.02690807421552839,"[0.01024, 0.01579, 0.03726, 0.01692, 0.0154, 0.03481]"
add-6th,size_only+impact60+t10_size_plus_impact_bm+book_to_market_lf_minus_size+book_to_market_lf_plus_impact+t10_size_plus_impact_dd120+book_to_market_lf_plus_impact+t10_size_plus_wc_mcap,0.2722738378467273,0.4495971301477538,0.888943465847854,0.6118383227525936,23.87588832211905,0.17159271008932314,0.3431854201786463,1.1300562974158614,26.79885920758911,0.02697582780886523,"[0.01024, 0.01579, 0.03726, 0.01692, 0.0154, 0.03509]"
add-6th,size_only+impact60+t10_size_plus_impact_bm+book_to_market_lf_minus_size+book_to_market_lf_plus_impact+t10_size_plus_impact_wc+book_to_market_lf_minus_size+t10_nomcap_plus_impact,0.2724793867755548,0.4496041493458969,0.8865807279432241,0.6108186572006258,23.723216282443865,0.16985077915456975,0.3397015583091395,1.1261736224391619,26.9686708459288,0.02697624896075381,"[0.01024, 0.01579, 0.03726, 0.01692, 0.0154, 0.03519]"
add-6th,size_only+impact60+t10_size_plus_impact_bm+book_to_market_lf_minus_size+book_to_market_lf_plus_impact+t10_size_plus_impact+impact60+reversal_chip_turn_eq,0.2752016038010152,0.4581182402173156,0.8778877997002529,0.6104312147013773,24.085588218681448,0.1755279186985902,0.3510558373971804,1.1340214263894073,26.91676061777756,0.027487094413038936,"[0.01024, 0.01579, 0.03726, 0.01692, 0.0154, 0.0365]"
add-6th,size_only+impact60+t10_size_plus_impact_bm+book_to_market_lf_minus_size+book_to_market_lf_plus_impact+t10_size_plus_impact_bm+impact60+reversal_chip_turn_size_eq,0.27372471610850546,0.44998741695802497,0.8846258354771441,0.6103221651217247,23.810451146118275,0.17111227290467212,0.34222454580934425,1.1283018937548028,26.98931228855753,0.026999245017481497,"[0.01024, 0.01579, 0.03726, 0.01692, 0.0154, 0.03579]"
add-6th,size_only+impact60+t10_size_plus_impact_bm+book_to_market_lf_minus_size+book_to_market_lf_plus_impact+t10_size_plus_impact_downside+impact_abs_return60+reversal_turn_eq,0.2753971922930779,0.45115971752941886,0.8826404005229442,0.6101735198292371,23.958308095373845,0.17280573021335605,0.3456114604267121,1.1325933545526885,27.123566058375904,0.02706958305176513,"[0.01024, 0.01579, 0.03726, 0.01692, 0.0154, 0.03659]"
replace-SIZE,impact60+t10_size_plus_impact_bm+book_to_market_lf_minus_size+book_to_market_lf_plus_impact+t10_nomcap_plus_impact+ltmom_exhigh252_21,0.2999565275758623,0.4847480862300065,0.843227501482765,0.609105511362919,22.35471403544124,0.17343343465921746,0.3468668693184349,1.1246653809778222,25.165198064632023,0.02908488517380039,"[0.01579, 0.03726, 0.01692, 0.0154, 0.03463]"
add-6th,size_only+impact60+t10_size_plus_impact_bm+book_to_market_lf_minus_size+book_to_market_lf_plus_impact+t10_size_plus_impact_wc+book_to_market_lf_minus_size+t10_size_plus_wc_mcap,0.2712036902546519,0.44645385901129103,0.8852315424698147,0.6088537828162989,23.59687427526506,0.16785744446019193,0.33571488892038387,1.12277764586536,27.248006996759035,0.02678723154067746,"[0.01024, 0.01579, 0.03726, 0.01692, 0.0154, 0.03458]"
add-6th,size_only+impact60+t10_size_plus_impact_bm+book_to_market_lf_minus_size+book_to_market_lf_plus_impact+t10_size_plus_impact_bm+book_to_market_lf_plus_impact+reversal_chip_turn_eq,0.27158509190927466,0.4543042825682131,0.8789084918129818,0.6088323385965713,23.496645275957235,0.17132901874182843,0.34265803748365686,1.126869579047298,26.46178229615439,0.027258256954092785,"[0.01024, 0.01579, 0.03726, 0.01692, 0.0154, 0.03476]"
add-6th,size_only+impact60+t10_size_plus_impact_bm+book_to_market_lf_minus_size+book_to_market_lf_plus_impact+t10_size_plus_impact+book_to_market_lf_minus_size+t10_nomcap_plus_impact,0.2712388559267419,0.4486089937996206,0.8812501443282996,0.6078234839629504,23.801450430171986,0.1715608083401009,0.3431216166802018,1.1296153868433505,27.101368030827977,0.026916539627977236,"[0.01024, 0.01579, 0.03726, 0.01692, 0.0154, 0.0346]"
replace-SIZE,impact60+t10_size_plus_impact_bm+book_to_market_lf_minus_size+book_to_market_lf_plus_impact+impact60+reversal_turn_paper,0.30185331341685645,0.47509026704122115,0.8470101275022035,0.6078068135237903,22.34419169376386,0.17212201603306718,0.34424403206613435,1.118773572595318,25.013244104758282,0.02850541602247327,"[0.01579, 0.03726, 0.01692, 0.0154, 0.03539]"
add-6th,size_only+impact60+t10_size_plus_impact_bm+book_to_market_lf_minus_size+book_to_market_lf_plus_impact+t10_size_plus_impact_aggregate+book_to_market_lf_minus_size+reversal_turn_paper,0.2699762733481842,0.43711598605152474,0.890184769290394,0.6075689959683478,23.636327614566348,0.16823384729103133,0.33646769458206266,1.128619331830585,27.194155203203962,0.026226959163091482,"[0.01024, 0.01579, 0.03726, 0.01692, 0.0154, 0.03399]"
add-6th,size_only+impact60+t10_size_plus_impact_bm+book_to_market_lf_minus_size+book_to_market_lf_plus_impact+t10_size_plus_impact_g13+book_to_market_lf_minus_size+t10_size_plus_wc_mcap,0.26963431877207317,0.4403523466340745,0.8876775021487586,0.6075050610432822,23.472091393623923,0.1655233781244472,0.3310467562488944,1.1191689192787222,27.400460542861783,0.02642114079804447,"[0.01024, 0.01579, 0.03726, 0.01692, 0.0154, 0.03383]"
add-6th,size_only+impact60+t10_size_plus_impact_bm+book_to_market_lf_minus_size+book_to_market_lf_plus_impact+t10_size_plus_impact_bm+book_to_market_lf_minus_size+reversal_turn_paper_nomcap,0.2679409797467421,0.44248499889611365,0.8865194871601692,0.6073917147850643,23.50342020426128,0.1695798898949833,0.3391597797899666,1.130337294755869,26.745441691951864,0.026549099933766817,"[0.01024, 0.01579, 0.03726, 0.01692, 0.0154, 0.03301]"
add-6th,size_only+impact60+t10_size_plus_impact_bm+book_to_market_lf_minus_size+book_to_market_lf_plus_impact+t10_size_plus_impact+impact60+reversal_turn_eq,0.27907126975812124,0.46141944049150607,0.8667041792663098,0.6073279387934908,23.934837514176035,0.1763581041882173,0.3527162083764346,1.1337918797658433,27.0081665256208,0.027685166429490364,"[0.01024, 0.01579, 0.03726, 0.01692, 0.0154, 0.03836]"
add-6th,size_only+impact60+t10_size_plus_impact_bm+book_to_market_lf_minus_size+book_to_market_lf_plus_impact+t10_size_plus_impact_g13+book_to_market_lf_plus_impact+reversal_chip_turn_eq,0.2710048215047292,0.4499859874154396,0.8788384650430394,0.6071733691657174,23.565468378525782,0.17082990845533721,0.34165981691067443,1.125192855612929,26.71332577221539,0.026999159244926376,"[0.01024, 0.01579, 0.03726, 0.01692, 0.0154, 0.03448]"
add-6th,size_only+impact60+t10_size_plus_impact_bm+book_to_market_lf_minus_size+book_to_market_lf_plus_impact+impact60+t10_nomcap_plus_impact+reversal_chip_turn_paper,0.2747331194397188,0.46005228191752473,0.8686223600298192,0.606844984572496,23.888718048437667,0.17577214462901364,0.3515442892580273,1.1328298391969933,26.914573979193158,0.027603136915051483,"[0.01024, 0.01579, 0.03726, 0.01692, 0.0154, 0.03627]"
replace-SIZE,impact60+t10_size_plus_impact_bm+book_to_market_lf_minus_size+book_to_market_lf_plus_impact+book_to_market_lf_minus_size+impact60+reversal_chip_turn_eq,0.29789533718966976,0.44495887182001587,0.8699215592056951,0.6067793742175023,22.249290113677212,0.165127914422955,0.33025582884591,1.1110349846437408,25.22255444658813,0.026697532309200953,"[0.01579, 0.03726, 0.01692, 0.0154, 0.03381]"
add-6th,size_only+impact60+t10_size_plus_impact_bm+book_to_market_lf_minus_size+book_to_market_lf_plus_impact+reversal_chip_turn_size_eq+book_to_market_lf_plus_impact+t10_size_plus_wc_mcap,0.27309357637923215,0.45294000103844384,0.8742772532676121,0.6065724796097272,23.717908218049295,0.17265941690924647,0.34531883381849293,1.1279490060361732,26.9080694150464,0.02717640006230663,"[0.01024, 0.01579, 0.03726, 0.01692, 0.0154, 0.03549]"
add-6th,size_only+impact60+t10_size_plus_impact_bm+book_to_market_lf_minus_size+book_to_market_lf_plus_impact+t10_size_plus_impact_aggregate+book_to_market_lf_minus_size+reversal_chip_eq,0.2692449559047325,0.4447627763250774,0.8814269022030918,0.6061580688861149,24.036771024664546,0.17296741349002911,0.34593482698005823,1.130989211494727,27.25230040126869,0.026685766579504642,"[0.01024, 0.01579, 0.03726, 0.01692, 0.0154, 0.03364]"
add-6th,size_only+impact60+t10_size_plus_impact_bm+book_to_market_lf_minus_size+book_to_market_lf_plus_impact+t10_size_plus_impact_fscore+t10_size_plus_impact_wc+book_to_market_lf_div_oper_main_profit_ttm,0.27020426667527103,0.4463773769133504,0.8795377204107341,0.6060649094395572,23.76289093592786,0.16838817251531715,0.3367763450306343,1.121579837489651,27.763821054351457,0.02678264261480102,"[0.01024, 0.01579, 0.03726, 0.01692, 0.0154, 0.0341]"
add-6th,size_only+impact60+t10_size_plus_impact_bm+book_to_market_lf_minus_size+book_to_market_lf_plus_impact+t10_size_plus_impact_fscore+reversal_chip_turn_size_eq+impact_abs_return60,0.27114522457852747,0.45008576363910535,0.875055934481007,0.6055342327058455,23.88808892783257,0.17236409706205424,0.3447281941241085,1.1276184137416956,27.339647430351842,0.02700514581834632,"[0.01024, 0.01579, 0.03726, 0.01692, 0.0154, 0.03455]"
add-6th,size_only+impact60+t10_size_plus_impact_bm+book_to_market_lf_minus_size+book_to_market_lf_plus_impact+t10_size_plus_impact_downside+t10_size_plus_impact_wc+book_to_market_lf_div_oper_main_profit_ttm,0.27008525673039124,0.4415288994176932,0.8811249600929316,0.6050583981840901,23.560352863048426,0.16475075246118354,0.32950150492236707,1.1143209102474514,28.03999133959003,0.02649173396506159,"[0.01024, 0.01579, 0.03726, 0.01692, 0.0154, 0.03404]"
add-6th,size_only+impact60+t10_size_plus_impact_bm+book_to_market_lf_minus_size+book_to_market_lf_plus_impact+size_only+t10_size_plus_impact_fscore+t10_nomcap_plus_impact,0.27091200906128354,0.4497368270335901,0.8738903047418328,0.604840928407838,24.045578698606445,0.172954219166147,0.345908438332294,1.1292209378557723,27.669395502865147,0.026984209622015403,"[0.01024, 0.01579, 0.03726, 0.01692, 0.0154, 0.03444]"
add-6th,size_only+impact60+t10_size_plus_impact_bm+book_to_market_lf_minus_size+book_to_market_lf_plus_impact+t10_size_plus_impact_wc+book_to_market_lf_minus_size+reversal_turn_paper,0.27154521564201023,0.44195709742014166,0.8782524806833849,0.6042076435329748,23.38694648548284,0.16837888853532154,0.3367577770706431,1.1231637725871362,27.03566414384695,0.026517425845208498,"[0.01024, 0.01579, 0.03726, 0.01692, 0.0154, 0.03474]"
add-6th,size_only+impact60+t10_size_plus_impact_bm+book_to_market_lf_minus_size+book_to_market_lf_plus_impact+t10_size_plus_impact_bm+t10_size_plus_impact_dd120+book_to_market_lf_div_oper_main_profit_ttm,0.2705219935000894,0.444481921943725,0.8766882785606136,0.6041827967325978,23.960917128959352,0.17074382147191727,0.34148764294383455,1.1245967285085077,27.782581083138737,0.0266689153166235,"[0.01024, 0.01579, 0.03726, 0.01692, 0.0154, 0.03425]"
add-6th,size_only+impact60+t10_size_plus_impact_bm+book_to_market_lf_minus_size+book_to_market_lf_plus_impact+book_to_market_lf_plus_impact+reversal_turn_eq,0.2720409665121971,0.44880126032091666,0.8681271394011231,0.6021458471452656,23.22640520714459,0.17117830122581956,0.3423566024516391,1.1257505652405102,26.49937908630061,0.026928075619254997,"[0.01024, 0.01579, 0.03726, 0.01692, 0.0154, 0.03498]"
replace-SIZE,impact60+t10_size_plus_impact_bm+book_to_market_lf_minus_size+book_to_market_lf_plus_impact+t10_size_plus_impact_aggregate+t10_size_plus_impact_fscore+impact_abs_return60,0.2963809387286372,0.4749259034529107,0.8357864219069102,0.6016041438123558,22.65724394266465,0.17440326220824354,0.3488065244164871,1.1158484480823225,25.67824774587364,0.02849555420717464,"[0.01579, 0.03726, 0.01692, 0.0154, 0.0332]"
add-6th,size_only+impact60+t10_size_plus_impact_bm+book_to_market_lf_minus_size+book_to_market_lf_plus_impact+t10_size_plus_impact_fscore+impact60+reversal_turn_eq,0.27975129060909126,0.46659559703050113,0.84948255204141,0.6015258655011282,23.790478546912443,0.1777866688251021,0.3555733376502042,1.1305432009330367,27.181580817867466,0.027995735821830067,"[0.01024, 0.01579, 0.03726, 0.01692, 0.0154, 0.03868]"
replace-SIZE,impact60+t10_size_plus_impact_bm+book_to_market_lf_minus_size+book_to_market_lf_plus_impact+t10_size_plus_impact_downside+t10_size_plus_impact_wc+book_to_market_lf_div_oper_main_profit_ttm,0.2984901262114695,0.475659813691491,0.8332069225898302,0.6011220751997394,22.84332568987324,0.1752500282496559,0.3505000564993118,1.1165345203207062,26.08280754708141,0.02853958882148946,"[0.01579, 0.03726, 0.01692, 0.0154, 0.03404]"
add-6th,size_only+impact60+t10_size_plus_impact_bm+book_to_market_lf_minus_size+book_to_market_lf_plus_impact+t10_size_plus_impact_downside+t10_nomcap_plus_impact+book_to_market_lf_div_oper_main_profit_ttm,0.2723682455273715,0.44875310446245725,0.8654257383963199,0.6009788179456783,23.73206792011086,0.17011769096126667,0.34023538192253333,1.119056342370031,27.89735057369096,0.026925186267747436,"[0.01024, 0.01579, 0.03726, 0.01692, 0.0154, 0.03514]"
add-6th,size_only+impact60+t10_size_plus_impact_bm+book_to_market_lf_minus_size+book_to_market_lf_plus_impact+t10_size_plus_impact_bm+reversal_chip_turn_size_eq+book_to_market_lf_div_oper_main_profit_ttm,0.2698001529436942,0.4473295377371453,0.865681212013118,0.6000819142026428,23.91002962604608,0.17211063982783226,0.3442212796556645,1.1243978728112765,27.91345326223704,0.026839772264228717,"[0.01024, 0.01579, 0.03726, 0.01692, 0.0154, 0.03391]"
add-6th,size_only+impact60+t10_size_plus_impact_bm+book_to_market_lf_minus_size+book_to_market_lf_plus_impact+t10_size_plus_impact_wc+impact_abs_return60+reversal_turn_eq,0.27679657489949355,0.45594493401188724,0.8550199670052793,0.5996990270364349,23.6723434307344,0.17475815238325812,0.34951630476651624,1.1250522248575203,27.228566003407007,0.027356696040713235,"[0.01024, 0.01579, 0.03726, 0.01692, 0.0154, 0.03726]"
add-6th,size_only+impact60+t10_size_plus_impact_bm+book_to_market_lf_minus_size+book_to_market_lf_plus_impact+book_to_market_lf_plus_impact+reversal_chip_turn_paper+reversal_turn_paper,0.26863145569821667,0.44913207185235177,0.8614447579025455,0.5985726573441119,23.290435554620682,0.17296642177728716,0.3459328435545743,1.1255645254946987,26.495014174624288,0.026947924311141104,"[0.01024, 0.01579, 0.03726, 0.01692, 0.0154, 0.03335]"
add-6th,size_only+impact60+t10_size_plus_impact_bm+book_to_market_lf_minus_size+book_to_market_lf_plus_impact+t10_size_plus_impact_downside+reversal_chip_turn_paper+book_to_market_lf_div_oper_main_profit_ttm,0.2706532463812705,0.4464311468484359,0.8623433182895229,0.598436043903492,23.658333292463716,0.1704122597037202,0.3408245194074404,1.1182132596795464,27.784843759517663,0.026785868810906152,"[0.01024, 0.01579, 0.03726, 0.01692, 0.0154, 0.03432]"
replace-SIZE,impact60+t10_size_plus_impact_bm+book_to_market_lf_minus_size+book_to_market_lf_plus_impact+t10_size_plus_impact_g13+impact60+reversal_turn_paper,0.3025251660849662,0.48365126424438165,0.8190881949366519,0.5983726634240202,22.45174250526773,0.1768602945662469,0.3537205891324938,1.1140386492661707,25.415714293384916,0.029019075854662898,"[0.01579, 0.03726, 0.01692, 0.0154, 0.03566]"
replace-SIZE,impact60+t10_size_plus_impact_bm+book_to_market_lf_minus_size+book_to_market_lf_plus_impact+t10_size_plus_impact_aggregate+t10_size_plus_impact_dd120+book_to_market_lf_plus_impact,0.29713348829993996,0.46386749108287234,0.8354925007396047,0.5977519448718154,22.590808829663906,0.17497502212684388,0.34995004425368775,1.1165458080428547,25.375747462014907,0.02783204946497234,"[0.01579, 0.03726, 0.01692, 0.0154, 0.0335]"
add-6th,size_only+impact60+t10_size_plus_impact_bm+book_to_market_lf_minus_size+book_to_market_lf_plus_impact+t10_size_plus_impact_wc+book_to_market_lf_plus_impact+reversal_turn_eq,0.2779724787882846,0.4597734454015691,0.8462752035588916,0.5973390432497073,23.263099044168925,0.17428721589253748,0.34857443178507497,1.1207033930964776,26.759072058560673,0.027586406724094147,"[0.01024, 0.01579, 0.03726, 0.01692, 0.0154, 0.03783]"
add-6th,size_only+impact60+t10_size_plus_impact_bm+book_to_market_lf_minus_size+book_to_market_lf_plus_impact+t10_nomcap_plus_impact+impact_abs_return60+reversal_chip_eq,0.2694095390092002,0.4560696514709221,0.8529119728214615,0.5973166735863205,24.032738338832704,0.1803491611699308,0.3606983223398616,1.130502246449526,26.716750959336355,0.027364179088255326,"[0.01024, 0.01579, 0.03726, 0.01692, 0.0154, 0.03372]"
add-6th,size_only+impact60+t10_size_plus_impact_bm+book_to_market_lf_minus_size+book_to_market_lf_plus_impact+t10_size_plus_impact_g13+t10_size_plus_impact_downside,0.26916413150629065,0.4463610182638864,0.8593802242031567,0.5967802835850389,23.80045729294806,0.17432725891778425,0.3486545178355685,1.1232719052758633,27.29561307229683,0.026781661095833183,"[0.01024, 0.01579, 0.03726, 0.01692, 0.0154, 0.0336]"
add-6th,size_only+impact60+t10_size_plus_impact_bm+book_to_market_lf_minus_size+book_to_market_lf_plus_impact+impact_abs_return60+reversal_chip_turn_paper+reversal_turn_eq,0.27356746658580333,0.46118103336186583,0.8450644062335076,0.5964058377988921,23.83769078659969,0.18049802706681425,0.3609960541336285,1.1328095455984133,26.847285808494682,0.027670862001711947,"[0.01024, 0.01579, 0.03726, 0.01692, 0.0154, 0.03571]"
replace-SIZE,impact60+t10_size_plus_impact_bm+book_to_market_lf_minus_size+book_to_market_lf_plus_impact+t10_size_plus_impact_g13+impact60+reversal_turn_paper_nomcap,0.3058055528912972,0.4800582523489506,0.8156754339848746,0.5962354441935858,22.250968380077357,0.17727618107285423,0.35455236214570846,1.1138258497914564,24.98861322810407,0.028803495140937035,"[0.01579, 0.03726, 0.01692, 0.0154, 0.03697]"
add-6th,size_only+impact60+t10_size_plus_impact_bm+book_to_market_lf_minus_size+book_to_market_lf_plus_impact+t10_size_plus_impact_g13+t10_size_plus_wc_mcap+book_to_market_lf_div_oper_main_profit_ttm,0.26860050252109374,0.4432912638121854,0.8606999558640698,0.5961870229773151,23.514677681678297,0.16842441483005957,0.33684882966011914,1.1138431465739036,27.98637474682635,0.026597475828731124,"[0.01024, 0.01579, 0.03726, 0.01692, 0.0154, 0.03333]"
replace-SIZE,impact60+t10_size_plus_impact_bm+book_to_market_lf_minus_size+book_to_market_lf_plus_impact+t10_size_plus_impact_aggregate+book_to_market_lf_plus_impact+reversal_turn_paper,0.299695661529017,0.45989822032922517,0.833518062081969,0.5959866373579182,22.394983493354804,0.1756694933686297,0.3513389867372594,1.1196538130803382,24.938173168811907,0.02759389321975351,"[0.01579, 0.03726, 0.01692, 0.0154, 0.03453]"
add-6th,size_only+impact60+t10_size_plus_impact_bm+book_to_market_lf_minus_size+book_to_market_lf_plus_impact+t10_size_plus_impact_aggregate+t10_size_plus_impact_g13+t10_size_plus_impact_wc,0.27318918429545774,0.4512298786166911,0.8518585567001429,0.5959046448899977,23.776280195075554,0.17602792959878436,0.3520558591975687,1.1241534330683782,27.231174960870174,0.027073792717001464,"[0.01024, 0.01579, 0.03726, 0.01692, 0.0154, 0.03553]"
add-6th,size_only+impact60+t10_size_plus_impact_bm+book_to_market_lf_minus_size+book_to_market_lf_plus_impact+t10_size_plus_impact+book_to_market_lf_minus_size+reversal_turn_paper,0.2706906481126642,0.44106100940780346,0.8604323286799275,0.5957040308212314,23.380652547266443,0.1708644219245956,0.3417288438491912,1.1206914380669852,27.225218241333295,0.026463660564468208,"[0.01024, 0.01579, 0.03726, 0.01692, 0.0154, 0.03433]"
add-6th,size_only+impact60+t10_size_plus_impact_bm+book_to_market_lf_minus_size+book_to_market_lf_plus_impact+t10_nomcap_plus_impact+impact_abs_return60+reversal_turn_eq,0.2744291674167375,0.4630207660113858,0.8416219113589735,0.5956729616988706,23.835075879085093,0.18040983646473946,0.3608196729294789,1.12965031210195,26.94143935795078,0.027781245960683147,"[0.01024, 0.01579, 0.03726, 0.01692, 0.0154, 0.03613]"
add-6th,size_only+impact60+t10_size_plus_impact_bm+book_to_market_lf_minus_size+book_to_market_lf_plus_impact+t10_size_plus_impact_g13+paper_composite+reversal_turn_eq,0.2713569316620739,0.4501045122289078,0.8519932608689333,0.5952049330035525,23.437836286308418,0.17358903468573283,0.34717806937146567,1.1237106250628468,27.178590329573616,0.027006270733734468,"[0.01024, 0.01579, 0.03726, 0.01692, 0.0154, 0.03465]"
add-6th,size_only+impact60+t10_size_plus_impact_bm+book_to_market_lf_minus_size+book_to_market_lf_plus_impact+impact60+reversal_turn_paper+reversal_chip_turn_eq,0.2754890833624658,0.4645383418398763,0.8382036434698111,0.5948778758778649,23.53118958657675,0.17809493013670835,0.3561898602734167,1.1255455315316802,26.970327006240147,0.027872300510392578,"[0.01024, 0.01579, 0.03726, 0.01692, 0.0154, 0.03664]"
replace-SIZE,impact60+t10_size_plus_impact_bm+book_to_market_lf_minus_size+book_to_market_lf_plus_impact+t10_size_plus_impact_bm+t10_size_plus_impact_wc+book_to_market_lf_minus_size,0.2962779513457362,0.4638886828891836,0.8294165640245483,0.5948540830914083,22.306677517644992,0.17271934010999693,0.34543868021999385,1.1102583489317477,25.489810101073818,0.027833320973351016,"[0.01579, 0.03726, 0.01692, 0.0154, 0.03316]"
add-6th,size_only+impact60+t10_size_plus_impact_bm+book_to_market_lf_minus_size+book_to_market_lf_plus_impact+impact60+reversal_chip_turn_size_eq+reversal_chip_turn_eq,0.2735184651814581,0.45719994398810576,0.8439925590528696,0.59452032500592,23.87452210289259,0.17949572031393143,0.35899144062786287,1.1270304184253177,27.031518886099125,0.027431996639286346,"[0.01024, 0.01579, 0.03726, 0.01692, 0.0154, 0.03569]"
add-6th,size_only+impact60+t10_size_plus_impact_bm+book_to_market_lf_minus_size+book_to_market_lf_plus_impact+t10_size_plus_impact_fscore+book_to_market_lf_plus_impact+reversal_chip_turn_paper,0.26921345190336965,0.44142578620104034,0.8578945446973301,0.5943942606648366,23.217652094648425,0.17173097005162868,0.34346194010325737,1.120604850487475,26.707874758192716,0.026485547172062418,"[0.01024, 0.01579, 0.03726, 0.01692, 0.0154, 0.03362]"
replace-SIZE,impact60+t10_size_plus_impact_bm+book_to_market_lf_minus_size+book_to_market_lf_plus_impact+t10_size_plus_impact_aggregate+book_to_market_lf_plus_impact+reversal_chip_turn_paper,0.2968701391072102,0.46016154835191136,0.830603720929559,0.5942022441629126,22.316073735705945,0.17531489059717253,0.35062978119434507,1.115788942662856,24.852596442203346,0.02760969290111468,"[0.01579, 0.03726, 0.01692, 0.0154, 0.03339]"
replace-SIZE,impact60+t10_size_plus_impact_bm+book_to_market_lf_minus_size+book_to_market_lf_plus_impact+t10_size_plus_impact_fscore+t10_size_plus_impact_wc+book_to_market_lf_plus_impact,0.3004184536805357,0.4662488818494608,0.824047813104143,0.5940923152802827,22.369122888586908,0.17539567183290408,0.35079134366580816,1.114893908764825,25.378616882991178,0.027974932910967646,"[0.01579, 0.03726, 0.01692, 0.0154, 0.03481]"
add-6th,size_only+impact60+t10_size_plus_impact_bm+book_to_market_lf_minus_size+book_to_market_lf_plus_impact+t10_size_plus_impact_dd120+book_to_market_lf_plus_impact+reversal_turn_eq,0.27557728689746064,0.4597805814988567,0.838770717455985,0.5934854837592852,23.46252003522935,0.178033504130351,0.356067008260702,1.123807132047928,26.699160771168994,0.0275868348899314,"[0.01024, 0.01579, 0.03726, 0.01692, 0.0154, 0.03668]"
replace-SIZE,impact60+t10_size_plus_impact_bm+book_to_market_lf_minus_size+book_to_market_lf_plus_impact+t10_size_plus_impact_g13+book_to_market_lf_minus_size+t10_size_plus_wc_mcap,0.2979490006614877,0.46536826979798834,0.8237784794972962,0.5931690103353768,22.496305879882648,0.17549905175088334,0.3509981035017667,1.1137883564476063,25.63392835396263,0.0279220961878793,"[0.01579, 0.03726, 0.01692, 0.0154, 0.03383]"
add-6th,size_only+impact60+t10_size_plus_impact_bm+book_to_market_lf_minus_size+book_to_market_lf_plus_impact+book_to_market_lf_minus_size+t10_nomcap_plus_impact+reversal_chip_turn_eq,0.27027304235458793,0.4603695014391587,0.8393970290209978,0.5929125970340722,23.448642507660796,0.17683909847042703,0.35367819694085406,1.1210267829795897,26.864082544250344,0.027622170086349523,"[0.01024, 0.01579, 0.03726, 0.01692, 0.0154, 0.03413]"
add-6th,size_only+impact60+t10_size_plus_impact_bm+book_to_market_lf_minus_size+book_to_market_lf_plus_impact+t10_size_plus_impact_g13+t10_size_plus_impact_bm+t10_size_plus_impact_wc,0.27493281573797246,0.45490308405929286,0.8401139725779382,0.5922539302284191,23.673669690198135,0.17772244252398217,0.35544488504796434,1.121862663855197,27.11535773344996,0.02729418504355757,"[0.01024, 0.01579, 0.03726, 0.01692, 0.0154, 0.03637]"
replace-SIZE,impact60+t10_size_plus_impact_bm+book_to_market_lf_minus_size+book_to_market_lf_plus_impact+t10_size_plus_impact_g13+impact60+reversal_chip_turn_paper,0.300099299972062,0.47810156320140107,0.8108587718629242,0.5922418544532186,22.365721896558057,0.17788895873346036,0.3557779174669207,1.109732740534821,25.217711031194,0.028686093792084064,"[0.01579, 0.03726, 0.01692, 0.0154, 0.03469]"
replace-SIZE,impact60+t10_size_plus_impact_bm+book_to_market_lf_minus_size+book_to_market_lf_plus_impact+t10_size_plus_impact_downside+t10_nomcap_plus_impact+book_to_market_lf_div_oper_main_profit_ttm,0.3012297127678457,0.48256159243752983,0.8064236213574172,0.5920331295175423,22.762170951914886,0.18153036398271818,0.36306072796543637,1.1153212224420797,25.670115764057666,0.02895369554625179,"[0.01579, 0.03726, 0.01692, 0.0154, 0.03514]"
add-6th,size_only+impact60+t10_size_plus_impact_bm+book_to_market_lf_minus_size+book_to_market_lf_plus_impact+t10_size_plus_impact+reversal_chip_turn_paper+book_to_market_lf_div_oper_main_profit_ttm,0.2700503330187782,0.4497956336425946,0.845433751680758,0.5918837266350048,23.632540054730793,0.1733205852921684,0.3466411705843368,1.1167104462340292,27.809588789484785,0.026987738018555675,"[0.01024, 0.01579, 0.03726, 0.01692, 0.0154, 0.03403]"
replace-SIZE,impact60+t10_size_plus_impact_bm+book_to_market_lf_minus_size+book_to_market_lf_plus_impact+t10_size_plus_impact_bm+impact60+reversal_chip_turn_size_eq,0.30285747746520647,0.48225510076232925,0.8054370280406753,0.5918074433781604,22.49679790935522,0.18006560250031106,0.3601312050006221,1.1094472774718893,25.22546094512603,0.028935306045739753,"[0.01579, 0.03726, 0.01692, 0.0154, 0.03579]"
add-6th,size_only+impact60+t10_size_plus_impact_bm+book_to_market_lf_minus_size+book_to_market_lf_plus_impact+t10_size_plus_impact_downside+t10_size_plus_impact_bm+t10_size_plus_impact_fscore,0.275943360747209,0.4661666072662396,0.8294345060283834,0.5915925124053982,23.701431473357406,0.18050994872795653,0.36101989745591306,1.1242022529713813,27.142662892101534,0.027969996435974375,"[0.01024, 0.01579, 0.03726, 0.01692, 0.0154, 0.03685]"
replace-SIZE,impact60+t10_size_plus_impact_bm+book_to_market_lf_minus_size+book_to_market_lf_plus_impact+t10_size_plus_impact_wc+book_to_market_lf_minus_size+t10_size_plus_wc_mcap,0.29983224644058226,0.4778562079176333,0.8077018554926482,0.5906819570309798,22.36613810195605,0.17806944089797644,0.3561388817959529,1.111958977444203,25.50233254314449,0.028671372475057997,"[0.01579, 0.03726, 0.01692, 0.0154, 0.03458]"
add-6th,size_only+impact60+t10_size_plus_impact_bm+book_to_market_lf_minus_size+book_to_market_lf_plus_impact+t10_size_plus_impact_downside+t10_size_plus_impact_fscore+reversal_chip_turn_size_eq,0.27276920844707125,0.47701798703261006,0.8201453525929958,0.5905755458176759,24.007255237765936,0.18596118435157888,0.37192236870315776,1.1287403835890464,27.0504213983051,0.028621079221956603,"[0.01024, 0.01579, 0.03726, 0.01692, 0.0154, 0.03533]"
add-6th,size_only+impact60+t10_size_plus_impact_bm+book_to_market_lf_minus_size+book_to_market_lf_plus_impact+impact60+reversal_turn_paper+reversal_turn_paper_nomcap,0.27425434811976085,0.4558178159205568,0.8356894443506641,0.5904473551539459,23.006521344311437,0.1744334351355189,0.3488668702710378,1.119584876087614,26.739818164358752,0.027349068955233407,"[0.01024, 0.01579, 0.03726, 0.01692, 0.0154, 0.03604]"
replace-SIZE,impact60+t10_size_plus_impact_bm+book_to_market_lf_minus_size+book_to_market_lf_plus_impact+t10_size_plus_impact_bm+t10_size_plus_impact_dd120+book_to_market_lf_plus_impact,0.29588948705472745,0.46539853951448673,0.8182043875871469,0.590259360655232,22.280375026522446,0.17660366890986767,0.35320733781973535,1.111402246074991,24.97971923799087,0.027923912370869202,"[0.01579, 0.03726, 0.01692, 0.0154, 0.033]"
replace-SIZE,impact60+t10_size_plus_impact_bm+book_to_market_lf_minus_size+book_to_market_lf_plus_impact+t10_size_plus_impact_fscore+t10_nomcap_plus_impact+impact_abs_return60,0.30192157454878776,0.48687406932558386,0.7981341159624947,0.5899505913568346,22.479819241247547,0.18122044678334612,0.36244089356669223,1.110490222895033,25.393729981950365,0.02921244415953503,"[0.01579, 0.03726, 0.01692, 0.0154, 0.03542]"
add-6th,size_only+impact60+t10_size_plus_impact_bm+book_to_market_lf_minus_size+book_to_market_lf_plus_impact+t10_size_plus_impact_fscore+book_to_market_lf_div_oper_main_profit_ttm+reversal_turn_paper,0.2716427049383706,0.4510708666634589,0.8391707002853449,0.58983015944829,23.337975047103164,0.17275707499796358,0.34551414999592717,1.1146818457741607,27.605513241841052,0.027064251999807533,"[0.01024, 0.01579, 0.03726, 0.01692, 0.0154, 0.03479]"
add-6th,size_only+impact60+t10_size_plus_impact_bm+book_to_market_lf_minus_size+book_to_market_lf_plus_impact+impact60+reversal_chip_turn_paper+reversal_chip_eq,0.2699434757421583,0.4608644029350634,0.8321759107819129,0.5897703960275646,23.756139715495568,0.181250110442582,0.362500220885164,1.1251688390414696,26.904658302471052,0.027651864176103803,"[0.01024, 0.01579, 0.03726, 0.01692, 0.0154, 0.03397]"
add-6th,size_only+impact60+t10_size_plus_impact_bm+book_to_market_lf_minus_size+book_to_market_lf_plus_impact+t10_size_plus_impact_downside+t10_size_plus_impact_fscore+t10_nomcap_plus_impact,0.27508579045581605,0.48045442678791417,0.8145371932435912,0.5897179444265492,23.792763300670885,0.18541193547547238,0.37082387095094477,1.1256855202816423,26.945339532259037,0.02882726560727485,"[0.01024, 0.01579, 0.03726, 0.01692, 0.0154, 0.03644]"
replace-SIZE,impact60+t10_size_plus_impact_bm+book_to_market_lf_minus_size+book_to_market_lf_plus_impact+t10_size_plus_impact_aggregate+impact60+reversal_turn_eq,0.308413410240599,0.49737649436070736,0.7861836898512086,0.5895471155074112,22.345981812253303,0.18333554987031872,0.36667109974063744,1.1091385873963282,25.17854767649349,0.02984258966164244,"[0.01579, 0.03726, 0.01692, 0.0154, 0.03801]"
add-6th,size_only+impact60+t10_size_plus_impact_bm+book_to_market_lf_minus_size+book_to_market_lf_plus_impact+t10_size_plus_impact_fscore+paper_composite+reversal_chip_turn_eq,0.26804373041233664,0.4503366252107377,0.8402078762258444,0.5893201092078555,23.437463434044794,0.17697794872834505,0.3539558974566901,1.1243590957481924,26.905904672868374,0.02702019751264426,"[0.01024, 0.01579, 0.03726, 0.01692, 0.0154, 0.03306]"
add-6th,size_only+impact60+t10_size_plus_impact_bm+book_to_market_lf_minus_size+book_to_market_lf_plus_impact+t10_size_plus_impact_downside+t10_size_plus_impact_fscore+t10_size_plus_impact_wc,0.2744868123872963,0.46782233486681535,0.8237064317279139,0.5893030739584059,23.73361712201401,0.18139292917663996,0.3627858583532799,1.1220410789133741,27.225936186388765,0.02806934009200892,"[0.01024, 0.01579, 0.03726, 0.01692, 0.0154, 0.03616]"
add-6th,size_only+impact60+t10_size_plus_impact_bm+book_to_market_lf_minus_size+book_to_market_lf_plus_impact+t10_size_plus_impact+impact60+reversal40,0.2776531294579058,0.45863663969614527,0.8294157153012978,0.589290521670816,23.888235956841,0.18178196300505467,0.36356392601010934,1.1246763820085308,27.214143396261626,0.027518198381768715,"[0.01024, 0.01579, 0.03726, 0.01692, 0.0154, 0.03768]"
replace-SIZE,impact60+t10_size_plus_impact_bm+book_to_market_lf_minus_size+book_to_market_lf_plus_impact+t10_size_plus_impact+t10_size_plus_impact_dd120+book_to_market_lf_plus_impact,0.2977669767897622,0.46841253040153463,0.8125464497134605,0.5891436833695468,22.550246875036677,0.17966974719240617,0.35933949438481233,1.1143235334091328,25.23541784306311,0.028104751824092077,"[0.01579, 0.03726, 0.01692, 0.0154, 0.03375]"
replace-SIZE,impact60+t10_size_plus_impact_bm+book_to_market_lf_minus_size+book_to_market_lf_plus_impact+t10_size_plus_impact+book_to_market_lf_plus_impact+t10_size_plus_wc_mcap,0.3009845184872482,0.47266554154056556,0.8070604100377222,0.5888070277536226,22.292638773277606,0.17791982894218492,0.35583965788436983,1.1107584373329078,25.343842380384984,0.02835993249243393,"[0.01579, 0.03726, 0.01692, 0.0154, 0.03504]"
add-6th,size_only+impact60+t10_size_plus_impact_bm+book_to_market_lf_minus_size+book_to_market_lf_plus_impact+book_to_market_lf_minus_size+reversal_chip_turn_size_eq+reversal_chip_turn_paper,0.2685558983222021,0.44506542764158546,0.8428557710292732,0.5887691763021683,23.543188886478642,0.17510894837744137,0.35021789675488274,1.1216786989103675,27.44413951346646,0.026703925658495126,"[0.01024, 0.01579, 0.03726, 0.01692, 0.0154, 0.03331]"
add-6th,size_only+impact60+t10_size_plus_impact_bm+book_to_market_lf_minus_size+book_to_market_lf_plus_impact+t10_size_plus_impact_downside+t10_size_plus_impact_bm+t10_size_plus_impact_wc,0.27454363235651624,0.4566874014951692,0.8295771114944434,0.5880590171671121,23.535276672225958,0.17802207855722604,0.3560441571144521,1.1177698531271265,27.19507583472773,0.02740124408971015,"[0.01024, 0.01579, 0.03726, 0.01692, 0.0154, 0.03618]"
add-6th,size_only+impact60+t10_size_plus_impact_bm+book_to_market_lf_minus_size+book_to_market_lf_plus_impact+book_to_market_lf_minus_size+t10_size_plus_wc_mcap+reversal_turn_paper_nomcap,0.2681924976720904,0.4485995529586761,0.8380643471497856,0.5877772992873582,22.977276297715015,0.17212050723363523,0.34424101446727046,1.1145041846230386,27.004632788402173,0.026915973177520564,"[0.01024, 0.01579, 0.03726, 0.01692, 0.0154, 0.03313]"
replace-SIZE,impact60+t10_size_plus_impact_bm+book_to_market_lf_minus_size+book_to_market_lf_plus_impact+t10_size_plus_impact_bm+book_to_market_lf_plus_impact+t10_size_plus_wc_mcap,0.29938272428205676,0.46940712872726487,0.8073925262715838,0.5874956767331667,22.070915880097367,0.17633361650442303,0.35266723300884606,1.1078902937572837,25.10924103617652,0.02816442772363589,"[0.01579, 0.03726, 0.01692, 0.0154, 0.0344]"
replace-SIZE,impact60+t10_size_plus_impact_bm+book_to_market_lf_minus_size+book_to_market_lf_plus_impact+t10_size_plus_impact_g13+book_to_market_lf_plus_impact+reversal_chip_turn_eq,0.29959360394067497,0.46703511730209657,0.8090246007635588,0.5874420821874702,22.38865826073684,0.18040523055444968,0.36081046110889936,1.114017616696061,24.815164603523996,0.02802210703812579,"[0.01579, 0.03726, 0.01692, 0.0154, 0.03448]"
add-6th,size_only+impact60+t10_size_plus_impact_bm+book_to_market_lf_minus_size+book_to_market_lf_plus_impact+t10_size_plus_impact_bm+book_to_market_lf_minus_size+reversal_turn_eq,0.2738580570780669,0.4493728379732925,0.8338502943821937,0.5872847371782529,23.21804591189886,0.1746536438447723,0.3493072876895446,1.116457516512641,27.151246103399085,0.02696237027839755,"[0.01024, 0.01579, 0.03726, 0.01692, 0.0154, 0.03585]"
add-6th,size_only+impact60+t10_size_plus_impact_bm+book_to_market_lf_minus_size+book_to_market_lf_plus_impact+t10_size_plus_impact+reversal_chip_turn_size_eq+book_to_market_lf_div_oper_main_profit_ttm,0.2690448460616044,0.44855996369340406,0.8363362724758352,0.5871562791191381,23.62017785996106,0.17372855613238658,0.34745711226477316,1.1138686453406808,28.10842540041523,0.026913597821604244,"[0.01024, 0.01579, 0.03726, 0.01692, 0.0154, 0.03354]"
add-6th,size_only+impact60+t10_size_plus_impact_bm+book_to_market_lf_minus_size+book_to_market_lf_plus_impact+t10_size_plus_impact_fscore+book_to_market_lf_minus_size+reversal_turn_paper_nomcap,0.2687084080029896,0.4463051739204953,0.8375074099418245,0.5868268269465923,22.930859396334196,0.17224619185410284,0.3444923837082057,1.1156279735486907,26.94379221611659,0.026778310435229716,"[0.01024, 0.01579, 0.03726, 0.01692, 0.0154, 0.03338]"
add-6th,size_only+impact60+t10_size_plus_impact_bm+book_to_market_lf_minus_size+book_to_market_lf_plus_impact+t10_size_plus_impact_g13+book_to_market_lf_minus_size+reversal40,0.27338665278189794,0.441950389204699,0.8383324185189617,0.586609555111557,23.7095621341178,0.17747190047802874,0.3549438009560575,1.1218637611314979,27.39851811379227,0.026517023352281937,"[0.01024, 0.01579, 0.03726, 0.01692, 0.0154, 0.03563]"
add-6th,size_only+impact60+t10_size_plus_impact_bm+book_to_market_lf_minus_size+book_to_market_lf_plus_impact+book_to_market_lf_minus_size+t10_nomcap_plus_impact+reversal_turn_paper_nomcap,0.2731184841924975,0.45145527849750416,0.8310549730458816,0.5866077821832727,22.923237956620753,0.17381104417285656,0.3476220883457131,1.1139547052071144,26.76627086555031,0.027087316709850248,"[0.01024, 0.01579, 0.03726, 0.01692, 0.0154, 0.0355]"
add-6th,size_only+impact60+t10_size_plus_impact_bm+book_to_market_lf_minus_size+book_to_market_lf_plus_impact+impact_abs_return60+reversal_turn_paper+reversal_chip_eq,0.27086938525089144,0.45447641618191625,0.8293288539029237,0.5864386069701646,23.58114171390071,0.17988453340876526,0.3597690668175305,1.1224606407605657,26.971559874938755,0.027268584970914975,"[0.01024, 0.01579, 0.03726, 0.01692, 0.0154, 0.03442]"
add-6th,size_only+impact60+t10_size_plus_impact_bm+book_to_market_lf_minus_size+book_to_market_lf_plus_impact+size_only+t10_size_plus_impact_fscore+reversal_turn_eq,0.2718666354369081,0.4564391250456545,0.8269338726174064,0.5862472635311936,23.70011810364693,0.17809435318150077,0.35618870636300154,1.1212041365845458,27.91088212914403,0.02738634750273927,"[0.01024, 0.01579, 0.03726, 0.01692, 0.0154, 0.0349]"
add-6th,size_only+impact60+t10_size_plus_impact_bm+book_to_market_lf_minus_size+book_to_market_lf_plus_impact+reversal_chip_turn_size_eq+impact_abs_return60+reversal_chip_turn_eq,0.2688297368152625,0.45064171785258167,0.8325910623650097,0.5861565266757105,23.677420797710628,0.17909172181059632,0.35818344362119264,1.1205644743566858,27.133372348173058,0.0270385030711549,"[0.01024, 0.01579, 0.03726, 0.01692, 0.0154, 0.03344]"
replace-SIZE,impact60+t10_size_plus_impact_bm+book_to_market_lf_minus_size+book_to_market_lf_plus_impact+t10_size_plus_impact_wc+book_to_market_lf_minus_size+reversal_turn_paper,0.3002420769054122,0.47586922638337853,0.7988933627247002,0.58610465784138,22.19412247724638,0.17881170964128149,0.35762341928256297,1.1124065557840352,25.472691003851132,0.028552153583002712,"[0.01579, 0.03726, 0.01692, 0.0154, 0.03474]"
replace-SIZE,impact60+t10_size_plus_impact_bm+book_to_market_lf_minus_size+book_to_market_lf_plus_impact+t10_size_plus_impact_downside+impact_abs_return60+reversal_turn_eq,0.3048644488866935,0.49116410446625286,0.7848133442323736,0.5860463312450953,22.374444579467678,0.18353282729139767,0.36706565458279533,1.1089329347194228,25.28061126620369,0.02946984626797517,"[0.01579, 0.03726, 0.01692, 0.0154, 0.03659]"
replace-SIZE,impact60+t10_size_plus_impact_bm+book_to_market_lf_minus_size+book_to_market_lf_plus_impact+t10_size_plus_impact_g13+t10_size_plus_wc_mcap+book_to_market_lf_div_oper_main_profit_ttm,0.2967084211603125,0.4779325973123945,0.7984204471943707,0.5859072945288675,22.56060532645591,0.1790186896911944,0.3580373793823888,1.109194491158494,26.21552004085941,0.02867595583874367,"[0.01579, 0.03726, 0.01692, 0.0154, 0.03333]"
replace-SIZE,impact60+t10_size_plus_impact_bm+book_to_market_lf_minus_size+book_to_market_lf_plus_impact+t10_size_plus_impact_bm+t10_size_plus_impact_dd120+book_to_market_lf_div_oper_main_profit_ttm,0.2990142103351072,0.47151431828757506,0.8017628216914898,0.5856261232288431,22.601999919205756,0.1810663210942572,0.3621326421885144,1.1118703656452418,25.565967117671384,0.0282908590972545,"[0.01579, 0.03726, 0.01692, 0.0154, 0.03425]"
add-6th,size_only+impact60+t10_size_plus_impact_bm+book_to_market_lf_minus_size+book_to_market_lf_plus_impact+t10_size_plus_impact_wc+impact_abs_return60+reversal40,0.27306291586668646,0.45305882831565353,0.8270920255625644,0.58537458458697,23.73822187036751,0.18047853395888705,0.3609570679177741,1.1216535998186499,27.270834814755275,0.02718352969893921,"[0.01024, 0.01579, 0.03726, 0.01692, 0.0154, 0.03547]"
replace-SIZE,impact60+t10_size_plus_impact_bm+book_to_market_lf_minus_size+book_to_market_lf_plus_impact+t10_size_plus_impact_aggregate+book_to_market_lf_minus_size+reversal_turn_paper,0.298359346152821,0.4702694113978106,0.8024298591127393,0.5853595998205307,22.073579904726326,0.1762250470638323,0.3524500941276646,1.1065184157014274,25.438034920383856,0.028216164683868634,"[0.01579, 0.03726, 0.01692, 0.0154, 0.03399]"
replace-SIZE,impact60+t10_size_plus_impact_bm+book_to_market_lf_minus_size+book_to_market_lf_plus_impact+size_only+t10_size_plus_impact_fscore+t10_nomcap_plus_impact,0.2994822290085402,0.4799382406991508,0.7943765391305588,0.5853442726551623,22.905797813414225,0.18449025919595685,0.3689805183919137,1.1151336815793886,25.957699803621516,0.028796294441949047,"[0.01579, 0.03726, 0.01692, 0.0154, 0.03444]"
add-6th,size_only+impact60+t10_size_plus_impact_bm+book_to_market_lf_minus_size+book_to_market_lf_plus_impact+t10_size_plus_impact_g13+t10_size_plus_impact_wc+reversal_chip_turn_size_eq,0.2724327217426825,0.4595869632060362,0.8220044184964158,0.5852439697940363,23.91272200820947,0.18300308183693137,0.36600616367386274,1.1238095172692208,27.356176697911327,0.02757521779236217,"[0.01024, 0.01579, 0.03726, 0.01692, 0.0154, 0.03517]"
replace-SIZE,impact60+t10_size_plus_impact_bm+book_to_market_lf_minus_size+book_to_market_lf_plus_impact+t10_size_plus_impact_fscore+reversal_chip_turn_size_eq+impact_abs_return60,0.29976208762923295,0.48434863125722105,0.7898421788549074,0.5849034189505823,22.533494976565944,0.18269991138730643,0.36539982277461286,1.109423472756315,25.609820616727287,0.029060917875433263,"[0.01579, 0.03726, 0.01692, 0.0154, 0.03455]"
replace-SIZE,impact60+t10_size_plus_impact_bm+book_to_market_lf_minus_size+book_to_market_lf_plus_impact+t10_size_plus_impact_fscore+t10_size_plus_impact_wc+book_to_market_lf_div_oper_main_profit_ttm,0.29863293814532527,0.4810701403329022,0.7927747701405907,0.5848497833088466,22.414355533851328,0.17872730927721311,0.35745461855442623,1.1052495385864785,26.138850297798697,0.02886420841997413,"[0.01579, 0.03726, 0.01692, 0.0154, 0.0341]"
add-6th,size_only+impact60+t10_size_plus_impact_bm+book_to_market_lf_minus_size+book_to_market_lf_plus_impact+t10_size_plus_impact_aggregate+t10_size_plus_impact_bm+t10_size_plus_wc_mcap,0.2752626701050457,0.4601104558260944,0.8181526225728376,0.5842598737179191,23.55297845823307,0.1809427685651359,0.3618855371302718,1.118960460879136,27.161967729929547,0.027606627349565663,"[0.01024, 0.01579, 0.03726, 0.01692, 0.0154, 0.03653]"
add-6th,size_only+impact60+t10_size_plus_impact_bm+book_to_market_lf_minus_size+book_to_market_lf_plus_impact+t10_size_plus_impact_aggregate+t10_size_plus_impact_wc+t10_nomcap_plus_impact,0.27381088288028693,0.46438957741265435,0.8154537150299389,0.5842527004339589,23.589035475030542,0.18216119933121896,0.36432239866243793,1.117764984069863,26.996230601134773,0.02786337464475926,"[0.01024, 0.01579, 0.03726, 0.01692, 0.0154, 0.03583]"
replace-SIZE,impact60+t10_size_plus_impact_bm+book_to_market_lf_minus_size+book_to_market_lf_plus_impact+book_to_market_lf_plus_impact+reversal_turn_eq,0.3008369779496365,0.4684262215985843,0.800212962547681,0.5842124062958882,22.02474889302285,0.18023886498853112,0.36047772997706223,1.1148549513396833,24.59458425735086,0.028105573295915058,"[0.01579, 0.03726, 0.01692, 0.0154, 0.03498]"
add-6th,size_only+impact60+t10_size_plus_impact_bm+book_to_market_lf_minus_size+book_to_market_lf_plus_impact+t10_size_plus_impact_downside+t10_size_plus_impact_wc+reversal_chip_turn_paper,0.2728059869383602,0.46320132929477487,0.8159128253744425,0.5838424340593424,23.668960841457434,0.1834363152252424,0.3668726304504848,1.1214146455988798,26.94572649096142,0.02779207975768649,"[0.01024, 0.01579, 0.03726, 0.01692, 0.0154, 0.03535]"
add-6th,size_only+impact60+t10_size_plus_impact_bm+book_to_market_lf_minus_size+book_to_market_lf_plus_impact+t10_size_plus_impact_g13+momentum20_open,0.283986677598764,0.4802632989426237,0.7974955332226097,0.5837624800998454,24.09759660116825,0.19189269231206463,0.38378538462412926,1.1307349976703727,27.170096266588985,0.028815797936557423,"[0.01024, 0.01579, 0.03726, 0.01692, 0.0154, 0.04072]"
add-6th,size_only+impact60+t10_size_plus_impact_bm+book_to_market_lf_minus_size+book_to_market_lf_plus_impact+t10_size_plus_impact_aggregate+t10_size_plus_impact_dd120+t10_size_plus_wc_mcap,0.2685037101430215,0.46134834103647565,0.8190407773825552,0.5837410112135206,24.01290924196437,0.18523726310770672,0.37047452621541344,1.1259995793294306,27.22196334532281,0.02768090046218854,"[0.01024, 0.01579, 0.03726, 0.01692, 0.0154, 0.03328]"
replace-SIZE,impact60+t10_size_plus_impact_bm+book_to_market_lf_minus_size+book_to_market_lf_plus_impact+t10_size_plus_impact_wc+impact_abs_return60+reversal40,0.3020633171750237,0.48876957242143637,0.7825732486844704,0.5836399756905192,23.24961033503129,0.1938728016099787,0.3877456032199574,1.1283220090450796,25.49801289179039,0.02932617434528618,"[0.01579, 0.03726, 0.01692, 0.0154, 0.03547]"
replace-SIZE,impact60+t10_size_plus_impact_bm+book_to_market_lf_minus_size+book_to_market_lf_plus_impact+t10_size_plus_impact+impact60+reversal40,0.307571573484487,0.49429540648311443,0.7757552507908229,0.5836075698218577,23.18139967102619,0.19514553654900493,0.39029107309800987,1.1264372635320283,25.358877271342696,0.029657724388986863,"[0.01579, 0.03726, 0.01692, 0.0154, 0.03768]"
replace-SIZE,impact60+t10_size_plus_impact_bm+book_to_market_lf_minus_size+book_to_market_lf_plus_impact+t10_size_plus_impact_aggregate+t10_size_plus_impact_g13+t10_size_plus_impact_wc,0.30221483928954923,0.4971683357802698,0.7758316491538852,0.5835761275002527,22.66707729360263,0.18726866546635754,0.3745373309327151,1.1096811427777955,25.571778351786122,0.029830100146816186,"[0.01579, 0.03726, 0.01692, 0.0154, 0.03553]"
replace-SIZE,impact60+t10_size_plus_impact_bm+book_to_market_lf_minus_size+book_to_market_lf_plus_impact+t10_size_plus_impact_wc+impact_abs_return60+reversal_turn_eq,0.30654370801439224,0.49702682424399225,0.7740098380703774,0.5835725572199455,22.344276885103408,0.18533877854015107,0.37067755708030214,1.1086869785026257,25.4254719477666,0.029821609454639533,"[0.01579, 0.03726, 0.01692, 0.0154, 0.03726]"
replace-SIZE,impact60+t10_size_plus_impact_bm+book_to_market_lf_minus_size+book_to_market_lf_plus_impact+t10_size_plus_impact_wc+book_to_market_lf_minus_size+t10_nomcap_plus_impact,0.3013630822656657,0.474429655201269,0.7936671554989676,0.5834732157481127,22.18776052485702,0.17913598204042094,0.3582719640808419,1.106360875226434,25.415679876224416,0.02846577931207614,"[0.01579, 0.03726, 0.01692, 0.0154, 0.03519]"
replace-SIZE,impact60+t10_size_plus_impact_bm+book_to_market_lf_minus_size+book_to_market_lf_plus_impact+t10_size_plus_impact_aggregate+book_to_market_lf_minus_size+reversal_chip_eq,0.297481765220679,0.4692790619024589,0.7991477681229974,0.5833605203653452,22.758726409652493,0.1841905089143604,0.3683810178287208,1.1150139464915758,25.328246116900942,0.02815674371414753,"[0.01579, 0.03726, 0.01692, 0.0154, 0.03364]"
add-6th,size_only+impact60+t10_size_plus_impact_bm+book_to_market_lf_minus_size+book_to_market_lf_plus_impact+t10_size_plus_impact_g13+t10_size_plus_impact_bm+t10_nomcap_plus_impact,0.27402782866151004,0.46151786308084863,0.8153672795513544,0.5832520936087084,23.537813221054325,0.18207957453095908,0.36415914906191815,1.119047735522873,26.969595754581178,0.027691071784850918,"[0.01024, 0.01579, 0.03726, 0.01692, 0.0154, 0.03594]"
add-6th,size_only+impact60+t10_size_plus_impact_bm+book_to_market_lf_minus_size+book_to_market_lf_plus_impact+t10_size_plus_impact_aggregate+t10_size_plus_impact+t10_size_plus_impact_dd120,0.27048051130667916,0.456200501887487,0.8205546828058031,0.5830158851845677,23.779096575097206,0.18251069105956672,0.36502138211913343,1.1212514027738945,27.164230423631487,0.02737203011324922,"[0.01024, 0.01579, 0.03726, 0.01692, 0.0154, 0.03423]"
add-6th,size_only+impact60+t10_size_plus_impact_bm+book_to_market_lf_minus_size+book_to_market_lf_plus_impact+impact60+reversal_turn_paper+reversal_turn_eq,0.2764552926871223,0.46762263303911034,0.8080393214571872,0.5825766747568473,23.04159815887201,0.17919841574874748,0.35839683149749496,1.11556975065275,27.001052827145223,0.02805735798234662,"[0.01024, 0.01579, 0.03726, 0.01692, 0.0154, 0.0371]"
add-6th,size_only+impact60+t10_size_plus_impact_bm+book_to_market_lf_minus_size+book_to_market_lf_plus_impact+book_to_market_lf_minus_size+weighted_reversal_lowturn,0.2737495267434375,0.45222149537473877,0.8210326393087773,0.5824921164187958,22.833582234400506,0.17460782130378835,0.3492156426075767,1.1137736008049022,26.9626700350851,0.027133289722484324,"[0.01024, 0.01579, 0.03726, 0.01692, 0.0154, 0.0358]"
add-6th,size_only+impact60+t10_size_plus_impact_bm+book_to_market_lf_minus_size+book_to_market_lf_plus_impact+t10_size_plus_impact_fscore,0.27871326858333334,0.4785621898100334,0.7982892433559237,0.5824695796603441,23.484300982722235,0.18575551903167828,0.37151103806335656,1.118352150354197,26.872694404119535,0.028713731388602004,"[0.01024, 0.01579, 0.03726, 0.01692, 0.0154, 0.03818]"
add-6th,size_only+impact60+t10_size_plus_impact_bm+book_to_market_lf_minus_size+book_to_market_lf_plus_impact+t10_size_plus_impact_downside+t10_size_plus_impact+t10_size_plus_impact_dd120,0.27045922863445776,0.4567391896816804,0.8185667702354273,0.582305608721422,23.758376094833746,0.18268914787751625,0.3653782957550325,1.120492232924249,27.1585692468729,0.027404351380900825,"[0.01024, 0.01579, 0.03726, 0.01692, 0.0154, 0.03422]"
add-6th,size_only+impact60+t10_size_plus_impact_bm+book_to_market_lf_minus_size+book_to_market_lf_plus_impact+t10_size_plus_impact_g13+t10_size_plus_impact_downside+reversal_chip_turn_paper,0.2725784798504504,0.45686300970381916,0.8174497177529093,0.582270122355236,23.547151007987203,0.18114464908910802,0.36228929817821603,1.1190206545125387,27.13672743039959,0.027411780582229147,"[0.01024, 0.01579, 0.03726, 0.01692, 0.0154, 0.03524]"
replace-SIZE,impact60+t10_size_plus_impact_bm+book_to_market_lf_minus_size+book_to_market_lf_plus_impact+t10_nomcap_plus_impact+impact_abs_return60+reversal_chip_eq,0.29767926494604025,0.4840626623829683,0.7841239470550807,0.5818135609980333,23.03164128515585,0.19226326766100102,0.38452653532200204,1.119815858213805,24.879965920927038,0.029043759742978098,"[0.01579, 0.03726, 0.01692, 0.0154, 0.03372]"
replace-SIZE,impact60+t10_size_plus_impact_bm+book_to_market_lf_minus_size+book_to_market_lf_plus_impact+t10_size_plus_impact+book_to_market_lf_minus_size+t10_nomcap_plus_impact,0.2998744452470902,0.4731273535826916,0.7906571678580957,0.5813651883395032,22.24392014923801,0.18027208413139045,0.3605441682627809,1.1047050235571747,25.329187495549,0.028387641214961495,"[0.01579, 0.03726, 0.01692, 0.0154, 0.0346]"
add-6th,size_only+impact60+t10_size_plus_impact_bm+book_to_market_lf_minus_size+book_to_market_lf_plus_impact+t10_size_plus_impact_g13+t10_size_plus_impact_wc+reversal_chip_turn_eq,0.26928947904600226,0.4674185589264711,0.8085667550136332,0.5813094311896002,23.86563582382856,0.18678859629206568,0.37357719258413136,1.1236594527278987,27.01386835265005,0.028045113535588265,"[0.01024, 0.01579, 0.03726, 0.01692, 0.0154, 0.03366]"
replace-SIZE,impact60+t10_size_plus_impact_bm+book_to_market_lf_minus_size+book_to_market_lf_plus_impact+t10_size_plus_impact_downside+reversal_chip_turn_paper+book_to_market_lf_div_oper_main_profit_ttm,0.29917171379252444,0.47285260093616727,0.7909653181621112,0.5812671462591135,22.39901110879485,0.18131207795380574,0.3626241559076115,1.108954728830941,25.598021729424868,0.028371156056170035,"[0.01579, 0.03726, 0.01692, 0.0154, 0.03432]"
replace-SIZE,impact60+t10_size_plus_impact_bm+book_to_market_lf_minus_size+book_to_market_lf_plus_impact+t10_size_plus_impact_fscore+book_to_market_lf_plus_impact+reversal_chip_turn_paper,0.2974439604190435,0.46757436114944434,0.7954967652909035,0.5811133628670209,22.219327122812867,0.1816639625904787,0.3633279251809574,1.112696228861891,24.881292082455776,0.02805446166896666,"[0.01579, 0.03726, 0.01692, 0.0154, 0.03362]"
add-6th,size_only+impact60+t10_size_plus_impact_bm+book_to_market_lf_minus_size+book_to_market_lf_plus_impact+t10_size_plus_impact+t10_size_plus_impact_bm+t10_size_plus_wc_mcap,0.2727367318942919,0.4639945984577149,0.8090801152887009,0.581031507718974,23.67480018865998,0.18412662176384814,0.3682532435276963,1.119862279513543,27.143573744049487,0.027839675907462894,"[0.01024, 0.01579, 0.03726, 0.01692, 0.0154, 0.03532]"
add-6th,size_only+impact60+t10_size_plus_impact_bm+book_to_market_lf_minus_size+book_to_market_lf_plus_impact+t10_size_plus_impact_g13+t10_size_plus_impact_wc+reversal_turn_paper,0.27480390484318773,0.46160917322216855,0.8097991700119564,0.5809336181017769,23.543711388406454,0.1828446125658063,0.3656892251316126,1.121468918688644,27.25471190695271,0.027696550393330112,"[0.01024, 0.01579, 0.03726, 0.01692, 0.0154, 0.03631]"
add-6th,size_only+impact60+t10_size_plus_impact_bm+book_to_market_lf_minus_size+book_to_market_lf_plus_impact+t10_size_plus_impact+t10_size_plus_impact_wc+t10_size_plus_impact_dd120,0.2705702274810623,0.4613279059486893,0.8117730916026601,0.5808767037994508,23.855863927145784,0.185274735135527,0.370549470271054,1.1223612408797776,27.160925157578795,0.027679674356921355,"[0.01024, 0.01579, 0.03726, 0.01692, 0.0154, 0.03428]"
add-6th,size_only+impact60+t10_size_plus_impact_bm+book_to_market_lf_minus_size+book_to_market_lf_plus_impact+t10_size_plus_impact_fscore+t10_nomcap_plus_impact,0.2707488891808394,0.4880990111495991,0.7907476969137466,0.5808208953497136,23.627923304763378,0.190005190410618,0.380010380821236,1.1210980835657112,26.613592490502015,0.029285940668975944,"[0.01024, 0.01579, 0.03726, 0.01692, 0.0154, 0.03436]"
replace-SIZE,impact60+t10_size_plus_impact_bm+book_to_market_lf_minus_size+book_to_market_lf_plus_impact+impact60+reversal_chip_turn_paper+reversal_chip_eq,0.29831998902559,0.48134287351708954,0.7836683662733609,0.5807847683591117,22.928299964435585,0.19244294814626758,0.38488589629253517,1.121818718160805,24.700648571312968,0.02888057241102537,"[0.01579, 0.03726, 0.01692, 0.0154, 0.03397]"
add-6th,size_only+impact60+t10_size_plus_impact_bm+book_to_market_lf_minus_size+book_to_market_lf_plus_impact+t10_size_plus_impact_g13+t10_nomcap_plus_impact,0.27411551755884606,0.4632238189584089,0.8080051625090822,0.5805537632762993,23.642413996672108,0.18447748408468265,0.3689549681693653,1.119706162015782,27.02643349323092,0.027793429137504534,"[0.01024, 0.01579, 0.03726, 0.01692, 0.0154, 0.03598]"
replace-SIZE,impact60+t10_size_plus_impact_bm+book_to_market_lf_minus_size+book_to_market_lf_plus_impact+t10_size_plus_impact_g13+t10_size_plus_impact_downside,0.2973847759425487,0.4911740792254598,0.7757735720555574,0.5804859903424215,22.486573555078763,0.1850554889906039,0.3701109779812078,1.104463520367552,25.52874772779663,0.029470444753527586,"[0.01579, 0.03726, 0.01692, 0.0154, 0.0336]"
add-6th,size_only+impact60+t10_size_plus_impact_bm+book_to_market_lf_minus_size+book_to_market_lf_plus_impact+t10_size_plus_impact,0.27259255885833333,0.45931413699394513,0.8102836395348778,0.5799060975102425,23.69213016702791,0.18380911307806824,0.3676182261561365,1.1195213132387776,27.18102248526646,0.02755884821963671,"[0.01024, 0.01579, 0.03726, 0.01692, 0.0154, 0.03525]"
add-6th,size_only+impact60+t10_size_plus_impact_bm+book_to_market_lf_minus_size+book_to_market_lf_plus_impact+t10_size_plus_impact_g13+t10_size_plus_wc_mcap+t10_nomcap_plus_impact,0.27146438320252236,0.4671755955206328,0.8044346557183004,0.5797999301459611,23.722793110818486,0.18599352485601073,0.37198704971202146,1.1200873119595938,27.025230107428623,0.02803053573123797,"[0.01024, 0.01579, 0.03726, 0.01692, 0.0154, 0.0347]"
replace-SIZE,impact60+t10_size_plus_impact_bm+book_to_market_lf_minus_size+book_to_market_lf_plus_impact+t10_size_plus_impact+impact60+reversal_chip_turn_eq,0.3046297426962182,0.49246281927701213,0.7699644291374806,0.5797719283980641,22.303618822941456,0.18586898358731335,0.3717379671746267,1.1040425709442667,25.21456097408604,0.02954776915662073,"[0.01579, 0.03726, 0.01692, 0.0154, 0.0365]"
add-6th,size_only+impact60+t10_size_plus_impact_bm+book_to_market_lf_minus_size+book_to_market_lf_plus_impact+t10_size_plus_impact_downside+t10_size_plus_impact_fscore+reversal_turn_paper,0.27464783368500895,0.47233092890461564,0.798391907533596,0.5795217502437355,23.4679944630528,0.18550745115730247,0.37101490231460493,1.120973275470404,27.033611559913474,0.02833985573427694,"[0.01024, 0.01579, 0.03726, 0.01692, 0.0154, 0.03623]"
add-6th,size_only+impact60+t10_size_plus_impact_bm+book_to_market_lf_minus_size+book_to_market_lf_plus_impact+t10_size_plus_impact_aggregate+reversal_chip_turn_size_eq+t10_size_plus_wc_mcap,0.269077305145995,0.46481440520702666,0.8065984397154684,0.5794698007236192,23.841962962296908,0.18615252368069446,0.3723050473613889,1.1216289518490499,27.18523057874308,0.0278888643124216,"[0.01024, 0.01579, 0.03726, 0.01692, 0.0154, 0.03356]"
add-6th,size_only+impact60+t10_size_plus_impact_bm+book_to_market_lf_minus_size+book_to_market_lf_plus_impact+t10_nomcap_plus_impact+book_to_market_lf_div_oper_main_profit_ttm+reversal_turn_paper,0.2709421854625502,0.4571754510044213,0.8116146895885925,0.5794264552589241,23.122770538278097,0.17615776274920358,0.35231552549840717,1.109414161601055,27.59960323885826,0.02743052706026528,"[0.01024, 0.01579, 0.03726, 0.01692, 0.0154, 0.03445]"
add-6th,size_only+impact60+t10_size_plus_impact_bm+book_to_market_lf_minus_size+book_to_market_lf_plus_impact+t10_size_plus_impact+t10_size_plus_impact_bm+t10_size_plus_impact_fscore,0.2756648338323417,0.46938213074919133,0.7995302176836808,0.5792053104863417,23.407823474189282,0.183467539963707,0.366935079927414,1.1163043462290794,27.19616907069159,0.028162927844951478,"[0.01024, 0.01579, 0.03726, 0.01692, 0.0154, 0.03672]"
replace-SIZE,impact60+t10_size_plus_impact_bm+book_to_market_lf_minus_size+book_to_market_lf_plus_impact+impact_abs_return60+reversal_turn_paper+reversal_chip_eq,0.29943108043606975,0.48661516522592946,0.7741009166787306,0.5785469364217181,22.82480648396166,0.19202724715528074,0.3840544943105615,1.1188891664693106,25.12753305223957,0.029196909913555766,"[0.01579, 0.03726, 0.01692, 0.0154, 0.03442]"
replace-SIZE,impact60+t10_size_plus_impact_bm+book_to_market_lf_minus_size+book_to_market_lf_plus_impact+t10_size_plus_impact_g13+book_to_market_lf_minus_size+reversal40,0.3024518014732775,0.47856158028583873,0.7787308316760813,0.5784157876489356,22.87251552494962,0.19019222974913702,0.38038445949827404,1.1211352212359131,25.57585655058364,0.02871369481715032,"[0.01579, 0.03726, 0.01692, 0.0154, 0.03563]"
add-6th,size_only+impact60+t10_size_plus_impact_bm+book_to_market_lf_minus_size+book_to_market_lf_plus_impact+t10_size_plus_impact_bm+reversal_chip_turn_paper,0.2689679886399369,0.467159956296311,0.8024548534646718,0.5784042664907986,23.476657398595165,0.18643860206850502,0.37287720413701003,1.1219237635627681,26.53222148487876,0.02802959737777866,"[0.01024, 0.01579, 0.03726, 0.01692, 0.0154, 0.03351]"
add-6th,size_only+impact60+t10_size_plus_impact_bm+book_to_market_lf_minus_size+book_to_market_lf_plus_impact+t10_size_plus_impact_aggregate+t10_size_plus_wc_mcap+reversal_turn_paper,0.2739320734325971,0.46691781880405037,0.8003023508610562,0.5783437091554123,23.62019500660535,0.18595628215758075,0.3719125643151615,1.122393554192568,27.198000158395487,0.02801506912824302,"[0.01024, 0.01579, 0.03726, 0.01692, 0.0154, 0.03589]"
add-6th,size_only+impact60+t10_size_plus_impact_bm+book_to_market_lf_minus_size+book_to_market_lf_plus_impact+t10_size_plus_impact_aggregate+t10_size_plus_impact_fscore+reversal_turn_paper_nomcap,0.2726827200621571,0.4801791047360735,0.7905029585549571,0.5783255620197878,23.269846339743943,0.18617453209442933,0.37234906418885866,1.119050744661498,26.81615455149997,0.02881074628416441,"[0.01024, 0.01579, 0.03726, 0.01692, 0.0154, 0.03529]"
add-6th,size_only+impact60+t10_size_plus_impact_bm+book_to_market_lf_minus_size+book_to_market_lf_plus_impact+t10_size_plus_impact_aggregate+t10_size_plus_impact_downside+reversal_chip_turn_eq,0.2719450872685229,0.4640119351489342,0.8032552384265874,0.5782580520477959,23.62558802814067,0.18548788094070115,0.3709757618814023,1.119141041174222,26.982329482793375,0.02784071610893605,"[0.01024, 0.01579, 0.03726, 0.01692, 0.0154, 0.03494]"
add-6th,size_only+impact60+t10_size_plus_impact_bm+book_to_market_lf_minus_size+book_to_market_lf_plus_impact+t10_size_plus_impact_bm+t10_size_plus_impact_wc+reversal_turn_paper_nomcap,0.2717724140301062,0.4749272047749718,0.794619718614366,0.5781578778537261,23.199697662840396,0.1845560049493142,0.3691120098986284,1.118392287159922,26.81217808938532,0.028495632286498308,"[0.01024, 0.01579, 0.03726, 0.01692, 0.0154, 0.03485]"
add-6th,size_only+impact60+t10_size_plus_impact_bm+book_to_market_lf_minus_size+book_to_market_lf_plus_impact+t10_size_plus_impact_dd120+book_to_market_lf_minus_size+reversal40,0.26843292485305004,0.44810987219010373,0.8159310306185484,0.5776940040154931,23.864703481933535,0.18383366900892142,0.36766733801784285,1.1241414388373114,27.42178680360361,0.026886592331406223,"[0.01024, 0.01579, 0.03726, 0.01692, 0.0154, 0.03325]"
add-6th,size_only+impact60+t10_size_plus_impact_bm+book_to_market_lf_minus_size+book_to_market_lf_plus_impact+t10_size_plus_impact_wc+t10_size_plus_wc_mcap+t10_nomcap_plus_impact,0.27002224229117705,0.4791213779754614,0.7906291440395556,0.5774800455674469,23.521303054344003,0.18676642285700976,0.3735328457140195,1.116273670460299,27.094078026227287,0.02874728267852768,"[0.01024, 0.01579, 0.03726, 0.01692, 0.0154, 0.03401]"
add-6th,size_only+impact60+t10_size_plus_impact_bm+book_to_market_lf_minus_size+book_to_market_lf_plus_impact+t10_size_plus_impact_g13+t10_size_plus_impact_fscore+reversal_chip_turn_eq,0.27104783499865126,0.4825276411922138,0.7873049451431119,0.5773814667314054,23.651742718489817,0.18973506398555703,0.37947012797111407,1.1204785360011698,26.96646720489878,0.02895165847153283,"[0.01024, 0.01579, 0.03726, 0.01692, 0.0154, 0.03451]"
add-6th,size_only+impact60+t10_size_plus_impact_bm+book_to_market_lf_minus_size+book_to_market_lf_plus_impact+t10_size_plus_impact_aggregate+t10_size_plus_impact+reversal_chip_turn_paper,0.2725128391962746,0.4615382664831277,0.8029165383237068,0.5773534033540176,23.43373802456267,0.1838212189727534,0.3676424379455068,1.1166146833921262,26.92787399045683,0.02769229598898766,"[0.01024, 0.01579, 0.03726, 0.01692, 0.0154, 0.03521]"
add-6th,size_only+impact60+t10_size_plus_impact_bm+book_to_market_lf_minus_size+book_to_market_lf_plus_impact+t10_size_plus_impact_g13+t10_size_plus_impact_dd120+t10_nomcap_plus_impact,0.26845510708039233,0.4627879432076511,0.8034033949125129,0.5771983292493872,23.74216505217011,0.18663094299367855,0.3732618859873571,1.1206001430711856,26.976534086392046,0.027767276592459065,"[0.01024, 0.01579, 0.03726, 0.01692, 0.0154, 0.03326]"
replace-SIZE,impact60+t10_size_plus_impact_bm+book_to_market_lf_minus_size+book_to_market_lf_plus_impact+t10_size_plus_impact_fscore+impact60+reversal_turn_eq,0.31008936686590943,0.48948908854923173,0.7636752195585531,0.5769929031667619,22.307820742049373,0.188390267623655,0.37678053524731,1.109953183556917,25.229423882675896,0.029369345312953904,"[0.01579, 0.03726, 0.01692, 0.0154, 0.03868]"
replace-SIZE,impact60+t10_size_plus_impact_bm+book_to_market_lf_minus_size+book_to_market_lf_plus_impact+t10_size_plus_impact+book_to_market_lf_minus_size+reversal_turn_paper,0.299216595870197,0.47465590226480303,0.7794382850687761,0.5767201132476697,21.971515413998084,0.18010060606673414,0.3602012121334683,1.1032286655280108,25.420960633735035,0.02847935413588818,"[0.01579, 0.03726, 0.01692, 0.0154, 0.03433]"
add-6th,size_only+impact60+t10_size_plus_impact_bm+book_to_market_lf_minus_size+book_to_market_lf_plus_impact+t10_size_plus_impact_aggregate+book_to_market_lf_div_oper_main_profit_ttm+reversal40,0.26932703837892336,0.4467243116994234,0.813979253720643,0.5765095809448721,23.809453224921068,0.18119925301957082,0.36239850603914164,1.1177254728915873,27.910953776269988,0.0268034587019654,"[0.01024, 0.01579, 0.03726, 0.01692, 0.0154, 0.03368]"
add-6th,size_only+impact60+t10_size_plus_impact_bm+book_to_market_lf_minus_size+book_to_market_lf_plus_impact+t10_size_plus_impact_g13+t10_size_plus_impact+reversal_chip_turn_paper,0.2720965558639131,0.46026041081007957,0.8013592592576992,0.5761221216222752,23.481292455776217,0.18442159261586602,0.36884318523173204,1.117555891864036,27.015261514893886,0.027615624648604772,"[0.01024, 0.01579, 0.03726, 0.01692, 0.0154, 0.03501]"
replace-SIZE,impact60+t10_size_plus_impact_bm+book_to_market_lf_minus_size+book_to_market_lf_plus_impact+t10_size_plus_impact+reversal_chip_turn_paper+book_to_market_lf_div_oper_main_profit_ttm,0.2984482177575337,0.47660006122102383,0.7763984325789024,0.5758789596393712,22.372431613810825,0.1843371609781042,0.3686743219562084,1.1067644062576951,25.53315591004649,0.028596003673261428,"[0.01579, 0.03726, 0.01692, 0.0154, 0.03403]"
replace-SIZE,impact60+t10_size_plus_impact_bm+book_to_market_lf_minus_size+book_to_market_lf_plus_impact+t10_size_plus_impact_g13+momentum20_open,0.3151718312535168,0.5345416627188029,0.7227034735827533,0.5753405113145234,22.968019563431472,0.2069952895308202,0.4139905790616404,1.119074639852769,25.13132091184167,0.03207249976312817,"[0.01579, 0.03726, 0.01692, 0.0154, 0.04072]"
replace-SIZE,impact60+t10_size_plus_impact_bm+book_to_market_lf_minus_size+book_to_market_lf_plus_impact+t10_size_plus_impact_bm+reversal_chip_turn_size_eq+book_to_market_lf_div_oper_main_profit_ttm,0.298148001667433,0.4743055138697251,0.776225002535191,0.5749377813287263,22.308672862273262,0.18244228398857654,0.3648845679771531,1.1028616797775506,25.773656615471797,0.028458330832183503,"[0.01579, 0.03726, 0.01692, 0.0154, 0.03391]"
replace-SIZE,impact60+t10_size_plus_impact_bm+book_to_market_lf_minus_size+book_to_market_lf_plus_impact+impact60+t10_nomcap_plus_impact+reversal_chip_turn_paper,0.30406756146266245,0.48603654945493036,0.7643729940736927,0.5748941519349199,21.996010308120763,0.18534353810543938,0.37068707621087876,1.1028171777500264,24.930307649214377,0.02916219296729582,"[0.01579, 0.03726, 0.01692, 0.0154, 0.03627]"
replace-SIZE,impact60+t10_size_plus_impact_bm+book_to_market_lf_minus_size+book_to_market_lf_plus_impact+t10_size_plus_impact+reversal_chip_turn_size_eq+book_to_market_lf_div_oper_main_profit_ttm,0.29724163340892523,0.4777681863651418,0.7730381855916302,0.5745343754258182,22.548963212953034,0.18542194593288702,0.37084389186577404,1.1069422952986665,25.90707479521438,0.028666091181908507,"[0.01579, 0.03726, 0.01692, 0.0154, 0.03354]"
replace-SIZE,impact60+t10_size_plus_impact_bm+book_to_market_lf_minus_size+book_to_market_lf_plus_impact+t10_size_plus_impact_dd120+book_to_market_lf_plus_impact+t10_size_plus_wc_mcap,0.30111642355107276,0.474146873369135,0.7741038749113845,0.5745214340995348,21.988964877615807,0.18146724310229595,0.3629344862045919,1.1009349348411033,25.30620959274925,0.0284488124021481,"[0.01579, 0.03726, 0.01692, 0.0154, 0.03509]"
replace-SIZE,impact60+t10_size_plus_impact_bm+book_to_market_lf_minus_size+book_to_market_lf_plus_impact+impact60+reversal_turn_paper+reversal_turn_paper_nomcap,0.30349303587871296,0.48400929083897726,0.7653239655373625,0.5744976434611977,21.83644219540233,0.1857119950909001,0.3714239901818002,1.1100486550664959,24.697733340961726,0.029040557450338636,"[0.01579, 0.03726, 0.01692, 0.0154, 0.03604]"
replace-SIZE,impact60+t10_size_plus_impact_bm+book_to_market_lf_minus_size+book_to_market_lf_plus_impact+t10_size_plus_impact_g13+t10_size_plus_impact_bm+t10_size_plus_impact_wc,0.30430719702056697,0.49941672872613113,0.7529322042390987,0.5744767863658538,22.275644320302174,0.18869101251343456,0.37738202502686913,1.101771290160998,25.44575765202487,0.029965003723567866,"[0.01579, 0.03726, 0.01692, 0.0154, 0.03637]"
add-6th,size_only+impact60+t10_size_plus_impact_bm+book_to_market_lf_minus_size+book_to_market_lf_plus_impact+t10_size_plus_impact_g13+reversal_turn_paper_nomcap,0.26912080831555124,0.47137253864946443,0.7896021944529656,0.5741255376942573,23.080226451545848,0.18520786725010863,0.37041573450021725,1.1168123973237403,26.598800190199935,0.028282352318967866,"[0.01024, 0.01579, 0.03726, 0.01692, 0.0154, 0.03358]"
add-6th,size_only+impact60+t10_size_plus_impact_bm+book_to_market_lf_minus_size+book_to_market_lf_plus_impact+t10_size_plus_impact_downside+t10_size_plus_impact+reversal_turn_paper_nomcap,0.27262423807799957,0.4712312949218917,0.7881270135875309,0.5741129569526509,23.158571162624547,0.18465436633363463,0.36930873266726927,1.1141623483577356,26.931196715433526,0.0282738776953135,"[0.01024, 0.01579, 0.03726, 0.01692, 0.0154, 0.03526]"
replace-SIZE,impact60+t10_size_plus_impact_bm+book_to_market_lf_minus_size+book_to_market_lf_plus_impact+t10_size_plus_impact+impact60+reversal_turn_eq,0.3092733418447455,0.5024053894296714,0.7472850860224589,0.5739748433794406,21.96495434824583,0.18734140050100276,0.3746828010020055,1.097965752411648,25.283499810702214,0.030144323365780285,"[0.01579, 0.03726, 0.01692, 0.0154, 0.03836]"
replace-SIZE,impact60+t10_size_plus_impact_bm+book_to_market_lf_minus_size+book_to_market_lf_plus_impact+t10_size_plus_impact_wc+book_to_market_lf_plus_impact+reversal_turn_eq,0.3079547926809415,0.47788819352303197,0.7669049332400341,0.5739590462272648,21.940123045657764,0.1840400318886381,0.3680800637772762,1.1061882086454726,25.17850908142333,0.028673291611381917,"[0.01579, 0.03726, 0.01692, 0.0154, 0.03783]"
add-6th,size_only+impact60+t10_size_plus_impact_bm+book_to_market_lf_minus_size+book_to_market_lf_plus_impact+t10_size_plus_impact_bm+t10_size_plus_wc_mcap,0.2719085632088727,0.46613664059920673,0.7910816304453429,0.5735162705519012,23.258616510133855,0.1838395039238822,0.3676790078477644,1.1111865261972322,27.061729342870024,0.027968198435952402,"[0.01024, 0.01579, 0.03726, 0.01692, 0.0154, 0.03492]"
add-6th,size_only+impact60+t10_size_plus_impact_bm+book_to_market_lf_minus_size+book_to_market_lf_plus_impact+t10_size_plus_impact_aggregate+t10_size_plus_impact_wc+reversal_turn_eq,0.2723239075502896,0.47788937711610463,0.7810479288930997,0.5731976315025894,23.456973417384017,0.1884370924974833,0.3768741849949666,1.1161875437818347,27.12057034293701,0.02867336262696628,"[0.01024, 0.01579, 0.03726, 0.01692, 0.0154, 0.03512]"
replace-SIZE,impact60+t10_size_plus_impact_bm+book_to_market_lf_minus_size+book_to_market_lf_plus_impact+t10_size_plus_impact_bm+book_to_market_lf_plus_impact+reversal_chip_turn_eq,0.3002899284261295,0.4692451728949756,0.7741957345428375,0.5726818767427442,21.740789752374273,0.18149411137030186,0.3629882227406037,1.099624618324109,24.55821087752493,0.028154710373698533,"[0.01579, 0.03726, 0.01692, 0.0154, 0.03476]"
replace-SIZE,impact60+t10_size_plus_impact_bm+book_to_market_lf_minus_size+book_to_market_lf_plus_impact+t10_size_plus_impact_bm+book_to_market_lf_minus_size+reversal_turn_eq,0.3030174866286802,0.47203100201953274,0.7704137733088832,0.57250054602157,22.01198312618472,0.18405790932151853,0.36811581864303705,1.1053334422052452,25.05246122038396,0.028321860121171962,"[0.01579, 0.03726, 0.01692, 0.0154, 0.03585]"
replace-SIZE,impact60+t10_size_plus_impact_bm+book_to_market_lf_minus_size+book_to_market_lf_plus_impact+t10_size_plus_impact_g13+paper_composite+reversal_turn_eq,0.30001613612948874,0.47967708201152387,0.76553446649484,0.5723807158526091,22.055428119995092,0.18495780934202657,0.36991561868405315,1.1086559055937015,25.427121533663776,0.02878062492069143,"[0.01579, 0.03726, 0.01692, 0.0154, 0.03465]"
add-6th,size_only+impact60+t10_size_plus_impact_bm+book_to_market_lf_minus_size+book_to_market_lf_plus_impact+t10_size_plus_impact_aggregate+t10_size_plus_impact_bm+reversal_chip_turn_size_eq,0.272864806846914,0.45930777815310897,0.7934320871581565,0.5723751229441414,23.15964341159547,0.1818997576665765,0.363799515333153,1.1088446676903734,27.13294717861646,0.027558466689186538,"[0.01024, 0.01579, 0.03726, 0.01692, 0.0154, 0.03538]"
replace-SIZE,impact60+t10_size_plus_impact_bm+book_to_market_lf_minus_size+book_to_market_lf_plus_impact+t10_size_plus_impact_bm+book_to_market_lf_minus_size+reversal_turn_paper_nomcap,0.2959169938310905,0.46101900479233937,0.781519784032847,0.572223953258318,21.675505860972837,0.17887242393005548,0.35774484786011096,1.102095368873139,24.81459561571566,0.02766114028754036,"[0.01579, 0.03726, 0.01692, 0.0154, 0.03301]"
add-6th,size_only+impact60+t10_size_plus_impact_bm+book_to_market_lf_minus_size+book_to_market_lf_plus_impact+t10_size_plus_impact_wc+momentum20,0.27728709117417105,0.49864994976583904,0.7597886510138049,0.5718897936090901,23.618106318756254,0.1957023011412119,0.3914046022824238,1.1200883706274214,27.12620815558059,0.029918996985950342,"[0.01024, 0.01579, 0.03726, 0.01692, 0.0154, 0.0375]"
replace-SIZE,impact60+t10_size_plus_impact_bm+book_to_market_lf_minus_size+book_to_market_lf_plus_impact+t10_size_plus_impact_downside+t10_size_plus_impact_bm+t10_size_plus_impact_wc,0.3038401769628195,0.5012935067773461,0.7438052292857518,0.5709331159432234,22.073682863609747,0.18898491876048765,0.3779698375209753,1.0980419453483694,25.33805375212279,0.03007761040664076,"[0.01579, 0.03726, 0.01692, 0.0154, 0.03618]"
replace-SIZE,impact60+t10_size_plus_impact_bm+book_to_market_lf_minus_size+book_to_market_lf_plus_impact+reversal_chip_turn_size_eq+impact_abs_return60+reversal_chip_turn_eq,0.296983502313315,0.49090131151222477,0.7528086407703379,0.5699760478385938,22.37120980867632,0.19062808559613692,0.38125617119227384,1.1040602250544054,25.23157888055616,0.029454078690733486,"[0.01579, 0.03726, 0.01692, 0.0154, 0.03344]"
replace-SIZE,impact60+t10_size_plus_impact_bm+book_to_market_lf_minus_size+book_to_market_lf_plus_impact+impact60+reversal_chip_turn_size_eq+reversal_chip_turn_eq,0.3026099763527497,0.4978010020153847,0.7445880501422651,0.5698169685399539,22.08625702813016,0.19001822025236373,0.38003644050472746,1.097887570234641,24.984615410715193,0.02986806012092308,"[0.01579, 0.03726, 0.01692, 0.0154, 0.03569]"
add-6th,size_only+impact60+t10_size_plus_impact_bm+book_to_market_lf_minus_size+book_to_market_lf_plus_impact+t10_size_plus_impact_aggregate+reversal_chip_turn_size_eq+t10_nomcap_plus_impact,0.2702360077506844,0.46756596916857945,0.781075792803318,0.5691793975206327,23.446638009275627,0.18828504991487724,0.3765700998297545,1.113935466270858,27.02555320053781,0.028053958150114765,"[0.01024, 0.01579, 0.03726, 0.01692, 0.0154, 0.03412]"
replace-SIZE,impact60+t10_size_plus_impact_bm+book_to_market_lf_minus_size+book_to_market_lf_plus_impact+book_to_market_lf_plus_impact+reversal_chip_turn_paper+reversal_turn_paper,0.29674556497286,0.46724286437565504,0.769346478118436,0.5690900306793475,21.725692744156095,0.18284624083934276,0.3656924816786855,1.1053947992869892,24.757705003940742,0.0280345718625393,"[0.01579, 0.03726, 0.01692, 0.0154, 0.03335]"
add-6th,size_only+impact60+t10_size_plus_impact_bm+book_to_market_lf_minus_size+book_to_market_lf_plus_impact+impact60+exp_weighted_reversal63,0.27223493858446124,0.44417365686828325,0.7980449779571811,0.5690280077015228,23.988293091205723,0.19139444369006878,0.38278888738013755,1.1341897383569108,27.193433346617844,0.026650419412096994,"[0.01024, 0.01579, 0.03726, 0.01692, 0.0154, 0.03507]"
add-6th,size_only+impact60+t10_size_plus_impact_bm+book_to_market_lf_minus_size+book_to_market_lf_plus_impact+t10_size_plus_impact_aggregate+t10_size_plus_impact_dd120+reversal_chip_turn_paper,0.2688047156584231,0.4624424160408753,0.7834785627322176,0.568181141975489,23.31325952719278,0.18645090783061555,0.3729018156612311,1.1111054517771644,26.939275758730265,0.02774654496245252,"[0.01024, 0.01579, 0.03726, 0.01692, 0.0154, 0.03343]"
replace-SIZE,impact60+t10_size_plus_impact_bm+book_to_market_lf_minus_size+book_to_market_lf_plus_impact+t10_size_plus_impact_wc+momentum20,0.3071323275440052,0.5491926701949622,0.6989388957092267,0.5681664031461898,22.642972405503397,0.20949220213885117,0.41898440427770234,1.1135331706834686,25.260839629789967,0.032951560211697734,"[0.01579, 0.03726, 0.01692, 0.0154, 0.0375]"
add-6th,size_only+impact60+t10_size_plus_impact_bm+book_to_market_lf_minus_size+book_to_market_lf_plus_impact+t10_size_plus_impact_bm+reversal_chip_turn_size_eq+t10_size_plus_wc_mcap,0.2680696893547702,0.46820424330887794,0.7790808761947718,0.5680718173167086,23.32674334926763,0.18738947609933118,0.37477895219866236,1.1106875713237288,26.984916601549504,0.028092254598532675,"[0.01024, 0.01579, 0.03726, 0.01692, 0.0154, 0.03308]"
replace-SIZE,impact60+t10_size_plus_impact_bm+book_to_market_lf_minus_size+book_to_market_lf_plus_impact+t10_size_plus_impact_dd120+book_to_market_lf_minus_size+reversal40,0.29650732795865997,0.4859637125746298,0.7517769889773037,0.567688410032639,22.77833124334204,0.19669355869038982,0.39338711738077964,1.1175890056376845,25.24684236758211,0.029157822754477786,"[0.01579, 0.03726, 0.01692, 0.0154, 0.03325]"
replace-SIZE,impact60+t10_size_plus_impact_bm+book_to_market_lf_minus_size+book_to_market_lf_plus_impact+t10_size_plus_impact_aggregate+t10_size_plus_impact_wc+t10_nomcap_plus_impact,0.3029608775913442,0.5110954047574398,0.7278730300622662,0.5670184307113926,22.115864004442738,0.19368634891195857,0.38737269782391714,1.0966092460522747,25.203533662704757,0.030665724285446384,"[0.01579, 0.03726, 0.01692, 0.0154, 0.03583]"
add-6th,size_only+impact60+t10_size_plus_impact_bm+book_to_market_lf_minus_size+book_to_market_lf_plus_impact+t10_size_plus_impact_bm+t10_size_plus_impact_dd120+reversal_turn_paper_nomcap,0.2698780886397196,0.46917189916511437,0.7750293784470718,0.5669490027369162,23.135303076190688,0.18843432189123763,0.37686864378247525,1.1140965680239552,26.67286696749801,0.02815031394990686,"[0.01024, 0.01579, 0.03726, 0.01692, 0.0154, 0.03394]"
replace-SIZE,impact60+t10_size_plus_impact_bm+book_to_market_lf_minus_size+book_to_market_lf_plus_impact+book_to_market_lf_minus_size+t10_nomcap_plus_impact+reversal_turn_paper_nomcap,0.302129999165997,0.4718682109839024,0.7579096767641545,0.5666392282214348,21.672037810587096,0.18427568165297528,0.36855136330595056,1.1010019102499926,24.80075483826505,0.028312092659034144,"[0.01579, 0.03726, 0.01692, 0.0154, 0.0355]"
add-6th,size_only+impact60+t10_size_plus_impact_bm+book_to_market_lf_minus_size+book_to_market_lf_plus_impact+t10_size_plus_impact_downside+t10_size_plus_wc_mcap+reversal_turn_eq,0.26971900297356227,0.4825977815821791,0.7639421973325665,0.5666270129481301,23.42331324008834,0.1918195113715363,0.3836390227430726,1.1130512495359317,27.12641276515686,0.028955866894930744,"[0.01024, 0.01579, 0.03726, 0.01692, 0.0154, 0.03387]"
replace-SIZE,impact60+t10_size_plus_impact_bm+book_to_market_lf_minus_size+book_to_market_lf_plus_impact+impact60+reversal_turn_paper+reversal_chip_turn_eq,0.304974718169959,0.4908416355439871,0.7410408296718882,0.5662578894267369,21.790388111010742,0.1892098823853796,0.3784197647707592,1.0996612667812589,24.819027237980563,0.029450498132639225,"[0.01579, 0.03726, 0.01692, 0.0154, 0.03664]"
replace-SIZE,impact60+t10_size_plus_impact_bm+book_to_market_lf_minus_size+book_to_market_lf_plus_impact+t10_size_plus_impact_dd120+book_to_market_lf_plus_impact+reversal_turn_eq,0.30508056241195275,0.4782574440614845,0.7505769754215604,0.5661658568436123,21.877010275786052,0.18768755435938997,0.37537510871877994,1.102259609590809,24.9136970530479,0.02869544664368907,"[0.01579, 0.03726, 0.01692, 0.0154, 0.03668]"
replace-SIZE,impact60+t10_size_plus_impact_bm+book_to_market_lf_minus_size+book_to_market_lf_plus_impact+t10_size_plus_impact_fscore+book_to_market_lf_div_oper_main_profit_ttm+reversal_turn_paper,0.30035906406104473,0.47181792757417346,0.7575438123446175,0.5661028030182476,21.997407051934847,0.18363089931351542,0.36726179862703084,1.1008474730557738,25.887983947513092,0.028309075654450407,"[0.01579, 0.03726, 0.01692, 0.0154, 0.03479]"
replace-SIZE,impact60+t10_size_plus_impact_bm+book_to_market_lf_minus_size+book_to_market_lf_plus_impact+t10_size_plus_impact_fscore+book_to_market_lf_minus_size+reversal_turn_paper_nomcap,0.2968379077385875,0.461455238323029,0.7671281118336444,0.5660845652859177,21.816594983524446,0.18315825334386282,0.36631650668772564,1.1071127822546607,25.161124152541824,0.02768731429938174,"[0.01579, 0.03726, 0.01692, 0.0154, 0.03338]"
replace-SIZE,impact60+t10_size_plus_impact_bm+book_to_market_lf_minus_size+book_to_market_lf_plus_impact+t10_size_plus_impact_fscore,0.308843740435,0.49584227182116264,0.7346456586731829,0.5659040896273392,22.524106791519586,0.19788197259812457,0.39576394519624913,1.111350435491756,25.258824458372185,0.029750536309269757,"[0.01579, 0.03726, 0.01692, 0.0154, 0.03818]"
add-6th,size_only+impact60+t10_size_plus_impact_bm+book_to_market_lf_minus_size+book_to_market_lf_plus_impact+t10_size_plus_impact_bm+t10_size_plus_impact_fscore+reversal_turn_paper_nomcap,0.27079161998625106,0.4764071056361828,0.7651486742062095,0.5652177143627084,22.774749709480908,0.18706121265010503,0.37412242530021006,1.1078122456694879,26.60372291564229,0.02858442633817097,"[0.01024, 0.01579, 0.03726, 0.01692, 0.0154, 0.03438]"
replace-SIZE,impact60+t10_size_plus_impact_bm+book_to_market_lf_minus_size+book_to_market_lf_plus_impact+reversal_chip_turn_size_eq+book_to_market_lf_plus_impact+t10_size_plus_wc_mcap,0.30210010979007845,0.4774215479112286,0.7496799995675143,0.5648735635323271,21.621717587099802,0.18208802848503639,0.36417605697007277,1.0902651279467805,25.425807924002942,0.028645292874673715,"[0.01579, 0.03726, 0.01692, 0.0154, 0.03549]"
replace-SIZE,impact60+t10_size_plus_impact_bm+book_to_market_lf_minus_size+book_to_market_lf_plus_impact+t10_size_plus_impact_aggregate+t10_size_plus_impact_downside+reversal_chip_turn_eq,0.3007219228572275,0.510541034800801,0.7244546360307914,0.564838332965582,22.222227573874864,0.19640364575368652,0.39280729150737304,1.0989737782279434,25.071275481097576,0.03063246208804806,"[0.01579, 0.03726, 0.01692, 0.0154, 0.03494]"
add-6th,size_only+impact60+t10_size_plus_impact_bm+book_to_market_lf_minus_size+book_to_market_lf_plus_impact+t10_size_plus_impact+t10_size_plus_impact_dd120+reversal_turn_paper,0.27036233705210916,0.4667038462316648,0.7716709070764569,0.5646707217759102,23.351303784576906,0.1894328376930137,0.3788656753860274,1.1131815371151623,27.097871808070938,0.028002230773899885,"[0.01024, 0.01579, 0.03726, 0.01692, 0.0154, 0.03418]"
replace-SIZE,impact60+t10_size_plus_impact_bm+book_to_market_lf_minus_size+book_to_market_lf_plus_impact+t10_size_plus_impact_g13+t10_nomcap_plus_impact,0.3033264392056152,0.5030311009527219,0.7284754282674671,0.5645401158949359,22.213036667605657,0.19542362770738614,0.3908472554147723,1.0996623461233357,25.052642588232345,0.03018186605716331,"[0.01579, 0.03726, 0.01692, 0.0154, 0.03598]"
add-6th,size_only+impact60+t10_size_plus_impact_bm+book_to_market_lf_minus_size+book_to_market_lf_plus_impact+t10_size_plus_impact_aggregate+t10_nomcap_plus_impact+reversal_turn_paper_nomcap,0.27014180674934163,0.47857437605167824,0.7618470106780524,0.5643605477730793,22.849129237619938,0.188019038239804,0.376038076479608,1.106539387893041,26.679009183881607,0.028714462563100694,"[0.01024, 0.01579, 0.03726, 0.01692, 0.0154, 0.03407]"
add-6th,size_only+impact60+t10_size_plus_impact_bm+book_to_market_lf_minus_size+book_to_market_lf_plus_impact+t10_size_plus_impact+t10_size_plus_wc_mcap+reversal_turn_paper_nomcap,0.268103219353426,0.48004378546330856,0.7614735342203315,0.5642990591819923,23.09453633144287,0.1898064481112484,0.3796128962224968,1.1118949667696332,27.0483211871565,0.028802627127798512,"[0.01024, 0.01579, 0.03726, 0.01692, 0.0154, 0.03309]"
replace-SIZE,impact60+t10_size_plus_impact_bm+book_to_market_lf_minus_size+book_to_market_lf_plus_impact+t10_size_plus_impact_g13+t10_size_plus_impact_downside+reversal_chip_turn_paper,0.3014819939555405,0.49508867027796494,0.7348156711548697,0.5642444854080872,22.103061554673182,0.19275268374191903,0.38550536748383807,1.0992018661241023,25.035964607043702,0.029705320216677895,"[0.01579, 0.03726, 0.01692, 0.0154, 0.03524]"
replace-SIZE,impact60+t10_size_plus_impact_bm+book_to_market_lf_minus_size+book_to_market_lf_plus_impact+book_to_market_lf_minus_size+reversal_chip_turn_size_eq+reversal_chip_turn_paper,0.2966548961216424,0.473617714157448,0.75325472204165,0.5640618040981777,21.811354543572232,0.18534473142849225,0.3706894628569845,1.0980721903586257,25.041384074206952,0.02841706284944688,"[0.01579, 0.03726, 0.01692, 0.0154, 0.03331]"
add-6th,size_only+impact60+t10_size_plus_impact_bm+book_to_market_lf_minus_size+book_to_market_lf_plus_impact+t10_size_plus_impact+reversal_chip_turn_size_eq+t10_nomcap_plus_impact,0.26888483737083585,0.4771223003456539,0.7627203725959174,0.5639939402633088,23.28445791684016,0.19123720504675915,0.3824744100935183,1.1089841752520513,26.84662679033626,0.028627338020739232,"[0.01024, 0.01579, 0.03726, 0.01692, 0.0154, 0.03347]"
replace-SIZE,impact60+t10_size_plus_impact_bm+book_to_market_lf_minus_size+book_to_market_lf_plus_impact+t10_size_plus_impact_downside+t10_size_plus_impact_fscore+t10_size_plus_impact_wc,0.3037719929997555,0.5033220631564432,0.7267401446670789,0.5639501858048918,22.010129542769892,0.19184646355055268,0.38369292710110536,1.094713860343191,25.46916260080391,0.030199323789386594,"[0.01579, 0.03726, 0.01692, 0.0154, 0.03616]"
replace-SIZE,impact60+t10_size_plus_impact_bm+book_to_market_lf_minus_size+book_to_market_lf_plus_impact+book_to_market_lf_minus_size+t10_size_plus_wc_mcap+reversal_turn_paper_nomcap,0.29621881534150846,0.47016438349823203,0.7557253408323468,0.563877700667239,21.697250429372232,0.18387173304204205,0.3677434660840841,1.1016898114007299,25.201379508668296,0.02820986300989392,"[0.01579, 0.03726, 0.01692, 0.0154, 0.03313]"
replace-SIZE,impact60+t10_size_plus_impact_bm+book_to_market_lf_minus_size+book_to_market_lf_plus_impact+impact60+reversal_turn_paper+reversal_turn_eq,0.3061341693595467,0.49434743672956927,0.7322572044529655,0.5637641787310931,21.744255685422583,0.19104051774473052,0.38208103548946104,1.1011264170989423,24.90716419439749,0.029660846203774155,"[0.01579, 0.03726, 0.01692, 0.0154, 0.0371]"
replace-SIZE,impact60+t10_size_plus_impact_bm+book_to_market_lf_minus_size+book_to_market_lf_plus_impact+t10_size_plus_impact_aggregate+t10_size_plus_impact+t10_size_plus_impact_dd120,0.29896443170301495,0.503093293167698,0.728624655212977,0.563756633795137,22.34126821293999,0.19560899492988879,0.39121798985977757,1.0995727414669363,25.31558138295654,0.03018559759006188,"[0.01579, 0.03726, 0.01692, 0.0154, 0.03423]"
replace-SIZE,impact60+t10_size_plus_impact_bm+book_to_market_lf_minus_size+book_to_market_lf_plus_impact+t10_nomcap_plus_impact+impact_abs_return60+reversal_turn_eq,0.30370281903508495,0.4977177822232899,0.7305746387412214,0.5637003750187181,21.828542416446968,0.19080756337689897,0.38161512675379794,1.095604825873248,25.04501791318209,0.02986306693339739,"[0.01579, 0.03726, 0.01692, 0.0154, 0.03613]"
add-6th,size_only+impact60+t10_size_plus_impact_bm+book_to_market_lf_minus_size+book_to_market_lf_plus_impact+t10_size_plus_impact_aggregate+weighted_reversal_lowturn,0.2812723752033623,0.4797712328730859,0.7540727214839603,0.5635071312140346,23.2498218115041,0.19475439850885148,0.38950879701770297,1.1170128265786432,26.784621457473577,0.028786273972385153,"[0.01024, 0.01579, 0.03726, 0.01692, 0.0154, 0.03941]"
add-6th,size_only+impact60+t10_size_plus_impact_bm+book_to_market_lf_minus_size+book_to_market_lf_plus_impact+t10_size_plus_impact_aggregate+t10_size_plus_impact_wc+reversal40,0.27327002897740044,0.4751639781803385,0.760933392238893,0.5633814246661004,23.633850822474848,0.1937999807017836,0.3875999614035672,1.1149373376659455,27.368473199931877,0.02850983869082031,"[0.01024, 0.01579, 0.03726, 0.01692, 0.0154, 0.03557]"
replace-SIZE,impact60+t10_size_plus_impact_bm+book_to_market_lf_minus_size+book_to_market_lf_plus_impact+t10_size_plus_impact,0.301498888765,0.5061179707816889,0.7235984079883837,0.5630603511213638,22.285853309091802,0.1961272914439318,0.3922545828878636,1.0983265258979231,25.353776253457127,0.030367078246901328,"[0.01579, 0.03726, 0.01692, 0.0154, 0.03525]"
add-6th,size_only+impact60+t10_size_plus_impact_bm+book_to_market_lf_minus_size+book_to_market_lf_plus_impact+t10_nomcap_plus_impact,0.2693058087333334,0.4887222747718158,0.7507537066639075,0.5627531259155606,23.090031250059585,0.19420389353521292,0.38840778707042584,1.1082136214655995,26.355305481581137,0.029323336486308946,"[0.01024, 0.01579, 0.03726, 0.01692, 0.0154, 0.03367]"
replace-SIZE,impact60+t10_size_plus_impact_bm+book_to_market_lf_minus_size+book_to_market_lf_plus_impact+t10_size_plus_impact_downside+t10_size_plus_impact_bm+t10_size_plus_impact_fscore,0.3055198510316507,0.4871742118970829,0.7354647804539851,0.5625740955746025,22.113111571326282,0.1918776201454078,0.3837552402908156,1.1000167827136156,25.318768990083708,0.029230452713824972,"[0.01579, 0.03726, 0.01692, 0.0154, 0.03685]"
replace-SIZE,impact60+t10_size_plus_impact_bm+book_to_market_lf_minus_size+book_to_market_lf_plus_impact+impact_abs_return60+reversal_chip_turn_paper+reversal_turn_eq,0.302668778037964,0.4882428555313708,0.7351261165973044,0.5622255075123596,21.91374875014003,0.19151055876618742,0.38302111753237483,1.1009638033612623,24.980109200312373,0.02929457133188225,"[0.01579, 0.03726, 0.01692, 0.0154, 0.03571]"
replace-SIZE,impact60+t10_size_plus_impact_bm+book_to_market_lf_minus_size+book_to_market_lf_plus_impact+t10_size_plus_impact_downside+t10_size_plus_impact+t10_size_plus_impact_dd120,0.29893889249634925,0.5036165105578914,0.7242565652208878,0.5619690115439313,22.265126499044992,0.19610355545086783,0.39220711090173566,1.0982739971231035,25.251269449405424,0.03021699063347348,"[0.01579, 0.03726, 0.01692, 0.0154, 0.03422]"
add-6th,size_only+impact60+t10_size_plus_impact_bm+book_to_market_lf_minus_size+book_to_market_lf_plus_impact+reversal_chip_turn_paper,0.27009222760833335,0.47706135544935035,0.7569147821743112,0.5616015719073794,23.126215806838605,0.19441986539613615,0.3888397307922723,1.113550104531404,26.188984539729056,0.02862368132696102,"[0.01024, 0.01579, 0.03726, 0.01692, 0.0154, 0.03405]"
replace-SIZE,impact60+t10_size_plus_impact_bm+book_to_market_lf_minus_size+book_to_market_lf_plus_impact+t10_size_plus_impact_fscore+paper_composite+reversal_chip_turn_eq,0.29604029462980397,0.47343913945818705,0.7477551767037751,0.561401587253025,21.87818736865497,0.1883653550980553,0.3767307101961106,1.1044499256761038,25.042120803638046,0.028406348367491223,"[0.01579, 0.03726, 0.01692, 0.0154, 0.03306]"
replace-SIZE,impact60+t10_size_plus_impact_bm+book_to_market_lf_minus_size+book_to_market_lf_plus_impact+t10_size_plus_impact_aggregate+t10_size_plus_impact_bm+reversal_chip_turn_size_eq,0.30182558635129675,0.49827283222373026,0.7254873901525843,0.561229934117228,21.984818026818008,0.19344943825453703,0.38689887650907406,1.0943523224842524,24.999931753706772,0.029896369933423813,"[0.01579, 0.03726, 0.01692, 0.0154, 0.03538]"
replace-SIZE,impact60+t10_size_plus_impact_bm+book_to_market_lf_minus_size+book_to_market_lf_plus_impact+size_only+t10_size_plus_impact_fscore+reversal_turn_eq,0.30062778065928975,0.48793780922903407,0.7331781623241257,0.5608339624078764,22.21894678245015,0.19128172549639746,0.38256345099279493,1.1005963959421539,25.98359420495354,0.029276268553742043,"[0.01579, 0.03726, 0.01692, 0.0154, 0.0349]"
replace-SIZE,impact60+t10_size_plus_impact_bm+book_to_market_lf_minus_size+book_to_market_lf_plus_impact+t10_size_plus_impact_g13+t10_size_plus_impact_dd120+t10_nomcap_plus_impact,0.2965339466314707,0.509597574835864,0.7168433768593153,0.5602454601055384,22.230625583344636,0.1984295541481403,0.3968591082962806,1.0975955404372204,25.037620713662356,0.03057585449015184,"[0.01579, 0.03726, 0.01692, 0.0154, 0.03326]"
replace-SIZE,impact60+t10_size_plus_impact_bm+book_to_market_lf_minus_size+book_to_market_lf_plus_impact+t10_size_plus_impact_aggregate+t10_size_plus_impact_dd120+t10_size_plus_wc_mcap,0.2965922703066257,0.515405752469016,0.7122585251402013,0.5602268037385714,22.157496988858025,0.1967903450936051,0.3935806901872102,1.0928714728524447,25.45025033377718,0.030924345148140957,"[0.01579, 0.03726, 0.01692, 0.0154, 0.03328]"
replace-SIZE,impact60+t10_size_plus_impact_bm+book_to_market_lf_minus_size+book_to_market_lf_plus_impact+t10_nomcap_plus_impact+book_to_market_lf_div_oper_main_profit_ttm+reversal_turn_paper,0.29951844069006023,0.4775155774028826,0.740133933246372,0.5600944101898884,21.80316009142776,0.18697085379365716,0.3739417075873143,1.097365593005334,25.49530969656242,0.028650934644172954,"[0.01579, 0.03726, 0.01692, 0.0154, 0.03445]"
add-6th,size_only+impact60+t10_size_plus_impact_bm+book_to_market_lf_minus_size+book_to_market_lf_plus_impact+t10_size_plus_impact_aggregate+reversal_turn_paper+reversal_chip_turn_eq,0.2698358738693567,0.4738517084497046,0.7558848255547057,0.5599634442308855,23.06815041008431,0.1906920962458717,0.3813841924917434,1.107960660951551,26.936956380759757,0.028431102506982275,"[0.01024, 0.01579, 0.03726, 0.01692, 0.0154, 0.03392]"
replace-SIZE,impact60+t10_size_plus_impact_bm+book_to_market_lf_minus_size+book_to_market_lf_plus_impact+t10_size_plus_impact_g13+t10_size_plus_impact_wc+reversal_chip_turn_size_eq,0.301307084226219,0.5068688922533754,0.7158138681831553,0.5597817698163451,22.077677473514004,0.19493996703350183,0.38987993406700366,1.0925544129076163,25.48317707469564,0.030412133535202522,"[0.01579, 0.03726, 0.01692, 0.0154, 0.03517]"
replace-SIZE,impact60+t10_size_plus_impact_bm+book_to_market_lf_minus_size+book_to_market_lf_plus_impact+t10_size_plus_impact_g13+t10_size_plus_impact_bm+t10_nomcap_plus_impact,0.303221212528812,0.4936032718027415,0.7224358348298905,0.5585015133101727,21.817807063164132,0.19244875058373834,0.3848975011674767,1.090981196129885,24.923493712690636,0.029616196308164488,"[0.01579, 0.03726, 0.01692, 0.0154, 0.03594]"
replace-SIZE,impact60+t10_size_plus_impact_bm+book_to_market_lf_minus_size+book_to_market_lf_plus_impact+t10_size_plus_impact+t10_size_plus_impact_bm+t10_size_plus_impact_fscore,0.30518561873380995,0.4907016358260299,0.7236407660700284,0.5584210410173852,22.136778089254907,0.19523579000498373,0.39047158000996746,1.0986458726208044,25.242137215715154,0.029442098149561793,"[0.01579, 0.03726, 0.01692, 0.0154, 0.03672]"
replace-SIZE,impact60+t10_size_plus_impact_bm+book_to_market_lf_minus_size+book_to_market_lf_plus_impact+t10_size_plus_impact_aggregate+book_to_market_lf_div_oper_main_profit_ttm+reversal40,0.29758026418970795,0.48181961610494894,0.733285354885458,0.5581313281731298,22.47280640150697,0.19403065641654815,0.3880613128330963,1.1044400112603825,26.008351978974133,0.028909176966296937,"[0.01579, 0.03726, 0.01692, 0.0154, 0.03368]"
replace-SIZE,impact60+t10_size_plus_impact_bm+book_to_market_lf_minus_size+book_to_market_lf_plus_impact+t10_size_plus_impact_downside+t10_size_plus_impact_fscore+t10_nomcap_plus_impact,0.3044907666819792,0.4972307710127114,0.7180820178322843,0.5580658312153728,22.126716137108517,0.19703158041080546,0.3940631608216109,1.0987319430263456,25.136255707446065,0.029833846260762683,"[0.01579, 0.03726, 0.01692, 0.0154, 0.03644]"
replace-SIZE,impact60+t10_size_plus_impact_bm+book_to_market_lf_minus_size+book_to_market_lf_plus_impact+t10_size_plus_impact_aggregate+t10_size_plus_impact+reversal_chip_turn_paper,0.3014032251705294,0.5002651057967408,0.7165284022997516,0.5578112130978534,21.94008511556222,0.19571770557390092,0.39143541114780184,1.0938105288260331,24.896978403692593,0.030015906347804447,"[0.01579, 0.03726, 0.01692, 0.0154, 0.03521]"
replace-SIZE,impact60+t10_size_plus_impact_bm+book_to_market_lf_minus_size+book_to_market_lf_plus_impact+t10_size_plus_impact_g13+t10_size_plus_impact_wc+reversal_turn_paper,0.3041525039468252,0.5005702373768339,0.7144735242585999,0.5575431697876269,21.897089949897214,0.1945845104981913,0.3891690209963826,1.0959201997745354,25.39992601135982,0.030034214242610033,"[0.01579, 0.03726, 0.01692, 0.0154, 0.03631]"
replace-SIZE,impact60+t10_size_plus_impact_bm+book_to_market_lf_minus_size+book_to_market_lf_plus_impact+t10_size_plus_impact_g13+t10_size_plus_impact+reversal_chip_turn_paper,0.30090368517169575,0.4989052894843388,0.7165134764789078,0.5572286527693663,21.93015953886544,0.19542750021600308,0.39085500043200616,1.0937065960809593,24.95288610781593,0.02993431736906033,"[0.01579, 0.03726, 0.01692, 0.0154, 0.03501]"
replace-SIZE,impact60+t10_size_plus_impact_bm+book_to_market_lf_minus_size+book_to_market_lf_plus_impact+t10_size_plus_impact_downside+t10_size_plus_impact_wc+reversal_chip_turn_paper,0.3017550024610322,0.5022783835873759,0.7132900183940674,0.5571289430251183,21.884279520961517,0.19446967084724653,0.38893934169449307,1.0925704769797313,25.31886567089836,0.03013670301524255,"[0.01579, 0.03726, 0.01692, 0.0154, 0.03535]"
add-6th,size_only+impact60+t10_size_plus_impact_bm+book_to_market_lf_minus_size+book_to_market_lf_plus_impact+t10_size_plus_impact_aggregate+reversal_turn_paper+reversal_chip_eq,0.2686581864185992,0.46474922744003994,0.7569998487977623,0.5570437988467268,23.344773740266525,0.1934798029493665,0.386959605898733,1.112598566847694,26.943181504884926,0.027884953646402394,"[0.01024, 0.01579, 0.03726, 0.01692, 0.0154, 0.03336]"
replace-SIZE,impact60+t10_size_plus_impact_bm+book_to_market_lf_minus_size+book_to_market_lf_plus_impact+t10_size_plus_impact+t10_size_plus_impact_wc+t10_size_plus_impact_dd120,0.2990720911122748,0.5091334081819306,0.7086217873455589,0.5568909153916322,22.06717534185104,0.1967725772004556,0.3935451544009112,1.0904888516536566,25.38898286886926,0.030548004490915836,"[0.01579, 0.03726, 0.01692, 0.0154, 0.03428]"
add-6th,size_only+impact60+t10_size_plus_impact_bm+book_to_market_lf_minus_size+book_to_market_lf_plus_impact+t10_size_plus_impact_g13+reversal_turn_paper+reversal_chip_eq,0.2683647060363567,0.4634356997323497,0.7578097256828943,0.5568898126708961,23.359326622977065,0.19340236836114452,0.38680473672228904,1.1129320854533085,26.957499252658213,0.02780614198394098,"[0.01024, 0.01579, 0.03726, 0.01692, 0.0154, 0.03322]"
replace-SIZE,impact60+t10_size_plus_impact_bm+book_to_market_lf_minus_size+book_to_market_lf_plus_impact+t10_size_plus_impact_aggregate+t10_size_plus_impact_dd120+reversal_chip_turn_paper,0.29695347692510776,0.50176342929554,0.7147740081544216,0.5566561993079502,22.03648159380151,0.1979704803141542,0.3959409606283084,1.0955210207749995,24.718677662168474,0.030105805757732397,"[0.01579, 0.03726, 0.01692, 0.0154, 0.03343]"
replace-SIZE,impact60+t10_size_plus_impact_bm+book_to_market_lf_minus_size+book_to_market_lf_plus_impact+book_to_market_lf_minus_size+t10_nomcap_plus_impact+reversal_chip_turn_eq,0.2987154689605055,0.4789098300958918,0.7310877489870072,0.5563510213698165,21.58905967304715,0.18850208324584897,0.37700416649169793,1.0909716498361672,24.822205591796187,0.028734589805753507,"[0.01579, 0.03726, 0.01692, 0.0154, 0.03413]"
replace-SIZE,impact60+t10_size_plus_impact_bm+book_to_market_lf_minus_size+book_to_market_lf_plus_impact+t10_size_plus_impact_fscore+t10_nomcap_plus_impact,0.29928648515200723,0.5046616881613897,0.7100757150999338,0.556022959681858,22.27368805278979,0.20234471976682739,0.40468943953365477,1.1041307514733827,24.910327559478386,0.030279701289683377,"[0.01579, 0.03726, 0.01692, 0.0154, 0.03436]"
replace-SIZE,impact60+t10_size_plus_impact_bm+book_to_market_lf_minus_size+book_to_market_lf_plus_impact+book_to_market_lf_minus_size+weighted_reversal_lowturn,0.302887250227125,0.4647491724730571,0.7391744678002589,0.5558681709211115,21.408619256190576,0.18539288601154827,0.37078577202309654,1.0981769539200192,25.045348820953052,0.027884950348383425,"[0.01579, 0.03726, 0.01692, 0.0154, 0.0358]"
replace-SIZE,impact60+t10_size_plus_impact_bm+book_to_market_lf_minus_size+book_to_market_lf_plus_impact+t10_size_plus_impact_aggregate+t10_size_plus_impact_bm+t10_size_plus_wc_mcap,0.3047030222610547,0.49942107576037537,0.7109375480467118,0.5556598775893626,21.699567989594645,0.19218192903581582,0.38436385807163165,1.0860151152121893,25.356159300275305,0.02996526454562252,"[0.01579, 0.03726, 0.01692, 0.0154, 0.03653]"
add-6th,size_only+impact60+t10_size_plus_impact_bm+book_to_market_lf_minus_size+book_to_market_lf_plus_impact+t10_size_plus_impact_downside+reversal_turn_paper+reversal_chip_eq,0.2683905826859913,0.465256059970399,0.7517027747926432,0.5547839861835273,23.24075881431372,0.19350657765697543,0.38701315531395086,1.1098840655428068,26.9417919708023,0.027915363598223938,"[0.01024, 0.01579, 0.03726, 0.01692, 0.0154, 0.03323]"
add-6th,size_only+impact60+t10_size_plus_impact_bm+book_to_market_lf_minus_size+book_to_market_lf_plus_impact+t10_size_plus_impact_g13+t10_size_plus_wc_mcap+reversal40,0.2682860124229208,0.47224326176134557,0.7439985543274658,0.5537416935484147,23.61126285046815,0.1978394510174274,0.3956789020348548,1.1135913338246206,27.352426230667582,0.028334595705680733,"[0.01024, 0.01579, 0.03726, 0.01692, 0.0154, 0.03318]"
add-6th,size_only+impact60+t10_size_plus_impact_bm+book_to_market_lf_minus_size+book_to_market_lf_plus_impact+t10_size_plus_impact_g13+t10_size_plus_impact+reversal40,0.2706016464073108,0.46692823443426595,0.7453407277762988,0.5529485388327897,23.451192614177412,0.19529356102266615,0.3905871220453323,1.1101263152970073,27.421279418117052,0.028015694066055957,"[0.01024, 0.01579, 0.03726, 0.01692, 0.0154, 0.03429]"
replace-SIZE,impact60+t10_size_plus_impact_bm+book_to_market_lf_minus_size+book_to_market_lf_plus_impact+t10_size_plus_impact_aggregate+reversal_chip_turn_size_eq+t10_nomcap_plus_impact,0.29867102743582125,0.5084010279041703,0.7001562877650706,0.5527448947479057,22.009079226472757,0.2001426667897811,0.4002853335795622,1.092046702050694,25.03024095993849,0.030504061674250217,"[0.01579, 0.03726, 0.01692, 0.0154, 0.03412]"
replace-SIZE,impact60+t10_size_plus_impact_bm+book_to_market_lf_minus_size+book_to_market_lf_plus_impact+t10_size_plus_impact_g13+t10_size_plus_wc_mcap+t10_nomcap_plus_impact,0.30014507797802675,0.514438255885288,0.6935588412601983,0.5521838837225455,21.769731710658736,0.1978189671247259,0.3956379342494518,1.085889582979562,25.295325267044188,0.03086629535311728,"[0.01579, 0.03726, 0.01692, 0.0154, 0.0347]"
replace-SIZE,impact60+t10_size_plus_impact_bm+book_to_market_lf_minus_size+book_to_market_lf_plus_impact+t10_size_plus_impact_downside+t10_size_plus_impact+reversal_turn_paper_nomcap,0.3015369038285995,0.49716915792099237,0.7057624992109198,0.5519097106829811,21.636400765696383,0.19622255552524398,0.39244511105048796,1.0931294361103063,24.78009765381797,0.02983014947525954,"[0.01579, 0.03726, 0.01692, 0.0154, 0.03526]"
replace-SIZE,impact60+t10_size_plus_impact_bm+book_to_market_lf_minus_size+book_to_market_lf_plus_impact+t10_size_plus_impact_downside+t10_size_plus_impact_fscore+reversal_chip_turn_size_eq,0.3017108682714855,0.49483555752072683,0.7073281726443845,0.5518322964765245,22.133026311974525,0.19883609882956452,0.39767219765912903,1.0966121318726707,25.38748259333031,0.02969013345124361,"[0.01579, 0.03726, 0.01692, 0.0154, 0.03533]"
replace-SIZE,impact60+t10_size_plus_impact_bm+book_to_market_lf_minus_size+book_to_market_lf_plus_impact+impact60+exp_weighted_reversal63,0.3010697444363535,0.48556689729348607,0.7146491795699266,0.5517544937464578,22.471535655396295,0.20405824462089284,0.4081164892417857,1.1156756131255436,25.16637510461446,0.029134013837609163,"[0.01579, 0.03726, 0.01692, 0.0154, 0.03507]"
replace-SIZE,impact60+t10_size_plus_impact_bm+book_to_market_lf_minus_size+book_to_market_lf_plus_impact+t10_size_plus_impact+t10_size_plus_impact_bm+t10_size_plus_wc_mcap,0.30167189640815023,0.5037265880095501,0.6974760853010945,0.550502923470465,21.661711541529243,0.19525353247737784,0.3905070649547557,1.0849307874458953,25.38600476195666,0.030223595280573,"[0.01579, 0.03726, 0.01692, 0.0154, 0.03532]"
replace-SIZE,impact60+t10_size_plus_impact_bm+book_to_market_lf_minus_size+book_to_market_lf_plus_impact+t10_size_plus_impact_aggregate+t10_size_plus_impact_wc+reversal40,0.30231185290788043,0.5185379899280752,0.6851910967374084,0.5502866605882362,22.383087052592273,0.20846247568773912,0.41692495137547825,1.1017977561038723,25.414776097243386,0.03111227939568451,"[0.01579, 0.03726, 0.01692, 0.0154, 0.03557]"
replace-SIZE,impact60+t10_size_plus_impact_bm+book_to_market_lf_minus_size+book_to_market_lf_plus_impact+t10_size_plus_impact_aggregate+reversal_turn_paper+reversal_chip_eq,0.296777641837319,0.5031470316770076,0.6983445404762945,0.549712032668749,22.24714282816406,0.20634246689581948,0.41268493379163895,1.1028544910555516,24.60253536939989,0.030188821900620454,"[0.01579, 0.03726, 0.01692, 0.0154, 0.03336]"
replace-SIZE,impact60+t10_size_plus_impact_bm+book_to_market_lf_minus_size+book_to_market_lf_plus_impact+t10_size_plus_impact+reversal_chip_turn_size_eq+t10_nomcap_plus_impact,0.297049622980003,0.518866835272898,0.6851483425336643,0.5493300710816638,21.858804816231704,0.2030894053184352,0.4061788106368704,1.087996833700309,24.82498534998071,0.031132010116373877,"[0.01579, 0.03726, 0.01692, 0.0154, 0.03347]"
add-6th,size_only+impact60+t10_size_plus_impact_bm+book_to_market_lf_minus_size+book_to_market_lf_plus_impact+t10_size_plus_impact+t10_size_plus_impact_fscore+reversal40,0.2681447612643023,0.48263049124020346,0.725683024919463,0.54910698540069,23.312009518642704,0.19934396358110992,0.39868792716221985,1.1076056286399953,27.307904741872434,0.02895782947441221,"[0.01024, 0.01579, 0.03726, 0.01692, 0.0154, 0.03311]"
replace-SIZE,impact60+t10_size_plus_impact_bm+book_to_market_lf_minus_size+book_to_market_lf_plus_impact+t10_size_plus_impact_bm+t10_size_plus_impact_dd120+reversal_turn_paper_nomcap,0.2982415245026635,0.499196433699641,0.6989530273918728,0.5488959190217497,21.585921632302764,0.19858617397510625,0.3971723479502125,1.0929973734648566,24.502190544928737,0.02995178602197846,"[0.01579, 0.03726, 0.01692, 0.0154, 0.03394]"
replace-SIZE,impact60+t10_size_plus_impact_bm+book_to_market_lf_minus_size+book_to_market_lf_plus_impact+t10_size_plus_impact_g13+t10_size_plus_impact_wc+reversal_chip_turn_eq,0.2975351929902027,0.508601465744053,0.6913636483017737,0.5486311933442573,21.749807102466097,0.19872846725402354,0.3974569345080471,1.08637347140097,25.185697451397758,0.030516087944643177,"[0.01579, 0.03726, 0.01692, 0.0154, 0.03366]"
replace-SIZE,impact60+t10_size_plus_impact_bm+book_to_market_lf_minus_size+book_to_market_lf_plus_impact+t10_size_plus_impact_g13+reversal_turn_paper_nomcap,0.2973327881136615,0.4953306776559082,0.6999846976308046,0.5478254087361623,21.510259444175126,0.19693501299370278,0.39387002598740556,1.0947908011786085,24.795762843544523,0.029719840659354492,"[0.01579, 0.03726, 0.01692, 0.0154, 0.03358]"
replace-SIZE,impact60+t10_size_plus_impact_bm+book_to_market_lf_minus_size+book_to_market_lf_plus_impact+t10_size_plus_impact_aggregate+t10_size_plus_impact_wc+reversal_turn_eq,0.3011765071953475,0.5142988972221042,0.6834006985240098,0.5477702298026104,21.632368677087037,0.20014930945960438,0.40029861891920876,1.0868991816890048,25.158362164760085,0.030857933833326252,"[0.01579, 0.03726, 0.01692, 0.0154, 0.03512]"
replace-SIZE,impact60+t10_size_plus_impact_bm+book_to_market_lf_minus_size+book_to_market_lf_plus_impact+t10_nomcap_plus_impact,0.297554788615,0.5100652865816816,0.6873213064464678,0.547328395927499,21.867768782851847,0.2051503149297825,0.410300629859565,1.0932802269750233,24.35452028413554,0.030603917194900892,"[0.01579, 0.03726, 0.01692, 0.0154, 0.03367]"
replace-SIZE,impact60+t10_size_plus_impact_bm+book_to_market_lf_minus_size+book_to_market_lf_plus_impact+t10_size_plus_impact_bm+t10_size_plus_impact_fscore+reversal_turn_paper_nomcap,0.2993377621185012,0.4939694742672212,0.6988377142450846,0.5472338398275157,21.624716130499852,0.19895592139656915,0.3979118427931383,1.0972378405799894,24.735438776245434,0.029638168456033273,"[0.01579, 0.03726, 0.01692, 0.0154, 0.03438]"
replace-SIZE,impact60+t10_size_plus_impact_bm+book_to_market_lf_minus_size+book_to_market_lf_plus_impact+t10_size_plus_impact+t10_size_plus_impact_dd120+reversal_turn_paper,0.298822622597531,0.5063516942517511,0.6892135100278289,0.5471336970201421,21.813198224118587,0.20175561560437283,0.40351123120874566,1.0908134978472248,24.893419859527953,0.03038110165510506,"[0.01579, 0.03726, 0.01692, 0.0154, 0.03418]"
replace-SIZE,impact60+t10_size_plus_impact_bm+book_to_market_lf_minus_size+book_to_market_lf_plus_impact+t10_size_plus_impact_g13+reversal_turn_paper+reversal_chip_eq,0.29642546537862796,0.501794368799709,0.6922260457711747,0.5464148427526524,22.126339257398318,0.20630438212792737,0.41260876425585474,1.099527870226703,24.63299831246034,0.030107662127982535,"[0.01579, 0.03726, 0.01692, 0.0154, 0.03322]"
replace-SIZE,impact60+t10_size_plus_impact_bm+book_to_market_lf_minus_size+book_to_market_lf_plus_impact+t10_size_plus_impact_aggregate+reversal_chip_turn_size_eq+t10_size_plus_wc_mcap,0.297280584310194,0.512938900315031,0.6825840164214235,0.5461475393619402,21.665637807458726,0.19881137215228473,0.39762274430456945,1.0818243458297547,25.43459397329183,0.030776334018901855,"[0.01579, 0.03726, 0.01692, 0.0154, 0.03356]"
replace-SIZE,impact60+t10_size_plus_impact_bm+book_to_market_lf_minus_size+book_to_market_lf_plus_impact+t10_size_plus_impact_g13+t10_size_plus_impact_fscore+reversal_chip_turn_eq,0.2996452201333815,0.4996919908882745,0.6917236150868439,0.5460968676266522,21.889087682968547,0.2015354765215396,0.4030709530430792,1.0923796801037617,25.03141629629284,0.029981519453296468,"[0.01579, 0.03726, 0.01692, 0.0154, 0.03451]"
replace-SIZE,impact60+t10_size_plus_impact_bm+book_to_market_lf_minus_size+book_to_market_lf_plus_impact+t10_size_plus_impact_g13+t10_size_plus_impact+reversal40,0.299109793823773,0.5154240143633576,0.6794907594345017,0.5459912055374555,22.35694152703528,0.21002928441192584,0.4200585688238517,1.099949438530561,25.29989603697641,0.03092544086180146,"[0.01579, 0.03726, 0.01692, 0.0154, 0.03429]"
replace-SIZE,impact60+t10_size_plus_impact_bm+book_to_market_lf_minus_size+book_to_market_lf_plus_impact+t10_size_plus_impact_bm+t10_size_plus_impact_wc+reversal_turn_paper_nomcap,0.30051471497112753,0.49905371450468844,0.6910525411009829,0.5457453865663088,21.322153738963294,0.19573204180491233,0.39146408360982465,1.0866053361558423,24.95252674111067,0.029943222870281304,"[0.01579, 0.03726, 0.01692, 0.0154, 0.03485]"
replace-SIZE,impact60+t10_size_plus_impact_bm+book_to_market_lf_minus_size+book_to_market_lf_plus_impact+t10_size_plus_impact_wc+t10_size_plus_wc_mcap+t10_nomcap_plus_impact,0.29841450888441245,0.5153975327484078,0.6790313590434066,0.5456361498083582,21.558186395990177,0.19900727972256413,0.39801455944512826,1.0828974869194554,25.449241191793547,0.03092385196490447,"[0.01579, 0.03726, 0.01692, 0.0154, 0.03401]"
replace-SIZE,impact60+t10_size_plus_impact_bm+book_to_market_lf_minus_size+book_to_market_lf_plus_impact+t10_size_plus_impact_bm+reversal_chip_turn_paper,0.2971494045029242,0.48961724521062866,0.6989521957668116,0.5453244048193701,21.425802096287438,0.1966067444489629,0.3932134888979258,1.0879146844041956,24.379240967624572,0.02937703471263772,"[0.01579, 0.03726, 0.01692, 0.0154, 0.03351]"
replace-SIZE,impact60+t10_size_plus_impact_bm+book_to_market_lf_minus_size+book_to_market_lf_plus_impact+t10_size_plus_impact_downside+reversal_turn_paper+reversal_chip_eq,0.2964565173581895,0.503608473791213,0.6883215021889714,0.5452989452835996,22.0599241516322,0.2068448747868409,0.4136897495736818,1.098543327043726,24.582383043729838,0.03021650842747278,"[0.01579, 0.03726, 0.01692, 0.0154, 0.03323]"
replace-SIZE,impact60+t10_size_plus_impact_bm+book_to_market_lf_minus_size+book_to_market_lf_plus_impact+t10_size_plus_impact_aggregate+t10_nomcap_plus_impact+reversal_turn_paper_nomcap,0.29855798623421,0.4977330491889975,0.6918415306772046,0.5452468532677333,21.495087371124573,0.19903038607325738,0.39806077214651475,1.0914603777926621,24.641344676284703,0.02986398295133985,"[0.01579, 0.03726, 0.01692, 0.0154, 0.03407]"
replace-SIZE,impact60+t10_size_plus_impact_bm+book_to_market_lf_minus_size+book_to_market_lf_plus_impact+t10_size_plus_impact_aggregate+t10_size_plus_impact_fscore+reversal_turn_paper_nomcap,0.3016070822095885,0.49418371764670344,0.6930639189324288,0.5451644811378569,21.44076386035827,0.19714684677911257,0.39429369355822513,1.0895513215366484,24.844200878723665,0.029651023058802205,"[0.01579, 0.03726, 0.01692, 0.0154, 0.03529]"
replace-SIZE,impact60+t10_size_plus_impact_bm+book_to_market_lf_minus_size+book_to_market_lf_plus_impact+t10_size_plus_impact_aggregate+t10_size_plus_wc_mcap+reversal_turn_paper,0.3031063062541165,0.5064855824036658,0.6822739489574402,0.5449144921229544,21.485201372599622,0.19832056899841846,0.3966411379968369,1.0859553847733558,25.34039186557866,0.030389134944219947,"[0.01579, 0.03726, 0.01692, 0.0154, 0.03589]"
replace-SIZE,impact60+t10_size_plus_impact_bm+book_to_market_lf_minus_size+book_to_market_lf_plus_impact+t10_size_plus_impact_downside+t10_size_plus_impact_fscore+reversal_turn_paper,0.30396521855701075,0.4932230761296542,0.6909091773915849,0.5443302501829943,21.5380122725273,0.19686568584637976,0.3937313716927595,1.0873139575755009,25.252825825129797,0.02959338456777925,"[0.01579, 0.03726, 0.01692, 0.0154, 0.03623]"
replace-SIZE,impact60+t10_size_plus_impact_bm+book_to_market_lf_minus_size+book_to_market_lf_plus_impact+t10_size_plus_impact_g13+t10_size_plus_wc_mcap+reversal40,0.29633103304250497,0.5218915058888628,0.6718965434903034,0.5442816782402394,22.395920864678164,0.21275751044810176,0.4255150208962035,1.1008939650525738,25.35404350494742,0.031313490353331766,"[0.01579, 0.03726, 0.01692, 0.0154, 0.03318]"
replace-SIZE,impact60+t10_size_plus_impact_bm+book_to_market_lf_minus_size+book_to_market_lf_plus_impact+t10_size_plus_impact_bm+t10_size_plus_wc_mcap,0.3006780939856472,0.5050618866110997,0.6826252777053786,0.5440886540784347,21.242885394008308,0.1946647999419424,0.3893295998838848,1.0773408314341606,25.269839100631497,0.03030371319666598,"[0.01579, 0.03726, 0.01692, 0.0154, 0.03492]"
replace-SIZE,impact60+t10_size_plus_impact_bm+book_to_market_lf_minus_size+book_to_market_lf_plus_impact+t10_size_plus_impact_aggregate+weighted_reversal_lowturn,0.31191466837903475,0.5234864612127994,0.6591151338595552,0.5422050053370866,21.418056927736046,0.20629883015640404,0.4125976603128081,1.085705861483454,24.858930170352757,0.031409187672767964,"[0.01579, 0.03726, 0.01692, 0.0154, 0.03941]"
replace-SIZE,impact60+t10_size_plus_impact_bm+book_to_market_lf_minus_size+book_to_market_lf_plus_impact+t10_size_plus_impact_bm+reversal_chip_turn_size_eq+t10_size_plus_wc_mcap,0.2960714453607243,0.5083850020879732,0.6748504828638828,0.5408317570916827,21.45062616366414,0.19928992099993728,0.39857984199987456,1.0793190359767615,25.243104536343232,0.03050310012527839,"[0.01579, 0.03726, 0.01692, 0.0154, 0.03308]"
add-6th,size_only+impact60+t10_size_plus_impact_bm+book_to_market_lf_minus_size+book_to_market_lf_plus_impact+t10_size_plus_impact_aggregate+reversal20,0.2733214214149106,0.4741524275112873,0.7110059514274707,0.5405703120542945,23.683772662886625,0.21003531431864103,0.42007062863728206,1.119136879755271,26.991436286101354,0.028449145650677236,"[0.01024, 0.01579, 0.03726, 0.01692, 0.0154, 0.0356]"
replace-SIZE,impact60+t10_size_plus_impact_bm+book_to_market_lf_minus_size+book_to_market_lf_plus_impact+t10_size_plus_impact_aggregate+reversal_turn_paper+reversal_chip_turn_eq,0.298190866778228,0.506420563206215,0.6676314104416364,0.5373195051765572,21.326877835137218,0.20263104999340187,0.40526209998680374,1.082106462616855,24.713377907806212,0.030385233792372898,"[0.01579, 0.03726, 0.01692, 0.0154, 0.03392]"
replace-SIZE,impact60+t10_size_plus_impact_bm+book_to_market_lf_minus_size+book_to_market_lf_plus_impact+t10_size_plus_impact_downside+t10_size_plus_wc_mcap+reversal_turn_eq,0.29805062170327473,0.5258161576762662,0.6510102778055235,0.5366004045398336,21.27558405980669,0.20454210279200605,0.4090842055840121,1.0774418590795354,25.244155979194105,0.03154896946057597,"[0.01579, 0.03726, 0.01692, 0.0154, 0.03387]"
replace-SIZE,impact60+t10_size_plus_impact_bm+book_to_market_lf_minus_size+book_to_market_lf_plus_impact+t10_size_plus_impact+t10_size_plus_impact_fscore+reversal40,0.29616153165216275,0.5071683788225951,0.6631030818741699,0.5351376257617173,22.284941303722317,0.21483758881906445,0.4296751776381289,1.100416544344804,25.24047973314687,0.03043010272935571,"[0.01579, 0.03726, 0.01692, 0.0154, 0.03311]"
replace-SIZE,impact60+t10_size_plus_impact_bm+book_to_market_lf_minus_size+book_to_market_lf_plus_impact+t10_size_plus_impact_aggregate+reversal20,0.30237352383289273,0.5213740897766251,0.6459025041624626,0.5336117630615056,22.73397606623718,0.22724568790715957,0.45449137581431914,1.1105971462799469,25.199271570923464,0.03128244538659751,"[0.01579, 0.03726, 0.01692, 0.0154, 0.0356]"
replace-SIZE,impact60+t10_size_plus_impact_bm+book_to_market_lf_minus_size+book_to_market_lf_plus_impact+reversal_chip_turn_paper,0.298498491265,0.49898663231860546,0.664624571169619,0.5334260765908405,21.288246130549442,0.20605439639622192,0.41210879279244383,1.0860484169463687,24.09958599658021,0.029939197939116327,"[0.01579, 0.03726, 0.01692, 0.0154, 0.03405]"
replace-SIZE,impact60+t10_size_plus_impact_bm+book_to_market_lf_minus_size+book_to_market_lf_plus_impact+t10_size_plus_impact+t10_size_plus_wc_mcap+reversal_turn_paper_nomcap,0.2961116813591112,0.5069154874588074,0.6506291407642618,0.5294258702263226,20.951576914085866,0.2015518885799329,0.4031037771598658,1.0743967679955408,25.07755971052682,0.030414929247528442,"[0.01579, 0.03726, 0.01692, 0.0154, 0.03309]"
add-6th,size_only+impact60+t10_size_plus_impact_bm+book_to_market_lf_minus_size+book_to_market_lf_plus_impact+t10_size_plus_impact_aggregate+alpha13,0.2732977392978142,0.45769121902794485,0.6471251387780077,0.506057786969447,23.123466062837092,0.21998166576179745,0.4399633315235949,1.103836333514544,27.56121505361374,0.02746147314167669,"[0.01024, 0.01579, 0.03726, 0.01692, 0.0154, 0.03558]"
replace-SIZE,impact60+t10_size_plus_impact_bm+book_to_market_lf_minus_size+book_to_market_lf_plus_impact+t10_size_plus_impact_aggregate+alpha13,0.30234510529237696,0.48785416156895245,0.574513391403881,0.4897490037393552,21.92818491937158,0.24005848370039515,0.4801169674007903,1.090934620224176,25.681143794059846,0.029271249694137146,"[0.01579, 0.03726, 0.01692, 0.0154, 0.03558]"
