tag,members,na,nb,nc,comb,net,turnover,monthly_turnover,sharpe,dd,pool_s,seat_si
seed(替换C),size_only+impact60+t10_size_plus_impact_bm+book_to_market_lf_minus_size+book_to_market_lf_plus_impact,0.23899486063,0.3977836310168774,1.0,0.6370232429819072,23.799617973444924,0.1430187675698701,0.2860375351397402,1.1317246776061485,27.41258584335917,0.023867017861012644,"[0.01024, 0.01579, 0.03726, 0.01692, 0.0154]"
add-6th,size_only+impact60+t10_size_plus_impact_bm+book_to_market_lf_minus_size+book_to_market_lf_plus_impact+impact60+reversal_chip_turn_paper,0.27414435087707606,0.44543499972951694,0.9452179297202662,0.636079188454866,24.080157569258816,0.16454489590854693,0.32908979181709386,1.1401668216615872,26.68480356046369,0.026726099983771016,"[0.01024, 0.01579, 0.03726, 0.01692, 0.0154, 0.03599]"
add-6th,size_only+impact60+t10_size_plus_impact_bm+book_to_market_lf_minus_size+book_to_market_lf_plus_impact+t10_size_plus_impact_aggregate+t10_size_plus_impact_wc+impact60,0.2684678146023713,0.44261265101354214,0.925776100868988,0.6252072361662586,23.793582959039913,0.1626062740675203,0.3252125481350406,1.1264900975219942,27.169590754854468,0.026556759060812528,"[0.01024, 0.01579, 0.03726, 0.01692, 0.0154, 0.03327]"
add-6th,size_only+impact60+t10_size_plus_impact_bm+book_to_market_lf_minus_size+book_to_market_lf_plus_impact+t10_size_plus_impact_downside+t10_size_plus_impact_fscore+impact_abs_return60,0.2686091670475158,0.44256793622404067,0.9231249651443604,0.6240268454028796,24.03507428933389,0.1653049000509052,0.3306098001018104,1.1331708238307219,27.305300984228985,0.02655407617344244,"[0.01024, 0.01579, 0.03726, 0.01692, 0.0154, 0.03333]"
replace-SIZE,impact60+t10_size_plus_impact_bm+book_to_market_lf_minus_size+book_to_market_lf_plus_impact+t10_size_plus_impact_aggregate+t10_size_plus_impact_wc+impact60,0.2965491956578455,0.4814202985792938,0.8789477892809074,0.6233334488107303,23.12001790359406,0.1717804818622702,0.3435609637245404,1.1287263638864586,25.475780624209033,0.02888521791475763,"[0.01579, 0.03726, 0.01692, 0.0154, 0.03327]"
add-6th,size_only+impact60+t10_size_plus_impact_bm+book_to_market_lf_minus_size+book_to_market_lf_plus_impact+t10_size_plus_impact_downside+book_to_market_lf_plus_impact+t10_size_plus_wc_mcap,0.2712143878461427,0.4451312620242846,0.9159496173538009,0.6222161470869385,23.784616847278663,0.16556073025266788,0.33112146050533575,1.1280685011108467,26.813966680040057,0.026707875721457074,"[0.01024, 0.01579, 0.03726, 0.01692, 0.0154, 0.03458]"
add-6th,size_only+impact60+t10_size_plus_impact_bm+book_to_market_lf_minus_size+book_to_market_lf_plus_impact+t10_size_plus_impact_downside+t10_size_plus_impact_fscore+book_to_market_lf_plus_impact,0.26976042972583064,0.439434804506232,0.9187070954920067,0.6211724604937503,23.803093852262062,0.16513527490532953,0.33027054981065906,1.1316703605465823,27.01321301848959,0.02636608827037392,"[0.01024, 0.01579, 0.03726, 0.01692, 0.0154, 0.03389]"
add-6th,size_only+impact60+t10_size_plus_impact_bm+book_to_market_lf_minus_size+book_to_market_lf_plus_impact+t10_size_plus_impact+t10_size_plus_impact_wc+book_to_market_lf_plus_impact,0.27095179790978646,0.4447405457540546,0.9090482550083133,0.6189212653496174,23.6412944547456,0.16528288597929194,0.3305657719585839,1.12502187183643,26.841898326477498,0.026684432745243274,"[0.01024, 0.01579, 0.03726, 0.01692, 0.0154, 0.03446]"
add-6th,size_only+impact60+t10_size_plus_impact_bm+book_to_market_lf_minus_size+book_to_market_lf_plus_impact+book_to_market_lf_plus_impact+momentum20_open,0.2740576311437425,0.45278876174730254,0.8993792332138917,0.6180082477865556,23.971653335332235,0.1723338887187196,0.3446677774374392,1.1400138627259433,26.617355718911206,0.027167325704838152,"[0.01024, 0.01579, 0.03726, 0.01692, 0.0154, 0.03595]"
add-6th,size_only+impact60+t10_size_plus_impact_bm+book_to_market_lf_minus_size+book_to_market_lf_plus_impact+t10_size_plus_impact_downside+t10_size_plus_wc_mcap+impact_abs_return60,0.2682602515180742,0.44085659651786546,0.910979682167226,0.6178927160601195,23.83939597994645,0.16530213572805402,0.33060427145610805,1.1265922275540732,27.264030319727418,0.026451395791071926,"[0.01024, 0.01579, 0.03726, 0.01692, 0.0154, 0.03317]"
add-6th,size_only+impact60+t10_size_plus_impact_bm+book_to_market_lf_minus_size+book_to_market_lf_plus_impact+t10_size_plus_impact_bm+t10_size_plus_impact_wc+impact60,0.2728340028211111,0.446559291452749,0.9044579941440772,0.6178686499375191,23.52429755948043,0.16420105296102264,0.3284021059220453,1.1205774437859566,26.994765981266365,0.026793557487164936,"[0.01024, 0.01579, 0.03726, 0.01692, 0.0154, 0.03536]"
add-6th,size_only+impact60+t10_size_plus_impact_bm+book_to_market_lf_minus_size+book_to_market_lf_plus_impact+t10_size_plus_impact_aggregate+impact60+reversal_chip_turn_eq,0.27375771416128186,0.4538944119257988,0.8981183885466986,0.6177678618523004,24.069063706509674,0.17150205026708445,0.3430041005341689,1.1344039370109322,26.92075062728405,0.027233664715547928,"[0.01024, 0.01579, 0.03726, 0.01692, 0.0154, 0.03581]"
add-6th,size_only+impact60+t10_size_plus_impact_bm+book_to_market_lf_minus_size+book_to_market_lf_plus_impact+t10_size_plus_impact_bm+t10_size_plus_impact_fscore+impact_abs_return60,0.2717301740547514,0.4449054185466688,0.9054656045183723,0.6175224533355519,23.843373247103887,0.16694141292987927,0.33388282585975854,1.129783137418303,27.21907117389516,0.026694325112800128,"[0.01024, 0.01579, 0.03726, 0.01692, 0.0154, 0.03483]"
add-6th,size_only+impact60+t10_size_plus_impact_bm+book_to_market_lf_minus_size+book_to_market_lf_plus_impact+t10_size_plus_impact_g13+impact_abs_return60+reversal_turn_paper_nomcap,0.2711199473655721,0.44337465089725037,0.9063290583869259,0.6172531935612687,23.77579757552247,0.16769668835460308,0.33539337670920616,1.133257748514379,26.924567359977292,0.02660247905383502,"[0.01024, 0.01579, 0.03726, 0.01692, 0.0154, 0.03454]"
add-6th,size_only+impact60+t10_size_plus_impact_bm+book_to_market_lf_minus_size+book_to_market_lf_plus_impact+t10_size_plus_impact_aggregate+reversal_chip_turn_size_eq+book_to_market_lf_plus_impact,0.27003615914896123,0.44395954058462483,0.9056217267640014,0.6169228480782116,23.83849770411898,0.16749053314538812,0.33498106629077623,1.130979046632839,27.072824413599683,0.02663757243507749,"[0.01024, 0.01579, 0.03726, 0.01692, 0.0154, 0.03402]"
replace-SIZE,impact60+t10_size_plus_impact_bm+book_to_market_lf_minus_size+book_to_market_lf_plus_impact+t10_size_plus_impact_downside+t10_size_plus_wc_mcap+impact_abs_return60,0.296300119956689,0.48024627441864937,0.8656794256954564,0.6169019616008204,23.309998383908916,0.1757526467763522,0.3515052935527044,1.1304221975325608,25.59343037678191,0.02881477646511896,"[0.01579, 0.03726, 0.01692, 0.0154, 0.03317]"
replace-SIZE,impact60+t10_size_plus_impact_bm+book_to_market_lf_minus_size+book_to_market_lf_plus_impact+t10_size_plus_impact_downside+impact60+t10_size_plus_wc_mcap,0.299894635283482,0.4871505335037519,0.858624739052668,0.6168627463567102,23.146372567632206,0.1760274787849243,0.3520549575698486,1.1277730718464065,25.433247684272718,0.029229032010225114,"[0.01579, 0.03726, 0.01692, 0.0154, 0.0346]"
add-6th,size_only+impact60+t10_size_plus_impact_bm+book_to_market_lf_minus_size+book_to_market_lf_plus_impact+t10_size_plus_impact_wc+impact_abs_return60+reversal_turn_paper,0.27543547088954606,0.4467864293913375,0.8987277073938688,0.6158898127921183,23.87398819519757,0.1689075654402658,0.3378151308805316,1.1331096640760887,27.218159206382232,0.02680718576348025,"[0.01024, 0.01579, 0.03726, 0.01692, 0.0154, 0.03661]"
add-6th,size_only+impact60+t10_size_plus_impact_bm+book_to_market_lf_minus_size+book_to_market_lf_plus_impact+t10_size_plus_impact_g13+impact_abs_return60+reversal_turn_paper,0.268853588075255,0.4403322369930797,0.905180894546598,0.615218403108598,23.82420189937962,0.16746041303425827,0.33492082606851653,1.1321379673004999,27.1341737738095,0.026419934219584783,"[0.01024, 0.01579, 0.03726, 0.01692, 0.0154, 0.03345]"
add-6th,size_only+impact60+t10_size_plus_impact_bm+book_to_market_lf_minus_size+book_to_market_lf_plus_impact+t10_size_plus_impact_downside+impact_abs_return60+reversal_chip_turn_paper,0.26799783564952007,0.4421473168756548,0.9040003015850803,0.6151512637496692,23.953459239524246,0.16882521369962356,0.3376504273992471,1.133179478598811,27.10710634652449,0.026528839012539288,"[0.01024, 0.01579, 0.03726, 0.01692, 0.0154, 0.03304]"
add-6th,size_only+impact60+t10_size_plus_impact_bm+book_to_market_lf_minus_size+book_to_market_lf_plus_impact+t10_size_plus_impact_aggregate+impact60+reversal_chip_eq,0.2737279976350752,0.4503467244953077,0.8947958079329076,0.6150250666701811,24.287084718240482,0.1743845064541178,0.3487690129082356,1.1374004532982684,26.847043172984176,0.02702080346971846,"[0.01024, 0.01579, 0.03726, 0.01692, 0.0154, 0.03579]"
add-6th,size_only+impact60+t10_size_plus_impact_bm+book_to_market_lf_minus_size+book_to_market_lf_plus_impact+t10_size_plus_impact_downside+book_to_market_lf_minus_size+reversal_chip_turn_paper,0.26930510911962374,0.4428580485378128,0.9022356155190409,0.6148673657957276,23.87242823685101,0.16895178325909274,0.3379035665181855,1.1334788682073462,26.999056648791132,0.026571482912268768,"[0.01024, 0.01579, 0.03726, 0.01692, 0.0154, 0.03367]"
add-6th,size_only+impact60+t10_size_plus_impact_bm+book_to_market_lf_minus_size+book_to_market_lf_plus_impact+t10_size_plus_impact_downside+impact60+t10_size_plus_wc_mcap,0.27125568095706837,0.44734473554383075,0.8962756020126474,0.6141458145374458,23.603775170176792,0.1661522757146007,0.3323045514292014,1.122467606494036,27.126051598641887,0.026840684132629845,"[0.01024, 0.01579, 0.03726, 0.01692, 0.0154, 0.0346]"
add-6th,size_only+impact60+t10_size_plus_impact_bm+book_to_market_lf_minus_size+book_to_market_lf_plus_impact+t10_size_plus_impact_fscore+impact60+reversal_chip_turn_size_eq,0.2762948326815404,0.45643356251397793,0.8868718057120338,0.6141030259866156,24.223962111087715,0.17390122430566915,0.3478024486113383,1.1372287856394798,27.348490217632758,0.027386013750838673,"[0.01024, 0.01579, 0.03726, 0.01692, 0.0154, 0.03702]"
add-6th,size_only+impact60+t10_size_plus_impact_bm+book_to_market_lf_minus_size+book_to_market_lf_plus_impact+t10_size_plus_impact+impact60+reversal_chip_turn_size_eq,0.2722591729774346,0.45029345276749555,0.8927370227663688,0.6137862033089763,24.058351203073098,0.17121289200269538,0.34242578400539075,1.1312738031111578,27.173421383094986,0.027017607166049732,"[0.01024, 0.01579, 0.03726, 0.01692, 0.0154, 0.03509]"
add-6th,size_only+impact60+t10_size_plus_impact_bm+book_to_market_lf_minus_size+book_to_market_lf_plus_impact+impact60+reversal_turn_eq,0.28007216767049375,0.4591275031965296,0.8817198464876108,0.6134829905723089,23.932906143113406,0.17371448315255436,0.3474289663051087,1.1357889465281215,26.985973823282993,0.027547650191791777,"[0.01024, 0.01579, 0.03726, 0.01692, 0.0154, 0.03884]"
add-6th,size_only+impact60+t10_size_plus_impact_bm+book_to_market_lf_minus_size+book_to_market_lf_plus_impact+t10_size_plus_impact_aggregate+book_to_market_lf_plus_impact+reversal_chip_eq,0.2711737343337265,0.447721438669032,0.8940073535429254,0.6132405594952229,23.992407263346198,0.172318751097186,0.344637502194372,1.1339815574801502,26.710211078060418,0.02686328632014192,"[0.01024, 0.01579, 0.03726, 0.01692, 0.0154, 0.03457]"
add-6th,size_only+impact60+t10_size_plus_impact_bm+book_to_market_lf_minus_size+book_to_market_lf_plus_impact+book_to_market_lf_plus_impact+t10_size_plus_wc_mcap+t10_nomcap_plus_impact,0.2757189122537954,0.45643646992115305,0.885117968661201,0.613199632820703,23.784101527940653,0.1723415455770662,0.3446830911541324,1.1308470380362254,26.61799517114535,0.02738618819526918,"[0.01024, 0.01579, 0.03726, 0.01692, 0.0154, 0.03675]"
add-6th,size_only+impact60+t10_size_plus_impact_bm+book_to_market_lf_minus_size+book_to_market_lf_plus_impact+t10_size_plus_impact_g13+impact60+reversal_turn_eq,0.27696444493808436,0.45577190335152834,0.8849386212587756,0.6131354347271009,24.00842908010246,0.1734583241737887,0.3469166483475774,1.1353511090316697,27.01959443572315,0.0273463142010917,"[0.01024, 0.01579, 0.03726, 0.01692, 0.0154, 0.03734]"
add-6th,size_only+impact60+t10_size_plus_impact_bm+book_to_market_lf_minus_size+book_to_market_lf_plus_impact+impact60+t10_nomcap_plus_impact+reversal_turn_paper,0.2777366817681032,0.4601114864732147,0.8791997609925486,0.6122262490658926,23.874191053809525,0.17450909639151313,0.34901819278302626,1.1362632079577146,26.774815274637586,0.02760668918839288,"[0.01024, 0.01579, 0.03726, 0.01692, 0.0154, 0.03772]"
add-6th,size_only+impact60+t10_size_plus_impact_bm+book_to_market_lf_minus_size+book_to_market_lf_plus_impact+t10_size_plus_impact_fscore+t10_size_plus_impact_dd120+impact_abs_return60,0.26995707290199816,0.4471351554582981,0.891641906436135,0.6117275768870647,24.11141471008657,0.17145425316740273,0.34290850633480546,1.132888283543759,27.36672915866355,0.026828109327497882,"[0.01024, 0.01579, 0.03726, 0.01692, 0.0154, 0.03398]"
replace-SIZE,impact60+t10_size_plus_impact_bm+book_to_market_lf_minus_size+book_to_market_lf_plus_impact+impact60+reversal_chip_turn_paper,0.30336103918749124,0.4757212020010477,0.8540472241531329,0.6114958794067747,22.598183311389445,0.1733688986251244,0.3467377972502488,1.1214632508951734,24.90890096075935,0.028543272120062864,"[0.01579, 0.03726, 0.01692, 0.0154, 0.03599]"
add-6th,size_only+impact60+t10_size_plus_impact_bm+book_to_market_lf_minus_size+book_to_market_lf_plus_impact+t10_size_plus_impact+t10_size_plus_impact_wc+book_to_market_lf_minus_size,0.2705343552153448,0.4418132407747021,0.8945491801426769,0.6112886363784193,23.595255844038434,0.16601093031906974,0.3320218606381395,1.1227370664058196,27.27526175437578,0.026508794446482124,"[0.01024, 0.01579, 0.03726, 0.01692, 0.0154, 0.03426]"
add-6th,size_only+impact60+t10_size_plus_impact_bm+book_to_market_lf_minus_size+book_to_market_lf_plus_impact+t10_size_plus_impact_downside+turn_bias,0.27148450496580023,0.4891894017395275,0.8557372127301346,0.6105949373305553,23.205663241771337,0.17053741191179664,0.3410748238235933,1.118968501390617,27.131790350759623,0.02935136410437165,"[0.01024, 0.01579, 0.03726, 0.01692, 0.0154, 0.03471]"
add-6th,size_only+impact60+t10_size_plus_impact_bm+book_to_market_lf_minus_size+book_to_market_lf_plus_impact+t10_size_plus_impact_wc+book_to_market_lf_plus_impact+reversal_turn_paper,0.27205980271574126,0.4501214950679284,0.8847249021421287,0.6100806897808811,23.352676338223617,0.16815544310377947,0.33631088620755895,1.1250177984491314,26.70638892295617,0.027007289704075704,"[0.01024, 0.01579, 0.03726, 0.01692, 0.0154, 0.03499]"
add-6th,size_only+impact60+t10_size_plus_impact_bm+book_to_market_lf_minus_size+book_to_market_lf_plus_impact+t10_size_plus_impact_dd120+book_to_market_lf_plus_impact+t10_nomcap_plus_impact,0.27353165241711336,0.45238131989084124,0.8786974515429771,0.6084536456395568,23.6893092877056,0.17228796460321988,0.34457592920643976,1.1277032601209882,26.66413446597502,0.027142879193450473,"[0.01024, 0.01579, 0.03726, 0.01692, 0.0154, 0.0357]"
add-6th,size_only+impact60+t10_size_plus_impact_bm+book_to_market_lf_minus_size+book_to_market_lf_plus_impact+t10_size_plus_impact_aggregate+book_to_market_lf_minus_size+reversal_turn_paper_nomcap,0.2704390711720869,0.4398616147331125,0.8886944307927055,0.6079518732477243,23.529178894010155,0.16824825266006002,0.33649650532012004,1.127938985658225,26.994137760907755,0.02639169688398675,"[0.01024, 0.01579, 0.03726, 0.01692, 0.0154, 0.03421]"
add-6th,size_only+impact60+t10_size_plus_impact_bm+book_to_market_lf_minus_size+book_to_market_lf_plus_impact+t10_size_plus_impact_downside+t10_size_plus_impact_bm+book_to_market_lf_div_oper_main_profit_ttm,0.26863502502575254,0.44003442379893765,0.8877329274711409,0.607218870696792,23.627087377883274,0.16522703262204852,0.33045406524409704,1.1191690876107419,27.863413444875995,0.026402065427936258,"[0.01024, 0.01579, 0.03726, 0.01692, 0.0154, 0.03335]"
add-6th,size_only+impact60+t10_size_plus_impact_bm+book_to_market_lf_minus_size+book_to_market_lf_plus_impact+size_only+t10_size_plus_impact_fscore+reversal_chip_turn_paper,0.27037329291216794,0.44743688483116656,0.8811720396412039,0.6072049861118837,24.171201168689656,0.17318441172927937,0.34636882345855874,1.1340784173686957,27.662440229180397,0.026846213089869994,"[0.01024, 0.01579, 0.03726, 0.01692, 0.0154, 0.03418]"
add-6th,size_only+impact60+t10_size_plus_impact_bm+book_to_market_lf_minus_size+book_to_market_lf_plus_impact+t10_size_plus_impact_fscore+t10_size_plus_impact_dd120+book_to_market_lf_plus_impact,0.27010390378713295,0.43849061407596107,0.8881848838393349,0.6071756934117136,23.83421909021125,0.17104627961068597,0.34209255922137194,1.1311111530352511,26.981143392463824,0.026309436844557662,"[0.01024, 0.01579, 0.03726, 0.01692, 0.0154, 0.03405]"
add-6th,size_only+impact60+t10_size_plus_impact_bm+book_to_market_lf_minus_size+book_to_market_lf_plus_impact+t10_size_plus_impact_aggregate+impact_abs_return60+reversal_chip_turn_eq,0.26881110820684,0.447351939578716,0.8813614682970217,0.6069480612275784,23.879831046613972,0.1720237226396434,0.3440474452792868,1.128537993823806,27.073950057735786,0.02684111637472296,"[0.01024, 0.01579, 0.03726, 0.01692, 0.0154, 0.03343]"
replace-SIZE,impact60+t10_size_plus_impact_bm+book_to_market_lf_minus_size+book_to_market_lf_plus_impact+t10_size_plus_impact_bm+t10_size_plus_impact_wc+impact60,0.30178862152033326,0.4783214316672252,0.8388738766475808,0.6052634698790068,22.496933356655298,0.17345833116622053,0.34691666233244106,1.1149547703059868,25.322211742981604,0.02869928590003351,"[0.01579, 0.03726, 0.01692, 0.0154, 0.03536]"
add-6th,size_only+impact60+t10_size_plus_impact_bm+book_to_market_lf_minus_size+book_to_market_lf_plus_impact+t10_size_plus_impact+t10_size_plus_wc_mcap+impact_abs_return60,0.2689574268550571,0.4391487502438865,0.8837197378998528,0.6051674300113055,23.762253142742217,0.16901879738994638,0.33803759477989276,1.1236849641441888,27.393988637649525,0.02634892501463319,"[0.01024, 0.01579, 0.03726, 0.01692, 0.0154, 0.0335]"
add-6th,size_only+impact60+t10_size_plus_impact_bm+book_to_market_lf_minus_size+book_to_market_lf_plus_impact+t10_size_plus_impact_fscore+impact_abs_return60+reversal_turn_paper,0.27330899504375733,0.4509392203769981,0.8724114099402225,0.6050756606138009,23.740261598861345,0.17243942996015973,0.34487885992031947,1.1311040181476442,27.309880717811264,0.027056353222619883,"[0.01024, 0.01579, 0.03726, 0.01692, 0.0154, 0.03559]"
add-6th,size_only+impact60+t10_size_plus_impact_bm+book_to_market_lf_minus_size+book_to_market_lf_plus_impact+t10_size_plus_impact+impact_abs_return60+reversal_chip_turn_paper,0.2700614575669575,0.44572289078868355,0.8772036207221146,0.6047569326143822,23.805136725352074,0.1717106573724762,0.3434213147449524,1.1284899529525607,27.263496872650894,0.02674337344732101,"[0.01024, 0.01579, 0.03726, 0.01692, 0.0154, 0.03403]"
add-6th,size_only+impact60+t10_size_plus_impact_bm+book_to_market_lf_minus_size+book_to_market_lf_plus_impact+t10_size_plus_impact_dd120+impact60+t10_size_plus_wc_mcap,0.26989043253430517,0.44652913803118655,0.8757182085056646,0.6043364786453254,23.850301976734748,0.17214871252740388,0.34429742505480776,1.1260583793141905,27.200964503880186,0.02679174828187119,"[0.01024, 0.01579, 0.03726, 0.01692, 0.0154, 0.03395]"
replace-SIZE,impact60+t10_size_plus_impact_bm+book_to_market_lf_minus_size+book_to_market_lf_plus_impact+book_to_market_lf_plus_impact+momentum20_open,0.303256975507491,0.48903624653280753,0.8271810123037958,0.6040455369246889,22.703428968779203,0.18256073940523554,0.3651214788104711,1.1285869940069904,24.39722614044647,0.02934217479196845,"[0.01579, 0.03726, 0.01692, 0.0154, 0.03595]"
add-6th,size_only+impact60+t10_size_plus_impact_bm+book_to_market_lf_minus_size+book_to_market_lf_plus_impact+t10_size_plus_impact_bm+t10_size_plus_impact_wc+book_to_market_lf_div_oper_main_profit_ttm,0.2715280122983167,0.44370506794531617,0.8744390248660843,0.6030999374302619,23.455665437493735,0.16591702666054778,0.33183405332109556,1.1157619043437343,27.89614443491176,0.026622304076718967,"[0.01024, 0.01579, 0.03726, 0.01692, 0.0154, 0.03474]"
add-6th,size_only+impact60+t10_size_plus_impact_bm+book_to_market_lf_minus_size+book_to_market_lf_plus_impact+t10_size_plus_impact+book_to_market_lf_minus_size+t10_size_plus_wc_mcap,0.27213845292600247,0.4456500437813744,0.8723519822949027,0.6029635979413878,23.528249114620877,0.1693250049929055,0.338650009985811,1.1206701365681992,27.313032009117254,0.026739002626882464,"[0.01024, 0.01579, 0.03726, 0.01692, 0.0154, 0.03503]"
add-6th,size_only+impact60+t10_size_plus_impact_bm+book_to_market_lf_minus_size+book_to_market_lf_plus_impact+t10_size_plus_impact_downside+book_to_market_lf_minus_size+reversal_chip_turn_eq,0.2721997762077219,0.4490310201727753,0.8696136645257041,0.6029269613385826,23.596679454531632,0.17163946912746847,0.34327893825493694,1.1244272366200792,27.07831531107301,0.026941861210366517,"[0.01024, 0.01579, 0.03726, 0.01692, 0.0154, 0.03506]"
replace-SIZE,impact60+t10_size_plus_impact_bm+book_to_market_lf_minus_size+book_to_market_lf_plus_impact+t10_size_plus_impact_downside+t10_size_plus_impact+book_to_market_lf_div_oper_main_profit_ttm,0.29619009811166497,0.4750438402162422,0.8376890639023815,0.6024634424540894,23.14347374899918,0.1777598268229566,0.3555196536459132,1.1226727323945485,26.02276118601302,0.02850263041297453,"[0.01579, 0.03726, 0.01692, 0.0154, 0.03312]"
add-6th,size_only+impact60+t10_size_plus_impact_bm+book_to_market_lf_minus_size+book_to_market_lf_plus_impact+t10_size_plus_impact_downside+t10_size_plus_impact+book_to_market_lf_div_oper_main_profit_ttm,0.2681685666472209,0.44124500924250437,0.8756482636034185,0.602111185185859,23.625175765436126,0.16642964031356922,0.33285928062713843,1.1155341996055612,28.03622414790137,0.02647470055455026,"[0.01024, 0.01579, 0.03726, 0.01692, 0.0154, 0.03312]"
replace-SIZE,impact60+t10_size_plus_impact_bm+book_to_market_lf_minus_size+book_to_market_lf_plus_impact+t10_size_plus_impact_downside+t10_size_plus_impact_fscore+impact_abs_return60,0.296718818592019,0.4755131279226024,0.8360357848773013,0.6019894616861002,22.6659279795597,0.17444329522555724,0.3488865904511145,1.116392735412893,25.69802211699438,0.028530787675356144,"[0.01579, 0.03726, 0.01692, 0.0154, 0.03333]"
replace-SIZE,impact60+t10_size_plus_impact_bm+book_to_market_lf_minus_size+book_to_market_lf_plus_impact+t10_size_plus_impact_downside+book_to_market_lf_plus_impact+t10_size_plus_wc_mcap,0.2998450835503712,0.4686588434951204,0.8389465435876658,0.601525556547816,22.6074799600639,0.17508221299543178,0.35016442599086356,1.1192242225081717,25.28268676972669,0.028119530609707222,"[0.01579, 0.03726, 0.01692, 0.0154, 0.03458]"
add-6th,size_only+impact60+t10_size_plus_impact_bm+book_to_market_lf_minus_size+book_to_market_lf_plus_impact+t10_size_plus_impact_wc+turn_bias,0.26891467146032855,0.49096761100306496,0.8351212590332469,0.6014261647080995,22.975756001906138,0.1717149953359228,0.3434299906718456,1.111342927842712,27.171683017504865,0.029458056660183897,"[0.01024, 0.01579, 0.03726, 0.01692, 0.0154, 0.03348]"
replace-SIZE,impact60+t10_size_plus_impact_bm+book_to_market_lf_minus_size+book_to_market_lf_plus_impact+t10_size_plus_impact_downside+impact_abs_return60+reversal_chip_turn_paper,0.295985220914424,0.4734167219581136,0.8312900552004172,0.5989734217084123,22.76897588867614,0.17725875595531337,0.35451751191062675,1.1178914207327224,25.441518858936185,0.028405003317486813,"[0.01579, 0.03726, 0.01692, 0.0154, 0.03304]"
replace-SIZE,impact60+t10_size_plus_impact_bm+book_to_market_lf_minus_size+book_to_market_lf_plus_impact+t10_size_plus_impact+t10_size_plus_wc_mcap+impact_abs_return60,0.2971367303610685,0.4845695406696695,0.822014885051867,0.5989333835799382,22.9085281768303,0.1796987306513846,0.3593974613027692,1.1190700956484543,25.713736773408037,0.02907417244018017,"[0.01579, 0.03726, 0.01692, 0.0154, 0.0335]"
add-6th,size_only+impact60+t10_size_plus_impact_bm+book_to_market_lf_minus_size+book_to_market_lf_plus_impact+t10_size_plus_impact_aggregate+t10_size_plus_impact_downside,0.2700043780787619,0.4482387944899584,0.8619282520417715,0.598752167106035,23.87647328178831,0.17467835696543202,0.34935671393086404,1.1248965268719255,27.276642128071583,0.026894327669397502,"[0.01024, 0.01579, 0.03726, 0.01692, 0.0154, 0.034]"
replace-SIZE,impact60+t10_size_plus_impact_bm+book_to_market_lf_minus_size+book_to_market_lf_plus_impact+t10_size_plus_impact_downside+t10_size_plus_impact_bm+book_to_market_lf_div_oper_main_profit_ttm,0.296749848165903,0.46605366955500216,0.834526374829359,0.5980056226506429,22.787848378289738,0.17522542554999973,0.35045085109999946,1.1168467115455816,25.876683545835167,0.027963220173300128,"[0.01579, 0.03726, 0.01692, 0.0154, 0.03335]"
replace-SIZE,impact60+t10_size_plus_impact_bm+book_to_market_lf_minus_size+book_to_market_lf_plus_impact+t10_size_plus_impact_wc+impact_abs_return60+reversal_turn_paper,0.3049103832024552,0.4787742711004662,0.8206596431297295,0.5978499109340325,22.652599528129816,0.17939732127787134,0.35879464255574267,1.1220484189418767,25.41055493169856,0.02872645626602797,"[0.01579, 0.03726, 0.01692, 0.0154, 0.03661]"
replace-SIZE,impact60+t10_size_plus_impact_bm+book_to_market_lf_minus_size+book_to_market_lf_plus_impact+t10_size_plus_impact+t10_size_plus_impact_wc+book_to_market_lf_plus_impact,0.2995299756267437,0.46813758570786823,0.8309521413628632,0.5976826137363911,22.43323135959864,0.17433673295778793,0.34867346591557585,1.113567395849336,25.34287084584671,0.028088255142472093,"[0.01579, 0.03726, 0.01692, 0.0154, 0.03446]"
add-6th,size_only+impact60+t10_size_plus_impact_bm+book_to_market_lf_minus_size+book_to_market_lf_plus_impact+reversal_chip_turn_size_eq+impact_abs_return60+reversal_turn_paper,0.2708989532281715,0.45029802153940934,0.8567588821544951,0.5973255951539505,23.655944613051965,0.17413539440987522,0.34827078881975043,1.1258850355674124,27.317432070675064,0.02701788129236456,"[0.01024, 0.01579, 0.03726, 0.01692, 0.0154, 0.03443]"
add-6th,size_only+impact60+t10_size_plus_impact_bm+book_to_market_lf_minus_size+book_to_market_lf_plus_impact+t10_size_plus_impact_aggregate+t10_size_plus_impact_downside+t10_size_plus_impact_wc,0.2738161329563421,0.4530217819504185,0.851138917948268,0.5963333633506355,23.751282593107263,0.176072470745679,0.352144941491358,1.1236442264752857,27.179938683847414,0.027181306917025107,"[0.01024, 0.01579, 0.03726, 0.01692, 0.0154, 0.03583]"
replace-SIZE,impact60+t10_size_plus_impact_bm+book_to_market_lf_minus_size+book_to_market_lf_plus_impact+t10_size_plus_impact_downside+t10_size_plus_impact_fscore+book_to_market_lf_plus_impact,0.29810033380599676,0.4619251396586162,0.8333576003798512,0.596304785812648,22.42733627528777,0.17401905055988767,0.34803810111977534,1.1152913158327207,25.35547350400903,0.02771550837951697,"[0.01579, 0.03726, 0.01692, 0.0154, 0.03389]"
add-6th,size_only+impact60+t10_size_plus_impact_bm+book_to_market_lf_minus_size+book_to_market_lf_plus_impact+t10_size_plus_impact_downside+paper_composite+reversal_turn_eq,0.27188171277968187,0.44657648091456176,0.8568392051196219,0.5962557531798628,23.48403562261166,0.17333648452382316,0.34667296904764633,1.126180828942782,27.175744417005898,0.026794588854873704,"[0.01024, 0.01579, 0.03726, 0.01692, 0.0154, 0.03491]"
add-6th,size_only+impact60+t10_size_plus_impact_bm+book_to_market_lf_minus_size+book_to_market_lf_plus_impact+t10_size_plus_impact_aggregate+impact_abs_return60+reversal40,0.2725331823910133,0.4476932061075797,0.8556665001147412,0.596249183667489,24.09744998988658,0.1783681438840266,0.3567362877680532,1.1301325804086322,27.290337935359766,0.02686159236645478,"[0.01024, 0.01579, 0.03726, 0.01692, 0.0154, 0.03522]"
replace-SIZE,impact60+t10_size_plus_impact_bm+book_to_market_lf_minus_size+book_to_market_lf_plus_impact+t10_size_plus_impact_g13+impact_abs_return60+reversal_turn_paper,0.29701212382530595,0.4769316607462543,0.8207757127324781,0.5956775767558653,22.46219163316267,0.17628347857876844,0.3525669571575369,1.1138864655500065,25.504683366069216,0.028615899644775258,"[0.01579, 0.03726, 0.01692, 0.0154, 0.03345]"
add-6th,size_only+impact60+t10_size_plus_impact_bm+book_to_market_lf_minus_size+book_to_market_lf_plus_impact+t10_size_plus_impact_dd120+book_to_market_lf_minus_size+reversal_turn_paper_nomcap,0.2698214521667671,0.44483995050541447,0.8567935842824875,0.5952153860373679,23.404946016900645,0.1730405778892868,0.3460811557785736,1.1233879301383278,26.945323680098742,0.02669039703032487,"[0.01024, 0.01579, 0.03726, 0.01692, 0.0154, 0.03392]"
add-6th,size_only+impact60+t10_size_plus_impact_bm+book_to_market_lf_minus_size+book_to_market_lf_plus_impact+t10_size_plus_impact+book_to_market_lf_plus_impact+reversal40,0.2745181439393842,0.45036485514006325,0.8493767590696842,0.5947508696682569,23.968154460514945,0.18048939364426853,0.36097878728853705,1.1316554894342457,26.81319316798818,0.027021891308403795,"[0.01024, 0.01579, 0.03726, 0.01692, 0.0154, 0.03617]"
replace-SIZE,impact60+t10_size_plus_impact_bm+book_to_market_lf_minus_size+book_to_market_lf_plus_impact+impact60+reversal_turn_eq,0.31047441933959247,0.4936798436866865,0.7991826841071629,0.594515037006482,22.49044380302961,0.1832983342030414,0.3665966684060828,1.1167994940347465,25.011475533988424,0.02962079062120119,"[0.01579, 0.03726, 0.01692, 0.0154, 0.03884]"
add-6th,size_only+impact60+t10_size_plus_impact_bm+book_to_market_lf_minus_size+book_to_market_lf_plus_impact+t10_size_plus_impact_downside+t10_size_plus_wc_mcap+book_to_market_lf_div_oper_main_profit_ttm,0.26797487729585,0.44513219750317523,0.8556265239215535,0.5944231803499804,23.4708253089043,0.16870385783909903,0.33740771567819805,1.1128672837518785,28.06994402195161,0.026707931850190512,"[0.01024, 0.01579, 0.03726, 0.01692, 0.0154, 0.03303]"
add-6th,size_only+impact60+t10_size_plus_impact_bm+book_to_market_lf_minus_size+book_to_market_lf_plus_impact+size_only+t10_size_plus_wc_mcap+reversal_turn_paper_nomcap,0.2722977567197046,0.44468811728538454,0.8530452279825607,0.5939707449859778,23.620845903162614,0.17354472194670126,0.3470894438934025,1.1229305816719914,27.520366104608986,0.02668128703712307,"[0.01024, 0.01579, 0.03726, 0.01692, 0.0154, 0.0351]"
add-6th,size_only+impact60+t10_size_plus_impact_bm+book_to_market_lf_minus_size+book_to_market_lf_plus_impact+t10_size_plus_impact_dd120+book_to_market_lf_plus_impact+reversal_chip_turn_eq,0.27269319386739127,0.4563651420520567,0.8433786741889048,0.5937868418767052,23.357927590287904,0.1758683746235271,0.3517367492470542,1.1191857627420625,26.595351955377712,0.027381908523123402,"[0.01024, 0.01579, 0.03726, 0.01692, 0.0154, 0.03529]"
add-6th,size_only+impact60+t10_size_plus_impact_bm+book_to_market_lf_minus_size+book_to_market_lf_plus_impact+t10_size_plus_impact_g13+impact60+reversal40,0.2764957665380113,0.4530052804038315,0.84342297422271,0.5933913398491628,23.91398906619025,0.17896350668051347,0.35792701336102695,1.1260371651269043,27.279520827286973,0.02718031682422989,"[0.01024, 0.01579, 0.03726, 0.01692, 0.0154, 0.03712]"
add-6th,size_only+impact60+t10_size_plus_impact_bm+book_to_market_lf_minus_size+book_to_market_lf_plus_impact+t10_size_plus_impact_aggregate+t10_size_plus_impact_wc,0.27264865692728063,0.4549895020833179,0.8435100720265654,0.5933555895265719,23.69133614721939,0.17676912806690745,0.3535382561338149,1.1222568830459716,27.252448154538055,0.027299370124999073,"[0.01024, 0.01579, 0.03726, 0.01692, 0.0154, 0.03527]"
add-6th,size_only+impact60+t10_size_plus_impact_bm+book_to_market_lf_minus_size+book_to_market_lf_plus_impact+t10_size_plus_impact_downside+t10_size_plus_impact,0.27197367553751,0.45420954276521336,0.8443385474036527,0.5933204214069704,23.959883223617044,0.17922906063959443,0.35845812127918886,1.1260762650789868,27.244998873855764,0.027252572565912802,"[0.01024, 0.01579, 0.03726, 0.01692, 0.0154, 0.03495]"
replace-SIZE,impact60+t10_size_plus_impact_bm+book_to_market_lf_minus_size+book_to_market_lf_plus_impact+t10_size_plus_impact_aggregate+impact60+reversal_chip_turn_eq,0.30289707512853825,0.4876495285484192,0.8039155588783727,0.593018751512922,22.584736764549238,0.18190261655223602,0.36380523310447205,1.1123728931322547,25.12516277371153,0.02925897171290515,"[0.01579, 0.03726, 0.01692, 0.0154, 0.03581]"
add-6th,size_only+impact60+t10_size_plus_impact_bm+book_to_market_lf_minus_size+book_to_market_lf_plus_impact+t10_size_plus_impact_aggregate+t10_size_plus_impact_g13+t10_size_plus_impact,0.2719151076856317,0.450189766451846,0.8468037661659624,0.5930111345699556,23.864405479991664,0.17748156103300622,0.35496312206601244,1.1235367705395454,27.280430189574833,0.02701138598711076,"[0.01024, 0.01579, 0.03726, 0.01692, 0.0154, 0.03492]"
replace-SIZE,impact60+t10_size_plus_impact_bm+book_to_market_lf_minus_size+book_to_market_lf_plus_impact+t10_size_plus_impact_fscore+impact60+reversal_chip_turn_size_eq,0.30594161735284847,0.49103623012133296,0.7995318745834868,0.5928403475756053,22.69011498662536,0.1833861531479769,0.3667723062959538,1.115929141121999,25.426607835997615,0.029462173807279977,"[0.01579, 0.03726, 0.01692, 0.0154, 0.03702]"
add-6th,size_only+impact60+t10_size_plus_impact_bm+book_to_market_lf_minus_size+book_to_market_lf_plus_impact+book_to_market_lf_minus_size+t10_nomcap_plus_impact+reversal_turn_paper,0.2724456245565875,0.44865888386539804,0.8465207024869364,0.5924540503833282,23.34429232892659,0.17446213857624449,0.34892427715248897,1.1218224473548188,26.939198731542803,0.026919533031923883,"[0.01024, 0.01579, 0.03726, 0.01692, 0.0154, 0.03518]"
replace-SIZE,impact60+t10_size_plus_impact_bm+book_to_market_lf_minus_size+book_to_market_lf_plus_impact+t10_size_plus_impact_bm+t10_size_plus_impact_wc+book_to_market_lf_div_oper_main_profit_ttm,0.30022143289298,0.4704251699254402,0.8163067113715141,0.5920311161696814,22.574689170350354,0.17663753644457278,0.35327507288914556,1.1113334849322407,25.859497006889054,0.02822551019552641,"[0.01579, 0.03726, 0.01692, 0.0154, 0.03474]"
replace-SIZE,impact60+t10_size_plus_impact_bm+book_to_market_lf_minus_size+book_to_market_lf_plus_impact+t10_size_plus_impact_aggregate+impact60+reversal_chip_eq,0.3028614152970902,0.48401310065114317,0.8031920101620773,0.591413272860253,22.78789286409787,0.18424919602301779,0.36849839204603557,1.114610279274016,25.069672583999093,0.029040786039068588,"[0.01579, 0.03726, 0.01692, 0.0154, 0.03579]"
add-6th,size_only+impact60+t10_size_plus_impact_bm+book_to_market_lf_minus_size+book_to_market_lf_plus_impact+t10_size_plus_impact_wc+book_to_market_lf_minus_size+reversal_turn_eq,0.277477057276146,0.456872552907313,0.8353187623137484,0.5912942480139756,23.23823260280111,0.1746554495473203,0.3493108990946406,1.1169546227220595,27.125641302417602,0.02741235317443878,"[0.01024, 0.01579, 0.03726, 0.01692, 0.0154, 0.03759]"
replace-SIZE,impact60+t10_size_plus_impact_bm+book_to_market_lf_minus_size+book_to_market_lf_plus_impact+t10_size_plus_impact_bm+t10_size_plus_impact_fscore+impact_abs_return60,0.30046402700070174,0.4764435989511434,0.8096232442283398,0.5911785249357935,22.292370010027586,0.17611211763486564,0.3522242352697313,1.1086977706248213,25.643034269841223,0.028586615937068603,"[0.01579, 0.03726, 0.01692, 0.0154, 0.03483]"
replace-SIZE,impact60+t10_size_plus_impact_bm+book_to_market_lf_minus_size+book_to_market_lf_plus_impact+t10_size_plus_impact_g13+impact_abs_return60+reversal_turn_paper_nomcap,0.29973175497368654,0.4677532306205774,0.816589187089454,0.5911251159021937,22.36621064352016,0.17778101912310176,0.3555620382462035,1.1145798402590676,25.098153353885554,0.02806519383723464,"[0.01579, 0.03726, 0.01692, 0.0154, 0.03454]"
add-6th,size_only+impact60+t10_size_plus_impact_bm+book_to_market_lf_minus_size+book_to_market_lf_plus_impact+t10_size_plus_impact_aggregate+book_to_market_lf_div_oper_main_profit_ttm+reversal_chip_turn_eq,0.26871949505205917,0.4519150343446768,0.8419206369463857,0.5907784476569222,23.59472961463,0.1734572705359084,0.3469145410718168,1.1151622005189101,27.83107965194267,0.027114902060680606,"[0.01024, 0.01579, 0.03726, 0.01692, 0.0154, 0.03339]"
replace-SIZE,impact60+t10_size_plus_impact_bm+book_to_market_lf_minus_size+book_to_market_lf_plus_impact+t10_size_plus_impact_aggregate+reversal_chip_turn_size_eq+book_to_market_lf_plus_impact,0.29843120911375354,0.46729376202161804,0.8165352944460923,0.5906799410310586,22.347665268372637,0.17636252072633105,0.3527250414526621,1.109934021083927,25.276687918106553,0.02803762572129708,"[0.01579, 0.03726, 0.01692, 0.0154, 0.03402]"
replace-SIZE,impact60+t10_size_plus_impact_bm+book_to_market_lf_minus_size+book_to_market_lf_plus_impact+t10_size_plus_impact_fscore+t10_size_plus_impact_dd120+impact_abs_return60,0.2983363056173977,0.48131248243297037,0.8047594772183577,0.5902683947232801,22.71189568981527,0.18130169262878468,0.36260338525756936,1.1137426352763806,25.652738772484952,0.028878748945978222,"[0.01579, 0.03726, 0.01692, 0.0154, 0.03398]"
add-6th,size_only+impact60+t10_size_plus_impact_bm+book_to_market_lf_minus_size+book_to_market_lf_plus_impact+book_to_market_lf_plus_impact+t10_nomcap_plus_impact+reversal_chip_turn_eq,0.27062022681776937,0.46320808591050533,0.8310477575076223,0.5902183663106608,23.18726867429295,0.17704189342787383,0.35408378685574765,1.117424747167268,26.548265617411204,0.027792485154630318,"[0.01024, 0.01579, 0.03726, 0.01692, 0.0154, 0.0343]"
add-6th,size_only+impact60+t10_size_plus_impact_bm+book_to_market_lf_minus_size+book_to_market_lf_plus_impact+t10_size_plus_impact_g13+t10_size_plus_impact_fscore+t10_nomcap_plus_impact,0.2748888426574504,0.4786478914667333,0.8170905220145486,0.5901952654513936,23.816098988613067,0.1849341499612287,0.3698682999224574,1.125839371234991,26.977324381477985,0.028718873488003997,"[0.01024, 0.01579, 0.03726, 0.01692, 0.0154, 0.03635]"
add-6th,size_only+impact60+t10_size_plus_impact_bm+book_to_market_lf_minus_size+book_to_market_lf_plus_impact+impact60+reversal_chip_turn_size_eq+reversal_chip_eq,0.27058971573213664,0.45357188828398864,0.8378833776768907,0.5899156240004242,23.875372700637453,0.18072524133100548,0.36145048266201096,1.1249699214777202,26.95511884102362,0.027214313297039317,"[0.01024, 0.01579, 0.03726, 0.01692, 0.0154, 0.03429]"
replace-SIZE,impact60+t10_size_plus_impact_bm+book_to_market_lf_minus_size+book_to_market_lf_plus_impact+t10_size_plus_impact+impact60+reversal_chip_turn_size_eq,0.30109882570792146,0.49045947620430463,0.7955466249165877,0.5898765630255554,22.504903702384805,0.18168723885649612,0.36337447771299225,1.107536949913788,25.343123613006036,0.029427568572258277,"[0.01579, 0.03726, 0.01692, 0.0154, 0.03509]"
replace-SIZE,impact60+t10_size_plus_impact_bm+book_to_market_lf_minus_size+book_to_market_lf_plus_impact+t10_size_plus_impact_dd120+impact60+t10_size_plus_wc_mcap,0.29825633717616623,0.4931535409646924,0.7945574340462314,0.5898058520936797,22.692046547218915,0.18369267285510943,0.36738534571021886,1.1123447029735904,25.509873738689258,0.029589212457881542,"[0.01579, 0.03726, 0.01692, 0.0154, 0.03395]"
replace-SIZE,impact60+t10_size_plus_impact_bm+book_to_market_lf_minus_size+book_to_market_lf_plus_impact+t10_size_plus_impact+t10_size_plus_impact_wc+book_to_market_lf_minus_size,0.2990290443934137,0.4667885457651392,0.8137355978764248,0.5893628189408726,22.338302480163023,0.1755878910014982,0.3511757820029964,1.1085011303147985,25.631239850712394,0.02800731274590835,"[0.01579, 0.03726, 0.01692, 0.0154, 0.03426]"
add-6th,size_only+impact60+t10_size_plus_impact_bm+book_to_market_lf_minus_size+book_to_market_lf_plus_impact+t10_size_plus_impact_g13+t10_size_plus_impact_bm+t10_size_plus_impact_fscore,0.2755445910006619,0.4644245193299795,0.8258834196699808,0.5893050388171166,23.62994811144522,0.18026197112424108,0.36052394224848217,1.1214758163549425,27.154827755382826,0.02786547115979877,"[0.01024, 0.01579, 0.03726, 0.01692, 0.0154, 0.03666]"
add-6th,size_only+impact60+t10_size_plus_impact_bm+book_to_market_lf_minus_size+book_to_market_lf_plus_impact+book_to_market_lf_minus_size+t10_size_plus_wc_mcap+reversal_turn_paper,0.27106482799259235,0.44572010783473576,0.8421697349002377,0.589191384045783,23.072115746468704,0.17144308410348055,0.3428861682069611,1.1151628375898903,27.216405048540082,0.026743206470084144,"[0.01024, 0.01579, 0.03726, 0.01692, 0.0154, 0.03451]"
add-6th,size_only+impact60+t10_size_plus_impact_bm+book_to_market_lf_minus_size+book_to_market_lf_plus_impact+size_only+reversal_chip_turn_paper+reversal_turn_paper,0.2694588165717444,0.4481516662997603,0.8409828742420994,0.5891871399282097,23.57469856789674,0.1757456952860376,0.3514913905720752,1.121343528229041,27.423651758794243,0.026889099977985616,"[0.01024, 0.01579, 0.03726, 0.01692, 0.0154, 0.03374]"
add-6th,size_only+impact60+t10_size_plus_impact_bm+book_to_market_lf_minus_size+book_to_market_lf_plus_impact+t10_nomcap_plus_impact+impact_abs_return60+reversal_chip_turn_eq,0.2730869485151071,0.45970902179927625,0.8302723928620502,0.5891381241206908,23.509950088580172,0.17873797389050966,0.3574759477810193,1.1199955458962907,26.973535637446854,0.027582541307956576,"[0.01024, 0.01579, 0.03726, 0.01692, 0.0154, 0.03548]"
replace-SIZE,impact60+t10_size_plus_impact_bm+book_to_market_lf_minus_size+book_to_market_lf_plus_impact+t10_size_plus_impact_fscore+t10_size_plus_impact_dd120+book_to_market_lf_plus_impact,0.2985125026795595,0.46732685385568784,0.8130208573413593,0.5891262851890143,22.625145615724282,0.18072449816546096,0.3614489963309219,1.1186966959068265,25.28162878639757,0.028039611231341268,"[0.01579, 0.03726, 0.01692, 0.0154, 0.03405]"
add-6th,size_only+impact60+t10_size_plus_impact_bm+book_to_market_lf_minus_size+book_to_market_lf_plus_impact+book_to_market_lf_minus_size+t10_size_plus_wc_mcap+reversal_chip_turn_eq,0.27033008798290986,0.4574116646305309,0.8330192550884479,0.5890187650070693,23.386604514429454,0.17607154741745387,0.35214309483490774,1.116887965780697,27.181047741292332,0.027444699877831852,"[0.01024, 0.01579, 0.03726, 0.01692, 0.0154, 0.03416]"
add-6th,size_only+impact60+t10_size_plus_impact_bm+book_to_market_lf_minus_size+book_to_market_lf_plus_impact+t10_size_plus_impact_aggregate+t10_size_plus_impact_bm+t10_size_plus_impact_fscore,0.27598792333071354,0.46567848545886853,0.8238517055940268,0.5889183220940588,23.629466519367643,0.18054423610029446,0.36108847220058893,1.1216793992439211,27.214321807134432,0.02794070912753211,"[0.01024, 0.01579, 0.03726, 0.01692, 0.0154, 0.03688]"
add-6th,size_only+impact60+t10_size_plus_impact_bm+book_to_market_lf_minus_size+book_to_market_lf_plus_impact+t10_size_plus_impact_fscore+impact60+reversal40,0.27860090713244107,0.46402626684327253,0.8239409389083534,0.5889027973303926,23.877064454124422,0.1833340321679261,0.3666680643358522,1.127638117758133,27.23002231493742,0.02784157601059635,"[0.01024, 0.01579, 0.03726, 0.01692, 0.0154, 0.03813]"
add-6th,size_only+impact60+t10_size_plus_impact_bm+book_to_market_lf_minus_size+book_to_market_lf_plus_impact+t10_size_plus_impact_bm+paper_composite+reversal_turn_eq,0.2681280798318771,0.44899745619609793,0.8397451810100254,0.5886600570895211,23.22660156954836,0.17464353531039672,0.34928707062079345,1.1205922712254708,26.9868596880667,0.026939847371765874,"[0.01024, 0.01579, 0.03726, 0.01692, 0.0154, 0.0331]"
add-6th,size_only+impact60+t10_size_plus_impact_bm+book_to_market_lf_minus_size+book_to_market_lf_plus_impact+t10_size_plus_impact+book_to_market_lf_minus_size+reversal_turn_eq,0.2743327236337236,0.4503994721237827,0.8354103451436822,0.5884410152847256,23.412977233734065,0.17593470406343056,0.3518694081268611,1.1195007359198612,27.258197075647196,0.02702396832742696,"[0.01024, 0.01579, 0.03726, 0.01692, 0.0154, 0.03608]"
add-6th,size_only+impact60+t10_size_plus_impact_bm+book_to_market_lf_minus_size+book_to_market_lf_plus_impact+t10_size_plus_impact+book_to_market_lf_minus_size+reversal40,0.27457361410323183,0.4472879995096269,0.8354107145475886,0.5874003441954306,24.05852295335902,0.18155143928515188,0.36310287857030377,1.1294338273168865,27.5158841816635,0.026837279970577613,"[0.01024, 0.01579, 0.03726, 0.01692, 0.0154, 0.0362]"
add-6th,size_only+impact60+t10_size_plus_impact_bm+book_to_market_lf_minus_size+book_to_market_lf_plus_impact+impact60+reversal_chip_turn_eq+reversal_turn_eq,0.2689996567312402,0.474289306211403,0.8166208586640409,0.5872805749190575,23.738084638697458,0.1846153840033955,0.369230768006791,1.1268449985405604,26.972357834016503,0.028457358372684177,"[0.01024, 0.01579, 0.03726, 0.01692, 0.0154, 0.03352]"
add-6th,size_only+impact60+t10_size_plus_impact_bm+book_to_market_lf_minus_size+book_to_market_lf_plus_impact+t10_size_plus_impact_fscore+book_to_market_lf_minus_size+reversal_chip_turn_size_eq,0.2704879191025802,0.44389876144062607,0.8393887156938061,0.5871870723869479,23.322382831397892,0.17292945482847843,0.34585890965695687,1.1158579680127807,27.55696159009322,0.026633925686437562,"[0.01024, 0.01579, 0.03726, 0.01692, 0.0154, 0.03424]"
add-6th,size_only+impact60+t10_size_plus_impact_bm+book_to_market_lf_minus_size+book_to_market_lf_plus_impact+t10_size_plus_impact_dd120+book_to_market_lf_plus_impact+reversal40,0.2714372106279506,0.4512638401297655,0.8318766274194179,0.5865742685097461,23.86015065535287,0.18287833066790896,0.3657566613358179,1.1285288717680384,26.83504178928249,0.02707583040778593,"[0.01024, 0.01579, 0.03726, 0.01692, 0.0154, 0.03469]"
add-6th,size_only+impact60+t10_size_plus_impact_bm+book_to_market_lf_minus_size+book_to_market_lf_plus_impact+t10_size_plus_impact_fscore+book_to_market_lf_plus_impact+reversal_chip_turn_eq,0.2734052852398602,0.4532781009040279,0.829376928295864,0.5865480100975206,23.03373534444081,0.17512497800314197,0.35024995600628395,1.1148648336878775,26.772805400797495,0.027196686054241675,"[0.01024, 0.01579, 0.03726, 0.01692, 0.0154, 0.03564]"
add-6th,size_only+impact60+t10_size_plus_impact_bm+book_to_market_lf_minus_size+book_to_market_lf_plus_impact+t10_size_plus_impact+book_to_market_lf_div_oper_main_profit_ttm+reversal_turn_paper,0.2706573897189352,0.4496621740032198,0.8333848291317741,0.5865364119542124,23.324729100676365,0.1729108570870431,0.3458217141740862,1.1128770176873346,27.819135131313423,0.026979730440193184,"[0.01024, 0.01579, 0.03726, 0.01692, 0.0154, 0.03432]"
replace-SIZE,impact60+t10_size_plus_impact_bm+book_to_market_lf_minus_size+book_to_market_lf_plus_impact+t10_size_plus_impact_downside+book_to_market_lf_minus_size+reversal_chip_turn_paper,0.2975539490785485,0.4653604753850519,0.809213767211144,0.5865331514454927,22.237025307424272,0.17716803536329354,0.35433607072658707,1.1080764665272493,25.149516094880433,0.02792162852310311,"[0.01579, 0.03726, 0.01692, 0.0154, 0.03367]"
replace-SIZE,impact60+t10_size_plus_impact_bm+book_to_market_lf_minus_size+book_to_market_lf_plus_impact+t10_size_plus_impact+impact_abs_return60+reversal_chip_turn_paper,0.298461567215349,0.477612924736301,0.7991136985033587,0.5864580014272865,22.5630518310839,0.18174058866712742,0.36348117733425483,1.1104321549688443,25.36769329048303,0.02865677548417806,"[0.01579, 0.03726, 0.01692, 0.0154, 0.03403]"
add-6th,size_only+impact60+t10_size_plus_impact_bm+book_to_market_lf_minus_size+book_to_market_lf_plus_impact+t10_size_plus_impact_aggregate+t10_size_plus_impact_fscore+reversal_chip_turn_size_eq,0.27287036361508793,0.4765206309278056,0.811318883780461,0.586449791248957,23.879794924220437,0.18580173638901967,0.37160347277803935,1.124989497009908,27.22048787844853,0.028591237855668337,"[0.01024, 0.01579, 0.03726, 0.01692, 0.0154, 0.03538]"
add-6th,size_only+impact60+t10_size_plus_impact_bm+book_to_market_lf_minus_size+book_to_market_lf_plus_impact+t10_size_plus_impact_bm+t10_size_plus_impact_wc+t10_size_plus_impact_dd120,0.2728979040127113,0.4609978670611484,0.8233597332930908,0.586440714255835,23.930242220949587,0.18419379142812675,0.3683875828562535,1.1262736978597645,27.063766140758062,0.027659872023668906,"[0.01024, 0.01579, 0.03726, 0.01692, 0.0154, 0.03539]"
add-6th,size_only+impact60+t10_size_plus_impact_bm+book_to_market_lf_minus_size+book_to_market_lf_plus_impact+t10_size_plus_impact_aggregate+t10_size_plus_impact+t10_size_plus_impact_bm,0.2723407869006229,0.45510690549908994,0.8279881560785395,0.5863502445401488,23.586102971587835,0.17918251784785602,0.35836503569571204,1.120035281843246,27.172716943286048,0.027306414329945395,"[0.01024, 0.01579, 0.03726, 0.01692, 0.0154, 0.03513]"
replace-SIZE,impact60+t10_size_plus_impact_bm+book_to_market_lf_minus_size+book_to_market_lf_plus_impact+t10_size_plus_impact_g13+impact60+reversal_turn_eq,0.30674515206070124,0.49601434603075567,0.7805485629709953,0.5862009048598527,22.24078002173908,0.18298055872455904,0.3659611174491181,1.105421448801485,25.239909087754963,0.02976086076184534,"[0.01579, 0.03726, 0.01692, 0.0154, 0.03734]"
add-6th,size_only+impact60+t10_size_plus_impact_bm+book_to_market_lf_minus_size+book_to_market_lf_plus_impact+size_only+t10_size_plus_impact_wc+reversal_turn_eq,0.269675682608975,0.4516799546060277,0.8296931725811737,0.5853850482954328,23.456305914535964,0.174629609051768,0.349259218103536,1.1138922548981374,27.87936924225457,0.027100797276361662,"[0.01024, 0.01579, 0.03726, 0.01692, 0.0154, 0.03385]"
replace-SIZE,impact60+t10_size_plus_impact_bm+book_to_market_lf_minus_size+book_to_market_lf_plus_impact+t10_size_plus_impact_g13+impact60+reversal40,0.30618273798061346,0.4879185470083355,0.7850802525766444,0.58529415270853,23.07081486937798,0.19118619364078376,0.3823723872815675,1.1233592314475034,25.41860979058972,0.02927511282050013,"[0.01579, 0.03726, 0.01692, 0.0154, 0.03712]"
add-6th,size_only+impact60+t10_size_plus_impact_bm+book_to_market_lf_minus_size+book_to_market_lf_plus_impact+t10_size_plus_impact+t10_size_plus_impact_fscore,0.2733548362618611,0.4769174497626803,0.8080881722980802,0.5852317522034464,23.709559383425134,0.18528787806875935,0.3705757561375187,1.1211360025350279,27.00537945443635,0.02861504698576082,"[0.01024, 0.01579, 0.03726, 0.01692, 0.0154, 0.03561]"
replace-SIZE,impact60+t10_size_plus_impact_bm+book_to_market_lf_minus_size+book_to_market_lf_plus_impact+t10_size_plus_impact_fscore+impact_abs_return60+reversal_turn_paper,0.3023586121875087,0.471032913252743,0.7994827182620624,0.5851004652938898,22.53325727461137,0.18223272178635816,0.3644654435727163,1.1184883028623216,25.526388068606998,0.02826197479516458,"[0.01579, 0.03726, 0.01692, 0.0154, 0.03559]"
replace-SIZE,impact60+t10_size_plus_impact_bm+book_to_market_lf_minus_size+book_to_market_lf_plus_impact+t10_size_plus_impact_aggregate+book_to_market_lf_plus_impact+reversal_chip_eq,0.29979629933547175,0.47049568630903255,0.8007693052689577,0.5849789374462867,22.58842108145399,0.18305357280878584,0.3661071456175717,1.114071501416289,25.08457293615123,0.02822974117854195,"[0.01579, 0.03726, 0.01692, 0.0154, 0.03457]"
add-6th,size_only+impact60+t10_size_plus_impact_bm+book_to_market_lf_minus_size+book_to_market_lf_plus_impact+t10_size_plus_impact_g13+t10_size_plus_impact_bm+t10_size_plus_wc_mcap,0.2747650784429425,0.45884589563104045,0.8208565479336916,0.5849345257296139,23.610287662053803,0.18092179300846747,0.36184358601693495,1.1200022230485718,27.17192538539679,0.027530753737862425,"[0.01024, 0.01579, 0.03726, 0.01692, 0.0154, 0.03629]"
replace-SIZE,impact60+t10_size_plus_impact_bm+book_to_market_lf_minus_size+book_to_market_lf_plus_impact+t10_size_plus_impact_aggregate+book_to_market_lf_div_oper_main_profit_ttm+reversal_chip_turn_eq,0.29685121219747096,0.4804145265386921,0.7940893008974818,0.5848555121319032,22.79817931562207,0.18517154043954775,0.3703430808790955,1.1166846017540724,25.575234266872226,0.028824871592321524,"[0.01579, 0.03726, 0.01692, 0.0154, 0.03339]"
add-6th,size_only+impact60+t10_size_plus_impact_bm+book_to_market_lf_minus_size+book_to_market_lf_plus_impact+t10_size_plus_impact_aggregate+t10_size_plus_impact_bm+t10_nomcap_plus_impact,0.2753114233933777,0.46279588372879676,0.8167674152657757,0.5845861808533535,23.55680377100227,0.1824597930089292,0.3649195860178584,1.1201265234178936,26.854965710727498,0.027767753023727804,"[0.01024, 0.01579, 0.03726, 0.01692, 0.0154, 0.03655]"
add-6th,size_only+impact60+t10_size_plus_impact_bm+book_to_market_lf_minus_size+book_to_market_lf_plus_impact+t10_size_plus_impact_aggregate+t10_size_plus_impact_downside+reversal_chip_turn_paper,0.27301259486256896,0.45812852948187005,0.8210961982346797,0.5844407934967741,23.619024276202037,0.18160534766486428,0.36321069532972855,1.1214886953027134,27.038852091760546,0.027487711768912203,"[0.01024, 0.01579, 0.03726, 0.01692, 0.0154, 0.03545]"
add-6th,size_only+impact60+t10_size_plus_impact_bm+book_to_market_lf_minus_size+book_to_market_lf_plus_impact+impact_abs_return60+reversal_chip_turn_paper+reversal40,0.2713132141099796,0.4528952123932055,0.8258040787864389,0.5843878026135154,24.038060464446005,0.18586846271965407,0.37173692543930814,1.1312766375395318,26.88976147864913,0.02717371274359233,"[0.01024, 0.01579, 0.03726, 0.01692, 0.0154, 0.03463]"
add-6th,size_only+impact60+t10_size_plus_impact_bm+book_to_market_lf_minus_size+book_to_market_lf_plus_impact+t10_size_plus_impact_aggregate+t10_size_plus_impact_downside+reversal_turn_paper_nomcap,0.27444546758090815,0.4671215562675404,0.8127720480021168,0.5841290598107733,23.318225463996743,0.18122369649168557,0.36244739298337114,1.1201405393372657,26.941562630410665,0.028027293376052424,"[0.01024, 0.01579, 0.03726, 0.01692, 0.0154, 0.03614]"
replace-SIZE,impact60+t10_size_plus_impact_bm+book_to_market_lf_minus_size+book_to_market_lf_plus_impact+t10_size_plus_impact_wc+book_to_market_lf_plus_impact+reversal_turn_paper,0.30085958139388946,0.46545062373534024,0.8018585100199537,0.5839159640951261,22.077180454969987,0.17845022134152372,0.35690044268304744,1.112224195140221,25.058788811778832,0.027927037424120414,"[0.01579, 0.03726, 0.01692, 0.0154, 0.03499]"
add-6th,size_only+impact60+t10_size_plus_impact_bm+book_to_market_lf_minus_size+book_to_market_lf_plus_impact+t10_size_plus_impact_dd120+book_to_market_lf_minus_size+reversal_turn_eq,0.2727556198980427,0.45131961556919303,0.8248659419879872,0.5837026633234204,23.35876876633701,0.17762112675076655,0.3552422535015331,1.1179020320090007,27.22539642709011,0.027079176934151582,"[0.01024, 0.01579, 0.03726, 0.01692, 0.0154, 0.03532]"
replace-SIZE,impact60+t10_size_plus_impact_bm+book_to_market_lf_minus_size+book_to_market_lf_plus_impact+t10_size_plus_impact_wc+turn_bias,0.29708542388739423,0.521694068400458,0.7592413437080884,0.583668613386279,21.481484538670117,0.1802847299543281,0.3605694599086562,1.0938046951576605,25.078130548056254,0.03130164410402748,"[0.01579, 0.03726, 0.01692, 0.0154, 0.03348]"
replace-SIZE,impact60+t10_size_plus_impact_bm+book_to_market_lf_minus_size+book_to_market_lf_plus_impact+t10_size_plus_impact_downside+t10_size_plus_wc_mcap+book_to_market_lf_div_oper_main_profit_ttm,0.29595767089002,0.4741348169345518,0.7960600290525326,0.5833657331787367,22.542089200304055,0.1794644170517242,0.3589288341034484,1.1086741440169412,26.168875679845748,0.028448089016073107,"[0.01579, 0.03726, 0.01692, 0.0154, 0.03303]"
replace-SIZE,impact60+t10_size_plus_impact_bm+book_to_market_lf_minus_size+book_to_market_lf_plus_impact+t10_size_plus_impact_aggregate+t10_size_plus_impact_downside+t10_size_plus_impact_wc,0.3029671776826105,0.49911006082987563,0.7726533379983441,0.5829759589262334,22.66136763889726,0.18772982317874823,0.37545964635749646,1.1086892305971061,25.60061444607229,0.029946603649792538,"[0.01579, 0.03726, 0.01692, 0.0154, 0.03583]"
add-6th,size_only+impact60+t10_size_plus_impact_bm+book_to_market_lf_minus_size+book_to_market_lf_plus_impact+t10_size_plus_impact_aggregate+t10_size_plus_impact_fscore+reversal_chip_turn_paper,0.2736613467055502,0.47758181690772716,0.8022570024490633,0.582901556360893,23.54587106136904,0.18575684906035328,0.37151369812070656,1.1213121750544495,26.88942823555489,0.028654909014463627,"[0.01024, 0.01579, 0.03726, 0.01692, 0.0154, 0.03576]"
add-6th,size_only+impact60+t10_size_plus_impact_bm+book_to_market_lf_minus_size+book_to_market_lf_plus_impact+t10_size_plus_impact_bm+t10_size_plus_impact_wc+reversal_turn_paper,0.27509769786892063,0.47167539176752454,0.80554022378718,0.5825990273966487,23.475962531756878,0.18405926270450704,0.3681185254090141,1.1221508261546775,27.051236620878562,0.028300523506051473,"[0.01024, 0.01579, 0.03726, 0.01692, 0.0154, 0.03645]"
replace-SIZE,impact60+t10_size_plus_impact_bm+book_to_market_lf_minus_size+book_to_market_lf_plus_impact+t10_size_plus_impact_aggregate+impact_abs_return60+reversal_chip_turn_eq,0.296961147983208,0.48083524684784584,0.7885445629234219,0.5825296193089275,22.321657964679982,0.1815852554160905,0.363170510832181,1.1030741299577933,25.17985793904386,0.02885011481087075,"[0.01579, 0.03726, 0.01692, 0.0154, 0.03343]"
add-6th,size_only+impact60+t10_size_plus_impact_bm+book_to_market_lf_minus_size+book_to_market_lf_plus_impact+t10_size_plus_impact_fscore,0.27871326858333334,0.4785621898100334,0.7982892433559237,0.5824695796603441,23.484300982722235,0.18575551903167828,0.37151103806335656,1.118352150354197,26.872694404119535,0.028713731388602004,"[0.01024, 0.01579, 0.03726, 0.01692, 0.0154, 0.03818]"
add-6th,size_only+impact60+t10_size_plus_impact_bm+book_to_market_lf_minus_size+book_to_market_lf_plus_impact+t10_size_plus_impact_bm+t10_size_plus_impact_fscore+t10_size_plus_impact_dd120,0.27328101225706003,0.47619861722301127,0.8014733678181217,0.5819887339976207,23.591388598517106,0.18588954362073934,0.3717790872414787,1.119878650940438,26.941062013120675,0.028571917033380675,"[0.01024, 0.01579, 0.03726, 0.01692, 0.0154, 0.03558]"
replace-SIZE,impact60+t10_size_plus_impact_bm+book_to_market_lf_minus_size+book_to_market_lf_plus_impact+t10_size_plus_impact_aggregate+impact_abs_return60+reversal40,0.301427637004216,0.4823567601183073,0.783171943493036,0.5815377680141169,23.09109538193544,0.19127593917030186,0.3825518783406037,1.1235315138687247,25.59188538601409,0.028941405607098437,"[0.01579, 0.03726, 0.01692, 0.0154, 0.03522]"
replace-SIZE,impact60+t10_size_plus_impact_bm+book_to_market_lf_minus_size+book_to_market_lf_plus_impact+t10_size_plus_impact_dd120+book_to_market_lf_plus_impact+t10_nomcap_plus_impact,0.302625801035536,0.47578772947630416,0.786418772670499,0.5809393132255383,22.166885392566975,0.182631395853221,0.365262791706442,1.1060951186804087,24.755654464004007,0.02854726376857825,"[0.01579, 0.03726, 0.01692, 0.0154, 0.0357]"
replace-SIZE,impact60+t10_size_plus_impact_bm+book_to_market_lf_minus_size+book_to_market_lf_plus_impact+t10_size_plus_impact_downside+turn_bias,0.30016922409396024,0.5130945801823023,0.7582410770577283,0.5808254325585755,21.347102356323937,0.1783509352206103,0.3567018704412206,1.087711377095546,25.092162694279494,0.03078567481093813,"[0.01579, 0.03726, 0.01692, 0.0154, 0.03471]"
add-6th,size_only+impact60+t10_size_plus_impact_bm+book_to_market_lf_minus_size+book_to_market_lf_plus_impact+t10_size_plus_impact_wc+book_to_market_lf_minus_size+reversal40,0.2749594312890696,0.44835561508159605,0.819756294315301,0.580806683978258,23.593561439819748,0.18010789479667488,0.36021578959334977,1.1192246682089004,27.42111364357398,0.02690133690489576,"[0.01024, 0.01579, 0.03726, 0.01692, 0.0154, 0.03638]"
replace-SIZE,impact60+t10_size_plus_impact_bm+book_to_market_lf_minus_size+book_to_market_lf_plus_impact+t10_size_plus_impact_aggregate+t10_size_plus_impact_wc,0.30156620644773674,0.5015465485052616,0.7662148167521831,0.5806512008048712,22.523718003076432,0.18819564585154874,0.3763912917030975,1.1075099949504432,25.527404809282505,0.030092792910315695,"[0.01579, 0.03726, 0.01692, 0.0154, 0.03527]"
replace-SIZE,impact60+t10_size_plus_impact_bm+book_to_market_lf_minus_size+book_to_market_lf_plus_impact+t10_size_plus_impact_aggregate+t10_size_plus_impact_downside,0.2983930718295142,0.493220831800062,0.773709464298021,0.5804751644300339,22.46996317732538,0.1854742926155054,0.3709485852310108,1.104504485880422,25.511509268227584,0.02959324990800372,"[0.01579, 0.03726, 0.01692, 0.0154, 0.034]"
replace-SIZE,impact60+t10_size_plus_impact_bm+book_to_market_lf_minus_size+book_to_market_lf_plus_impact+t10_size_plus_impact_downside+book_to_market_lf_minus_size+reversal_chip_turn_eq,0.30102754958426625,0.4735872177102548,0.7875901076502496,0.5803765845580547,22.25490688130987,0.1816621800077181,0.3633243600154362,1.1059783891262942,25.204400251993388,0.028415233062615286,"[0.01579, 0.03726, 0.01692, 0.0154, 0.03506]"
add-6th,size_only+impact60+t10_size_plus_impact_bm+book_to_market_lf_minus_size+book_to_market_lf_plus_impact+book_to_market_lf_plus_impact+reversal_turn_paper+reversal_turn_eq,0.27178424688199254,0.4582616024126777,0.8124653672525277,0.5803578254844732,22.91697417265573,0.17801358899452288,0.35602717798904576,1.1155966853138048,26.76237665347372,0.027495696144760662,"[0.01024, 0.01579, 0.03726, 0.01692, 0.0154, 0.03486]"
add-6th,size_only+impact60+t10_size_plus_impact_bm+book_to_market_lf_minus_size+book_to_market_lf_plus_impact+t10_size_plus_impact_aggregate+t10_size_plus_impact_wc+reversal_turn_paper,0.2752162521963571,0.46288643895762194,0.806585975977524,0.5800171932643249,23.48151638415144,0.18269032020310455,0.3653806404062091,1.1198568137791343,27.295986137732477,0.027773186337457314,"[0.01024, 0.01579, 0.03726, 0.01692, 0.0154, 0.03651]"
add-6th,size_only+impact60+t10_size_plus_impact_bm+book_to_market_lf_minus_size+book_to_market_lf_plus_impact+t10_size_plus_impact,0.27259255885833333,0.45931413699394513,0.8102836395348778,0.5799060975102425,23.69213016702791,0.18380911307806824,0.3676182261561365,1.1195213132387776,27.18102248526646,0.02755884821963671,"[0.01024, 0.01579, 0.03726, 0.01692, 0.0154, 0.03525]"
add-6th,size_only+impact60+t10_size_plus_impact_bm+book_to_market_lf_minus_size+book_to_market_lf_plus_impact+book_to_market_lf_minus_size+reversal_chip_turn_paper+reversal_turn_eq,0.2684407395714985,0.455719523309938,0.813871142915433,0.5794319953847229,23.209314080416668,0.1790919715519731,0.3581839431039462,1.1175197583120438,27.136188463428113,0.027343171398596277,"[0.01024, 0.01579, 0.03726, 0.01692, 0.0154, 0.03325]"
add-6th,size_only+impact60+t10_size_plus_impact_bm+book_to_market_lf_minus_size+book_to_market_lf_plus_impact+size_only+t10_nomcap_plus_impact+reversal_turn_eq,0.27080758878337086,0.4534768405951012,0.8138836794405535,0.5791260677132086,23.621972280546295,0.18060350378694426,0.3612070075738885,1.1176606704035807,27.658056250971754,0.02720861043570607,"[0.01024, 0.01579, 0.03726, 0.01692, 0.0154, 0.03439]"
add-6th,size_only+impact60+t10_size_plus_impact_bm+book_to_market_lf_minus_size+book_to_market_lf_plus_impact+t10_size_plus_impact+book_to_market_lf_div_oper_main_profit_ttm+reversal_turn_paper_nomcap,0.2691733888767215,0.4522460031855828,0.8148179410100308,0.5787888523448121,22.907386613983302,0.17355477197780636,0.3471095439556127,1.1070077831496579,27.567149980413387,0.027134760191134966,"[0.01024, 0.01579, 0.03726, 0.01692, 0.0154, 0.03361]"
replace-SIZE,impact60+t10_size_plus_impact_bm+book_to_market_lf_minus_size+book_to_market_lf_plus_impact+size_only+t10_size_plus_impact_fscore+reversal_chip_turn_paper,0.2988357696296015,0.4761477065136273,0.7822381057761328,0.5784259988049496,22.611505467901623,0.18476485767126352,0.36952971534252704,1.1116740881270537,25.83551336903772,0.02856886239081764,"[0.01579, 0.03726, 0.01692, 0.0154, 0.03418]"
add-6th,size_only+impact60+t10_size_plus_impact_bm+book_to_market_lf_minus_size+book_to_market_lf_plus_impact+size_only+reversal_turn_paper+reversal_turn_paper_nomcap,0.2685632763132282,0.44581885460739257,0.8189104554815414,0.5782589593419267,23.075020391765793,0.17607587693409207,0.35215175386818415,1.1145416901083358,27.26755386577868,0.026749131276443554,"[0.01024, 0.01579, 0.03726, 0.01692, 0.0154, 0.03331]"
add-6th,size_only+impact60+t10_size_plus_impact_bm+book_to_market_lf_minus_size+book_to_market_lf_plus_impact+t10_size_plus_impact_fscore+t10_size_plus_impact_wc+t10_size_plus_impact_dd120,0.2724838449146004,0.4779674932818191,0.791812195091808,0.5781008794228704,23.51997639921388,0.1859318929739789,0.3718637859479578,1.115408283886059,27.214926919816318,0.028678049596909144,"[0.01024, 0.01579, 0.03726, 0.01692, 0.0154, 0.03519]"
add-6th,size_only+impact60+t10_size_plus_impact_bm+book_to_market_lf_minus_size+book_to_market_lf_plus_impact+size_only+reversal_turn_paper+reversal_chip_turn_eq,0.27159478031551126,0.4484997574229426,0.8138165380395783,0.5775113132789425,23.37960947725659,0.1780954100109417,0.3561908200218834,1.1149936762529964,27.734000412444047,0.026909985445376556,"[0.01024, 0.01579, 0.03726, 0.01692, 0.0154, 0.03477]"
add-6th,size_only+impact60+t10_size_plus_impact_bm+book_to_market_lf_minus_size+book_to_market_lf_plus_impact+t10_size_plus_impact_aggregate+t10_size_plus_impact+reversal_turn_paper,0.2739663470104742,0.46180252739959354,0.8018937699233571,0.5772763504574633,23.466073846988074,0.18370278371919732,0.36740556743839464,1.119170422861599,27.24197987127559,0.027708151643975613,"[0.01024, 0.01579, 0.03726, 0.01692, 0.0154, 0.03591]"
add-6th,size_only+impact60+t10_size_plus_impact_bm+book_to_market_lf_minus_size+book_to_market_lf_plus_impact+t10_size_plus_impact_g13+t10_size_plus_impact_downside+reversal_chip_turn_eq,0.2715613460367959,0.4627173926643112,0.8017322555703533,0.5770428716465271,23.56670080202815,0.1850766980496633,0.3701533960993266,1.1175911270204848,26.995600483834735,0.02776304355985867,"[0.01024, 0.01579, 0.03726, 0.01692, 0.0154, 0.03475]"
add-6th,size_only+impact60+t10_size_plus_impact_bm+book_to_market_lf_minus_size+book_to_market_lf_plus_impact+t10_size_plus_impact_downside+t10_size_plus_impact_bm+reversal_turn_paper_nomcap,0.27278812617591275,0.4703202837141854,0.7951350194048298,0.5769804832673209,23.101903704788175,0.18317822608920198,0.36635645217840396,1.1151966612764537,26.7985801782345,0.02821921702285112,"[0.01024, 0.01579, 0.03726, 0.01692, 0.0154, 0.03534]"
replace-SIZE,impact60+t10_size_plus_impact_bm+book_to_market_lf_minus_size+book_to_market_lf_plus_impact+t10_size_plus_impact+book_to_market_lf_minus_size+t10_size_plus_wc_mcap,0.300953961646203,0.4711509147545428,0.7819299654180026,0.5769620969314317,22.04024271575849,0.17950346868515615,0.3590069373703123,1.1016068309879452,25.524033585216333,0.028269054885272565,"[0.01579, 0.03726, 0.01692, 0.0154, 0.03503]"
add-6th,size_only+impact60+t10_size_plus_impact_bm+book_to_market_lf_minus_size+book_to_market_lf_plus_impact+t10_size_plus_impact_fscore+momentum20,0.27559674808190066,0.5085514697134597,0.7631989248980897,0.5765518802202314,23.923615747996337,0.20008601945799667,0.40017203891599334,1.1294669784231777,26.819581816246853,0.030513088182807575,"[0.01024, 0.01579, 0.03726, 0.01692, 0.0154, 0.03669]"
add-6th,size_only+impact60+t10_size_plus_impact_bm+book_to_market_lf_minus_size+book_to_market_lf_plus_impact+impact_abs_return60+reversal_chip_eq+reversal_turn_eq,0.2680554622546948,0.458489041839718,0.8050293883727415,0.576345481862574,23.638395724042883,0.18550895588621022,0.37101791177242044,1.1206410357111865,26.957614069557458,0.02750934251038308,"[0.01024, 0.01579, 0.03726, 0.01692, 0.0154, 0.03307]"
add-6th,size_only+impact60+t10_size_plus_impact_bm+book_to_market_lf_minus_size+book_to_market_lf_plus_impact+t10_size_plus_impact_wc+reversal_turn_paper,0.27321162300699126,0.4705104455876307,0.7931535434355688,0.576240075103075,23.437018933103744,0.18621817232620783,0.37243634465241565,1.1221737267153753,27.174657191672146,0.028230626735257842,"[0.01024, 0.01579, 0.03726, 0.01692, 0.0154, 0.03554]"
add-6th,size_only+impact60+t10_size_plus_impact_bm+book_to_market_lf_minus_size+book_to_market_lf_plus_impact+t10_size_plus_impact+momentum20_open,0.2780603254699881,0.4947155083116809,0.7719941955416788,0.5761598809968413,24.041005328302294,0.19787129895040712,0.39574259790081423,1.1284575400872394,27.0267737236368,0.02968293049870085,"[0.01024, 0.01579, 0.03726, 0.01692, 0.0154, 0.03787]"
replace-SIZE,impact60+t10_size_plus_impact_bm+book_to_market_lf_minus_size+book_to_market_lf_plus_impact+t10_size_plus_impact_aggregate+book_to_market_lf_minus_size+reversal_turn_paper_nomcap,0.29891470354150423,0.46050746061386144,0.7875797220173352,0.5753714268309531,21.760601238048782,0.17672125249165047,0.35344250498330093,1.1019696747145882,25.291279352699757,0.027630447636831687,"[0.01579, 0.03726, 0.01692, 0.0154, 0.03421]"
replace-SIZE,impact60+t10_size_plus_impact_bm+book_to_market_lf_minus_size+book_to_market_lf_plus_impact+reversal_chip_turn_size_eq+impact_abs_return60+reversal_turn_paper,0.29946656200880567,0.4827039993194834,0.7688243274018272,0.5748106594944025,22.23745651540762,0.18573245477026895,0.3714649095405379,1.1058823727003506,25.267472593179686,0.028962239959169002,"[0.01579, 0.03726, 0.01692, 0.0154, 0.03443]"
replace-SIZE,impact60+t10_size_plus_impact_bm+book_to_market_lf_minus_size+book_to_market_lf_plus_impact+impact60+t10_nomcap_plus_impact+reversal_turn_paper,0.3076718362567237,0.49184141591943664,0.7576169850061542,0.5746065060759169,21.801258539124685,0.18492131698289316,0.3698426339657863,1.0996787650758204,24.896149807276558,0.029510484955166196,"[0.01579, 0.03726, 0.01692, 0.0154, 0.03772]"
add-6th,size_only+impact60+t10_size_plus_impact_bm+book_to_market_lf_minus_size+book_to_market_lf_plus_impact+t10_size_plus_impact_bm+t10_size_plus_impact_fscore+reversal_chip_turn_size_eq,0.272379564852969,0.47894692544756734,0.7815332345810364,0.5737972924387087,23.4071932572815,0.1879256589407535,0.375851317881507,1.1156428230546196,27.091558674929438,0.02873681552685404,"[0.01024, 0.01579, 0.03726, 0.01692, 0.0154, 0.03514]"
replace-SIZE,impact60+t10_size_plus_impact_bm+book_to_market_lf_minus_size+book_to_market_lf_plus_impact+t10_size_plus_impact_dd120+book_to_market_lf_plus_impact+reversal_chip_turn_eq,0.3016196507758695,0.4742559449846369,0.7721269647873542,0.5737706450541062,22.156800896060407,0.18631332940382742,0.37262665880765483,1.1066828611770994,24.66518155370685,0.028455356699078213,"[0.01579, 0.03726, 0.01692, 0.0154, 0.03529]"
add-6th,size_only+impact60+t10_size_plus_impact_bm+book_to_market_lf_minus_size+book_to_market_lf_plus_impact+t10_size_plus_impact_fscore+t10_size_plus_wc_mcap,0.26905628321659875,0.48297854464339496,0.7798140316247704,0.5737700614996546,23.359302458181165,0.18728629671834976,0.3745725934366995,1.113184453070599,27.1677795345138,0.028978712678603698,"[0.01024, 0.01579, 0.03726, 0.01692, 0.0154, 0.03355]"
add-6th,size_only+impact60+t10_size_plus_impact_bm+book_to_market_lf_minus_size+book_to_market_lf_plus_impact+t10_size_plus_impact_downside+t10_size_plus_impact_dd120+reversal_turn_paper,0.2731638279037792,0.4632756145973665,0.7932208766272015,0.5737286251720748,23.52567017773191,0.18644247072465536,0.3728849414493107,1.1185096323461194,27.13062388117704,0.02779653687584199,"[0.01024, 0.01579, 0.03726, 0.01692, 0.0154, 0.03552]"
add-6th,size_only+impact60+t10_size_plus_impact_bm+book_to_market_lf_minus_size+book_to_market_lf_plus_impact+t10_size_plus_impact_bm+t10_nomcap_plus_impact,0.27387640651152856,0.47587868469206474,0.7812283574907934,0.5728855818153854,23.130809953743046,0.18595346156225886,0.37190692312451773,1.1102622338351396,26.765980099269793,0.028552721081523885,"[0.01024, 0.01579, 0.03726, 0.01692, 0.0154, 0.03586]"
replace-SIZE,impact60+t10_size_plus_impact_bm+book_to_market_lf_minus_size+book_to_market_lf_plus_impact+t10_nomcap_plus_impact+impact_abs_return60+reversal_chip_turn_eq,0.30209215635312847,0.4936313117830063,0.7547080804206784,0.5728080265839832,22.14376031218149,0.1883368970595938,0.3766737941191876,1.1002377656781779,24.99198111571459,0.029617878706980377,"[0.01579, 0.03726, 0.01692, 0.0154, 0.03548]"
add-6th,size_only+impact60+t10_size_plus_impact_bm+book_to_market_lf_minus_size+book_to_market_lf_plus_impact+t10_size_plus_impact_downside+t10_size_plus_wc_mcap+reversal_turn_paper_nomcap,0.27165612864145877,0.4708041050577034,0.7859297058228064,0.5727810301187508,23.296013555108257,0.18640778421017104,0.3728155684203421,1.117040420971861,27.03477818275499,0.028248246303462204,"[0.01024, 0.01579, 0.03726, 0.01692, 0.0154, 0.0348]"
replace-SIZE,impact60+t10_size_plus_impact_bm+book_to_market_lf_minus_size+book_to_market_lf_plus_impact+t10_size_plus_impact+book_to_market_lf_plus_impact+reversal40,0.30380959086226095,0.4800206766663094,0.764197290420504,0.5726579356948873,22.622874295707547,0.19225638584932472,0.38451277169864945,1.1173849331065937,25.211985896640677,0.028801240599978562,"[0.01579, 0.03726, 0.01692, 0.0154, 0.03617]"
add-6th,size_only+impact60+t10_size_plus_impact_bm+book_to_market_lf_minus_size+book_to_market_lf_plus_impact+t10_size_plus_impact_g13+t10_size_plus_impact_downside+reversal_chip_eq,0.2680836038219821,0.45919745508050064,0.7959186430832892,0.5724992194300518,23.688285801262147,0.18728908068535727,0.37457816137071454,1.1185223726997322,27.07293200187535,0.027551847304830037,"[0.01024, 0.01579, 0.03726, 0.01692, 0.0154, 0.03308]"
replace-SIZE,impact60+t10_size_plus_impact_bm+book_to_market_lf_minus_size+book_to_market_lf_plus_impact+size_only+t10_size_plus_wc_mcap+reversal_turn_paper_nomcap,0.3011451261986455,0.48445577413468993,0.7611195141667634,0.5722923275619141,22.208242921841105,0.18647302031799198,0.37294604063598397,1.1072026454466166,25.613170448275802,0.029067346448081396,"[0.01579, 0.03726, 0.01692, 0.0154, 0.0351]"
replace-SIZE,impact60+t10_size_plus_impact_bm+book_to_market_lf_minus_size+book_to_market_lf_plus_impact+t10_size_plus_impact+book_to_market_lf_minus_size+reversal_turn_eq,0.30358708649546823,0.4872044504260695,0.7569286012251673,0.5718568454995432,21.99682904100582,0.18601524071731823,0.37203048143463646,1.1021224299946137,25.25508307801839,0.02923226702556417,"[0.01579, 0.03726, 0.01692, 0.0154, 0.03608]"
replace-SIZE,impact60+t10_size_plus_impact_bm+book_to_market_lf_minus_size+book_to_market_lf_plus_impact+t10_size_plus_impact_fscore+book_to_market_lf_minus_size+reversal_chip_turn_size_eq,0.29897332105809626,0.4746874712582556,0.7683521926108958,0.5716937658269118,22.10417604612867,0.18274316632081844,0.3654863326416369,1.1034337335052886,25.765366320453488,0.028481248275495336,"[0.01579, 0.03726, 0.01692, 0.0154, 0.03424]"
add-6th,size_only+impact60+t10_size_plus_impact_bm+book_to_market_lf_minus_size+book_to_market_lf_plus_impact+t10_size_plus_impact+t10_size_plus_impact_bm+reversal_turn_paper_nomcap,0.2707607886275148,0.46813915019325514,0.7856470673198194,0.571542040587061,23.18704408702085,0.18653184990868665,0.3730636998173733,1.1161506743737934,26.70780368102992,0.028088349011595307,"[0.01024, 0.01579, 0.03726, 0.01692, 0.0154, 0.03437]"
replace-SIZE,impact60+t10_size_plus_impact_bm+book_to_market_lf_minus_size+book_to_market_lf_plus_impact+impact60+reversal_chip_turn_size_eq+reversal_chip_eq,0.299095477013564,0.4881529641833138,0.7568358051780187,0.571248745196981,22.791992185893324,0.19466054975390462,0.38932109950780924,1.1107172727477994,25.137243910448138,0.029289177850998827,"[0.01579, 0.03726, 0.01692, 0.0154, 0.03429]"
replace-SIZE,impact60+t10_size_plus_impact_bm+book_to_market_lf_minus_size+book_to_market_lf_plus_impact+t10_size_plus_impact_downside+t10_size_plus_impact,0.30075622878001196,0.5001682082543935,0.7456243856012573,0.570741092165606,22.39350171970583,0.19143972538969029,0.38287945077938057,1.1015294459866545,25.465923425249613,0.030010092495263603,"[0.01579, 0.03726, 0.01692, 0.0154, 0.03495]"
replace-SIZE,impact60+t10_size_plus_impact_bm+book_to_market_lf_minus_size+book_to_market_lf_plus_impact+t10_size_plus_impact+book_to_market_lf_div_oper_main_profit_ttm+reversal_turn_paper,0.2991766857977223,0.47634089204714986,0.7646514133654801,0.570647785390513,22.151003762805193,0.18436462462472603,0.36872924924945205,1.1040577644182281,25.689098081865403,0.02858045352282899,"[0.01579, 0.03726, 0.01692, 0.0154, 0.03432]"
replace-SIZE,impact60+t10_size_plus_impact_bm+book_to_market_lf_minus_size+book_to_market_lf_plus_impact+size_only+t10_size_plus_impact_wc+reversal_turn_eq,0.29799863726577,0.4893657861973733,0.7547940299614201,0.5705350661048737,22.388214588728,0.1881354819628238,0.3762709639256476,1.1059216535965342,25.98043837291891,0.029361947171842397,"[0.01579, 0.03726, 0.01692, 0.0154, 0.03385]"
add-6th,size_only+impact60+t10_size_plus_impact_bm+book_to_market_lf_minus_size+book_to_market_lf_plus_impact+t10_size_plus_impact+t10_nomcap_plus_impact+reversal_chip_turn_paper,0.26866332137247295,0.4789482115122323,0.7756762618280161,0.5704188561263832,23.377128436965897,0.19063072711724977,0.38126145423449953,1.114763920973071,26.592025993270386,0.02873689269073394,"[0.01024, 0.01579, 0.03726, 0.01692, 0.0154, 0.03336]"
replace-SIZE,impact60+t10_size_plus_impact_bm+book_to_market_lf_minus_size+book_to_market_lf_plus_impact+t10_size_plus_impact_dd120+book_to_market_lf_plus_impact+reversal40,0.3001124708885407,0.4815593949424625,0.7594588621659586,0.5703247703822514,22.82761622843998,0.19661054931103977,0.39322109862207955,1.1211535548819163,24.990782960004786,0.02889356369654775,"[0.01579, 0.03726, 0.01692, 0.0154, 0.03469]"
replace-SIZE,impact60+t10_size_plus_impact_bm+book_to_market_lf_minus_size+book_to_market_lf_plus_impact+t10_size_plus_impact_aggregate+t10_size_plus_impact_g13+t10_size_plus_impact,0.30068594735775794,0.49569523173403485,0.7473875585435056,0.5699549219230413,22.188953506212957,0.18813193634726746,0.37626387269453493,1.0958181630031751,25.506012078951567,0.02974171390404209,"[0.01579, 0.03726, 0.01692, 0.0154, 0.03492]"
replace-SIZE,impact60+t10_size_plus_impact_bm+book_to_market_lf_minus_size+book_to_market_lf_plus_impact+t10_size_plus_impact_fscore+book_to_market_lf_plus_impact+reversal_chip_turn_eq,0.3024741604228322,0.4758699470330962,0.7620018090881968,0.5699501276358387,21.945409524889392,0.18586527093177638,0.37173054186355275,1.103921580752894,24.871512406488794,0.028552196821985773,"[0.01579, 0.03726, 0.01692, 0.0154, 0.03564]"
replace-SIZE,impact60+t10_size_plus_impact_bm+book_to_market_lf_minus_size+book_to_market_lf_plus_impact+t10_size_plus_impact_aggregate+t10_size_plus_impact+t10_size_plus_impact_bm,0.3011967624157475,0.49934969397521717,0.7438622406654697,0.5697497536739369,22.12103522320781,0.1895198169455017,0.3790396338910034,1.096968337260852,25.23714993197299,0.02996098163851303,"[0.01579, 0.03726, 0.01692, 0.0154, 0.03513]"
replace-SIZE,impact60+t10_size_plus_impact_bm+book_to_market_lf_minus_size+book_to_market_lf_plus_impact+book_to_market_lf_minus_size+t10_size_plus_wc_mcap+reversal_turn_paper,0.2996656117261107,0.48012797214301556,0.7592033006562497,0.56961939789059,21.81776209897286,0.1832124393136614,0.3664248786273228,1.1013779200296447,25.448274775882172,0.028807678328580933,"[0.01579, 0.03726, 0.01692, 0.0154, 0.03451]"
replace-SIZE,impact60+t10_size_plus_impact_bm+book_to_market_lf_minus_size+book_to_market_lf_plus_impact+size_only+reversal_chip_turn_paper+reversal_turn_paper,0.29773839802109325,0.48082933904941944,0.7585254156042793,0.5691743852934412,22.263955820128853,0.18791533226948137,0.37583066453896274,1.1066648659211666,25.481929846444928,0.028849760342965165,"[0.01579, 0.03726, 0.01692, 0.0154, 0.03374]"
replace-SIZE,impact60+t10_size_plus_impact_bm+book_to_market_lf_minus_size+book_to_market_lf_plus_impact+book_to_market_lf_plus_impact+t10_size_plus_wc_mcap+t10_nomcap_plus_impact,0.30525051283955446,0.47413231469003453,0.7601753433502358,0.5690753172170291,21.668180361277596,0.18155393430307926,0.3631078686061585,1.0956041860938994,25.19757810163218,0.028447938881402072,"[0.01579, 0.03726, 0.01692, 0.0154, 0.03675]"
add-6th,size_only+impact60+t10_size_plus_impact_bm+book_to_market_lf_minus_size+book_to_market_lf_plus_impact+t10_size_plus_impact_g13+t10_nomcap_plus_impact+reversal_turn_paper,0.27259350886428796,0.47393494581769013,0.7744972534585948,0.5689196968654168,23.13657024589557,0.18716509410872298,0.37433018821744596,1.111494975669078,26.964602670374028,0.028436096749061408,"[0.01024, 0.01579, 0.03726, 0.01692, 0.0154, 0.03525]"
replace-SIZE,impact60+t10_size_plus_impact_bm+book_to_market_lf_minus_size+book_to_market_lf_plus_impact+t10_size_plus_impact_fscore+impact60+reversal40,0.3087089066939292,0.4875665830785758,0.7477390263038368,0.5688726472530139,22.797402762002033,0.19711084336468032,0.39422168672936064,1.1170055948825963,25.454489951567417,0.029253994984714548,"[0.01579, 0.03726, 0.01692, 0.0154, 0.03813]"
add-6th,size_only+impact60+t10_size_plus_impact_bm+book_to_market_lf_minus_size+book_to_market_lf_plus_impact+t10_size_plus_impact_bm+t10_size_plus_impact_dd120,0.26953176672277107,0.45997519007752885,0.7864503744765952,0.5688003383861571,23.22671237587849,0.18473974344968133,0.36947948689936266,1.1093390835420924,26.94625353241721,0.02759851140465173,"[0.01024, 0.01579, 0.03726, 0.01692, 0.0154, 0.03378]"
add-6th,size_only+impact60+t10_size_plus_impact_bm+book_to_market_lf_minus_size+book_to_market_lf_plus_impact+t10_size_plus_impact_bm+t10_size_plus_impact_fscore+reversal_chip_turn_paper,0.27102427486756775,0.47399228690546275,0.7744563268925185,0.5686075024920588,23.06452101946556,0.18685869206444447,0.37371738412888894,1.1103394571798326,26.825322023102483,0.028439537214327765,"[0.01024, 0.01579, 0.03726, 0.01692, 0.0154, 0.03449]"
replace-SIZE,impact60+t10_size_plus_impact_bm+book_to_market_lf_minus_size+book_to_market_lf_plus_impact+t10_size_plus_impact_dd120+book_to_market_lf_minus_size+reversal_turn_paper_nomcap,0.29817356073512047,0.4664609525002831,0.7669325985296976,0.5680157148604872,21.859150552105618,0.18343783241578004,0.3668756648315601,1.1032274648733884,24.99584036987824,0.027987657150016984,"[0.01579, 0.03726, 0.01692, 0.0154, 0.03392]"
replace-SIZE,impact60+t10_size_plus_impact_bm+book_to_market_lf_minus_size+book_to_market_lf_plus_impact+t10_size_plus_impact+momentum20_open,0.3080602086989857,0.5441342057719251,0.7019507638992132,0.5679368575146169,22.811535679223944,0.2118554578964096,0.4237109157928192,1.1153774877045584,24.885298970065616,0.0326480523463155,"[0.01579, 0.03726, 0.01692, 0.0154, 0.03787]"
replace-SIZE,impact60+t10_size_plus_impact_bm+book_to_market_lf_minus_size+book_to_market_lf_plus_impact+t10_size_plus_impact_downside+paper_composite+reversal_turn_eq,0.3006458734706182,0.4757862363971891,0.7583346802384727,0.5679049635404525,21.884099656230728,0.18509175337298514,0.3701835067459703,1.1053649186613812,25.308536803586946,0.028547174183831344,"[0.01579, 0.03726, 0.01692, 0.0154, 0.03491]"
replace-SIZE,impact60+t10_size_plus_impact_bm+book_to_market_lf_minus_size+book_to_market_lf_plus_impact+t10_size_plus_impact_g13+t10_size_plus_impact_downside+reversal_chip_eq,0.2960881427213785,0.49953889694220655,0.7407596504036772,0.5673980851557028,22.854419853517886,0.1997954542438751,0.3995909084877502,1.1108930335722094,25.039787074840014,0.02997233381653239,"[0.01579, 0.03726, 0.01692, 0.0154, 0.03308]"
add-6th,size_only+impact60+t10_size_plus_impact_bm+book_to_market_lf_minus_size+book_to_market_lf_plus_impact+t10_size_plus_impact_fscore+t10_size_plus_wc_mcap+t10_nomcap_plus_impact,0.2693611073433575,0.48790276881747663,0.7615112717001009,0.5673182628198337,23.253900212251317,0.1910063445525828,0.3820126891051656,1.1089436733954834,26.928173112638277,0.029274166129048595,"[0.01024, 0.01579, 0.03726, 0.01692, 0.0154, 0.0337]"
replace-SIZE,impact60+t10_size_plus_impact_bm+book_to_market_lf_minus_size+book_to_market_lf_plus_impact+t10_size_plus_impact+book_to_market_lf_div_oper_main_profit_ttm+reversal_turn_paper_nomcap,0.2973958847870657,0.47190628071364166,0.7599282294087112,0.5666140784411078,21.924819532269304,0.18392778310353045,0.3678555662070609,1.101760872184184,25.470920182530698,0.028314376842818498,"[0.01579, 0.03726, 0.01692, 0.0154, 0.03361]"
add-6th,size_only+impact60+t10_size_plus_impact_bm+book_to_market_lf_minus_size+book_to_market_lf_plus_impact+t10_size_plus_impact_bm+reversal_chip_turn_size_eq,0.2709270851697198,0.46496939316051467,0.7757010801739487,0.5659901907184011,23.155445994864824,0.18619242120192406,0.3723848424038481,1.1087963030248995,27.079583682724696,0.02789816358963088,"[0.01024, 0.01579, 0.03726, 0.01692, 0.0154, 0.03445]"
replace-SIZE,impact60+t10_size_plus_impact_bm+book_to_market_lf_minus_size+book_to_market_lf_plus_impact+t10_size_plus_impact_fscore,0.308843740435,0.49584227182116264,0.7346456586731829,0.5659040896273392,22.524106791519586,0.19788197259812457,0.39576394519624913,1.111350435491756,25.258824458372185,0.029750536309269757,"[0.01579, 0.03726, 0.01692, 0.0154, 0.03818]"
replace-SIZE,impact60+t10_size_plus_impact_bm+book_to_market_lf_minus_size+book_to_market_lf_plus_impact+t10_size_plus_impact_wc+book_to_market_lf_minus_size+reversal40,0.30433913568188353,0.48587388719891095,0.7442988796907122,0.5658581835168159,22.36493896943711,0.19299892476030348,0.38599784952060695,1.1103360444105839,25.486432159519122,0.029152433231934657,"[0.01579, 0.03726, 0.01692, 0.0154, 0.03638]"
add-6th,size_only+impact60+t10_size_plus_impact_bm+book_to_market_lf_minus_size+book_to_market_lf_plus_impact+t10_size_plus_impact_wc+t10_nomcap_plus_impact+reversal_turn_paper,0.2734654094309875,0.48048418390913583,0.7601538299817067,0.564931769746163,23.11739692874446,0.1899434954972338,0.3798869909944676,1.1099075335821242,27.06031828382275,0.02882905103454815,"[0.01024, 0.01579, 0.03726, 0.01692, 0.0154, 0.03567]"
add-6th,size_only+impact60+t10_size_plus_impact_bm+book_to_market_lf_minus_size+book_to_market_lf_plus_impact+t10_size_plus_impact_fscore+reversal_turn_paper,0.2702365557681371,0.47842434461545885,0.7621958666930476,0.5644839717809095,23.0129303676685,0.18980429352476244,0.3796085870495249,1.1119368760565764,26.79792088202738,0.02870546067692753,"[0.01024, 0.01579, 0.03726, 0.01692, 0.0154, 0.03412]"
replace-SIZE,impact60+t10_size_plus_impact_bm+book_to_market_lf_minus_size+book_to_market_lf_plus_impact+t10_size_plus_impact_wc+book_to_market_lf_minus_size+reversal_turn_eq,0.30736028686637523,0.488571935621198,0.7377159881559521,0.5644444295108728,21.569071467314004,0.1841454493439246,0.3682908986878492,1.091445910587208,25.6279248984939,0.029314316137271878,"[0.01579, 0.03726, 0.01692, 0.0154, 0.03759]"
replace-SIZE,impact60+t10_size_plus_impact_bm+book_to_market_lf_minus_size+book_to_market_lf_plus_impact+t10_size_plus_impact_dd120+book_to_market_lf_minus_size+reversal_turn_eq,0.3016945620126512,0.48882567748428213,0.7399997940828204,0.5644278068592982,21.897894346892706,0.18911759149330507,0.37823518298661013,1.098658150548162,25.163396905077605,0.029329540649056927,"[0.01579, 0.03726, 0.01692, 0.0154, 0.03532]"
replace-SIZE,impact60+t10_size_plus_impact_bm+book_to_market_lf_minus_size+book_to_market_lf_plus_impact+t10_size_plus_impact_aggregate+t10_size_plus_impact_bm+t10_size_plus_impact_fscore,0.3055733261318562,0.48671310268108015,0.7397414196306031,0.5643478899985207,22.178420234561283,0.19161808047026657,0.38323616094053314,1.101862539225541,25.32927304954353,0.02920278616086481,"[0.01579, 0.03726, 0.01692, 0.0154, 0.03688]"
add-6th,size_only+impact60+t10_size_plus_impact_bm+book_to_market_lf_minus_size+book_to_market_lf_plus_impact+t10_size_plus_wc_mcap+momentum20,0.2679274703246073,0.505337983386206,0.7418753726556531,0.5642977059451375,23.670231499710635,0.20106459129051424,0.4021291825810285,1.1195732374537108,27.04588828560752,0.030320279003172357,"[0.01024, 0.01579, 0.03726, 0.01692, 0.0154, 0.03301]"
replace-SIZE,impact60+t10_size_plus_impact_bm+book_to_market_lf_minus_size+book_to_market_lf_plus_impact+t10_size_plus_impact_bm+paper_composite+reversal_turn_eq,0.2961415139332525,0.47027844351283365,0.7559444676429904,0.564000768455488,21.81485247412912,0.18575416597915814,0.3715083319583163,1.1060699581106768,25.13727391274534,0.02821670661077002,"[0.01579, 0.03726, 0.01692, 0.0154, 0.0331]"
replace-SIZE,impact60+t10_size_plus_impact_bm+book_to_market_lf_minus_size+book_to_market_lf_plus_impact+impact60+reversal_chip_turn_eq+reversal_turn_eq,0.29718740621248824,0.49741500747650313,0.733451730151787,0.5635860124275779,22.163086937938978,0.19556691544974383,0.39113383089948767,1.1055100759964334,24.790468909888432,0.029844900448590186,"[0.01579, 0.03726, 0.01692, 0.0154, 0.03352]"
replace-SIZE,impact60+t10_size_plus_impact_bm+book_to_market_lf_minus_size+book_to_market_lf_plus_impact+impact_abs_return60+reversal_chip_eq+reversal_turn_eq,0.29605437284063374,0.4994033045371173,0.7319525943702452,0.5633806986227281,22.404361915177418,0.1982047369282657,0.3964094738565314,1.1082429174421324,24.90420061826383,0.029964198272227037,"[0.01579, 0.03726, 0.01692, 0.0154, 0.03307]"
add-6th,size_only+impact60+t10_size_plus_impact_bm+book_to_market_lf_minus_size+book_to_market_lf_plus_impact+t10_size_plus_impact_fscore+t10_size_plus_impact_dd120+reversal_turn_paper,0.27016650344016563,0.47679246823682253,0.7606350649431033,0.5631964437953175,23.20182144170898,0.19132169023467877,0.38264338046935753,1.1118203852772606,26.919730255910856,0.028607548094209352,"[0.01024, 0.01579, 0.03726, 0.01692, 0.0154, 0.03408]"
replace-SIZE,impact60+t10_size_plus_impact_bm+book_to_market_lf_minus_size+book_to_market_lf_plus_impact+t10_size_plus_impact,0.301498888765,0.5061179707816889,0.7235984079883837,0.5630603511213638,22.285853309091802,0.1961272914439318,0.3922545828878636,1.0983265258979231,25.353776253457127,0.030367078246901328,"[0.01579, 0.03726, 0.01692, 0.0154, 0.03525]"
add-6th,size_only+impact60+t10_size_plus_impact_bm+book_to_market_lf_minus_size+book_to_market_lf_plus_impact+t10_size_plus_impact+t10_size_plus_impact_bm+reversal_chip_turn_eq,0.26960226075641686,0.47088215321968085,0.7650284083413642,0.5629919895317856,23.19822178312403,0.1895374695276814,0.3790749390553628,1.1082161060044369,26.93146545825982,0.02825292919318085,"[0.01024, 0.01579, 0.03726, 0.01692, 0.0154, 0.03381]"
add-6th,size_only+impact60+t10_size_plus_impact_bm+book_to_market_lf_minus_size+book_to_market_lf_plus_impact+t10_nomcap_plus_impact,0.2693058087333334,0.4887222747718158,0.7507537066639075,0.5627531259155606,23.090031250059585,0.19420389353521292,0.38840778707042584,1.1082136214655995,26.355305481581137,0.029323336486308946,"[0.01024, 0.01579, 0.03726, 0.01692, 0.0154, 0.03367]"
replace-SIZE,impact60+t10_size_plus_impact_bm+book_to_market_lf_minus_size+book_to_market_lf_plus_impact+t10_size_plus_impact_aggregate+t10_size_plus_impact_downside+reversal_chip_turn_paper,0.30200293197008277,0.4964420951405401,0.7300550528102585,0.562680093457822,22.007966030803335,0.19270952637449448,0.38541905274898897,1.0967303034511424,25.045348002543054,0.029786525708432404,"[0.01579, 0.03726, 0.01692, 0.0154, 0.03545]"
replace-SIZE,impact60+t10_size_plus_impact_bm+book_to_market_lf_minus_size+book_to_market_lf_plus_impact+t10_size_plus_impact_g13+t10_size_plus_impact_downside+reversal_chip_turn_eq,0.30026143337915495,0.5030874336515226,0.7254183966495757,0.562571166946173,22.242644732003388,0.1967952803932417,0.3935905607864834,1.1003653289984099,25.004952493069034,0.03018524601909136,"[0.01579, 0.03726, 0.01692, 0.0154, 0.03475]"
replace-SIZE,impact60+t10_size_plus_impact_bm+book_to_market_lf_minus_size+book_to_market_lf_plus_impact+book_to_market_lf_minus_size+t10_nomcap_plus_impact+reversal_turn_paper,0.301322567602905,0.4704024496187665,0.7492406642914703,0.5620636698183108,21.603420142970343,0.18344105128462765,0.3668821025692553,1.094820604438546,25.223129770183274,0.028224146977125986,"[0.01579, 0.03726, 0.01692, 0.0154, 0.03518]"
replace-SIZE,impact60+t10_size_plus_impact_bm+book_to_market_lf_minus_size+book_to_market_lf_plus_impact+t10_size_plus_impact+book_to_market_lf_minus_size+reversal40,0.3038761550588783,0.4845274403063172,0.7368204651098044,0.5619290444183986,22.380190926002935,0.19418812877606123,0.38837625755212246,1.1078482134594463,25.624763991722066,0.029071646418379032,"[0.01579, 0.03726, 0.01692, 0.0154, 0.0362]"
add-6th,size_only+impact60+t10_size_plus_impact_bm+book_to_market_lf_minus_size+book_to_market_lf_plus_impact+reversal_chip_turn_paper,0.27009222760833335,0.47706135544935035,0.7569147821743112,0.5616015719073794,23.126215806838605,0.19441986539613615,0.3888397307922723,1.113550104531404,26.188984539729056,0.02862368132696102,"[0.01024, 0.01579, 0.03726, 0.01692, 0.0154, 0.03405]"
replace-SIZE,impact60+t10_size_plus_impact_bm+book_to_market_lf_minus_size+book_to_market_lf_plus_impact+t10_size_plus_impact_aggregate+t10_size_plus_impact_bm+t10_nomcap_plus_impact,0.3047615262070532,0.49489388301186754,0.7272099356459509,0.5614096353362422,21.916474691100525,0.1925097633255933,0.3850195266511866,1.093588422678339,24.92323171880415,0.02969363298071205,"[0.01579, 0.03726, 0.01692, 0.0154, 0.03655]"
replace-SIZE,impact60+t10_size_plus_impact_bm+book_to_market_lf_minus_size+book_to_market_lf_plus_impact+t10_size_plus_impact_fscore+momentum20,0.3051039158332807,0.5325686244899989,0.697609455030235,0.5613440565017616,22.984611780404386,0.2154464071362827,0.4308928142725654,1.121336731759408,25.018586727008195,0.03195411746939993,"[0.01579, 0.03726, 0.01692, 0.0154, 0.03669]"
add-6th,size_only+impact60+t10_size_plus_impact_bm+book_to_market_lf_minus_size+book_to_market_lf_plus_impact+t10_size_plus_impact_g13+t10_size_plus_impact_bm+reversal_turn_eq,0.27466576315824376,0.4690942215086404,0.7604484178776401,0.561317918204611,22.898137251667166,0.18732251351633772,0.37464502703267544,1.10426232853567,26.997162277308174,0.02814565329051842,"[0.01024, 0.01579, 0.03726, 0.01692, 0.0154, 0.03624]"
add-6th,size_only+impact60+t10_size_plus_impact_bm+book_to_market_lf_minus_size+book_to_market_lf_plus_impact+t10_size_plus_impact_g13+t10_size_plus_impact_fscore+reversal_turn_eq,0.26984802295211147,0.48578411602797883,0.7495941160443328,0.5613113974201647,23.02754718051327,0.19081291831948696,0.3816258366389739,1.1054394924449076,27.14433554330846,0.02914704696167873,"[0.01024, 0.01579, 0.03726, 0.01692, 0.0154, 0.03393]"
replace-SIZE,impact60+t10_size_plus_impact_bm+book_to_market_lf_minus_size+book_to_market_lf_plus_impact+impact_abs_return60+reversal_chip_turn_paper+reversal40,0.29996367506697547,0.49197674110911854,0.7313453428293004,0.5612899986747717,22.596749232212854,0.2000508771627586,0.4001017543255172,1.1140353017105407,25.21434566310512,0.02951860446654711,"[0.01579, 0.03726, 0.01692, 0.0154, 0.03463]"
replace-SIZE,impact60+t10_size_plus_impact_bm+book_to_market_lf_minus_size+book_to_market_lf_plus_impact+t10_size_plus_impact_g13+t10_size_plus_impact_bm+t10_size_plus_impact_fscore,0.3050413273357942,0.4854532874681336,0.7331685673482584,0.5608427713877219,22.031444714188183,0.19136906591506603,0.38273813183013206,1.097852687727647,25.325248387066967,0.029127197248088016,"[0.01579, 0.03726, 0.01692, 0.0154, 0.03666]"
replace-SIZE,impact60+t10_size_plus_impact_bm+book_to_market_lf_minus_size+book_to_market_lf_plus_impact+t10_size_plus_impact_aggregate+t10_size_plus_impact_downside+reversal_turn_paper_nomcap,0.3037223792320898,0.49278608633065474,0.7268285821156509,0.5602924680141901,21.815064170003414,0.1928816167679363,0.3857632335358726,1.0987693186107168,24.84626992431934,0.029567165179839282,"[0.01579, 0.03726, 0.01692, 0.0154, 0.03614]"
replace-SIZE,impact60+t10_size_plus_impact_bm+book_to_market_lf_minus_size+book_to_market_lf_plus_impact+t10_size_plus_impact_bm+t10_size_plus_impact_wc+t10_size_plus_impact_dd120,0.30186530295025343,0.5006932680023454,0.7200828707447432,0.559652996226006,22.046491655885834,0.19470416400667023,0.38940832801334047,1.0940861991115218,25.207834704668276,0.030041596080140724,"[0.01579, 0.03726, 0.01692, 0.0154, 0.03539]"
replace-SIZE,impact60+t10_size_plus_impact_bm+book_to_market_lf_minus_size+book_to_market_lf_plus_impact+t10_size_plus_impact_bm+t10_size_plus_impact_dd120,0.2978259382023252,0.4985123376560279,0.7228769020127983,0.5593391117258341,22.096829630604425,0.19643472902458017,0.39286945804916035,1.097546715855947,24.782964082439783,0.029910740259361676,"[0.01579, 0.03726, 0.01692, 0.0154, 0.03378]"
add-6th,size_only+impact60+t10_size_plus_impact_bm+book_to_market_lf_minus_size+book_to_market_lf_plus_impact+t10_size_plus_impact_bm+reversal_chip_turn_size_eq+reversal_turn_paper_nomcap,0.26875206178895567,0.47237884842244326,0.7554732561294364,0.5590459745638926,22.943792686488635,0.1902686508005726,0.3805373016011452,1.1081655275919862,26.798451671325918,0.028342730905346596,"[0.01024, 0.01579, 0.03726, 0.01692, 0.0154, 0.0334]"
add-6th,size_only+impact60+t10_size_plus_impact_bm+book_to_market_lf_minus_size+book_to_market_lf_plus_impact+t10_size_plus_impact_bm+t10_nomcap_plus_impact+reversal_turn_paper_nomcap,0.26913481003303813,0.48149354534764327,0.7478390409801619,0.5588772713193556,22.6095701735675,0.18911308355083029,0.37822616710166057,1.102404808379922,26.592422266785942,0.028889612720858594,"[0.01024, 0.01579, 0.03726, 0.01692, 0.0154, 0.03359]"
add-6th,size_only+impact60+t10_size_plus_impact_bm+book_to_market_lf_minus_size+book_to_market_lf_plus_impact+t10_size_plus_impact+t10_nomcap_plus_impact+reversal_turn_paper,0.2713926727955021,0.47356658090443876,0.7530006748833191,0.5588771415731476,22.97403780670445,0.1902092320596849,0.3804184641193698,1.1065446717418677,26.992836181770407,0.028413994854266326,"[0.01024, 0.01579, 0.03726, 0.01692, 0.0154, 0.03467]"
replace-SIZE,impact60+t10_size_plus_impact_bm+book_to_market_lf_minus_size+book_to_market_lf_plus_impact+size_only+t10_nomcap_plus_impact+reversal_turn_eq,0.299356924675045,0.4964517691554889,0.7214898612837038,0.5582999417170968,22.08789869838823,0.1936767406092011,0.3873534812184022,1.0966483285093338,25.64527556484766,0.02978710614932933,"[0.01579, 0.03726, 0.01692, 0.0154, 0.03439]"
replace-SIZE,impact60+t10_size_plus_impact_bm+book_to_market_lf_minus_size+book_to_market_lf_plus_impact+t10_size_plus_impact_aggregate+t10_size_plus_impact_wc+reversal_turn_paper,0.3046473207706285,0.5019134184301368,0.7148608684369512,0.5582865514013016,21.92253664393059,0.19507416801936533,0.39014833603873067,1.0971304224462586,25.354132453309152,0.030114805105808207,"[0.01579, 0.03726, 0.01692, 0.0154, 0.03651]"
add-6th,size_only+impact60+t10_size_plus_impact_bm+book_to_market_lf_minus_size+book_to_market_lf_plus_impact+t10_size_plus_impact_g13+t10_size_plus_impact_fscore+reversal40,0.270846160015524,0.4775198481030005,0.7484774453065067,0.558116029227083,23.59460928526742,0.19692136727772572,0.39384273455545143,1.1145953764406933,27.28773201520194,0.02865119088618003,"[0.01024, 0.01579, 0.03726, 0.01692, 0.0154, 0.03441]"
replace-SIZE,impact60+t10_size_plus_impact_bm+book_to_market_lf_minus_size+book_to_market_lf_plus_impact+size_only+reversal_turn_paper+reversal_turn_paper_nomcap,0.2966637497108737,0.48257249076993847,0.7330361911336502,0.5580994077217958,21.666707555686113,0.18795761038890674,0.3759152207778135,1.0975203771918418,25.39315627102181,0.028954349446196306,"[0.01579, 0.03726, 0.01692, 0.0154, 0.03331]"
replace-SIZE,impact60+t10_size_plus_impact_bm+book_to_market_lf_minus_size+book_to_market_lf_plus_impact+t10_size_plus_impact_g13+t10_size_plus_impact_fscore+t10_nomcap_plus_impact,0.3042544293239405,0.49550410710619824,0.7191958880419401,0.5579154729708306,22.15605246246276,0.1969972476341382,0.3939944952682764,1.0986409084354818,25.12847947776271,0.029730246426371894,"[0.01579, 0.03726, 0.01692, 0.0154, 0.03635]"
replace-SIZE,impact60+t10_size_plus_impact_bm+book_to_market_lf_minus_size+book_to_market_lf_plus_impact+book_to_market_lf_plus_impact+t10_nomcap_plus_impact+reversal_chip_turn_eq,0.29913209031632326,0.4797591814779984,0.7334885527575107,0.5578119803214439,21.408928526301096,0.18668394282718664,0.3733678856543733,1.088552592576495,24.576828126125637,0.028785550888679904,"[0.01579, 0.03726, 0.01692, 0.0154, 0.0343]"
add-6th,size_only+impact60+t10_size_plus_impact_bm+book_to_market_lf_minus_size+book_to_market_lf_plus_impact+t10_size_plus_impact_g13+reversal_chip_turn_size_eq+reversal_turn_paper_nomcap,0.27020929566321067,0.4681577070406048,0.7551220230994264,0.5577019669915957,22.802025612066387,0.18802399845221193,0.37604799690442386,1.1037767225057522,26.92077956483895,0.028089462422436286,"[0.01024, 0.01579, 0.03726, 0.01692, 0.0154, 0.0341]"
replace-SIZE,impact60+t10_size_plus_impact_bm+book_to_market_lf_minus_size+book_to_market_lf_plus_impact+t10_size_plus_impact_g13+t10_size_plus_impact_bm+t10_size_plus_wc_mcap,0.304105912266531,0.4980476627817458,0.7165161551658327,0.5575701342515419,21.813911174478008,0.19185935730284082,0.38371871460568163,1.0887108375858805,25.44875344672851,0.029882859766904746,"[0.01579, 0.03726, 0.01692, 0.0154, 0.03629]"
replace-SIZE,impact60+t10_size_plus_impact_bm+book_to_market_lf_minus_size+book_to_market_lf_plus_impact+size_only+reversal_turn_paper+reversal_chip_turn_eq,0.30030155451361346,0.48874931808042793,0.7253570305362468,0.5575332359721835,21.889657679342044,0.19078711167929863,0.38157422335859725,1.0940748893607188,25.54837057330357,0.029324959084825675,"[0.01579, 0.03726, 0.01692, 0.0154, 0.03477]"
replace-SIZE,impact60+t10_size_plus_impact_bm+book_to_market_lf_minus_size+book_to_market_lf_plus_impact+t10_size_plus_impact+t10_size_plus_impact_fscore,0.30241362164923324,0.494512948713668,0.7195705277501783,0.5573689938672106,22.276570476202973,0.19770090369595775,0.3954018073919155,1.1003351981565177,25.29583490922129,0.02967077692282008,"[0.01579, 0.03726, 0.01692, 0.0154, 0.03561]"
add-6th,size_only+impact60+t10_size_plus_impact_bm+book_to_market_lf_minus_size+book_to_market_lf_plus_impact+t10_size_plus_impact_aggregate+reversal_chip_turn_size_eq+reversal_turn_paper_nomcap,0.2704628674462325,0.46945645021143845,0.7531747924965525,0.5573309876866985,22.770214076326038,0.18797792200804417,0.37595584401608834,1.1027504989895633,26.949026699207856,0.028167387012686305,"[0.01024, 0.01579, 0.03726, 0.01692, 0.0154, 0.03422]"
add-6th,size_only+impact60+t10_size_plus_impact_bm+book_to_market_lf_minus_size+book_to_market_lf_plus_impact+t10_size_plus_impact_aggregate+weighted_reversal,0.2826452064266008,0.47459916742328967,0.7436819518253194,0.5572956282048653,23.999613311996555,0.20637914622784514,0.4127582924556903,1.1301510174321754,26.74689900134145,0.02847595004539738,"[0.01024, 0.01579, 0.03726, 0.01692, 0.0154, 0.04007]"
replace-SIZE,impact60+t10_size_plus_impact_bm+book_to_market_lf_minus_size+book_to_market_lf_plus_impact+t10_size_plus_impact_aggregate+t10_size_plus_impact+reversal_turn_paper,0.303147434547569,0.5004624568278995,0.7142759502179402,0.5572155243973518,21.913010161710176,0.19586072622126083,0.39172145244252166,1.0953990153354172,25.05072202772117,0.030027747409673965,"[0.01579, 0.03726, 0.01692, 0.0154, 0.03591]"
replace-SIZE,impact60+t10_size_plus_impact_bm+book_to_market_lf_minus_size+book_to_market_lf_plus_impact+t10_size_plus_impact_bm+t10_size_plus_impact_fscore+t10_size_plus_impact_dd120,0.30232503284347195,0.49235543111342217,0.7203548742856609,0.5569491008869396,22.239894251516045,0.1988134458275588,0.3976268916551176,1.1012568327203818,24.85824078456409,0.02954132586680533,"[0.01579, 0.03726, 0.01692, 0.0154, 0.03558]"
add-6th,size_only+impact60+t10_size_plus_impact_bm+book_to_market_lf_minus_size+book_to_market_lf_plus_impact+t10_size_plus_impact_downside+t10_size_plus_wc_mcap+reversal40,0.26837542839555123,0.4798177372427058,0.7438861635067401,0.5563600672920903,23.65240804966817,0.19843643178142117,0.39687286356284235,1.1144886874778948,27.33477291969284,0.02878906423456235,"[0.01024, 0.01579, 0.03726, 0.01692, 0.0154, 0.03322]"
add-6th,size_only+impact60+t10_size_plus_impact_bm+book_to_market_lf_minus_size+book_to_market_lf_plus_impact+t10_size_plus_impact_dd120+weighted_reversal_lowturn,0.26829814897429066,0.49353413095821747,0.7310115237123912,0.5553517613008103,23.345083924688605,0.20250480960329253,0.40500961920658507,1.116034106374229,26.515239568886418,0.029612047857493048,"[0.01024, 0.01579, 0.03726, 0.01692, 0.0154, 0.03319]"
replace-SIZE,impact60+t10_size_plus_impact_bm+book_to_market_lf_minus_size+book_to_market_lf_plus_impact+t10_size_plus_impact_fscore+t10_size_plus_impact_wc+t10_size_plus_impact_dd120,0.3013684320325205,0.5025642179921959,0.7086585926864013,0.5550675294126532,22.138043595762316,0.19834860782680658,0.39669721565361316,1.0955617986961161,25.378442074043626,0.03015385307953175,"[0.01579, 0.03726, 0.01692, 0.0154, 0.03519]"
replace-SIZE,impact60+t10_size_plus_impact_bm+book_to_market_lf_minus_size+book_to_market_lf_plus_impact+t10_size_plus_wc_mcap+momentum20,0.2959007825245287,0.5502759270446195,0.673948407742916,0.5550535144548348,22.558417262309515,0.21605020312275602,0.43210040624551205,1.1103038955148419,25.19924830774819,0.03301655562267717,"[0.01579, 0.03726, 0.01692, 0.0154, 0.03301]"
replace-SIZE,impact60+t10_size_plus_impact_bm+book_to_market_lf_minus_size+book_to_market_lf_plus_impact+book_to_market_lf_plus_impact+reversal_turn_paper+reversal_turn_eq,0.30052891439339097,0.4786671951465956,0.7268573330166438,0.5547251010374763,21.342667570045133,0.18901913063105574,0.3780382612621115,1.0967194521188124,24.63703800570123,0.028720031708795737,"[0.01579, 0.03726, 0.01692, 0.0154, 0.03486]"
replace-SIZE,impact60+t10_size_plus_impact_bm+book_to_market_lf_minus_size+book_to_market_lf_plus_impact+t10_size_plus_impact_aggregate+t10_size_plus_impact_fscore+reversal_chip_turn_size_eq,0.30183225447310547,0.49434633772763686,0.7130857301132342,0.5542762476502494,22.24810301601768,0.19860533689396698,0.39721067378793395,1.0995333645913774,25.439639343714727,0.02966078026365821,"[0.01579, 0.03726, 0.01692, 0.0154, 0.03538]"
add-6th,size_only+impact60+t10_size_plus_impact_bm+book_to_market_lf_minus_size+book_to_market_lf_plus_impact+t10_size_plus_impact_downside+reversal_turn_eq,0.2682034252895363,0.4833393378417001,0.7355342257266193,0.5537998548794809,22.872032064453375,0.1927329528919936,0.3854659057839872,1.0999694875544344,26.98598647289767,0.029000360270502002,"[0.01024, 0.01579, 0.03726, 0.01692, 0.0154, 0.03314]"
add-6th,size_only+impact60+t10_size_plus_impact_bm+book_to_market_lf_minus_size+book_to_market_lf_plus_impact+reversal_chip_turn_size_eq+t10_nomcap_plus_impact+reversal_turn_paper,0.26841476697355127,0.4836449923400799,0.7347007704258313,0.5535740474053623,22.84982204330922,0.19368982177689556,0.3873796435537911,1.1020465784628637,26.82213429065412,0.029018699540404792,"[0.01024, 0.01579, 0.03726, 0.01692, 0.0154, 0.03324]"
replace-SIZE,impact60+t10_size_plus_impact_bm+book_to_market_lf_minus_size+book_to_market_lf_plus_impact+book_to_market_lf_minus_size+reversal_chip_turn_paper+reversal_turn_eq,0.29651670562079824,0.47830922066532827,0.7242924845245302,0.5526431863930632,21.578896100308622,0.19088119383179766,0.3817623876635953,1.0955108838481633,24.85012348450625,0.028698553239919697,"[0.01579, 0.03726, 0.01692, 0.0154, 0.03325]"
replace-SIZE,impact60+t10_size_plus_impact_bm+book_to_market_lf_minus_size+book_to_market_lf_plus_impact+t10_size_plus_impact_aggregate+t10_size_plus_impact_fscore+reversal_chip_turn_paper,0.3027814341816602,0.4929332068481114,0.7100088140584232,0.5525868755594615,21.91244594941249,0.19707817774893668,0.39415635549787337,1.0943701297659951,24.982482969694885,0.029575992410886685,"[0.01579, 0.03726, 0.01692, 0.0154, 0.03576]"
add-6th,size_only+impact60+t10_size_plus_impact_bm+book_to_market_lf_minus_size+book_to_market_lf_plus_impact+t10_size_plus_impact_g13+reversal_turn_eq,0.2690960743695396,0.4805100686346927,0.7344465424336873,0.5524986829912096,22.87072626683083,0.19248295767442603,0.38496591534885205,1.1002800743884942,27.154945769618333,0.02883060411808156,"[0.01024, 0.01579, 0.03726, 0.01692, 0.0154, 0.03357]"
add-6th,size_only+impact60+t10_size_plus_impact_bm+book_to_market_lf_minus_size+book_to_market_lf_plus_impact+t10_size_plus_impact_aggregate+reversal_turn_eq,0.26853283137117795,0.4825113137190368,0.7331375198716454,0.5524974100181389,22.843003112529416,0.19270336937873403,0.38540673875746806,1.09935117355891,27.07522681659904,0.028950678823142208,"[0.01024, 0.01579, 0.03726, 0.01692, 0.0154, 0.0333]"
replace-SIZE,impact60+t10_size_plus_impact_bm+book_to_market_lf_minus_size+book_to_market_lf_plus_impact+t10_size_plus_impact_downside+t10_size_plus_impact_dd120+reversal_turn_paper,0.30218441161953496,0.5025507002633169,0.7024858073009748,0.5524482407015066,21.88626084443538,0.198809404137295,0.39761880827459,1.093309647112874,24.96736073777327,0.030153042015799016,"[0.01579, 0.03726, 0.01692, 0.0154, 0.03552]"
replace-SIZE,impact60+t10_size_plus_impact_bm+book_to_market_lf_minus_size+book_to_market_lf_plus_impact+book_to_market_lf_minus_size+t10_size_plus_wc_mcap+reversal_chip_turn_eq,0.29878392371449175,0.48308315613506486,0.7191260844154073,0.5524426273771044,21.380389086357876,0.18721749067720395,0.3744349813544079,1.0851526183390219,25.304340230314214,0.02898498936810389,"[0.01579, 0.03726, 0.01692, 0.0154, 0.03416]"
replace-SIZE,impact60+t10_size_plus_impact_bm+book_to_market_lf_minus_size+book_to_market_lf_plus_impact+t10_size_plus_impact_downside+t10_size_plus_impact_bm+reversal_turn_paper_nomcap,0.3017335695460952,0.4878440990411175,0.7108985077800948,0.5509964770746528,21.50568281230411,0.19362447482867387,0.38724894965734774,1.092337245462434,24.738695094534414,0.029270645942467047,"[0.01579, 0.03726, 0.01692, 0.0154, 0.03534]"
add-6th,size_only+impact60+t10_size_plus_impact_bm+book_to_market_lf_minus_size+book_to_market_lf_plus_impact+t10_size_plus_impact_fscore+t10_size_plus_impact_wc+reversal40,0.2707024272243994,0.4832158367576067,0.7273168770172179,0.5505586229677903,23.310326078534235,0.19899819310443984,0.39799638620887967,1.1077271677480964,27.281265051422476,0.028992950205456402,"[0.01024, 0.01579, 0.03726, 0.01692, 0.0154, 0.03434]"
replace-SIZE,impact60+t10_size_plus_impact_bm+book_to_market_lf_minus_size+book_to_market_lf_plus_impact+t10_size_plus_impact_bm+t10_nomcap_plus_impact,0.3030395059488342,0.49517054084042267,0.7017272715152644,0.5496948626657837,21.55418109590791,0.19611375519803942,0.39222751039607884,1.086632282891253,24.575972604849518,0.02971023245042536,"[0.01579, 0.03726, 0.01692, 0.0154, 0.03586]"
replace-SIZE,impact60+t10_size_plus_impact_bm+book_to_market_lf_minus_size+book_to_market_lf_plus_impact+t10_size_plus_impact_bm+t10_size_plus_impact_fscore+reversal_chip_turn_paper,0.2996169479760812,0.49305201864272363,0.703785663045513,0.5491951444906503,21.773303410911787,0.19898471170647908,0.39796942341295816,1.0955751366494537,24.625827015679224,0.029583121118563416,"[0.01579, 0.03726, 0.01692, 0.0154, 0.03449]"
replace-SIZE,impact60+t10_size_plus_impact_bm+book_to_market_lf_minus_size+book_to_market_lf_plus_impact+t10_size_plus_impact_g13+t10_size_plus_impact_bm+reversal_turn_eq,0.3039867339248925,0.5023275487027968,0.6933180983288493,0.5486051330789395,21.665377101208545,0.19898508450897945,0.3979701690179589,1.0907956469811937,24.956112964225873,0.030139652922167807,"[0.01579, 0.03726, 0.01692, 0.0154, 0.03624]"
replace-SIZE,impact60+t10_size_plus_impact_bm+book_to_market_lf_minus_size+book_to_market_lf_plus_impact+t10_size_plus_impact_bm+reversal_chip_turn_size_eq,0.29950032033866375,0.49735899436528763,0.698575676347568,0.5483347664519891,21.775401613820048,0.19845691709091112,0.39691383418182224,1.089214288667418,24.88122279687631,0.029841539661917257,"[0.01579, 0.03726, 0.01692, 0.0154, 0.03445]"
replace-SIZE,impact60+t10_size_plus_impact_bm+book_to_market_lf_minus_size+book_to_market_lf_plus_impact+t10_nomcap_plus_impact,0.297554788615,0.5100652865816816,0.6873213064464678,0.547328395927499,21.867768782851847,0.2051503149297825,0.410300629859565,1.0932802269750233,24.35452028413554,0.030603917194900892,"[0.01579, 0.03726, 0.01692, 0.0154, 0.03367]"
replace-SIZE,impact60+t10_size_plus_impact_bm+book_to_market_lf_minus_size+book_to_market_lf_plus_impact+t10_size_plus_impact+t10_nomcap_plus_impact+reversal_chip_turn_paper,0.2967838037819675,0.49958531805582296,0.6954094825463932,0.5471458892218085,21.8999274190249,0.2024159064188858,0.4048318128377716,1.0943506323263843,24.599806885731155,0.029975119083349377,"[0.01579, 0.03726, 0.01692, 0.0154, 0.03336]"
replace-SIZE,impact60+t10_size_plus_impact_bm+book_to_market_lf_minus_size+book_to_market_lf_plus_impact+t10_size_plus_impact_bm+t10_size_plus_impact_fscore+reversal_chip_turn_size_eq,0.30124329595856275,0.49491820251519086,0.6963423531748885,0.5468240890007292,21.84787047056444,0.19971681919615772,0.39943363839231544,1.0919966820339977,25.041593181289567,0.02969509215091145,"[0.01579, 0.03726, 0.01692, 0.0154, 0.03514]"
replace-SIZE,impact60+t10_size_plus_impact_bm+book_to_market_lf_minus_size+book_to_market_lf_plus_impact+t10_size_plus_impact_g13+t10_nomcap_plus_impact+reversal_turn_paper,0.30150002877214543,0.500454129923717,0.6915583839475128,0.5466602240041107,21.588303417027262,0.19889122107821378,0.39778244215642755,1.0891494594418891,24.83567638943405,0.03002724779542302,"[0.01579, 0.03726, 0.01692, 0.0154, 0.03525]"
replace-SIZE,impact60+t10_size_plus_impact_bm+book_to_market_lf_minus_size+book_to_market_lf_plus_impact+t10_size_plus_impact_aggregate+reversal_chip_turn_size_eq+reversal_turn_paper_nomcap,0.298943259070479,0.5015136740938864,0.6905498679213221,0.546065878311551,21.645314302088824,0.20043740171536956,0.4008748034307391,1.0921344037303695,24.7823994720476,0.03009082044563318,"[0.01579, 0.03726, 0.01692, 0.0154, 0.03422]"
add-6th,size_only+impact60+t10_size_plus_impact_bm+book_to_market_lf_minus_size+book_to_market_lf_plus_impact+t10_size_plus_impact_downside+exp_weighted_reversal63,0.27918040568446084,0.4748676111906703,0.7194505130701649,0.545792475935201,23.824851995777667,0.20995901674309972,0.41991803348619944,1.1230950172794645,26.880109873351998,0.028492056671440214,"[0.01024, 0.01579, 0.03726, 0.01692, 0.0154, 0.03841]"
replace-SIZE,impact60+t10_size_plus_impact_bm+book_to_market_lf_minus_size+book_to_market_lf_plus_impact+t10_size_plus_impact+t10_size_plus_impact_bm+reversal_turn_paper_nomcap,0.29930076448801773,0.4915240017081235,0.6975325460605409,0.5457831992226903,21.49514657095818,0.1968570215055589,0.3937140430111178,1.090664942431498,24.762200831989688,0.029491440102487408,"[0.01579, 0.03726, 0.01692, 0.0154, 0.03437]"
replace-SIZE,impact60+t10_size_plus_impact_bm+book_to_market_lf_minus_size+book_to_market_lf_plus_impact+t10_size_plus_impact_fscore+t10_size_plus_impact_dd120+reversal_turn_paper,0.29858762226319874,0.49851326614461317,0.6922656109591873,0.5457166925348886,22.008126387903758,0.20437783173011234,0.4087556634602247,1.0995784294961661,24.8681572061917,0.02991079596867679,"[0.01579, 0.03726, 0.01692, 0.0154, 0.03408]"
replace-SIZE,impact60+t10_size_plus_impact_bm+book_to_market_lf_minus_size+book_to_market_lf_plus_impact+t10_size_plus_impact_aggregate+reversal_turn_eq,0.29662721578041346,0.512557979804716,0.6808950354363862,0.545123502034107,21.786980392930477,0.20405162006843647,0.40810324013687294,1.092442012565473,24.958617609739655,0.030753478788282954,"[0.01579, 0.03726, 0.01692, 0.0154, 0.0333]"
replace-SIZE,impact60+t10_size_plus_impact_bm+book_to_market_lf_minus_size+book_to_market_lf_plus_impact+t10_size_plus_impact_downside+reversal_turn_eq,0.2962319284824435,0.5133250479621266,0.6797988547379746,0.5448196371153217,21.78101481436368,0.20439886851010558,0.40879773702021116,1.0928636165873735,24.959953771389554,0.0307995028777276,"[0.01579, 0.03726, 0.01692, 0.0154, 0.03314]"
replace-SIZE,impact60+t10_size_plus_impact_bm+book_to_market_lf_minus_size+book_to_market_lf_plus_impact+t10_size_plus_impact_bm+t10_size_plus_impact_wc+reversal_turn_paper,0.30450505557770474,0.4971076150819889,0.6871884708570168,0.5441234882798947,21.283099926005708,0.19485759667982055,0.3897151933596411,1.0828173663037353,25.229724164898805,0.029826456904919335,"[0.01579, 0.03726, 0.01692, 0.0154, 0.03645]"
replace-SIZE,impact60+t10_size_plus_impact_bm+book_to_market_lf_minus_size+book_to_market_lf_plus_impact+t10_size_plus_impact+t10_size_plus_impact_bm+reversal_chip_turn_eq,0.2979105310427002,0.49754087415550835,0.6880639198437495,0.5433501760926552,21.633727752436467,0.20045374266826763,0.40090748533653525,1.08607379866608,24.631419850557457,0.0298524524493305,"[0.01579, 0.03726, 0.01692, 0.0154, 0.03381]"
replace-SIZE,impact60+t10_size_plus_impact_bm+book_to_market_lf_minus_size+book_to_market_lf_plus_impact+t10_size_plus_impact_bm+t10_nomcap_plus_impact+reversal_turn_paper_nomcap,0.29734959017464574,0.498311408139525,0.6873434941178935,0.543183483236815,21.36682345277165,0.19969047164340256,0.3993809432868051,1.0891610768768567,24.35410381453914,0.0298986844883715,"[0.01579, 0.03726, 0.01692, 0.0154, 0.03359]"
replace-SIZE,impact60+t10_size_plus_impact_bm+book_to_market_lf_minus_size+book_to_market_lf_plus_impact+t10_size_plus_impact_downside+t10_size_plus_wc_mcap+reversal40,0.2964383322096615,0.5238436672507679,0.6676205603231522,0.5430622021251196,22.309743435042044,0.21306815919436384,0.4261363183887277,1.0989591965742522,25.314082981514463,0.03143062003504608,"[0.01579, 0.03726, 0.01692, 0.0154, 0.03322]"
replace-SIZE,impact60+t10_size_plus_impact_bm+book_to_market_lf_minus_size+book_to_market_lf_plus_impact+t10_size_plus_impact_g13+reversal_turn_eq,0.29730310737844745,0.5105220594379045,0.6756448354674766,0.5421835182393205,21.67314197882379,0.20374922471659315,0.4074984494331863,1.0896820284163469,25.043506927707615,0.03063132356627427,"[0.01579, 0.03726, 0.01692, 0.0154, 0.03357]"
replace-SIZE,impact60+t10_size_plus_impact_bm+book_to_market_lf_minus_size+book_to_market_lf_plus_impact+t10_size_plus_impact_g13+reversal_chip_turn_size_eq+reversal_turn_paper_nomcap,0.2986389729308527,0.5001860779832609,0.6812428689703119,0.5413522129169521,21.41315591381982,0.1998568783779481,0.3997137567558962,1.0864862302364264,24.811737126560608,0.030011164678995648,"[0.01579, 0.03726, 0.01692, 0.0154, 0.0341]"
replace-SIZE,impact60+t10_size_plus_impact_bm+book_to_market_lf_minus_size+book_to_market_lf_plus_impact+t10_size_plus_impact_g13+t10_size_plus_impact_fscore+reversal40,0.29940321015362875,0.501799969645966,0.6781860343201955,0.5406943468509018,22.457497232804922,0.2116528451411578,0.4233056902823156,1.1049951817348693,25.490279446873167,0.030107998178757957,"[0.01579, 0.03726, 0.01692, 0.0154, 0.03441]"
replace-SIZE,impact60+t10_size_plus_impact_bm+book_to_market_lf_minus_size+book_to_market_lf_plus_impact+t10_size_plus_impact_wc+t10_nomcap_plus_impact+reversal_turn_paper,0.30254630945218497,0.5075680592018793,0.6711458705923589,0.5401737243776562,21.326608975372423,0.20061252332457294,0.4012250466491459,1.0832547448978105,25.052928916308336,0.030454083552112755,"[0.01579, 0.03726, 0.01692, 0.0154, 0.03567]"
replace-SIZE,impact60+t10_size_plus_impact_bm+book_to_market_lf_minus_size+book_to_market_lf_plus_impact+t10_size_plus_impact_g13+t10_size_plus_impact_fscore+reversal_turn_eq,0.2982054456775337,0.5035471385195155,0.6736811493298022,0.5390391048157481,21.713143435867238,0.20411573373656872,0.40823146747313743,1.0896932831523627,25.216237704698475,0.030212828311170926,"[0.01579, 0.03726, 0.01692, 0.0154, 0.03393]"
add-6th,size_only+impact60+t10_size_plus_impact_bm+book_to_market_lf_minus_size+book_to_market_lf_plus_impact+t10_size_plus_impact_dd120+weighted_reversal,0.26921873375030503,0.48241652601436763,0.7026594916965666,0.5388863021185446,23.7503358031484,0.21482735451587723,0.42965470903175446,1.1220872720141681,26.691394981588424,0.028944991560862058,"[0.01024, 0.01579, 0.03726, 0.01692, 0.0154, 0.03363]"
replace-SIZE,impact60+t10_size_plus_impact_bm+book_to_market_lf_minus_size+book_to_market_lf_plus_impact+t10_size_plus_impact+t10_nomcap_plus_impact+reversal_turn_paper,0.30005902548960245,0.5060207755893201,0.6703998033518946,0.5387989880625351,21.396456596555687,0.2022778385554657,0.4045556771109314,1.0836060931026812,24.845048340748598,0.030361246535359206,"[0.01579, 0.03726, 0.01692, 0.0154, 0.03467]"
replace-SIZE,impact60+t10_size_plus_impact_bm+book_to_market_lf_minus_size+book_to_market_lf_plus_impact+t10_size_plus_impact_fscore+t10_size_plus_wc_mcap+t10_nomcap_plus_impact,0.29762114694702896,0.5056582594225804,0.6706465486090218,0.5382955670613687,21.547451377667272,0.20317114618806517,0.40634229237613034,1.0848653803493393,25.044687652774,0.030339495565354823,"[0.01579, 0.03726, 0.01692, 0.0154, 0.0337]"
replace-SIZE,impact60+t10_size_plus_impact_bm+book_to_market_lf_minus_size+book_to_market_lf_plus_impact+t10_size_plus_impact_aggregate+weighted_reversal,0.313562065846921,0.5139621946260741,0.6565491207082214,0.5380462856072097,22.43069952704396,0.2212967638221906,0.4425935276443812,1.1076562802065995,24.85507155913752,0.030837731677564446,"[0.01579, 0.03726, 0.01692, 0.0154, 0.04007]"
replace-SIZE,impact60+t10_size_plus_impact_bm+book_to_market_lf_minus_size+book_to_market_lf_plus_impact+t10_size_plus_impact_fscore+t10_size_plus_wc_mcap,0.2972553579949185,0.5016281816076568,0.6723518905779888,0.5375792859217585,21.5081970298733,0.20045264881196453,0.40090529762392907,1.082704819156987,25.45788693946417,0.030097690896459407,"[0.01579, 0.03726, 0.01692, 0.0154, 0.03355]"
replace-SIZE,impact60+t10_size_plus_impact_bm+book_to_market_lf_minus_size+book_to_market_lf_plus_impact+t10_size_plus_impact_bm+reversal_chip_turn_size_eq+reversal_turn_paper_nomcap,0.29689029228174674,0.4960037277355926,0.6750890656660377,0.5367694427135237,21.24163760507996,0.20067345761095084,0.4013469152219017,1.084339339690745,24.51702013214693,0.029760223664135554,"[0.01579, 0.03726, 0.01692, 0.0154, 0.0334]"
replace-SIZE,impact60+t10_size_plus_impact_bm+book_to_market_lf_minus_size+book_to_market_lf_plus_impact+t10_size_plus_impact_downside+t10_size_plus_wc_mcap+reversal_turn_paper_nomcap,0.3003751725047505,0.5031330647486848,0.6640203056778882,0.5349807447180395,20.99812587726267,0.19848386306730248,0.39696772613460496,1.076525969882809,25.028908122233208,0.030187983884921086,"[0.01579, 0.03726, 0.01692, 0.0154, 0.0348]"
replace-SIZE,impact60+t10_size_plus_impact_bm+book_to_market_lf_minus_size+book_to_market_lf_plus_impact+t10_size_plus_impact_fscore+t10_size_plus_impact_wc+reversal40,0.2992307308042792,0.5080884673264101,0.6596991002699004,0.5345417048465546,22.193074339211613,0.21451817457416297,0.42903634914832595,1.098804830613965,25.300742936945742,0.030485308039584606,"[0.01579, 0.03726, 0.01692, 0.0154, 0.03434]"
replace-SIZE,impact60+t10_size_plus_impact_bm+book_to_market_lf_minus_size+book_to_market_lf_plus_impact+t10_size_plus_impact_wc+reversal_turn_paper,0.3022417657433895,0.5028656610621375,0.6618602187529098,0.5342884329592354,21.105538301528554,0.19917134025523264,0.3983426805104653,1.0779724864149252,25.391929324068496,0.030171939663728248,"[0.01579, 0.03726, 0.01692, 0.0154, 0.03554]"
replace-SIZE,impact60+t10_size_plus_impact_bm+book_to_market_lf_minus_size+book_to_market_lf_plus_impact+reversal_chip_turn_paper,0.298498491265,0.49898663231860546,0.664624571169619,0.5334260765908405,21.288246130549442,0.20605439639622192,0.41210879279244383,1.0860484169463687,24.09958599658021,0.029939197939116327,"[0.01579, 0.03726, 0.01692, 0.0154, 0.03405]"
replace-SIZE,impact60+t10_size_plus_impact_bm+book_to_market_lf_minus_size+book_to_market_lf_plus_impact+reversal_chip_turn_size_eq+t10_nomcap_plus_impact+reversal_turn_paper,0.2964855385032615,0.5107329211409339,0.6530054879898738,0.5319060996954224,21.255368990404005,0.20609339099150387,0.41218678198300773,1.0805884264982932,24.7394967106763,0.030643975268456036,"[0.01579, 0.03726, 0.01692, 0.0154, 0.03324]"
replace-SIZE,impact60+t10_size_plus_impact_bm+book_to_market_lf_minus_size+book_to_market_lf_plus_impact+t10_size_plus_impact_fscore+reversal_turn_paper,0.2986716850567645,0.4982958875567205,0.6581413915690557,0.5303015238622801,21.167448981111896,0.20252692976809508,0.40505385953619016,1.0811813488449944,25.09151608609391,0.029897753253403228,"[0.01579, 0.03726, 0.01692, 0.0154, 0.03412]"
replace-SIZE,impact60+t10_size_plus_impact_bm+book_to_market_lf_minus_size+book_to_market_lf_plus_impact+t10_size_plus_impact_dd120+weighted_reversal_lowturn,0.29634559690414874,0.5266825417147605,0.6316858529163575,0.5278666427933567,21.463891182486755,0.2166029544134528,0.4332059088269056,1.0864213148741995,24.657564193161164,0.03160095250288563,"[0.01579, 0.03726, 0.01692, 0.0154, 0.03319]"
replace-SIZE,impact60+t10_size_plus_impact_bm+book_to_market_lf_minus_size+book_to_market_lf_plus_impact+t10_size_plus_impact_dd120+weighted_reversal,0.297450298635366,0.5234961114277799,0.6272866096629488,0.5249926730751231,22.46552964878149,0.23145155068105383,0.46290310136210766,1.1026327737661745,24.722411387963415,0.03140976668566679,"[0.01579, 0.03726, 0.01692, 0.0154, 0.03363]"
add-6th,size_only+impact60+t10_size_plus_impact_bm+book_to_market_lf_minus_size+book_to_market_lf_plus_impact+reversal_chip_turn_size_eq+exp_weighted_reversal63,0.2683438435044117,0.48154494182453583,0.6676341875241328,0.5226448827253296,23.52569881080572,0.2200018364970539,0.4400036729941078,1.1108360235895556,27.128665453098645,0.028892696509472147,"[0.01024, 0.01579, 0.03726, 0.01692, 0.0154, 0.03321]"
add-6th,size_only+impact60+t10_size_plus_impact_bm+book_to_market_lf_minus_size+book_to_market_lf_plus_impact+t10_size_plus_wc_mcap+exp_weighted_reversal63,0.26926247295003747,0.4828690659956051,0.6647644816546804,0.5220006844330755,23.259389488205745,0.21789055384408237,0.43578110768816475,1.107742136097308,27.116131776124508,0.028972143959736303,"[0.01024, 0.01579, 0.03726, 0.01692, 0.0154, 0.03365]"
replace-SIZE,impact60+t10_size_plus_impact_bm+book_to_market_lf_minus_size+book_to_market_lf_plus_impact+t10_size_plus_impact_downside+exp_weighted_reversal63,0.30940430495635296,0.5072199772404089,0.6267261595947325,0.5214346248430434,22.062350819244607,0.22525334510424705,0.4505066902084941,1.0952435824977498,24.909968186196995,0.030433198634424532,"[0.01579, 0.03726, 0.01692, 0.0154, 0.03841]"
replace-SIZE,impact60+t10_size_plus_impact_bm+book_to_market_lf_minus_size+book_to_market_lf_plus_impact+t10_size_plus_wc_mcap+exp_weighted_reversal63,0.297502785675045,0.5230052574559746,0.5926417582556135,0.5092411884596262,21.96907789361639,0.23519264644934826,0.4703852928986965,1.092375885140072,25.252604822232815,0.031380315447358476,"[0.01579, 0.03726, 0.01692, 0.0154, 0.03365]"
add-6th,size_only+impact60+t10_size_plus_impact_bm+book_to_market_lf_minus_size+book_to_market_lf_plus_impact+t10_size_plus_impact_downside+alpha13,0.27310248275769916,0.4585775464633267,0.6455117590269691,0.5056029293758403,23.067504781289408,0.22025898280227843,0.44051796560455686,1.1030197548817107,27.453657590796,0.0275146527877996,"[0.01024, 0.01579, 0.03726, 0.01692, 0.0154, 0.03549]"
replace-SIZE,impact60+t10_size_plus_impact_bm+book_to_market_lf_minus_size+book_to_market_lf_plus_impact+reversal_chip_turn_size_eq+exp_weighted_reversal63,0.296400430340294,0.521160820158004,0.5846919155954405,0.5047977351413084,21.89171623911634,0.23774855505268858,0.47549711010537715,1.0884680126077477,24.995607618186888,0.03126964920948024,"[0.01579, 0.03726, 0.01692, 0.0154, 0.03321]"
replace-SIZE,impact60+t10_size_plus_impact_bm+book_to_market_lf_minus_size+book_to_market_lf_plus_impact+t10_size_plus_impact_downside+alpha13,0.30211079744423897,0.4887063653224961,0.5696474718362131,0.4878107496780173,21.822017787893824,0.24069309320006047,0.48138618640012093,1.0889885337503384,25.636551509554728,0.029322381919349765,"[0.01579, 0.03726, 0.01692, 0.0154, 0.03549]"
