na,nb,nc,comb,net,turnover,sharpe,dd,pool_s,members,tag,seat_si
0.24115409835065446,0.44590757664747727,1.0,0.6542984714967479,23.43402583474036,0.14674100127438075,1.1532206605560125,25.734671330602165,0.026754454598848634,t10_size_plus_impact_bm+book_to_market_lf_minus_size+impact60+book_to_market_lf_plus_impact+growth_revenue+f_i10_01,replace-SIZE,"[0.01579, 0.03726, 0.01692, 0.0154, 0.01111]"
0.26167282855527674,0.4274026053933723,0.9985411250605553,0.6512689838759855,22.892276688155505,0.15158657906828304,1.1338947989159962,25.020390580369924,0.025644156323602337,t10_size_plus_impact_bm+book_to_market_lf_minus_size+impact60+book_to_market_lf_plus_impact,replace-SIZE,"[0.01579, 0.03726, 0.01692, 0.0154, 0.01932]"
0.26089794892996127,0.4274026053933723,0.9985411250605553,0.6511140079509224,22.892276688155505,0.15158657906828304,1.1338947989159962,25.020390580369924,0.025644156323602337,t10_size_plus_impact_bm+book_to_market_lf_minus_size+impact60+book_to_market_lf_plus_impact,replace-SIZE,"[0.01579, 0.03726, 0.01692, 0.0154, 0.01901]"
0.260510778467811,0.4274026053933723,0.9985411250605553,0.6510365738584925,22.892276688155505,0.15158657906828304,1.1338947989159962,25.020390580369924,0.025644156323602337,t10_size_plus_impact_bm+book_to_market_lf_minus_size+impact60+book_to_market_lf_plus_impact,replace-SIZE,"[0.01579, 0.03726, 0.01692, 0.0154, 0.01885]"
0.24202659701486925,0.43445957743979935,1.0,0.6504661715069036,24.500355342987863,0.14790612709734527,1.1645798529805984,26.185329412119085,0.02606757464638796,t10_size_plus_impact_bm+book_to_market_lf_minus_size+impact60+book_to_market_lf_plus_impact+growth_roe+f_i10_01,replace-SIZE,"[0.01579, 0.03726, 0.01692, 0.0154, 0.01146]"
0.25271878304964324,0.4274026053933723,0.9985411250605553,0.6494781747748588,22.892276688155505,0.15158657906828304,1.1338947989159962,25.020390580369924,0.025644156323602337,t10_size_plus_impact_bm+book_to_market_lf_minus_size+impact60+book_to_market_lf_plus_impact,replace-SIZE,"[0.01579, 0.03726, 0.01692, 0.0154, 0.01573]"
0.23266815914467975,0.43661109644751656,1.0,0.6493475155855668,23.74344126727666,0.14252265580663429,1.1556854325116457,25.684068231599667,0.02619666578685099,t10_size_plus_impact_bm+book_to_market_lf_minus_size+impact60+book_to_market_lf_plus_impact+asset_growth+f_i10_01,replace-SIZE,"[0.01579, 0.03726, 0.01692, 0.0154, 0.00771]"
0.23562607129199675,0.4287771344999163,1.0,0.64719721133337,22.716077697678642,0.14635533055356717,1.1438850125625768,25.2716587135303,0.025726628069994976,t10_size_plus_impact_bm+book_to_market_lf_minus_size+impact60+book_to_market_lf_plus_impact+impact_abs_return60+growth_revenue,replace-SIZE,"[0.01579, 0.03726, 0.01692, 0.0154, 0.0089]"
0.22680197536772825,0.43356452896793085,1.0,0.6471079802123214,23.371922523475032,0.14477358056360748,1.1359974715934171,26.758845870756854,0.02601387173807585,size_only+t10_size_plus_impact_bm+book_to_market_lf_minus_size+impact60+book_to_market_lf_plus_impact+asset_growth,replace-SIZE,"[0.01579, 0.03726, 0.01692, 0.0154, 0.00537]"
0.2443240230923185,0.42329802872040406,1.0,0.6470191146706051,24.260979259370426,0.15333582451877542,1.1687790671225349,26.15507384510476,0.02539788172322424,t10_size_plus_impact_bm+book_to_market_lf_minus_size+impact60+book_to_market_lf_plus_impact+quality_net_margin_tsrank378+f_i10_01,replace-SIZE,"[0.01579, 0.03726, 0.01692, 0.0154, 0.01238]"
0.22308627119520083,0.43356452896793085,1.0,0.646364839377816,23.371922523475032,0.14477358056360748,1.1359974715934171,26.758845870756854,0.02601387173807585,size_only+t10_size_plus_impact_bm+book_to_market_lf_minus_size+impact60+book_to_market_lf_plus_impact+asset_growth,add-6th,"[0.01024, 0.01579, 0.03726, 0.01692, 0.0154, 0.01148]"
0.2591164704310382,0.4123563232561882,1.0,0.6461480072258735,24.30219865502081,0.1406023717422095,1.1560036384086627,26.337541625277638,0.024741379395371292,t10_size_plus_impact_bm+book_to_market_lf_minus_size+impact60+book_to_market_lf_plus_impact+f_i10_01,replace-SIZE,"[0.01579, 0.03726, 0.01692, 0.0154, 0.01829]"
0.22196082059792524,0.43356452896793085,1.0,0.6461397492583608,23.371922523475032,0.14477358056360748,1.1359974715934171,26.758845870756854,0.02601387173807585,size_only+t10_size_plus_impact_bm+book_to_market_lf_minus_size+impact60+book_to_market_lf_plus_impact+asset_growth,add-6th,"[0.01024, 0.01579, 0.03726, 0.01692, 0.0154, 0.01094]"
0.2584070854817722,0.4123563232561882,1.0,0.6460061302360203,24.30219865502081,0.1406023717422095,1.1560036384086627,26.337541625277638,0.024741379395371292,t10_size_plus_impact_bm+book_to_market_lf_minus_size+impact60+book_to_market_lf_plus_impact+f_i10_01,replace-SIZE,"[0.01579, 0.03726, 0.01692, 0.0154, 0.01801]"
0.23887419052972522,0.4222830964557616,1.0,0.6455739218654616,23.602549010919223,0.14700340502364934,1.155243442648148,25.64504320724995,0.025336985787345695,t10_size_plus_impact_bm+book_to_market_lf_minus_size+impact60+book_to_market_lf_plus_impact+impact_abs_return60+growth_roe,replace-SIZE,"[0.01579, 0.03726, 0.01692, 0.0154, 0.0102]"
0.24449518715890525,0.42401221104585396,0.995796577195194,0.6454117710356673,22.7094247212302,0.14325455244037041,1.141093829222427,25.691949497912447,0.025440732662751236,t10_size_plus_impact_bm+book_to_market_lf_minus_size+impact60+book_to_market_lf_plus_impact+cash_conversion+f_i10_01,replace-SIZE,"[0.01579, 0.03726, 0.01692, 0.0154, 0.01245]"
0.23220473088390575,0.42534936872691304,1.0,0.6453132252312007,23.73974100454482,0.14882876374114648,1.152457176141042,26.247148970896895,0.025520962123614783,size_only+t10_size_plus_impact_bm+book_to_market_lf_minus_size+impact60+book_to_market_lf_plus_impact+growth_revenue,replace-SIZE,"[0.01579, 0.03726, 0.01692, 0.0154, 0.00753]"
0.2315700643547992,0.42459981270661656,1.0,0.6449239473182756,24.7648511241676,0.15078148349850576,1.1611646740139903,26.9625299134264,0.025475988762396994,size_only+t10_size_plus_impact_bm+book_to_market_lf_minus_size+impact60+book_to_market_lf_plus_impact+growth_roe,replace-SIZE,"[0.01579, 0.03726, 0.01692, 0.0154, 0.00727]"
0.21568091754547938,0.43356452896793085,1.0,0.6448837686478717,23.371922523475032,0.14477358056360748,1.1359974715934171,26.758845870756854,0.02601387173807585,size_only+t10_size_plus_impact_bm+book_to_market_lf_minus_size+impact60+book_to_market_lf_plus_impact+asset_growth,add-6th,"[0.01024, 0.01579, 0.03726, 0.01692, 0.0154, 0.00793]"
0.2522639567147595,0.4123563232561882,1.0,0.6447775044826178,24.30219865502081,0.1406023717422095,1.1560036384086627,26.337541625277638,0.024741379395371292,t10_size_plus_impact_bm+book_to_market_lf_minus_size+impact60+book_to_market_lf_plus_impact+f_i10_01,replace-SIZE,"[0.01579, 0.03726, 0.01692, 0.0154, 0.01555]"
0.22852334768209753,0.42459981270661656,1.0,0.6443146039837353,24.7648511241676,0.15078148349850576,1.1611646740139903,26.9625299134264,0.025475988762396994,size_only+t10_size_plus_impact_bm+book_to_market_lf_minus_size+impact60+book_to_market_lf_plus_impact+growth_roe,add-6th,"[0.01024, 0.01579, 0.03726, 0.01692, 0.0154, 0.01409]"
0.22767056401712674,0.4239088724605709,1.0,0.6439022181646252,23.334773396551732,0.14054756741940344,1.1597520631972578,24.42073955632046,0.025434532347634254,t10_size_plus_impact_bm+book_to_market_lf_minus_size+impact60+book_to_market_lf_plus_impact+impact_abs_return60+asset_growth,replace-SIZE,"[0.01579, 0.03726, 0.01692, 0.0154, 0.00572]"
0.21034513102727356,0.43356452896793085,1.0,0.6438166113442305,23.371922523475032,0.14477358056360748,1.1359974715934171,26.758845870756854,0.02601387173807585,size_only+t10_size_plus_impact_bm+book_to_market_lf_minus_size+impact60+book_to_market_lf_plus_impact+asset_growth,add-6th,"[0.01024, 0.01579, 0.03726, 0.01692, 0.0154, 0.00537]"
0.2235549587683215,0.42534936872691304,1.0,0.6435832708080839,23.73974100454482,0.14882876374114648,1.152457176141042,26.247148970896895,0.025520962123614783,size_only+t10_size_plus_impact_bm+book_to_market_lf_minus_size+impact60+book_to_market_lf_plus_impact+growth_revenue,add-6th,"[0.01024, 0.01579, 0.03726, 0.01692, 0.0154, 0.01171]"
0.2233119849096544,0.42534936872691304,1.0,0.6435346760363505,23.73974100454482,0.14882876374114648,1.152457176141042,26.247148970896895,0.025520962123614783,size_only+t10_size_plus_impact_bm+book_to_market_lf_minus_size+impact60+book_to_market_lf_plus_impact+growth_revenue,add-6th,"[0.01024, 0.01579, 0.03726, 0.01692, 0.0154, 0.01159]"
0.22330489966804334,0.42534936872691304,1.0,0.6435332589880283,23.73974100454482,0.14882876374114648,1.152457176141042,26.247148970896895,0.025520962123614783,size_only+t10_size_plus_impact_bm+book_to_market_lf_minus_size+impact60+book_to_market_lf_plus_impact+growth_revenue,add-6th,"[0.01024, 0.01579, 0.03726, 0.01692, 0.0154, 0.01159]"
0.23348499539748122,0.4184133163556319,1.0,0.6431416598039674,24.536900540242755,0.15385887042079882,1.1625902309661764,26.72283302146604,0.02510479898133791,size_only+t10_size_plus_impact_bm+book_to_market_lf_minus_size+impact60+book_to_market_lf_plus_impact+quality_net_margin_tsrank378,replace-SIZE,"[0.01579, 0.03726, 0.01692, 0.0154, 0.00804]"
0.22164000260908875,0.42459981270661656,1.0,0.6429379349691335,24.7648511241676,0.15078148349850576,1.1611646740139903,26.9625299134264,0.025475988762396994,size_only+t10_size_plus_impact_bm+book_to_market_lf_minus_size+impact60+book_to_market_lf_plus_impact+growth_roe,add-6th,"[0.01024, 0.01579, 0.03726, 0.01692, 0.0154, 0.01079]"
0.22140462216748874,0.42459981270661656,1.0,0.6428908588808135,24.7648511241676,0.15078148349850576,1.1611646740139903,26.9625299134264,0.025475988762396994,size_only+t10_size_plus_impact_bm+book_to_market_lf_minus_size+impact60+book_to_market_lf_plus_impact+growth_roe,add-6th,"[0.01024, 0.01579, 0.03726, 0.01692, 0.0154, 0.01068]"
0.25842242757546,0.4005458973091264,1.0,0.6418755495732862,23.877358457538044,0.1386046681434439,1.1518996881377979,25.698492701188425,0.024032753838547583,t10_size_plus_impact_bm+book_to_market_lf_minus_size+impact60+book_to_market_lf_plus_impact+impact_abs_return60,replace-SIZE,"[0.01579, 0.03726, 0.01692, 0.0154, 0.01802]"
0.21484742729075482,0.42534936872691304,1.0,0.6418417645125705,23.73974100454482,0.14882876374114648,1.152457176141042,26.247148970896895,0.025520962123614783,size_only+t10_size_plus_impact_bm+book_to_market_lf_minus_size+impact60+book_to_market_lf_plus_impact+growth_revenue,add-6th,"[0.01024, 0.01579, 0.03726, 0.01692, 0.0154, 0.00753]"
0.21431853851649937,0.42459981270661656,1.0,0.6414736421506158,24.7648511241676,0.15078148349850576,1.1611646740139903,26.9625299134264,0.025475988762396994,size_only+t10_size_plus_impact_bm+book_to_market_lf_minus_size+impact60+book_to_market_lf_plus_impact+growth_roe,add-6th,"[0.01024, 0.01579, 0.03726, 0.01692, 0.0154, 0.00727]"
0.2562192015429982,0.4005458973091264,1.0,0.641434904366794,23.877358457538044,0.1386046681434439,1.1518996881377979,25.698492701188425,0.024032753838547583,t10_size_plus_impact_bm+book_to_market_lf_minus_size+impact60+book_to_market_lf_plus_impact+impact_abs_return60,replace-SIZE,"[0.01579, 0.03726, 0.01692, 0.0154, 0.01713]"
0.25602681373052627,0.4005458973091264,1.0,0.6413964268042995,23.877358457538044,0.1386046681434439,1.1518996881377979,25.698492701188425,0.024032753838547583,t10_size_plus_impact_bm+book_to_market_lf_minus_size+impact60+book_to_market_lf_plus_impact+impact_abs_return60,replace-SIZE,"[0.01579, 0.03726, 0.01692, 0.0154, 0.01706]"
0.25583628430929745,0.4005458973091264,1.0,0.6413583209200537,23.877358457538044,0.1386046681434439,1.1518996881377979,25.698492701188425,0.024032753838547583,t10_size_plus_impact_bm+book_to_market_lf_minus_size+impact60+book_to_market_lf_plus_impact+impact_abs_return60,replace-SIZE,"[0.01579, 0.03726, 0.01692, 0.0154, 0.01698]"
0.22315920408132603,0.4184133163556319,1.0,0.6410765015407364,24.536900540242755,0.15385887042079882,1.1625902309661764,26.72283302146604,0.02510479898133791,size_only+t10_size_plus_impact_bm+book_to_market_lf_minus_size+impact60+book_to_market_lf_plus_impact+quality_net_margin_tsrank378,add-6th,"[0.01024, 0.01579, 0.03726, 0.01692, 0.0154, 0.01152]"
0.2544167362218805,0.4005458973091264,1.0,0.6410744113025704,23.877358457538044,0.1386046681434439,1.1518996881377979,25.698492701188425,0.024032753838547583,t10_size_plus_impact_bm+book_to_market_lf_minus_size+impact60+book_to_market_lf_plus_impact+impact_abs_return60,replace-SIZE,"[0.01579, 0.03726, 0.01692, 0.0154, 0.01641]"
0.25842319185673046,0.39778363101687747,1.0,0.6409089092272532,23.7792424672294,0.14280638827979916,1.1304372875711926,27.41527838717399,0.023867017861012647,size_only+t10_size_plus_impact_bm+book_to_market_lf_minus_size+impact60+book_to_market_lf_plus_impact,replace-SIZE,"[0.01579, 0.03726, 0.01692, 0.0154, 0.01802]"
0.22154417744749919,0.4184133163556319,1.0,0.640753496213971,24.536900540242755,0.15385887042079882,1.1625902309661764,26.72283302146604,0.02510479898133791,size_only+t10_size_plus_impact_bm+book_to_market_lf_minus_size+impact60+book_to_market_lf_plus_impact+quality_net_margin_tsrank378,add-6th,"[0.01024, 0.01579, 0.03726, 0.01692, 0.0154, 0.01074]"
0.25752211910241024,0.39778363101687747,1.0,0.6407286946763892,23.7792424672294,0.14280638827979916,1.1304372875711926,27.41527838717399,0.023867017861012647,size_only+t10_size_plus_impact_bm+book_to_market_lf_minus_size+impact60+book_to_market_lf_plus_impact,replace-SIZE,"[0.01579, 0.03726, 0.01692, 0.0154, 0.01766]"
0.23685127603970024,0.409043537914354,1.0,0.6405354934779639,22.53022903076231,0.14518636723491396,1.1488389793089917,24.336927883469052,0.02454261227486124,t10_size_plus_impact_bm+book_to_market_lf_minus_size+impact60+book_to_market_lf_plus_impact+paper_composite+asset_growth,replace-SIZE,"[0.01579, 0.03726, 0.01692, 0.0154, 0.00939]"
0.25540326739206276,0.39778363101687747,1.0,0.6403049243343197,23.7792424672294,0.14280638827979916,1.1304372875711926,27.41527838717399,0.023867017861012647,size_only+t10_size_plus_impact_bm+book_to_market_lf_minus_size+impact60+book_to_market_lf_plus_impact,replace-SIZE,"[0.01579, 0.03726, 0.01692, 0.0154, 0.01681]"
0.2552122790646912,0.39778363101687747,1.0,0.6402667266688453,23.7792424672294,0.14280638827979916,1.1304372875711926,27.41527838717399,0.023867017861012647,size_only+t10_size_plus_impact_bm+book_to_market_lf_minus_size+impact60+book_to_market_lf_plus_impact,replace-SIZE,"[0.01579, 0.03726, 0.01692, 0.0154, 0.01673]"
0.24840724117153049,0.4005458973091264,1.0,0.6398725122925003,23.877358457538044,0.1386046681434439,1.1518996881377979,25.698492701188425,0.024032753838547583,t10_size_plus_impact_bm+book_to_market_lf_minus_size+impact60+book_to_market_lf_plus_impact+impact_abs_return60,replace-SIZE,"[0.01579, 0.03726, 0.01692, 0.0154, 0.01401]"
0.21591431438540104,0.4184133163556319,1.0,0.6396275236015514,24.536900540242755,0.15385887042079882,1.1625902309661764,26.72283302146604,0.02510479898133791,size_only+t10_size_plus_impact_bm+book_to_market_lf_minus_size+impact60+book_to_market_lf_plus_impact+quality_net_margin_tsrank378,add-6th,"[0.01024, 0.01579, 0.03726, 0.01692, 0.0154, 0.00804]"
0.25119786153470874,0.39778363101687747,1.0,0.6394638431628489,23.7792424672294,0.14280638827979916,1.1304372875711926,27.41527838717399,0.023867017861012647,size_only+t10_size_plus_impact_bm+book_to_market_lf_minus_size+impact60+book_to_market_lf_plus_impact,replace-SIZE,"[0.01579, 0.03726, 0.01692, 0.0154, 0.01513]"
0.2493551853761767,0.39778363101687747,1.0,0.6390953079311424,23.7792424672294,0.14280638827979916,1.1304372875711926,27.41527838717399,0.023867017861012647,size_only+t10_size_plus_impact_bm+book_to_market_lf_minus_size+impact60+book_to_market_lf_plus_impact,replace-SIZE,"[0.01579, 0.03726, 0.01692, 0.0154, 0.01439]"
0.22230523351304543,0.4084893501870234,1.0,0.6374323192680673,24.818437839022526,0.13934913849924344,1.1677398715259144,27.32709748339194,0.024509361011221406,size_only+t10_size_plus_impact_bm+book_to_market_lf_minus_size+impact60+book_to_market_lf_plus_impact+growth_revenue+f_i10_01,add-6th,"[0.01024, 0.01579, 0.03726, 0.01692, 0.0154, 0.01111]"
0.23940417535023065,0.39778363101687747,1.0,0.6371051059259533,23.7792424672294,0.14280638827979916,1.1304372875711926,27.41527838717399,0.023867017861012647,size_only+t10_size_plus_impact_bm+book_to_market_lf_minus_size+impact60+book_to_market_lf_plus_impact,add-6th,"[0.01024, 0.01579, 0.03726, 0.01692, 0.0154, 0.01932]"
0.23899486063,0.39778363101687747,1.0,0.6370232429819072,23.7792424672294,0.14280638827979916,1.1304372875711926,27.41527838717399,0.023867017861012647,size_only+impact60+t10_size_plus_impact_bm+book_to_market_lf_minus_size+book_to_market_lf_plus_impact,seed(替换C),"[0.010244872746, 0.015785968169999998, 0.03725596, 0.016915119, 0.015396024336]"
0.2387584423291344,0.39778363101687747,1.0,0.636975959321734,23.7792424672294,0.14280638827979916,1.1304372875711926,27.41527838717399,0.023867017861012647,size_only+t10_size_plus_impact_bm+book_to_market_lf_minus_size+impact60+book_to_market_lf_plus_impact,add-6th,"[0.01024, 0.01579, 0.03726, 0.01692, 0.0154, 0.01901]"
0.2384358002773425,0.39778363101687747,1.0,0.6369114309113756,23.7792424672294,0.14280638827979916,1.1304372875711926,27.41527838717399,0.023867017861012647,size_only+t10_size_plus_impact_bm+book_to_market_lf_minus_size+impact60+book_to_market_lf_plus_impact,add-6th,"[0.01024, 0.01579, 0.03726, 0.01692, 0.0154, 0.01885]"
0.23669614476810877,0.39778363101687747,1.0,0.6365634998095289,23.7792424672294,0.14280638827979916,1.1304372875711926,27.41527838717399,0.023867017861012647,size_only+t10_size_plus_impact_bm+book_to_market_lf_minus_size+impact60+book_to_market_lf_plus_impact,add-6th,"[0.01024, 0.01579, 0.03726, 0.01692, 0.0154, 0.01802]"
0.21523361750806647,0.4099111849018421,1.0,0.636515638217258,24.533629190969027,0.13610480574006928,1.15648082953812,27.287702053734954,0.024594671094110523,size_only+t10_size_plus_impact_bm+book_to_market_lf_minus_size+impact60+book_to_market_lf_plus_impact+asset_growth+f_i10_01,add-6th,"[0.01024, 0.01579, 0.03726, 0.01692, 0.0154, 0.00771]"
0.2359452508061752,0.39778363101687747,1.0,0.6364133210171421,23.7792424672294,0.14280638827979916,1.1304372875711926,27.41527838717399,0.023867017861012647,size_only+t10_size_plus_impact_bm+book_to_market_lf_minus_size+impact60+book_to_market_lf_plus_impact,add-6th,"[0.01024, 0.01579, 0.03726, 0.01692, 0.0154, 0.01766]"
0.23417954104755231,0.39778363101687747,1.0,0.6360601790654176,23.7792424672294,0.14280638827979916,1.1304372875711926,27.41527838717399,0.023867017861012647,size_only+t10_size_plus_impact_bm+book_to_market_lf_minus_size+impact60+book_to_market_lf_plus_impact,add-6th,"[0.01024, 0.01579, 0.03726, 0.01692, 0.0154, 0.01681]"
0.23402038410807605,0.39778363101687747,1.0,0.6360283476775224,23.7792424672294,0.14280638827979916,1.1304372875711926,27.41527838717399,0.023867017861012647,size_only+t10_size_plus_impact_bm+book_to_market_lf_minus_size+impact60+book_to_market_lf_plus_impact,add-6th,"[0.01024, 0.01579, 0.03726, 0.01692, 0.0154, 0.01673]"
0.23194247076220273,0.39778363101687747,1.0,0.6356127650083476,23.7792424672294,0.14280638827979916,1.1304372875711926,27.41527838717399,0.023867017861012647,size_only+t10_size_plus_impact_bm+book_to_market_lf_minus_size+impact60+book_to_market_lf_plus_impact,add-6th,"[0.01024, 0.01579, 0.03726, 0.01692, 0.0154, 0.01573]"
0.23067503616642396,0.39778363101687747,1.0,0.6353592780891919,23.7792424672294,0.14280638827979916,1.1304372875711926,27.41527838717399,0.023867017861012647,size_only+t10_size_plus_impact_bm+book_to_market_lf_minus_size+impact60+book_to_market_lf_plus_impact,add-6th,"[0.01024, 0.01579, 0.03726, 0.01692, 0.0154, 0.01513]"
0.23984376178292224,0.41611495153697414,0.9816246581043679,0.635340081541491,22.267014557920582,0.14278537990235177,1.1373180024582354,25.19095247701272,0.024966897092218446,t10_size_plus_impact_bm+book_to_market_lf_minus_size+impact60+book_to_market_lf_plus_impact+impact_abs_return60+cash_conversion,replace-SIZE,"[0.01579, 0.03726, 0.01692, 0.0154, 0.01058]"
0.243211532644029,0.39051490481547335,1.0,0.6353225232142214,23.92373656288469,0.14297796346066516,1.1405221068726552,26.19671830213173,0.0234308942889284,t10_size_plus_impact_bm+book_to_market_lf_minus_size+impact60+book_to_market_lf_plus_impact+ev_ebitda_proxy+f_i10_01,replace-SIZE,"[0.01579, 0.03726, 0.01692, 0.0154, 0.01193]"
0.22913947270098065,0.39778363101687747,1.0,0.6350521653961032,23.7792424672294,0.14280638827979916,1.1304372875711926,27.41527838717399,0.023867017861012647,size_only+t10_size_plus_impact_bm+book_to_market_lf_minus_size+impact60+book_to_market_lf_plus_impact,add-6th,"[0.01024, 0.01579, 0.03726, 0.01692, 0.0154, 0.01439]"
0.2187195482539169,0.40293550389974686,1.0,0.6347713360156948,23.417415203396278,0.13841577979047862,1.1446674272157393,26.351332742884814,0.02417613023398481,size_only+t10_size_plus_impact_bm+book_to_market_lf_minus_size+impact60+book_to_market_lf_plus_impact+paper_composite+asset_growth,add-6th,"[0.01024, 0.01579, 0.03726, 0.01692, 0.0154, 0.00939]"
0.22303231573322438,0.39990454671179454,1.0,0.634573054495773,24.692906734493818,0.1402881997949705,1.1495818382769962,27.722540155891007,0.02399427280270767,size_only+t10_size_plus_impact_bm+book_to_market_lf_minus_size+impact60+book_to_market_lf_plus_impact+growth_roe+f_i10_01,add-6th,"[0.01024, 0.01579, 0.03726, 0.01692, 0.0154, 0.01146]"
0.2249468374644321,0.3981618746246285,1.0,0.6343460236115064,25.30772016589272,0.14228281280842345,1.1734413220451876,27.63133680186026,0.023889712477477707,size_only+t10_size_plus_impact_bm+book_to_market_lf_minus_size+impact60+book_to_market_lf_plus_impact+quality_net_margin_tsrank378+f_i10_01,add-6th,"[0.01024, 0.01579, 0.03726, 0.01692, 0.0154, 0.01238]"
0.247003926435303,0.38339053143656204,1.0,0.6335874712898573,24.371577352923932,0.13059555501645953,1.1506935776006,26.955902961033384,0.02300343188619372,t10_size_plus_impact_bm+book_to_market_lf_minus_size+impact60+book_to_market_lf_plus_impact+impact_abs_return60+f_i10_01,replace-SIZE,"[0.01579, 0.03726, 0.01692, 0.0154, 0.01345]"
0.24528359389955198,0.38392472840149244,1.0,0.6334303737204328,24.213085628736945,0.13281493153719978,1.1322247894624886,28.221407458015314,0.023035483704089546,size_only+t10_size_plus_impact_bm+book_to_market_lf_minus_size+impact60+book_to_market_lf_plus_impact+f_i10_01,replace-SIZE,"[0.01579, 0.03726, 0.01692, 0.0154, 0.01276]"
0.2110689549017723,0.4019377353151473,1.0,0.632891998340656,23.933359348453244,0.13483734994376537,1.1477925899235244,26.856065701102594,0.02411626411890884,size_only+t10_size_plus_impact_bm+book_to_market_lf_minus_size+impact60+book_to_market_lf_plus_impact+impact_abs_return60+asset_growth,add-6th,"[0.01024, 0.01579, 0.03726, 0.01692, 0.0154, 0.00572]"
0.25361630398312496,0.37626109364981797,1.0,0.6324146435740613,24.807274546429024,0.1331220562482183,1.1555671957163545,27.52352689357016,0.022575665618989077,size_only+t10_size_plus_impact_bm+book_to_market_lf_minus_size+impact60+book_to_market_lf_plus_impact+impact_abs_return60,replace-SIZE,"[0.01579, 0.03726, 0.01692, 0.0154, 0.01609]"
0.25281475971450623,0.37626109364981797,1.0,0.6322543347203375,24.807274546429024,0.1331220562482183,1.1555671957163545,27.52352689357016,0.022575665618989077,size_only+t10_size_plus_impact_bm+book_to_market_lf_minus_size+impact60+book_to_market_lf_plus_impact+impact_abs_return60,replace-SIZE,"[0.01579, 0.03726, 0.01692, 0.0154, 0.01577]"
0.21769854429749733,0.39621654757888514,1.0,0.6322155005121093,24.05793993125343,0.13659211951545733,1.1556986514455505,26.997504360623815,0.023772992854733107,size_only+t10_size_plus_impact_bm+book_to_market_lf_minus_size+impact60+book_to_market_lf_plus_impact+impact_abs_return60+growth_revenue,add-6th,"[0.01024, 0.01579, 0.03726, 0.01692, 0.0154, 0.0089]"
0.2372738769133652,0.38392472840149244,1.0,0.6318284303231954,24.213085628736945,0.13281493153719978,1.1322247894624886,28.221407458015314,0.023035483704089546,size_only+t10_size_plus_impact_bm+book_to_market_lf_minus_size+impact60+book_to_market_lf_plus_impact+f_i10_01,add-6th,"[0.01024, 0.01579, 0.03726, 0.01692, 0.0154, 0.01829]"
0.23668272278897687,0.38392472840149244,1.0,0.6317101994983177,24.213085628736945,0.13281493153719978,1.1322247894624886,28.221407458015314,0.023035483704089546,size_only+t10_size_plus_impact_bm+book_to_market_lf_minus_size+impact60+book_to_market_lf_plus_impact+f_i10_01,add-6th,"[0.01024, 0.01579, 0.03726, 0.01692, 0.0154, 0.01801]"
0.23279123013826347,0.44918741858690536,0.9507990729956273,0.6316334253811018,21.967408152521568,0.1447634569741514,1.1242417306653871,25.584729671994154,0.02695124511521432,size_only+t10_size_plus_impact_bm+book_to_market_lf_minus_size+impact60+book_to_market_lf_plus_impact+quality_roic,replace-SIZE,"[0.01579, 0.03726, 0.01692, 0.0154, 0.00776]"
0.2204053103289377,0.39216542985047215,1.0,0.6313389625134528,25.256494543354208,0.13912627579390432,1.1706606347467676,27.167799240722346,0.023529925791028326,size_only+t10_size_plus_impact_bm+book_to_market_lf_minus_size+impact60+book_to_market_lf_plus_impact+impact_abs_return60+growth_roe,add-6th,"[0.01024, 0.01579, 0.03726, 0.01692, 0.0154, 0.0102]"
0.24817199148031802,0.37626109364981797,1.0,0.6313257810734999,24.807274546429024,0.1331220562482183,1.1555671957163545,27.52352689357016,0.022575665618989077,size_only+t10_size_plus_impact_bm+book_to_market_lf_minus_size+impact60+book_to_market_lf_plus_impact+impact_abs_return60,replace-SIZE,"[0.01579, 0.03726, 0.01692, 0.0154, 0.01392]"
0.23156344881646626,0.38392472840149244,1.0,0.6306863447038156,24.213085628736945,0.13281493153719978,1.1322247894624886,28.221407458015314,0.023035483704089546,size_only+t10_size_plus_impact_bm+book_to_market_lf_minus_size+impact60+book_to_market_lf_plus_impact+f_i10_01,add-6th,"[0.01024, 0.01579, 0.03726, 0.01692, 0.0154, 0.01555]"
0.24366973118087148,0.37626109364981797,1.0,0.6304253290136106,24.807274546429024,0.1331220562482183,1.1555671957163545,27.52352689357016,0.022575665618989077,size_only+t10_size_plus_impact_bm+book_to_market_lf_minus_size+impact60+book_to_market_lf_plus_impact+impact_abs_return60,replace-SIZE,"[0.01579, 0.03726, 0.01692, 0.0154, 0.01211]"
0.24217886303259123,0.4434024271111341,0.9474361374912342,0.6299728839664706,22.90119379301043,0.16426491630322299,1.1487325386018565,24.17475649660966,0.026604145626668043,t10_size_plus_impact_bm+book_to_market_lf_minus_size+impact60+book_to_market_lf_plus_impact+quality_net_margin_tsrank378,replace-SIZE,"[0.01579, 0.03726, 0.01692, 0.0154, 0.01152]"
0.23754780841521725,0.37788276125898235,1.0,0.6297685281236873,23.35936237680582,0.1420879917055528,1.1344678230997207,25.638597372209716,0.02267296567553894,t10_size_plus_impact_bm+book_to_market_lf_minus_size+impact60+book_to_market_lf_plus_impact+impact_abs_return60+ev_ebitda_proxy,replace-SIZE,"[0.01579, 0.03726, 0.01692, 0.0154, 0.00967]"
0.240240831071999,0.4434024271111341,0.9474361374912342,0.6295852775743521,22.90119379301043,0.16426491630322299,1.1487325386018565,24.17475649660966,0.026604145626668043,t10_size_plus_impact_bm+book_to_market_lf_minus_size+impact60+book_to_market_lf_plus_impact+quality_net_margin_tsrank378,replace-SIZE,"[0.01579, 0.03726, 0.01692, 0.0154, 0.01074]"
0.22574647980379337,0.38392472840149244,1.0,0.629522950901281,24.213085628736945,0.13281493153719978,1.1322247894624886,28.221407458015314,0.023035483704089546,size_only+t10_size_plus_impact_bm+book_to_market_lf_minus_size+impact60+book_to_market_lf_plus_impact+f_i10_01,add-6th,"[0.01024, 0.01579, 0.03726, 0.01692, 0.0154, 0.01276]"
0.24860586416297073,0.41911446903633165,0.9615923533924416,0.6291277960219089,22.75026051983978,0.1307740230260276,1.13083353586424,27.267638791818584,0.0251468681421799,t10_size_plus_impact_bm+book_to_market_lf_minus_size+impact60+book_to_market_lf_plus_impact+ltmom_exhigh252_21+f_i10_01,replace-SIZE,"[0.01579, 0.03726, 0.01692, 0.0154, 0.01409]"
0.24209134356924097,0.4536946585909329,0.937481445108142,0.6290780495193387,21.615494854795692,0.1524176633113904,1.117608017573973,24.18489415568835,0.02722167951545597,t10_size_plus_impact_bm+book_to_market_lf_minus_size+impact60+book_to_market_lf_plus_impact+asset_growth,replace-SIZE,"[0.01579, 0.03726, 0.01692, 0.0154, 0.01148]"
0.23669550786705001,0.37626109364981797,1.0,0.6290304843508463,24.807274546429024,0.1331220562482183,1.1555671957163545,27.52352689357016,0.022575665618989077,size_only+t10_size_plus_impact_bm+book_to_market_lf_minus_size+impact60+book_to_market_lf_plus_impact+impact_abs_return60,add-6th,"[0.01024, 0.01579, 0.03726, 0.01692, 0.0154, 0.01802]"
0.2407408028525102,0.4536946585909329,0.937481445108142,0.6288079413759925,21.615494854795692,0.1524176633113904,1.117608017573973,24.18489415568835,0.02722167951545597,t10_size_plus_impact_bm+book_to_market_lf_minus_size+impact60+book_to_market_lf_plus_impact+asset_growth,replace-SIZE,"[0.01579, 0.03726, 0.01692, 0.0154, 0.01094]"
0.23485948617333186,0.37626109364981797,1.0,0.6286632800121027,24.807274546429024,0.1331220562482183,1.1555671957163545,27.52352689357016,0.022575665618989077,size_only+t10_size_plus_impact_bm+book_to_market_lf_minus_size+impact60+book_to_market_lf_plus_impact+impact_abs_return60,add-6th,"[0.01024, 0.01579, 0.03726, 0.01692, 0.0154, 0.01713]"
0.2346991629962719,0.37626109364981797,1.0,0.6286312153766906,24.807274546429024,0.1331220562482183,1.1555671957163545,27.52352689357016,0.022575665618989077,size_only+t10_size_plus_impact_bm+book_to_market_lf_minus_size+impact60+book_to_market_lf_plus_impact+impact_abs_return60,add-6th,"[0.01024, 0.01579, 0.03726, 0.01692, 0.0154, 0.01706]"
0.23454038847858125,0.37626109364981797,1.0,0.6285994604731525,24.807274546429024,0.1331220562482183,1.1555671957163545,27.52352689357016,0.022575665618989077,size_only+t10_size_plus_impact_bm+book_to_market_lf_minus_size+impact60+book_to_market_lf_plus_impact+impact_abs_return60,add-6th,"[0.01024, 0.01579, 0.03726, 0.01692, 0.0154, 0.01698]"
0.21682226852374314,0.44918741858690536,0.9507990729956273,0.6284396330581978,21.967408152521568,0.1447634569741514,1.1242417306653871,25.584729671994154,0.02695124511521432,size_only+t10_size_plus_impact_bm+book_to_market_lf_minus_size+impact60+book_to_market_lf_plus_impact+quality_roic,add-6th,"[0.01024, 0.01579, 0.03726, 0.01692, 0.0154, 0.00848]"
0.23335743173906712,0.37626109364981797,1.0,0.6283628691252497,24.807274546429024,0.1331220562482183,1.1555671957163545,27.52352689357016,0.022575665618989077,size_only+t10_size_plus_impact_bm+book_to_market_lf_minus_size+impact60+book_to_market_lf_plus_impact+impact_abs_return60,add-6th,"[0.01024, 0.01579, 0.03726, 0.01692, 0.0154, 0.01641]"
0.23269040487343753,0.37626109364981797,1.0,0.6282294637521237,24.807274546429024,0.1331220562482183,1.1555671957163545,27.52352689357016,0.022575665618989077,size_only+t10_size_plus_impact_bm+book_to_market_lf_minus_size+impact60+book_to_market_lf_plus_impact+impact_abs_return60,add-6th,"[0.01024, 0.01579, 0.03726, 0.01692, 0.0154, 0.01609]"
0.2153361766693863,0.44918741858690536,0.9507990729956273,0.6281424146873265,21.967408152521568,0.1447634569741514,1.1242417306653871,25.584729671994154,0.02695124511521432,size_only+t10_size_plus_impact_bm+book_to_market_lf_minus_size+impact60+book_to_market_lf_plus_impact+quality_roic,add-6th,"[0.01024, 0.01579, 0.03726, 0.01692, 0.0154, 0.00776]"
0.2320224513162552,0.37626109364981797,1.0,0.6280958730406874,24.807274546429024,0.1331220562482183,1.1555671957163545,27.52352689357016,0.022575665618989077,size_only+t10_size_plus_impact_bm+book_to_market_lf_minus_size+impact60+book_to_market_lf_plus_impact+impact_abs_return60,add-6th,"[0.01024, 0.01579, 0.03726, 0.01692, 0.0154, 0.01577]"
0.21412204451747188,0.44918741858690536,0.9507990729956273,0.6278995882569435,21.967408152521568,0.1447634569741514,1.1242417306653871,25.584729671994154,0.02695124511521432,size_only+t10_size_plus_impact_bm+book_to_market_lf_minus_size+impact60+book_to_market_lf_plus_impact+quality_roic,add-6th,"[0.01024, 0.01579, 0.03726, 0.01692, 0.0154, 0.00718]"
0.21411980522363688,0.44918741858690536,0.9507990729956273,0.6278991403981765,21.967408152521568,0.1447634569741514,1.1242417306653871,25.584729671994154,0.02695124511521432,size_only+t10_size_plus_impact_bm+book_to_market_lf_minus_size+impact60+book_to_market_lf_plus_impact+quality_roic,add-6th,"[0.01024, 0.01579, 0.03726, 0.01692, 0.0154, 0.00718]"
0.22121328637326854,0.3814919130724207,1.0,0.6277648268500009,23.478416656340023,0.13477276736970942,1.1432196216271597,26.80685255512637,0.02288951478434524,size_only+t10_size_plus_impact_bm+book_to_market_lf_minus_size+impact60+book_to_market_lf_plus_impact+impact_abs_return60+cash_conversion,add-6th,"[0.01024, 0.01579, 0.03726, 0.01692, 0.0154, 0.01058]"
0.22834951919710877,0.37626109364981797,1.0,0.6273612866168581,24.807274546429024,0.1331220562482183,1.1555671957163545,27.52352689357016,0.022575665618989077,size_only+t10_size_plus_impact_bm+book_to_market_lf_minus_size+impact60+book_to_market_lf_plus_impact+impact_abs_return60,add-6th,"[0.01024, 0.01579, 0.03726, 0.01692, 0.0154, 0.01401]"
0.22815347778776499,0.37626109364981797,1.0,0.6273220783349893,24.807274546429024,0.1331220562482183,1.1555671957163545,27.52352689357016,0.022575665618989077,size_only+t10_size_plus_impact_bm+book_to_market_lf_minus_size+impact60+book_to_market_lf_plus_impact+impact_abs_return60,add-6th,"[0.01024, 0.01579, 0.03726, 0.01692, 0.0154, 0.01392]"
0.23320491918957523,0.4536946585909329,0.937481445108142,0.6273007646434055,21.615494854795692,0.1524176633113904,1.117608017573973,24.18489415568835,0.02722167951545597,t10_size_plus_impact_bm+book_to_market_lf_minus_size+impact60+book_to_market_lf_plus_impact+asset_growth,replace-SIZE,"[0.01579, 0.03726, 0.01692, 0.0154, 0.00793]"
0.22440159420489292,0.37626109364981797,1.0,0.6265717016184149,24.807274546429024,0.1331220562482183,1.1555671957163545,27.52352689357016,0.022575665618989077,size_only+t10_size_plus_impact_bm+book_to_market_lf_minus_size+impact60+book_to_market_lf_plus_impact+impact_abs_return60,add-6th,"[0.01024, 0.01579, 0.03726, 0.01692, 0.0154, 0.01211]"
0.23599281692681925,0.3771718997951233,0.9931304042036098,0.6261174102052814,23.571910456380472,0.14460834015622545,1.1232246716167968,27.068618762827366,0.022630313987707394,size_only+t10_size_plus_impact_bm+book_to_market_lf_minus_size+impact60+book_to_market_lf_plus_impact+ev_ebitda_proxy,replace-SIZE,"[0.01579, 0.03726, 0.01692, 0.0154, 0.00904]"
0.25326756947113843,0.42468753319214386,0.9483851910477037,0.6260674864829447,21.94606799971214,0.13865980664238756,1.126000824069446,25.765405920660143,0.02548125199152863,t10_size_plus_impact_bm+book_to_market_lf_minus_size+impact60+book_to_market_lf_plus_impact+ltmom_exhigh252_21,replace-SIZE,"[0.01579, 0.03726, 0.01692, 0.0154, 0.01595]"
0.2462995968164335,0.41330053593828364,0.9599107254628231,0.6258749333999564,22.466930410548276,0.13044176049837983,1.130194757059379,26.62784760232677,0.024798032156297018,t10_size_plus_impact_bm+book_to_market_lf_minus_size+impact60+book_to_market_lf_plus_impact+impact_abs_return60+ltmom_exhigh252_21,replace-SIZE,"[0.01579, 0.03726, 0.01692, 0.0154, 0.01317]"
0.22715292441797896,0.3703096914134917,1.0,0.6250389768783179,23.12979813471436,0.12964947257102805,1.1383297330740998,25.53006017622702,0.0222185814848095,size_only+t10_size_plus_impact_bm+book_to_market_lf_minus_size+impact60+book_to_market_lf_plus_impact+impact_abs_return60+value_bm,add-6th,"[0.01024, 0.01579, 0.03726, 0.01692, 0.0154, 0.01344]"
0.24680989658789923,0.42468753319214386,0.9483851910477037,0.6247759519062969,21.94606799971214,0.13865980664238756,1.126000824069446,25.765405920660143,0.02548125199152863,t10_size_plus_impact_bm+book_to_market_lf_minus_size+impact60+book_to_market_lf_plus_impact+ltmom_exhigh252_21,replace-SIZE,"[0.01579, 0.03726, 0.01692, 0.0154, 0.01337]"
0.24265376865698574,0.451408610887867,0.9288671448646828,0.6245139827312578,22.267768301147107,0.16125542697475193,1.1402820060260266,24.343254533306446,0.02708451665327202,t10_size_plus_impact_bm+book_to_market_lf_minus_size+impact60+book_to_market_lf_plus_impact+growth_revenue,replace-SIZE,"[0.01579, 0.03726, 0.01692, 0.0154, 0.01171]"
0.22401976209085753,0.370459035031212,1.0,0.6244646146790958,24.615080330832644,0.1374952098645325,1.1391974066157446,28.216702382127767,0.02222754210187272,size_only+t10_size_plus_impact_bm+book_to_market_lf_minus_size+impact60+book_to_market_lf_plus_impact+ev_ebitda_proxy+f_i10_01,add-6th,"[0.01024, 0.01579, 0.03726, 0.01692, 0.0154, 0.01193]"
0.24236220002658523,0.451408610887867,0.9288671448646828,0.6244556690051778,22.267768301147107,0.16125542697475193,1.1402820060260266,24.343254533306446,0.02708451665327202,t10_size_plus_impact_bm+book_to_market_lf_minus_size+impact60+book_to_market_lf_plus_impact+growth_revenue,replace-SIZE,"[0.01579, 0.03726, 0.01692, 0.0154, 0.01159]"
0.24235369773665197,0.451408610887867,0.9288671448646828,0.624453968547191,22.267768301147107,0.16125542697475193,1.1402820060260266,24.343254533306446,0.02708451665327202,t10_size_plus_impact_bm+book_to_market_lf_minus_size+impact60+book_to_market_lf_plus_impact+growth_revenue,replace-SIZE,"[0.01579, 0.03726, 0.01692, 0.0154, 0.01159]"
0.24445462431289897,0.42468753319214386,0.9483851910477037,0.6243048974512968,21.94606799971214,0.13865980664238756,1.126000824069446,25.765405920660143,0.02548125199152863,t10_size_plus_impact_bm+book_to_market_lf_minus_size+impact60+book_to_market_lf_plus_impact+ltmom_exhigh252_21,replace-SIZE,"[0.01579, 0.03726, 0.01692, 0.0154, 0.01243]"
0.2254036237202386,0.3771718997951233,0.9931304042036098,0.6239995715639652,23.571910456380472,0.14460834015622545,1.1232246716167968,27.068618762827366,0.022630313987707394,size_only+t10_size_plus_impact_bm+book_to_market_lf_minus_size+impact60+book_to_market_lf_plus_impact+ev_ebitda_proxy,add-6th,"[0.01024, 0.01579, 0.03726, 0.01692, 0.0154, 0.0126]"
0.22718009025025254,0.366384400484818,1.0,0.6236705582197368,24.74737966828016,0.12424436875106021,1.1481891781227018,28.166659979638887,0.021983064029089082,size_only+t10_size_plus_impact_bm+book_to_market_lf_minus_size+impact60+book_to_market_lf_plus_impact+impact_abs_return60+f_i10_01,add-6th,"[0.01024, 0.01579, 0.03726, 0.01692, 0.0154, 0.01345]"
0.2312933778523875,0.3897885495681345,0.9790423000888392,0.6232537029593022,21.963815930010984,0.15002901052145565,1.1322339501967196,24.26799001919413,0.02338731297408807,t10_size_plus_impact_bm+book_to_market_lf_minus_size+impact60+book_to_market_lf_plus_impact+paper_composite+quality_net_margin_tsrank378,replace-SIZE,"[0.01579, 0.03726, 0.01692, 0.0154, 0.00716]"
0.21800416565984937,0.3771718997951233,0.9931304042036098,0.6225196799518875,23.571910456380472,0.14460834015622545,1.1232246716167968,27.068618762827366,0.022630313987707394,size_only+t10_size_plus_impact_bm+book_to_market_lf_minus_size+impact60+book_to_market_lf_plus_impact+ev_ebitda_proxy,add-6th,"[0.01024, 0.01579, 0.03726, 0.01692, 0.0154, 0.00904]"
0.21792770538264916,0.3771718997951233,0.9931304042036098,0.6225043878964474,23.571910456380472,0.14460834015622545,1.1232246716167968,27.068618762827366,0.022630313987707394,size_only+t10_size_plus_impact_bm+book_to_market_lf_minus_size+impact60+book_to_market_lf_plus_impact+ev_ebitda_proxy,add-6th,"[0.01024, 0.01579, 0.03726, 0.01692, 0.0154, 0.00901]"
0.21710288585541815,0.3771718997951233,0.9931304042036098,0.6223394239910012,23.571910456380472,0.14460834015622545,1.1232246716167968,27.068618762827366,0.022630313987707394,size_only+t10_size_plus_impact_bm+book_to_market_lf_minus_size+impact60+book_to_market_lf_plus_impact+ev_ebitda_proxy,add-6th,"[0.01024, 0.01579, 0.03726, 0.01692, 0.0154, 0.00861]"
0.23427310277745125,0.3747514917677673,0.9873154073991081,0.6223095760038074,22.91515348573065,0.13114959283062036,1.1261671546372973,25.945272999655376,0.022485089506066036,size_only+t10_size_plus_impact_bm+book_to_market_lf_minus_size+impact60+book_to_market_lf_plus_impact+value_bm+f_i10_01,add-6th,"[0.01024, 0.01579, 0.03726, 0.01692, 0.0154, 0.01685]"
0.21929999190018104,0.36641270451277674,1.0,0.6221044449595081,24.662815958504062,0.1359443932696479,1.1463130967025799,27.422025777649985,0.021984762270766605,size_only+t10_size_plus_impact_bm+book_to_market_lf_minus_size+impact60+book_to_market_lf_plus_impact+impact_abs_return60+ev_ebitda_proxy,add-6th,"[0.01024, 0.01579, 0.03726, 0.01692, 0.0154, 0.00967]"
0.2128606583860227,0.3868869190833214,0.9846120786945954,0.6210579887689349,22.943297685447956,0.1405816551210089,1.1274240969787241,26.23633660413184,0.023213215144999282,size_only+t10_size_plus_impact_bm+book_to_market_lf_minus_size+impact60+book_to_market_lf_plus_impact+paper_composite+growth_roe,add-6th,"[0.01024, 0.01579, 0.03726, 0.01692, 0.0154, 0.00658]"
0.21860369454581896,0.41587181086465297,0.9591101806589292,0.6208754540083105,22.532080805380676,0.13444297538202474,1.1256456844633183,26.610652380432022,0.02495230865187918,size_only+t10_size_plus_impact_bm+book_to_market_lf_minus_size+impact60+book_to_market_lf_plus_impact+quality_roic+f_i10_01,add-6th,"[0.01024, 0.01579, 0.03726, 0.01692, 0.0154, 0.00933]"
0.248615835353517,0.4320454268876908,0.9307380538579842,0.6197711907174881,22.423260521102378,0.1595879509715481,1.1271081544972201,24.56231515086,0.02592272561326145,t10_size_plus_impact_bm+book_to_market_lf_minus_size+impact60+book_to_market_lf_plus_impact+growth_roe,replace-SIZE,"[0.01579, 0.03726, 0.01692, 0.0154, 0.01409]"
0.2403558212659065,0.4320454268876908,0.9307380538579842,0.618119187899966,22.423260521102378,0.1595879509715481,1.1271081544972201,24.56231515086,0.02592272561326145,t10_size_plus_impact_bm+book_to_market_lf_minus_size+impact60+book_to_market_lf_plus_impact+growth_roe,replace-SIZE,"[0.01579, 0.03726, 0.01692, 0.0154, 0.01079]"
0.24007336473598648,0.4320454268876908,0.9307380538579842,0.6180626965939819,22.423260521102378,0.1595879509715481,1.1271081544972201,24.56231515086,0.02592272561326145,t10_size_plus_impact_bm+book_to_market_lf_minus_size+impact60+book_to_market_lf_plus_impact+growth_roe,replace-SIZE,"[0.01579, 0.03726, 0.01692, 0.0154, 0.01068]"
0.23671225158998274,0.44382614178978097,0.9215505290750078,0.6173793380281734,21.205102449747464,0.14423074633971908,1.1130831846892122,24.767757887031905,0.026629568507386858,t10_size_plus_impact_bm+book_to_market_lf_minus_size+impact60+book_to_market_lf_plus_impact+quality_roic+f_i10_01,replace-SIZE,"[0.01579, 0.03726, 0.01692, 0.0154, 0.00933]"
0.2555155414679415,0.3812350588439831,0.960283217802566,0.6166628269001371,21.644312006099103,0.13518741185408334,1.119072132722412,23.864594094442502,0.022874103530638987,t10_size_plus_impact_bm+book_to_market_lf_minus_size+impact60+book_to_market_lf_plus_impact+value_bm+f_i10_01,replace-SIZE,"[0.01579, 0.03726, 0.01692, 0.0154, 0.01685]"
0.2292918429344,0.4341100708812769,0.9263049260953834,0.6146341101382494,20.8879463181597,0.14357366874270414,1.1167457489460035,23.767779786337538,0.026046604252876613,t10_size_plus_impact_bm+book_to_market_lf_minus_size+impact60+book_to_market_lf_plus_impact+impact_abs_return60+quality_roic,replace-SIZE,"[0.01579, 0.03726, 0.01692, 0.0154, 0.00636]"
0.2285150383566423,0.38796988585920017,0.9622771260907544,0.614517174462888,23.396240335141158,0.12556336901447224,1.1292122968166216,28.698484129937885,0.02327819315155201,size_only+t10_size_plus_impact_bm+book_to_market_lf_minus_size+impact60+book_to_market_lf_plus_impact+ltmom_exhigh252_21+f_i10_01,add-6th,"[0.01024, 0.01579, 0.03726, 0.01692, 0.0154, 0.01409]"
0.2124200206661667,0.4165749310878014,0.9466805904772507,0.6142914957287267,22.16279283530606,0.13387266240733417,1.1200007147876923,26.125968220215157,0.024994495865268085,size_only+t10_size_plus_impact_bm+book_to_market_lf_minus_size+impact60+book_to_market_lf_plus_impact+impact_abs_return60+quality_roic,add-6th,"[0.01024, 0.01579, 0.03726, 0.01692, 0.0154, 0.00636]"
0.23778564427564897,0.40591160160672746,0.9435305977123525,0.6142149583880431,22.283767763238487,0.14427405207964283,1.118103644229627,26.529641737193565,0.024354696096403648,size_only+t10_size_plus_impact_bm+book_to_market_lf_minus_size+impact60+book_to_market_lf_plus_impact+cash_conversion,replace-SIZE,"[0.01579, 0.03726, 0.01692, 0.0154, 0.00976]"
0.2265931489011946,0.3807954810362026,0.9673017594156776,0.6138828398799647,23.36666878848397,0.12340453617461809,1.129611220405179,28.363118215927997,0.022847728862172154,size_only+t10_size_plus_impact_bm+book_to_market_lf_minus_size+impact60+book_to_market_lf_plus_impact+impact_abs_return60+ltmom_exhigh252_21,add-6th,"[0.01024, 0.01579, 0.03726, 0.01692, 0.0154, 0.01317]"
0.2250894741865877,0.3897766304216735,0.9597667103483939,0.6133347351416805,22.96939992693211,0.13598470009273975,1.121794738848637,27.461375100196406,0.02338659782530041,size_only+t10_size_plus_impact_bm+book_to_market_lf_minus_size+impact60+book_to_market_lf_plus_impact+cash_conversion+f_i10_01,add-6th,"[0.01024, 0.01579, 0.03726, 0.01692, 0.0154, 0.01245]"
0.25103949422428773,0.3647430440463333,0.9673979419846379,0.6131970381541613,23.07725009225865,0.126654270952528,1.121616033666433,27.271389414415303,0.021884582642779996,size_only+t10_size_plus_impact_bm+book_to_market_lf_minus_size+impact60+book_to_market_lf_plus_impact+impact_abs_return60+paper_composite,replace-SIZE,"[0.01579, 0.03726, 0.01692, 0.0154, 0.01506]"
0.22630674075240584,0.40591160160672746,0.9435305977123525,0.6119191776833944,22.283767763238487,0.14427405207964283,1.118103644229627,26.529641737193565,0.024354696096403648,size_only+t10_size_plus_impact_bm+book_to_market_lf_minus_size+impact60+book_to_market_lf_plus_impact+cash_conversion,add-6th,"[0.01024, 0.01579, 0.03726, 0.01692, 0.0154, 0.01303]"
0.2406436766174827,0.3993459886001067,0.9420722159401372,0.6118323285065956,22.81217354825652,0.13230490281895876,1.1209411712714938,28.071413696778546,0.023960759316006403,size_only+t10_size_plus_impact_bm+book_to_market_lf_minus_size+impact60+book_to_market_lf_plus_impact+ltmom_exhigh252_21,replace-SIZE,"[0.01579, 0.03726, 0.01692, 0.0154, 0.0109]"
0.22093564119404543,0.40591160160672746,0.9435305977123525,0.6108449577717223,22.283767763238487,0.14427405207964283,1.118103644229627,26.529641737193565,0.024354696096403648,size_only+t10_size_plus_impact_bm+book_to_market_lf_minus_size+impact60+book_to_market_lf_plus_impact+cash_conversion,add-6th,"[0.01024, 0.01579, 0.03726, 0.01692, 0.0154, 0.01045]"
0.21949818845054084,0.40591160160672746,0.9435305977123525,0.6105574672230214,22.283767763238487,0.14427405207964283,1.118103644229627,26.529641737193565,0.024354696096403648,size_only+t10_size_plus_impact_bm+book_to_market_lf_minus_size+impact60+book_to_market_lf_plus_impact+cash_conversion,add-6th,"[0.01024, 0.01579, 0.03726, 0.01692, 0.0154, 0.00976]"
0.2193029568300204,0.40591160160672746,0.9435305977123525,0.6105184208989174,22.283767763238487,0.14427405207964283,1.118103644229627,26.529641737193565,0.024354696096403648,size_only+t10_size_plus_impact_bm+book_to_market_lf_minus_size+impact60+book_to_market_lf_plus_impact+cash_conversion,add-6th,"[0.01024, 0.01579, 0.03726, 0.01692, 0.0154, 0.00967]"
0.22982060819822722,0.3844961557049374,0.9549600443238597,0.6102697960821104,21.73479536641655,0.14931997019094267,1.1180889257692659,24.388660919930906,0.023069769342296244,t10_size_plus_impact_bm+book_to_market_lf_minus_size+impact60+book_to_market_lf_plus_impact+paper_composite+growth_roe,replace-SIZE,"[0.01579, 0.03726, 0.01692, 0.0154, 0.00658]"
0.23239979278011544,0.3993459886001067,0.9420722159401372,0.6101835517391222,22.81217354825652,0.13230490281895876,1.1209411712714938,28.071413696778546,0.023960759316006403,size_only+t10_size_plus_impact_bm+book_to_market_lf_minus_size+impact60+book_to_market_lf_plus_impact+ltmom_exhigh252_21,add-6th,"[0.01024, 0.01579, 0.03726, 0.01692, 0.0154, 0.01595]"
0.23428267852448145,0.3647430440463333,0.9673979419846379,0.6098456750142,23.07725009225865,0.126654270952528,1.121616033666433,27.271389414415303,0.021884582642779996,size_only+t10_size_plus_impact_bm+book_to_market_lf_minus_size+impact60+book_to_market_lf_plus_impact+impact_abs_return60+paper_composite,add-6th,"[0.01024, 0.01579, 0.03726, 0.01692, 0.0154, 0.01686]"
0.23286248580431648,0.3647430440463333,0.9673979419846379,0.609561636470167,23.07725009225865,0.126654270952528,1.121616033666433,27.271389414415303,0.021884582642779996,size_only+t10_size_plus_impact_bm+book_to_market_lf_minus_size+impact60+book_to_market_lf_plus_impact+impact_abs_return60+paper_composite,add-6th,"[0.01024, 0.01579, 0.03726, 0.01692, 0.0154, 0.01618]"
0.23186493687998416,0.3647430440463333,0.9673979419846379,0.6093621266853005,23.07725009225865,0.126654270952528,1.121616033666433,27.271389414415303,0.021884582642779996,size_only+t10_size_plus_impact_bm+book_to_market_lf_minus_size+impact60+book_to_market_lf_plus_impact+impact_abs_return60+paper_composite,add-6th,"[0.01024, 0.01579, 0.03726, 0.01692, 0.0154, 0.0157]"
0.2306195595757896,0.3647430440463333,0.9673979419846379,0.6091130512244616,23.07725009225865,0.126654270952528,1.121616033666433,27.271389414415303,0.021884582642779996,size_only+t10_size_plus_impact_bm+book_to_market_lf_minus_size+impact60+book_to_market_lf_plus_impact+impact_abs_return60+paper_composite,add-6th,"[0.01024, 0.01579, 0.03726, 0.01692, 0.0154, 0.0151]"
0.22701839871074936,0.3993459886001067,0.9420722159401372,0.6091072729252489,22.81217354825652,0.13230490281895876,1.1209411712714938,28.071413696778546,0.023960759316006403,size_only+t10_size_plus_impact_bm+book_to_market_lf_minus_size+impact60+book_to_market_lf_plus_impact+ltmom_exhigh252_21,add-6th,"[0.01024, 0.01579, 0.03726, 0.01692, 0.0154, 0.01337]"
0.2305430634077398,0.3647430440463333,0.9673979419846379,0.6090977519908516,23.07725009225865,0.126654270952528,1.121616033666433,27.271389414415303,0.021884582642779996,size_only+t10_size_plus_impact_bm+book_to_market_lf_minus_size+impact60+book_to_market_lf_plus_impact+impact_abs_return60+paper_composite,add-6th,"[0.01024, 0.01579, 0.03726, 0.01692, 0.0154, 0.01506]"
0.25552703236437774,0.3837195505239638,0.9414892480635172,0.6090774107848456,21.944538813300333,0.13138099510220635,1.1139893821211053,25.563766095944896,0.023023173031437826,t10_size_plus_impact_bm+book_to_market_lf_minus_size+impact60+book_to_market_lf_plus_impact+impact_abs_return60+paper_composite,replace-SIZE,"[0.01579, 0.03726, 0.01692, 0.0154, 0.01686]"
0.25382280110017974,0.3837195505239638,0.9414892480635172,0.608736564532006,21.944538813300333,0.13138099510220635,1.1139893821211053,25.563766095944896,0.023023173031437826,t10_size_plus_impact_bm+book_to_market_lf_minus_size+impact60+book_to_market_lf_plus_impact+impact_abs_return60+paper_composite,replace-SIZE,"[0.01579, 0.03726, 0.01692, 0.0154, 0.01618]"
0.22505567181491584,0.3993459886001067,0.9420722159401372,0.6087147275460822,22.81217354825652,0.13230490281895876,1.1209411712714938,28.071413696778546,0.023960759316006403,size_only+t10_size_plus_impact_bm+book_to_market_lf_minus_size+impact60+book_to_market_lf_plus_impact+ltmom_exhigh252_21,add-6th,"[0.01024, 0.01579, 0.03726, 0.01692, 0.0154, 0.01243]"
0.2245429177187379,0.37465651397088295,0.9613438707104294,0.6086431052532498,22.4479722421545,0.12964269326761246,1.1218000057826414,26.069889083179596,0.022479390838252976,size_only+t10_size_plus_impact_bm+book_to_market_lf_minus_size+impact60+book_to_market_lf_plus_impact+impact_abs_return60+paper_composite_nomcap,add-6th,"[0.01024, 0.01579, 0.03726, 0.01692, 0.0154, 0.01218]"
0.25262574239098096,0.3837195505239638,0.9414892480635172,0.6084971527901663,21.944538813300333,0.13138099510220635,1.1139893821211053,25.563766095944896,0.023023173031437826,t10_size_plus_impact_bm+book_to_market_lf_minus_size+impact60+book_to_market_lf_plus_impact+impact_abs_return60+paper_composite,replace-SIZE,"[0.01579, 0.03726, 0.01692, 0.0154, 0.0157]"
0.20254740470398544,0.38341617349036544,0.9637682312352205,0.6084008457182742,21.86539060615924,0.1458180344162347,1.117433147649841,24.16558048700903,0.023004970409421927,size_only+t10_size_plus_impact_bm+book_to_market_lf_minus_size+impact60+book_to_market_lf_plus_impact+value_bm+quality_net_margin_tsrank378,add-6th,"[0.01024, 0.01579, 0.03726, 0.01692, 0.0154, 0.00162]"
0.25526772182937774,0.38477975195620745,0.9392081081396879,0.6083701062134077,22.190993887845078,0.1334654199446942,1.1137154755901668,26.329759576467847,0.023086785117372447,t10_size_plus_impact_bm+book_to_market_lf_minus_size+impact60+book_to_market_lf_plus_impact+paper_composite+f_i10_01,replace-SIZE,"[0.01579, 0.03726, 0.01692, 0.0154, 0.01675]"
0.2511312896259475,0.3837195505239638,0.9414892480635172,0.6081982622371596,21.944538813300333,0.13138099510220635,1.1139893821211053,25.563766095944896,0.023023173031437826,t10_size_plus_impact_bm+book_to_market_lf_minus_size+impact60+book_to_market_lf_plus_impact+impact_abs_return60+paper_composite,replace-SIZE,"[0.01579, 0.03726, 0.01692, 0.0154, 0.0151]"
0.22187988206873563,0.3993459886001067,0.9420722159401372,0.6080795695968462,22.81217354825652,0.13230490281895876,1.1209411712714938,28.071413696778546,0.023960759316006403,size_only+t10_size_plus_impact_bm+book_to_market_lf_minus_size+impact60+book_to_market_lf_plus_impact+ltmom_exhigh252_21,add-6th,"[0.01024, 0.01579, 0.03726, 0.01692, 0.0154, 0.0109]"
0.20181597686595396,0.37540076739571526,0.9662828482821273,0.6065807456886484,21.928424496979183,0.14575438191787296,1.115783232557917,24.09425823149394,0.022524046043742914,size_only+t10_size_plus_impact_bm+book_to_market_lf_minus_size+impact60+book_to_market_lf_plus_impact+value_bm+growth_roe,add-6th,"[0.01024, 0.01579, 0.03726, 0.01692, 0.0154, 0.00127]"
0.221303394605197,0.4284741673140297,0.9133885508903511,0.6052514853816078,21.88333664990979,0.1474537153863329,1.0920918341205488,26.00436568546951,0.02570845003884178,t10_size_plus_impact_bm+book_to_market_lf_minus_size+impact60+book_to_market_lf_plus_impact+book_to_market_lf_div_oper_main_profit_ttm+growth_roe,replace-SIZE,"[0.01579, 0.03726, 0.01692, 0.0154, 0.00317]"
0.21408796643115627,0.3810882710238093,0.9521603116576244,0.6046706283904955,22.45803577780637,0.1435550030620631,1.1189937401611065,26.500159767338218,0.02286529626142856,size_only+t10_size_plus_impact_bm+book_to_market_lf_minus_size+impact60+book_to_market_lf_plus_impact+paper_composite+quality_net_margin_tsrank378,add-6th,"[0.01024, 0.01579, 0.03726, 0.01692, 0.0154, 0.00716]"
0.24847979119291397,0.3804243946832043,0.9367237665088687,0.6043701913066952,21.53761312012726,0.1361958028185043,1.1049010532514132,24.288508397362396,0.02282546368099226,size_only+t10_size_plus_impact_bm+book_to_market_lf_minus_size+impact60+book_to_market_lf_plus_impact+value_bm,replace-SIZE,"[0.01579, 0.03726, 0.01692, 0.0154, 0.01404]"
0.2438393193974855,0.36876840782437864,0.9455153174065922,0.6033186994509961,21.413644224460317,0.13383701417228866,1.117326776523793,24.055948098576597,0.02212610446946272,t10_size_plus_impact_bm+book_to_market_lf_minus_size+impact60+book_to_market_lf_plus_impact+impact_abs_return60+paper_composite_nomcap,replace-SIZE,"[0.01579, 0.03726, 0.01692, 0.0154, 0.01218]"
0.21527400890243062,0.3963127829070262,0.9364009115651067,0.6031446860022434,21.931452152853034,0.13718537813794407,1.11345715961599,25.814219562208983,0.02377876697442157,size_only+t10_size_plus_impact_bm+book_to_market_lf_minus_size+impact60+book_to_market_lf_plus_impact+paper_composite+growth_revenue,add-6th,"[0.01024, 0.01579, 0.03726, 0.01692, 0.0154, 0.00773]"
0.23271662881791674,0.3907856776038533,0.9298185611549922,0.6017366654446785,21.153998172783712,0.14664412332643564,1.115445926803919,24.225031006591212,0.023447140656231196,t10_size_plus_impact_bm+book_to_market_lf_minus_size+impact60+book_to_market_lf_plus_impact+paper_composite+growth_revenue,replace-SIZE,"[0.01579, 0.03726, 0.01692, 0.0154, 0.00773]"
0.21229752078239794,0.35067787576977366,0.9691306238622998,0.6013055414139352,22.8984351891159,0.13844225626882445,1.1185598734090105,26.57775732543324,0.02104067254618642,size_only+t10_size_plus_impact_bm+book_to_market_lf_minus_size+impact60+book_to_market_lf_plus_impact+paper_composite+ev_ebitda_proxy,add-6th,"[0.01024, 0.01579, 0.03726, 0.01692, 0.0154, 0.0063]"
0.23297588445747625,0.3804243946832043,0.9367237665088687,0.6012694099596076,21.53761312012726,0.1361958028185043,1.1049010532514132,24.288508397362396,0.02282546368099226,size_only+t10_size_plus_impact_bm+book_to_market_lf_minus_size+impact60+book_to_market_lf_plus_impact+value_bm,add-6th,"[0.01024, 0.01579, 0.03726, 0.01692, 0.0154, 0.01623]"
0.250947179382374,0.38184427814626737,0.9257286637284314,0.6004128319054625,21.390568588484857,0.136122773573337,1.1086694305060376,24.780142254810634,0.02291065668877604,t10_size_plus_impact_bm+book_to_market_lf_minus_size+impact60+book_to_market_lf_plus_impact+paper_composite_nomcap+f_i10_01,replace-SIZE,"[0.01579, 0.03726, 0.01692, 0.0154, 0.01503]"
0.22840997754826167,0.3804243946832043,0.9367237665088687,0.6003562285777647,21.53761312012726,0.1361958028185043,1.1049010532514132,24.288508397362396,0.02282546368099226,size_only+t10_size_plus_impact_bm+book_to_market_lf_minus_size+impact60+book_to_market_lf_plus_impact+value_bm,add-6th,"[0.01024, 0.01579, 0.03726, 0.01692, 0.0154, 0.01404]"
0.21831283221277709,0.3804243946832043,0.9367237665088687,0.5983367995106679,21.53761312012726,0.1361958028185043,1.1049010532514132,24.288508397362396,0.02282546368099226,size_only+t10_size_plus_impact_bm+book_to_market_lf_minus_size+impact60+book_to_market_lf_plus_impact+value_bm,add-6th,"[0.01024, 0.01579, 0.03726, 0.01692, 0.0154, 0.00919]"
0.21764216616502294,0.3804243946832043,0.9367237665088687,0.598202666301117,21.53761312012726,0.1361958028185043,1.1049010532514132,24.288508397362396,0.02282546368099226,size_only+t10_size_plus_impact_bm+book_to_market_lf_minus_size+impact60+book_to_market_lf_plus_impact+value_bm,add-6th,"[0.01024, 0.01579, 0.03726, 0.01692, 0.0154, 0.00887]"
0.25752805091709247,0.38133999165995663,0.9178357114283298,0.5980006774071517,21.308386769589248,0.14036182610181802,1.1049355950222999,24.858542780809,0.022880399499597397,t10_size_plus_impact_bm+book_to_market_lf_minus_size+impact60+book_to_market_lf_plus_impact+paper_composite,replace-SIZE,"[0.01579, 0.03726, 0.01692, 0.0154, 0.01766]"
0.25693602416090794,0.38133999165995663,0.9178357114283298,0.5978822720559148,21.308386769589248,0.14036182610181802,1.1049355950222999,24.858542780809,0.022880399499597397,t10_size_plus_impact_bm+book_to_market_lf_minus_size+impact60+book_to_market_lf_plus_impact+paper_composite,replace-SIZE,"[0.01579, 0.03726, 0.01692, 0.0154, 0.01742]"
0.2568743237808905,0.38133999165995663,0.9178357114283298,0.5978699319799112,21.308386769589248,0.14036182610181802,1.1049355950222999,24.858542780809,0.022880399499597397,t10_size_plus_impact_bm+book_to_market_lf_minus_size+impact60+book_to_market_lf_plus_impact+paper_composite,replace-SIZE,"[0.01579, 0.03726, 0.01692, 0.0154, 0.0174]"
0.24487216659928623,0.38180920756718195,0.9227197530788941,0.5978315448538732,21.837469747811358,0.15181637118567964,1.0992692508263686,24.97780195679391,0.022908552454030916,t10_size_plus_impact_bm+book_to_market_lf_minus_size+impact60+book_to_market_lf_plus_impact+ev_ebitda_proxy,replace-SIZE,"[0.01579, 0.03726, 0.01692, 0.0154, 0.0126]"
0.2506325051480802,0.38133999165995663,0.9178357114283298,0.5966215682533492,21.308386769589248,0.14036182610181802,1.1049355950222999,24.858542780809,0.022880399499597397,t10_size_plus_impact_bm+book_to_market_lf_minus_size+impact60+book_to_market_lf_plus_impact+paper_composite,replace-SIZE,"[0.01579, 0.03726, 0.01692, 0.0154, 0.0149]"
0.24862590981310573,0.38133999165995663,0.9178357114283298,0.5962202491863544,21.308386769589248,0.14036182610181802,1.1049355950222999,24.858542780809,0.022880399499597397,t10_size_plus_impact_bm+book_to_market_lf_minus_size+impact60+book_to_market_lf_plus_impact+paper_composite,replace-SIZE,"[0.01579, 0.03726, 0.01692, 0.0154, 0.0141]"
0.24774259804953647,0.38133999165995663,0.9178357114283298,0.5960435868336404,21.308386769589248,0.14036182610181802,1.1049355950222999,24.858542780809,0.022880399499597397,t10_size_plus_impact_bm+book_to_market_lf_minus_size+impact60+book_to_market_lf_plus_impact+paper_composite,replace-SIZE,"[0.01579, 0.03726, 0.01692, 0.0154, 0.01374]"
0.235901064594179,0.38180920756718195,0.9227197530788941,0.5960373244528518,21.837469747811358,0.15181637118567964,1.0992692508263686,24.97780195679391,0.022908552454030916,t10_size_plus_impact_bm+book_to_market_lf_minus_size+impact60+book_to_market_lf_plus_impact+ev_ebitda_proxy,replace-SIZE,"[0.01579, 0.03726, 0.01692, 0.0154, 0.00901]"
0.23491128116150173,0.38180920756718195,0.9227197530788941,0.5958393677663163,21.837469747811358,0.15181637118567964,1.0992692508263686,24.97780195679391,0.022908552454030916,t10_size_plus_impact_bm+book_to_market_lf_minus_size+impact60+book_to_market_lf_plus_impact+ev_ebitda_proxy,replace-SIZE,"[0.01579, 0.03726, 0.01692, 0.0154, 0.00861]"
0.20576298039183083,0.40082272398961016,0.9160615204492005,0.5936682336768699,22.509611241327512,0.1386145928761036,1.0937417151164757,27.520620923929616,0.02404936343937661,size_only+t10_size_plus_impact_bm+book_to_market_lf_minus_size+impact60+book_to_market_lf_plus_impact+book_to_market_lf_div_oper_main_profit_ttm+growth_roe,add-6th,"[0.01024, 0.01579, 0.03726, 0.01692, 0.0154, 0.00317]"
0.2549809524253125,0.386629666026002,0.9032938867931877,0.5927988226510976,22.028842374484796,0.12859428449449312,1.092844580960579,27.051238753202423,0.02319777996156012,t10_size_plus_impact_bm+book_to_market_lf_minus_size+impact60+book_to_market_lf_plus_impact+impact_abs_return60+book_to_market_lf_div_oper_main_profit_ttm,replace-SIZE,"[0.01579, 0.03726, 0.01692, 0.0154, 0.01664]"
0.22838344145036335,0.46899332445165404,0.8508198718924448,0.5926932941997518,20.737567411592607,0.15834728761884448,1.0949378995528154,23.999698537008086,0.028139599467099242,size_only+t10_size_plus_impact_bm+book_to_market_lf_minus_size+impact60+book_to_market_lf_plus_impact+turn_bias+value_bm,add-6th,"[0.01024, 0.01579, 0.03726, 0.01692, 0.0154, 0.01403]"
0.253636952714154,0.386629666026002,0.9032938867931877,0.5925300227088659,22.028842374484796,0.12859428449449312,1.092844580960579,27.051238753202423,0.02319777996156012,t10_size_plus_impact_bm+book_to_market_lf_minus_size+impact60+book_to_market_lf_plus_impact+impact_abs_return60+book_to_market_lf_div_oper_main_profit_ttm,replace-SIZE,"[0.01579, 0.03726, 0.01692, 0.0154, 0.0161]"
0.24454381513906073,0.3733742432905908,0.9171495044030591,0.5923070251608955,22.81121329826584,0.12419945472211462,1.097296230739252,28.371764355556316,0.022402454597435447,size_only+t10_size_plus_impact_bm+book_to_market_lf_minus_size+impact60+book_to_market_lf_plus_impact+impact_abs_return60+book_to_market_lf_div_oper_main_profit_ttm,replace-SIZE,"[0.01579, 0.03726, 0.01692, 0.0154, 0.01246]"
0.2502267117783217,0.386629666026002,0.9032938867931877,0.5918479745216996,22.028842374484796,0.12859428449449312,1.092844580960579,27.051238753202423,0.02319777996156012,t10_size_plus_impact_bm+book_to_market_lf_minus_size+impact60+book_to_market_lf_plus_impact+impact_abs_return60+book_to_market_lf_div_oper_main_profit_ttm,replace-SIZE,"[0.01579, 0.03726, 0.01692, 0.0154, 0.01474]"
0.24381143639343647,0.386629666026002,0.9032938867931877,0.5905649194447224,22.028842374484796,0.12859428449449312,1.092844580960579,27.051238753202423,0.02319777996156012,t10_size_plus_impact_bm+book_to_market_lf_minus_size+impact60+book_to_market_lf_plus_impact+impact_abs_return60+book_to_market_lf_div_oper_main_profit_ttm,replace-SIZE,"[0.01579, 0.03726, 0.01692, 0.0154, 0.01217]"
0.23382761190859375,0.3733742432905908,0.9171495044030591,0.5901637845148021,22.81121329826584,0.12419945472211462,1.097296230739252,28.371764355556316,0.022402454597435447,size_only+t10_size_plus_impact_bm+book_to_market_lf_minus_size+impact60+book_to_market_lf_plus_impact+impact_abs_return60+book_to_market_lf_div_oper_main_profit_ttm,add-6th,"[0.01024, 0.01579, 0.03726, 0.01692, 0.0154, 0.01664]"
0.23270761214929503,0.3733742432905908,0.9171495044030591,0.5899397845629424,22.81121329826584,0.12419945472211462,1.097296230739252,28.371764355556316,0.022402454597435447,size_only+t10_size_plus_impact_bm+book_to_market_lf_minus_size+impact60+book_to_market_lf_plus_impact+impact_abs_return60+book_to_market_lf_div_oper_main_profit_ttm,add-6th,"[0.01024, 0.01579, 0.03726, 0.01692, 0.0154, 0.0161]"
0.22986574470276813,0.3733742432905908,0.9171495044030591,0.589371411073637,22.81121329826584,0.12419945472211462,1.097296230739252,28.371764355556316,0.022402454597435447,size_only+t10_size_plus_impact_bm+book_to_market_lf_minus_size+impact60+book_to_market_lf_plus_impact+impact_abs_return60+book_to_market_lf_div_oper_main_profit_ttm,add-6th,"[0.01024, 0.01579, 0.03726, 0.01692, 0.0154, 0.01474]"
0.24521956208215473,0.37642099924741546,0.9076132728680912,0.5892172349436674,21.403744384749054,0.1371715248100311,1.100855333555716,25.554057980892342,0.022585259954844925,size_only+t10_size_plus_impact_bm+book_to_market_lf_minus_size+impact60+book_to_market_lf_plus_impact+paper_composite_nomcap,replace-SIZE,"[0.01579, 0.03726, 0.01692, 0.0154, 0.01273]"
0.20224924954524687,0.3891109378664436,0.9160411530141465,0.5888571970186705,21.01246953899027,0.1416559074221398,1.1013730444283338,23.959552670327653,0.023346656271986614,size_only+t10_size_plus_impact_bm+book_to_market_lf_minus_size+impact60+book_to_market_lf_plus_impact+value_bm+growth_revenue,add-6th,"[0.01024, 0.01579, 0.03726, 0.01692, 0.0154, 0.00148]"
0.22512999750338397,0.3733742432905908,0.9171495044030591,0.5884242616337602,22.81121329826584,0.12419945472211462,1.097296230739252,28.371764355556316,0.022402454597435447,size_only+t10_size_plus_impact_bm+book_to_market_lf_minus_size+impact60+book_to_market_lf_plus_impact+impact_abs_return60+book_to_market_lf_div_oper_main_profit_ttm,add-6th,"[0.01024, 0.01579, 0.03726, 0.01692, 0.0154, 0.01246]"
0.22451968188203042,0.3733742432905908,0.9171495044030591,0.5883021985094895,22.81121329826584,0.12419945472211462,1.097296230739252,28.371764355556316,0.022402454597435447,size_only+t10_size_plus_impact_bm+book_to_market_lf_minus_size+impact60+book_to_market_lf_plus_impact+impact_abs_return60+book_to_market_lf_div_oper_main_profit_ttm,add-6th,"[0.01024, 0.01579, 0.03726, 0.01692, 0.0154, 0.01217]"
0.20827724753842855,0.3757580215696806,0.9216990626660023,0.5879353352567749,21.39836474938094,0.12983807913657047,1.1094367338998257,25.096563633874602,0.022545481294180835,size_only+t10_size_plus_impact_bm+book_to_market_lf_minus_size+impact60+book_to_market_lf_plus_impact+value_bm+ltmom_exhigh252_21,add-6th,"[0.01024, 0.01579, 0.03726, 0.01692, 0.0154, 0.00438]"
0.2271336674293477,0.38090451713916706,0.9089544779074604,0.5877728295429352,22.785291776809956,0.12567525589454104,1.0917912683814115,28.52593567799524,0.022854271028350023,size_only+t10_size_plus_impact_bm+book_to_market_lf_minus_size+impact60+book_to_market_lf_plus_impact+book_to_market_lf_div_oper_main_profit_ttm+f_i10_01,add-6th,"[0.01024, 0.01579, 0.03726, 0.01692, 0.0154, 0.01343]"
0.2300845124857944,0.37642099924741546,0.9076132728680912,0.5861902250243953,21.403744384749054,0.1371715248100311,1.100855333555716,25.554057980892342,0.022585259954844925,size_only+t10_size_plus_impact_bm+book_to_market_lf_minus_size+impact60+book_to_market_lf_plus_impact+paper_composite_nomcap,add-6th,"[0.01024, 0.01579, 0.03726, 0.01692, 0.0154, 0.01484]"
0.25163577457509745,0.3700262244316879,0.9023953547868795,0.585914243120206,21.891047331236113,0.12521799156055832,1.0928244875912498,26.752263844576508,0.022201573465901275,t10_size_plus_impact_bm+book_to_market_lf_minus_size+impact60+book_to_market_lf_plus_impact+impact_abs_return60+book_to_market_lf_div_oper_main_profit_ttm+paper_composite,replace-SIZE,"[0.01579, 0.03726, 0.01692, 0.0154, 0.0153]"
0.22569311995596228,0.37642099924741546,0.9076132728680912,0.5853119465184289,21.403744384749054,0.1371715248100311,1.100855333555716,25.554057980892342,0.022585259954844925,size_only+t10_size_plus_impact_bm+book_to_market_lf_minus_size+impact60+book_to_market_lf_plus_impact+paper_composite_nomcap,add-6th,"[0.01024, 0.01579, 0.03726, 0.01692, 0.0154, 0.01273]"
0.23766417301016124,0.3856050028242537,0.895137237360282,0.5853063424026479,20.98046416577233,0.1309648961490996,1.10883943181283,25.617213129442153,0.02313630016945522,t10_size_plus_impact_bm+book_to_market_lf_minus_size+impact60+book_to_market_lf_plus_impact+paper_composite+ltmom_exhigh252_21,replace-SIZE,"[0.01579, 0.03726, 0.01692, 0.0154, 0.00971]"
0.24694821905021724,0.39726980306416515,0.8795586638683836,0.5842354736232738,21.877078352964904,0.13021790342358044,1.0821871921591866,27.606500905272025,0.02383618818384991,t10_size_plus_impact_bm+book_to_market_lf_minus_size+impact60+book_to_market_lf_plus_impact+book_to_market_lf_div_oper_main_profit_ttm+f_i10_01,replace-SIZE,"[0.01579, 0.03726, 0.01692, 0.0154, 0.01343]"
0.2469713274365747,0.37302962947743024,0.8981706875652953,0.5841314452087984,20.66743055814449,0.13165480751445544,1.0970767665876868,23.914156421415832,0.022381777768645812,t10_size_plus_impact_bm+book_to_market_lf_minus_size+impact60+book_to_market_lf_plus_impact+impact_abs_return60+value_bm,replace-SIZE,"[0.01579, 0.03726, 0.01692, 0.0154, 0.01344]"
0.21680892235118876,0.37642099924741546,0.9076132728680912,0.5835351069974742,21.403744384749054,0.1371715248100311,1.100855333555716,25.554057980892342,0.022585259954844925,size_only+t10_size_plus_impact_bm+book_to_market_lf_minus_size+impact60+book_to_market_lf_plus_impact+paper_composite_nomcap,add-6th,"[0.01024, 0.01579, 0.03726, 0.01692, 0.0154, 0.00847]"
0.2166433245210321,0.37642099924741546,0.9076132728680912,0.5835019874314429,21.403744384749054,0.1371715248100311,1.100855333555716,25.554057980892342,0.022585259954844925,size_only+t10_size_plus_impact_bm+book_to_market_lf_minus_size+impact60+book_to_market_lf_plus_impact+paper_composite_nomcap,add-6th,"[0.01024, 0.01579, 0.03726, 0.01692, 0.0154, 0.00839]"
0.22046818061928597,0.4398264785795066,0.856511786781878,0.5834632076785295,20.822997315443697,0.14448418871732693,1.0736951434669686,25.868735578418654,0.026389588714770394,t10_size_plus_impact_bm+book_to_market_lf_minus_size+impact60+book_to_market_lf_plus_impact+book_to_market_lf_div_oper_main_profit_ttm+growth_revenue,replace-SIZE,"[0.01579, 0.03726, 0.01692, 0.0154, 0.00283]"
0.20610336311094377,0.39691997948134883,0.8959884500327503,0.5833374679553985,22.194673233150468,0.13956751251479807,1.0877687664976365,27.66498573199233,0.02381519876888093,size_only+t10_size_plus_impact_bm+book_to_market_lf_minus_size+impact60+book_to_market_lf_plus_impact+book_to_market_lf_div_oper_main_profit_ttm+quality_net_margin_tsrank378,add-6th,"[0.01024, 0.01579, 0.03726, 0.01692, 0.0154, 0.00333]"
0.24595590703788697,0.40953082663557,0.8681774125203886,0.5832068063642017,20.285295519743343,0.15161818837156366,1.095166909391377,24.08199919237084,0.024571849598134198,t10_size_plus_impact_bm+book_to_market_lf_minus_size+impact60+book_to_market_lf_plus_impact+cash_conversion,replace-SIZE,"[0.01579, 0.03726, 0.01692, 0.0154, 0.01303]"
0.25517786099426276,0.37265036757953607,0.8911390049960779,0.5824757530999252,21.697080021134614,0.1327434792444876,1.0924325260378727,26.938307609052337,0.02235902205477216,size_only+t10_size_plus_impact_bm+book_to_market_lf_minus_size+impact60+book_to_market_lf_plus_impact+paper_composite,replace-SIZE,"[0.01579, 0.03726, 0.01692, 0.0154, 0.01672]"
0.2532231822581585,0.37265036757953607,0.8911390049960779,0.5820848173527043,21.697080021134614,0.1327434792444876,1.0924325260378727,26.938307609052337,0.02235902205477216,size_only+t10_size_plus_impact_bm+book_to_market_lf_minus_size+impact60+book_to_market_lf_plus_impact+paper_composite,replace-SIZE,"[0.01579, 0.03726, 0.01692, 0.0154, 0.01594]"
0.23951058756785445,0.40953082663557,0.8681774125203886,0.5819177424701952,20.285295519743343,0.15161818837156366,1.095166909391377,24.08199919237084,0.024571849598134198,t10_size_plus_impact_bm+book_to_market_lf_minus_size+impact60+book_to_market_lf_plus_impact+cash_conversion,replace-SIZE,"[0.01579, 0.03726, 0.01692, 0.0154, 0.01045]"
0.23457454036349173,0.4530223317578067,0.8362912360834737,0.5818037804254939,19.86438953938271,0.15804037774948076,1.099743736357433,22.832844393299702,0.0271813399054684,t10_size_plus_impact_bm+book_to_market_lf_minus_size+impact60+book_to_market_lf_plus_impact+quality_roic,replace-SIZE,"[0.01579, 0.03726, 0.01692, 0.0154, 0.00848]"
0.2375513663310245,0.40953082663557,0.8681774125203886,0.5815258982228293,20.285295519743343,0.15161818837156366,1.095166909391377,24.08199919237084,0.024571849598134198,t10_size_plus_impact_bm+book_to_market_lf_minus_size+impact60+book_to_market_lf_plus_impact+cash_conversion,replace-SIZE,"[0.01579, 0.03726, 0.01692, 0.0154, 0.00967]"
0.22253369299192496,0.3978751899598479,0.8839117826425386,0.5815233572734742,19.86152914501485,0.14618325726659057,1.103396279213818,22.83324828716854,0.023872511397590872,t10_size_plus_impact_bm+book_to_market_lf_minus_size+impact60+book_to_market_lf_plus_impact+paper_composite+quality_roic,replace-SIZE,"[0.01579, 0.03726, 0.01692, 0.0154, 0.00366]"
0.250206117401171,0.37265036757953607,0.8911390049960779,0.5814814043813069,21.697080021134614,0.1327434792444876,1.0924325260378727,26.938307609052337,0.02235902205477216,size_only+t10_size_plus_impact_bm+book_to_market_lf_minus_size+impact60+book_to_market_lf_plus_impact+paper_composite,replace-SIZE,"[0.01579, 0.03726, 0.01692, 0.0154, 0.01473]"
0.23133427155596623,0.4530223317578067,0.8362912360834737,0.5811557266639887,19.86438953938271,0.15804037774948076,1.099743736357433,22.832844393299702,0.0271813399054684,t10_size_plus_impact_bm+book_to_market_lf_minus_size+impact60+book_to_market_lf_plus_impact+quality_roic,replace-SIZE,"[0.01579, 0.03726, 0.01692, 0.0154, 0.00718]"
0.2313315844033642,0.4530223317578067,0.8362912360834737,0.5811551892334683,19.86438953938271,0.15804037774948076,1.099743736357433,22.832844393299702,0.0271813399054684,t10_size_plus_impact_bm+book_to_market_lf_minus_size+impact60+book_to_market_lf_plus_impact+quality_roic,replace-SIZE,"[0.01579, 0.03726, 0.01692, 0.0154, 0.00718]"
0.2476371480919827,0.37265036757953607,0.8911390049960779,0.5809676105194692,21.697080021134614,0.1327434792444876,1.0924325260378727,26.938307609052337,0.02235902205477216,size_only+t10_size_plus_impact_bm+book_to_market_lf_minus_size+impact60+book_to_market_lf_plus_impact+paper_composite,replace-SIZE,"[0.01579, 0.03726, 0.01692, 0.0154, 0.0137]"
0.21656699037414473,0.3861589417122509,0.8942391420154483,0.5808766415810684,19.836707036253344,0.15001412127689426,1.0925592048568078,21.4360970321709,0.023169536502735052,t10_size_plus_impact_bm+book_to_market_lf_minus_size+impact60+book_to_market_lf_plus_impact+value_bm+growth_roe,replace-SIZE,"[0.01579, 0.03726, 0.01692, 0.0154, 0.00127]"
0.205066968736905,0.40464518209444583,0.8840746362497112,0.580472793792807,21.7861391149885,0.13574223927305437,1.0840476086709239,27.18310045124387,0.02427871092566675,size_only+t10_size_plus_impact_bm+book_to_market_lf_minus_size+impact60+book_to_market_lf_plus_impact+book_to_market_lf_div_oper_main_profit_ttm+growth_revenue,add-6th,"[0.01024, 0.01579, 0.03726, 0.01692, 0.0154, 0.00283]"
0.23406658641198147,0.36318767820373976,0.902046044115508,0.5798497245056838,22.291639916674484,0.12700345214719244,1.0954958257675766,27.92600378547866,0.021791260692224385,size_only+t10_size_plus_impact_bm+book_to_market_lf_minus_size+impact60+book_to_market_lf_plus_impact+paper_composite+f_i10_01,add-6th,"[0.01024, 0.01579, 0.03726, 0.01692, 0.0154, 0.01675]"
0.25048923311795324,0.3721161872651716,0.8870089736008774,0.5794925502867956,20.130176506309105,0.14276758953362256,1.0947337862829722,22.957495860008137,0.022326971235910296,t10_size_plus_impact_bm+book_to_market_lf_minus_size+impact60+book_to_market_lf_plus_impact+paper_composite_nomcap,replace-SIZE,"[0.01579, 0.03726, 0.01692, 0.0154, 0.01484]"
0.23595019398507708,0.37265036757953607,0.8911390049960779,0.5786302196980881,21.697080021134614,0.1327434792444876,1.0924325260378727,26.938307609052337,0.02235902205477216,size_only+t10_size_plus_impact_bm+book_to_market_lf_minus_size+impact60+book_to_market_lf_plus_impact+paper_composite,add-6th,"[0.01024, 0.01579, 0.03726, 0.01692, 0.0154, 0.01766]"
0.23545683835492337,0.37265036757953607,0.8911390049960779,0.5785315485720574,21.697080021134614,0.1327434792444876,1.0924325260378727,26.938307609052337,0.02235902205477216,size_only+t10_size_plus_impact_bm+book_to_market_lf_minus_size+impact60+book_to_market_lf_plus_impact+paper_composite,add-6th,"[0.01024, 0.01579, 0.03726, 0.01692, 0.0154, 0.01742]"
0.2354054213715754,0.37265036757953607,0.8911390049960779,0.5785212651753877,21.697080021134614,0.1327434792444876,1.0924325260378727,26.938307609052337,0.02235902205477216,size_only+t10_size_plus_impact_bm+book_to_market_lf_minus_size+impact60+book_to_market_lf_plus_impact+paper_composite,add-6th,"[0.01024, 0.01579, 0.03726, 0.01692, 0.0154, 0.0174]"
0.23046613437281172,0.3746957915821743,0.8913061722397514,0.5783245314362115,21.607380663007625,0.12954213123891173,1.0945840587559326,26.804902372643934,0.022481747494930458,size_only+t10_size_plus_impact_bm+book_to_market_lf_minus_size+impact60+book_to_market_lf_plus_impact+paper_composite_nomcap+f_i10_01,add-6th,"[0.01024, 0.01579, 0.03726, 0.01692, 0.0154, 0.01503]"
0.23399170238271896,0.37265036757953607,0.8911390049960779,0.5782385213776164,21.697080021134614,0.1327434792444876,1.0924325260378727,26.938307609052337,0.02235902205477216,size_only+t10_size_plus_impact_bm+book_to_market_lf_minus_size+impact60+book_to_market_lf_plus_impact+paper_composite,add-6th,"[0.01024, 0.01579, 0.03726, 0.01692, 0.0154, 0.01672]"
0.23236280343596544,0.37265036757953607,0.8911390049960779,0.5779127415882658,21.697080021134614,0.1327434792444876,1.0924325260378727,26.938307609052337,0.02235902205477216,size_only+t10_size_plus_impact_bm+book_to_market_lf_minus_size+impact60+book_to_market_lf_plus_impact+paper_composite,add-6th,"[0.01024, 0.01579, 0.03726, 0.01692, 0.0154, 0.01594]"
0.23020390584423356,0.37265036757953607,0.8911390049960779,0.5774809620699194,21.697080021134614,0.1327434792444876,1.0924325260378727,26.938307609052337,0.02235902205477216,size_only+t10_size_plus_impact_bm+book_to_market_lf_minus_size+impact60+book_to_market_lf_plus_impact+paper_composite,add-6th,"[0.01024, 0.01579, 0.03726, 0.01692, 0.0154, 0.0149]"
0.21939696239596773,0.3696037468506738,0.8981801514656167,0.577421772036457,21.809553712824126,0.12508825548076463,1.1049304429694309,27.425457179461144,0.022176224811040427,size_only+t10_size_plus_impact_bm+book_to_market_lf_minus_size+impact60+book_to_market_lf_plus_impact+paper_composite+ltmom_exhigh252_21,add-6th,"[0.01024, 0.01579, 0.03726, 0.01692, 0.0154, 0.00971]"
0.22984858272180916,0.37265036757953607,0.8911390049960779,0.5774098974454345,21.697080021134614,0.1327434792444876,1.0924325260378727,26.938307609052337,0.02235902205477216,size_only+t10_size_plus_impact_bm+book_to_market_lf_minus_size+impact60+book_to_market_lf_plus_impact+paper_composite,add-6th,"[0.01024, 0.01579, 0.03726, 0.01692, 0.0154, 0.01473]"
0.22853174306508814,0.37265036757953607,0.8911390049960779,0.5771465295140903,21.697080021134614,0.1327434792444876,1.0924325260378727,26.938307609052337,0.02235902205477216,size_only+t10_size_plus_impact_bm+book_to_market_lf_minus_size+impact60+book_to_market_lf_plus_impact+paper_composite,add-6th,"[0.01024, 0.01579, 0.03726, 0.01692, 0.0154, 0.0141]"
0.22779564992878046,0.37265036757953607,0.8911390049960779,0.5769993108868288,21.697080021134614,0.1327434792444876,1.0924325260378727,26.938307609052337,0.02235902205477216,size_only+t10_size_plus_impact_bm+book_to_market_lf_minus_size+impact60+book_to_market_lf_plus_impact+paper_composite,add-6th,"[0.01024, 0.01579, 0.03726, 0.01692, 0.0154, 0.01374]"
0.22770777496415232,0.37265036757953607,0.8911390049960779,0.5769817358939031,21.697080021134614,0.1327434792444876,1.0924325260378727,26.938307609052337,0.02235902205477216,size_only+t10_size_plus_impact_bm+book_to_market_lf_minus_size+impact60+book_to_market_lf_plus_impact+paper_composite,add-6th,"[0.01024, 0.01579, 0.03726, 0.01692, 0.0154, 0.0137]"
0.23455852495642648,0.3721161872651716,0.8870089736008774,0.5763064086544902,20.130176506309105,0.14276758953362256,1.0947337862829722,22.957495860008137,0.022326971235910296,t10_size_plus_impact_bm+book_to_market_lf_minus_size+impact60+book_to_market_lf_plus_impact+paper_composite_nomcap,replace-SIZE,"[0.01579, 0.03726, 0.01692, 0.0154, 0.00847]"
0.2343598075602385,0.3721161872651716,0.8870089736008774,0.5762666651752526,20.130176506309105,0.14276758953362256,1.0947337862829722,22.957495860008137,0.022326971235910296,t10_size_plus_impact_bm+book_to_market_lf_minus_size+impact60+book_to_market_lf_plus_impact+paper_composite_nomcap,replace-SIZE,"[0.01579, 0.03726, 0.01692, 0.0154, 0.00839]"
0.23103996370008126,0.3597647951054876,0.8979039909134379,0.5761824669379839,22.28273526457526,0.12091950077055987,1.090783145933818,27.92000434087076,0.021585887706329254,size_only+t10_size_plus_impact_bm+book_to_market_lf_minus_size+impact60+book_to_market_lf_plus_impact+impact_abs_return60+book_to_market_lf_div_oper_main_profit_ttm+paper_composite,add-6th,"[0.01024, 0.01579, 0.03726, 0.01692, 0.0154, 0.0153]"
0.23085260677633573,0.39839848253184484,0.8678128491149181,0.5761257723431259,21.26024935849855,0.1307805901581368,1.0844055476461332,26.871204257868055,0.02390390895191069,t10_size_plus_impact_bm+book_to_market_lf_minus_size+impact60+book_to_market_lf_plus_impact+book_to_market_lf_div_oper_main_profit_ttm+ltmom_exhigh252_21,replace-SIZE,"[0.01579, 0.03726, 0.01692, 0.0154, 0.00699]"
0.21294424151673544,0.3779282671527023,0.8914909622240101,0.5760346748075975,21.18026967630105,0.13486402665636926,1.0999435686276926,25.93407066656146,0.022675696029162137,size_only+t10_size_plus_impact_bm+book_to_market_lf_minus_size+impact60+book_to_market_lf_plus_impact+paper_composite+cash_conversion,add-6th,"[0.01024, 0.01579, 0.03726, 0.01692, 0.0154, 0.00662]"
0.20678822904743752,0.4008536703784736,0.8715034588749271,0.5738329869356704,20.58108010503943,0.13798376531201484,1.0927401461288653,25.20668090101377,0.024051220222708412,size_only+t10_size_plus_impact_bm+book_to_market_lf_minus_size+impact60+book_to_market_lf_plus_impact+paper_composite+quality_roic,add-6th,"[0.01024, 0.01579, 0.03726, 0.01692, 0.0154, 0.00366]"
0.2065902459868442,0.3767229573290368,0.88967059428105,0.5735228516890042,21.192775209560068,0.1271485550400192,1.105364452967135,26.36583220078984,0.02260337743974221,size_only+t10_size_plus_impact_bm+book_to_market_lf_minus_size+impact60+book_to_market_lf_plus_impact+paper_composite_nomcap+ltmom_exhigh252_21,add-6th,"[0.01024, 0.01579, 0.03726, 0.01692, 0.0154, 0.00357]"
0.2217118538681325,0.414714864811072,0.8502883901832727,0.5721223490399745,20.827818905020674,0.146877662420867,1.0681256716608845,26.002089745599577,0.02488289188866432,t10_size_plus_impact_bm+book_to_market_lf_minus_size+impact60+book_to_market_lf_plus_impact+book_to_market_lf_div_oper_main_profit_ttm+quality_net_margin_tsrank378,replace-SIZE,"[0.01579, 0.03726, 0.01692, 0.0154, 0.00333]"
0.2537709332156122,0.38738449537211533,0.8522749627051585,0.5698624932406842,21.652487364053453,0.1314496924018215,1.0670216792954759,27.999602615777697,0.02324306972232692,size_only+t10_size_plus_impact_bm+book_to_market_lf_minus_size+impact60+book_to_market_lf_plus_impact+book_to_market_lf_div_oper_main_profit_ttm,replace-SIZE,"[0.01579, 0.03726, 0.01692, 0.0154, 0.01616]"
0.25920502249005695,0.40941346357455505,0.8312959331691516,0.5692188866752239,20.796260754453368,0.13738990793508213,1.0589401426874996,26.710675802563134,0.024564807814473302,t10_size_plus_impact_bm+book_to_market_lf_minus_size+impact60+book_to_market_lf_plus_impact+book_to_market_lf_div_oper_main_profit_ttm,replace-SIZE,"[0.01579, 0.03726, 0.01692, 0.0154, 0.01833]"
0.25859030874412026,0.40941346357455505,0.8312959331691516,0.5690959439260366,20.796260754453368,0.13738990793508213,1.0589401426874996,26.710675802563134,0.024564807814473302,t10_size_plus_impact_bm+book_to_market_lf_minus_size+impact60+book_to_market_lf_plus_impact+book_to_market_lf_div_oper_main_profit_ttm,replace-SIZE,"[0.01579, 0.03726, 0.01692, 0.0154, 0.01808]"
0.24944584468498976,0.38738449537211533,0.8522749627051585,0.5689974755345596,21.652487364053453,0.1314496924018215,1.0670216792954759,27.999602615777697,0.02324306972232692,size_only+t10_size_plus_impact_bm+book_to_market_lf_minus_size+impact60+book_to_market_lf_plus_impact+book_to_market_lf_div_oper_main_profit_ttm,replace-SIZE,"[0.01579, 0.03726, 0.01692, 0.0154, 0.01443]"
0.2493552418836877,0.38738449537211533,0.8522749627051585,0.5689793549742992,21.652487364053453,0.1314496924018215,1.0670216792954759,27.999602615777697,0.02324306972232692,size_only+t10_size_plus_impact_bm+book_to_market_lf_minus_size+impact60+book_to_market_lf_plus_impact+book_to_market_lf_div_oper_main_profit_ttm,replace-SIZE,"[0.01579, 0.03726, 0.01692, 0.0154, 0.01439]"
0.251581643033533,0.40941346357455505,0.8312959331691516,0.5676942107839191,20.796260754453368,0.13738990793508213,1.0589401426874996,26.710675802563134,0.024564807814473302,t10_size_plus_impact_bm+book_to_market_lf_minus_size+impact60+book_to_market_lf_plus_impact+book_to_market_lf_div_oper_main_profit_ttm,replace-SIZE,"[0.01579, 0.03726, 0.01692, 0.0154, 0.01528]"
0.25155498820664846,0.40941346357455505,0.8312959331691516,0.5676888798185422,20.796260754453368,0.13738990793508213,1.0589401426874996,26.710675802563134,0.024564807814473302,t10_size_plus_impact_bm+book_to_market_lf_minus_size+impact60+book_to_market_lf_plus_impact+book_to_market_lf_div_oper_main_profit_ttm,replace-SIZE,"[0.01579, 0.03726, 0.01692, 0.0154, 0.01527]"
0.2510918157184063,0.40941346357455505,0.8312959331691516,0.5675962453208937,20.796260754453368,0.13738990793508213,1.0589401426874996,26.710675802563134,0.024564807814473302,t10_size_plus_impact_bm+book_to_market_lf_minus_size+impact60+book_to_market_lf_plus_impact+book_to_market_lf_div_oper_main_profit_ttm,replace-SIZE,"[0.01579, 0.03726, 0.01692, 0.0154, 0.01508]"
0.24958473460685227,0.40941346357455505,0.8312959331691516,0.5672948290985829,20.796260754453368,0.13738990793508213,1.0589401426874996,26.710675802563134,0.024564807814473302,t10_size_plus_impact_bm+book_to_market_lf_minus_size+impact60+book_to_market_lf_plus_impact+book_to_market_lf_div_oper_main_profit_ttm,replace-SIZE,"[0.01579, 0.03726, 0.01692, 0.0154, 0.01448]"
0.2291448430738775,0.35137702649748603,0.885207492753951,0.5671542996281735,20.886540996942333,0.14264925478913867,1.0876820335943773,24.88557452482588,0.021082621589849162,t10_size_plus_impact_bm+book_to_market_lf_minus_size+impact60+book_to_market_lf_plus_impact+paper_composite+ev_ebitda_proxy,replace-SIZE,"[0.01579, 0.03726, 0.01692, 0.0154, 0.0063]"
0.23977842032196,0.38738449537211533,0.8522749627051585,0.5670639906619537,21.652487364053453,0.1314496924018215,1.0670216792954759,27.999602615777697,0.02324306972232692,size_only+t10_size_plus_impact_bm+book_to_market_lf_minus_size+impact60+book_to_market_lf_plus_impact+book_to_market_lf_div_oper_main_profit_ttm,replace-SIZE,"[0.01579, 0.03726, 0.01692, 0.0154, 0.01056]"
0.23734767029588086,0.38738449537211533,0.8522749627051585,0.5665778406567379,21.652487364053453,0.1314496924018215,1.0670216792954759,27.999602615777697,0.02324306972232692,size_only+t10_size_plus_impact_bm+book_to_market_lf_minus_size+impact60+book_to_market_lf_plus_impact+book_to_market_lf_div_oper_main_profit_ttm,add-6th,"[0.01024, 0.01579, 0.03726, 0.01692, 0.0154, 0.01833]"
0.20302488482192688,0.3514184329121202,0.8954587377005939,0.5665578604488948,21.206905312063874,0.13985215100245008,1.090499933419343,25.2523585028244,0.021085105974727212,size_only+t10_size_plus_impact_bm+book_to_market_lf_minus_size+impact60+book_to_market_lf_plus_impact+ev_ebitda_proxy+paper_composite_nomcap,add-6th,"[0.01024, 0.01579, 0.03726, 0.01692, 0.0154, 0.00185]"
0.23683540884093354,0.38738449537211533,0.8522749627051585,0.5664753883657484,21.652487364053453,0.1314496924018215,1.0670216792954759,27.999602615777697,0.02324306972232692,size_only+t10_size_plus_impact_bm+book_to_market_lf_minus_size+impact60+book_to_market_lf_plus_impact+book_to_market_lf_div_oper_main_profit_ttm,add-6th,"[0.01024, 0.01579, 0.03726, 0.01692, 0.0154, 0.01808]"
0.2328192625671769,0.38738449537211533,0.8522749627051585,0.565672159110997,21.652487364053453,0.1314496924018215,1.0670216792954759,27.999602615777697,0.02324306972232692,size_only+t10_size_plus_impact_bm+book_to_market_lf_minus_size+impact60+book_to_market_lf_plus_impact+book_to_market_lf_div_oper_main_profit_ttm,add-6th,"[0.01024, 0.01579, 0.03726, 0.01692, 0.0154, 0.01616]"
0.2042605201624271,0.35033874725065534,0.8930989289846214,0.5653651836132945,21.24629753674256,0.13807781308132866,1.0892191170671213,25.444831059585017,0.02102032483503932,size_only+t10_size_plus_impact_bm+book_to_market_lf_minus_size+impact60+book_to_market_lf_plus_impact+ev_ebitda_proxy+value_bm,add-6th,"[0.01024, 0.01579, 0.03726, 0.01692, 0.0154, 0.00245]"
0.23099485408211085,0.38738449537211533,0.8522749627051585,0.5653072774139838,21.652487364053453,0.1314496924018215,1.0670216792954759,27.999602615777697,0.02324306972232692,size_only+t10_size_plus_impact_bm+book_to_market_lf_minus_size+impact60+book_to_market_lf_plus_impact+book_to_market_lf_div_oper_main_profit_ttm,add-6th,"[0.01024, 0.01579, 0.03726, 0.01692, 0.0154, 0.01528]"
0.23097264172637377,0.38738449537211533,0.8522749627051585,0.5653028349428364,21.652487364053453,0.1314496924018215,1.0670216792954759,27.999602615777697,0.02324306972232692,size_only+t10_size_plus_impact_bm+book_to_market_lf_minus_size+impact60+book_to_market_lf_plus_impact+book_to_market_lf_div_oper_main_profit_ttm,add-6th,"[0.01024, 0.01579, 0.03726, 0.01692, 0.0154, 0.01527]"
0.23058666465283856,0.38738449537211533,0.8522749627051585,0.5652256395281294,21.652487364053453,0.1314496924018215,1.0670216792954759,27.999602615777697,0.02324306972232692,size_only+t10_size_plus_impact_bm+book_to_market_lf_minus_size+impact60+book_to_market_lf_plus_impact+book_to_market_lf_div_oper_main_profit_ttm,add-6th,"[0.01024, 0.01579, 0.03726, 0.01692, 0.0154, 0.01508]"
0.22933076372654357,0.38738449537211533,0.8522749627051585,0.5649744593428704,21.652487364053453,0.1314496924018215,1.0670216792954759,27.999602615777697,0.02324306972232692,size_only+t10_size_plus_impact_bm+book_to_market_lf_minus_size+impact60+book_to_market_lf_plus_impact+book_to_market_lf_div_oper_main_profit_ttm,add-6th,"[0.01024, 0.01579, 0.03726, 0.01692, 0.0154, 0.01448]"
0.22921502212499148,0.38738449537211533,0.8522749627051585,0.5649513110225599,21.652487364053453,0.1314496924018215,1.0670216792954759,27.999602615777697,0.02324306972232692,size_only+t10_size_plus_impact_bm+book_to_market_lf_minus_size+impact60+book_to_market_lf_plus_impact+book_to_market_lf_div_oper_main_profit_ttm,add-6th,"[0.01024, 0.01579, 0.03726, 0.01692, 0.0154, 0.01443]"
0.22913951979057312,0.38738449537211533,0.8522749627051585,0.5649362105556763,21.652487364053453,0.1314496924018215,1.0670216792954759,27.999602615777697,0.02324306972232692,size_only+t10_size_plus_impact_bm+book_to_market_lf_minus_size+impact60+book_to_market_lf_plus_impact+book_to_market_lf_div_oper_main_profit_ttm,add-6th,"[0.01024, 0.01579, 0.03726, 0.01692, 0.0154, 0.01439]"
0.2211588351558,0.38738449537211533,0.8522749627051585,0.5633400736287216,21.652487364053453,0.1314496924018215,1.0670216792954759,27.999602615777697,0.02324306972232692,size_only+t10_size_plus_impact_bm+book_to_market_lf_minus_size+impact60+book_to_market_lf_plus_impact+book_to_market_lf_div_oper_main_profit_ttm,add-6th,"[0.01024, 0.01579, 0.03726, 0.01692, 0.0154, 0.01056]"
0.2170869175892962,0.401222234066428,0.8430099562851588,0.5631996457694305,18.871539186961037,0.1449633781340632,1.0751848065513294,21.012461398640937,0.024073334043985678,t10_size_plus_impact_bm+book_to_market_lf_minus_size+impact60+book_to_market_lf_plus_impact+value_bm+growth_revenue,replace-SIZE,"[0.01579, 0.03726, 0.01692, 0.0154, 0.00148]"
0.21744470377978248,0.3912044098021782,0.8459199137618958,0.561074445379572,19.123699034361493,0.15074794945442,1.0784833638771831,21.503893531212835,0.02347226458813069,t10_size_plus_impact_bm+book_to_market_lf_minus_size+impact60+book_to_market_lf_plus_impact+value_bm+quality_net_margin_tsrank378,replace-SIZE,"[0.01579, 0.03726, 0.01692, 0.0154, 0.00162]"
0.21372065720111316,0.3846694726825401,0.8495435838185661,0.5596730595974664,21.567473329471675,0.1250676245399024,1.0782699256484118,28.537168768571664,0.023080168360952405,size_only+t10_size_plus_impact_bm+book_to_market_lf_minus_size+impact60+book_to_market_lf_plus_impact+book_to_market_lf_div_oper_main_profit_ttm+ltmom_exhigh252_21,add-6th,"[0.01024, 0.01579, 0.03726, 0.01692, 0.0154, 0.00699]"
0.20968971687023294,0.39230752505752525,0.8409349845538682,0.5576663201934211,21.24510571488136,0.13383013742409025,1.0679968836864857,27.73973339521887,0.023538451503451515,size_only+t10_size_plus_impact_bm+book_to_market_lf_minus_size+impact60+book_to_market_lf_plus_impact+book_to_market_lf_div_oper_main_profit_ttm+cash_conversion,add-6th,"[0.01024, 0.01579, 0.03726, 0.01692, 0.0154, 0.00505]"
0.2473151769478952,0.363102798890448,0.8350015134429669,0.5522996960505709,21.192968069093176,0.1270309126987929,1.064013744651941,27.78903309109565,0.02178616793342688,size_only+t10_size_plus_impact_bm+book_to_market_lf_minus_size+impact60+book_to_market_lf_plus_impact+book_to_market_lf_div_oper_main_profit_ttm+paper_composite,replace-SIZE,"[0.01579, 0.03726, 0.01692, 0.0154, 0.01357]"
0.2144172466044769,0.349228823094144,0.8588893445907944,0.5516137424697032,20.31309308189708,0.1291131467186714,1.077094102388861,24.44913491857481,0.02095372938564864,size_only+t10_size_plus_impact_bm+book_to_market_lf_minus_size+impact60+book_to_market_lf_plus_impact+paper_composite+value_bm,add-6th,"[0.01024, 0.01579, 0.03726, 0.01692, 0.0154, 0.00732]"
0.2299209079550825,0.3750922154246299,0.8317340613238604,0.5515467845853741,19.57033796086897,0.1414167105237524,1.077262497144607,24.155933407444074,0.022505532925477793,t10_size_plus_impact_bm+book_to_market_lf_minus_size+impact60+book_to_market_lf_plus_impact+paper_composite+cash_conversion,replace-SIZE,"[0.01579, 0.03726, 0.01692, 0.0154, 0.00662]"
0.23478191113373334,0.363102798890448,0.8350015134429669,0.5497930428877386,21.192968069093176,0.1270309126987929,1.064013744651941,27.78903309109565,0.02178616793342688,size_only+t10_size_plus_impact_bm+book_to_market_lf_minus_size+impact60+book_to_market_lf_plus_impact+book_to_market_lf_div_oper_main_profit_ttm+paper_composite,add-6th,"[0.01024, 0.01579, 0.03726, 0.01692, 0.0154, 0.0171]"
0.22891697647069734,0.363102798890448,0.8350015134429669,0.5486200559551314,21.192968069093176,0.1270309126987929,1.064013744651941,27.78903309109565,0.02178616793342688,size_only+t10_size_plus_impact_bm+book_to_market_lf_minus_size+impact60+book_to_market_lf_plus_impact+book_to_market_lf_div_oper_main_profit_ttm+paper_composite,add-6th,"[0.01024, 0.01579, 0.03726, 0.01692, 0.0154, 0.01428]"
0.22778800013547817,0.363102798890448,0.8350015134429669,0.5483942606880876,21.192968069093176,0.1270309126987929,1.064013744651941,27.78903309109565,0.02178616793342688,size_only+t10_size_plus_impact_bm+book_to_market_lf_minus_size+impact60+book_to_market_lf_plus_impact+book_to_market_lf_div_oper_main_profit_ttm+paper_composite,add-6th,"[0.01024, 0.01579, 0.03726, 0.01692, 0.0154, 0.01374]"
0.22743946567741272,0.363102798890448,0.8350015134429669,0.5483245537964745,21.192968069093176,0.1270309126987929,1.064013744651941,27.78903309109565,0.02178616793342688,size_only+t10_size_plus_impact_bm+book_to_market_lf_minus_size+impact60+book_to_market_lf_plus_impact+book_to_market_lf_div_oper_main_profit_ttm+paper_composite,add-6th,"[0.01024, 0.01579, 0.03726, 0.01692, 0.0154, 0.01357]"
0.22349515814203375,0.363102798890448,0.8350015134429669,0.5475356922893987,21.192968069093176,0.1270309126987929,1.064013744651941,27.78903309109565,0.02178616793342688,size_only+t10_size_plus_impact_bm+book_to_market_lf_minus_size+impact60+book_to_market_lf_plus_impact+book_to_market_lf_div_oper_main_profit_ttm+paper_composite,add-6th,"[0.01024, 0.01579, 0.03726, 0.01692, 0.0154, 0.01168]"
0.22229611331921298,0.3763019533430688,0.8245517730225231,0.5472132041940521,19.166236325428628,0.13436596725015287,1.0827289263105042,23.73246178441789,0.022578117200584127,t10_size_plus_impact_bm+book_to_market_lf_minus_size+impact60+book_to_market_lf_plus_impact+paper_composite_nomcap+ltmom_exhigh252_21,replace-SIZE,"[0.01579, 0.03726, 0.01692, 0.0154, 0.00357]"
0.25612611149548,0.3636334289948155,0.8192495714033092,0.5471592295787706,20.314102209361547,0.13159306791969894,1.0563655244373418,26.067494123246902,0.02181800573968893,t10_size_plus_impact_bm+book_to_market_lf_minus_size+impact60+book_to_market_lf_plus_impact+book_to_market_lf_div_oper_main_profit_ttm+paper_composite,replace-SIZE,"[0.01579, 0.03726, 0.01692, 0.0154, 0.0171]"
0.24908818989983675,0.3636334289948155,0.8192495714033092,0.5457516452596419,20.314102209361547,0.13159306791969894,1.0563655244373418,26.067494123246902,0.02181800573968893,t10_size_plus_impact_bm+book_to_market_lf_minus_size+impact60+book_to_market_lf_plus_impact+book_to_market_lf_div_oper_main_profit_ttm+paper_composite,replace-SIZE,"[0.01579, 0.03726, 0.01692, 0.0154, 0.01428]"
0.24773341829757373,0.3636334289948155,0.8192495714033092,0.5454806909391894,20.314102209361547,0.13159306791969894,1.0563655244373418,26.067494123246902,0.02181800573968893,t10_size_plus_impact_bm+book_to_market_lf_minus_size+impact60+book_to_market_lf_plus_impact+book_to_market_lf_div_oper_main_profit_ttm+paper_composite,replace-SIZE,"[0.01579, 0.03726, 0.01692, 0.0154, 0.01374]"
0.2425820079054405,0.3636334289948155,0.8192495714033092,0.5444504088607627,20.314102209361547,0.13159306791969894,1.0563655244373418,26.067494123246902,0.02181800573968893,t10_size_plus_impact_bm+book_to_market_lf_minus_size+impact60+book_to_market_lf_plus_impact+book_to_market_lf_div_oper_main_profit_ttm+paper_composite,replace-SIZE,"[0.01579, 0.03726, 0.01692, 0.0154, 0.01168]"
0.2260154783792795,0.39807443596811987,0.798649883671757,0.5439215959169885,19.84857273170413,0.1399094001780244,1.0529396298920657,26.012177756613898,0.023884466158087193,t10_size_plus_impact_bm+book_to_market_lf_minus_size+impact60+book_to_market_lf_plus_impact+book_to_market_lf_div_oper_main_profit_ttm+cash_conversion,replace-SIZE,"[0.01579, 0.03726, 0.01692, 0.0154, 0.00505]"
0.22432051518111423,0.3789720133584425,0.8074382201593543,0.5408515067833871,18.707093506555477,0.13255840182288506,1.0669922742936964,22.65509407663956,0.022738320801506548,t10_size_plus_impact_bm+book_to_market_lf_minus_size+impact60+book_to_market_lf_plus_impact+value_bm+ltmom_exhigh252_21,replace-SIZE,"[0.01579, 0.03726, 0.01692, 0.0154, 0.00438]"
0.25395887948397144,0.37974245307786814,0.7896082556170576,0.5390253495017241,18.576339579289183,0.13881094549277467,1.054129236617469,22.848158659256956,0.02278454718467209,t10_size_plus_impact_bm+book_to_market_lf_minus_size+impact60+book_to_market_lf_plus_impact+value_bm,replace-SIZE,"[0.01579, 0.03726, 0.01692, 0.0154, 0.01623]"
0.21207060802850586,0.3604038373515324,0.8224591468364504,0.5386620807551402,20.565758438765634,0.12904475726916012,1.0580258212353593,26.635743635423182,0.021624230241091943,size_only+t10_size_plus_impact_bm+book_to_market_lf_minus_size+impact60+book_to_market_lf_plus_impact+book_to_market_lf_div_oper_main_profit_ttm+paper_composite_nomcap,add-6th,"[0.01024, 0.01579, 0.03726, 0.01692, 0.0154, 0.0062]"
0.2152100243310967,0.3589344316326653,0.8154311480315639,0.535613072551856,20.301632076234156,0.128778564551942,1.0484837053772806,25.870647998248053,0.02153606589795992,size_only+t10_size_plus_impact_bm+book_to_market_lf_minus_size+impact60+book_to_market_lf_plus_impact+book_to_market_lf_div_oper_main_profit_ttm+value_bm,add-6th,"[0.01024, 0.01579, 0.03726, 0.01692, 0.0154, 0.0077]"
0.23636321679033248,0.37974245307786814,0.7896082556170576,0.5355062169629963,18.576339579289183,0.13881094549277467,1.054129236617469,22.848158659256956,0.02278454718467209,t10_size_plus_impact_bm+book_to_market_lf_minus_size+impact60+book_to_market_lf_plus_impact+value_bm,replace-SIZE,"[0.01579, 0.03726, 0.01692, 0.0154, 0.00919]"
0.23555841753302745,0.37974245307786814,0.7896082556170576,0.5353452571115354,18.576339579289183,0.13881094549277467,1.054129236617469,22.848158659256956,0.02278454718467209,t10_size_plus_impact_bm+book_to_market_lf_minus_size+impact60+book_to_market_lf_plus_impact+value_bm,replace-SIZE,"[0.01579, 0.03726, 0.01692, 0.0154, 0.00887]"
0.20210000935289438,0.37280851142090304,0.8074240214873113,0.5342437905371851,19.416940683499266,0.1372771363237608,1.067067862795046,24.878546555919822,0.02236851068525418,size_only+t10_size_plus_impact_bm+book_to_market_lf_minus_size+impact60+book_to_market_lf_plus_impact+cash_conversion+paper_composite_nomcap,add-6th,"[0.01024, 0.01579, 0.03726, 0.01692, 0.0154, 0.00141]"
0.24844794787543598,0.4871150579132429,0.6976369475263351,0.534116486231573,17.84879648924838,0.1619642523277057,1.0428382388146864,22.628571656717266,0.029226903474794574,t10_size_plus_impact_bm+book_to_market_lf_minus_size+impact60+book_to_market_lf_plus_impact+turn_bias+value_bm,replace-SIZE,"[0.01579, 0.03726, 0.01692, 0.0154, 0.01403]"
0.20907595595184855,0.36007362971117196,0.8138298756634565,0.5340644056378354,21.112082502091297,0.13152815328866055,1.04684991720965,28.0989651683892,0.021604417782670318,size_only+t10_size_plus_impact_bm+book_to_market_lf_minus_size+impact60+book_to_market_lf_plus_impact+book_to_market_lf_div_oper_main_profit_ttm+ev_ebitda_proxy,add-6th,"[0.01024, 0.01579, 0.03726, 0.01692, 0.0154, 0.00476]"
0.2112631552205256,0.34725951774798264,0.8207440534071354,0.53312828628911,19.88034967569393,0.12815418598727127,1.0683148046735087,25.367012261358767,0.020835571064878957,size_only+t10_size_plus_impact_bm+book_to_market_lf_minus_size+impact60+book_to_market_lf_plus_impact+paper_composite+paper_composite_nomcap,add-6th,"[0.01024, 0.01579, 0.03726, 0.01692, 0.0154, 0.00581]"
0.20298952062455586,0.3680128452880149,0.7996921620862026,0.5292638729145076,19.240675745675205,0.13782583873584942,1.0570369140331886,24.353488761465492,0.022080770717280894,size_only+t10_size_plus_impact_bm+book_to_market_lf_minus_size+impact60+book_to_market_lf_plus_impact+value_bm+cash_conversion,add-6th,"[0.01024, 0.01579, 0.03726, 0.01692, 0.0154, 0.00184]"
0.22887254776920696,0.3570362817636346,0.7925639266451912,0.5273909751614495,19.436684037002635,0.13553849696167347,1.0464215424335834,24.88169155070188,0.021422176905818074,t10_size_plus_impact_bm+book_to_market_lf_minus_size+impact60+book_to_market_lf_plus_impact+book_to_market_lf_div_oper_main_profit_ttm+paper_composite_nomcap,replace-SIZE,"[0.01579, 0.03726, 0.01692, 0.0154, 0.0062]"
0.22527896527721825,0.37558496279667114,0.7634038179141408,0.5200422480956419,19.83973804532085,0.13709234922591376,1.0280662220517,27.191245056859337,0.02253509776780027,t10_size_plus_impact_bm+book_to_market_lf_minus_size+impact60+book_to_market_lf_plus_impact+book_to_market_lf_div_oper_main_profit_ttm+ev_ebitda_proxy,replace-SIZE,"[0.01579, 0.03726, 0.01692, 0.0154, 0.00476]"
0.23263984733231596,0.35558364134624076,0.772476295352865,0.5185965768464367,18.980109204750843,0.1302854699151573,1.0348791061174187,24.342015970735442,0.021335018480774445,t10_size_plus_impact_bm+book_to_market_lf_minus_size+impact60+book_to_market_lf_plus_impact+book_to_market_lf_div_oper_main_profit_ttm+value_bm,replace-SIZE,"[0.01579, 0.03726, 0.01692, 0.0154, 0.0077]"
0.21801767992131224,0.3265897917253335,0.7991413688116953,0.5175235790533921,19.022269695193,0.14314683644620946,1.0576380530740837,23.751279513866706,0.01959538750352001,t10_size_plus_impact_bm+book_to_market_lf_minus_size+impact60+book_to_market_lf_plus_impact+ev_ebitda_proxy+paper_composite_nomcap,replace-SIZE,"[0.01579, 0.03726, 0.01692, 0.0154, 0.00185]"
0.20540251708189666,0.34587767665011643,0.7878905371059708,0.516688431941607,18.741124185345285,0.13076400037744107,1.0502694995923785,23.290558930220705,0.020752660599006986,size_only+t10_size_plus_impact_bm+book_to_market_lf_minus_size+impact60+book_to_market_lf_plus_impact+value_bm+paper_composite_nomcap,add-6th,"[0.01024, 0.01579, 0.03726, 0.01692, 0.0154, 0.003]"
0.21690782935847322,0.3591647355111041,0.7676203138717446,0.5145183645428661,17.837683648247417,0.14286403468977338,1.0528686637586704,22.024216419077824,0.021549884130666247,t10_size_plus_impact_bm+book_to_market_lf_minus_size+impact60+book_to_market_lf_plus_impact+cash_conversion+paper_composite_nomcap,replace-SIZE,"[0.01579, 0.03726, 0.01692, 0.0154, 0.00141]"
0.22790360439963073,0.33241021086948236,0.7826104713129989,0.5140990067750945,18.512218212958,0.13374935017808104,1.0522506169702386,23.06915167338952,0.01994461265216894,t10_size_plus_impact_bm+book_to_market_lf_minus_size+impact60+book_to_market_lf_plus_impact+paper_composite+paper_composite_nomcap,replace-SIZE,"[0.01579, 0.03726, 0.01692, 0.0154, 0.00581]"
0.23168851406037222,0.3388648164976119,0.7553670608256461,0.5048555659577794,18.132968908655233,0.13335482651074726,1.037226924877023,23.090331654919304,0.020331888989856713,t10_size_plus_impact_bm+book_to_market_lf_minus_size+impact60+book_to_market_lf_plus_impact+paper_composite+value_bm,replace-SIZE,"[0.01579, 0.03726, 0.01692, 0.0154, 0.00732]"
0.21950044232991248,0.3259968954545906,0.7505763484307901,0.49575835866894474,18.213114067572462,0.13913601693978794,1.033111390810628,23.4984047984124,0.019559813727275437,t10_size_plus_impact_bm+book_to_market_lf_minus_size+impact60+book_to_market_lf_plus_impact+ev_ebitda_proxy+value_bm,replace-SIZE,"[0.01579, 0.03726, 0.01692, 0.0154, 0.00245]"
0.21797524288446699,0.3585317107007069,0.7037053797706039,0.48574856821891255,16.827540421319227,0.14330483022063145,1.0211497022637754,21.904527506009906,0.02151190264204241,t10_size_plus_impact_bm+book_to_market_lf_minus_size+impact60+book_to_market_lf_plus_impact+value_bm+cash_conversion,replace-SIZE,"[0.01579, 0.03726, 0.01692, 0.0154, 0.00184]"
0.22087083863327597,0.31696948091819815,0.6198864294943028,0.4340623793204608,15.434907132626485,0.12902257878371262,0.9819967361123706,21.98689931730594,0.019018168855091888,t10_size_plus_impact_bm+book_to_market_lf_minus_size+impact60+book_to_market_lf_plus_impact+value_bm+paper_composite_nomcap,replace-SIZE,"[0.01579, 0.03726, 0.01692, 0.0154, 0.003]"
