tag,members,na,nb,nc,comb,net,turnover,monthly_turnover,sharpe,dd,pool_s,seat_si
add-6th,size_only+impact60+t10_size_plus_impact_bm+book_to_market_lf_minus_size+book_to_market_lf_plus_impact+turn_bias+f_i10_01,0.2700638131559666,0.4496234807047485,0.9886943737353459,0.6562934490587609,23.596730148361473,0.15027689426432972,0.30055378852865944,1.1278891386771042,27.50739477090196,0.02697740884228491,"[0.01024, 0.01579, 0.03726, 0.01692, 0.0154, 0.03403]"
replace-SIZE,impact60+t10_size_plus_impact_bm+book_to_market_lf_minus_size+book_to_market_lf_plus_impact+turn_bias+f_i10_01,0.29846439392215995,0.49144746354511126,0.9158122863397887,0.6438150198781258,22.43383491539366,0.1582336995517646,0.3164673991035292,1.1177875834104873,25.544670298919925,0.029486847812706676,"[0.01579, 0.03726, 0.01692, 0.0154, 0.03403]"
seed(替换C),size_only+impact60+t10_size_plus_impact_bm+book_to_market_lf_minus_size+book_to_market_lf_plus_impact,0.23899486063,0.3977836310168774,1.0,0.6370232429819072,23.799617973444924,0.1430187675698701,0.2860375351397402,1.1317246776061485,27.41258584335917,0.023867017861012644,"[0.01024, 0.01579, 0.03726, 0.01692, 0.0154]"
add-6th,size_only+impact60+t10_size_plus_impact_bm+book_to_market_lf_minus_size+book_to_market_lf_plus_impact+t10_size_plus_impact_downside+t10_size_plus_impact_bm+impact60,0.2688538311861692,0.4419157490183617,0.9399264644317938,0.6314081873879677,23.997891433562074,0.16280542009684004,0.3256108401936801,1.1337573078634497,27.0901940609104,0.026514944941101702,"[0.01024, 0.01579, 0.03726, 0.01692, 0.0154, 0.03345]"
add-6th,size_only+impact60+t10_size_plus_impact_bm+book_to_market_lf_minus_size+book_to_market_lf_plus_impact+t10_size_plus_impact_g13+t10_size_plus_impact+book_to_market_lf_plus_impact,0.2681307621610588,0.4384028263513997,0.9292611722883553,0.6252346691849615,23.814643963571744,0.16319930942554858,0.32639861885109717,1.1307472912388328,27.01543248943218,0.026304169581083982,"[0.01024, 0.01579, 0.03726, 0.01692, 0.0154, 0.0331]"
add-6th,size_only+impact60+t10_size_plus_impact_bm+book_to_market_lf_minus_size+book_to_market_lf_plus_impact+t10_size_plus_impact_aggregate+impact60+t10_nomcap_plus_impact,0.270546200105496,0.44949369772302994,0.9189503080545172,0.6249596728486924,24.141196423269744,0.16815449634072077,0.33630899268144154,1.1360272333453347,26.988645128615474,0.026969621863381796,"[0.01024, 0.01579, 0.03726, 0.01692, 0.0154, 0.03426]"
add-6th,size_only+impact60+t10_size_plus_impact_bm+book_to_market_lf_minus_size+book_to_market_lf_plus_impact+impact60+t10_size_plus_wc_mcap,0.26868699170671145,0.44346483213682586,0.9244379584725073,0.6249471709018597,23.59369820067006,0.1611576712926405,0.322315342585281,1.1232714848131902,27.118879031176224,0.02660788992820955,"[0.01024, 0.01579, 0.03726, 0.01692, 0.0154, 0.03337]"
replace-SIZE,impact60+t10_size_plus_impact_bm+book_to_market_lf_minus_size+book_to_market_lf_plus_impact+t10_size_plus_impact_downside+t10_size_plus_impact_wc+impact60,0.296895998243516,0.482019315766701,0.8790388464822015,0.6236534410840392,23.139749704223604,0.17199332996748168,0.34398665993496336,1.129162075797916,25.469828937009087,0.028921158946002057,"[0.01579, 0.03726, 0.01692, 0.0154, 0.03341]"
add-6th,size_only+impact60+t10_size_plus_impact_bm+book_to_market_lf_minus_size+book_to_market_lf_plus_impact+t10_size_plus_impact_downside+t10_size_plus_impact_wc+impact60,0.2687568167570967,0.4431904920322054,0.9212160315908882,0.6234152497785909,23.76900094074093,0.16323152052523868,0.32646304105047735,1.125988582623903,27.148305712003662,0.026591429521932324,"[0.01024, 0.01579, 0.03726, 0.01692, 0.0154, 0.03341]"
add-6th,size_only+impact60+t10_size_plus_impact_bm+book_to_market_lf_minus_size+book_to_market_lf_plus_impact+t10_size_plus_impact+t10_size_plus_impact_bm+impact60,0.27077033195723293,0.44556994225304036,0.9176430335518306,0.6230429112783344,23.91607859167743,0.16574114936475387,0.33148229872950774,1.1308009348342143,27.09557678074207,0.02673419653518242,"[0.01024, 0.01579, 0.03726, 0.01692, 0.0154, 0.03437]"
replace-SIZE,impact60+t10_size_plus_impact_bm+book_to_market_lf_minus_size+book_to_market_lf_plus_impact+impact_abs_return60+momentum20_open,0.2994044689695487,0.49185718121600097,0.8678846979404208,0.6225790212926994,23.925724923822216,0.18462014362171125,0.3692402872434225,1.150564411351377,25.1276926681941,0.029511430872960057,"[0.01579, 0.03726, 0.01692, 0.0154, 0.03441]"
add-6th,size_only+impact60+t10_size_plus_impact_bm+book_to_market_lf_minus_size+book_to_market_lf_plus_impact+t10_size_plus_impact+t10_size_plus_impact_fscore+impact60,0.2738197910595742,0.44680887729886476,0.9142553344270814,0.6225619657587041,24.247090839089147,0.16930094952441282,0.33860189904882565,1.1382351167215992,27.24981160321499,0.026808532637931884,"[0.01024, 0.01579, 0.03726, 0.01692, 0.0154, 0.03584]"
add-6th,size_only+impact60+t10_size_plus_impact_bm+book_to_market_lf_minus_size+book_to_market_lf_plus_impact+t10_size_plus_impact_wc+book_to_market_lf_plus_impact+t10_size_plus_wc_mcap,0.27118455501638045,0.4495019256292973,0.9110700735844418,0.621544118086529,23.79268946447506,0.16714106262639172,0.33428212525278345,1.1307543970040048,26.732461760393434,0.026970115537757838,"[0.01024, 0.01579, 0.03726, 0.01692, 0.0154, 0.03457]"
replace-SIZE,impact60+t10_size_plus_impact_bm+book_to_market_lf_minus_size+book_to_market_lf_plus_impact+impact60+t10_size_plus_wc_mcap,0.29681220818305376,0.4832286323193845,0.8730957722215626,0.6213855604480985,22.948017016116545,0.17126459601706845,0.3425291920341369,1.1260293230871847,25.465847194757096,0.02899371793916307,"[0.01579, 0.03726, 0.01692, 0.0154, 0.03337]"
add-6th,size_only+impact60+t10_size_plus_impact_bm+book_to_market_lf_minus_size+book_to_market_lf_plus_impact+impact_abs_return60+momentum20,0.27532256072776273,0.4495646336322361,0.9084895668493576,0.621232438999046,24.621641396029744,0.17448972467344262,0.34897944934688524,1.1472501810052587,27.2137206542603,0.026973878017934164,"[0.01024, 0.01579, 0.03726, 0.01692, 0.0154, 0.03656]"
add-6th,size_only+impact60+t10_size_plus_impact_bm+book_to_market_lf_minus_size+book_to_market_lf_plus_impact+t10_size_plus_impact_fscore+t10_size_plus_impact_dd120+impact60,0.27435636791955526,0.45345233868406254,0.9048422258819713,0.62075859377022,24.35667028505825,0.17222424835835595,0.3444484967167119,1.140276117183026,27.223469845974947,0.027207140321043752,"[0.01024, 0.01579, 0.03726, 0.01692, 0.0154, 0.03609]"
replace-SIZE,impact60+t10_size_plus_impact_bm+book_to_market_lf_minus_size+book_to_market_lf_plus_impact+impact_abs_return60+momentum20,0.30477489100831523,0.4944940011804321,0.8576803220685768,0.6199840235456738,23.812937142315793,0.18521348816122188,0.37042697632244376,1.1471236762398145,25.179968599407466,0.029669640070825922,"[0.01579, 0.03726, 0.01692, 0.0154, 0.03656]"
add-6th,size_only+impact60+t10_size_plus_impact_bm+book_to_market_lf_minus_size+book_to_market_lf_plus_impact+impact_abs_return60+momentum20_open,0.27084720902879067,0.442020210508499,0.9113320017709048,0.61897591628064,24.535273028438564,0.17306934495020168,0.34613868990040336,1.1451335466330343,27.1962637533387,0.02652121263050994,"[0.01024, 0.01579, 0.03726, 0.01692, 0.0154, 0.03441]"
add-6th,size_only+impact60+t10_size_plus_impact_bm+book_to_market_lf_minus_size+book_to_market_lf_plus_impact+t10_size_plus_impact+t10_size_plus_impact_wc+impact60,0.27071224126210874,0.446830699866006,0.9059752766993427,0.6182220677202281,23.765812659602837,0.16607732265366926,0.3321546453073385,1.1262670126628855,27.120866068175363,0.02680984199196036,"[0.01024, 0.01579, 0.03726, 0.01692, 0.0154, 0.03434]"
add-6th,size_only+impact60+t10_size_plus_impact_bm+book_to_market_lf_minus_size+book_to_market_lf_plus_impact+t10_size_plus_impact_g13+impact60+reversal_chip_turn_size_eq,0.2693077007693015,0.444861501999274,0.9065147246169268,0.6174946919312232,24.068778613613464,0.16841069862724517,0.33682139725449034,1.1326955447879294,27.3347170658916,0.026691690119956438,"[0.01024, 0.01579, 0.03726, 0.01692, 0.0154, 0.03367]"
add-6th,size_only+impact60+t10_size_plus_impact_bm+book_to_market_lf_minus_size+book_to_market_lf_plus_impact+book_to_market_lf_plus_impact+momentum20,0.28030588287318686,0.4548950056517622,0.8937700734508618,0.617470961605642,23.956971640697073,0.1729255903525538,0.3458511807051076,1.138681648249963,26.676690661451442,0.027293700339105734,"[0.01024, 0.01579, 0.03726, 0.01692, 0.0154, 0.03895]"
add-6th,size_only+impact60+t10_size_plus_impact_bm+book_to_market_lf_minus_size+book_to_market_lf_plus_impact+t10_size_plus_impact_g13+book_to_market_lf_plus_impact+t10_nomcap_plus_impact,0.26982192037697816,0.4460052571613184,0.9047962613052168,0.6172245416692047,23.65668326169549,0.16711808519538493,0.33423617039076986,1.1289967260333298,26.71882883432273,0.0267603154296791,"[0.01024, 0.01579, 0.03726, 0.01692, 0.0154, 0.03392]"
add-6th,size_only+impact60+t10_size_plus_impact_bm+book_to_market_lf_minus_size+book_to_market_lf_plus_impact+t10_size_plus_impact_bm+impact60+reversal_chip_turn_paper,0.27599077050714144,0.4515126319280697,0.8956492814839107,0.6162697519440125,23.78292284076054,0.17016546500100926,0.34033093000201853,1.1320041229579123,26.722940163433904,0.027090757915684178,"[0.01024, 0.01579, 0.03726, 0.01692, 0.0154, 0.03688]"
add-6th,size_only+impact60+t10_size_plus_impact_bm+book_to_market_lf_minus_size+book_to_market_lf_plus_impact+t10_size_plus_impact_aggregate+impact_abs_return60+reversal_chip_turn_paper,0.26863996568829396,0.4416060221206859,0.9063231016854669,0.616135496638359,23.9969649221071,0.16845032891567815,0.3369006578313563,1.1335267904309692,27.206982351965227,0.026496361327241154,"[0.01024, 0.01579, 0.03726, 0.01692, 0.0154, 0.03335]"
add-6th,size_only+impact60+t10_size_plus_impact_bm+book_to_market_lf_minus_size+book_to_market_lf_plus_impact+t10_size_plus_impact_g13+impact60+reversal_chip_turn_eq,0.27323895320569275,0.45259118978779656,0.8946726346639496,0.6156573926656447,23.989308813520893,0.17137873238161702,0.34275746476323404,1.1327712416195819,26.909689413885886,0.02715547138726779,"[0.01024, 0.01579, 0.03726, 0.01692, 0.0154, 0.03556]"
add-6th,size_only+impact60+t10_size_plus_impact_bm+book_to_market_lf_minus_size+book_to_market_lf_plus_impact+t10_size_plus_impact_aggregate+t10_size_plus_impact_fscore+book_to_market_lf_minus_size,0.2681706450816752,0.4364292723188928,0.9055636274898984,0.6138880066984018,23.715146599739608,0.16558753567467696,0.3311750713493539,1.1277588485966294,27.266689951710188,0.026185756339133566,"[0.01024, 0.01579, 0.03726, 0.01692, 0.0154, 0.03312]"
add-6th,size_only+impact60+t10_size_plus_impact_bm+book_to_market_lf_minus_size+book_to_market_lf_plus_impact+t10_size_plus_impact_bm+impact60+t10_size_plus_wc_mcap,0.2758720147373004,0.4506531270211129,0.8910550165541908,0.6138777548542355,23.640707023714274,0.16811108750427883,0.33622217500855767,1.124235296897063,26.971748068937075,0.02703918762126677,"[0.01024, 0.01579, 0.03726, 0.01692, 0.0154, 0.03682]"
add-6th,size_only+impact60+t10_size_plus_impact_bm+book_to_market_lf_minus_size+book_to_market_lf_plus_impact+t10_size_plus_impact_aggregate+impact60+reversal_turn_paper_nomcap,0.27754261305512334,0.4510844754262443,0.8898640509700534,0.6138269119467342,23.48116496017431,0.16815822467027192,0.33631644934054383,1.1275965254617182,26.817724902377094,0.027065068525574658,"[0.01024, 0.01579, 0.03726, 0.01692, 0.0154, 0.03762]"
add-6th,size_only+impact60+t10_size_plus_impact_bm+book_to_market_lf_minus_size+book_to_market_lf_plus_impact+t10_size_plus_impact_aggregate+book_to_market_lf_plus_impact+reversal_turn_paper_nomcap,0.27033071609004916,0.44243852653516313,0.8982022593605312,0.613110644217556,23.367015075003746,0.16695627756408238,0.33391255512816476,1.12829417940052,26.454417479570715,0.026546311592109788,"[0.01024, 0.01579, 0.03726, 0.01692, 0.0154, 0.03416]"
replace-SIZE,impact60+t10_size_plus_impact_bm+book_to_market_lf_minus_size+book_to_market_lf_plus_impact+t10_size_plus_impact_downside+t10_size_plus_impact_bm+impact60,0.297012415558403,0.47279504063620165,0.8622074463535905,0.6128740981934669,22.812211065158696,0.17165764605997752,0.34331529211995504,1.1210661586344062,25.460293049458183,0.028367702438172097,"[0.01579, 0.03726, 0.01692, 0.0154, 0.03345]"
add-6th,size_only+impact60+t10_size_plus_impact_bm+book_to_market_lf_minus_size+book_to_market_lf_plus_impact+t10_size_plus_impact_fscore+impact60+t10_size_plus_wc_mcap,0.2777419059789312,0.4563632663707288,0.8824443325169287,0.6123754740581593,23.83193915950103,0.17122631271149247,0.34245262542298494,1.1291543661683916,27.18393293229273,0.027381795982243728,"[0.01024, 0.01579, 0.03726, 0.01692, 0.0154, 0.03772]"
add-6th,size_only+impact60+t10_size_plus_impact_bm+book_to_market_lf_minus_size+book_to_market_lf_plus_impact+t10_size_plus_impact+t10_nomcap_plus_impact+paper_composite,0.2685686715834469,0.44830264265397446,0.8920612803977848,0.6120472354245836,23.944817012796776,0.17203427250961886,0.3440685450192377,1.1361226802796462,26.921149504214704,0.026898158559238466,"[0.01024, 0.01579, 0.03726, 0.01692, 0.0154, 0.03332]"
add-6th,size_only+impact60+t10_size_plus_impact_bm+book_to_market_lf_minus_size+book_to_market_lf_plus_impact+t10_size_plus_impact_g13+impact60+reversal_chip_eq,0.27226547295113646,0.4490430866133307,0.8898030444729473,0.6120295449177193,24.16648623688148,0.17420159931586923,0.34840319863173846,1.1343055187996025,26.787257564714018,0.026942585196799842,"[0.01024, 0.01579, 0.03726, 0.01692, 0.0154, 0.03509]"
add-6th,size_only+impact60+t10_size_plus_impact_bm+book_to_market_lf_minus_size+book_to_market_lf_plus_impact+t10_size_plus_impact_bm+impact_abs_return60+reversal_turn_paper_nomcap,0.27416903049607816,0.4481631884875278,0.88943999576632,0.6119389201646943,23.627322299579127,0.1702319273445986,0.3404638546891972,1.1303746555793044,26.64146709274524,0.026889791309251666,"[0.01024, 0.01579, 0.03726, 0.01692, 0.0154, 0.036]"
add-6th,size_only+impact60+t10_size_plus_impact_bm+book_to_market_lf_minus_size+book_to_market_lf_plus_impact+t10_size_plus_impact_wc+book_to_market_lf_plus_impact+reversal_turn_paper_nomcap,0.2706207767482848,0.4474514911524009,0.8915504856454298,0.6119298957934407,23.328685778979963,0.16774950325049595,0.3354990065009919,1.1275379137843287,26.476095684183875,0.026847089469144055,"[0.01024, 0.01579, 0.03726, 0.01692, 0.0154, 0.0343]"
add-6th,size_only+impact60+t10_size_plus_impact_bm+book_to_market_lf_minus_size+book_to_market_lf_plus_impact+reversal_turn_paper+f_i10_01,0.2682164356940177,0.4370317565820825,0.9003432381821967,0.611758859124521,23.442549864287876,0.16332142338598066,0.3266428467719613,1.1221255363232716,27.43421355494685,0.026221905394924947,"[0.01024, 0.01579, 0.03726, 0.01692, 0.0154, 0.03315]"
add-6th,size_only+impact60+t10_size_plus_impact_bm+book_to_market_lf_minus_size+book_to_market_lf_plus_impact+t10_size_plus_impact_aggregate+turn_bias,0.2717342433006575,0.48832664686170163,0.8580891466759829,0.6114012910659193,23.192239067689496,0.16994500450050382,0.33989000900100763,1.1190321681242301,27.143782322166786,0.029299598811702098,"[0.01024, 0.01579, 0.03726, 0.01692, 0.0154, 0.03483]"
replace-SIZE,impact60+t10_size_plus_impact_bm+book_to_market_lf_minus_size+book_to_market_lf_plus_impact+t10_size_plus_impact+t10_size_plus_impact_wc+impact60,0.2992425076495305,0.4863653596417634,0.8472124420048098,0.6113219763066877,22.98011152310066,0.1758766577195419,0.3517533154390838,1.122926927025808,25.59065810397786,0.029181921578505805,"[0.01579, 0.03726, 0.01692, 0.0154, 0.03434]"
replace-SIZE,impact60+t10_size_plus_impact_bm+book_to_market_lf_minus_size+book_to_market_lf_plus_impact+momentum20+f_i10_01,0.30372802772468027,0.503627527440407,0.8312871667242284,0.6110944651749812,23.593811776487566,0.18640656824919324,0.3728131364983865,1.1372617228468747,25.583098510880532,0.030217651646424416,"[0.01579, 0.03726, 0.01692, 0.0154, 0.03614]"
add-6th,size_only+impact60+t10_size_plus_impact_bm+book_to_market_lf_minus_size+book_to_market_lf_plus_impact+t10_size_plus_impact_g13+book_to_market_lf_plus_impact+reversal_chip_eq,0.2703906848498813,0.44638884108563737,0.8891092645812037,0.610413400411491,23.909498150779676,0.1720184098887366,0.3440368197774732,1.1310624203056252,26.778069759965394,0.02678333046513824,"[0.01024, 0.01579, 0.03726, 0.01692, 0.0154, 0.03419]"
add-6th,size_only+impact60+t10_size_plus_impact_bm+book_to_market_lf_minus_size+book_to_market_lf_plus_impact+momentum20_open+f_i10_01,0.2710679053188836,0.4484165035786695,0.8857962580287176,0.609767673429234,24.257419573395122,0.17393273215048424,0.3478654643009685,1.1371862542713287,27.481303849493656,0.02690499021472017,"[0.01024, 0.01579, 0.03726, 0.01692, 0.0154, 0.03451]"
add-6th,size_only+impact60+t10_size_plus_impact_bm+book_to_market_lf_minus_size+book_to_market_lf_plus_impact+t10_size_plus_impact_dd120+impact60+reversal_chip_turn_size_eq,0.2701807347178881,0.4458044309260513,0.8877877903314543,0.60957220341685,24.275268874933072,0.17482816775996685,0.3496563355199337,1.1358187850935795,27.04122976968725,0.02674826585556308,"[0.01024, 0.01579, 0.03726, 0.01692, 0.0154, 0.03409]"
add-6th,size_only+impact60+t10_size_plus_impact_bm+book_to_market_lf_minus_size+book_to_market_lf_plus_impact+book_to_market_lf_minus_size+momentum20_open,0.2730278873365098,0.4425092417600599,0.8886723173101624,0.609386354872896,24.07927540484024,0.17416957795178895,0.3483391559035779,1.1405988433375283,26.97766422692395,0.026550554505603594,"[0.01024, 0.01579, 0.03726, 0.01692, 0.0154, 0.03546]"
add-6th,size_only+impact60+t10_size_plus_impact_bm+book_to_market_lf_minus_size+book_to_market_lf_plus_impact+impact60+reversal_chip_turn_size_eq+t10_nomcap_plus_impact,0.2730874856831463,0.45831072872726514,0.8753830450780536,0.6089486224762962,24.064426671163126,0.17568375401828384,0.3513675080365677,1.132806753534499,26.91784069591381,0.027498643723635908,"[0.01024, 0.01579, 0.03726, 0.01692, 0.0154, 0.03548]"
add-6th,size_only+impact60+t10_size_plus_impact_bm+book_to_market_lf_minus_size+book_to_market_lf_plus_impact+momentum20+f_i10_01,0.27445017465806687,0.4504767804213924,0.8806864697573765,0.6088658194699201,24.22302749168391,0.17453210911827358,0.34906421823654715,1.1354171125329209,27.44607516957016,0.027028606825283543,"[0.01024, 0.01579, 0.03726, 0.01692, 0.0154, 0.03614]"
add-6th,size_only+impact60+t10_size_plus_impact_bm+book_to_market_lf_minus_size+book_to_market_lf_plus_impact+t10_size_plus_impact_downside+paper_composite+reversal_chip_turn_eq,0.26891635640437395,0.44876895471820244,0.8827632510486135,0.6080958684041217,23.87343047629342,0.17285652380151553,0.34571304760303107,1.1337184935823308,26.95529504994012,0.026926137283092146,"[0.01024, 0.01579, 0.03726, 0.01692, 0.0154, 0.03348]"
replace-SIZE,impact60+t10_size_plus_impact_bm+book_to_market_lf_minus_size+book_to_market_lf_plus_impact+book_to_market_lf_plus_impact+momentum20,0.3107548775828242,0.48568456252438963,0.8351876008908037,0.6079749928009629,22.929187461495175,0.18330435099048306,0.3666087019809661,1.1334003643363237,24.42390625775721,0.029141073751463378,"[0.01579, 0.03726, 0.01692, 0.0154, 0.03895]"
add-6th,size_only+impact60+t10_size_plus_impact_bm+book_to_market_lf_minus_size+book_to_market_lf_plus_impact+t10_size_plus_impact_aggregate+t10_size_plus_impact_bm+book_to_market_lf_div_oper_main_profit_ttm,0.26846980266560355,0.4395211108806329,0.8884738617208412,0.6073395871157208,23.6112062079457,0.16496447011538326,0.3299289402307665,1.118724048779969,27.84599101244616,0.026371266652837972,"[0.01024, 0.01579, 0.03726, 0.01692, 0.0154, 0.03327]"
add-6th,size_only+impact60+t10_size_plus_impact_bm+book_to_market_lf_minus_size+book_to_market_lf_plus_impact+t10_size_plus_impact_bm+impact60+reversal_turn_eq,0.27862581696420463,0.4609019409158649,0.8662605439726889,0.6068580875011036,23.796833519510198,0.17483585424809914,0.3496717084961983,1.1308437711140866,27.05292352434433,0.02765411645495189,"[0.01024, 0.01579, 0.03726, 0.01692, 0.0154, 0.03814]"
add-6th,size_only+impact60+t10_size_plus_impact_bm+book_to_market_lf_minus_size+book_to_market_lf_plus_impact+t10_size_plus_impact_fscore+book_to_market_lf_plus_impact+t10_size_plus_wc_mcap,0.27340630689184897,0.4465590021889138,0.8788177938352301,0.6064449193703432,23.577645502469764,0.17021028792039983,0.34042057584079966,1.125477511794723,26.96341668807728,0.026793540131334826,"[0.01024, 0.01579, 0.03726, 0.01692, 0.0154, 0.03564]"
add-6th,size_only+impact60+t10_size_plus_impact_bm+book_to_market_lf_minus_size+book_to_market_lf_plus_impact+t10_size_plus_impact_aggregate+book_to_market_lf_plus_impact+reversal_chip_turn_eq,0.2734749689567771,0.4513260865222305,0.8747330167712679,0.6062889816212067,23.419774769791104,0.17035421352193694,0.3407084270438739,1.1231908487702835,26.684348886976338,0.027079565191333827,"[0.01024, 0.01579, 0.03726, 0.01692, 0.0154, 0.03567]"
add-6th,size_only+impact60+t10_size_plus_impact_bm+book_to_market_lf_minus_size+book_to_market_lf_plus_impact+t10_size_plus_impact_wc+impact_abs_return60+reversal_turn_paper_nomcap,0.27372893889501565,0.44998452987663207,0.8742563747775258,0.6056557418857109,23.42659856103056,0.16986295348093963,0.33972590696187926,1.1257742239778825,27.024446413369773,0.026999071792597924,"[0.01024, 0.01579, 0.03726, 0.01692, 0.0154, 0.03579]"
add-6th,size_only+impact60+t10_size_plus_impact_bm+book_to_market_lf_minus_size+book_to_market_lf_plus_impact+t10_size_plus_impact_bm+t10_size_plus_impact_fscore+book_to_market_lf_div_oper_main_profit_ttm,0.2711263957218419,0.4448077668240334,0.879415441743099,0.6056449463171747,23.75362777637345,0.16855537009205515,0.3371107401841103,1.122435097291621,27.737083761332226,0.026688466009442004,"[0.01024, 0.01579, 0.03726, 0.01692, 0.0154, 0.03454]"
add-6th,size_only+impact60+t10_size_plus_impact_bm+book_to_market_lf_minus_size+book_to_market_lf_plus_impact+t10_size_plus_impact_wc+t10_nomcap_plus_impact+paper_composite,0.26960392243930165,0.44929874184663265,0.8761374321805421,0.6054371886154257,23.459312545990834,0.16950282645565504,0.3390056529113101,1.1241287002740936,27.01914062366392,0.026957924510797957,"[0.01024, 0.01579, 0.03726, 0.01692, 0.0154, 0.03381]"
add-6th,size_only+impact60+t10_size_plus_impact_bm+book_to_market_lf_minus_size+book_to_market_lf_plus_impact+impact_abs_return60+reversal_chip_turn_paper+reversal_turn_paper_nomcap,0.2724856708790436,0.45521871665432523,0.867715260619605,0.6042955522836448,23.679619695913072,0.17545927743596498,0.35091855487192997,1.1325766527588839,26.564333322232425,0.027313122999259514,"[0.01024, 0.01579, 0.03726, 0.01692, 0.0154, 0.0352]"
replace-SIZE,impact60+t10_size_plus_impact_bm+book_to_market_lf_minus_size+book_to_market_lf_plus_impact+momentum20_open+f_i10_01,0.2996693045176602,0.4950667919889307,0.8244786894715602,0.6042226483618598,23.367369773972175,0.18506342616538912,0.37012685233077824,1.1314986392935078,25.62531435791512,0.029704007519335843,"[0.01579, 0.03726, 0.01692, 0.0154, 0.03451]"
add-6th,size_only+impact60+t10_size_plus_impact_bm+book_to_market_lf_minus_size+book_to_market_lf_plus_impact+t10_size_plus_impact_aggregate+book_to_market_lf_minus_size+reversal_chip_turn_eq,0.27220285861245586,0.4484941088907565,0.8726673151363875,0.6041138016456303,23.638019194622245,0.17149715056904635,0.3429943011380927,1.1255714109710957,27.08346837008414,0.02690964653344539,"[0.01024, 0.01579, 0.03726, 0.01692, 0.0154, 0.03506]"
replace-SIZE,impact60+t10_size_plus_impact_bm+book_to_market_lf_minus_size+book_to_market_lf_plus_impact+t10_size_plus_impact+t10_size_plus_impact_bm+impact60,0.2993122164836795,0.4769990717771515,0.83663615893934,0.6032983899414419,22.633563409421075,0.1748079390364974,0.3496158780729948,1.11538141594549,25.400943463662685,0.028619944306629088,"[0.01579, 0.03726, 0.01692, 0.0154, 0.03437]"
add-6th,size_only+impact60+t10_size_plus_impact_bm+book_to_market_lf_minus_size+book_to_market_lf_plus_impact+t10_size_plus_impact_wc+impact60+reversal_chip_turn_size_eq,0.27451974675023666,0.44596440879291527,0.8712256628451281,0.6030430407078754,23.624831911851068,0.1711467642895787,0.3422935285791574,1.122610046786996,27.1119275829092,0.026757864527574914,"[0.01024, 0.01579, 0.03726, 0.01692, 0.0154, 0.03617]"
replace-SIZE,impact60+t10_size_plus_impact_bm+book_to_market_lf_minus_size+book_to_market_lf_plus_impact+t10_size_plus_impact_aggregate+impact60+t10_nomcap_plus_impact,0.2990432582615952,0.48240747912102827,0.829190359292536,0.6017869310263202,22.67270386261055,0.17734920785988625,0.3546984157197725,1.1165759161251276,25.244597473552577,0.028944448747261695,"[0.01579, 0.03726, 0.01692, 0.0154, 0.03426]"
add-6th,size_only+impact60+t10_size_plus_impact_bm+book_to_market_lf_minus_size+book_to_market_lf_plus_impact+t10_size_plus_impact_fscore+book_to_market_lf_plus_impact+reversal_turn_paper,0.2723914501751371,0.4465929613016048,0.8677065639341901,0.6012537802609746,23.3243733204142,0.17159803831671216,0.34319607663342433,1.1260090746600802,26.639825786257465,0.02679557767809629,"[0.01024, 0.01579, 0.03726, 0.01692, 0.0154, 0.03515]"
add-6th,size_only+impact60+t10_size_plus_impact_bm+book_to_market_lf_minus_size+book_to_market_lf_plus_impact+impact60+reversal_chip_turn_size_eq+reversal_turn_paper,0.27397027011923103,0.4567301836401528,0.8590222699911397,0.6012096397939125,23.677098127363397,0.1743428880449702,0.3486857760899404,1.1280697175759498,27.261566130008685,0.027403811018409167,"[0.01024, 0.01579, 0.03726, 0.01692, 0.0154, 0.03591]"
add-6th,size_only+impact60+t10_size_plus_impact_bm+book_to_market_lf_minus_size+book_to_market_lf_plus_impact+book_to_market_lf_minus_size+t10_size_plus_wc_mcap+t10_nomcap_plus_impact,0.2731677839768998,0.4534898056243555,0.86045917133573,0.6005616158649829,23.584112174357198,0.17318392363782315,0.3463678472756463,1.1227650614021591,27.056529898462113,0.027209388337461327,"[0.01024, 0.01579, 0.03726, 0.01692, 0.0154, 0.03552]"
add-6th,size_only+impact60+t10_size_plus_impact_bm+book_to_market_lf_minus_size+book_to_market_lf_plus_impact+t10_size_plus_impact_wc+reversal_chip_turn_size_eq+impact_abs_return60,0.26906570029169063,0.43953983394724494,0.872309781029881,0.6001914834033203,23.62665190019741,0.16992952520625823,0.33985905041251646,1.1205154611360282,27.34216239056504,0.026372390036834694,"[0.01024, 0.01579, 0.03726, 0.01692, 0.0154, 0.03355]"
replace-SIZE,impact60+t10_size_plus_impact_bm+book_to_market_lf_minus_size+book_to_market_lf_plus_impact+t10_size_plus_impact_fscore+t10_size_plus_impact_dd120+impact60,0.3036154596384662,0.48794763699373683,0.8192964974806228,0.6001881887417814,22.978517816640203,0.182503471573097,0.365006943146194,1.1227143560008834,25.37432577908165,0.02927685821962421,"[0.01579, 0.03726, 0.01692, 0.0154, 0.03609]"
add-6th,size_only+impact60+t10_size_plus_impact_bm+book_to_market_lf_minus_size+book_to_market_lf_plus_impact+t10_size_plus_impact_fscore+impact_abs_return60+reversal_chip_eq,0.2709535267204417,0.45378949789122747,0.8595314295066642,0.5998061728840168,24.095974823765964,0.17848143647381456,0.35696287294762913,1.1322899303453748,27.10532915144902,0.027227369873473645,"[0.01024, 0.01579, 0.03726, 0.01692, 0.0154, 0.03446]"
add-6th,size_only+impact60+t10_size_plus_impact_bm+book_to_market_lf_minus_size+book_to_market_lf_plus_impact+size_only+t10_size_plus_impact_wc+reversal_chip_turn_paper,0.26881389620283475,0.4373496914488362,0.8723479173597781,0.5993917340595598,23.71047569349301,0.16943209197447262,0.33886418394894524,1.1204208193179914,27.696300024847243,0.02624098148693017,"[0.01024, 0.01579, 0.03726, 0.01692, 0.0154, 0.03343]"
add-6th,size_only+impact60+t10_size_plus_impact_bm+book_to_market_lf_minus_size+book_to_market_lf_plus_impact+t10_size_plus_impact_bm+book_to_market_lf_minus_size+reversal_chip_turn_eq,0.27153117174717123,0.4461220149364495,0.8636815783624162,0.5991056498402788,23.540577112689853,0.17269810362405508,0.34539620724811015,1.1245960346619712,26.991941461399083,0.02676732089618697,"[0.01024, 0.01579, 0.03726, 0.01692, 0.0154, 0.03474]"
add-6th,size_only+impact60+t10_size_plus_impact_bm+book_to_market_lf_minus_size+book_to_market_lf_plus_impact+t10_nomcap_plus_impact+impact_abs_return60+reversal_chip_turn_paper,0.27139584514142456,0.4536439259030296,0.8577536892112305,0.599043703239399,23.66486966238926,0.17558600340798328,0.35117200681596655,1.126959464530845,26.860435144427996,0.027218635554181775,"[0.01024, 0.01579, 0.03726, 0.01692, 0.0154, 0.03467]"
replace-SIZE,impact60+t10_size_plus_impact_bm+book_to_market_lf_minus_size+book_to_market_lf_plus_impact+t10_size_plus_impact_g13+t10_size_plus_impact+book_to_market_lf_plus_impact,0.29614473272827047,0.4609894845086128,0.8409398807752485,0.5989982124725304,22.408435877642212,0.17189207738041679,0.34378415476083357,1.1135555645163426,25.404154380223286,0.02765936907051677,"[0.01579, 0.03726, 0.01692, 0.0154, 0.0331]"
add-6th,size_only+impact60+t10_size_plus_impact_bm+book_to_market_lf_minus_size+book_to_market_lf_plus_impact+t10_size_plus_impact_g13+impact_abs_return60+reversal40,0.2715616128725327,0.44632760928607995,0.8631939988030726,0.5989642852860172,24.232905250110914,0.17833707899099657,0.35667415798199315,1.1335675439841209,27.293456219231548,0.026779656557164796,"[0.01024, 0.01579, 0.03726, 0.01692, 0.0154, 0.03475]"
add-6th,size_only+impact60+t10_size_plus_impact_bm+book_to_market_lf_minus_size+book_to_market_lf_plus_impact+impact60+reversal_chip_turn_size_eq+reversal_chip_turn_paper,0.27366411552102815,0.45660125409556857,0.8531157734387048,0.5984453600850718,23.717928876058163,0.17596619094808902,0.35193238189617804,1.1262260737023924,27.133521051991906,0.027396075245734113,"[0.01024, 0.01579, 0.03726, 0.01692, 0.0154, 0.03576]"
replace-SIZE,impact60+t10_size_plus_impact_bm+book_to_market_lf_minus_size+book_to_market_lf_plus_impact+t10_size_plus_impact+t10_size_plus_impact_fscore+impact60,0.302971567406489,0.48605717086256256,0.8171733183062031,0.5984423165209861,22.684170426915433,0.17904848192891726,0.3580969638578345,1.1160898173934903,25.54199210333018,0.029163430251753754,"[0.01579, 0.03726, 0.01692, 0.0154, 0.03584]"
add-6th,size_only+impact60+t10_size_plus_impact_bm+book_to_market_lf_minus_size+book_to_market_lf_plus_impact+impact60+reversal_chip_turn_size_eq+reversal_turn_paper_nomcap,0.2752227081635973,0.4599935440865512,0.8496148053124085,0.5983689444535962,23.442602973347505,0.1751619245564229,0.3503238491128458,1.1251432598579587,26.911379038077833,0.02759961264519307,"[0.01024, 0.01579, 0.03726, 0.01692, 0.0154, 0.03651]"
replace-SIZE,impact60+t10_size_plus_impact_bm+book_to_market_lf_minus_size+book_to_market_lf_plus_impact+t10_size_plus_impact_aggregate+t10_size_plus_impact_bm+book_to_market_lf_div_oper_main_profit_ttm,0.2965515813337242,0.4655197368470926,0.8352670368887227,0.5981123907631525,22.75258286482712,0.1746861567919955,0.349372313583991,1.1160701771439496,25.873862149247007,0.027931184210825553,"[0.01579, 0.03726, 0.01692, 0.0154, 0.03327]"
add-6th,size_only+impact60+t10_size_plus_impact_bm+book_to_market_lf_minus_size+book_to_market_lf_plus_impact+book_to_market_lf_plus_impact+t10_size_plus_wc_mcap+reversal_chip_turn_eq,0.2723014298660712,0.4604820450514212,0.8496771026403487,0.5979836979293686,23.43417308840598,0.17555177970404087,0.35110355940808174,1.1227679397130508,26.64162877965096,0.02762892270308527,"[0.01024, 0.01579, 0.03726, 0.01692, 0.0154, 0.03511]"
add-6th,size_only+impact60+t10_size_plus_impact_bm+book_to_market_lf_minus_size+book_to_market_lf_plus_impact+t10_size_plus_impact_fscore+reversal_chip_turn_size_eq+book_to_market_lf_div_oper_main_profit_ttm,0.2691742589884511,0.450032465312958,0.8590740866387208,0.5979295536446498,23.901222314190875,0.17320605676920972,0.34641211353841944,1.1221345387867396,27.8543297728285,0.02700194791877748,"[0.01024, 0.01579, 0.03726, 0.01692, 0.0154, 0.03361]"
add-6th,size_only+impact60+t10_size_plus_impact_bm+book_to_market_lf_minus_size+book_to_market_lf_plus_impact+t10_size_plus_impact_g13+t10_size_plus_impact_downside+t10_size_plus_impact_fscore,0.2740583890958777,0.4623315703293926,0.8471420426827418,0.5978416466416968,23.94512226033081,0.1786331111863301,0.3572662223726602,1.1272944201630666,27.271953621028544,0.027739894219763556,"[0.01024, 0.01579, 0.03726, 0.01692, 0.0154, 0.03595]"
add-6th,size_only+impact60+t10_size_plus_impact_bm+book_to_market_lf_minus_size+book_to_market_lf_plus_impact+t10_size_plus_impact_wc+paper_composite+reversal_chip_turn_eq,0.26936631921955523,0.4532567062900004,0.8560648611522034,0.5977422985639027,23.43949375348434,0.17345225211808174,0.3469045042361635,1.1230227068036145,26.924145223382222,0.027195402377400025,"[0.01024, 0.01579, 0.03726, 0.01692, 0.0154, 0.0337]"
replace-SIZE,impact60+t10_size_plus_impact_bm+book_to_market_lf_minus_size+book_to_market_lf_plus_impact+t10_size_plus_impact_g13+impact60+reversal_chip_turn_size_eq,0.2975570590581617,0.48418007896577814,0.8187968044488889,0.5974330014516547,22.632422185596408,0.1778368399950607,0.3556736799901214,1.1107881972643339,25.412396265235728,0.029050804737946686,"[0.01579, 0.03726, 0.01692, 0.0154, 0.03367]"
add-6th,size_only+impact60+t10_size_plus_impact_bm+book_to_market_lf_minus_size+book_to_market_lf_plus_impact+t10_size_plus_impact_dd120+book_to_market_lf_minus_size+t10_nomcap_plus_impact,0.2710242923519021,0.44947372934214763,0.8572038096494446,0.5972623780823821,23.52000398438949,0.17290437688691504,0.3458087537738301,1.1201911042223873,27.07840585482717,0.026968423760528857,"[0.01024, 0.01579, 0.03726, 0.01692, 0.0154, 0.03449]"
add-6th,size_only+impact60+t10_size_plus_impact_bm+book_to_market_lf_minus_size+book_to_market_lf_plus_impact+t10_size_plus_impact_aggregate+book_to_market_lf_minus_size+reversal_turn_eq,0.2755499138718827,0.4517388206794735,0.8532039937954499,0.5971603672201448,23.47105207749316,0.173274253744549,0.346548507489098,1.1225244647956667,27.220972053223015,0.02710432924076841,"[0.01024, 0.01579, 0.03726, 0.01692, 0.0154, 0.03667]"
add-6th,size_only+impact60+t10_size_plus_impact_bm+book_to_market_lf_minus_size+book_to_market_lf_plus_impact+book_to_market_lf_minus_size+t10_nomcap_plus_impact+reversal_chip_turn_paper,0.2726578128838267,0.44856775104699237,0.8568784690516514,0.5971255865164558,23.57778421163974,0.1749645582560772,0.3499291165121544,1.1270412447839089,26.914186209885095,0.026914065062819542,"[0.01024, 0.01579, 0.03726, 0.01692, 0.0154, 0.03528]"
add-6th,size_only+impact60+t10_size_plus_impact_bm+book_to_market_lf_minus_size+book_to_market_lf_plus_impact+book_to_market_lf_plus_impact+t10_size_plus_wc_mcap+reversal_turn_paper,0.2728747644853137,0.4486621419032107,0.8565887440566271,0.5970716373886686,23.169861342213842,0.17123624869486365,0.3424724973897273,1.1208541805619852,26.853225451469342,0.02691972851419264,"[0.01024, 0.01579, 0.03726, 0.01692, 0.0154, 0.03538]"
replace-SIZE,impact60+t10_size_plus_impact_bm+book_to_market_lf_minus_size+book_to_market_lf_plus_impact+t10_size_plus_impact_wc+impact60+reversal_chip_turn_size_eq,0.30381151423528396,0.4919087161192627,0.8078148595055761,0.596447040266308,22.72096359864505,0.18098303555898496,0.3619660711179699,1.1142645728188545,25.585640569203516,0.02951452296715576,"[0.01579, 0.03726, 0.01692, 0.0154, 0.03617]"
add-6th,size_only+impact60+t10_size_plus_impact_bm+book_to_market_lf_minus_size+book_to_market_lf_plus_impact+impact60+t10_size_plus_wc_mcap+reversal_chip_turn_eq,0.2725974632217052,0.4579707126359469,0.8479017510349023,0.5963650300326284,23.72513642430866,0.17696317461267527,0.35392634922535054,1.1236023509704356,27.046466428357206,0.027478242758156815,"[0.01024, 0.01579, 0.03726, 0.01692, 0.0154, 0.03525]"
add-6th,size_only+impact60+t10_size_plus_impact_bm+book_to_market_lf_minus_size+book_to_market_lf_plus_impact+t10_size_plus_impact_dd120+book_to_market_lf_minus_size+reversal_turn_paper,0.269230962327859,0.44195957702603295,0.8614830674015425,0.5961994247553775,23.636501580155315,0.17301852124597186,0.3460370424919437,1.1262634744348894,27.34260145540073,0.026517574621561974,"[0.01024, 0.01579, 0.03726, 0.01692, 0.0154, 0.03363]"
replace-SIZE,impact60+t10_size_plus_impact_bm+book_to_market_lf_minus_size+book_to_market_lf_plus_impact+t10_size_plus_impact_g13+book_to_market_lf_plus_impact+t10_nomcap_plus_impact,0.2981741225873737,0.4683884517586719,0.8279789845410844,0.5961613256764979,22.334790885834312,0.17564520538965794,0.3512904107793159,1.1137351770394768,24.868894498215088,0.028103307105520312,"[0.01579, 0.03726, 0.01692, 0.0154, 0.03392]"
add-6th,size_only+impact60+t10_size_plus_impact_bm+book_to_market_lf_minus_size+book_to_market_lf_plus_impact+impact60+t10_size_plus_wc_mcap+reversal_turn_paper,0.278074184663355,0.45735073409920396,0.8454643894152172,0.5961465691042401,23.213415468939054,0.1726486420155588,0.3452972840311176,1.1192072964243496,27.149817923483987,0.027441044045952236,"[0.01024, 0.01579, 0.03726, 0.01692, 0.0154, 0.03788]"
replace-SIZE,impact60+t10_size_plus_impact_bm+book_to_market_lf_minus_size+book_to_market_lf_plus_impact+t10_size_plus_impact_bm+impact60+t10_size_plus_wc_mcap,0.3054342358197605,0.4831900435775188,0.8129530977718291,0.5960322564134068,22.400964946881928,0.17749754174030433,0.35499508348060865,1.1115572027730232,25.3825528713021,0.028991402614651128,"[0.01579, 0.03726, 0.01692, 0.0154, 0.03682]"
add-6th,size_only+impact60+t10_size_plus_impact_bm+book_to_market_lf_minus_size+book_to_market_lf_plus_impact+t10_size_plus_impact_downside+reversal_chip_turn_size_eq+book_to_market_lf_div_oper_main_profit_ttm,0.26853580000187544,0.445220989257256,0.8579903865604301,0.5956301801926083,23.80607525146986,0.17140621926661773,0.34281243853323545,1.1187486503315323,28.114316345537084,0.026713259355435358,"[0.01024, 0.01579, 0.03726, 0.01692, 0.0154, 0.0333]"
add-6th,size_only+impact60+t10_size_plus_impact_bm+book_to_market_lf_minus_size+book_to_market_lf_plus_impact+t10_size_plus_impact_fscore+t10_size_plus_wc_mcap+book_to_market_lf_div_oper_main_profit_ttm,0.2695334173100542,0.4499599292404357,0.8536529959676314,0.5955365068815974,23.59593355814391,0.17115283896363018,0.34230567792726035,1.1157703055179622,27.838377204495924,0.026997595754426142,"[0.01024, 0.01579, 0.03726, 0.01692, 0.0154, 0.03378]"
replace-SIZE,impact60+t10_size_plus_impact_bm+book_to_market_lf_minus_size+book_to_market_lf_plus_impact+t10_size_plus_impact_aggregate+impact60+reversal_turn_paper_nomcap,0.307438953801148,0.48142052612425074,0.8114979279317538,0.5951590424730065,22.17844328435101,0.17740875228356504,0.35481750456713007,1.1130004662187258,25.0108441887113,0.028885231567455042,"[0.01579, 0.03726, 0.01692, 0.0154, 0.03762]"
replace-SIZE,impact60+t10_size_plus_impact_bm+book_to_market_lf_minus_size+book_to_market_lf_plus_impact+t10_size_plus_impact_g13+impact60+reversal_chip_turn_eq,0.3022745619818312,0.48625815260288713,0.809845707458013,0.5950758341634826,22.695425801150463,0.18188835867889172,0.36377671735778344,1.1148366328488966,25.115287662791317,0.029175489156173226,"[0.01579, 0.03726, 0.01692, 0.0154, 0.03556]"
replace-SIZE,impact60+t10_size_plus_impact_bm+book_to_market_lf_minus_size+book_to_market_lf_plus_impact+reversal_turn_paper+f_i10_01,0.29624754096782124,0.46304757203512775,0.8299920226240303,0.5948125685866726,22.505832291956686,0.17502541964940943,0.35005083929881886,1.1172064344482757,25.557457301485286,0.027782854322107663,"[0.01579, 0.03726, 0.01692, 0.0154, 0.03315]"
add-6th,size_only+impact60+t10_size_plus_impact_bm+book_to_market_lf_minus_size+book_to_market_lf_plus_impact+t10_size_plus_impact_dd120+impact_abs_return60+reversal_turn_eq,0.27180580667398313,0.4504284529012814,0.850352712168187,0.5946698403259293,23.946693397782603,0.17864967485714348,0.35729934971428695,1.129226653436751,27.154248881967458,0.027025707174076884,"[0.01024, 0.01579, 0.03726, 0.01692, 0.0154, 0.03487]"
replace-SIZE,impact60+t10_size_plus_impact_bm+book_to_market_lf_minus_size+book_to_market_lf_plus_impact+t10_size_plus_impact_wc+reversal_chip_turn_size_eq+impact_abs_return60,0.2972666584850287,0.4849987825080443,0.8119412123643658,0.5945764511387859,22.8040414897653,0.180421815970225,0.36084363194045,1.1153666731190532,25.738417319314777,0.029099926950482656,"[0.01579, 0.03726, 0.01692, 0.0154, 0.03355]"
add-6th,size_only+impact60+t10_size_plus_impact_bm+book_to_market_lf_minus_size+book_to_market_lf_plus_impact+size_only+t10_size_plus_impact_wc+reversal_turn_paper_nomcap,0.2727568738133792,0.4407132835552502,0.857130381054468,0.594509695481524,23.38188287353488,0.17049386595232663,0.34098773190465326,1.1186253936529222,27.46168387754947,0.02644279701331501,"[0.01024, 0.01579, 0.03726, 0.01692, 0.0154, 0.03533]"
add-6th,size_only+impact60+t10_size_plus_impact_bm+book_to_market_lf_minus_size+book_to_market_lf_plus_impact+t10_size_plus_impact_wc+reversal_chip_turn_paper+book_to_market_lf_div_oper_main_profit_ttm,0.26967618807305754,0.45010171514458786,0.8502900793347028,0.5941013736158336,23.456988640268968,0.17151707673560812,0.34303415347121624,1.1154102248443543,27.593251839057555,0.02700610290867527,"[0.01024, 0.01579, 0.03726, 0.01692, 0.0154, 0.03385]"
replace-SIZE,impact60+t10_size_plus_impact_bm+book_to_market_lf_minus_size+book_to_market_lf_plus_impact+t10_size_plus_impact_g13+impact60+reversal_chip_eq,0.3011063856763637,0.48263021724784977,0.8104696650510731,0.5938532024450031,22.990860711805787,0.18494549764091203,0.36989099528182406,1.1198178645251398,25.112568590091698,0.028957813034870983,"[0.01579, 0.03726, 0.01692, 0.0154, 0.03509]"
add-6th,size_only+impact60+t10_size_plus_impact_bm+book_to_market_lf_minus_size+book_to_market_lf_plus_impact+t10_size_plus_impact_wc+book_to_market_lf_minus_size+reversal_chip_eq,0.2692633893455136,0.4498026183069307,0.8496747891500885,0.5936372493940683,23.669879173840595,0.17551449695300575,0.3510289939060115,1.1221996177472033,27.18982228634935,0.02698815709841584,"[0.01024, 0.01579, 0.03726, 0.01692, 0.0154, 0.03365]"
add-6th,size_only+impact60+t10_size_plus_impact_bm+book_to_market_lf_minus_size+book_to_market_lf_plus_impact+reversal_chip_turn_size_eq+book_to_market_lf_plus_impact+reversal_chip_turn_eq,0.269008847318955,0.4597185480613434,0.8417937759372631,0.5935104604570296,23.510624263328424,0.17734601451808363,0.35469202903616726,1.1237469570190302,26.82734781567805,0.0275831128836806,"[0.01024, 0.01579, 0.03726, 0.01692, 0.0154, 0.03353]"
add-6th,size_only+impact60+t10_size_plus_impact_bm+book_to_market_lf_minus_size+book_to_market_lf_plus_impact+t10_size_plus_impact_aggregate+t10_size_plus_impact_bm,0.27458248255172085,0.45834722536882916,0.840228903373511,0.5934410319075143,23.562444502820462,0.17704856892259116,0.3540971378451823,1.12121038709993,27.023715413498415,0.027500833522129748,"[0.01024, 0.01579, 0.03726, 0.01692, 0.0154, 0.0362]"
replace-SIZE,impact60+t10_size_plus_impact_bm+book_to_market_lf_minus_size+book_to_market_lf_plus_impact+t10_size_plus_impact_wc+impact_abs_return60+reversal_turn_paper_nomcap,0.30286254480901875,0.4809963069107531,0.8094807069383113,0.5931875345028075,22.393745503964098,0.18000893969338339,0.36001787938676677,1.1173635279835168,25.098968040874603,0.028859778414645185,"[0.01579, 0.03726, 0.01692, 0.0154, 0.03579]"
add-6th,size_only+impact60+t10_size_plus_impact_bm+book_to_market_lf_minus_size+book_to_market_lf_plus_impact+t10_size_plus_impact_dd120+impact60+reversal_chip_eq,0.26913810136303545,0.4499739309076402,0.8481308172792639,0.5929773638659499,23.980437928333625,0.18006199453098623,0.36012398906197246,1.1276759898897157,26.859995571842553,0.02699843585445841,"[0.01024, 0.01579, 0.03726, 0.01692, 0.0154, 0.03359]"
replace-SIZE,impact60+t10_size_plus_impact_bm+book_to_market_lf_minus_size+book_to_market_lf_plus_impact+t10_size_plus_impact_fscore+impact60+t10_size_plus_wc_mcap,0.3076781053097175,0.4912842808583861,0.7988292777219607,0.5929582943372609,22.54522546741029,0.18178466204522598,0.36356932409045195,1.1140636511639506,25.517522156035145,0.029477056851503165,"[0.01579, 0.03726, 0.01692, 0.0154, 0.03772]"
replace-SIZE,impact60+t10_size_plus_impact_bm+book_to_market_lf_minus_size+book_to_market_lf_plus_impact+t10_size_plus_impact_aggregate+impact_abs_return60+reversal_chip_turn_paper,0.29675577696095273,0.47284730964558175,0.8169502278033676,0.5924753162796595,22.513950276617443,0.17717235019090313,0.35434470038180627,1.1111634773791825,25.475537646218072,0.028370838578734903,"[0.01579, 0.03726, 0.01692, 0.0154, 0.03335]"
add-6th,size_only+impact60+t10_size_plus_impact_bm+book_to_market_lf_minus_size+book_to_market_lf_plus_impact+t10_size_plus_impact_fscore+book_to_market_lf_plus_impact+reversal40,0.2731040169685919,0.45905222190366346,0.8381743309162808,0.592467529972327,23.924133343168045,0.18325854441008263,0.36651708882016526,1.1341736396830895,26.724679735379333,0.027543133314219807,"[0.01024, 0.01579, 0.03726, 0.01692, 0.0154, 0.03549]"
add-6th,size_only+impact60+t10_size_plus_impact_bm+book_to_market_lf_minus_size+book_to_market_lf_plus_impact+size_only+t10_size_plus_impact_fscore+reversal_chip_turn_size_eq,0.2679285421410396,0.44616909387854575,0.8503085359932108,0.5923837324826438,23.67827831012055,0.1721496586730877,0.3442993173461754,1.1174383530702883,28.009914474317288,0.026770145632712745,"[0.01024, 0.01579, 0.03726, 0.01692, 0.0154, 0.03301]"
replace-SIZE,impact60+t10_size_plus_impact_bm+book_to_market_lf_minus_size+book_to_market_lf_plus_impact+t10_size_plus_impact_aggregate+t10_size_plus_impact_fscore+book_to_market_lf_minus_size,0.29619259223301025,0.46622439682682937,0.8206444915961401,0.5917070785542553,22.302377509286092,0.1739736191291647,0.3479472382583294,1.1101599336191454,25.669734349295414,0.02797346380960976,"[0.01579, 0.03726, 0.01692, 0.0154, 0.03312]"
add-6th,size_only+impact60+t10_size_plus_impact_bm+book_to_market_lf_minus_size+book_to_market_lf_plus_impact+t10_size_plus_impact_g13+t10_size_plus_impact_fscore+t10_size_plus_impact_dd120,0.27192274041629566,0.4667548650038808,0.8305431611169464,0.5914931733372433,24.11993352627654,0.18443851934545713,0.36887703869091426,1.129862924039472,27.123542484493345,0.028005291900232848,"[0.01024, 0.01579, 0.03726, 0.01692, 0.0154, 0.03492]"
replace-SIZE,impact60+t10_size_plus_impact_bm+book_to_market_lf_minus_size+book_to_market_lf_plus_impact+t10_size_plus_impact_wc+book_to_market_lf_plus_impact+t10_size_plus_wc_mcap,0.2998092841546565,0.4735720307065009,0.8123648837287931,0.5912762652561635,22.245773511004806,0.17702730108490958,0.35405460216981915,1.1117466853673386,25.184897686036546,0.028414321842390053,"[0.01579, 0.03726, 0.01692, 0.0154, 0.03457]"
replace-SIZE,impact60+t10_size_plus_impact_bm+book_to_market_lf_minus_size+book_to_market_lf_plus_impact+t10_size_plus_impact_aggregate+book_to_market_lf_plus_impact+reversal_turn_paper_nomcap,0.29878467744305903,0.4612579125599681,0.8220106310368335,0.5911019888511757,22.088211189111885,0.17587061798446704,0.3517412359689341,1.1152473554526645,24.646729768788177,0.027675474753598085,"[0.01579, 0.03726, 0.01692, 0.0154, 0.03416]"
add-6th,size_only+impact60+t10_size_plus_impact_bm+book_to_market_lf_minus_size+book_to_market_lf_plus_impact+t10_size_plus_impact_fscore+book_to_market_lf_plus_impact+reversal_chip_eq,0.2712603886678296,0.4443760982027913,0.8472360963375472,0.5910399554564391,23.772907950010115,0.17881920990313496,0.3576384198062699,1.128632305116607,26.867747750013315,0.026662565892167474,"[0.01024, 0.01579, 0.03726, 0.01692, 0.0154, 0.03461]"
add-6th,size_only+impact60+t10_size_plus_impact_bm+book_to_market_lf_minus_size+book_to_market_lf_plus_impact+t10_size_plus_impact_downside+t10_size_plus_impact_fscore,0.2737580212856031,0.46633580888734577,0.8288126070770859,0.5909348105523803,23.726734817989797,0.1804867823627788,0.3609735647255576,1.1232687571447755,27.20526511002703,0.027980148533240747,"[0.01024, 0.01579, 0.03726, 0.01692, 0.0154, 0.03581]"
add-6th,size_only+impact60+t10_size_plus_impact_bm+book_to_market_lf_minus_size+book_to_market_lf_plus_impact+t10_size_plus_impact_wc+impact60+reversal40,0.27924761562928796,0.4597240841728118,0.831445789109968,0.5909035576858273,23.784542691819986,0.18086242179133738,0.36172484358267476,1.1248565544362294,27.126342998287722,0.027583445050368707,"[0.01024, 0.01579, 0.03726, 0.01692, 0.0154, 0.03844]"
replace-SIZE,impact60+t10_size_plus_impact_bm+book_to_market_lf_minus_size+book_to_market_lf_plus_impact+t10_size_plus_impact_bm+impact60+reversal_chip_turn_paper,0.3055767427435698,0.4756338266435956,0.8046973889285804,0.5897010128918336,22.251493088086153,0.17910499899033902,0.35820999798067804,1.110326044747708,24.998143576975927,0.028538029598615736,"[0.01579, 0.03726, 0.01692, 0.0154, 0.03688]"
add-6th,size_only+impact60+t10_size_plus_impact_bm+book_to_market_lf_minus_size+book_to_market_lf_plus_impact+t10_size_plus_impact_aggregate+book_to_market_lf_minus_size+reversal40,0.27328149824726566,0.4432734409124291,0.8440584202229883,0.5896282930691481,23.82312097919968,0.17747973780063223,0.35495947560126445,1.1243471033973318,27.40624322031644,0.026596406454745744,"[0.01024, 0.01579, 0.03726, 0.01692, 0.0154, 0.03558]"
replace-SIZE,impact60+t10_size_plus_impact_bm+book_to_market_lf_minus_size+book_to_market_lf_plus_impact+t10_size_plus_impact_downside+reversal_chip_turn_size_eq+book_to_market_lf_div_oper_main_profit_ttm,0.2966307781372505,0.47400789520780623,0.809234198630167,0.5893843083337574,22.97491294321146,0.1820680257294594,0.3641360514589188,1.1172917036584271,25.936562100869985,0.028440473712468373,"[0.01579, 0.03726, 0.01692, 0.0154, 0.0333]"
add-6th,size_only+impact60+t10_size_plus_impact_bm+book_to_market_lf_minus_size+book_to_market_lf_plus_impact+t10_size_plus_impact_aggregate+t10_size_plus_impact_g13+t10_size_plus_wc_mcap,0.27278980651827894,0.45523804644514865,0.833787921772201,0.5890958423569482,23.754845347123716,0.17922818683790648,0.35845637367581296,1.12214722904906,27.27245959312714,0.02731428278670892,"[0.01024, 0.01579, 0.03726, 0.01692, 0.0154, 0.03534]"
add-6th,size_only+impact60+t10_size_plus_impact_bm+book_to_market_lf_minus_size+book_to_market_lf_plus_impact+t10_size_plus_impact_aggregate+t10_size_plus_impact_bm+t10_size_plus_impact_wc,0.27544065943442586,0.45617041034347344,0.8313695870661708,0.5888640896868778,23.516997832598495,0.1777391229836028,0.3554782459672056,1.119020576510993,27.182369597511958,0.027370224620608407,"[0.01024, 0.01579, 0.03726, 0.01692, 0.0154, 0.03661]"
replace-SIZE,impact60+t10_size_plus_impact_bm+book_to_market_lf_minus_size+book_to_market_lf_plus_impact+t10_size_plus_impact_fscore+book_to_market_lf_plus_impact+t10_size_plus_wc_mcap,0.30247538640521876,0.470203814221187,0.8069617082855723,0.5881991809869668,22.334104644010456,0.17949415133819577,0.35898830267639154,1.1157000847681986,25.20508759551303,0.02821222885327122,"[0.01579, 0.03726, 0.01692, 0.0154, 0.03564]"
add-6th,size_only+impact60+t10_size_plus_impact_bm+book_to_market_lf_minus_size+book_to_market_lf_plus_impact+t10_size_plus_impact+impact_abs_return60+reversal40,0.2724473400274048,0.451986078131835,0.8340107650138872,0.5879894396078724,23.918430532562407,0.18085759992560857,0.36171519985121714,1.12492238061268,27.273321722528543,0.027119164687910098,"[0.01024, 0.01579, 0.03726, 0.01692, 0.0154, 0.03518]"
add-6th,size_only+impact60+t10_size_plus_impact_bm+book_to_market_lf_minus_size+book_to_market_lf_plus_impact+t10_size_plus_impact_downside+t10_size_plus_impact_wc+t10_size_plus_impact_dd120,0.27093084188776667,0.4578900853841688,0.829839560384296,0.5878755004349456,23.923116811229136,0.18214511242023243,0.36429022484046486,1.1253956153094038,27.191230241325382,0.02747340512305013,"[0.01024, 0.01579, 0.03726, 0.01692, 0.0154, 0.03445]"
replace-SIZE,impact60+t10_size_plus_impact_bm+book_to_market_lf_minus_size+book_to_market_lf_plus_impact+t10_size_plus_impact_dd120+impact60+reversal_chip_turn_size_eq,0.2986046997964657,0.4920408592621806,0.7905872325418414,0.587699495344885,22.798818228949845,0.18627822443394312,0.37255644886788625,1.1135609892070497,25.32564723292844,0.029522451555730835,"[0.01579, 0.03726, 0.01692, 0.0154, 0.03409]"
add-6th,size_only+impact60+t10_size_plus_impact_bm+book_to_market_lf_minus_size+book_to_market_lf_plus_impact+t10_size_plus_impact_aggregate+t10_size_plus_impact_downside+reversal_chip_turn_size_eq,0.27188353994542047,0.4562452185008342,0.8302849566541467,0.5876907649587421,23.866072569061764,0.18139336809506748,0.36278673619013496,1.124080259883999,27.19360636830791,0.02737471311005005,"[0.01024, 0.01579, 0.03726, 0.01692, 0.0154, 0.03491]"
replace-SIZE,impact60+t10_size_plus_impact_bm+book_to_market_lf_minus_size+book_to_market_lf_plus_impact+size_only+t10_size_plus_impact_bm+reversal_chip_eq,0.29644825292635574,0.47752029408096786,0.8026481677988965,0.5876134290231133,23.27118486717167,0.18819520353085673,0.37639040706171345,1.1240875220055,25.588232236527197,0.02865121764485807,"[0.01579, 0.03726, 0.01692, 0.0154, 0.03323]"
replace-SIZE,impact60+t10_size_plus_impact_bm+book_to_market_lf_minus_size+book_to_market_lf_plus_impact+t10_size_plus_impact_bm+impact_abs_return60+reversal_turn_paper_nomcap,0.30339065473029375,0.4651126318160739,0.8087739771729222,0.5874158418094996,22.241324570203613,0.17897625860882113,0.35795251721764226,1.1160309614703459,25.017605116175844,0.027906757908964432,"[0.01579, 0.03726, 0.01692, 0.0154, 0.036]"
replace-SIZE,impact60+t10_size_plus_impact_bm+book_to_market_lf_minus_size+book_to_market_lf_plus_impact+t10_size_plus_impact_g13+book_to_market_lf_plus_impact+reversal_chip_eq,0.2988566399548575,0.46907176908089626,0.8072548034320055,0.5872111087136878,22.651901871466425,0.18247153349280498,0.36494306698560997,1.116052729632463,25.067176405570823,0.028144306144853776,"[0.01579, 0.03726, 0.01692, 0.0154, 0.03419]"
replace-SIZE,impact60+t10_size_plus_impact_bm+book_to_market_lf_minus_size+book_to_market_lf_plus_impact+t10_size_plus_impact_aggregate+book_to_market_lf_plus_impact+reversal_chip_turn_eq,0.3025577808831325,0.4683718072012372,0.8049976429197649,0.5866906280109537,22.290572597155,0.18009849015359042,0.36019698030718084,1.1112561141285926,24.804577469316158,0.028102308432074233,"[0.01579, 0.03726, 0.01692, 0.0154, 0.03567]"
add-6th,size_only+impact60+t10_size_plus_impact_bm+book_to_market_lf_minus_size+book_to_market_lf_plus_impact+t10_size_plus_impact_wc+t10_nomcap_plus_impact,0.27143988303544353,0.47862804405586246,0.810196623943334,0.5863962728011409,23.8397492111701,0.18630978408694035,0.3726195681738807,1.1242220793115738,27.01208153815915,0.028717682643351745,"[0.01024, 0.01579, 0.03726, 0.01692, 0.0154, 0.03469]"
add-6th,size_only+impact60+t10_size_plus_impact_bm+book_to_market_lf_minus_size+book_to_market_lf_plus_impact+t10_size_plus_impact_fscore+book_to_market_lf_minus_size+reversal_turn_paper,0.27132146740633795,0.444152042194492,0.8370150449428381,0.5863742784736169,23.026478666545934,0.17181428268293916,0.3436285653658783,1.1152392802394842,27.3321838129004,0.026649122531669518,"[0.01024, 0.01579, 0.03726, 0.01692, 0.0154, 0.03464]"
replace-SIZE,impact60+t10_size_plus_impact_bm+book_to_market_lf_minus_size+book_to_market_lf_plus_impact+t10_size_plus_impact_bm+t10_size_plus_impact_fscore+book_to_market_lf_div_oper_main_profit_ttm,0.2997394930012102,0.4712951598706454,0.8030078056583706,0.5862547171012347,22.43497701069449,0.17786281636034043,0.35572563272068086,1.1085855857519449,25.907133823078798,0.028277709592238725,"[0.01579, 0.03726, 0.01692, 0.0154, 0.03454]"
replace-SIZE,impact60+t10_size_plus_impact_bm+book_to_market_lf_minus_size+book_to_market_lf_plus_impact+t10_size_plus_impact_fscore+impact_abs_return60+reversal_chip_eq,0.29953205019953,0.47606643281455147,0.7993731886543783,0.5862475964194692,23.183125421052587,0.18976553079129144,0.3795310615825829,1.126282571780496,25.237155804311996,0.028563985968873086,"[0.01579, 0.03726, 0.01692, 0.0154, 0.03446]"
add-6th,size_only+impact60+t10_size_plus_impact_bm+book_to_market_lf_minus_size+book_to_market_lf_plus_impact+t10_size_plus_impact_g13+t10_size_plus_impact+t10_size_plus_impact_wc,0.27284055957356873,0.45521930093894886,0.8273387644270407,0.5861973112355141,23.626602445531873,0.17899523984543092,0.35799047969086184,1.118736203892781,27.30652424873642,0.02731315805633693,"[0.01024, 0.01579, 0.03726, 0.01692, 0.0154, 0.03537]"
add-6th,size_only+impact60+t10_size_plus_impact_bm+book_to_market_lf_minus_size+book_to_market_lf_plus_impact+t10_size_plus_impact_wc+reversal_chip_turn_size_eq+book_to_market_lf_div_oper_main_profit_ttm,0.26872116766506976,0.4489319503441132,0.8337146541016368,0.5860420104991901,23.4309842813612,0.17241299159396908,0.34482598318793817,1.1095943207886692,28.045106126973185,0.02693591702064679,"[0.01024, 0.01579, 0.03726, 0.01692, 0.0154, 0.03339]"
add-6th,size_only+impact60+t10_size_plus_impact_bm+book_to_market_lf_minus_size+book_to_market_lf_plus_impact+t10_size_plus_impact_dd120+impact_abs_return60+reversal40,0.27059223145074834,0.44748672148978086,0.8338891058434916,0.5859888964411442,24.083937989156514,0.1832923024398029,0.3665846048796058,1.1282911684639194,27.085753898499064,0.02684920328938685,"[0.01024, 0.01579, 0.03726, 0.01692, 0.0154, 0.03429]"
replace-SIZE,impact60+t10_size_plus_impact_bm+book_to_market_lf_minus_size+book_to_market_lf_plus_impact+book_to_market_lf_minus_size+momentum20_open,0.3020212829388117,0.4808507423676689,0.7934257020648117,0.5857435823456116,22.454997186319414,0.18398831306478333,0.36797662612956666,1.115120472639284,25.034252415865467,0.028851044542060132,"[0.01579, 0.03726, 0.01692, 0.0154, 0.03546]"
add-6th,size_only+impact60+t10_size_plus_impact_bm+book_to_market_lf_minus_size+book_to_market_lf_plus_impact+t10_size_plus_impact_fscore+impact_abs_return60+reversal40,0.2765021459337454,0.45200721453501436,0.8259149912511035,0.5851647003370006,23.866090863715637,0.18238454008825847,0.36476908017651694,1.1265375575883978,27.306457441544772,0.02712043287210086,"[0.01024, 0.01579, 0.03726, 0.01692, 0.0154, 0.03712]"
replace-SIZE,impact60+t10_size_plus_impact_bm+book_to_market_lf_minus_size+book_to_market_lf_plus_impact+t10_size_plus_impact+t10_nomcap_plus_impact+paper_composite,0.2966702240351362,0.4716397996365849,0.8012655659381508,0.5849774793519998,22.472091224695923,0.18177845928361996,0.36355691856723993,1.1159999168598465,25.255387655893603,0.028298387978195096,"[0.01579, 0.03726, 0.01692, 0.0154, 0.03332]"
replace-SIZE,impact60+t10_size_plus_impact_bm+book_to_market_lf_minus_size+book_to_market_lf_plus_impact+t10_size_plus_impact_wc+t10_nomcap_plus_impact+paper_composite,0.297912525062162,0.47866100665800876,0.7952377699474532,0.5849708538190894,22.27417452997055,0.1814710483878698,0.3629420967757396,1.1141804911063182,25.183673452127188,0.028719660399480526,"[0.01579, 0.03726, 0.01692, 0.0154, 0.03381]"
replace-SIZE,impact60+t10_size_plus_impact_bm+book_to_market_lf_minus_size+book_to_market_lf_plus_impact+t10_size_plus_impact_g13+impact_abs_return60+reversal40,0.3002617535820392,0.4808405364691708,0.7922979538079555,0.5848806176941976,23.29389133993548,0.19149731313895957,0.38299462627791914,1.1287873649768703,25.630513830834435,0.028850432188150248,"[0.01579, 0.03726, 0.01692, 0.0154, 0.03475]"
add-6th,size_only+impact60+t10_size_plus_impact_bm+book_to_market_lf_minus_size+book_to_market_lf_plus_impact+impact60+reversal_turn_paper+reversal40,0.2770150842055271,0.45937012159948626,0.819111004317281,0.5847825113437021,23.905064199446667,0.1857220598280967,0.3714441196561934,1.1313337023772927,27.082933613468207,0.027562207295969175,"[0.01024, 0.01579, 0.03726, 0.01692, 0.0154, 0.03737]"
replace-SIZE,impact60+t10_size_plus_impact_bm+book_to_market_lf_minus_size+book_to_market_lf_plus_impact+impact60+t10_size_plus_wc_mcap+reversal_turn_paper,0.308076839731026,0.49028588415839625,0.7812424909602216,0.5847745483337436,22.209899103722876,0.18329937006432895,0.3665987401286579,1.1111294683191568,25.305603923223753,0.029417153049503774,"[0.01579, 0.03726, 0.01692, 0.0154, 0.03788]"
replace-SIZE,impact60+t10_size_plus_impact_bm+book_to_market_lf_minus_size+book_to_market_lf_plus_impact+t10_size_plus_impact_wc+impact60+reversal40,0.3094849568901455,0.49573789863273,0.7758870976784896,0.584554449854805,23.061390822445894,0.19407178249229692,0.38814356498459385,1.1250490176096464,25.296463099834952,0.029744273917963797,"[0.01579, 0.03726, 0.01692, 0.0154, 0.03844]"
add-6th,size_only+impact60+t10_size_plus_impact_bm+book_to_market_lf_minus_size+book_to_market_lf_plus_impact+t10_size_plus_impact_aggregate+t10_size_plus_impact_downside+reversal_turn_paper,0.2733106779188948,0.4638494672156552,0.8162239547666289,0.5843102287542413,23.425309626623832,0.18041916102865632,0.36083832205731264,1.1191277058069415,27.160412322847716,0.02783096803293931,"[0.01024, 0.01579, 0.03726, 0.01692, 0.0154, 0.03559]"
add-6th,size_only+impact60+t10_size_plus_impact_bm+book_to_market_lf_minus_size+book_to_market_lf_plus_impact+t10_size_plus_impact_downside+t10_size_plus_impact_dd120+t10_size_plus_wc_mcap,0.26841920287408255,0.46187928428958297,0.8198854201873615,0.5842900291604832,24.032015809902312,0.18537169026778874,0.3707433805355775,1.126346387323591,27.185319007543296,0.027712757057374977,"[0.01024, 0.01579, 0.03726, 0.01692, 0.0154, 0.03324]"
replace-SIZE,impact60+t10_size_plus_impact_bm+book_to_market_lf_minus_size+book_to_market_lf_plus_impact+t10_size_plus_impact_dd120+impact60+reversal_chip_eq,0.2973535397706425,0.49035832486943565,0.7846643990679829,0.5841951012390233,23.102128049663694,0.19266161301911422,0.38532322603822844,1.120252292860236,24.92009109076,0.029421499492166138,"[0.01579, 0.03726, 0.01692, 0.0154, 0.03359]"
add-6th,size_only+impact60+t10_size_plus_impact_bm+book_to_market_lf_minus_size+book_to_market_lf_plus_impact+t10_size_plus_impact_downside+t10_size_plus_impact+t10_size_plus_impact_bm,0.2723493872503869,0.45561164100078844,0.8227167825153099,0.5841565039322427,23.468340225422608,0.1791702649571308,0.3583405299142616,1.1170473046552167,27.10407543520582,0.027336698460047305,"[0.01024, 0.01579, 0.03726, 0.01692, 0.0154, 0.03513]"
add-6th,size_only+impact60+t10_size_plus_impact_bm+book_to_market_lf_minus_size+book_to_market_lf_plus_impact+t10_size_plus_impact_bm+t10_size_plus_impact_fscore+t10_size_plus_impact_wc,0.2756001594936681,0.4698189603276479,0.8095226732000761,0.5838418709534446,23.385965496862298,0.18163151766572144,0.3632630353314429,1.1167238993538724,27.031943794301817,0.028189137619658872,"[0.01024, 0.01579, 0.03726, 0.01692, 0.0154, 0.03669]"
add-6th,size_only+impact60+t10_size_plus_impact_bm+book_to_market_lf_minus_size+book_to_market_lf_plus_impact+book_to_market_lf_plus_impact+reversal_chip_turn_paper+reversal_turn_eq,0.27066773043914044,0.4585009640679848,0.8199046174037532,0.5835659613433117,23.080551697592483,0.17856938089259855,0.3571387617851971,1.117679711067488,26.577987789688095,0.027510057844079085,"[0.01024, 0.01579, 0.03726, 0.01692, 0.0154, 0.03432]"
add-6th,size_only+impact60+t10_size_plus_impact_bm+book_to_market_lf_minus_size+book_to_market_lf_plus_impact+size_only+t10_size_plus_impact_bm+reversal_chip_eq,0.26838369565946313,0.4380037385780068,0.8367351135368902,0.5835088487257956,23.716079301465026,0.17603555556981856,0.3520711111396371,1.1162719883609749,27.69482613870411,0.026280224314680405,"[0.01024, 0.01579, 0.03726, 0.01692, 0.0154, 0.03323]"
add-6th,size_only+impact60+t10_size_plus_impact_bm+book_to_market_lf_minus_size+book_to_market_lf_plus_impact+t10_size_plus_impact_aggregate+t10_nomcap_plus_impact,0.27466712643614255,0.46515816716889574,0.8126901813934633,0.5834493654234005,23.725835171795875,0.18459982058952282,0.36919964117904563,1.122395515074922,26.996963881863035,0.027909490030133745,"[0.01024, 0.01579, 0.03726, 0.01692, 0.0154, 0.03624]"
add-6th,size_only+impact60+t10_size_plus_impact_bm+book_to_market_lf_minus_size+book_to_market_lf_plus_impact+t10_size_plus_impact_downside+t10_size_plus_impact_wc+reversal_chip_turn_eq,0.26946623972229955,0.474898620045741,0.8064206287111725,0.5829970478804969,23.85039873713342,0.1872270495444821,0.3744540990889642,1.1238505261711027,27.005113680095572,0.02849391720274446,"[0.01024, 0.01579, 0.03726, 0.01692, 0.0154, 0.03375]"
add-6th,size_only+impact60+t10_size_plus_impact_bm+book_to_market_lf_minus_size+book_to_market_lf_plus_impact+t10_size_plus_impact_aggregate+t10_size_plus_impact_fscore+reversal_turn_paper,0.2747709260590402,0.4718351429569213,0.8059571375623771,0.5827771971498001,23.593650863571845,0.18534166406189417,0.37068332812378835,1.124919436913856,27.051474255468754,0.028310108577415276,"[0.01024, 0.01579, 0.03726, 0.01692, 0.0154, 0.03629]"
replace-SIZE,impact60+t10_size_plus_impact_bm+book_to_market_lf_minus_size+book_to_market_lf_plus_impact+t10_size_plus_impact_bm+impact60+reversal_turn_eq,0.30873879849204544,0.48767297384290403,0.7782002442464904,0.5826234104543462,22.226543355825008,0.1848751266469365,0.369750253293873,1.1089253480615924,24.9625381826999,0.02926037843057424,"[0.01579, 0.03726, 0.01692, 0.0154, 0.03814]"
add-6th,size_only+impact60+t10_size_plus_impact_bm+book_to_market_lf_minus_size+book_to_market_lf_plus_impact+t10_size_plus_impact_fscore,0.27871326858333334,0.4785621898100334,0.7982892433559237,0.5824695796603441,23.484300982722235,0.18575551903167828,0.37151103806335656,1.118352150354197,26.872694404119535,0.028713731388602004,"[0.01024, 0.01579, 0.03726, 0.01692, 0.0154, 0.03818]"
replace-SIZE,impact60+t10_size_plus_impact_bm+book_to_market_lf_minus_size+book_to_market_lf_plus_impact+t10_size_plus_impact_fscore+book_to_market_lf_plus_impact+reversal_turn_paper,0.30125755834516443,0.46130788829784247,0.8016494626431454,0.5824515307626932,22.226032133237066,0.18130350938812756,0.3626070187762551,1.118570509242959,24.872444591767206,0.027678473297870546,"[0.01579, 0.03726, 0.01692, 0.0154, 0.03515]"
replace-SIZE,impact60+t10_size_plus_impact_bm+book_to_market_lf_minus_size+book_to_market_lf_plus_impact+size_only+t10_size_plus_impact_wc+reversal_chip_turn_paper,0.29696449357840177,0.47713505593333544,0.7908919591631359,0.5822915499157589,22.580378679672627,0.1820009906934185,0.364001981386837,1.1099207885787872,25.899512959647307,0.028628103356000124,"[0.01579, 0.03726, 0.01692, 0.0154, 0.03343]"
replace-SIZE,impact60+t10_size_plus_impact_bm+book_to_market_lf_minus_size+book_to_market_lf_plus_impact+t10_size_plus_impact_aggregate+turn_bias,0.300468910095789,0.5123158188023993,0.760422791275586,0.5815945746740112,21.33824185951938,0.17786874239597472,0.35573748479194944,1.0878861857148103,25.06767416191392,0.03073894912814396,"[0.01579, 0.03726, 0.01692, 0.0154, 0.03483]"
add-6th,size_only+impact60+t10_size_plus_impact_bm+book_to_market_lf_minus_size+book_to_market_lf_plus_impact+t10_size_plus_impact_g13+t10_size_plus_impact_wc+t10_size_plus_wc_mcap,0.27214458869672375,0.46012584386303496,0.8122516434030911,0.580986202622798,23.519595457882335,0.1802365564265556,0.3604731128531112,1.1136079856764276,27.438547579537463,0.027607550631782097,"[0.01024, 0.01579, 0.03726, 0.01692, 0.0154, 0.03503]"
add-6th,size_only+impact60+t10_size_plus_impact_bm+book_to_market_lf_minus_size+book_to_market_lf_plus_impact+t10_size_plus_impact_aggregate+t10_size_plus_impact_wc+reversal_turn_paper_nomcap,0.27489702220181317,0.46621538835250564,0.8057741075351361,0.5807531387545509,23.364808185203692,0.18306659583669022,0.36613319167338043,1.120944542388685,27.011592896671132,0.027972923301150338,"[0.01024, 0.01579, 0.03726, 0.01692, 0.0154, 0.03635]"
replace-SIZE,impact60+t10_size_plus_impact_bm+book_to_market_lf_minus_size+book_to_market_lf_plus_impact+t10_size_plus_impact_downside+paper_composite+reversal_chip_turn_eq,0.2970874458202487,0.4720838556492338,0.7910008393822742,0.5805972163633049,22.310791338027336,0.1825342849208291,0.3650685698416582,1.1132525448165917,25.201673691231086,0.028325031338954025,"[0.01579, 0.03726, 0.01692, 0.0154, 0.03348]"
replace-SIZE,impact60+t10_size_plus_impact_bm+book_to_market_lf_minus_size+book_to_market_lf_plus_impact+t10_size_plus_impact_fscore+t10_size_plus_wc_mcap+book_to_market_lf_div_oper_main_profit_ttm,0.29782791890706495,0.4794682264157885,0.7848278633171787,0.5805520015196693,22.509621741291447,0.18217634266989474,0.3643526853397895,1.1091559833351647,26.06618352001363,0.02876809358494731,"[0.01579, 0.03726, 0.01692, 0.0154, 0.03378]"
add-6th,size_only+impact60+t10_size_plus_impact_bm+book_to_market_lf_minus_size+book_to_market_lf_plus_impact+t10_size_plus_impact_g13+t10_size_plus_impact+t10_nomcap_plus_impact,0.27206584809151624,0.46194802561429515,0.8090129511162013,0.5801508065855971,23.691618017440756,0.1844847243219826,0.3689694486439652,1.1201614662649726,27.09395193465147,0.02771688153685771,"[0.01024, 0.01579, 0.03726, 0.01692, 0.0154, 0.03499]"
add-6th,size_only+impact60+t10_size_plus_impact_bm+book_to_market_lf_minus_size+book_to_market_lf_plus_impact+t10_size_plus_impact,0.27259255885833333,0.45931413699394513,0.8102836395348778,0.5799060975102425,23.69213016702791,0.18380911307806824,0.3676182261561365,1.1195213132387776,27.18102248526646,0.02755884821963671,"[0.01024, 0.01579, 0.03726, 0.01692, 0.0154, 0.03525]"
replace-SIZE,impact60+t10_size_plus_impact_bm+book_to_market_lf_minus_size+book_to_market_lf_plus_impact+t10_size_plus_impact_aggregate+book_to_market_lf_minus_size+reversal_chip_turn_eq,0.301031248469947,0.4730801709360136,0.7866415859642425,0.5797730232055033,22.193311072308404,0.18114423636899782,0.36228847273799564,1.1042716664628451,25.189535928560026,0.028384810256160815,"[0.01579, 0.03726, 0.01692, 0.0154, 0.03506]"
add-6th,size_only+impact60+t10_size_plus_impact_bm+book_to_market_lf_minus_size+book_to_market_lf_plus_impact+t10_size_plus_impact_aggregate+t10_size_plus_impact_g13+reversal_chip_turn_eq,0.2716568141603978,0.46219567749150703,0.8074154383276506,0.5794367972015498,23.62224711220113,0.18445894917102607,0.36891789834205213,1.1188334962895343,26.98123255532957,0.02773174064949042,"[0.01024, 0.01579, 0.03726, 0.01692, 0.0154, 0.0348]"
add-6th,size_only+impact60+t10_size_plus_impact_bm+book_to_market_lf_minus_size+book_to_market_lf_plus_impact+t10_size_plus_impact_aggregate+t10_size_plus_wc_mcap+reversal_chip_turn_paper,0.2704398694448677,0.46663013448441254,0.8042839989530431,0.5793363204873874,23.677252521858446,0.18654669032837387,0.37309338065674774,1.1223854898534718,26.87557539457507,0.027997808069064753,"[0.01024, 0.01579, 0.03726, 0.01692, 0.0154, 0.03421]"
replace-SIZE,impact60+t10_size_plus_impact_bm+book_to_market_lf_minus_size+book_to_market_lf_plus_impact+t10_size_plus_impact_aggregate+book_to_market_lf_minus_size+reversal40,0.3023256160317187,0.47998117587503414,0.7793652737851748,0.5791729079659345,22.878343639102898,0.19019640587374384,0.3803928117474877,1.1209956030871961,25.535059430026507,0.02879887055250205,"[0.01579, 0.03726, 0.01692, 0.0154, 0.03558]"
replace-SIZE,impact60+t10_size_plus_impact_bm+book_to_market_lf_minus_size+book_to_market_lf_plus_impact+t10_size_plus_impact_wc+book_to_market_lf_plus_impact+reversal_turn_paper_nomcap,0.2991327502329417,0.46674557279496504,0.7910364874834532,0.5791539198923801,21.770703517012638,0.17802987040081894,0.3560597408016379,1.1072500236757141,24.912031505908416,0.0280047343676979,"[0.01579, 0.03726, 0.01692, 0.0154, 0.0343]"
add-6th,size_only+impact60+t10_size_plus_impact_bm+book_to_market_lf_minus_size+book_to_market_lf_plus_impact+t10_size_plus_impact_g13+t10_size_plus_wc_mcap+reversal_turn_paper,0.27354308291532164,0.4656320551533779,0.8030639045769887,0.5790585929463915,23.676503947937093,0.1861711925917916,0.3723423851835832,1.1239958319548808,27.153517543098072,0.027937923309202674,"[0.01024, 0.01579, 0.03726, 0.01692, 0.0154, 0.0357]"
add-6th,size_only+impact60+t10_size_plus_impact_bm+book_to_market_lf_minus_size+book_to_market_lf_plus_impact+impact60+t10_nomcap_plus_impact+reversal40,0.27633357480609855,0.46693692435848927,0.8001773702134778,0.5787744550827559,23.582382919783896,0.18588941087780905,0.3717788217556181,1.1186991940445477,26.951407774097213,0.028016215461509356,"[0.01024, 0.01579, 0.03726, 0.01692, 0.0154, 0.03704]"
replace-SIZE,impact60+t10_size_plus_impact_bm+book_to_market_lf_minus_size+book_to_market_lf_plus_impact+t10_size_plus_impact_aggregate+book_to_market_lf_minus_size+reversal_turn_eq,0.3050477147812592,0.482737226695054,0.7743453554627229,0.578422982257746,22.052750537949006,0.18223618827345447,0.36447237654690895,1.103672558051609,25.35492191529658,0.02896423360170324,"[0.01579, 0.03726, 0.01692, 0.0154, 0.03667]"
replace-SIZE,impact60+t10_size_plus_impact_bm+book_to_market_lf_minus_size+book_to_market_lf_plus_impact+impact60+reversal_chip_turn_size_eq+t10_nomcap_plus_impact,0.3020928009547755,0.4926641726746557,0.7679160264582257,0.5784132325332861,22.311776768813694,0.18629216346030555,0.3725843269206111,1.1040696226290923,25.259873492334183,0.02955985036047934,"[0.01579, 0.03726, 0.01692, 0.0154, 0.03548]"
replace-SIZE,impact60+t10_size_plus_impact_bm+book_to_market_lf_minus_size+book_to_market_lf_plus_impact+size_only+t10_size_plus_impact_fscore+reversal_chip_turn_size_eq,0.29590206870424746,0.476901847375506,0.7828573234715318,0.5783818558844659,22.88997045610485,0.18633841820794292,0.37267683641588584,1.1138305499605499,26.116915331956967,0.02861411084253036,"[0.01579, 0.03726, 0.01692, 0.0154, 0.03301]"
replace-SIZE,impact60+t10_size_plus_impact_bm+book_to_market_lf_minus_size+book_to_market_lf_plus_impact+t10_size_plus_impact_aggregate+t10_size_plus_impact_bm,0.30388679719706496,0.4840227096489666,0.7723378071455005,0.5777373210320265,22.387609849316778,0.18632499088635432,0.37264998177270864,1.1058786837736927,25.208303789020704,0.029041362578937996,"[0.01579, 0.03726, 0.01692, 0.0154, 0.0362]"
replace-SIZE,impact60+t10_size_plus_impact_bm+book_to_market_lf_minus_size+book_to_market_lf_plus_impact+impact60+t10_size_plus_wc_mcap+reversal_chip_turn_eq,0.30150477400104625,0.4989180586719027,0.7607638563172269,0.5772660106781273,22.2349793262951,0.1876141005697147,0.3752282011394294,1.1038638319784513,25.1815399276495,0.02993508352031416,"[0.01579, 0.03726, 0.01692, 0.0154, 0.03525]"
replace-SIZE,impact60+t10_size_plus_impact_bm+book_to_market_lf_minus_size+book_to_market_lf_plus_impact+impact60+reversal_chip_turn_size_eq+reversal_chip_turn_paper,0.30278475676023375,0.4835216729127234,0.7713803350527036,0.5769106876452166,22.312175538046542,0.18665957549625437,0.37331915099250873,1.107371966222738,25.05818414526182,0.029011300374763405,"[0.01579, 0.03726, 0.01692, 0.0154, 0.03576]"
add-6th,size_only+impact60+t10_size_plus_impact_bm+book_to_market_lf_minus_size+book_to_market_lf_plus_impact+t10_size_plus_impact+t10_size_plus_impact_fscore+reversal_chip_turn_size_eq,0.2700426525659594,0.4802896806893347,0.7882073777164232,0.5768032387268495,23.638001905100353,0.18912928582113386,0.3782585716422677,1.119072765057015,26.97862732821149,0.028817380841360082,"[0.01024, 0.01579, 0.03726, 0.01692, 0.0154, 0.03402]"
replace-SIZE,impact60+t10_size_plus_impact_bm+book_to_market_lf_minus_size+book_to_market_lf_plus_impact+t10_nomcap_plus_impact+impact_abs_return60+reversal_chip_turn_paper,0.3000628323047095,0.4853480679742385,0.7707495793721814,0.576721700969407,22.14048281000143,0.18499254874836388,0.36998509749672776,1.104601524091707,25.032494012310014,0.02912088407845431,"[0.01579, 0.03726, 0.01692, 0.0154, 0.03467]"
replace-SIZE,impact60+t10_size_plus_impact_bm+book_to_market_lf_minus_size+book_to_market_lf_plus_impact+t10_size_plus_impact+impact_abs_return60+reversal40,0.3013246261678857,0.4873116866198253,0.7679407202876211,0.5763973396799456,23.149834005536402,0.19577092293672343,0.39154184587344687,1.1243378204243895,25.572801405893742,0.029238701197189517,"[0.01579, 0.03726, 0.01692, 0.0154, 0.03518]"
replace-SIZE,impact60+t10_size_plus_impact_bm+book_to_market_lf_minus_size+book_to_market_lf_plus_impact+t10_size_plus_impact_wc+book_to_market_lf_minus_size+reversal_chip_eq,0.29750388534961625,0.474971095198418,0.7788523338305723,0.5762242106131271,22.540997567413672,0.18648228711546955,0.3729645742309391,1.1105247321789442,25.31151360494971,0.02849826571190508,"[0.01579, 0.03726, 0.01692, 0.0154, 0.03365]"
add-6th,size_only+impact60+t10_size_plus_impact_bm+book_to_market_lf_minus_size+book_to_market_lf_plus_impact+t10_size_plus_impact_g13+t10_size_plus_impact_bm+reversal_turn_paper_nomcap,0.2727033954614752,0.4685086903716422,0.7946709995761702,0.5761206705316464,23.04110393291829,0.1824512851718877,0.3649025703437754,1.1138452519593056,26.83883580105586,0.028110521422298532,"[0.01024, 0.01579, 0.03726, 0.01692, 0.0154, 0.0353]"
replace-SIZE,impact60+t10_size_plus_impact_bm+book_to_market_lf_minus_size+book_to_market_lf_plus_impact+t10_size_plus_impact_dd120+book_to_market_lf_minus_size+t10_nomcap_plus_impact,0.2996169689572825,0.47455422867108754,0.7771374618119029,0.5757292316416934,22.241072736915125,0.18418870625120182,0.36837741250240363,1.1047334524087298,25.07640174141782,0.02847325372026525,"[0.01579, 0.03726, 0.01692, 0.0154, 0.03449]"
replace-SIZE,impact60+t10_size_plus_impact_bm+book_to_market_lf_minus_size+book_to_market_lf_plus_impact+t10_size_plus_impact_fscore+book_to_market_lf_plus_impact+reversal_chip_eq,0.2999002845363955,0.4724194371442947,0.7781567284742783,0.5754973877212075,22.582870014220376,0.18932794966124214,0.3786558993224843,1.1170631844924819,24.931707824117076,0.02834516622865768,"[0.01579, 0.03726, 0.01692, 0.0154, 0.03461]"
add-6th,size_only+impact60+t10_size_plus_impact_bm+book_to_market_lf_minus_size+book_to_market_lf_plus_impact+t10_size_plus_impact_bm+t10_size_plus_impact_dd120+t10_size_plus_wc_mcap,0.26805653468309415,0.46486619134698487,0.7979199703799722,0.5753784605790511,23.693698443955252,0.1869269952557628,0.3738539905115256,1.1194318308372544,27.099090604559393,0.02789197148081909,"[0.01024, 0.01579, 0.03726, 0.01692, 0.0154, 0.03307]"
add-6th,size_only+impact60+t10_size_plus_impact_bm+book_to_market_lf_minus_size+book_to_market_lf_plus_impact+t10_size_plus_impact_wc+reversal_chip_turn_size_eq+t10_nomcap_plus_impact,0.26844104534522517,0.47844604646666394,0.7864988261576132,0.5750687971033034,23.662393767924094,0.1895337801552319,0.3790675603104638,1.1186400796960625,27.01683406721006,0.028706762787999836,"[0.01024, 0.01579, 0.03726, 0.01692, 0.0154, 0.03325]"
add-6th,size_only+impact60+t10_size_plus_impact_bm+book_to_market_lf_minus_size+book_to_market_lf_plus_impact+t10_size_plus_impact_downside+reversal_turn_paper,0.2733605188893715,0.46928752121580447,0.7908149495583036,0.5747894635046424,23.212826922727032,0.18407150376589484,0.3681430075317897,1.1150729671284152,27.095301873825207,0.028157251272948266,"[0.01024, 0.01579, 0.03726, 0.01692, 0.0154, 0.03562]"
add-6th,size_only+impact60+t10_size_plus_impact_bm+book_to_market_lf_minus_size+book_to_market_lf_plus_impact+t10_size_plus_impact_fscore+book_to_market_lf_minus_size+reversal_turn_eq,0.2751168915591504,0.4536451845580496,0.8020485116159211,0.574721023134312,22.897068313845786,0.17709148815936332,0.35418297631872664,1.1089675172046958,27.39627553440772,0.027218711073482973,"[0.01024, 0.01579, 0.03726, 0.01692, 0.0154, 0.03646]"
replace-SIZE,impact60+t10_size_plus_impact_bm+book_to_market_lf_minus_size+book_to_market_lf_plus_impact+impact60+reversal_chip_turn_size_eq+reversal_turn_paper,0.30315214227807724,0.48940264918376913,0.7617651326390006,0.5747156653574849,22.070481042222546,0.18577533602967228,0.37155067205934456,1.104198709457359,25.26356256901122,0.029364158951026148,"[0.01579, 0.03726, 0.01692, 0.0154, 0.03591]"
add-6th,size_only+impact60+t10_size_plus_impact_bm+book_to_market_lf_minus_size+book_to_market_lf_plus_impact+t10_size_plus_impact_fscore+book_to_market_lf_div_oper_main_profit_ttm+reversal_turn_eq,0.26802185592921474,0.46050484666094105,0.7995984196195126,0.574600356345953,23.124469589332023,0.1776379867756316,0.3552759735512632,1.106521914265285,27.822727113123037,0.02763029079965646,"[0.01024, 0.01579, 0.03726, 0.01692, 0.0154, 0.03305]"
add-6th,size_only+impact60+t10_size_plus_impact_bm+book_to_market_lf_minus_size+book_to_market_lf_plus_impact+t10_size_plus_impact_wc+t10_size_plus_wc_mcap,0.26977534079504795,0.4794030565910345,0.7839756213384006,0.5745351675681519,23.13562022505954,0.18326514814864972,0.36653029629729944,1.1066830063983213,27.218451542238885,0.028764183395462068,"[0.01024, 0.01579, 0.03726, 0.01692, 0.0154, 0.03389]"
add-6th,size_only+impact60+t10_size_plus_impact_bm+book_to_market_lf_minus_size+book_to_market_lf_plus_impact+t10_size_plus_impact+t10_size_plus_impact_dd120+t10_size_plus_wc_mcap,0.26834809398532544,0.465270384545402,0.7955847532244258,0.5745273923389473,23.777840130084353,0.18839939845272177,0.37679879690544354,1.120443665388015,27.072840131696164,0.02791622307272412,"[0.01024, 0.01579, 0.03726, 0.01692, 0.0154, 0.03321]"
replace-SIZE,impact60+t10_size_plus_impact_bm+book_to_market_lf_minus_size+book_to_market_lf_plus_impact+impact60+t10_nomcap_plus_impact+reversal40,0.3059881079023182,0.5024565313959811,0.7498018420429101,0.5744682364883666,22.84359163152454,0.19877804490861364,0.3975560898172273,1.118935654239474,25.023014328857762,0.030147391883758867,"[0.01579, 0.03726, 0.01692, 0.0154, 0.03704]"
replace-SIZE,impact60+t10_size_plus_impact_bm+book_to_market_lf_minus_size+book_to_market_lf_plus_impact+t10_size_plus_impact_dd120+impact_abs_return60+reversal40,0.299098495875898,0.48885327330072,0.762863160442102,0.5742067670293775,23.257148315840872,0.19917861035574058,0.39835722071148116,1.1262831896553491,25.325682727166477,0.0293311963980432,"[0.01579, 0.03726, 0.01692, 0.0154, 0.03429]"
add-6th,size_only+impact60+t10_size_plus_impact_bm+book_to_market_lf_minus_size+book_to_market_lf_plus_impact+t10_size_plus_impact_wc+t10_size_plus_impact_dd120+reversal_turn_paper,0.2715977959330621,0.4678757347110353,0.7911589765113807,0.5740976057655961,23.704014988581324,0.18891263454551396,0.3778252690910279,1.1220071871870154,27.13709927541038,0.028072544082662115,"[0.01024, 0.01579, 0.03726, 0.01692, 0.0154, 0.03477]"
replace-SIZE,impact60+t10_size_plus_impact_bm+book_to_market_lf_minus_size+book_to_market_lf_plus_impact+t10_size_plus_impact_fscore+impact_abs_return60+reversal40,0.3061903932554945,0.48691825063175104,0.7603457791712597,0.5738150669992785,23.142114036829767,0.19750313099333888,0.39500626198667776,1.1254419778900768,25.675411496483136,0.02921509503790506,"[0.01579, 0.03726, 0.01692, 0.0154, 0.03712]"
replace-SIZE,impact60+t10_size_plus_impact_bm+book_to_market_lf_minus_size+book_to_market_lf_plus_impact+impact_abs_return60+reversal_chip_turn_paper+reversal_turn_paper_nomcap,0.3013706231898522,0.4723818095927325,0.7728954234121208,0.5734106985308811,22.052202526409516,0.18578898008995764,0.3715779601799153,1.1120516801411697,24.778365954763395,0.02834290857556395,"[0.01579, 0.03726, 0.01692, 0.0154, 0.0352]"
replace-SIZE,impact60+t10_size_plus_impact_bm+book_to_market_lf_minus_size+book_to_market_lf_plus_impact+t10_size_plus_impact_wc+reversal_chip_turn_paper+book_to_market_lf_div_oper_main_profit_ttm,0.29799924382266896,0.47717663121608944,0.7705521196743391,0.5733601235436177,22.13974055878101,0.18301851710230804,0.3660370342046161,1.1034305405894582,25.606262112275335,0.028630597872965364,"[0.01579, 0.03726, 0.01692, 0.0154, 0.03385]"
replace-SIZE,impact60+t10_size_plus_impact_bm+book_to_market_lf_minus_size+book_to_market_lf_plus_impact+size_only+t10_size_plus_impact_wc+reversal_turn_paper_nomcap,0.301696066711055,0.4797636893429623,0.7663853655428533,0.5731299191065318,21.9800269887671,0.18200229139736745,0.3640045827947349,1.1016256219311589,25.728117361617986,0.028785821360577737,"[0.01579, 0.03726, 0.01692, 0.0154, 0.03533]"
replace-SIZE,impact60+t10_size_plus_impact_bm+book_to_market_lf_minus_size+book_to_market_lf_plus_impact+t10_size_plus_impact_fscore+reversal_chip_turn_size_eq+book_to_market_lf_div_oper_main_profit_ttm,0.2973969289211412,0.47934639286294417,0.7675961267661582,0.5726688803310299,22.427992101868906,0.18486666577117186,0.3697333315423437,1.1039185306476917,26.018905001822624,0.02876078357177665,"[0.01579, 0.03726, 0.01692, 0.0154, 0.03361]"
add-6th,size_only+impact60+t10_size_plus_impact_bm+book_to_market_lf_minus_size+book_to_market_lf_plus_impact+t10_size_plus_impact_downside+reversal_chip_turn_size_eq+t10_nomcap_plus_impact,0.2701057619551373,0.468098135459969,0.7882395372810781,0.5725632915785017,23.575315379625206,0.1887572515419514,0.3775145030839028,1.117390093882541,26.852703399964017,0.028085888127598137,"[0.01024, 0.01579, 0.03726, 0.01692, 0.0154, 0.03405]"
replace-SIZE,impact60+t10_size_plus_impact_bm+book_to_market_lf_minus_size+book_to_market_lf_plus_impact+book_to_market_lf_plus_impact+t10_size_plus_wc_mcap+reversal_turn_paper,0.30183753551737647,0.46974462811211737,0.772084786047032,0.5722162806638809,21.861280754784055,0.1821013418577571,0.3642026837155142,1.105364372693146,25.15020390569832,0.02818467768672704,"[0.01579, 0.03726, 0.01692, 0.0154, 0.03538]"
add-6th,size_only+impact60+t10_size_plus_impact_bm+book_to_market_lf_minus_size+book_to_market_lf_plus_impact+t10_size_plus_impact_g13+t10_size_plus_impact_bm+reversal_chip_turn_size_eq,0.2714937350646819,0.45804919825875623,0.7942908832448924,0.5720468638637026,23.2161575087284,0.18226252051766845,0.3645250410353369,1.1102618122412857,27.168922726977407,0.02748295189552537,"[0.01024, 0.01579, 0.03726, 0.01692, 0.0154, 0.03472]"
add-6th,size_only+impact60+t10_size_plus_impact_bm+book_to_market_lf_minus_size+book_to_market_lf_plus_impact+t10_size_plus_impact_g13+t10_size_plus_impact_dd120+reversal_turn_paper,0.27198530922832626,0.4614870757663694,0.7912126054782275,0.5719632108290968,23.48115122962639,0.18643501551456634,0.3728700310291327,1.1184607275419796,27.1664202258996,0.02768922454598216,"[0.01024, 0.01579, 0.03726, 0.01692, 0.0154, 0.03496]"
replace-SIZE,impact60+t10_size_plus_impact_bm+book_to_market_lf_minus_size+book_to_market_lf_plus_impact+t10_size_plus_impact_fscore+book_to_market_lf_minus_size+reversal_turn_paper,0.29997357902260546,0.46634713221565494,0.7739693492921662,0.571502419261475,22.029311043542844,0.18287554334866496,0.3657510866973299,1.1086532653565937,25.37942412095413,0.027980827932939295,"[0.01579, 0.03726, 0.01692, 0.0154, 0.03464]"
replace-SIZE,impact60+t10_size_plus_impact_bm+book_to_market_lf_minus_size+book_to_market_lf_plus_impact+t10_size_plus_impact_wc+reversal_chip_turn_size_eq+book_to_market_lf_div_oper_main_profit_ttm,0.2968532193330838,0.47844743528902,0.7653841090274544,0.5712500952801283,22.25260939641541,0.18326168806722695,0.3665233761344539,1.1013118442454504,26.09857293669302,0.0287068461173412,"[0.01579, 0.03726, 0.01692, 0.0154, 0.03339]"
add-6th,size_only+impact60+t10_size_plus_impact_bm+book_to_market_lf_minus_size+book_to_market_lf_plus_impact+t10_size_plus_impact_downside+t10_size_plus_impact_dd120+reversal_turn_paper_nomcap,0.2708083769224094,0.466638658813659,0.7845768391024375,0.5705447835653594,23.34619256019827,0.1872660584754052,0.3745321169508104,1.1167099830570326,26.977601838234435,0.02799831952881954,"[0.01024, 0.01579, 0.03726, 0.01692, 0.0154, 0.03439]"
replace-SIZE,impact60+t10_size_plus_impact_bm+book_to_market_lf_minus_size+book_to_market_lf_plus_impact+t10_size_plus_impact_aggregate+t10_size_plus_impact_bm+t10_size_plus_impact_wc,0.304916609456311,0.5007710860970787,0.7422135308931098,0.5702492909271392,22.010605784074187,0.18825952245218405,0.3765190449043681,1.0953478611058343,25.376885430342845,0.03004626516582472,"[0.01579, 0.03726, 0.01692, 0.0154, 0.03661]"
replace-SIZE,impact60+t10_size_plus_impact_bm+book_to_market_lf_minus_size+book_to_market_lf_plus_impact+t10_size_plus_impact_wc+paper_composite+reversal_chip_turn_eq,0.2976274011984662,0.4714325311641769,0.7680491352786485,0.570148977022547,22.13904465743976,0.1856684911629201,0.3713369823258402,1.1097296652009687,25.29016100147542,0.028285951869850612,"[0.01579, 0.03726, 0.01692, 0.0154, 0.0337]"
replace-SIZE,impact60+t10_size_plus_impact_bm+book_to_market_lf_minus_size+book_to_market_lf_plus_impact+t10_size_plus_impact_downside+t10_size_plus_impact_wc+t10_size_plus_impact_dd120,0.29950482840032,0.505172028196344,0.7406297609917472,0.5699945679950706,22.537006115481276,0.19444479433341413,0.38888958866682827,1.1034886971245705,25.42602630993548,0.030310321691780637,"[0.01579, 0.03726, 0.01692, 0.0154, 0.03445]"
replace-SIZE,impact60+t10_size_plus_impact_bm+book_to_market_lf_minus_size+book_to_market_lf_plus_impact+t10_size_plus_impact_bm+book_to_market_lf_minus_size+reversal_chip_turn_eq,0.3002252242316055,0.46828081571289365,0.7669586003068352,0.5690747004839097,21.782029503017963,0.18199358132164117,0.36398716264328235,1.0969452161232063,24.915598561168927,0.028096848942773617,"[0.01579, 0.03726, 0.01692, 0.0154, 0.03474]"
replace-SIZE,impact60+t10_size_plus_impact_bm+book_to_market_lf_minus_size+book_to_market_lf_plus_impact+t10_size_plus_impact_g13+t10_size_plus_impact_wc+t10_size_plus_wc_mcap,0.3009613245710685,0.5077435051296585,0.7353751643000395,0.5688213156446119,22.22748060017142,0.19128238400517042,0.38256476801034084,1.0986963199799358,25.73418995955824,0.030464610307779506,"[0.01579, 0.03726, 0.01692, 0.0154, 0.03503]"
replace-SIZE,impact60+t10_size_plus_impact_bm+book_to_market_lf_minus_size+book_to_market_lf_plus_impact+t10_size_plus_impact_dd120+book_to_market_lf_minus_size+reversal_turn_paper,0.2974649729284307,0.4762345979279344,0.7609494409968358,0.5686023523090393,21.803629328218747,0.18273165195247892,0.36546330390495785,1.0973053240152701,25.214979300699337,0.02857407587567606,"[0.01579, 0.03726, 0.01692, 0.0154, 0.03363]"
replace-SIZE,impact60+t10_size_plus_impact_bm+book_to_market_lf_minus_size+book_to_market_lf_plus_impact+t10_size_plus_impact_aggregate+t10_size_plus_impact_downside+reversal_chip_turn_size_eq,0.3006480660695045,0.5027892792983164,0.7380179247217531,0.5682139270931005,22.39239846170679,0.19371312080680236,0.3874262416136047,1.10104138928095,25.347528514206164,0.030167356757898986,"[0.01579, 0.03726, 0.01692, 0.0154, 0.03491]"
replace-SIZE,impact60+t10_size_plus_impact_bm+book_to_market_lf_minus_size+book_to_market_lf_plus_impact+t10_size_plus_impact_g13+t10_size_plus_impact+t10_nomcap_plus_impact,0.30086683584481944,0.5081417660699854,0.7330881354356277,0.5679126462394912,22.36826003041577,0.19587739585514874,0.3917547917102975,1.1026312858444416,25.112556127664377,0.030488505964199126,"[0.01579, 0.03726, 0.01692, 0.0154, 0.03499]"
replace-SIZE,impact60+t10_size_plus_impact_bm+book_to_market_lf_minus_size+book_to_market_lf_plus_impact+t10_size_plus_impact_fscore+book_to_market_lf_plus_impact+reversal40,0.30211263849731024,0.477100494391376,0.7564388858558344,0.5678051993715691,22.5297592044417,0.19404347121890023,0.38808694243780045,1.1188262584048023,25.102409430297744,0.028626029663482558,"[0.01579, 0.03726, 0.01692, 0.0154, 0.03549]"
replace-SIZE,impact60+t10_size_plus_impact_bm+book_to_market_lf_minus_size+book_to_market_lf_plus_impact+t10_size_plus_impact_fscore+book_to_market_lf_minus_size+reversal_turn_eq,0.30452808800598047,0.47862870980293387,0.7538183830713328,0.5676439384143227,22.147551483585616,0.1886926343577868,0.3773852687155736,1.1084043433171555,25.390766129797615,0.02871772258817603,"[0.01579, 0.03726, 0.01692, 0.0154, 0.03646]"
replace-SIZE,impact60+t10_size_plus_impact_bm+book_to_market_lf_minus_size+book_to_market_lf_plus_impact+impact60+reversal_chip_turn_size_eq+reversal_turn_paper_nomcap,0.30465506793131675,0.4856790861790407,0.747362770592917,0.5672319405157402,21.70806361798988,0.1861003984164715,0.372200796832943,1.098571761418761,25.011758060555998,0.02914074517074244,"[0.01579, 0.03726, 0.01692, 0.0154, 0.03651]"
replace-SIZE,impact60+t10_size_plus_impact_bm+book_to_market_lf_minus_size+book_to_market_lf_plus_impact+t10_size_plus_impact_g13+t10_size_plus_impact_downside+t10_size_plus_impact_fscore,0.3032578850500532,0.49689406421126303,0.7386195865118839,0.5669433134143005,22.158239419162516,0.19023847043807143,0.38047694087614287,1.0983194422964038,25.59619652796399,0.02981364385267578,"[0.01579, 0.03726, 0.01692, 0.0154, 0.03595]"
add-6th,size_only+impact60+t10_size_plus_impact_bm+book_to_market_lf_minus_size+book_to_market_lf_plus_impact+t10_size_plus_impact_g13+t10_size_plus_impact_bm+reversal_chip_eq,0.26985830418835044,0.46213478308248346,0.7803008232256888,0.5668542053680993,23.420307470093967,0.18825402804335656,0.3765080560867131,1.113134637428581,26.986948983131665,0.027728086984949007,"[0.01024, 0.01579, 0.03726, 0.01692, 0.0154, 0.03393]"
add-6th,size_only+impact60+t10_size_plus_impact_bm+book_to_market_lf_minus_size+book_to_market_lf_plus_impact+t10_size_plus_impact_g13+reversal_chip_turn_paper+reversal_turn_paper,0.27049171595866317,0.4666226826160177,0.7765026533291474,0.5668424761054551,23.133943318395435,0.18722201282340623,0.37444402564681245,1.1131870057853945,26.88097900569586,0.02799736095696106,"[0.01024, 0.01579, 0.03726, 0.01692, 0.0154, 0.03424]"
add-6th,size_only+impact60+t10_size_plus_impact_bm+book_to_market_lf_minus_size+book_to_market_lf_plus_impact+t10_size_plus_impact_downside+t10_nomcap_plus_impact+reversal_turn_paper_nomcap,0.26989427546110756,0.48478933751091985,0.7624512169274483,0.5667581708383953,22.855240646492177,0.1881252975961042,0.3762505951922084,1.1068842489607318,26.634874255096197,0.02908736025065519,"[0.01024, 0.01579, 0.03726, 0.01692, 0.0154, 0.03395]"
replace-SIZE,impact60+t10_size_plus_impact_bm+book_to_market_lf_minus_size+book_to_market_lf_plus_impact+t10_size_plus_impact_aggregate+t10_nomcap_plus_impact,0.30398836985837097,0.5050766187592417,0.7309283113069394,0.5664922306255316,22.231754227825075,0.19502541039704144,0.3900508207940829,1.100073558007812,25.04649132012633,0.0303045971255545,"[0.01579, 0.03726, 0.01692, 0.0154, 0.03624]"
add-6th,size_only+impact60+t10_size_plus_impact_bm+book_to_market_lf_minus_size+book_to_market_lf_plus_impact+t10_size_plus_impact_dd120+momentum20,0.2686111941759252,0.49793457060928464,0.7520629126129291,0.5664276492242528,24.0956007372,0.20359794096801653,0.40719588193603307,1.1269420052694221,26.945133703072198,0.02987607423655708,"[0.01024, 0.01579, 0.03726, 0.01692, 0.0154, 0.03334]"
add-6th,size_only+impact60+t10_size_plus_impact_bm+book_to_market_lf_minus_size+book_to_market_lf_plus_impact+t10_size_plus_impact_g13+t10_nomcap_plus_impact+reversal_turn_paper_nomcap,0.2700104330968879,0.4772736451699382,0.7671365898621213,0.5662593278668105,22.903767601890912,0.18747415076998156,0.3749483015399631,1.1089161017878695,26.708299481450503,0.02863641871019629,"[0.01024, 0.01579, 0.03726, 0.01692, 0.0154, 0.03401]"
replace-SIZE,impact60+t10_size_plus_impact_bm+book_to_market_lf_minus_size+book_to_market_lf_plus_impact+t10_size_plus_impact_g13+t10_size_plus_impact+t10_size_plus_impact_wc,0.3017964896232825,0.5017917533001849,0.7337131975253157,0.5661573504661133,22.19014722744618,0.19118711046672446,0.3823742209334489,1.0954206493284824,25.624295522365514,0.03010750519801109,"[0.01579, 0.03726, 0.01692, 0.0154, 0.03537]"
replace-SIZE,impact60+t10_size_plus_impact_bm+book_to_market_lf_minus_size+book_to_market_lf_plus_impact+t10_size_plus_impact_fscore,0.308843740435,0.49584227182116264,0.7346456586731829,0.5659040896273392,22.524106791519586,0.19788197259812457,0.39576394519624913,1.111350435491756,25.258824458372185,0.029750536309269757,"[0.01579, 0.03726, 0.01692, 0.0154, 0.03818]"
replace-SIZE,impact60+t10_size_plus_impact_bm+book_to_market_lf_minus_size+book_to_market_lf_plus_impact+t10_size_plus_impact_aggregate+t10_size_plus_impact_g13+t10_size_plus_wc_mcap,0.3017355859569347,0.5020016640257792,0.7323126373346825,0.5655883864010168,22.16842727879556,0.19128264052312127,0.38256528104624254,1.095327843639089,25.64432471235444,0.030120099841546746,"[0.01579, 0.03726, 0.01692, 0.0154, 0.03534]"
replace-SIZE,impact60+t10_size_plus_impact_bm+book_to_market_lf_minus_size+book_to_market_lf_plus_impact+t10_size_plus_impact_downside+t10_size_plus_impact+t10_size_plus_impact_bm,0.30120708283546427,0.4939255840545795,0.7386618063690762,0.56551318385228,22.033136304543557,0.18982126480604905,0.3796425296120981,1.09488179187669,25.210476556614715,0.029635535043274767,"[0.01579, 0.03726, 0.01692, 0.0154, 0.03513]"
replace-SIZE,impact60+t10_size_plus_impact_bm+book_to_market_lf_minus_size+book_to_market_lf_plus_impact+t10_size_plus_impact_aggregate+t10_size_plus_impact_downside+reversal_turn_paper,0.30236063163767374,0.4965096634831002,0.7331182132092,0.5641537044907599,22.112143608587544,0.1931467745545011,0.3862935491090022,1.1017048289938565,25.20801159982503,0.02979057980898601,"[0.01579, 0.03726, 0.01692, 0.0154, 0.03559]"
replace-SIZE,impact60+t10_size_plus_impact_bm+book_to_market_lf_minus_size+book_to_market_lf_plus_impact+book_to_market_lf_minus_size+t10_size_plus_wc_mcap+t10_nomcap_plus_impact,0.3021891589072797,0.47883249731154615,0.746896497929465,0.5641326299087563,21.58326720246636,0.1824554308969139,0.3649108617938278,1.0898192016188077,25.397724508369592,0.02872994983869277,"[0.01579, 0.03726, 0.01692, 0.0154, 0.03552]"
add-6th,size_only+impact60+t10_size_plus_impact_bm+book_to_market_lf_minus_size+book_to_market_lf_plus_impact+t10_size_plus_impact_g13+t10_size_plus_impact_wc+reversal40,0.27289817137704,0.4737936969658001,0.7634977516191371,0.5639814164420498,23.645748750994187,0.19340238703234405,0.3868047740646881,1.1154475912839952,27.34889161000529,0.028427621817948005,"[0.01024, 0.01579, 0.03726, 0.01692, 0.0154, 0.03539]"
replace-SIZE,impact60+t10_size_plus_impact_bm+book_to_market_lf_minus_size+book_to_market_lf_plus_impact+t10_size_plus_impact_aggregate+t10_size_plus_impact_g13+reversal_chip_turn_eq,0.30037599512747726,0.5086481292450966,0.7227264782799601,0.5633289594872612,22.19168422477621,0.19641571621794773,0.39283143243589547,1.0984241019294807,25.097555131526605,0.030518887754705792,"[0.01579, 0.03726, 0.01692, 0.0154, 0.0348]"
replace-SIZE,impact60+t10_size_plus_impact_bm+book_to_market_lf_minus_size+book_to_market_lf_plus_impact+t10_size_plus_impact_downside+t10_size_plus_impact_fscore,0.30289744367772375,0.4890741170980263,0.7366280056780594,0.5632380322749807,22.1983389977917,0.19156225675850105,0.3831245135170021,1.0987652872571005,25.479417287148053,0.029344447025881577,"[0.01579, 0.03726, 0.01692, 0.0154, 0.03581]"
replace-SIZE,impact60+t10_size_plus_impact_bm+book_to_market_lf_minus_size+book_to_market_lf_plus_impact+t10_size_plus_impact,0.301498888765,0.5061179707816889,0.7235984079883837,0.5630603511213638,22.285853309091802,0.1961272914439318,0.3922545828878636,1.0983265258979231,25.353776253457127,0.030367078246901328,"[0.01579, 0.03726, 0.01692, 0.0154, 0.03525]"
add-6th,size_only+impact60+t10_size_plus_impact_bm+book_to_market_lf_minus_size+book_to_market_lf_plus_impact+t10_nomcap_plus_impact,0.2693058087333334,0.4887222747718158,0.7507537066639075,0.5627531259155606,23.090031250059585,0.19420389353521292,0.38840778707042584,1.1082136214655995,26.355305481581137,0.029323336486308946,"[0.01024, 0.01579, 0.03726, 0.01692, 0.0154, 0.03367]"
add-6th,size_only+impact60+t10_size_plus_impact_bm+book_to_market_lf_minus_size+book_to_market_lf_plus_impact+t10_size_plus_impact_bm+reversal_chip_turn_size_eq+t10_nomcap_plus_impact,0.2699571824069052,0.47095831240019226,0.7628319873785817,0.5621012401418101,23.16389283702009,0.18954059024658546,0.3790811804931709,1.107125918812951,26.95365947175099,0.028257498744011535,"[0.01024, 0.01579, 0.03726, 0.01692, 0.0154, 0.03398]"
add-6th,size_only+impact60+t10_size_plus_impact_bm+book_to_market_lf_minus_size+book_to_market_lf_plus_impact+reversal_chip_turn_paper,0.27009222760833335,0.47706135544935035,0.7569147821743112,0.5616015719073794,23.126215806838605,0.19441986539613615,0.3888397307922723,1.113550104531404,26.188984539729056,0.02862368132696102,"[0.01024, 0.01579, 0.03726, 0.01692, 0.0154, 0.03405]"
replace-SIZE,impact60+t10_size_plus_impact_bm+book_to_market_lf_minus_size+book_to_market_lf_plus_impact+book_to_market_lf_minus_size+t10_nomcap_plus_impact+reversal_chip_turn_paper,0.301577193595592,0.4705686125444878,0.7475117165371278,0.5613947255513966,21.56485841041144,0.18404798455862126,0.3680959691172425,1.093056342162761,24.967336031089026,0.028234116752669267,"[0.01579, 0.03726, 0.01692, 0.0154, 0.03528]"
replace-SIZE,impact60+t10_size_plus_impact_bm+book_to_market_lf_minus_size+book_to_market_lf_plus_impact+t10_size_plus_impact_dd120+impact_abs_return60+reversal_turn_eq,0.3005547861437798,0.4913422329213279,0.7318068128606109,0.5613938045384956,21.9341568055246,0.19030400690651686,0.3806080138130337,1.094517288462229,25.32360773621135,0.029480533975279673,"[0.01579, 0.03726, 0.01692, 0.0154, 0.03487]"
replace-SIZE,impact60+t10_size_plus_impact_bm+book_to_market_lf_minus_size+book_to_market_lf_plus_impact+t10_size_plus_impact_g13+t10_size_plus_impact_bm+reversal_chip_turn_size_eq,0.3001803002126182,0.49694081005536506,0.7251063175493645,0.5602631864591154,21.97495973068898,0.19346022321974624,0.38692044643949247,1.0945151874227885,25.009844712278262,0.0298164486033219,"[0.01579, 0.03726, 0.01692, 0.0154, 0.03472]"
add-6th,size_only+impact60+t10_size_plus_impact_bm+book_to_market_lf_minus_size+book_to_market_lf_plus_impact+t10_size_plus_impact_downside+t10_size_plus_impact_bm+reversal40,0.2738794637433813,0.4625706950987149,0.7633008501558535,0.5601610186033605,23.567021800407115,0.19343163776000058,0.38686327552000116,1.1164106917018835,27.216317986970793,0.027754241705922892,"[0.01024, 0.01579, 0.03726, 0.01692, 0.0154, 0.03586]"
add-6th,size_only+impact60+t10_size_plus_impact_bm+book_to_market_lf_minus_size+book_to_market_lf_plus_impact+t10_size_plus_impact_aggregate+t10_size_plus_impact_bm+reversal_turn_eq,0.2749669339136475,0.47039225391721845,0.7560193076554843,0.5598393640987238,22.83905040484505,0.18771858671816902,0.37543717343633803,1.102722778106965,26.983092794680065,0.028223535235033105,"[0.01024, 0.01579, 0.03726, 0.01692, 0.0154, 0.03639]"
replace-SIZE,impact60+t10_size_plus_impact_bm+book_to_market_lf_minus_size+book_to_market_lf_plus_impact+book_to_market_lf_plus_impact+t10_size_plus_wc_mcap+reversal_chip_turn_eq,0.30114953397428545,0.47836073955913067,0.7370622978175517,0.5593341996584511,21.460356538845264,0.18531512521454754,0.3706302504290951,1.0900329487577796,24.94332926996814,0.02870164437354784,"[0.01579, 0.03726, 0.01692, 0.0154, 0.03511]"
add-6th,size_only+impact60+t10_size_plus_impact_bm+book_to_market_lf_minus_size+book_to_market_lf_plus_impact+t10_size_plus_impact_downside+t10_size_plus_impact_fscore+reversal40,0.2709037336907977,0.47930218092457666,0.7494791947208247,0.5592021476861324,23.597214053752907,0.19681038309174798,0.39362076618349595,1.1155390607694777,27.297985216082765,0.028758130855474597,"[0.01024, 0.01579, 0.03726, 0.01692, 0.0154, 0.03444]"
replace-SIZE,impact60+t10_size_plus_impact_bm+book_to_market_lf_minus_size+book_to_market_lf_plus_impact+t10_size_plus_impact_g13+t10_size_plus_impact_fscore+t10_size_plus_impact_dd120,0.3006951066345547,0.49628525570436793,0.7228336824328859,0.5591140179182383,22.31434754354296,0.1969585335598025,0.393917067119605,1.0991895657849298,25.289458945229025,0.029777115342262076,"[0.01579, 0.03726, 0.01692, 0.0154, 0.03492]"
replace-SIZE,impact60+t10_size_plus_impact_bm+book_to_market_lf_minus_size+book_to_market_lf_plus_impact+t10_size_plus_impact_wc+t10_size_plus_wc_mcap,0.2981182270890575,0.5169318212573071,0.7075068997460465,0.5589278877435899,21.936245316038605,0.1953428149420111,0.3906856298840222,1.0930459519660434,25.692877477170217,0.031015909275438423,"[0.01579, 0.03726, 0.01692, 0.0154, 0.03389]"
add-6th,size_only+impact60+t10_size_plus_impact_bm+book_to_market_lf_minus_size+book_to_market_lf_plus_impact+t10_size_plus_impact_fscore+reversal_chip_turn_size_eq+reversal_turn_paper,0.27021102219359877,0.4795476854001863,0.7470890100579829,0.5580739488548773,23.04846953363664,0.19198742622076942,0.38397485244153884,1.1070260904678575,27.119243257969792,0.028772861124011177,"[0.01024, 0.01579, 0.03726, 0.01692, 0.0154, 0.0341]"
add-6th,size_only+impact60+t10_size_plus_impact_bm+book_to_market_lf_minus_size+book_to_market_lf_plus_impact+t10_size_plus_impact_fscore+t10_size_plus_wc_mcap+reversal_turn_paper,0.27122912785541564,0.47961181305079165,0.74606866969727,0.5578408615026318,22.846032162371547,0.19012535304219783,0.38025070608439565,1.103863012407814,27.08717425552902,0.028776708783047496,"[0.01024, 0.01579, 0.03726, 0.01692, 0.0154, 0.03459]"
replace-SIZE,impact60+t10_size_plus_impact_bm+book_to_market_lf_minus_size+book_to_market_lf_plus_impact+t10_size_plus_impact_g13+t10_size_plus_impact_bm+reversal_chip_eq,0.29821778316102043,0.49468356696563776,0.7222871074811341,0.5578120034366876,22.443687008787304,0.2005448170086105,0.401089634017221,1.1036712129625843,24.856023311126542,0.029681014017938264,"[0.01579, 0.03726, 0.01692, 0.0154, 0.03393]"
add-6th,size_only+impact60+t10_size_plus_impact_bm+book_to_market_lf_minus_size+book_to_market_lf_plus_impact+t10_size_plus_impact+t10_size_plus_impact_wc+reversal40,0.27046670765939834,0.4792433575948256,0.7465633230489677,0.5577820120621041,23.62143324433628,0.1975201383197274,0.3950402766394548,1.1136008448563537,27.274735034516517,0.028754601455689536,"[0.01024, 0.01579, 0.03726, 0.01692, 0.0154, 0.03423]"
replace-SIZE,impact60+t10_size_plus_impact_bm+book_to_market_lf_minus_size+book_to_market_lf_plus_impact+t10_size_plus_impact_downside+t10_size_plus_impact_dd120+t10_size_plus_wc_mcap,0.296490861583899,0.5159334617545058,0.7048910544502518,0.5570758584334702,22.033073038018074,0.19718963008879967,0.39437926017759933,1.0899640504495964,25.454625977147018,0.03095600770527035,"[0.01579, 0.03726, 0.01692, 0.0154, 0.03324]"
add-6th,size_only+impact60+t10_size_plus_impact_bm+book_to_market_lf_minus_size+book_to_market_lf_plus_impact+t10_size_plus_wc_mcap+t10_nomcap_plus_impact+reversal_turn_paper,0.2680865218220292,0.48459061528528363,0.7412364912799285,0.5567804407902229,22.985653190986984,0.1929163304204401,0.3858326608408802,1.1057777213975073,27.07315577912459,0.029075436917117017,"[0.01024, 0.01579, 0.03726, 0.01692, 0.0154, 0.03308]"
replace-SIZE,impact60+t10_size_plus_impact_bm+book_to_market_lf_minus_size+book_to_market_lf_plus_impact+t10_size_plus_impact_fscore+book_to_market_lf_div_oper_main_profit_ttm+reversal_turn_eq,0.29601404525005776,0.4841563819904847,0.7283739334523969,0.5564258128002598,21.898944876510043,0.1899659978685629,0.3799319957371258,1.0961117646604102,25.689581612168165,0.029049382919429084,"[0.01579, 0.03726, 0.01692, 0.0154, 0.03305]"
replace-SIZE,impact60+t10_size_plus_impact_bm+book_to_market_lf_minus_size+book_to_market_lf_plus_impact+reversal_chip_turn_size_eq+book_to_market_lf_plus_impact+reversal_chip_turn_eq,0.297198434917746,0.477410989259333,0.7328301127499894,0.5563070839618109,21.482069035368205,0.18730941119690997,0.37461882239381994,1.0890812052755043,24.661922155776985,0.02864465935555998,"[0.01579, 0.03726, 0.01692, 0.0154, 0.03353]"
replace-SIZE,impact60+t10_size_plus_impact_bm+book_to_market_lf_minus_size+book_to_market_lf_plus_impact+book_to_market_lf_plus_impact+reversal_chip_turn_paper+reversal_turn_eq,0.2991890946619685,0.479184171072943,0.7302411987459578,0.5561608182436047,21.405577850221206,0.1888493106452126,0.3776986212904252,1.0961088523247404,24.557188938231832,0.028751050264376576,"[0.01579, 0.03726, 0.01692, 0.0154, 0.03432]"
replace-SIZE,impact60+t10_size_plus_impact_bm+book_to_market_lf_minus_size+book_to_market_lf_plus_impact+t10_size_plus_impact_dd120+momentum20,0.2967212511461102,0.5422105075079315,0.6815095581819937,0.5557972290388953,22.833092786329264,0.21798139095650423,0.43596278191300847,1.1121410887815908,24.83186819623384,0.03253263045047589,"[0.01579, 0.03726, 0.01692, 0.0154, 0.03334]"
add-6th,size_only+impact60+t10_size_plus_impact_bm+book_to_market_lf_minus_size+book_to_market_lf_plus_impact+t10_size_plus_impact_g13+weighted_reversal,0.28278775214481083,0.472493415351375,0.7403096132808403,0.5550695717783216,23.906439156995635,0.20575979615444837,0.41151959230889673,1.127466950135688,26.819444020148353,0.0283496049210825,"[0.01024, 0.01579, 0.03726, 0.01692, 0.0154, 0.04014]"
add-6th,size_only+impact60+t10_size_plus_impact_bm+book_to_market_lf_minus_size+book_to_market_lf_plus_impact+t10_size_plus_impact_bm+t10_size_plus_impact_dd120+reversal_turn_eq,0.26827077654299875,0.48111011170446094,0.7383773049794378,0.5543124816459081,22.951696906372753,0.19337718154297426,0.3867543630859485,1.1033960471754958,26.951740384853252,0.028866606702267657,"[0.01024, 0.01579, 0.03726, 0.01692, 0.0154, 0.03317]"
replace-SIZE,impact60+t10_size_plus_impact_bm+book_to_market_lf_minus_size+book_to_market_lf_plus_impact+t10_size_plus_impact_wc+t10_nomcap_plus_impact,0.30011567777753223,0.5202282529682585,0.6929028878663409,0.5539093236342503,21.766463267053187,0.19881730032154288,0.39763460064308576,1.088613296305749,25.194670224752425,0.03121369517809551,"[0.01579, 0.03726, 0.01692, 0.0154, 0.03469]"
replace-SIZE,impact60+t10_size_plus_impact_bm+book_to_market_lf_minus_size+book_to_market_lf_plus_impact+impact60+reversal_turn_paper+reversal40,0.30680591918163247,0.4924271145602629,0.711172316744313,0.5537382164673593,22.13068287827538,0.2002577059100172,0.4005154118200344,1.1072653394287792,25.214410160554046,0.029545626873615772,"[0.01579, 0.03726, 0.01692, 0.0154, 0.03737]"
replace-SIZE,impact60+t10_size_plus_impact_bm+book_to_market_lf_minus_size+book_to_market_lf_plus_impact+t10_size_plus_impact_g13+t10_size_plus_impact_wc+reversal40,0.30186562378744797,0.5171183693693876,0.6925697055337072,0.5530209215269435,22.54181453729177,0.20847945912199972,0.41695891824399944,1.104985740146815,25.366281029820136,0.031027102162163252,"[0.01579, 0.03726, 0.01692, 0.0154, 0.03539]"
replace-SIZE,impact60+t10_size_plus_impact_bm+book_to_market_lf_minus_size+book_to_market_lf_plus_impact+t10_size_plus_impact_downside+t10_size_plus_impact_dd120+reversal_turn_paper_nomcap,0.2993578704418912,0.4988106951118673,0.7071171239248523,0.5526580231437153,21.836819297498714,0.1989150008003768,0.3978300016007536,1.0965415516727541,24.591916577388105,0.02992864170671204,"[0.01579, 0.03726, 0.01692, 0.0154, 0.03439]"
add-6th,size_only+impact60+t10_size_plus_impact_bm+book_to_market_lf_minus_size+book_to_market_lf_plus_impact+t10_size_plus_impact_dd120+reversal_turn_paper,0.2679754339936592,0.4646309976439139,0.7464998285814902,0.5521408588357724,23.031210083873336,0.19205713248433426,0.3841142649686685,1.1068512626862335,27.09219128955548,0.027877859858634835,"[0.01024, 0.01579, 0.03726, 0.01692, 0.0154, 0.03303]"
replace-SIZE,impact60+t10_size_plus_impact_bm+book_to_market_lf_minus_size+book_to_market_lf_plus_impact+t10_size_plus_impact_g13+t10_size_plus_impact_dd120+reversal_turn_paper,0.30077018920899146,0.5006776611757914,0.7035864280799108,0.5520051118892851,21.903554562024265,0.1986650461065006,0.3973300922130012,1.0934306708436745,24.970943759580443,0.03004065967054748,"[0.01579, 0.03726, 0.01692, 0.0154, 0.03496]"
replace-SIZE,impact60+t10_size_plus_impact_bm+book_to_market_lf_minus_size+book_to_market_lf_plus_impact+t10_size_plus_impact_downside+reversal_chip_turn_size_eq+t10_nomcap_plus_impact,0.2985147324811648,0.5089256424363028,0.6976441172680655,0.5517667741195684,21.993858488416247,0.20060855738405883,0.40121711476811767,1.0915337449572478,25.036522321473363,0.030535538546178163,"[0.01579, 0.03726, 0.01692, 0.0154, 0.03405]"
replace-SIZE,impact60+t10_size_plus_impact_bm+book_to_market_lf_minus_size+book_to_market_lf_plus_impact+t10_size_plus_impact_g13+t10_size_plus_impact_bm+reversal_turn_paper_nomcap,0.3016318926887702,0.486109026003949,0.713548295357371,0.5515612705499531,21.600000511231457,0.19378336893369671,0.38756673786739343,1.0944314894907141,24.8411903271319,0.02916654156023694,"[0.01579, 0.03726, 0.01692, 0.0154, 0.0353]"
replace-SIZE,impact60+t10_size_plus_impact_bm+book_to_market_lf_minus_size+book_to_market_lf_plus_impact+t10_size_plus_impact_downside+reversal_turn_paper,0.3024204408022457,0.49511691312906914,0.7054441172743541,0.5512248605290826,21.73265261300498,0.19655191960724824,0.3931038392144965,1.0950353357963625,25.069502746591276,0.029707014787744148,"[0.01579, 0.03726, 0.01692, 0.0154, 0.03562]"
replace-SIZE,impact60+t10_size_plus_impact_bm+book_to_market_lf_minus_size+book_to_market_lf_plus_impact+t10_size_plus_impact_aggregate+t10_size_plus_impact_bm+reversal_turn_eq,0.30434813883137696,0.5036607834728611,0.6942669738518614,0.5495710402151144,21.692620567818434,0.19902715670730028,0.39805431341460057,1.091172943799136,24.957480773241446,0.030219647008371667,"[0.01579, 0.03726, 0.01692, 0.0154, 0.03639]"
replace-SIZE,impact60+t10_size_plus_impact_bm+book_to_market_lf_minus_size+book_to_market_lf_plus_impact+t10_size_plus_impact_aggregate+t10_size_plus_impact_wc+reversal_turn_paper_nomcap,0.30426424477717573,0.4981411995186614,0.698127189914772,0.549359504248614,21.420996886735786,0.19437953913591233,0.38875907827182465,1.08788146802063,25.10104669163491,0.029888471971119684,"[0.01579, 0.03726, 0.01692, 0.0154, 0.03635]"
replace-SIZE,impact60+t10_size_plus_impact_bm+book_to_market_lf_minus_size+book_to_market_lf_plus_impact+t10_size_plus_impact_bm+t10_size_plus_impact_fscore+t10_size_plus_impact_wc,0.30510800952740175,0.49149128166452266,0.7029142911194322,0.5493549814918077,21.58716521133761,0.1933390662262896,0.3866781324525792,1.0863775470784554,25.384380367921544,0.02948947689987136,"[0.01579, 0.03726, 0.01692, 0.0154, 0.03669]"
replace-SIZE,impact60+t10_size_plus_impact_bm+book_to_market_lf_minus_size+book_to_market_lf_plus_impact+t10_size_plus_impact_downside+t10_size_plus_impact_wc+reversal_chip_turn_eq,0.29774730580175945,0.5104979537867393,0.6909374956421747,0.5491456180246893,21.715561781807946,0.19874183922501756,0.3974836784500351,1.0857405277293422,25.092048398993715,0.03062987722720436,"[0.01579, 0.03726, 0.01692, 0.0154, 0.03375]"
replace-SIZE,impact60+t10_size_plus_impact_bm+book_to_market_lf_minus_size+book_to_market_lf_plus_impact+t10_size_plus_impact_aggregate+t10_size_plus_wc_mcap+reversal_chip_turn_paper,0.29891566146884124,0.5062828621343721,0.6907962567138022,0.5478404495620095,21.621870798608125,0.19762589192281615,0.3952517838456323,1.0858522892341527,25.186000426256104,0.03037697172806233,"[0.01579, 0.03726, 0.01692, 0.0154, 0.03421]"
replace-SIZE,impact60+t10_size_plus_impact_bm+book_to_market_lf_minus_size+book_to_market_lf_plus_impact+t10_nomcap_plus_impact,0.297554788615,0.5100652865816816,0.6873213064464678,0.547328395927499,21.867768782851847,0.2051503149297825,0.410300629859565,1.0932802269750233,24.35452028413554,0.030603917194900892,"[0.01579, 0.03726, 0.01692, 0.0154, 0.03367]"
replace-SIZE,impact60+t10_size_plus_impact_bm+book_to_market_lf_minus_size+book_to_market_lf_plus_impact+t10_size_plus_impact_aggregate+t10_size_plus_impact_fscore+reversal_turn_paper,0.3041129294058482,0.49277768145629053,0.6967487080069206,0.5468316929939856,21.642512165292473,0.1967075521125171,0.3934151042250342,1.0901839869133911,25.244890168794587,0.02956666088737743,"[0.01579, 0.03726, 0.01692, 0.0154, 0.03629]"
replace-SIZE,impact60+t10_size_plus_impact_bm+book_to_market_lf_minus_size+book_to_market_lf_plus_impact+t10_size_plus_impact+t10_size_plus_impact_dd120+t10_size_plus_wc_mcap,0.29640553091739047,0.5137495638166404,0.6829726498457832,0.5464311459499047,21.75160364662717,0.1999967858755391,0.3999935717510782,1.0826496881694985,25.330782623635827,0.03082497382899842,"[0.01579, 0.03726, 0.01692, 0.0154, 0.03321]"
add-6th,size_only+impact60+t10_size_plus_impact_bm+book_to_market_lf_minus_size+book_to_market_lf_plus_impact+t10_size_plus_impact_aggregate+reversal_turn_paper+reversal_turn_eq,0.2702420076189625,0.4771244235367356,0.7229214126274495,0.5463565854440022,22.57050399318184,0.1924700172231611,0.3849400344463222,1.096329462722673,27.102848076995322,0.028627465412204137,"[0.01024, 0.01579, 0.03726, 0.01692, 0.0154, 0.03412]"
replace-SIZE,impact60+t10_size_plus_impact_bm+book_to_market_lf_minus_size+book_to_market_lf_plus_impact+t10_size_plus_impact+t10_size_plus_impact_fscore+reversal_chip_turn_size_eq,0.29843900121415123,0.498314785655365,0.6932398997271759,0.5460559300994372,22.06699652282121,0.20214590920880116,0.4042918184176023,1.0940220476222722,25.286409847858128,0.0298988871393219,"[0.01579, 0.03726, 0.01692, 0.0154, 0.03402]"
replace-SIZE,impact60+t10_size_plus_impact_bm+book_to_market_lf_minus_size+book_to_market_lf_plus_impact+t10_size_plus_impact_wc+t10_size_plus_impact_dd120+reversal_turn_paper,0.3003051732546745,0.5078612104870698,0.6847979179152109,0.5459715213832542,21.6697785960507,0.20048615689933671,0.40097231379867343,1.0888613809885401,25.147165768239464,0.03047167262922419,"[0.01579, 0.03726, 0.01692, 0.0154, 0.03477]"
replace-SIZE,impact60+t10_size_plus_impact_bm+book_to_market_lf_minus_size+book_to_market_lf_plus_impact+t10_size_plus_impact_downside+t10_size_plus_impact_bm+reversal40,0.3030431746270575,0.5083139836648459,0.6826541097248561,0.5457128785842928,22.097143567782993,0.20690115271956988,0.41380230543913976,1.096854399212598,25.058840755976142,0.030498839019890756,"[0.01579, 0.03726, 0.01692, 0.0154, 0.03586]"
replace-SIZE,impact60+t10_size_plus_impact_bm+book_to_market_lf_minus_size+book_to_market_lf_plus_impact+t10_size_plus_impact_bm+t10_size_plus_impact_dd120+t10_size_plus_wc_mcap,0.296055659754713,0.5051008926704955,0.6878931304241758,0.5455483530764951,21.550645729368018,0.19741291315414444,0.3948258263082889,1.0817913464512063,25.08376128062768,0.030306053560229727,"[0.01579, 0.03726, 0.01692, 0.0154, 0.03307]"
replace-SIZE,impact60+t10_size_plus_impact_bm+book_to_market_lf_minus_size+book_to_market_lf_plus_impact+t10_size_plus_impact_g13+t10_size_plus_wc_mcap+reversal_turn_paper,0.302639517633386,0.5051246614213016,0.6836780236584699,0.5449766456704442,21.47740261104914,0.19784599898650473,0.39569199797300947,1.085916940504881,25.337001590797048,0.0303074796852781,"[0.01579, 0.03726, 0.01692, 0.0154, 0.0357]"
add-6th,size_only+impact60+t10_size_plus_impact_bm+book_to_market_lf_minus_size+book_to_market_lf_plus_impact+t10_size_plus_impact_bm+t10_size_plus_wc_mcap+reversal40,0.26831420504185416,0.47694695989748065,0.7208354036737468,0.5449702086256751,23.235909889187546,0.19979635022175338,0.39959270044350675,1.1054555209340977,27.264347247452925,0.028616817593848837,"[0.01024, 0.01579, 0.03726, 0.01692, 0.0154, 0.03319]"
replace-SIZE,impact60+t10_size_plus_impact_bm+book_to_market_lf_minus_size+book_to_market_lf_plus_impact+t10_size_plus_impact_downside+t10_nomcap_plus_impact+reversal_turn_paper_nomcap,0.298260948688329,0.49821561209977255,0.6908083764483316,0.5448914233743354,21.502518780361722,0.19932242573256823,0.39864485146513645,1.0914584873100257,24.66318302403856,0.029892936725986353,"[0.01579, 0.03726, 0.01692, 0.0154, 0.03395]"
replace-SIZE,impact60+t10_size_plus_impact_bm+book_to_market_lf_minus_size+book_to_market_lf_plus_impact+t10_size_plus_impact_wc+reversal_chip_turn_size_eq+t10_nomcap_plus_impact,0.29651707254927023,0.5143631305232674,0.6786093687864696,0.544704726146909,21.69757885681063,0.2020471470728718,0.4040942941457436,1.0841000033288402,25.04361556581336,0.030861787831396044,"[0.01579, 0.03726, 0.01692, 0.0154, 0.03325]"
replace-SIZE,impact60+t10_size_plus_impact_bm+book_to_market_lf_minus_size+book_to_market_lf_plus_impact+t10_size_plus_impact_dd120+reversal_turn_paper,0.295958338927391,0.5031109603598332,0.686971003474079,0.5444174554747554,21.864910593736063,0.20467282873903148,0.40934565747806295,1.0962376000825078,24.67277418746212,0.030186657621589986,"[0.01579, 0.03726, 0.01692, 0.0154, 0.03303]"
replace-SIZE,impact60+t10_size_plus_impact_bm+book_to_market_lf_minus_size+book_to_market_lf_plus_impact+t10_size_plus_impact+t10_size_plus_impact_wc+reversal40,0.298947867326278,0.523105362994597,0.669870594704067,0.5443182181301947,22.312105612513353,0.21215008457612117,0.42430016915224233,1.098646282344004,25.35901167112007,0.03138632177967582,"[0.01579, 0.03726, 0.01692, 0.0154, 0.03423]"
add-6th,size_only+impact60+t10_size_plus_impact_bm+book_to_market_lf_minus_size+book_to_market_lf_plus_impact+t10_size_plus_impact_downside+reversal_turn_paper+reversal40,0.2690992124167813,0.46929575297104154,0.7247922034969208,0.5442298475968352,23.212533450496647,0.19919598913820774,0.3983919782764155,1.108947087151185,27.246523880093243,0.02815774517826249,"[0.01024, 0.01579, 0.03726, 0.01692, 0.0154, 0.03357]"
replace-SIZE,impact60+t10_size_plus_impact_bm+book_to_market_lf_minus_size+book_to_market_lf_plus_impact+t10_size_plus_impact_g13+reversal_chip_turn_paper+reversal_turn_paper,0.2989778772853957,0.4972432533844871,0.6897714061964236,0.5442278469300403,21.53577535824633,0.19879572193914685,0.3975914438782937,1.0892971700092067,24.880531438271923,0.029834595203069227,"[0.01579, 0.03726, 0.01692, 0.0154, 0.03424]"
replace-SIZE,impact60+t10_size_plus_impact_bm+book_to_market_lf_minus_size+book_to_market_lf_plus_impact+t10_size_plus_impact_g13+t10_nomcap_plus_impact+reversal_turn_paper_nomcap,0.2984003378512655,0.49645352077173766,0.6871452604003825,0.5426541670205334,21.421849938708565,0.1991452831442964,0.3982905662885928,1.0887217268068154,24.659465660843072,0.02978721124630426,"[0.01579, 0.03726, 0.01692, 0.0154, 0.03401]"
replace-SIZE,impact60+t10_size_plus_impact_bm+book_to_market_lf_minus_size+book_to_market_lf_plus_impact+t10_size_plus_impact_bm+reversal_chip_turn_size_eq+t10_nomcap_plus_impact,0.29833643702328627,0.49767459698511163,0.684405046141816,0.5418356671132635,21.593385319537582,0.20070155620384805,0.4014031124076961,1.0843398625962255,24.66850762525976,0.029860475819106697,"[0.01579, 0.03726, 0.01692, 0.0154, 0.03398]"
add-6th,size_only+impact60+t10_size_plus_impact_bm+book_to_market_lf_minus_size+book_to_market_lf_plus_impact+t10_size_plus_impact_g13+reversal20,0.2725399266174525,0.4720206264363013,0.7156956408524685,0.5417782429598068,23.78757232896072,0.20972742574766548,0.41945485149533096,1.1210018888903688,27.04386689435079,0.028321237586178077,"[0.01024, 0.01579, 0.03726, 0.01692, 0.0154, 0.03522]"
replace-SIZE,impact60+t10_size_plus_impact_bm+book_to_market_lf_minus_size+book_to_market_lf_plus_impact+t10_size_plus_impact_downside+t10_size_plus_impact_fscore+reversal40,0.29947229856395724,0.5035623519409308,0.6750530213608873,0.5399151425045166,22.383609837315387,0.21197498133818218,0.42394996267636437,1.103504470659006,25.401367352021463,0.030213741116455844,"[0.01579, 0.03726, 0.01692, 0.0154, 0.03444]"
replace-SIZE,impact60+t10_size_plus_impact_bm+book_to_market_lf_minus_size+book_to_market_lf_plus_impact+t10_size_plus_impact_fscore+reversal_chip_turn_size_eq+reversal_turn_paper,0.2986410447673185,0.5009498282249105,0.6742661397854498,0.5384804117356348,21.729852208565227,0.20515700911741394,0.4103140182348279,1.0915935074980065,25.015686239318804,0.030056989693494632,"[0.01579, 0.03726, 0.01692, 0.0154, 0.0341]"
replace-SIZE,impact60+t10_size_plus_impact_bm+book_to_market_lf_minus_size+book_to_market_lf_plus_impact+t10_size_plus_impact_bm+t10_size_plus_impact_dd120+reversal_turn_eq,0.29631274998659846,0.5095158444579364,0.666535944022544,0.5375342703677423,21.504449737914662,0.2051801784588253,0.4103603569176506,1.0841520907035138,24.673553070728605,0.030570950667476185,"[0.01579, 0.03726, 0.01692, 0.0154, 0.03317]"
replace-SIZE,impact60+t10_size_plus_impact_bm+book_to_market_lf_minus_size+book_to_market_lf_plus_impact+t10_size_plus_impact_bm+t10_size_plus_wc_mcap+reversal40,0.296364864185225,0.5182637573496979,0.6582985955854984,0.5368996559229136,22.09812591908181,0.2133761194288243,0.4267522388576486,1.0957408457841484,25.322988629205746,0.031095825440981873,"[0.01579, 0.03726, 0.01692, 0.0154, 0.03319]"
replace-SIZE,impact60+t10_size_plus_impact_bm+book_to_market_lf_minus_size+book_to_market_lf_plus_impact+t10_size_plus_impact_g13+weighted_reversal,0.31373312070877296,0.5117494521657941,0.6536410514752584,0.5359974055636488,22.370083373941853,0.22084732085631426,0.4416946417126285,1.1049916340738257,24.93440704167623,0.03070496712994765,"[0.01579, 0.03726, 0.01692, 0.0154, 0.04014]"
replace-SIZE,impact60+t10_size_plus_impact_bm+book_to_market_lf_minus_size+book_to_market_lf_plus_impact+t10_size_plus_impact_g13+reversal20,0.301435730075943,0.5253574142510284,0.6444358806427873,0.5341583872923028,22.691302966368582,0.22727288621161704,0.4545457724232341,1.1099938377661762,25.183652151364644,0.031521444855061705,"[0.01579, 0.03726, 0.01692, 0.0154, 0.03522]"
replace-SIZE,impact60+t10_size_plus_impact_bm+book_to_market_lf_minus_size+book_to_market_lf_plus_impact+reversal_chip_turn_paper,0.298498491265,0.49898663231860546,0.664624571169619,0.5334260765908405,21.288246130549442,0.20605439639622192,0.41210879279244383,1.0860484169463687,24.09958599658021,0.029939197939116327,"[0.01579, 0.03726, 0.01692, 0.0154, 0.03405]"
replace-SIZE,impact60+t10_size_plus_impact_bm+book_to_market_lf_minus_size+book_to_market_lf_plus_impact+t10_size_plus_impact_downside+reversal_turn_paper+reversal40,0.2973068730351375,0.5089347448906592,0.6572673220129881,0.5333588302246028,21.9580718108969,0.2136467177539422,0.4272934355078844,1.0977068675111703,25.075049989525176,0.03053608469343955,"[0.01579, 0.03726, 0.01692, 0.0154, 0.03357]"
replace-SIZE,impact60+t10_size_plus_impact_bm+book_to_market_lf_minus_size+book_to_market_lf_plus_impact+t10_size_plus_impact_fscore+t10_size_plus_wc_mcap+reversal_turn_paper,0.2998627715614987,0.5014138599927798,0.6616229644490671,0.5331977393118529,21.3057363387636,0.20236361450528162,0.40472722901056324,1.082414790278009,25.276581713201562,0.030084831599566788,"[0.01579, 0.03726, 0.01692, 0.0154, 0.03459]"
replace-SIZE,impact60+t10_size_plus_impact_bm+book_to_market_lf_minus_size+book_to_market_lf_plus_impact+t10_size_plus_impact_aggregate+reversal_turn_paper+reversal_turn_eq,0.298678227277755,0.5102329420100117,0.6512718674781425,0.5313895155242192,21.101222995969916,0.20457151270635163,0.40914302541270325,1.079088038542774,24.821599200291168,0.0306139765206007,"[0.01579, 0.03726, 0.01692, 0.0154, 0.03412]"
replace-SIZE,impact60+t10_size_plus_impact_bm+book_to_market_lf_minus_size+book_to_market_lf_plus_impact+t10_size_plus_wc_mcap+t10_nomcap_plus_impact+reversal_turn_paper,0.296091644321435,0.5119905742303309,0.6437254170325756,0.5280914675095618,21.003684460637846,0.20422743042000185,0.4084548608400037,1.0737143325037544,25.038442305064777,0.03071943445381985,"[0.01579, 0.03726, 0.01692, 0.0154, 0.03308]"
add-6th,size_only+impact60+t10_size_plus_impact_bm+book_to_market_lf_minus_size+book_to_market_lf_plus_impact+t10_size_plus_impact+alpha13,0.2689631859740063,0.4644237089947932,0.640338044161597,0.5044930552156975,23.27139193449963,0.22471982210858607,0.44943964421717214,1.105923496536382,27.421563225839694,0.02786542253968759,"[0.01024, 0.01579, 0.03726, 0.01692, 0.0154, 0.0335]"
replace-SIZE,impact60+t10_size_plus_impact_bm+book_to_market_lf_minus_size+book_to_market_lf_plus_impact+t10_size_plus_impact+alpha13,0.29714364130380744,0.4953631868019928,0.5542315772469255,0.48221005340257544,21.706790436098203,0.24481694650042565,0.4896338930008513,1.083866020294766,25.661796025532723,0.029721791208119568,"[0.01579, 0.03726, 0.01692, 0.0154, 0.0335]"
