tag,members,na,nb,nc,comb,net,turnover,monthly_turnover,sharpe,dd,pool_s,seat_si
seed(替换C),size_only+impact60+t10_size_plus_impact_bm+book_to_market_lf_minus_size+book_to_market_lf_plus_impact,0.23899486063,0.3977836310168774,1.0,0.6370232429819072,23.799617973444924,0.1430187675698701,0.2860375351397402,1.1317246776061485,27.41258584335917,0.023867017861012644,"[0.01024, 0.01579, 0.03726, 0.01692, 0.0154]"
add-6th,size_only+impact60+t10_size_plus_impact_bm+book_to_market_lf_minus_size+book_to_market_lf_plus_impact+t10_size_plus_impact_aggregate+t10_size_plus_impact_bm+impact60,0.2685866665970335,0.4413677080163947,0.9422088444008844,0.6321900111055427,24.033703096444086,0.16287421336757696,0.3257484267351539,1.1346321533191668,27.057267428102072,0.02648206248098368,"[0.01024, 0.01579, 0.03726, 0.01692, 0.0154, 0.03332]"
add-6th,size_only+impact60+t10_size_plus_impact_bm+book_to_market_lf_minus_size+book_to_market_lf_plus_impact+t10_size_plus_impact_g13+t10_size_plus_impact_wc+book_to_market_lf_plus_impact,0.2691547454866302,0.4393694751552107,0.9392920140136715,0.630291671707802,23.767560756748168,0.1613513838589743,0.3227027677179486,1.1287591692958625,26.841272194546494,0.02636216850931264,"[0.01024, 0.01579, 0.03726, 0.01692, 0.0154, 0.0336]"
add-6th,size_only+impact60+t10_size_plus_impact_bm+book_to_market_lf_minus_size+book_to_market_lf_plus_impact+t10_size_plus_impact_downside+t10_size_plus_impact_dd120+book_to_market_lf_plus_impact,0.26911694033815087,0.441189711155703,0.9324478343968098,0.6278413124506906,24.150468997552803,0.16635868312726207,0.33271736625452414,1.1377276470837725,26.87784897636558,0.026471382669342177,"[0.01024, 0.01579, 0.03726, 0.01692, 0.0154, 0.03358]"
add-6th,size_only+impact60+t10_size_plus_impact_bm+book_to_market_lf_minus_size+book_to_market_lf_plus_impact+t10_size_plus_impact_aggregate+t10_size_plus_impact_fscore+impact60,0.27100473117275314,0.44289980794478495,0.9251127372392226,0.6255166107728756,23.982130742734654,0.1651817451433367,0.3303634902866734,1.1336409401390983,27.12594287450818,0.026573988476687096,"[0.01024, 0.01579, 0.03726, 0.01692, 0.0154, 0.03448]"
add-6th,size_only+impact60+t10_size_plus_impact_bm+book_to_market_lf_minus_size+book_to_market_lf_plus_impact+t10_size_plus_impact_bm+t10_size_plus_impact_wc+book_to_market_lf_plus_impact,0.26979781790825896,0.44386640040090136,0.9227849806729642,0.6245660450248012,23.57435330978281,0.16371638793760585,0.3274327758752117,1.1281952021184982,26.53067838308344,0.02663198402405408,"[0.01024, 0.01579, 0.03726, 0.01692, 0.0154, 0.03391]"
add-6th,size_only+impact60+t10_size_plus_impact_bm+book_to_market_lf_minus_size+book_to_market_lf_plus_impact+t10_size_plus_impact_g13+t10_size_plus_impact_fscore+impact60,0.2704152154961198,0.4416529697451147,0.9216675041342974,0.6234119593704479,23.933224148731625,0.1651137721469987,0.3302275442939974,1.1321357642534022,27.169355848323306,0.02649917818470688,"[0.01024, 0.01579, 0.03726, 0.01692, 0.0154, 0.0342]"
add-6th,size_only+impact60+t10_size_plus_impact_bm+book_to_market_lf_minus_size+book_to_market_lf_plus_impact+t10_size_plus_impact_g13+book_to_market_lf_plus_impact+t10_size_plus_wc_mcap,0.2702315134178852,0.4433034276944395,0.9182648247181238,0.6224216734997865,23.799038561594564,0.16518461063815582,0.33036922127631163,1.1282745281147237,26.844404947541044,0.026598205661666367,"[0.01024, 0.01579, 0.03726, 0.01692, 0.0154, 0.03411]"
add-6th,size_only+impact60+t10_size_plus_impact_bm+book_to_market_lf_minus_size+book_to_market_lf_plus_impact+t10_size_plus_impact_aggregate+t10_size_plus_impact_fscore+book_to_market_lf_plus_impact,0.26958711010975667,0.4389432988593223,0.9218130598629997,0.622363453561064,23.814374678648594,0.16480803157002943,0.32961606314005887,1.1322322302623111,26.989481490704314,0.026336597931559336,"[0.01024, 0.01579, 0.03726, 0.01692, 0.0154, 0.0338]"
add-6th,size_only+impact60+t10_size_plus_impact_bm+book_to_market_lf_minus_size+book_to_market_lf_plus_impact+t10_size_plus_impact_downside+impact60+reversal_chip_turn_paper,0.27215271504036376,0.448508039835532,0.9123510283527855,0.6219663197092624,23.980288995706434,0.168250569602992,0.336501139205984,1.1353891969845815,26.95407755650432,0.02691048239013192,"[0.01024, 0.01579, 0.03726, 0.01692, 0.0154, 0.03504]"
add-6th,size_only+impact60+t10_size_plus_impact_bm+book_to_market_lf_minus_size+book_to_market_lf_plus_impact+t10_size_plus_impact_downside+t10_size_plus_impact+book_to_market_lf_plus_impact,0.2683197885186767,0.44021874049694143,0.9178776512013019,0.6207854599182507,23.573946102696127,0.16294079195895278,0.32588158391790556,1.125528166483828,26.966197921966373,0.026413124429816484,"[0.01024, 0.01579, 0.03726, 0.01692, 0.0154, 0.0332]"
add-6th,size_only+impact60+t10_size_plus_impact_bm+book_to_market_lf_minus_size+book_to_market_lf_plus_impact+t10_size_plus_impact_aggregate+impact60+reversal_turn_paper,0.27402617294069004,0.4479525417122223,0.909161895429488,0.6207114771306854,23.75746791647957,0.16685627768458147,0.33371255536916294,1.1314065497660315,26.8962012757615,0.02687715250273334,"[0.01024, 0.01579, 0.03726, 0.01692, 0.0154, 0.03593]"
add-6th,size_only+impact60+t10_size_plus_impact_bm+book_to_market_lf_minus_size+book_to_market_lf_plus_impact+reversal_chip_turn_paper+f_i10_01,0.2684299175971492,0.43709483875360544,0.9191595670026796,0.6202909822343976,23.931334697001354,0.1650255857461139,0.3300511714922278,1.1310776845014632,27.295305839184934,0.026225690325216326,"[0.01024, 0.01579, 0.03726, 0.01692, 0.0154, 0.03325]"
add-6th,size_only+impact60+t10_size_plus_impact_bm+book_to_market_lf_minus_size+book_to_market_lf_plus_impact+t10_size_plus_impact_downside+impact60+reversal_chip_turn_eq,0.273844520489629,0.4544385053342138,0.8982780016801863,0.6180474817209844,24.09531182772287,0.1719053652941341,0.3438107305882682,1.1352202162691132,26.88026805604998,0.027266310320052826,"[0.01024, 0.01579, 0.03726, 0.01692, 0.0154, 0.03585]"
add-6th,size_only+impact60+t10_size_plus_impact_bm+book_to_market_lf_minus_size+book_to_market_lf_plus_impact+t10_size_plus_impact_downside+book_to_market_lf_plus_impact+reversal_turn_paper,0.27120015645093126,0.44558651727241955,0.905960005118179,0.6178773146387136,23.618142561988847,0.16735876071779113,0.33471752143558225,1.1324407055703751,26.64466366014242,0.026735191036345172,"[0.01024, 0.01579, 0.03726, 0.01692, 0.0154, 0.03458]"
add-6th,size_only+impact60+t10_size_plus_impact_bm+book_to_market_lf_minus_size+book_to_market_lf_plus_impact+t10_size_plus_impact_downside+book_to_market_lf_plus_impact+reversal_chip_turn_paper,0.2679396587364225,0.4456308730805061,0.907180652170581,0.6177900308022231,23.676471423202265,0.16747022881913037,0.33494045763826075,1.1317785581498958,26.63726378725446,0.026737852384830365,"[0.01024, 0.01579, 0.03726, 0.01692, 0.0154, 0.03301]"
add-6th,size_only+impact60+t10_size_plus_impact_bm+book_to_market_lf_minus_size+book_to_market_lf_plus_impact+t10_size_plus_impact_bm+t10_size_plus_impact_dd120+impact60,0.27050383447847937,0.4464867639699279,0.9045802100639285,0.6174322288139384,23.942993608082112,0.16868810524257377,0.33737621048514754,1.1312974884711633,26.998596506543194,0.026789205838195676,"[0.01024, 0.01579, 0.03726, 0.01692, 0.0154, 0.03424]"
add-6th,size_only+impact60+t10_size_plus_impact_bm+book_to_market_lf_minus_size+book_to_market_lf_plus_impact+t10_size_plus_impact_fscore+impact60+t10_nomcap_plus_impact,0.27562761794531315,0.45412389815592497,0.8940661629483675,0.6163986612704018,24.177433646919198,0.1727534790554157,0.3455069581108314,1.137027621420765,27.148998186502226,0.027247433889355497,"[0.01024, 0.01579, 0.03726, 0.01692, 0.0154, 0.0367]"
add-6th,size_only+impact60+t10_size_plus_impact_bm+book_to_market_lf_minus_size+book_to_market_lf_plus_impact+t10_size_plus_impact_aggregate+book_to_market_lf_minus_size+reversal_chip_turn_paper,0.26838989618915604,0.44235091785872277,0.9061076227262903,0.6162492307152149,23.914815935198273,0.1685759568552572,0.3371519137105144,1.1345566602351762,27.036730930248066,0.026541055071523365,"[0.01024, 0.01579, 0.03726, 0.01692, 0.0154, 0.03323]"
add-6th,size_only+impact60+t10_size_plus_impact_bm+book_to_market_lf_minus_size+book_to_market_lf_plus_impact+t10_size_plus_impact_downside+impact60+reversal_chip_eq,0.27380240823087987,0.45089862216393656,0.895950248008443,0.6157526110073531,24.295786931496217,0.17442486997777254,0.3488497399555451,1.1378342707764708,26.802899109423162,0.027053917329836193,"[0.01024, 0.01579, 0.03726, 0.01692, 0.0154, 0.03583]"
add-6th,size_only+impact60+t10_size_plus_impact_bm+book_to_market_lf_minus_size+book_to_market_lf_plus_impact+t10_size_plus_impact_bm+t10_size_plus_impact_fscore+book_to_market_lf_plus_impact,0.26850145989658153,0.44107334436020346,0.9057794324505736,0.6156767071081457,23.67616237022643,0.16743521183614912,0.33487042367229825,1.1313970144016832,26.716847047995806,0.026464400661612205,"[0.01024, 0.01579, 0.03726, 0.01692, 0.0154, 0.03328]"
add-6th,size_only+impact60+t10_size_plus_impact_bm+book_to_market_lf_minus_size+book_to_market_lf_plus_impact+t10_size_plus_impact_bm+book_to_market_lf_minus_size+reversal_chip_turn_size_eq,0.26873359539428937,0.44420117014406096,0.9019094827897839,0.615076395884682,24.12667957510831,0.17045840839499019,0.34091681678998037,1.1362520127608984,27.25318415127289,0.026652070208643658,"[0.01024, 0.01579, 0.03726, 0.01692, 0.0154, 0.03339]"
add-6th,size_only+impact60+t10_size_plus_impact_bm+book_to_market_lf_minus_size+book_to_market_lf_plus_impact+t10_size_plus_impact_bm+t10_size_plus_wc_mcap+impact_abs_return60,0.2704586685291563,0.44421091633419724,0.90016626529486,0.6146403738054873,23.78469791155839,0.16715717202131242,0.33431434404262483,1.1259790242762338,27.1484079610254,0.026652654980051833,"[0.01024, 0.01579, 0.03726, 0.01692, 0.0154, 0.03422]"
add-6th,size_only+impact60+t10_size_plus_impact_bm+book_to_market_lf_minus_size+book_to_market_lf_plus_impact+t10_size_plus_impact_downside+book_to_market_lf_plus_impact+reversal_turn_paper_nomcap,0.2703510515597663,0.4482923939599719,0.8956583682518449,0.6140188139112737,23.350881838589288,0.1672998594940488,0.3345997189880976,1.128046034982726,26.447011418888835,0.026897543637598314,"[0.01024, 0.01579, 0.03726, 0.01692, 0.0154, 0.03417]"
add-6th,size_only+impact60+t10_size_plus_impact_bm+book_to_market_lf_minus_size+book_to_market_lf_plus_impact+t10_size_plus_impact_bm+book_to_market_lf_plus_impact+t10_nomcap_plus_impact,0.269242185099335,0.4503921403863096,0.890937770867941,0.6124076830456489,23.462733899072905,0.16839011519548175,0.3367802303909635,1.1258562517596609,26.539339991525036,0.027023528423178574,"[0.01024, 0.01579, 0.03726, 0.01692, 0.0154, 0.03364]"
replace-SIZE,impact60+t10_size_plus_impact_bm+book_to_market_lf_minus_size+book_to_market_lf_plus_impact+t10_size_plus_impact_aggregate+t10_size_plus_impact_bm+impact60,0.29669181805144024,0.47222745395789045,0.8617487664511657,0.6124049173985743,22.780013762312656,0.17130632749725383,0.34261265499450766,1.120212026900095,25.4837997301522,0.028333647237473426,"[0.01579, 0.03726, 0.01692, 0.0154, 0.03332]"
add-6th,size_only+impact60+t10_size_plus_impact_bm+book_to_market_lf_minus_size+book_to_market_lf_plus_impact+t10_size_plus_impact_dd120+impact60+reversal_turn_paper,0.27526140593345605,0.4532807778531208,0.8848345540493587,0.6118761027574949,23.989660831214678,0.1738211720401951,0.3476423440803902,1.1356725108835044,26.880268280254484,0.02719684667118725,"[0.01024, 0.01579, 0.03726, 0.01692, 0.0154, 0.03653]"
add-6th,size_only+impact60+t10_size_plus_impact_bm+book_to_market_lf_minus_size+book_to_market_lf_plus_impact+t10_size_plus_impact_aggregate+impact_abs_return60+reversal_chip_eq,0.2683631359978142,0.44379713674832116,0.8944013459298261,0.611482230729897,24.24231164729798,0.17358153333289106,0.3471630666657821,1.134684499313791,26.893358377712275,0.02662782820489927,"[0.01024, 0.01579, 0.03726, 0.01692, 0.0154, 0.03322]"
add-6th,size_only+impact60+t10_size_plus_impact_bm+book_to_market_lf_minus_size+book_to_market_lf_plus_impact+impact60+reversal_turn_paper_nomcap,0.2739020056321671,0.44429346835274214,0.8905671164503592,0.6110383174525549,23.005482683919393,0.16453518473750195,0.3290703694750039,1.1202828326125802,26.478628699298522,0.026657608101164527,"[0.01024, 0.01579, 0.03726, 0.01692, 0.0154, 0.03588]"
add-6th,size_only+impact60+t10_size_plus_impact_bm+book_to_market_lf_minus_size+book_to_market_lf_plus_impact+t10_size_plus_impact_bm+book_to_market_lf_plus_impact+reversal_turn_paper,0.26996995971433896,0.44253066561393883,0.8935738241636854,0.6109879457814048,23.468806442170244,0.16868204786199872,0.33736409572399745,1.129971318269254,26.495059505562146,0.026551839936836328,"[0.01024, 0.01579, 0.03726, 0.01692, 0.0154, 0.03399]"
add-6th,size_only+impact60+t10_size_plus_impact_bm+book_to_market_lf_minus_size+book_to_market_lf_plus_impact+t10_size_plus_impact_g13+t10_size_plus_impact_wc+book_to_market_lf_div_oper_main_profit_ttm,0.2681431289682963,0.4396816741061665,0.8964399439182595,0.6109151864940343,23.862300648047018,0.16528986868693238,0.33057973737386476,1.122164795979048,27.99851594043191,0.02638090044636999,"[0.01024, 0.01579, 0.03726, 0.01692, 0.0154, 0.03311]"
add-6th,size_only+impact60+t10_size_plus_impact_bm+book_to_market_lf_minus_size+book_to_market_lf_plus_impact+t10_size_plus_impact_g13+impact_abs_return60+reversal_turn_eq,0.27343443451152794,0.44922727519091254,0.8840574864042785,0.6097423021010503,23.9854845471865,0.17278871913058558,0.34557743826117115,1.133267570537869,27.136100170069966,0.026953636511454753,"[0.01024, 0.01579, 0.03726, 0.01692, 0.0154, 0.03565]"
add-6th,size_only+impact60+t10_size_plus_impact_bm+book_to_market_lf_minus_size+book_to_market_lf_plus_impact+t10_size_plus_impact_wc+t10_size_plus_impact_dd120+book_to_market_lf_minus_size,0.27074773926289064,0.44265944780480154,0.8903446968263573,0.6097354681561195,23.707619509238757,0.16829687678791325,0.3365937535758265,1.124313665158231,27.11748160479991,0.02655956686828809,"[0.01024, 0.01579, 0.03726, 0.01692, 0.0154, 0.03436]"
add-6th,size_only+impact60+t10_size_plus_impact_bm+book_to_market_lf_minus_size+book_to_market_lf_plus_impact+t10_size_plus_impact_downside+impact_abs_return60+reversal_chip_eq,0.2693257409365777,0.4443411878140568,0.8881476562192894,0.6090510092209156,24.17498495975999,0.17384755981900413,0.34769511963800825,1.1324870145730415,26.936550574924723,0.026660471268843407,"[0.01024, 0.01579, 0.03726, 0.01692, 0.0154, 0.03368]"
replace-SIZE,impact60+t10_size_plus_impact_bm+book_to_market_lf_minus_size+book_to_market_lf_plus_impact+t10_size_plus_impact_g13+t10_size_plus_impact_wc+book_to_market_lf_plus_impact,0.29737351271895623,0.4678542135343232,0.8563410817681518,0.6085771640764727,22.56277045608546,0.17083121750418123,0.34166243500836246,1.117390884127891,25.308157362347394,0.028071252812059393,"[0.01579, 0.03726, 0.01692, 0.0154, 0.0336]"
add-6th,size_only+impact60+t10_size_plus_impact_bm+book_to_market_lf_minus_size+book_to_market_lf_plus_impact+t10_size_plus_impact+book_to_market_lf_plus_impact+reversal_turn_paper,0.2720921669747302,0.4491420987581082,0.8801433866210773,0.6076826919397686,23.44625852865567,0.16987109895888028,0.33974219791776056,1.1269886933359843,26.751134813590273,0.02694852592548649,"[0.01024, 0.01579, 0.03726, 0.01692, 0.0154, 0.03501]"
add-6th,size_only+impact60+t10_size_plus_impact_bm+book_to_market_lf_minus_size+book_to_market_lf_plus_impact+t10_size_plus_impact_wc+book_to_market_lf_plus_impact+reversal_chip_eq,0.2723646318072244,0.45286418632294023,0.8743135820212491,0.6064165034840361,23.884936225044967,0.17479391498718092,0.34958782997436183,1.1306266262361286,26.741959157607187,0.027171851179376413,"[0.01024, 0.01579, 0.03726, 0.01692, 0.0154, 0.03514]"
replace-SIZE,impact60+t10_size_plus_impact_bm+book_to_market_lf_minus_size+book_to_market_lf_plus_impact+t10_size_plus_impact_g13+t10_size_plus_impact_fscore+impact60,0.2988860767303438,0.4801361856686876,0.8403316293190435,0.6059741135236789,22.688239144090414,0.174530532313494,0.349061064626988,1.1173912844798737,25.48164300791438,0.028808171140121255,"[0.01579, 0.03726, 0.01692, 0.0154, 0.0342]"
add-6th,size_only+impact60+t10_size_plus_impact_bm+book_to_market_lf_minus_size+book_to_market_lf_plus_impact+t10_size_plus_impact_wc+impact60+reversal_turn_eq,0.27966171040426646,0.4624854348806642,0.8608578066292027,0.6051882572722269,23.78299984242558,0.17590802343121267,0.35181604686242535,1.1300016965521684,26.986262763693635,0.02774912609283985,"[0.01024, 0.01579, 0.03726, 0.01692, 0.0154, 0.03864]"
replace-SIZE,impact60+t10_size_plus_impact_bm+book_to_market_lf_minus_size+book_to_market_lf_plus_impact+t10_size_plus_impact_aggregate+t10_size_plus_impact_fscore+impact60,0.2995934955423037,0.4814396682817083,0.837165956211758,0.6051472633023498,22.644876646195737,0.17487592425041368,0.34975184850082736,1.1168173260791434,25.445208746383695,0.028886380096902496,"[0.01579, 0.03726, 0.01692, 0.0154, 0.03448]"
replace-SIZE,impact60+t10_size_plus_impact_bm+book_to_market_lf_minus_size+book_to_market_lf_plus_impact+reversal_chip_turn_paper+f_i10_01,0.2965037192515789,0.46345560639385025,0.8521705624400661,0.6049869591861932,22.91449161876664,0.1746161046472044,0.3492322092944088,1.1228208031945726,25.498412349576004,0.027807336383631014,"[0.01579, 0.03726, 0.01692, 0.0154, 0.03325]"
replace-SIZE,impact60+t10_size_plus_impact_bm+book_to_market_lf_minus_size+book_to_market_lf_plus_impact+t10_size_plus_impact_bm+t10_size_plus_impact_dd120+impact60,0.2989924195091752,0.4786040257766763,0.8385876484043527,0.6046743347056305,23.003245460995238,0.1791428198094546,0.3582856396189092,1.1233163376503736,25.195789722589634,0.028716241546600577,"[0.01579, 0.03726, 0.01692, 0.0154, 0.03424]"
add-6th,size_only+impact60+t10_size_plus_impact_bm+book_to_market_lf_minus_size+book_to_market_lf_plus_impact+t10_nomcap_plus_impact+impact_abs_return60+reversal_turn_paper,0.27351135024655104,0.45373344673033966,0.8685942122111886,0.604376371899964,23.703353030129737,0.1738357913339704,0.3476715826679408,1.1299317385288277,26.957349025426335,0.02722400680382038,"[0.01024, 0.01579, 0.03726, 0.01692, 0.0154, 0.03569]"
add-6th,size_only+impact60+t10_size_plus_impact_bm+book_to_market_lf_minus_size+book_to_market_lf_plus_impact+t10_size_plus_impact_fscore+impact60+reversal_turn_paper_nomcap,0.2771277984749679,0.4541609560035992,0.8658109536533967,0.6039968234402818,23.554882129065614,0.17349234497033408,0.34698468994066817,1.1302552112235016,26.911662931173343,0.02724965736021595,"[0.01024, 0.01579, 0.03726, 0.01692, 0.0154, 0.03742]"
add-6th,size_only+impact60+t10_size_plus_impact_bm+book_to_market_lf_minus_size+book_to_market_lf_plus_impact+impact60+reversal_chip_turn_paper+reversal_turn_paper,0.276152533970299,0.458567786495244,0.8624605518026446,0.6038364803785853,23.594142530954997,0.17470825694082218,0.34941651388164435,1.1296014786580784,26.79757525844456,0.02751406718971464,"[0.01024, 0.01579, 0.03726, 0.01692, 0.0154, 0.03696]"
add-6th,size_only+impact60+t10_size_plus_impact_bm+book_to_market_lf_minus_size+book_to_market_lf_plus_impact+t10_size_plus_impact+t10_size_plus_impact_fscore+book_to_market_lf_minus_size,0.27107597371107567,0.4455025911014474,0.8747773489017926,0.6037909086335284,23.599867162020598,0.16933325416272316,0.3386665083254463,1.1240197515889327,27.491935344022444,0.026730155466086845,"[0.01024, 0.01579, 0.03726, 0.01692, 0.0154, 0.03452]"
add-6th,size_only+impact60+t10_size_plus_impact_bm+book_to_market_lf_minus_size+book_to_market_lf_plus_impact+t10_size_plus_impact_dd120+book_to_market_lf_plus_impact+reversal_turn_paper,0.27190417027529584,0.4448352414392291,0.8742795058872065,0.6034989462080322,23.600757519587273,0.1726190009829889,0.3452380019659778,1.1291324391515092,26.700528724937943,0.026690114486353743,"[0.01024, 0.01579, 0.03726, 0.01692, 0.0154, 0.03492]"
replace-SIZE,impact60+t10_size_plus_impact_bm+book_to_market_lf_minus_size+book_to_market_lf_plus_impact+t10_size_plus_impact_bm+t10_size_plus_impact_wc+book_to_market_lf_plus_impact,0.29814519962491076,0.46509234463543203,0.843541523992678,0.6020050463440885,22.4162582852162,0.17271130869839635,0.3454226173967927,1.1164106760751136,25.117631442847312,0.02790554067812592,"[0.01579, 0.03726, 0.01692, 0.0154, 0.03391]"
add-6th,size_only+impact60+t10_size_plus_impact_bm+book_to_market_lf_minus_size+book_to_market_lf_plus_impact+t10_size_plus_impact_fscore+t10_size_plus_impact_dd120+book_to_market_lf_div_oper_main_profit_ttm,0.26895195758457835,0.44715696612692407,0.8695363567724013,0.6015866902089196,23.918770339642233,0.17170320058189856,0.3434064011637971,1.1221717545697028,27.708598482233704,0.026829417967615444,"[0.01024, 0.01579, 0.03726, 0.01692, 0.0154, 0.0335]"
add-6th,size_only+impact60+t10_size_plus_impact_bm+book_to_market_lf_minus_size+book_to_market_lf_plus_impact+size_only+t10_size_plus_impact_fscore+reversal_turn_paper,0.27241954507115523,0.4473143672017259,0.8675387561957306,0.6014363778229139,23.925866925286442,0.17297947265094876,0.3459589453018975,1.1298420354578207,27.819905762718644,0.026838862032103554,"[0.01024, 0.01579, 0.03726, 0.01692, 0.0154, 0.03516]"
add-6th,size_only+impact60+t10_size_plus_impact_bm+book_to_market_lf_minus_size+book_to_market_lf_plus_impact+t10_size_plus_impact_aggregate+t10_nomcap_plus_impact+book_to_market_lf_div_oper_main_profit_ttm,0.27232008000477337,0.44822993207430933,0.8657735461230908,0.6009425879823538,23.727185444593434,0.1700287912782127,0.3400575825564254,1.1190589587883977,27.892776164880917,0.02689379592445856,"[0.01024, 0.01579, 0.03726, 0.01692, 0.0154, 0.03512]"
add-6th,size_only+impact60+t10_size_plus_impact_bm+book_to_market_lf_minus_size+book_to_market_lf_plus_impact+t10_size_plus_impact_bm+impact_abs_return60+reversal_turn_eq,0.2750799151100525,0.4544728459946369,0.8594385170777723,0.6008288118051309,23.695093063036182,0.17510067817937794,0.3502013563587559,1.1270763242046682,26.983725767044874,0.027268370759678213,"[0.01024, 0.01579, 0.03726, 0.01692, 0.0154, 0.03644]"
replace-SIZE,impact60+t10_size_plus_impact_bm+book_to_market_lf_minus_size+book_to_market_lf_plus_impact+t10_size_plus_impact_bm+t10_size_plus_wc_mcap+impact_abs_return60,0.29893822036998746,0.4764931116140261,0.8312517287448414,0.6006235110740852,22.731160356847372,0.1763942391809058,0.3527884783618116,1.1174627245844966,25.60855045064575,0.028589586696841564,"[0.01579, 0.03726, 0.01692, 0.0154, 0.03422]"
add-6th,size_only+impact60+t10_size_plus_impact_bm+book_to_market_lf_minus_size+book_to_market_lf_plus_impact+t10_size_plus_impact_aggregate+book_to_market_lf_plus_impact+reversal40,0.2755737555078563,0.4462528937443086,0.8649287803934549,0.6005212150891339,23.959425660221157,0.17725572200552558,0.35451144401105117,1.132644946597922,26.838280761225963,0.026775173624658515,"[0.01024, 0.01579, 0.03726, 0.01692, 0.0154, 0.03668]"
add-6th,size_only+impact60+t10_size_plus_impact_bm+book_to_market_lf_minus_size+book_to_market_lf_plus_impact+t10_size_plus_impact_bm+turn_bias,0.27086108168037254,0.49364474800325997,0.8290531216275647,0.6000217828696197,22.798500262736056,0.17220873510350715,0.3444174702070143,1.1092514096270267,26.87848209663384,0.029618684880195596,"[0.01024, 0.01579, 0.03726, 0.01692, 0.0154, 0.03442]"
replace-SIZE,impact60+t10_size_plus_impact_bm+book_to_market_lf_minus_size+book_to_market_lf_plus_impact+t10_size_plus_impact_downside+t10_size_plus_impact_dd120+book_to_market_lf_plus_impact,0.297328146540781,0.46442456124963966,0.839945339731748,0.5999896286248168,22.66907060585827,0.1750950893010054,0.3501901786020108,1.1186952247475233,25.339810416815922,0.027865473674978377,"[0.01579, 0.03726, 0.01692, 0.0154, 0.03358]"
replace-SIZE,impact60+t10_size_plus_impact_bm+book_to_market_lf_minus_size+book_to_market_lf_plus_impact+t10_size_plus_impact_g13+t10_size_plus_impact_wc+book_to_market_lf_div_oper_main_profit_ttm,0.2961595728969555,0.47366190149473464,0.833252182335829,0.5999770621536713,22.885292014897438,0.17530895068913352,0.35061790137826704,1.1169216006131435,26.185285223087984,0.02841971408968408,"[0.01579, 0.03726, 0.01692, 0.0154, 0.03311]"
add-6th,size_only+impact60+t10_size_plus_impact_bm+book_to_market_lf_minus_size+book_to_market_lf_plus_impact+t10_size_plus_impact_aggregate+reversal_chip_turn_paper+book_to_market_lf_div_oper_main_profit_ttm,0.2715088086620159,0.4459157303591626,0.8657051025183296,0.5999395634913584,23.703205620758272,0.17025193017212323,0.34050386034424646,1.1194218285670134,27.786261980193615,0.026754943821549755,"[0.01024, 0.01579, 0.03726, 0.01692, 0.0154, 0.03473]"
add-6th,size_only+impact60+t10_size_plus_impact_bm+book_to_market_lf_minus_size+book_to_market_lf_plus_impact+t10_size_plus_impact+book_to_market_lf_plus_impact+reversal_chip_turn_eq,0.2751624995714064,0.4554278421878496,0.8564024089086358,0.5998133286889148,23.466245045529917,0.17404696470167683,0.34809392940335365,1.12350147295251,26.79707191968921,0.027325670531270975,"[0.01024, 0.01579, 0.03726, 0.01692, 0.0154, 0.03648]"
add-6th,size_only+impact60+t10_size_plus_impact_bm+book_to_market_lf_minus_size+book_to_market_lf_plus_impact+t10_size_plus_impact+book_to_market_lf_minus_size+reversal_turn_paper_nomcap,0.2706001555093712,0.4438316689579585,0.8668143810430728,0.5995275867065425,23.453710717092278,0.17127261108352113,0.34254522216704225,1.1250894774786009,27.071303129541636,0.02662990013747751,"[0.01024, 0.01579, 0.03726, 0.01692, 0.0154, 0.03429]"
replace-SIZE,impact60+t10_size_plus_impact_bm+book_to_market_lf_minus_size+book_to_market_lf_plus_impact+t10_size_plus_impact_downside+t10_size_plus_impact+book_to_market_lf_plus_impact,0.29637156435741197,0.4628996883206603,0.8401085567422342,0.5993380543177189,22.388516454987634,0.17198988597934098,0.34397977195868196,1.11288607860404,25.342107323801766,0.02777398129923962,"[0.01579, 0.03726, 0.01692, 0.0154, 0.0332]"
replace-SIZE,impact60+t10_size_plus_impact_bm+book_to_market_lf_minus_size+book_to_market_lf_plus_impact+t10_size_plus_impact_g13+book_to_market_lf_plus_impact+t10_size_plus_wc_mcap,0.2986656342364622,0.46675051288130337,0.8358364298670716,0.5992221997959308,22.528897786348754,0.17453765451145112,0.34907530902290224,1.1169466233094567,25.35869243539396,0.028005030772878203,"[0.01579, 0.03726, 0.01692, 0.0154, 0.03411]"
add-6th,size_only+impact60+t10_size_plus_impact_bm+book_to_market_lf_minus_size+book_to_market_lf_plus_impact+t10_size_plus_impact_bm+reversal_chip_turn_paper+book_to_market_lf_div_oper_main_profit_ttm,0.26828336171956996,0.4428386960192211,0.867308533743512,0.5989390561352218,23.783210119497042,0.17217185898141843,0.34434371796283686,1.1251765352033094,27.53199067402219,0.026570321761153266,"[0.01024, 0.01579, 0.03726, 0.01692, 0.0154, 0.03318]"
replace-SIZE,impact60+t10_size_plus_impact_bm+book_to_market_lf_minus_size+book_to_market_lf_plus_impact+t10_size_plus_impact_aggregate+impact60+reversal_turn_paper,0.303219225663828,0.4850426342826358,0.8185361256959856,0.5987500236948816,22.403619669466813,0.17658442119307768,0.35316884238615537,1.1129016109814514,25.361734888054766,0.029102558056958147,"[0.01579, 0.03726, 0.01692, 0.0154, 0.03593]"
add-6th,size_only+impact60+t10_size_plus_impact_bm+book_to_market_lf_minus_size+book_to_market_lf_plus_impact+t10_size_plus_impact_g13+book_to_market_lf_plus_impact+reversal40,0.27480140354040666,0.4449242856673435,0.8613506219104715,0.5982915605513637,23.940134071258477,0.17745919984130695,0.3549183996826139,1.131356393175794,26.897820352867484,0.02669545714004061,"[0.01024, 0.01579, 0.03726, 0.01692, 0.0154, 0.03631]"
add-6th,size_only+impact60+t10_size_plus_impact_bm+book_to_market_lf_minus_size+book_to_market_lf_plus_impact+book_to_market_lf_minus_size+reversal_turn_eq,0.2715416361281992,0.44468103273086074,0.8625309705422781,0.5980856254254663,23.443138317748826,0.17167457968789165,0.3433491593757833,1.125124471174187,27.194372373271957,0.026680861963851644,"[0.01024, 0.01579, 0.03726, 0.01692, 0.0154, 0.03474]"
replace-SIZE,impact60+t10_size_plus_impact_bm+book_to_market_lf_minus_size+book_to_market_lf_plus_impact+t10_size_plus_impact_downside+impact60+reversal_chip_turn_paper,0.3009710761834365,0.48000770838725837,0.821456693094229,0.5978524250646308,22.552802825284466,0.17850765045746525,0.3570153009149305,1.1154007565915727,25.041186714053154,0.0288004625032355,"[0.01579, 0.03726, 0.01692, 0.0154, 0.03504]"
add-6th,size_only+impact60+t10_size_plus_impact_bm+book_to_market_lf_minus_size+book_to_market_lf_plus_impact+t10_size_plus_impact_fscore+book_to_market_lf_minus_size+t10_nomcap_plus_impact,0.2730900297840419,0.45269276649164475,0.8548406860176135,0.5977387829368102,23.402652281241014,0.1722142275748237,0.3444284551496474,1.121302468503571,27.232882139391045,0.027161565989498683,"[0.01024, 0.01579, 0.03726, 0.01692, 0.0154, 0.03549]"
add-6th,size_only+impact60+t10_size_plus_impact_bm+book_to_market_lf_minus_size+book_to_market_lf_plus_impact+t10_size_plus_impact_aggregate+t10_size_plus_impact_g13+t10_size_plus_impact_fscore,0.27491694457312604,0.4618274143295933,0.845225141292173,0.5969742975114607,23.880775084566828,0.1783424661652065,0.356684932330413,1.1255844154027836,27.25427855351533,0.027709644859775596,"[0.01024, 0.01579, 0.03726, 0.01692, 0.0154, 0.03636]"
replace-SIZE,impact60+t10_size_plus_impact_bm+book_to_market_lf_minus_size+book_to_market_lf_plus_impact+t10_size_plus_impact_aggregate+t10_size_plus_impact_fscore+book_to_market_lf_plus_impact,0.29789235026670796,0.46141267557945975,0.8353265039741969,0.5969698332945411,22.43396376305336,0.17344790801088128,0.34689581602176256,1.1151234608224418,25.41762658441754,0.027684760534767584,"[0.01579, 0.03726, 0.01692, 0.0154, 0.0338]"
add-6th,size_only+impact60+t10_size_plus_impact_bm+book_to_market_lf_minus_size+book_to_market_lf_plus_impact+t10_size_plus_impact_fscore+t10_nomcap_plus_impact+paper_composite,0.2680668757791696,0.4468948761414053,0.8591516477585331,0.5966448232966657,23.39519600462851,0.17269905657974666,0.3453981131594933,1.125138646930353,26.966055462075033,0.026813692568484315,"[0.01024, 0.01579, 0.03726, 0.01692, 0.0154, 0.03307]"
replace-SIZE,impact60+t10_size_plus_impact_bm+book_to_market_lf_minus_size+book_to_market_lf_plus_impact+t10_size_plus_impact_downside+impact_abs_return60+reversal_chip_eq,0.29757870725889324,0.47773745367190595,0.8219251705516286,0.5965901769851786,23.25741971023488,0.1856602998569933,0.3713205997139866,1.1277675952196917,25.153806344372597,0.028664247220314357,"[0.01579, 0.03726, 0.01692, 0.0154, 0.03368]"
add-6th,size_only+impact60+t10_size_plus_impact_bm+book_to_market_lf_minus_size+book_to_market_lf_plus_impact+impact60+reversal_chip_turn_paper+reversal_turn_paper_nomcap,0.2725627812411158,0.46163483081584195,0.8446126735235628,0.5961604501193711,23.22537920566931,0.1751584580301424,0.3503169160602848,1.1234726069932224,26.635899110950266,0.027698089848950516,"[0.01024, 0.01579, 0.03726, 0.01692, 0.0154, 0.03523]"
add-6th,size_only+impact60+t10_size_plus_impact_bm+book_to_market_lf_minus_size+book_to_market_lf_plus_impact+impact_abs_return60+reversal_chip_turn_eq+reversal_turn_paper_nomcap,0.2688297366437473,0.46125386431360993,0.8465543253803426,0.5961542462596672,23.65850027847128,0.17889753447510473,0.35779506895020946,1.1299061220997004,26.679458924196076,0.027675231858816596,"[0.01024, 0.01579, 0.03726, 0.01692, 0.0154, 0.03344]"
add-6th,size_only+impact60+t10_size_plus_impact_bm+book_to_market_lf_minus_size+book_to_market_lf_plus_impact+size_only+t10_size_plus_wc_mcap+t10_nomcap_plus_impact,0.2681025183843702,0.4482311273846837,0.8566434716607323,0.5959909605088429,23.81821975335097,0.17277244464652353,0.34554488929304705,1.1201286410175417,27.858323483943526,0.02689386764308102,"[0.01024, 0.01579, 0.03726, 0.01692, 0.0154, 0.03309]"
add-6th,size_only+impact60+t10_size_plus_impact_bm+book_to_market_lf_minus_size+book_to_market_lf_plus_impact+t10_size_plus_impact_aggregate+t10_size_plus_impact_g13+t10_size_plus_impact_downside,0.26939233780900357,0.44672931321846465,0.8568598249315328,0.5958206484074531,23.765176765080422,0.1744047670166743,0.3488095340333486,1.122159440177749,27.296637959317604,0.02680375879310788,"[0.01024, 0.01579, 0.03726, 0.01692, 0.0154, 0.03371]"
add-6th,size_only+impact60+t10_size_plus_impact_bm+book_to_market_lf_minus_size+book_to_market_lf_plus_impact+t10_size_plus_impact_aggregate+t10_size_plus_impact_downside+t10_size_plus_impact_bm,0.2737156946321456,0.4571002021859506,0.8462857468135659,0.5955567957576166,23.632271171575976,0.17632237827873765,0.3526447565574753,1.1220441990329166,27.059171464614007,0.027426012131157036,"[0.01024, 0.01579, 0.03726, 0.01692, 0.0154, 0.03579]"
replace-SIZE,impact60+t10_size_plus_impact_bm+book_to_market_lf_minus_size+book_to_market_lf_plus_impact+impact60+reversal_turn_paper_nomcap,0.30307022489360047,0.46052281698625397,0.8294103280320039,0.5950316785383107,22.110437527475472,0.17454367107319238,0.34908734214638476,1.1176809749917045,24.752121705710373,0.027631369019175237,"[0.01579, 0.03726, 0.01692, 0.0154, 0.03588]"
add-6th,size_only+impact60+t10_size_plus_impact_bm+book_to_market_lf_minus_size+book_to_market_lf_plus_impact+t10_size_plus_impact_downside+book_to_market_lf_div_oper_main_profit_ttm+reversal_turn_paper,0.2716821222570654,0.4462872589095921,0.8534930008074262,0.5946088154331122,23.412772787903986,0.17005631817810873,0.34011263635621747,1.1160957105935019,27.789167799191116,0.026777235534575523,"[0.01024, 0.01579, 0.03726, 0.01692, 0.0154, 0.03481]"
replace-SIZE,impact60+t10_size_plus_impact_bm+book_to_market_lf_minus_size+book_to_market_lf_plus_impact+t10_size_plus_impact_downside+book_to_market_lf_plus_impact+reversal_turn_paper,0.29982800587611746,0.4604232240749593,0.8298740572806675,0.5945570553777597,22.350226898507298,0.17586421703989397,0.35172843407978793,1.118435876185502,24.948957024642237,0.027625393444497555,"[0.01579, 0.03726, 0.01692, 0.0154, 0.03458]"
replace-SIZE,impact60+t10_size_plus_impact_bm+book_to_market_lf_minus_size+book_to_market_lf_plus_impact+t10_size_plus_impact_aggregate+impact_abs_return60+reversal_chip_eq,0.29642358133237695,0.4771806136433397,0.8177516863174895,0.5942861898845145,23.15774740298401,0.1847773963615689,0.3695547927231378,1.1239900704494983,25.282092838094528,0.02863083681860038,"[0.01579, 0.03726, 0.01692, 0.0154, 0.03322]"
add-6th,size_only+impact60+t10_size_plus_impact_bm+book_to_market_lf_minus_size+book_to_market_lf_plus_impact+impact60+reversal_turn_paper+reversal_chip_eq,0.2745417187939523,0.46104863985052486,0.8398082436161138,0.5941890773337254,23.759476566599016,0.18064088646235052,0.36128177292470104,1.128015318189348,26.729698153079372,0.02766291839103149,"[0.01024, 0.01579, 0.03726, 0.01692, 0.0154, 0.03618]"
replace-SIZE,impact60+t10_size_plus_impact_bm+book_to_market_lf_minus_size+book_to_market_lf_plus_impact+t10_size_plus_impact_downside+book_to_market_lf_plus_impact+reversal_turn_paper_nomcap,0.29880908000671946,0.4617525451538715,0.8281854822117475,0.5940586738004853,22.1799761885017,0.17576078296887043,0.35152156593774087,1.1177896552404323,24.621123048631844,0.027705152709232288,"[0.01579, 0.03726, 0.01692, 0.0154, 0.03417]"
replace-SIZE,impact60+t10_size_plus_impact_bm+book_to_market_lf_minus_size+book_to_market_lf_plus_impact+t10_size_plus_impact_downside+impact60+reversal_chip_eq,0.30295070801205576,0.4845790957591773,0.8084856712640981,0.5940113771869674,22.951125163975654,0.1850326350434195,0.370065270086839,1.1190240948629993,25.08583981660554,0.029074745745550638,"[0.01579, 0.03726, 0.01692, 0.0154, 0.03583]"
add-6th,size_only+impact60+t10_size_plus_impact_bm+book_to_market_lf_minus_size+book_to_market_lf_plus_impact+t10_size_plus_impact_aggregate+t10_size_plus_impact_g13+t10_size_plus_impact_bm,0.2731102204495673,0.4553162577824254,0.8441295887369453,0.5938410492453878,23.585274422114566,0.17605690324440013,0.35211380648880025,1.120692140491405,27.107626711634826,0.027318975466945523,"[0.01024, 0.01579, 0.03726, 0.01692, 0.0154, 0.03549]"
add-6th,size_only+impact60+t10_size_plus_impact_bm+book_to_market_lf_minus_size+book_to_market_lf_plus_impact+t10_size_plus_impact+book_to_market_lf_minus_size+reversal_chip_turn_eq,0.2726822312915567,0.4524771115973122,0.8456050598783698,0.593425712262637,23.447016623071026,0.17433242081437025,0.3486648416287405,1.119638395754627,27.179377087185042,0.02714862669583873,"[0.01024, 0.01579, 0.03726, 0.01692, 0.0154, 0.03529]"
add-6th,size_only+impact60+t10_size_plus_impact_bm+book_to_market_lf_minus_size+book_to_market_lf_plus_impact+weighted_reversal_lowturn+f_i10_01,0.27899604934208544,0.4471207347077775,0.8463652575288066,0.5931558329041022,23.693527941750858,0.17654552998139736,0.3530910599627947,1.1269288993253521,27.371967465730684,0.02682724408246665,"[0.01024, 0.01579, 0.03726, 0.01692, 0.0154, 0.03832]"
add-6th,size_only+impact60+t10_size_plus_impact_bm+book_to_market_lf_minus_size+book_to_market_lf_plus_impact+t10_size_plus_impact_aggregate+t10_size_plus_impact_downside+t10_nomcap_plus_impact,0.2735671958177227,0.45972864080124026,0.838541411642106,0.5929620986829263,23.975854123916506,0.1814743424334959,0.3629486848669918,1.1279447696726308,27.06321553063097,0.027583718448074415,"[0.01024, 0.01579, 0.03726, 0.01692, 0.0154, 0.03571]"
replace-SIZE,impact60+t10_size_plus_impact_bm+book_to_market_lf_minus_size+book_to_market_lf_plus_impact+t10_size_plus_impact_downside+book_to_market_lf_plus_impact+reversal_chip_turn_paper,0.29591540861870697,0.46067676101109967,0.8276906024686179,0.5928807191885044,22.279492327197367,0.1758142762622918,0.3516285525245836,1.1146689226675175,24.736927537038046,0.02764060566066598,"[0.01579, 0.03726, 0.01692, 0.0154, 0.03301]"
add-6th,size_only+impact60+t10_size_plus_impact_bm+book_to_market_lf_minus_size+book_to_market_lf_plus_impact+t10_size_plus_impact_g13+t10_size_plus_impact_downside+t10_size_plus_impact_bm,0.2731889132725002,0.45584085317947054,0.8404849710237188,0.5924003182279882,23.541447242979316,0.1763308409444608,0.3526616818889216,1.1196458984720168,27.10640236057873,0.027350451190768232,"[0.01024, 0.01579, 0.03726, 0.01692, 0.0154, 0.03553]"
replace-SIZE,impact60+t10_size_plus_impact_bm+book_to_market_lf_minus_size+book_to_market_lf_plus_impact+t10_size_plus_impact_bm+t10_size_plus_impact_fscore+book_to_market_lf_plus_impact,0.29658957001089775,0.4617951333346191,0.8253581305254469,0.5923573694057473,22.31559428172558,0.17536406368928312,0.35072812737856623,1.1151509020552353,25.17111830838614,0.027707708000077144,"[0.01579, 0.03726, 0.01692, 0.0154, 0.03328]"
replace-SIZE,impact60+t10_size_plus_impact_bm+book_to_market_lf_minus_size+book_to_market_lf_plus_impact+t10_size_plus_impact_aggregate+t10_nomcap_plus_impact+book_to_market_lf_div_oper_main_profit_ttm,0.30117191414072797,0.48202011588169374,0.806947518402037,0.592067806667655,22.73588722363498,0.18108095515821937,0.36216191031643874,1.1150253737673268,25.693673354485767,0.028921206952901624,"[0.01579, 0.03726, 0.01692, 0.0154, 0.03512]"
add-6th,size_only+impact60+t10_size_plus_impact_bm+book_to_market_lf_minus_size+book_to_market_lf_plus_impact+size_only+t10_size_plus_impact_g13+reversal_turn_eq,0.26791756324724064,0.4451273118834084,0.8494502321370251,0.5916306762703024,23.614575049574484,0.17282841065237084,0.3456568213047417,1.118169026741384,27.734525087052987,0.026707638713004505,"[0.01024, 0.01579, 0.03726, 0.01692, 0.0154, 0.033]"
replace-SIZE,impact60+t10_size_plus_impact_bm+book_to_market_lf_minus_size+book_to_market_lf_plus_impact+t10_size_plus_impact_bm+book_to_market_lf_plus_impact+t10_nomcap_plus_impact,0.29747844025420195,0.46519338431796803,0.8204320732448915,0.5915078055223304,22.272950763650638,0.17750632734963706,0.3550126546992741,1.115114364694021,24.69801314847173,0.02791160305907808,"[0.01579, 0.03726, 0.01692, 0.0154, 0.03364]"
add-6th,size_only+impact60+t10_size_plus_impact_bm+book_to_market_lf_minus_size+book_to_market_lf_plus_impact+t10_size_plus_impact_downside+t10_size_plus_impact_bm,0.2746272883167738,0.45913816512913885,0.8335417990639185,0.5907176250373167,23.47465932412652,0.1775042137495803,0.3550084274991606,1.1189727783731929,27.006254308374842,0.02754828990774833,"[0.01024, 0.01579, 0.03726, 0.01692, 0.0154, 0.03622]"
add-6th,size_only+impact60+t10_size_plus_impact_bm+book_to_market_lf_minus_size+book_to_market_lf_plus_impact+t10_size_plus_impact+book_to_market_lf_plus_impact+reversal_turn_eq,0.27759621504812626,0.4587079143191267,0.8320940553587507,0.5905093379327574,23.15156387580283,0.17580923354050554,0.3516184670810111,1.1168584176259144,26.75688957179191,0.027522474859147602,"[0.01024, 0.01579, 0.03726, 0.01692, 0.0154, 0.03765]"
replace-SIZE,impact60+t10_size_plus_impact_bm+book_to_market_lf_minus_size+book_to_market_lf_plus_impact+t10_size_plus_impact_fscore+impact60+t10_nomcap_plus_impact,0.30514095966937577,0.48740997855077717,0.7968837789868309,0.5902193849707211,22.515257708466034,0.18234489471697235,0.3646897894339447,1.112979959627674,25.347176162567976,0.02924459871304663,"[0.01579, 0.03726, 0.01692, 0.0154, 0.0367]"
add-6th,size_only+impact60+t10_size_plus_impact_bm+book_to_market_lf_minus_size+book_to_market_lf_plus_impact+size_only+t10_nomcap_plus_impact+reversal_turn_paper_nomcap,0.27176469015637045,0.45313949062454695,0.8382842090471839,0.5901796538210983,23.442080205913125,0.17529741882317387,0.35059483764634775,1.120101529365629,27.368750743080106,0.027188369437472815,"[0.01024, 0.01579, 0.03726, 0.01692, 0.0154, 0.03485]"
replace-SIZE,impact60+t10_size_plus_impact_bm+book_to_market_lf_minus_size+book_to_market_lf_plus_impact+t10_size_plus_impact_downside+impact60+reversal_chip_turn_eq,0.30300124272255474,0.48822516444183245,0.7967171224724685,0.5900017612117632,22.46464976722356,0.1823990876162704,0.3647981752325408,1.1099402019591114,25.052255021203074,0.029293509866509946,"[0.01579, 0.03726, 0.01692, 0.0154, 0.03585]"
add-6th,size_only+impact60+t10_size_plus_impact_bm+book_to_market_lf_minus_size+book_to_market_lf_plus_impact+t10_size_plus_impact_downside+momentum20_open,0.2812146432610767,0.483172419311665,0.8096042840913303,0.5896752032523968,24.3482568697996,0.19284047334596496,0.3856809466919299,1.1372299582361431,26.94947129609989,0.028990345158699898,"[0.01024, 0.01579, 0.03726, 0.01692, 0.0154, 0.03939]"
add-6th,size_only+impact60+t10_size_plus_impact_bm+book_to_market_lf_minus_size+book_to_market_lf_plus_impact+t10_size_plus_impact_wc+book_to_market_lf_div_oper_main_profit_ttm+reversal_turn_paper,0.2701344222510017,0.4499930035970308,0.8387668961633786,0.5889695389826815,23.1822357953833,0.17084344690432673,0.34168689380865347,1.1111880085153953,27.70491116575614,0.02699958021582185,"[0.01024, 0.01579, 0.03726, 0.01692, 0.0154, 0.03407]"
add-6th,size_only+impact60+t10_size_plus_impact_bm+book_to_market_lf_minus_size+book_to_market_lf_plus_impact+t10_size_plus_impact_downside+t10_size_plus_impact+t10_size_plus_impact_wc,0.27338048254467623,0.4570363219678445,0.8316866569988242,0.5888978048471517,23.70286477038014,0.1791349998066019,0.3582699996132038,1.1210309313194295,27.264470618912018,0.02742217931807067,"[0.01024, 0.01579, 0.03726, 0.01692, 0.0154, 0.03562]"
add-6th,size_only+impact60+t10_size_plus_impact_bm+book_to_market_lf_minus_size+book_to_market_lf_plus_impact+t10_size_plus_impact_downside+book_to_market_lf_minus_size+reversal40,0.2732677417467556,0.44379839214501215,0.8417608242209551,0.5887753564995352,23.807590667717506,0.1779199105639762,0.3558398211279524,1.124179878961966,27.37535619652114,0.026627903528700727,"[0.01024, 0.01579, 0.03726, 0.01692, 0.0154, 0.03557]"
add-6th,size_only+impact60+t10_size_plus_impact_bm+book_to_market_lf_minus_size+book_to_market_lf_plus_impact+t10_size_plus_impact_bm+book_to_market_lf_minus_size+reversal40,0.27223473460767733,0.44622470280277327,0.840001819339409,0.5886264116052402,23.846243731600623,0.17970044768527235,0.3594008953705447,1.1279357088042394,27.212377238997977,0.026773482168166395,"[0.01024, 0.01579, 0.03726, 0.01692, 0.0154, 0.03507]"
add-6th,size_only+impact60+t10_size_plus_impact_bm+book_to_market_lf_minus_size+book_to_market_lf_plus_impact+t10_size_plus_impact_g13+t10_size_plus_impact_downside+t10_size_plus_wc_mcap,0.2728046153202342,0.4557772749679072,0.8316823175453657,0.588340012198229,23.73482795744447,0.17949718415018517,0.35899436830037035,1.121522438690171,27.251648445612165,0.027346636498074433,"[0.01024, 0.01579, 0.03726, 0.01692, 0.0154, 0.03535]"
add-6th,size_only+impact60+t10_size_plus_impact_bm+book_to_market_lf_minus_size+book_to_market_lf_plus_impact+t10_size_plus_impact_g13+t10_size_plus_impact_wc+t10_size_plus_impact_dd120,0.27129933893505187,0.45607609736881305,0.8312660316529301,0.5879562161099134,23.938958232481312,0.18154205721305303,0.36308411442610605,1.1255469006717975,27.325542439456065,0.02736456584212878,"[0.01024, 0.01579, 0.03726, 0.01692, 0.0154, 0.03463]"
add-6th,size_only+impact60+t10_size_plus_impact_bm+book_to_market_lf_minus_size+book_to_market_lf_plus_impact+t10_size_plus_impact_g13+book_to_market_lf_div_oper_main_profit_ttm+reversal_turn_eq,0.2704803394655892,0.45374187548612777,0.8329449871508895,0.5877309685311628,23.5802323004345,0.17524933507521745,0.3504986701504349,1.1166003117284635,27.89286711871175,0.027224512529167664,"[0.01024, 0.01579, 0.03726, 0.01692, 0.0154, 0.03423]"
add-6th,size_only+impact60+t10_size_plus_impact_bm+book_to_market_lf_minus_size+book_to_market_lf_plus_impact+impact_abs_return60+reversal_turn_paper_nomcap+reversal40,0.2688792253613158,0.4560403771619117,0.8318413758059697,0.5877185961916186,24.037094343000398,0.18559087526298154,0.3711817505259631,1.1372925820413575,26.860059669280545,0.0273624226297147,"[0.01024, 0.01579, 0.03726, 0.01692, 0.0154, 0.03346]"
add-6th,size_only+impact60+t10_size_plus_impact_bm+book_to_market_lf_minus_size+book_to_market_lf_plus_impact+t10_size_plus_impact_g13+t10_size_plus_wc_mcap,0.2715850912936848,0.4590611822558773,0.8281013629890924,0.5876340453933856,23.92202098284145,0.18174095360011422,0.36348190720022844,1.1244477109501452,27.383451933266436,0.027543670935352635,"[0.01024, 0.01579, 0.03726, 0.01692, 0.0154, 0.03476]"
add-6th,size_only+impact60+t10_size_plus_impact_bm+book_to_market_lf_minus_size+book_to_market_lf_plus_impact+t10_size_plus_impact_downside+t10_size_plus_impact+t10_size_plus_wc_mcap,0.2730597808911942,0.46107616109158656,0.825230340280247,0.5873422656864054,23.88783414307147,0.18265967808239642,0.36531935616479283,1.124758400663187,27.230879871283165,0.027664569665495194,"[0.01024, 0.01579, 0.03726, 0.01692, 0.0154, 0.03547]"
add-6th,size_only+impact60+t10_size_plus_impact_bm+book_to_market_lf_minus_size+book_to_market_lf_plus_impact+t10_size_plus_impact_downside+t10_size_plus_impact_wc+reversal_chip_turn_size_eq,0.2728800942025475,0.4613996848922881,0.8247813096235477,0.5872174978834068,23.92290637042894,0.18312665367876602,0.36625330735753203,1.1249946120608094,27.21225756215645,0.027683981093537285,"[0.01024, 0.01579, 0.03726, 0.01692, 0.0154, 0.03538]"
add-6th,size_only+impact60+t10_size_plus_impact_bm+book_to_market_lf_minus_size+book_to_market_lf_plus_impact+t10_size_plus_impact_downside+t10_size_plus_impact_wc+t10_nomcap_plus_impact,0.27373898345438,0.4649163689004746,0.8215069980175852,0.5871466749139554,23.774577590188123,0.1830100010680551,0.3660200021361102,1.122366602992876,26.99051773256489,0.027894982134028475,"[0.01024, 0.01579, 0.03726, 0.01692, 0.0154, 0.0358]"
replace-SIZE,impact60+t10_size_plus_impact_bm+book_to_market_lf_minus_size+book_to_market_lf_plus_impact+t10_size_plus_impact_wc+t10_size_plus_impact_dd120+book_to_market_lf_minus_size,0.2992851052504687,0.47393858640375797,0.8023565689614585,0.5867959823240654,22.41039358135429,0.17932847522351977,0.35865695044703955,1.1098350895361326,25.48261808797154,0.028436315184225475,"[0.01579, 0.03726, 0.01692, 0.0154, 0.03436]"
add-6th,size_only+impact60+t10_size_plus_impact_bm+book_to_market_lf_minus_size+book_to_market_lf_plus_impact+t10_size_plus_impact_g13+t10_size_plus_impact_downside+t10_size_plus_impact_dd120,0.26986960772344276,0.45148905310261306,0.8326288029188613,0.5866780514440907,23.749153907928022,0.1793389813086358,0.3586779626172716,1.1204970874383053,27.219846672512706,0.027089343186156783,"[0.01024, 0.01579, 0.03726, 0.01692, 0.0154, 0.03394]"
replace-SIZE,impact60+t10_size_plus_impact_bm+book_to_market_lf_minus_size+book_to_market_lf_plus_impact+size_only+t10_size_plus_wc_mcap+t10_nomcap_plus_impact,0.29611084019624423,0.4968276908417758,0.7850558367058708,0.5863869863515122,22.791493481942453,0.18546730943304635,0.3709346188660927,1.1115921218819562,25.86221160955777,0.029809661450506546,"[0.01579, 0.03726, 0.01692, 0.0154, 0.03309]"
replace-SIZE,impact60+t10_size_plus_impact_bm+book_to_market_lf_minus_size+book_to_market_lf_plus_impact+t10_size_plus_impact_g13+book_to_market_lf_plus_impact+reversal40,0.304149502383488,0.47982970346920034,0.7943465181738123,0.5862262298691332,22.87655200862088,0.18818870264978835,0.3763774052995767,1.1239384706886655,25.19394741087457,0.02878978220815202,"[0.01579, 0.03726, 0.01692, 0.0154, 0.03631]"
add-6th,size_only+impact60+t10_size_plus_impact_bm+book_to_market_lf_minus_size+book_to_market_lf_plus_impact+impact60+t10_size_plus_wc_mcap+reversal_chip_eq,0.2732941485325265,0.4543719803747383,0.8276969827770616,0.5861526650873414,23.52468153525621,0.1791057783888736,0.3582115567777472,1.1177697403590903,26.95595606660335,0.027262318822484297,"[0.01024, 0.01579, 0.03726, 0.01692, 0.0154, 0.03558]"
replace-SIZE,impact60+t10_size_plus_impact_bm+book_to_market_lf_minus_size+book_to_market_lf_plus_impact+t10_size_plus_impact_aggregate+book_to_market_lf_minus_size+reversal_chip_turn_paper,0.29645569356198725,0.46484760073473,0.8091985199566197,0.5861271329500318,22.21555686156356,0.17664785877660522,0.35329571755321043,1.1073841042709835,25.2290741749991,0.0278908560440838,"[0.01579, 0.03726, 0.01692, 0.0154, 0.03323]"
replace-SIZE,impact60+t10_size_plus_impact_bm+book_to_market_lf_minus_size+book_to_market_lf_plus_impact+t10_size_plus_impact_dd120+impact60+reversal_turn_paper,0.3047015052551472,0.48585389050058064,0.788810086851736,0.5859537018095139,22.506068028714285,0.1851926068629641,0.3703852137259282,1.1156791192491646,25.1555502205013,0.029151233430034836,"[0.01579, 0.03726, 0.01692, 0.0154, 0.03653]"
replace-SIZE,impact60+t10_size_plus_impact_bm+book_to_market_lf_minus_size+book_to_market_lf_plus_impact+t10_size_plus_impact_aggregate+book_to_market_lf_plus_impact+reversal40,0.3050763247444275,0.48126226797615673,0.7921543213291455,0.5859265033386558,22.820760686929212,0.1880869703885491,0.3761739407770982,1.1225509638140598,25.172272000898243,0.028875736078569404,"[0.01579, 0.03726, 0.01692, 0.0154, 0.03668]"
replace-SIZE,impact60+t10_size_plus_impact_bm+book_to_market_lf_minus_size+book_to_market_lf_plus_impact+t10_size_plus_impact+book_to_market_lf_plus_impact+reversal_turn_paper,0.30089841850467625,0.46427617838557383,0.8065367577907536,0.5856178871417252,22.234173868536704,0.1792131443647239,0.3584262887294478,1.1150725702085973,25.03315345977275,0.02785657070313443,"[0.01579, 0.03726, 0.01692, 0.0154, 0.03501]"
add-6th,size_only+impact60+t10_size_plus_impact_bm+book_to_market_lf_minus_size+book_to_market_lf_plus_impact+t10_size_plus_impact_aggregate+t10_size_plus_impact_g13+reversal_chip_turn_paper,0.27261876516370753,0.4563380945516635,0.8251108039265269,0.5855419478927608,23.642170194565832,0.18097758503859607,0.36195517007719213,1.1219153974957545,27.035767865959247,0.02738028567309981,"[0.01024, 0.01579, 0.03726, 0.01692, 0.0154, 0.03526]"
add-6th,size_only+impact60+t10_size_plus_impact_bm+book_to_market_lf_minus_size+book_to_market_lf_plus_impact+book_to_market_lf_plus_impact+reversal_turn_paper+reversal_chip_turn_eq,0.2706422559488509,0.4552596690064171,0.826593674542735,0.5854364888862469,23.01594056094324,0.17632844721789712,0.35265689443579423,1.1159713603663108,26.58766909614405,0.027315580140385026,"[0.01024, 0.01579, 0.03726, 0.01692, 0.0154, 0.03431]"
replace-SIZE,impact60+t10_size_plus_impact_bm+book_to_market_lf_minus_size+book_to_market_lf_plus_impact+t10_size_plus_impact_bm+book_to_market_lf_plus_impact+reversal_turn_paper,0.29835176979220673,0.460649532437473,0.8100611726941082,0.5854252180239056,22.024098696010057,0.17712289604130732,0.35424579208261464,1.1125089966313397,24.774711844926077,0.027638971946248377,"[0.01579, 0.03726, 0.01692, 0.0154, 0.03399]"
add-6th,size_only+impact60+t10_size_plus_impact_bm+book_to_market_lf_minus_size+book_to_market_lf_plus_impact+t10_size_plus_impact+paper_composite+reversal_turn_eq,0.26870106667568916,0.45008726350985145,0.8313547557202936,0.5853803956377179,23.300423963149257,0.17633504499601893,0.35267008999203786,1.120191547415938,27.167927170713458,0.027005235810591086,"[0.01024, 0.01579, 0.03726, 0.01692, 0.0154, 0.03338]"
add-6th,size_only+impact60+t10_size_plus_impact_bm+book_to_market_lf_minus_size+book_to_market_lf_plus_impact+impact_abs_return60+reversal_turn_paper+reversal_turn_paper_nomcap,0.26983380744101,0.44950477018121926,0.8305150750912189,0.5850252148426773,22.984772096420507,0.17493572125782086,0.34987144251564173,1.1171019798290764,26.74941783772683,0.026970286210873155,"[0.01024, 0.01579, 0.03726, 0.01692, 0.0154, 0.03392]"
add-6th,size_only+impact60+t10_size_plus_impact_bm+book_to_market_lf_minus_size+book_to_market_lf_plus_impact+t10_size_plus_impact_downside+book_to_market_lf_div_oper_main_profit_ttm+reversal_turn_eq,0.2710353885263552,0.4556111827879874,0.8249568123870693,0.5849015572552478,23.416273286938516,0.1750650101164152,0.3501300202328304,1.113159979074785,27.927536590626055,0.027336670967279243,"[0.01024, 0.01579, 0.03726, 0.01692, 0.0154, 0.0345]"
add-6th,size_only+impact60+t10_size_plus_impact_bm+book_to_market_lf_minus_size+book_to_market_lf_plus_impact+t10_size_plus_impact_aggregate+t10_size_plus_impact_g13+reversal_turn_paper_nomcap,0.27423081641415353,0.46530060139026297,0.8150942217101229,0.584493773538978,23.37175852136926,0.18117196364005758,0.36234392728011516,1.1209739673544457,26.968024828466795,0.027918036083415778,"[0.01024, 0.01579, 0.03726, 0.01692, 0.0154, 0.03603]"
replace-SIZE,impact60+t10_size_plus_impact_bm+book_to_market_lf_minus_size+book_to_market_lf_plus_impact+t10_size_plus_impact_fscore+impact60+reversal_turn_paper_nomcap,0.3069411763049615,0.47861006711738857,0.7901291100310504,0.584459858266051,22.255891024319276,0.18336921549550037,0.36673843099100073,1.1180914535517648,25.10931494401537,0.028716604027043312,"[0.01579, 0.03726, 0.01692, 0.0154, 0.03742]"
add-6th,size_only+impact60+t10_size_plus_impact_bm+book_to_market_lf_minus_size+book_to_market_lf_plus_impact+t10_size_plus_impact+t10_size_plus_impact_bm+t10_size_plus_impact_wc,0.27539566955830563,0.4600969435606153,0.818406263006556,0.5843958825108266,23.513366230955356,0.18036586185883643,0.36073172371767287,1.1171731192566197,27.139585283700075,0.027605816613636917,"[0.01024, 0.01579, 0.03726, 0.01692, 0.0154, 0.03659]"
replace-SIZE,impact60+t10_size_plus_impact_bm+book_to_market_lf_minus_size+book_to_market_lf_plus_impact+t10_size_plus_impact_aggregate+reversal_chip_turn_paper+book_to_market_lf_div_oper_main_profit_ttm,0.30019838852941894,0.47235089057808716,0.7974023485488064,0.5841935462551772,22.497604052416353,0.18098959117465022,0.36197918234930043,1.1114191526749255,25.614577129711623,0.028341053434685227,"[0.01579, 0.03726, 0.01692, 0.0154, 0.03473]"
replace-SIZE,impact60+t10_size_plus_impact_bm+book_to_market_lf_minus_size+book_to_market_lf_plus_impact+t10_size_plus_impact_g13+impact_abs_return60+reversal_turn_eq,0.30250913954883346,0.48907883992515344,0.7831652602418392,0.584103788992398,22.356377710161336,0.18313809662538255,0.3662761932507651,1.1081034124743803,25.437090627875726,0.029344730395509205,"[0.01579, 0.03726, 0.01692, 0.0154, 0.03565]"
replace-SIZE,impact60+t10_size_plus_impact_bm+book_to_market_lf_minus_size+book_to_market_lf_plus_impact+t10_size_plus_impact_wc+impact60+reversal_turn_eq,0.3099818706201198,0.5039061542964745,0.7681931949110999,0.584050465837785,22.288688902001386,0.1862811907176188,0.3725623814352376,1.1087830601170223,25.429361275911123,0.030234369257788465,"[0.01579, 0.03726, 0.01692, 0.0154, 0.03864]"
add-6th,size_only+impact60+t10_size_plus_impact_bm+book_to_market_lf_minus_size+book_to_market_lf_plus_impact+t10_size_plus_impact_g13+t10_size_plus_impact+t10_size_plus_impact_bm,0.27272953790817606,0.45383967586367047,0.8234468564854108,0.5839408795523547,23.4793163484565,0.17892888603664459,0.35785777207328917,1.1169081002771832,27.149269847492075,0.027230380551820227,"[0.01024, 0.01579, 0.03726, 0.01692, 0.0154, 0.03531]"
add-6th,size_only+impact60+t10_size_plus_impact_bm+book_to_market_lf_minus_size+book_to_market_lf_plus_impact+t10_size_plus_impact_aggregate+t10_size_plus_impact_g13+reversal_chip_turn_size_eq,0.2713552913299471,0.45446180470102593,0.8226529747164096,0.5835265285337329,23.708993136942528,0.18108758923792617,0.36217517847585234,1.120351023083086,27.24944272158235,0.027267708282061556,"[0.01024, 0.01579, 0.03726, 0.01692, 0.0154, 0.03465]"
add-6th,size_only+impact60+t10_size_plus_impact_bm+book_to_market_lf_minus_size+book_to_market_lf_plus_impact+t10_size_plus_impact_downside+t10_size_plus_impact_wc+reversal_turn_paper_nomcap,0.2747236308113465,0.4667448067212145,0.8108572607489622,0.5831911758517274,23.482492137195766,0.1832925629081644,0.3665851258163288,1.1235858557956913,27.00345610529934,0.02800468840327287,"[0.01024, 0.01579, 0.03726, 0.01692, 0.0154, 0.03627]"
add-6th,size_only+impact60+t10_size_plus_impact_bm+book_to_market_lf_minus_size+book_to_market_lf_plus_impact+t10_size_plus_impact_bm+momentum20,0.28397146144974916,0.4953963565800724,0.7842756268965488,0.5831070491964221,23.94822908370503,0.19550503826731752,0.39101007653463504,1.1309800674617558,26.722660368243268,0.029723781394804343,"[0.01024, 0.01579, 0.03726, 0.01692, 0.0154, 0.04071]"
add-6th,size_only+impact60+t10_size_plus_impact_bm+book_to_market_lf_minus_size+book_to_market_lf_plus_impact+t10_size_plus_impact_fscore,0.27871326858333334,0.4785621898100334,0.7982892433559237,0.5824695796603441,23.484300982722235,0.18575551903167828,0.37151103806335656,1.118352150354197,26.872694404119535,0.028713731388602004,"[0.01024, 0.01579, 0.03726, 0.01692, 0.0154, 0.03818]"
add-6th,size_only+impact60+t10_size_plus_impact_bm+book_to_market_lf_minus_size+book_to_market_lf_plus_impact+impact60+t10_size_plus_wc_mcap+reversal_turn_eq,0.2764442008101477,0.4613008447681725,0.8124656375982413,0.5823536727500985,23.16662303082106,0.17847435788799385,0.3569487157759877,1.1130648527656493,27.099507815872116,0.02767805068609035,"[0.01024, 0.01579, 0.03726, 0.01692, 0.0154, 0.0371]"
replace-SIZE,impact60+t10_size_plus_impact_bm+book_to_market_lf_minus_size+book_to_market_lf_plus_impact+t10_size_plus_impact+t10_size_plus_impact_fscore+book_to_market_lf_minus_size,0.29967898658829073,0.4703822586924247,0.7947642444108878,0.5822134978449063,22.176204301032584,0.17758763403776048,0.35517526807552097,1.1062502667053884,25.801205157685438,0.02822293552154548,"[0.01579, 0.03726, 0.01692, 0.0154, 0.03452]"
replace-SIZE,impact60+t10_size_plus_impact_bm+book_to_market_lf_minus_size+book_to_market_lf_plus_impact+t10_size_plus_impact_aggregate+t10_size_plus_impact_downside+t10_size_plus_impact_bm,0.3028466516935747,0.49538459522030215,0.7739062378896807,0.5822117457161771,22.458859480021097,0.18612660040492238,0.37225320080984475,1.106014119760112,25.34395900048724,0.02972307571321813,"[0.01579, 0.03726, 0.01692, 0.0154, 0.03579]"
add-6th,size_only+impact60+t10_size_plus_impact_bm+book_to_market_lf_minus_size+book_to_market_lf_plus_impact+t10_size_plus_impact_aggregate+t10_size_plus_impact_wc+reversal_chip_turn_eq,0.2696254310756196,0.4687163622684808,0.8093986449747037,0.5822052032477089,23.881175104208545,0.18694301376526545,0.3738860275305309,1.1242756711144914,26.97693799981007,0.028122981736108846,"[0.01024, 0.01579, 0.03726, 0.01692, 0.0154, 0.03382]"
replace-SIZE,impact60+t10_size_plus_impact_bm+book_to_market_lf_minus_size+book_to_market_lf_plus_impact+weighted_reversal_lowturn+f_i10_01,0.3091830773455025,0.4962829791744826,0.769981966510533,0.5820275431099092,22.28363035312991,0.18571776984458485,0.3714355396891697,1.1102093824976464,25.53129219038679,0.029776978750468957,"[0.01579, 0.03726, 0.01692, 0.0154, 0.03832]"
add-6th,size_only+impact60+t10_size_plus_impact_bm+book_to_market_lf_minus_size+book_to_market_lf_plus_impact+t10_size_plus_impact_bm+t10_size_plus_impact_wc+t10_nomcap_plus_impact,0.27594263461594604,0.4678960689074413,0.8058715301992019,0.5815943396304345,23.576290846652213,0.1848958181832345,0.369791636366469,1.1198499226662366,26.89715498832561,0.028073764134446476,"[0.01024, 0.01579, 0.03726, 0.01692, 0.0154, 0.03685]"
add-6th,size_only+impact60+t10_size_plus_impact_bm+book_to_market_lf_minus_size+book_to_market_lf_plus_impact+t10_size_plus_impact_wc+reversal_chip_turn_size_eq,0.26896528756422416,0.4674395750639948,0.8086955502992357,0.5813099064198991,24.02624494818756,0.18767887393894683,0.37535774787789367,1.126304794089003,27.24679844716712,0.028046374503839688,"[0.01024, 0.01579, 0.03726, 0.01692, 0.0154, 0.03351]"
replace-SIZE,impact60+t10_size_plus_impact_bm+book_to_market_lf_minus_size+book_to_market_lf_plus_impact+t10_size_plus_impact_wc+book_to_market_lf_plus_impact+reversal_chip_eq,0.30122537630366925,0.47042644236155273,0.7917641085924223,0.5811881789538673,22.63010292744799,0.18600091324828325,0.3720018264965665,1.1171826942886218,25.08276613030048,0.028225586541693163,"[0.01579, 0.03726, 0.01692, 0.0154, 0.03514]"
add-6th,size_only+impact60+t10_size_plus_impact_bm+book_to_market_lf_minus_size+book_to_market_lf_plus_impact+reversal_chip_turn_size_eq+book_to_market_lf_plus_impact+reversal_turn_eq,0.2740985183553369,0.4576219569465289,0.8132969669298865,0.5809710237208014,23.109292620711326,0.17913670350284938,0.35827340700569876,1.115315431356928,26.807188397079273,0.027457317416791735,"[0.01024, 0.01579, 0.03726, 0.01692, 0.0154, 0.03597]"
add-6th,size_only+impact60+t10_size_plus_impact_bm+book_to_market_lf_minus_size+book_to_market_lf_plus_impact+t10_size_plus_impact_aggregate+t10_size_plus_wc_mcap+t10_nomcap_plus_impact,0.27093934416111315,0.46845599985883996,0.8058151356007301,0.5807642798031452,23.751285587172113,0.18589547588236635,0.3717909517647327,1.1207157529849623,27.057537830101296,0.028107359991530398,"[0.01024, 0.01579, 0.03726, 0.01692, 0.0154, 0.03445]"
add-6th,size_only+impact60+t10_size_plus_impact_bm+book_to_market_lf_minus_size+book_to_market_lf_plus_impact+size_only+t10_size_plus_impact_bm+reversal40,0.2714247258230569,0.441851562468802,0.8262888777686489,0.5807629870245841,23.84919934313127,0.18007639772588635,0.3601527954517727,1.1208252448725382,27.66900237780707,0.026511093748128118,"[0.01024, 0.01579, 0.03726, 0.01692, 0.0154, 0.03469]"
replace-SIZE,impact60+t10_size_plus_impact_bm+book_to_market_lf_minus_size+book_to_market_lf_plus_impact+t10_size_plus_impact_downside+momentum20_open,0.311845390048292,0.5375869306494033,0.7322774352437377,0.5800493495966315,23.103274809123633,0.2074452935857387,0.4148905871714774,1.1241602081109185,24.843890341554896,0.0322552158389642,"[0.01579, 0.03726, 0.01692, 0.0154, 0.03939]"
replace-SIZE,impact60+t10_size_plus_impact_bm+book_to_market_lf_minus_size+book_to_market_lf_plus_impact+t10_size_plus_impact_bm+book_to_market_lf_minus_size+reversal_chip_turn_size_eq,0.29686813260814726,0.4672703309752562,0.7935641534139184,0.5800221113992324,22.088893103751744,0.17840511085917174,0.3568102217183435,1.102599350222712,25.203691404334315,0.02803621985851537,"[0.01579, 0.03726, 0.01692, 0.0154, 0.03339]"
add-6th,size_only+impact60+t10_size_plus_impact_bm+book_to_market_lf_minus_size+book_to_market_lf_plus_impact+t10_size_plus_impact,0.27259255885833333,0.45931413699394513,0.8102836395348778,0.5799060975102425,23.69213016702791,0.18380911307806824,0.3676182261561365,1.1195213132387776,27.18102248526646,0.02755884821963671,"[0.01024, 0.01579, 0.03726, 0.01692, 0.0154, 0.03525]"
add-6th,size_only+impact60+t10_size_plus_impact_bm+book_to_market_lf_minus_size+book_to_market_lf_plus_impact+t10_size_plus_impact_g13+t10_size_plus_impact_fscore+reversal_chip_turn_paper,0.27331794219647165,0.4706347064125341,0.8009490803950674,0.5798128218614615,23.514546182343498,0.18553206323028834,0.3710641264605767,1.1201855428337524,26.917979487820887,0.028238082384752044,"[0.01024, 0.01579, 0.03726, 0.01692, 0.0154, 0.03559]"
add-6th,size_only+impact60+t10_size_plus_impact_bm+book_to_market_lf_minus_size+book_to_market_lf_plus_impact+t10_size_plus_impact_downside+t10_size_plus_wc_mcap+reversal_chip_turn_paper,0.27027294793441714,0.4671450278736995,0.8046008380097414,0.5796257264470619,23.701206064201592,0.18680818995425408,0.37361637990850816,1.123297083263521,26.87717588246963,0.02802870167242197,"[0.01024, 0.01579, 0.03726, 0.01692, 0.0154, 0.03413]"
add-6th,size_only+impact60+t10_size_plus_impact_bm+book_to_market_lf_minus_size+book_to_market_lf_plus_impact+t10_size_plus_impact_aggregate+t10_size_plus_impact_bm+reversal_chip_turn_paper,0.2744791953267119,0.46643241302944893,0.8029333239949714,0.5794671794233867,23.26140215210379,0.18224221693419915,0.3644844338683983,1.1147444321691014,26.9023950834396,0.027985944781766935,"[0.01024, 0.01579, 0.03726, 0.01692, 0.0154, 0.03615]"
replace-SIZE,impact60+t10_size_plus_impact_bm+book_to_market_lf_minus_size+book_to_market_lf_plus_impact+t10_size_plus_impact_downside+book_to_market_lf_div_oper_main_profit_ttm+reversal_turn_paper,0.3004063648434785,0.4725150624494575,0.7863932154218303,0.5793384917658294,22.232133563929228,0.18072003461814273,0.36144006923628547,1.1072874030989859,25.602934620772967,0.02835090374696745,"[0.01579, 0.03726, 0.01692, 0.0154, 0.03481]"
add-6th,size_only+impact60+t10_size_plus_impact_bm+book_to_market_lf_minus_size+book_to_market_lf_plus_impact+t10_size_plus_impact_dd120+book_to_market_lf_div_oper_main_profit_ttm+reversal_turn_paper,0.26879352787893873,0.45086545604649914,0.8172109713627291,0.5793065523052906,23.27378901365147,0.1755221431896943,0.3510442863793886,1.109532702658504,27.786551646399094,0.027051927362789947,"[0.01024, 0.01579, 0.03726, 0.01692, 0.0154, 0.03342]"
replace-SIZE,impact60+t10_size_plus_impact_bm+book_to_market_lf_minus_size+book_to_market_lf_plus_impact+t10_size_plus_impact_g13+t10_size_plus_impact_downside+t10_size_plus_impact_bm,0.30221451406200023,0.49403240290520456,0.7679769788181884,0.5789438842974064,22.38639614448148,0.18638043485782713,0.37276086971565425,1.1037706199537705,25.405737044808706,0.029641944174312273,"[0.01579, 0.03726, 0.01692, 0.0154, 0.03553]"
replace-SIZE,impact60+t10_size_plus_impact_bm+book_to_market_lf_minus_size+book_to_market_lf_plus_impact+t10_size_plus_impact_aggregate+t10_size_plus_impact_g13+t10_size_plus_impact_downside,0.29765862350580424,0.4915828152470211,0.7712119099030224,0.5786310694939782,22.40734545084773,0.18504426762319062,0.37008853524638124,1.1023820918482963,25.560082629739235,0.029494968914821264,"[0.01579, 0.03726, 0.01692, 0.0154, 0.03371]"
replace-SIZE,impact60+t10_size_plus_impact_bm+book_to_market_lf_minus_size+book_to_market_lf_plus_impact+impact60+reversal_turn_paper+reversal_chip_eq,0.3038378806877427,0.4875180069420589,0.7716136772525977,0.5786250333309382,22.728258532507883,0.19215276984709687,0.38430553969419373,1.1183552992495838,25.00217435629615,0.029251080416523533,"[0.01579, 0.03726, 0.01692, 0.0154, 0.03618]"
replace-SIZE,impact60+t10_size_plus_impact_bm+book_to_market_lf_minus_size+book_to_market_lf_plus_impact+t10_size_plus_impact_aggregate+t10_size_plus_impact_g13+t10_size_plus_impact_bm,0.30212008267448076,0.4934889845445614,0.7672341355672713,0.5784005221307648,22.351740116186402,0.1862580510722588,0.3725161021445176,1.1031160574590735,25.3757289869085,0.029609339072673685,"[0.01579, 0.03726, 0.01692, 0.0154, 0.03549]"
add-6th,size_only+impact60+t10_size_plus_impact_bm+book_to_market_lf_minus_size+book_to_market_lf_plus_impact+t10_size_plus_impact_aggregate+t10_size_plus_impact_dd120+t10_nomcap_plus_impact,0.27055977227930067,0.464100634879628,0.803955123529954,0.5783269822522092,23.726248766799277,0.18632183706271419,0.37264367412542837,1.1202996513168186,26.978355358703354,0.027846038092777678,"[0.01024, 0.01579, 0.03726, 0.01692, 0.0154, 0.03427]"
add-6th,size_only+impact60+t10_size_plus_impact_bm+book_to_market_lf_minus_size+book_to_market_lf_plus_impact+t10_size_plus_impact+t10_size_plus_impact_wc+t10_size_plus_wc_mcap,0.27193925464893476,0.46542028633012483,0.8017712838403245,0.5780820288734767,23.587786754930313,0.1837281874917038,0.3674563749834076,1.116072673695265,27.377338619133162,0.02792521717980749,"[0.01024, 0.01579, 0.03726, 0.01692, 0.0154, 0.03493]"
add-6th,size_only+impact60+t10_size_plus_impact_bm+book_to_market_lf_minus_size+book_to_market_lf_plus_impact+t10_size_plus_impact_bm+t10_size_plus_impact_wc+reversal_chip_turn_size_eq,0.27250999154887395,0.4643111590502455,0.8023172584748955,0.5780536702910637,23.605775250238004,0.18493522529541553,0.36987045059083107,1.118311220564619,27.127055642889808,0.02785866954301473,"[0.01024, 0.01579, 0.03726, 0.01692, 0.0154, 0.03521]"
replace-SIZE,impact60+t10_size_plus_impact_bm+book_to_market_lf_minus_size+book_to_market_lf_plus_impact+t10_size_plus_impact_bm+impact_abs_return60+reversal_turn_eq,0.304483716267063,0.4811132837646322,0.7745652235895117,0.5778407431863142,22.174133548076348,0.18447732291736185,0.3689546458347237,1.1064869118554348,25.09512016386334,0.02886679702587793,"[0.01579, 0.03726, 0.01692, 0.0154, 0.03644]"
replace-SIZE,impact60+t10_size_plus_impact_bm+book_to_market_lf_minus_size+book_to_market_lf_plus_impact+t10_size_plus_impact_fscore+t10_nomcap_plus_impact+paper_composite,0.2960680690700035,0.4697678876827347,0.7870588424170711,0.5778088535906398,22.22211799073103,0.18343542529319187,0.36687085058638375,1.1147470933508854,25.05211583685638,0.02818607326096408,"[0.01579, 0.03726, 0.01692, 0.0154, 0.03307]"
add-6th,size_only+impact60+t10_size_plus_impact_bm+book_to_market_lf_minus_size+book_to_market_lf_plus_impact+t10_size_plus_impact_g13+reversal_chip_turn_size_eq+t10_size_plus_wc_mcap,0.2694748182495621,0.4635281890093706,0.8035704300237895,0.5777365233138974,23.786964122372762,0.18572118497438822,0.37144236994877644,1.1199243860172359,27.311453947755382,0.027811691340562234,"[0.01024, 0.01579, 0.03726, 0.01692, 0.0154, 0.03375]"
replace-SIZE,impact60+t10_size_plus_impact_bm+book_to_market_lf_minus_size+book_to_market_lf_plus_impact+impact60+t10_size_plus_wc_mcap+reversal_chip_eq,0.3023407963740318,0.4952426725671122,0.7639109064115538,0.5775630025584948,22.65699191889294,0.1912226457764056,0.3824452915528112,1.109963627065635,25.247391421446952,0.02971456035402673,"[0.01579, 0.03726, 0.01692, 0.0154, 0.03558]"
replace-SIZE,impact60+t10_size_plus_impact_bm+book_to_market_lf_minus_size+book_to_market_lf_plus_impact+size_only+t10_size_plus_impact_fscore+reversal_turn_paper,0.3012912722203862,0.47576923804072435,0.7779604962890565,0.5768597110884062,22.555826078584275,0.18540432057780734,0.3708086411556147,1.1140194430636148,25.93148361444738,0.02854615428244346,"[0.01579, 0.03726, 0.01692, 0.0154, 0.03516]"
replace-SIZE,impact60+t10_size_plus_impact_bm+book_to_market_lf_minus_size+book_to_market_lf_plus_impact+t10_size_plus_impact_downside+book_to_market_lf_minus_size+reversal40,0.3023091082311067,0.4805349188918571,0.7736489939890211,0.5767910905534308,22.768234486861708,0.19041558391445348,0.38083116782890697,1.1182914823186596,25.475511275646735,0.028832095133511426,"[0.01579, 0.03726, 0.01692, 0.0154, 0.03557]"
add-6th,size_only+impact60+t10_size_plus_impact_bm+book_to_market_lf_minus_size+book_to_market_lf_plus_impact+t10_size_plus_impact+t10_size_plus_impact_bm+t10_nomcap_plus_impact,0.27548606959395294,0.4667250464238646,0.7939767498693884,0.575740517608368,23.338128623799868,0.18475000150437743,0.36950000300875485,1.1140345086786692,26.914050317695104,0.028003502785431875,"[0.01024, 0.01579, 0.03726, 0.01692, 0.0154, 0.03664]"
replace-SIZE,impact60+t10_size_plus_impact_bm+book_to_market_lf_minus_size+book_to_market_lf_plus_impact+t10_size_plus_impact_downside+t10_size_plus_impact_bm,0.30394056411512843,0.4847719607071629,0.7668440777316637,0.5755381340497814,22.28727227333683,0.18661831579730442,0.37323663159460885,1.1038605177186125,25.16451855704438,0.029086317642429773,"[0.01579, 0.03726, 0.01692, 0.0154, 0.03622]"
replace-SIZE,impact60+t10_size_plus_impact_bm+book_to_market_lf_minus_size+book_to_market_lf_plus_impact+t10_size_plus_impact_fscore+t10_size_plus_impact_dd120+book_to_market_lf_div_oper_main_profit_ttm,0.297130167236494,0.4764093003435989,0.7763013531761758,0.5755048974968375,22.45935519117015,0.1834667298353346,0.3669334596706692,1.1048867238474753,25.938523068134632,0.028584558020615932,"[0.01579, 0.03726, 0.01692, 0.0154, 0.0335]"
add-6th,size_only+impact60+t10_size_plus_impact_bm+book_to_market_lf_minus_size+book_to_market_lf_plus_impact+t10_size_plus_impact+momentum20,0.2779214428080369,0.49680815121126637,0.7682425562771765,0.5751762918102801,24.082841548163977,0.19881728621482203,0.39763457242964406,1.1280692794339937,27.110982363998737,0.02980848907267598,"[0.01024, 0.01579, 0.03726, 0.01692, 0.0154, 0.0378]"
add-6th,size_only+impact60+t10_size_plus_impact_bm+book_to_market_lf_minus_size+book_to_market_lf_plus_impact+t10_size_plus_impact_fscore+t10_size_plus_impact_wc+reversal_chip_turn_paper,0.27226881592789465,0.48181251425480487,0.7820643811974234,0.5750171147136012,23.284602610053103,0.18760474045353145,0.3752094809070629,1.1143478788967551,26.78800977286301,0.028908750855288292,"[0.01024, 0.01579, 0.03726, 0.01692, 0.0154, 0.03509]"
replace-SIZE,impact60+t10_size_plus_impact_bm+book_to_market_lf_minus_size+book_to_market_lf_plus_impact+t10_size_plus_impact_dd120+book_to_market_lf_plus_impact+reversal_turn_paper,0.30067282246535504,0.4659041769232338,0.7815223263088664,0.5748860732551927,21.95593932994898,0.18125634432120483,0.36251268864240965,1.1069292853924768,25.047540751743636,0.027954250615394027,"[0.01579, 0.03726, 0.01692, 0.0154, 0.03492]"
replace-SIZE,impact60+t10_size_plus_impact_bm+book_to_market_lf_minus_size+book_to_market_lf_plus_impact+t10_size_plus_impact_bm+reversal_chip_turn_paper+book_to_market_lf_div_oper_main_profit_ttm,0.29632785219848395,0.4669232682471976,0.7818134913484349,0.5745047854330116,22.19086895907891,0.1818796996192289,0.3637593992384578,1.1056606137012115,25.378289219420424,0.028015396094831856,"[0.01579, 0.03726, 0.01692, 0.0154, 0.03318]"
add-6th,size_only+impact60+t10_size_plus_impact_bm+book_to_market_lf_minus_size+book_to_market_lf_plus_impact+t10_size_plus_impact_g13+t10_size_plus_wc_mcap+reversal_turn_paper_nomcap,0.2716404685411085,0.4689882293719823,0.7896274858268754,0.5738063426105094,23.34425827419311,0.1861124309689618,0.3722248619379236,1.1184237788389295,27.045936053788278,0.028139293762318936,"[0.01024, 0.01579, 0.03726, 0.01692, 0.0154, 0.03479]"
replace-SIZE,impact60+t10_size_plus_impact_bm+book_to_market_lf_minus_size+book_to_market_lf_plus_impact+impact60+t10_size_plus_wc_mcap+reversal_turn_eq,0.30612085910717723,0.5030096372696122,0.7468820868871777,0.5733744839650297,22.110739601719594,0.18918746216424187,0.37837492432848374,1.1031126189341218,25.400966454825436,0.03018057823617673,"[0.01579, 0.03726, 0.01692, 0.0154, 0.0371]"
replace-SIZE,impact60+t10_size_plus_impact_bm+book_to_market_lf_minus_size+book_to_market_lf_plus_impact+t10_size_plus_impact_fscore+book_to_market_lf_minus_size+t10_nomcap_plus_impact,0.30209585387585025,0.4714370258165022,0.7718725733899252,0.5727647878364122,22.061460211316003,0.18221796811732072,0.36443593623464143,1.102933682363565,25.52996385119094,0.02828622154899013,"[0.01579, 0.03726, 0.01692, 0.0154, 0.03549]"
replace-SIZE,impact60+t10_size_plus_impact_bm+book_to_market_lf_minus_size+book_to_market_lf_plus_impact+impact_abs_return60+reversal_turn_paper+reversal_turn_paper_nomcap,0.29818838706421197,0.4775891209314254,0.7688090544564762,0.5727579442442555,21.884067519059023,0.18549637064641167,0.37099274129282334,1.1117407418639873,24.716501895556988,0.028655347255885522,"[0.01579, 0.03726, 0.01692, 0.0154, 0.03392]"
add-6th,size_only+impact60+t10_size_plus_impact_bm+book_to_market_lf_minus_size+book_to_market_lf_plus_impact+t10_size_plus_impact_fscore+book_to_market_lf_minus_size+reversal40,0.2709102765569427,0.45071712876801656,0.8016242246562973,0.5726639514755281,23.611314039622755,0.18446961518009838,0.36893923036019677,1.1208470968295312,27.456839641364894,0.02704302772608099,"[0.01024, 0.01579, 0.03726, 0.01692, 0.0154, 0.03444]"
replace-SIZE,impact60+t10_size_plus_impact_bm+book_to_market_lf_minus_size+book_to_market_lf_plus_impact+impact60+reversal_chip_turn_paper+reversal_turn_paper,0.3057708588993587,0.48285824910366,0.7610749034603111,0.5726382655232927,21.839876534240087,0.18491074205950134,0.3698214841190027,1.1034936094729515,24.939156402214035,0.0289714949462196,"[0.01579, 0.03726, 0.01692, 0.0154, 0.03696]"
replace-SIZE,impact60+t10_size_plus_impact_bm+book_to_market_lf_minus_size+book_to_market_lf_plus_impact+impact60+reversal_chip_turn_paper+reversal_turn_paper_nomcap,0.30146315562433895,0.478707078148828,0.7657860631850839,0.5724438369102454,21.8535807496027,0.18581333918187273,0.37162667836374547,1.1082971417326606,24.583650569349803,0.02872242468892968,"[0.01579, 0.03726, 0.01692, 0.0154, 0.03523]"
replace-SIZE,impact60+t10_size_plus_impact_bm+book_to_market_lf_minus_size+book_to_market_lf_plus_impact+t10_size_plus_impact_bm+turn_bias,0.29942111615144695,0.5141379088662354,0.7389304576802054,0.5723511972895643,21.032276091024016,0.18054630116813303,0.36109260233626606,1.0823856753253716,24.729792990502865,0.030848274531974123,"[0.01579, 0.03726, 0.01692, 0.0154, 0.03442]"
replace-SIZE,impact60+t10_size_plus_impact_bm+book_to_market_lf_minus_size+book_to_market_lf_plus_impact+size_only+t10_size_plus_impact_g13+reversal_turn_eq,0.2958888940316887,0.48168546521445427,0.7653032798508401,0.5721541675642747,22.378143834559072,0.18500706781959012,0.37001413563918023,1.1035353562769938,25.99942053083263,0.028901127912867256,"[0.01579, 0.03726, 0.01692, 0.0154, 0.033]"
replace-SIZE,impact60+t10_size_plus_impact_bm+book_to_market_lf_minus_size+book_to_market_lf_plus_impact+size_only+t10_size_plus_impact_bm+reversal40,0.3000974891226682,0.48854401467166353,0.7577918974928812,0.5720162568314124,22.934727931991013,0.19387441998412902,0.38774883996825804,1.1166708130416316,25.96771073660503,0.02931264088029981,"[0.01579, 0.03726, 0.01692, 0.0154, 0.03469]"
add-6th,size_only+impact60+t10_size_plus_impact_bm+book_to_market_lf_minus_size+book_to_market_lf_plus_impact+t10_size_plus_impact+t10_size_plus_impact_dd120,0.2680316028012942,0.4605126023466158,0.7937668295766872,0.5719808046910836,23.588320598234613,0.18672907696385133,0.37345815392770265,1.1147540685251183,26.965828737982743,0.027630756140796946,"[0.01024, 0.01579, 0.03726, 0.01692, 0.0154, 0.03306]"
replace-SIZE,impact60+t10_size_plus_impact_bm+book_to_market_lf_minus_size+book_to_market_lf_plus_impact+t10_nomcap_plus_impact+impact_abs_return60+reversal_turn_paper,0.30260143843086124,0.48532051375826535,0.7589161977605174,0.571894756493798,21.833656406854228,0.18429384897422943,0.36858769794845886,1.0991635952403396,25.053828250232968,0.02911923082549592,"[0.01579, 0.03726, 0.01692, 0.0154, 0.03569]"
add-6th,size_only+impact60+t10_size_plus_impact_bm+book_to_market_lf_minus_size+book_to_market_lf_plus_impact+t10_size_plus_impact_fscore+momentum20_open,0.2767084108468437,0.5063480867736259,0.7530333902300775,0.5714285381436727,23.708133744412102,0.1995862351577215,0.399172470315443,1.1230255944464873,26.884132621915192,0.03038088520641755,"[0.01024, 0.01579, 0.03726, 0.01692, 0.0154, 0.03722]"
add-6th,size_only+impact60+t10_size_plus_impact_bm+book_to_market_lf_minus_size+book_to_market_lf_plus_impact+t10_size_plus_impact_g13+t10_size_plus_impact_wc+reversal_turn_eq,0.27202264011465627,0.4709058632739996,0.7822939315943543,0.5712538493862905,23.46352905408759,0.18793915792115196,0.3758783158423039,1.115715841157488,27.171625549150914,0.028254351796439973,"[0.01024, 0.01579, 0.03726, 0.01692, 0.0154, 0.03497]"
add-6th,size_only+impact60+t10_size_plus_impact_bm+book_to_market_lf_minus_size+book_to_market_lf_plus_impact+t10_size_plus_impact_g13+t10_size_plus_impact_downside+reversal_turn_eq,0.274411109171954,0.4661258388516129,0.7846791369241727,0.571131877048333,23.38082099650042,0.18650000767878278,0.37300001535756555,1.1142159198270087,27.158493417071007,0.027967550331096772,"[0.01024, 0.01579, 0.03726, 0.01692, 0.0154, 0.03612]"
replace-SIZE,impact60+t10_size_plus_impact_bm+book_to_market_lf_minus_size+book_to_market_lf_plus_impact+book_to_market_lf_minus_size+reversal_turn_eq,0.300237781488839,0.4672178264610441,0.7722020171444954,0.5710647032741561,21.866792395204094,0.1817006810468339,0.3634013620936678,1.1034709040512911,25.184431298349264,0.028033069587662645,"[0.01579, 0.03726, 0.01692, 0.0154, 0.03474]"
replace-SIZE,impact60+t10_size_plus_impact_bm+book_to_market_lf_minus_size+book_to_market_lf_plus_impact+t10_size_plus_impact_g13+t10_size_plus_impact_downside+t10_size_plus_impact_dd120,0.29823134740313123,0.497655677526703,0.7491825592506728,0.570957908277775,22.54390713508984,0.19284462609925068,0.38568925219850136,1.1048403837220646,25.328194196936803,0.029859340651602177,"[0.01579, 0.03726, 0.01692, 0.0154, 0.03394]"
add-6th,size_only+impact60+t10_size_plus_impact_bm+book_to_market_lf_minus_size+book_to_market_lf_plus_impact+weighted_reversal+f_i10_01,0.26927857162948127,0.4406447036288794,0.806377653498683,0.5709513046704113,23.91595236043885,0.18743623185143998,0.37487246370287997,1.1296472216977642,27.38830339350843,0.026438682217732764,"[0.01024, 0.01579, 0.03726, 0.01692, 0.0154, 0.03366]"
add-6th,size_only+impact60+t10_size_plus_impact_bm+book_to_market_lf_minus_size+book_to_market_lf_plus_impact+t10_size_plus_impact_g13+reversal_chip_turn_size_eq,0.2696913571448167,0.4578727593509867,0.7925970544516596,0.5708624117050556,23.38669911096582,0.18387588752544454,0.3677517750508891,1.1118126790602256,27.283195428920337,0.0274723655610592,"[0.01024, 0.01579, 0.03726, 0.01692, 0.0154, 0.03385]"
replace-SIZE,impact60+t10_size_plus_impact_bm+book_to_market_lf_minus_size+book_to_market_lf_plus_impact+t10_size_plus_impact+book_to_market_lf_plus_impact+reversal_chip_turn_eq,0.30458281762068773,0.4727121402443207,0.7650088271311308,0.5706197848186587,21.800062035553335,0.1832398743532264,0.3664797487064528,1.097236327626327,24.729162689698992,0.02836272841465924,"[0.01579, 0.03726, 0.01692, 0.0154, 0.03648]"
add-6th,size_only+impact60+t10_size_plus_impact_bm+book_to_market_lf_minus_size+book_to_market_lf_plus_impact+t10_size_plus_impact+t10_size_plus_impact_fscore+reversal_turn_paper,0.2727681009347411,0.4755741685492619,0.776828745249847,0.570577514541621,23.28508113481028,0.18781915293730722,0.37563830587461444,1.1146919224970264,27.12087799924211,0.02853445011295571,"[0.01024, 0.01579, 0.03726, 0.01692, 0.0154, 0.03533]"
replace-SIZE,impact60+t10_size_plus_impact_bm+book_to_market_lf_minus_size+book_to_market_lf_plus_impact+t10_size_plus_impact+book_to_market_lf_minus_size+reversal_turn_paper_nomcap,0.2991080047462455,0.46483467551385205,0.7734612334028116,0.5705712924103625,21.794312216901545,0.1808311859858886,0.3616623719717772,1.1033952184132048,25.171563122293396,0.027890080530831123,"[0.01579, 0.03726, 0.01692, 0.0154, 0.03429]"
add-6th,size_only+impact60+t10_size_plus_impact_bm+book_to_market_lf_minus_size+book_to_market_lf_plus_impact+t10_size_plus_impact_bm+t10_size_plus_impact_wc+reversal_chip_eq,0.26818741838665544,0.4685463499612446,0.7841919030751714,0.5705150625475939,23.6943193082035,0.1904551387210239,0.3809102774420478,1.1188217359600228,26.99423178042514,0.028112780997674676,"[0.01024, 0.01579, 0.03726, 0.01692, 0.0154, 0.03313]"
replace-SIZE,impact60+t10_size_plus_impact_bm+book_to_market_lf_minus_size+book_to_market_lf_plus_impact+t10_size_plus_impact_wc+book_to_market_lf_div_oper_main_profit_ttm+reversal_turn_paper,0.29854912483620194,0.4768863652025382,0.7631860771097673,0.570053787487524,21.894417309356385,0.18241310006719189,0.36482620013438377,1.099361123437525,25.495409300495997,0.02861318191215229,"[0.01579, 0.03726, 0.01692, 0.0154, 0.03407]"
replace-SIZE,impact60+t10_size_plus_impact_bm+book_to_market_lf_minus_size+book_to_market_lf_plus_impact+t10_size_plus_impact_aggregate+t10_size_plus_impact_downside+t10_nomcap_plus_impact,0.3026684531162672,0.5054960853727347,0.7387808750786514,0.5699087142891037,22.242774139008336,0.19221866116361425,0.3844373223272285,1.0992911842243986,25.255621810468444,0.030329765122364082,"[0.01579, 0.03726, 0.01692, 0.0154, 0.03571]"
replace-SIZE,impact60+t10_size_plus_impact_bm+book_to_market_lf_minus_size+book_to_market_lf_plus_impact+t10_size_plus_impact_g13+book_to_market_lf_div_oper_main_profit_ttm+reversal_turn_eq,0.298964225493707,0.4828491593121833,0.757833068740465,0.5698149317912148,22.301275307400516,0.18705693097171605,0.3741138619434321,1.1051444421811558,25.81601707134762,0.028970949558731,"[0.01579, 0.03726, 0.01692, 0.0154, 0.03423]"
replace-SIZE,impact60+t10_size_plus_impact_bm+book_to_market_lf_minus_size+book_to_market_lf_plus_impact+t10_size_plus_impact_aggregate+t10_size_plus_impact_g13+reversal_chip_turn_size_eq,0.3000141677309365,0.5008435262889748,0.743221941735045,0.5697479415280987,22.47849266712304,0.19345120550063688,0.38690241100127376,1.1031837293713054,25.353771416601568,0.030050611577338487,"[0.01579, 0.03726, 0.01692, 0.0154, 0.03465]"
replace-SIZE,impact60+t10_size_plus_impact_bm+book_to_market_lf_minus_size+book_to_market_lf_plus_impact+t10_size_plus_impact_downside+t10_size_plus_impact_wc+t10_nomcap_plus_impact,0.302874598280256,0.5116119704741644,0.7329850594820742,0.5694823860889421,22.235895277419903,0.19397580207095483,0.38795160414190966,1.0997561350039626,25.191105930227064,0.03069671822844986,"[0.01579, 0.03726, 0.01692, 0.0154, 0.0358]"
replace-SIZE,impact60+t10_size_plus_impact_bm+book_to_market_lf_minus_size+book_to_market_lf_plus_impact+t10_size_plus_impact_aggregate+t10_size_plus_impact_g13+t10_size_plus_impact_fscore,0.3042881516227512,0.4963928055121379,0.7440026451862157,0.5693963025875955,22.19796206993321,0.18971312413671237,0.37942624827342475,1.099616290457665,25.508074498702392,0.02978356833072827,"[0.01579, 0.03726, 0.01692, 0.0154, 0.03636]"
add-6th,size_only+impact60+t10_size_plus_impact_bm+book_to_market_lf_minus_size+book_to_market_lf_plus_impact+t10_size_plus_impact_aggregate+t10_nomcap_plus_impact+reversal_turn_paper,0.2728609666771981,0.4752494379223317,0.7737910821821183,0.569115483590209,23.102306723526574,0.18704704967272748,0.37409409934545496,1.1107013984271765,26.927772933312365,0.028514966275339903,"[0.01024, 0.01579, 0.03726, 0.01692, 0.0154, 0.03538]"
add-6th,size_only+impact60+t10_size_plus_impact_bm+book_to_market_lf_minus_size+book_to_market_lf_plus_impact+t10_size_plus_impact_wc+t10_size_plus_wc_mcap+reversal_turn_paper,0.27081848528101254,0.4718335589657156,0.7772469755427266,0.5690665816884299,23.320291080992916,0.18774521771993694,0.37549043543987387,1.115513572827358,27.238986119956564,0.028310013537942935,"[0.01024, 0.01579, 0.03726, 0.01692, 0.0154, 0.03439]"
replace-SIZE,impact60+t10_size_plus_impact_bm+book_to_market_lf_minus_size+book_to_market_lf_plus_impact+t10_size_plus_impact_dd120+book_to_market_lf_div_oper_main_profit_ttm+reversal_turn_paper,0.29694005158972653,0.47814091790216673,0.7604486573062714,0.5689392273715258,22.278904499511754,0.18706132230411673,0.37412264460823347,1.106345037986689,25.620888400651744,0.028688455074130002,"[0.01579, 0.03726, 0.01692, 0.0154, 0.03342]"
replace-SIZE,impact60+t10_size_plus_impact_bm+book_to_market_lf_minus_size+book_to_market_lf_plus_impact+t10_size_plus_impact_g13+t10_size_plus_impact+t10_size_plus_impact_bm,0.3016632636248112,0.4979791002020229,0.7427273033407454,0.5688526242990057,22.106068951189865,0.18941840123826656,0.3788368024765331,1.0963029164391638,25.28236530369853,0.029878746012121375,"[0.01579, 0.03726, 0.01692, 0.0154, 0.03531]"
replace-SIZE,impact60+t10_size_plus_impact_bm+book_to_market_lf_minus_size+book_to_market_lf_plus_impact+t10_size_plus_impact_g13+t10_size_plus_impact_wc+t10_size_plus_impact_dd120,0.2999470248570622,0.503249080146628,0.7393854610456345,0.5688500404932677,22.493781049752176,0.19389885510220833,0.38779771020441667,1.1019711638686958,25.495307932489276,0.030194944808797676,"[0.01579, 0.03726, 0.01692, 0.0154, 0.03463]"
replace-SIZE,impact60+t10_size_plus_impact_bm+book_to_market_lf_minus_size+book_to_market_lf_plus_impact+t10_size_plus_impact_g13+t10_size_plus_wc_mcap,0.3002899276874217,0.5065398905747369,0.7340163733563566,0.5676543152490028,22.33233345427331,0.19293906916891782,0.38587813833783563,1.100255749490218,25.696756920283836,0.030392393434484216,"[0.01579, 0.03726, 0.01692, 0.0154, 0.03476]"
add-6th,size_only+impact60+t10_size_plus_impact_bm+book_to_market_lf_minus_size+book_to_market_lf_plus_impact+t10_size_plus_impact_fscore+t10_nomcap_plus_impact+reversal_turn_paper,0.2712354364772917,0.48285241582545635,0.7653116317828156,0.567635667136635,23.237891041250826,0.19178467652286732,0.38356935304573464,1.114871198743942,26.679302931533854,0.02897114494952738,"[0.01024, 0.01579, 0.03726, 0.01692, 0.0154, 0.0346]"
add-6th,size_only+impact60+t10_size_plus_impact_bm+book_to_market_lf_minus_size+book_to_market_lf_plus_impact+t10_size_plus_impact_downside+t10_size_plus_impact_bm+reversal_chip_eq,0.27007279425850295,0.4639471577330626,0.7800106790159832,0.5674008696154649,23.425493258226467,0.18838483089541058,0.37676966179082116,1.112788164352236,26.963696604882635,0.027836829463983755,"[0.01024, 0.01579, 0.03726, 0.01692, 0.0154, 0.03404]"
add-6th,size_only+impact60+t10_size_plus_impact_bm+book_to_market_lf_minus_size+book_to_market_lf_plus_impact+t10_size_plus_impact+t10_size_plus_impact_wc+reversal_turn_eq,0.2706894620842571,0.4819898578656824,0.764705985390836,0.5669520360957165,23.389210794658197,0.19132318052678093,0.38264636105356187,1.112353472608044,27.098721925520806,0.02891939147194094,"[0.01024, 0.01579, 0.03726, 0.01692, 0.0154, 0.03433]"
add-6th,size_only+impact60+t10_size_plus_impact_bm+book_to_market_lf_minus_size+book_to_market_lf_plus_impact+t10_size_plus_impact_fscore+t10_size_plus_impact_wc+reversal_turn_paper_nomcap,0.2718497457894113,0.4787323600833834,0.7666430289895159,0.5669156382323486,22.922222653657222,0.1877573031574508,0.3755146063149016,1.1105955820527769,26.790526755690625,0.028723941605003002,"[0.01024, 0.01579, 0.03726, 0.01692, 0.0154, 0.03489]"
replace-SIZE,impact60+t10_size_plus_impact_bm+book_to_market_lf_minus_size+book_to_market_lf_plus_impact+t10_size_plus_impact+book_to_market_lf_minus_size+reversal_chip_turn_eq,0.30160649568486797,0.4774300116802858,0.7533165507297154,0.5664142510534456,21.88630762159722,0.18521708146142157,0.37043416292284315,1.0959861357980478,25.16575461144166,0.028645800700817146,"[0.01579, 0.03726, 0.01692, 0.0154, 0.03529]"
add-6th,size_only+impact60+t10_size_plus_impact_bm+book_to_market_lf_minus_size+book_to_market_lf_plus_impact+book_to_market_lf_minus_size+t10_size_plus_wc_mcap+reversal40,0.27078400491285165,0.44679977920308767,0.7906340096343758,0.5663220280391201,23.33801439265238,0.18408328471205856,0.36816656942411713,1.114249007614281,27.36483074873829,0.026807986752185257,"[0.01024, 0.01579, 0.03726, 0.01692, 0.0154, 0.03438]"
add-6th,size_only+impact60+t10_size_plus_impact_bm+book_to_market_lf_minus_size+book_to_market_lf_plus_impact+t10_size_plus_impact_downside+reversal_chip_turn_paper+reversal_turn_paper_nomcap,0.26798147592382526,0.4715643989550596,0.7726128364141908,0.5663196112054217,23.018778228620956,0.1881233120801794,0.3762466241603588,1.112519350805292,26.576952628252403,0.028293863937303574,"[0.01024, 0.01579, 0.03726, 0.01692, 0.0154, 0.03303]"
replace-SIZE,impact60+t10_size_plus_impact_bm+book_to_market_lf_minus_size+book_to_market_lf_plus_impact+t10_size_plus_impact_bm+momentum20,0.31515357187469895,0.5283675660810063,0.7074657279362255,0.5663189400745935,22.52025283821968,0.20812501318919324,0.4162500263783865,1.110901119870188,24.478651305110066,0.03170205396486038,"[0.01579, 0.03726, 0.01692, 0.0154, 0.04071]"
replace-SIZE,impact60+t10_size_plus_impact_bm+book_to_market_lf_minus_size+book_to_market_lf_plus_impact+t10_size_plus_impact_downside+t10_size_plus_impact+t10_size_plus_impact_wc,0.3024443971886115,0.5037055573959385,0.7317444893160356,0.5660708447185168,22.149827904225642,0.19135754213027334,0.3827150842605467,1.094519132833511,25.57544182448026,0.030222333443756307,"[0.01579, 0.03726, 0.01692, 0.0154, 0.03562]"
replace-SIZE,impact60+t10_size_plus_impact_bm+book_to_market_lf_minus_size+book_to_market_lf_plus_impact+t10_size_plus_impact_fscore,0.308843740435,0.49584227182116264,0.7346456586731829,0.5659040896273392,22.524106791519586,0.19788197259812457,0.39576394519624913,1.111350435491756,25.258824458372185,0.029750536309269757,"[0.01579, 0.03726, 0.01692, 0.0154, 0.03818]"
replace-SIZE,impact60+t10_size_plus_impact_bm+book_to_market_lf_minus_size+book_to_market_lf_plus_impact+t10_size_plus_impact_g13+t10_size_plus_impact_downside+t10_size_plus_wc_mcap,0.301753356519281,0.5025616096357486,0.7325060377508124,0.5658749516642338,22.212808585918747,0.19183823055922106,0.3836764611184421,1.0963717798440624,25.632106634955687,0.030153696578144915,"[0.01579, 0.03726, 0.01692, 0.0154, 0.03535]"
replace-SIZE,impact60+t10_size_plus_impact_bm+book_to_market_lf_minus_size+book_to_market_lf_plus_impact+t10_size_plus_impact_bm+book_to_market_lf_minus_size+reversal40,0.3010694996642127,0.4809010215920767,0.7492625920677715,0.5656974239205665,22.27747452438037,0.19116280298888172,0.38232560597776344,1.1077517383032323,25.293114076761103,0.0288540612955246,"[0.01579, 0.03726, 0.01692, 0.0154, 0.03507]"
replace-SIZE,impact60+t10_size_plus_impact_bm+book_to_market_lf_minus_size+book_to_market_lf_plus_impact+t10_size_plus_impact_aggregate+t10_size_plus_impact_g13+reversal_chip_turn_paper,0.301530336331449,0.4945627591147684,0.7383595327157015,0.5656648226785244,22.16352864294307,0.19263567298095108,0.38527134596190216,1.1007757524624782,25.03356339866334,0.0296737655468861,"[0.01579, 0.03726, 0.01692, 0.0154, 0.03526]"
add-6th,size_only+impact60+t10_size_plus_impact_bm+book_to_market_lf_minus_size+book_to_market_lf_plus_impact+t10_size_plus_impact_bm+t10_size_plus_impact_fscore+reversal_turn_paper,0.27294195299443086,0.46818920459592844,0.7713652952576366,0.5655689950733976,22.928748975422934,0.18605675576380332,0.37211351152760663,1.1094252576495716,26.91410643430563,0.028091352275755706,"[0.01024, 0.01579, 0.03726, 0.01692, 0.0154, 0.03541]"
replace-SIZE,impact60+t10_size_plus_impact_bm+book_to_market_lf_minus_size+book_to_market_lf_plus_impact+size_only+t10_nomcap_plus_impact+reversal_turn_paper_nomcap,0.3005054463226445,0.48660020975748103,0.7447291843676084,0.565539295645071,21.963549350779978,0.18745195345568852,0.37490390691137704,1.099132341642951,25.505644882294387,0.02919601258544886,"[0.01579, 0.03726, 0.01692, 0.0154, 0.03485]"
add-6th,size_only+impact60+t10_size_plus_impact_bm+book_to_market_lf_minus_size+book_to_market_lf_plus_impact+t10_size_plus_impact_fscore+t10_size_plus_impact_wc+reversal_turn_eq,0.2690403649271112,0.49156527945259454,0.754485432782647,0.5653743655460215,23.227757425944375,0.19287418469339154,0.3857483693867831,1.111525733559208,26.969806726842382,0.02949391676715567,"[0.01024, 0.01579, 0.03726, 0.01692, 0.0154, 0.03354]"
replace-SIZE,impact60+t10_size_plus_impact_bm+book_to_market_lf_minus_size+book_to_market_lf_plus_impact+t10_size_plus_impact+book_to_market_lf_plus_impact+reversal_turn_eq,0.30750327619275153,0.4765338101225847,0.7484586757694155,0.5650938928776919,21.588967889528714,0.18452169132852558,0.36904338265705117,1.095766363880888,24.95315622244565,0.02859202860735508,"[0.01579, 0.03726, 0.01692, 0.0154, 0.03765]"
add-6th,size_only+impact60+t10_size_plus_impact_bm+book_to_market_lf_minus_size+book_to_market_lf_plus_impact+t10_size_plus_impact_g13+reversal_chip_turn_size_eq+reversal_chip_turn_paper,0.268551908257379,0.4645051061294722,0.7740719805936651,0.5646195600639403,23.27675324630884,0.18787281769602515,0.3757456353920503,1.1103664363767207,27.065969587581694,0.02787030636776833,"[0.01024, 0.01579, 0.03726, 0.01692, 0.0154, 0.03331]"
add-6th,size_only+impact60+t10_size_plus_impact_bm+book_to_market_lf_minus_size+book_to_market_lf_plus_impact+t10_size_plus_impact_bm+t10_size_plus_wc_mcap+reversal_turn_paper_nomcap,0.2700211611631954,0.47325509991089704,0.7661856031843173,0.5644270386343958,22.928495904899833,0.1875252264635815,0.375050452927163,1.1092587994105363,26.841556201857873,0.02839530599465382,"[0.01024, 0.01579, 0.03726, 0.01692, 0.0154, 0.03401]"
replace-SIZE,impact60+t10_size_plus_impact_bm+book_to_market_lf_minus_size+book_to_market_lf_plus_impact+t10_size_plus_impact_aggregate+t10_size_plus_impact_dd120+t10_nomcap_plus_impact,0.2990595448701607,0.5109812831084365,0.7234481466413749,0.5642070240506036,22.364512763167667,0.19868339314119615,0.3973667862823923,1.1005864933174219,24.937029841857573,0.03065887698650619,"[0.01579, 0.03726, 0.01692, 0.0154, 0.03427]"
replace-SIZE,impact60+t10_size_plus_impact_bm+book_to_market_lf_minus_size+book_to_market_lf_plus_impact+t10_size_plus_impact_downside+book_to_market_lf_div_oper_main_profit_ttm+reversal_turn_eq,0.29963028436662625,0.48479519111147895,0.7430451069581766,0.5639746718935224,21.990617152950126,0.186964460711425,0.37392892142285,1.0973798211545853,25.765504279675678,0.029087711466688735,"[0.01579, 0.03726, 0.01692, 0.0154, 0.0345]"
add-6th,size_only+impact60+t10_size_plus_impact_bm+book_to_market_lf_minus_size+book_to_market_lf_plus_impact+t10_size_plus_impact_aggregate+t10_size_plus_wc_mcap+reversal_turn_eq,0.2699434120376363,0.4820702930320962,0.7569210851443452,0.5633277732837163,23.251921423476873,0.19132912109779865,0.3826582421955973,1.1087503020524199,27.158850602077813,0.02892421758192577,"[0.01024, 0.01579, 0.03726, 0.01692, 0.0154, 0.03397]"
replace-SIZE,impact60+t10_size_plus_impact_bm+book_to_market_lf_minus_size+book_to_market_lf_plus_impact+t10_size_plus_impact,0.301498888765,0.5061179707816889,0.7235984079883837,0.5630603511213638,22.285853309091802,0.1961272914439318,0.3922545828878636,1.0983265258979231,25.353776253457127,0.030367078246901328,"[0.01579, 0.03726, 0.01692, 0.0154, 0.03525]"
add-6th,size_only+impact60+t10_size_plus_impact_bm+book_to_market_lf_minus_size+book_to_market_lf_plus_impact+t10_nomcap_plus_impact,0.2693058087333334,0.4887222747718158,0.7507537066639075,0.5627531259155606,23.090031250059585,0.19420389353521292,0.38840778707042584,1.1082136214655995,26.355305481581137,0.029323336486308946,"[0.01024, 0.01579, 0.03726, 0.01692, 0.0154, 0.03367]"
add-6th,size_only+impact60+t10_size_plus_impact_bm+book_to_market_lf_minus_size+book_to_market_lf_plus_impact+t10_size_plus_impact+t10_nomcap_plus_impact+reversal_turn_paper_nomcap,0.2682358103218006,0.48837409771717166,0.7512843995320482,0.5626560760547918,22.87420705289428,0.19095841170892838,0.38191682341785677,1.1061794270975571,26.634837246725873,0.0293024458630303,"[0.01024, 0.01579, 0.03726, 0.01692, 0.0154, 0.03316]"
replace-SIZE,impact60+t10_size_plus_impact_bm+book_to_market_lf_minus_size+book_to_market_lf_plus_impact+impact_abs_return60+reversal_chip_turn_eq+reversal_turn_paper_nomcap,0.29698350210749674,0.48036902524927716,0.7445698446378666,0.5625822893457864,21.82670280286052,0.18981963559829737,0.37963927119659474,1.1034908065771096,24.65338481735181,0.02882214151495663,"[0.01579, 0.03726, 0.01692, 0.0154, 0.03344]"
add-6th,size_only+impact60+t10_size_plus_impact_bm+book_to_market_lf_minus_size+book_to_market_lf_plus_impact+t10_size_plus_impact_downside+t10_size_plus_impact_dd120+reversal_turn_eq,0.2684521450087598,0.47814701762339806,0.7586941240863053,0.5624542410087787,23.348109897128573,0.1925937611181187,0.3851875222362374,1.111519392300976,27.029215013645313,0.028688821057403883,"[0.01024, 0.01579, 0.03726, 0.01692, 0.0154, 0.03326]"
replace-SIZE,impact60+t10_size_plus_impact_bm+book_to_market_lf_minus_size+book_to_market_lf_plus_impact+t10_size_plus_impact+paper_composite+reversal_turn_eq,0.296829098145827,0.479728241926787,0.7446979299004368,0.5623847727587374,21.884655480973546,0.18822360330298354,0.3764472066059671,1.1033858413499564,25.28535367361834,0.02878369451560722,"[0.01579, 0.03726, 0.01692, 0.0154, 0.03338]"
add-6th,size_only+impact60+t10_size_plus_impact_bm+book_to_market_lf_minus_size+book_to_market_lf_plus_impact+t10_size_plus_impact_aggregate+t10_size_plus_impact_dd120+reversal_turn_eq,0.26864828194258433,0.47760829468144766,0.7585623419128855,0.5622456133878221,23.326662968001045,0.19230524756958578,0.38461049513917156,1.1109858457001294,27.044626213635546,0.02865649768088686,"[0.01024, 0.01579, 0.03726, 0.01692, 0.0154, 0.03335]"
replace-SIZE,impact60+t10_size_plus_impact_bm+book_to_market_lf_minus_size+book_to_market_lf_plus_impact+t10_size_plus_impact+t10_size_plus_impact_bm+t10_size_plus_impact_wc,0.30486262160496674,0.49922189074202006,0.7252949414919949,0.5620829097520981,21.978434058852464,0.19208036321684513,0.38416072643369026,1.0933205181072896,25.35664932160656,0.029953313444521203,"[0.01579, 0.03726, 0.01692, 0.0154, 0.03659]"
add-6th,size_only+impact60+t10_size_plus_impact_bm+book_to_market_lf_minus_size+book_to_market_lf_plus_impact+reversal_chip_turn_paper,0.27009222760833335,0.47706135544935035,0.7569147821743112,0.5616015719073794,23.126215806838605,0.19441986539613615,0.3888397307922723,1.113550104531404,26.188984539729056,0.02862368132696102,"[0.01024, 0.01579, 0.03726, 0.01692, 0.0154, 0.03405]"
add-6th,size_only+impact60+t10_size_plus_impact_bm+book_to_market_lf_minus_size+book_to_market_lf_plus_impact+t10_size_plus_impact_aggregate+reversal_chip_turn_size_eq+reversal_turn_paper,0.27247006803246543,0.46611964158881414,0.76436583984632,0.5616005160934221,23.073019560249186,0.1875040766842582,0.3750081533685164,1.106987522002476,27.220160671781745,0.027967178495328846,"[0.01024, 0.01579, 0.03726, 0.01692, 0.0154, 0.03519]"
replace-SIZE,impact60+t10_size_plus_impact_bm+book_to_market_lf_minus_size+book_to_market_lf_plus_impact+t10_size_plus_impact+t10_size_plus_impact_dd120,0.296025741496553,0.5142036793953969,0.716402135049804,0.5615573968601113,22.389329981424897,0.20087349563474427,0.40174699126948854,1.100949550454639,24.952405457557436,0.030852220763723813,"[0.01579, 0.03726, 0.01692, 0.0154, 0.03306]"
add-6th,size_only+impact60+t10_size_plus_impact_bm+book_to_market_lf_minus_size+book_to_market_lf_plus_impact+t10_size_plus_impact+t10_size_plus_impact_fscore+reversal_turn_paper_nomcap,0.2701989749760717,0.47825307952479,0.7552193879139201,0.5612770973901549,22.815682795597716,0.18894487205948018,0.37788974411896037,1.106722684293151,26.821947409696133,0.0286951847714874,"[0.01024, 0.01579, 0.03726, 0.01692, 0.0154, 0.0341]"
add-6th,size_only+impact60+t10_size_plus_impact_bm+book_to_market_lf_minus_size+book_to_market_lf_plus_impact+t10_size_plus_impact+reversal_chip_turn_paper+reversal_turn_paper,0.26907626719949934,0.46613993183243424,0.7623626247930356,0.5600274107381179,23.09166295184332,0.19003620897957701,0.38007241795915403,1.1108265537710966,26.853098715419332,0.027968395909946053,"[0.01024, 0.01579, 0.03726, 0.01692, 0.0154, 0.03356]"
replace-SIZE,impact60+t10_size_plus_impact_bm+book_to_market_lf_minus_size+book_to_market_lf_plus_impact+reversal_chip_turn_size_eq+book_to_market_lf_plus_impact+reversal_turn_eq,0.3033060401614042,0.4813765766314453,0.734611810964706,0.5597183247874044,21.6984752400315,0.18928093349967764,0.3785618669993553,1.0976794830594836,24.953881597051243,0.028882594597886717,"[0.01579, 0.03726, 0.01692, 0.0154, 0.03597]"
replace-SIZE,impact60+t10_size_plus_impact_bm+book_to_market_lf_minus_size+book_to_market_lf_plus_impact+book_to_market_lf_plus_impact+reversal_turn_paper+reversal_chip_turn_eq,0.29915852527362097,0.4752557747385489,0.7410785582562073,0.5596565774285096,21.443164016238676,0.1866711837198193,0.3733423674396386,1.0973766280682782,24.54421385293014,0.028515346484312934,"[0.01579, 0.03726, 0.01692, 0.0154, 0.03431]"
replace-SIZE,impact60+t10_size_plus_impact_bm+book_to_market_lf_minus_size+book_to_market_lf_plus_impact+t10_size_plus_impact_fscore+book_to_market_lf_minus_size+reversal40,0.2994801500033312,0.4761338221686289,0.7400265163243077,0.5595548001056248,22.528560649876844,0.19549406582569184,0.3909881316513837,1.1144135520434757,25.709648001974404,0.02856802933011773,"[0.01579, 0.03726, 0.01692, 0.0154, 0.03444]"
replace-SIZE,impact60+t10_size_plus_impact_bm+book_to_market_lf_minus_size+book_to_market_lf_plus_impact+t10_size_plus_impact_g13+reversal_chip_turn_size_eq,0.29801744670878,0.5108654153415476,0.7125978565769535,0.5590754201709267,22.105121254563816,0.19692216870868381,0.39384433741736763,1.094459534017066,25.330860225361295,0.030651924920492856,"[0.01579, 0.03726, 0.01692, 0.0154, 0.03385]"
replace-SIZE,impact60+t10_size_plus_impact_bm+book_to_market_lf_minus_size+book_to_market_lf_plus_impact+t10_size_plus_impact+momentum20,0.3078935495046442,0.5466886393808364,0.6801176427311144,0.5589726729132232,22.41793843901538,0.21190123208014364,0.4238024641602873,1.1037823597870886,25.091048827143602,0.03280131836285018,"[0.01579, 0.03726, 0.01692, 0.0154, 0.0378]"
replace-SIZE,impact60+t10_size_plus_impact_bm+book_to_market_lf_minus_size+book_to_market_lf_plus_impact+t10_size_plus_impact_downside+t10_size_plus_impact_bm+reversal_chip_eq,0.29847517124520345,0.4904481198658598,0.7273401429529229,0.5586549405309069,22.564998106775295,0.20084511488465387,0.40169022976930774,1.1062779789560604,24.814014608670487,0.029426887191951585,"[0.01579, 0.03726, 0.01692, 0.0154, 0.03404]"
add-6th,size_only+impact60+t10_size_plus_impact_bm+book_to_market_lf_minus_size+book_to_market_lf_plus_impact+t10_size_plus_impact_aggregate+t10_size_plus_impact_fscore+reversal40,0.2711406788964952,0.47879794029725026,0.7480862454550762,0.5584462253381208,23.576259501857116,0.19682579448900786,0.3936515889780157,1.114778814057527,27.30985450069756,0.028727876417835016,"[0.01024, 0.01579, 0.03726, 0.01692, 0.0154, 0.03455]"
replace-SIZE,impact60+t10_size_plus_impact_bm+book_to_market_lf_minus_size+book_to_market_lf_plus_impact+t10_size_plus_impact_fscore+momentum20_open,0.3064379111512125,0.5300376917461723,0.6918443462978656,0.5581307301754423,22.700058031302685,0.2137635722544708,0.4275271445089416,1.1160617288526329,24.958330938697358,0.031802261504770335,"[0.01579, 0.03726, 0.01692, 0.0154, 0.03722]"
replace-SIZE,impact60+t10_size_plus_impact_bm+book_to_market_lf_minus_size+book_to_market_lf_plus_impact+weighted_reversal+f_i10_01,0.2975221040903775,0.47896682211472813,0.7344803280970947,0.557658956201923,22.938748278913017,0.20226263193011826,0.4045252638602365,1.1215873171180046,25.59117446845668,0.028738009326883685,"[0.01579, 0.03726, 0.01692, 0.0154, 0.03366]"
replace-SIZE,impact60+t10_size_plus_impact_bm+book_to_market_lf_minus_size+book_to_market_lf_plus_impact+t10_size_plus_impact_downside+t10_size_plus_impact_wc+reversal_chip_turn_size_eq,0.301843931178057,0.5087956010258962,0.7088540243597787,0.5574315575565755,21.934487330235978,0.19517245429068347,0.39034490858136695,1.0883284625907372,25.37874072783105,0.03052773606155377,"[0.01579, 0.03726, 0.01692, 0.0154, 0.03538]"
replace-SIZE,impact60+t10_size_plus_impact_bm+book_to_market_lf_minus_size+book_to_market_lf_plus_impact+t10_size_plus_impact+t10_size_plus_impact_wc+t10_size_plus_wc_mcap,0.30071492371372177,0.5136272235212225,0.7052449463142669,0.5572727388165923,21.942581176739072,0.1956497100620732,0.3912994201241464,1.0908913939422784,25.68988382041988,0.030817633411273346,"[0.01579, 0.03726, 0.01692, 0.0154, 0.03493]"
replace-SIZE,impact60+t10_size_plus_impact_bm+book_to_market_lf_minus_size+book_to_market_lf_plus_impact+t10_size_plus_impact_downside+t10_size_plus_impact+t10_size_plus_wc_mcap,0.302059555204433,0.5084318055499405,0.7070380128365883,0.5565301487598305,21.914439200087866,0.19488820234930426,0.3897764046986085,1.087648590844369,25.522483927714724,0.03050590833299643,"[0.01579, 0.03726, 0.01692, 0.0154, 0.03547]"
add-6th,size_only+impact60+t10_size_plus_impact_bm+book_to_market_lf_minus_size+book_to_market_lf_plus_impact+t10_size_plus_impact_aggregate+t10_size_plus_wc_mcap+reversal40,0.26862801492026733,0.47929654133748323,0.7436579358551777,0.5561254635870025,23.61874220459815,0.1979046067285387,0.3958092134570774,1.1134617813841547,27.37084205855239,0.028757792480248994,"[0.01024, 0.01579, 0.03726, 0.01692, 0.0154, 0.03334]"
replace-SIZE,impact60+t10_size_plus_impact_bm+book_to_market_lf_minus_size+book_to_market_lf_plus_impact+t10_size_plus_impact_aggregate+t10_size_plus_impact_g13+reversal_turn_paper_nomcap,0.3034647978319842,0.4909913424754071,0.7185058786678088,0.5558675748333033,21.691739281983935,0.19263017494055115,0.3852603498811023,1.0944550674981917,25.03416861006007,0.029459480548524423,"[0.01579, 0.03726, 0.01692, 0.0154, 0.03603]"
add-6th,size_only+impact60+t10_size_plus_impact_bm+book_to_market_lf_minus_size+book_to_market_lf_plus_impact+t10_size_plus_impact_bm+t10_size_plus_impact_fscore+reversal_turn_eq,0.27145294653941004,0.48364587213692894,0.7382432843671887,0.555776122521042,22.8115777429726,0.19238900576812767,0.38477801153625535,1.1022548627967808,26.84712702800183,0.029018752328215734,"[0.01024, 0.01579, 0.03726, 0.01692, 0.0154, 0.0347]"
replace-SIZE,impact60+t10_size_plus_impact_bm+book_to_market_lf_minus_size+book_to_market_lf_plus_impact+t10_size_plus_impact_aggregate+t10_size_plus_wc_mcap+t10_nomcap_plus_impact,0.2995150311283357,0.5158271171736211,0.7004965180512879,0.5556659303595141,21.88910453935623,0.19776186496333018,0.39552372992666035,1.0898172529732744,25.261323691798342,0.030949627030417263,"[0.01579, 0.03726, 0.01692, 0.0154, 0.03445]"
replace-SIZE,impact60+t10_size_plus_impact_bm+book_to_market_lf_minus_size+book_to_market_lf_plus_impact+t10_size_plus_impact_g13+t10_size_plus_impact_downside+reversal_turn_eq,0.3036811491413447,0.5072848105285901,0.7038404916399666,0.5550141347512605,21.927892390654925,0.19821780297225464,0.3964356059445093,1.094276221584566,25.190920202110966,0.030437088631715403,"[0.01579, 0.03726, 0.01692, 0.0154, 0.03612]"
add-6th,size_only+impact60+t10_size_plus_impact_bm+book_to_market_lf_minus_size+book_to_market_lf_plus_impact+t10_size_plus_impact+reversal_chip_turn_size_eq+reversal_turn_paper,0.27005024099367103,0.4700166653086081,0.7453539891388641,0.5539251761692359,22.946053314263548,0.19053124269279753,0.38106248538559506,1.1038209648195174,27.264419433927678,0.028200999918516483,"[0.01024, 0.01579, 0.03726, 0.01692, 0.0154, 0.03403]"
replace-SIZE,impact60+t10_size_plus_impact_bm+book_to_market_lf_minus_size+book_to_market_lf_plus_impact+t10_size_plus_impact_aggregate+t10_size_plus_impact_bm+reversal_chip_turn_paper,0.3037628525270542,0.4854167322251418,0.7179595677228844,0.5537302322595085,21.68034145103234,0.19316047476325215,0.3863209495265043,1.0907221371578433,24.687385977276143,0.029125003933508507,"[0.01579, 0.03726, 0.01692, 0.0154, 0.03615]"
replace-SIZE,impact60+t10_size_plus_impact_bm+book_to_market_lf_minus_size+book_to_market_lf_plus_impact+t10_size_plus_impact_bm+t10_size_plus_impact_wc+t10_nomcap_plus_impact,0.3055189796741352,0.5006902073123278,0.7045465622449982,0.553391321504391,21.670934016333796,0.19511616731422843,0.39023233462845686,1.0877004857115218,25.013536229399314,0.030041412438739666,"[0.01579, 0.03726, 0.01692, 0.0154, 0.03685]"
replace-SIZE,impact60+t10_size_plus_impact_bm+book_to_market_lf_minus_size+book_to_market_lf_plus_impact+t10_size_plus_impact+t10_size_plus_impact_bm+t10_nomcap_plus_impact,0.3049711016477435,0.49305079566277366,0.7086270412151627,0.5524441673583427,21.728187203376944,0.195455046176669,0.390910092353338,1.0893802892719844,24.819088991407902,0.02958304773976642,"[0.01579, 0.03726, 0.01692, 0.0154, 0.03664]"
replace-SIZE,impact60+t10_size_plus_impact_bm+book_to_market_lf_minus_size+book_to_market_lf_plus_impact+t10_size_plus_impact_g13+reversal_chip_turn_size_eq+reversal_chip_turn_paper,0.2966501080438547,0.5036999690322784,0.7032595476042715,0.5520918071919905,21.956535656324487,0.19977410561035044,0.3995482112207009,1.093628830193056,24.824550432297,0.030221998141936702,"[0.01579, 0.03726, 0.01692, 0.0154, 0.03331]"
replace-SIZE,impact60+t10_size_plus_impact_bm+book_to_market_lf_minus_size+book_to_market_lf_plus_impact+book_to_market_lf_minus_size+t10_size_plus_wc_mcap+reversal40,0.29932862403042193,0.49033989472706596,0.7120128826075831,0.5518904851339699,22.021152875821652,0.1966646233548119,0.3933292467096238,1.1003549930814416,25.544859406167554,0.029420393683623956,"[0.01579, 0.03726, 0.01692, 0.0154, 0.03438]"
replace-SIZE,impact60+t10_size_plus_impact_bm+book_to_market_lf_minus_size+book_to_market_lf_plus_impact+t10_size_plus_impact_aggregate+reversal_chip_turn_size_eq+reversal_turn_paper,0.3013518997739585,0.5053564094047885,0.6989309578636631,0.5516640542851161,21.852208101476815,0.19954503901683285,0.3990900780336657,1.093931807258553,24.99021543401302,0.03032138456428731,"[0.01579, 0.03726, 0.01692, 0.0154, 0.03519]"
replace-SIZE,impact60+t10_size_plus_impact_bm+book_to_market_lf_minus_size+book_to_market_lf_plus_impact+t10_size_plus_impact_bm+t10_size_plus_impact_wc+reversal_chip_turn_size_eq,0.30139980799364874,0.5040576617093814,0.6995850855431389,0.5515134316914257,21.716335056958922,0.19590414671721765,0.3918082934344353,1.086542536286418,25.250083935054523,0.030243459702562883,"[0.01579, 0.03726, 0.01692, 0.0154, 0.03521]"
replace-SIZE,impact60+t10_size_plus_impact_bm+book_to_market_lf_minus_size+book_to_market_lf_plus_impact+t10_size_plus_impact_g13+t10_size_plus_impact_fscore+reversal_chip_turn_paper,0.302369348770766,0.4916604943511149,0.7070241143026792,0.5507158942132491,21.914784352028168,0.19774745548184597,0.39549491096369194,1.0941156337820805,25.02310994488095,0.029499629661066895,"[0.01579, 0.03726, 0.01692, 0.0154, 0.03559]"
replace-SIZE,impact60+t10_size_plus_impact_bm+book_to_market_lf_minus_size+book_to_market_lf_plus_impact+t10_size_plus_impact_aggregate+t10_size_plus_impact_wc+reversal_chip_turn_eq,0.2979383354257435,0.5099987307530243,0.6931973393274063,0.5500260255460401,21.73430592070619,0.19825690031371063,0.39651380062742125,1.086096936563596,25.11351652917432,0.030599923845181457,"[0.01579, 0.03726, 0.01692, 0.0154, 0.03382]"
replace-SIZE,impact60+t10_size_plus_impact_bm+book_to_market_lf_minus_size+book_to_market_lf_plus_impact+impact_abs_return60+reversal_turn_paper_nomcap+reversal40,0.297042888568579,0.48771422413434456,0.7101289817574677,0.5496665979515969,22.048808153758365,0.20036435785006695,0.4007287157001339,1.1078840270845496,25.085699673825555,0.029262853448060674,"[0.01579, 0.03726, 0.01692, 0.0154, 0.03346]"
replace-SIZE,impact60+t10_size_plus_impact_bm+book_to_market_lf_minus_size+book_to_market_lf_plus_impact+t10_size_plus_impact_bm+t10_size_plus_impact_wc+reversal_chip_eq,0.2962127201989865,0.4956108642117908,0.7039259238150454,0.5494730122306946,22.13294980285094,0.20193233083946843,0.40386466167893686,1.097524235865824,24.81669087672693,0.029736651852707446,"[0.01579, 0.03726, 0.01692, 0.0154, 0.03313]"
replace-SIZE,impact60+t10_size_plus_impact_bm+book_to_market_lf_minus_size+book_to_market_lf_plus_impact+t10_size_plus_impact_downside+t10_size_plus_impact_wc+reversal_turn_paper_nomcap,0.3040561751086157,0.49863351887070173,0.6975511464481526,0.5492309825281374,21.42370884437073,0.19487220081840279,0.38974440163680557,1.0883515506444188,25.03420130573688,0.029918011132242104,"[0.01579, 0.03726, 0.01692, 0.0154, 0.03627]"
replace-SIZE,impact60+t10_size_plus_impact_bm+book_to_market_lf_minus_size+book_to_market_lf_plus_impact+t10_size_plus_impact_g13+t10_size_plus_impact_wc+reversal_turn_eq,0.3008149862725875,0.5129544252158762,0.6868819275951065,0.5487939134978721,21.733961256634664,0.20037735244169458,0.40075470488338916,1.0892279768042126,25.19359836045958,0.030777265512952567,"[0.01579, 0.03726, 0.01692, 0.0154, 0.03497]"
replace-SIZE,impact60+t10_size_plus_impact_bm+book_to_market_lf_minus_size+book_to_market_lf_plus_impact+t10_size_plus_impact_downside+t10_size_plus_impact_dd120+reversal_turn_eq,0.29653039214551175,0.5209972037275151,0.6801717089962808,0.547732368782059,21.88085980292168,0.20512069182843862,0.41024138365687723,1.0902606964051502,24.849841219546054,0.031259832223650905,"[0.01579, 0.03726, 0.01692, 0.0154, 0.03326]"
replace-SIZE,impact60+t10_size_plus_impact_bm+book_to_market_lf_minus_size+book_to_market_lf_plus_impact+t10_nomcap_plus_impact,0.297554788615,0.5100652865816816,0.6873213064464678,0.547328395927499,21.867768782851847,0.2051503149297825,0.410300629859565,1.0932802269750233,24.35452028413554,0.030603917194900892,"[0.01579, 0.03726, 0.01692, 0.0154, 0.03367]"
replace-SIZE,impact60+t10_size_plus_impact_bm+book_to_market_lf_minus_size+book_to_market_lf_plus_impact+t10_size_plus_impact_g13+reversal_chip_turn_size_eq+t10_size_plus_wc_mcap,0.2977576000344745,0.5115361768931668,0.6840605019225182,0.5464164077846365,21.71563006891562,0.198849731642615,0.39769946328523,1.082526916727886,25.469342214365508,0.030692170613590003,"[0.01579, 0.03726, 0.01692, 0.0154, 0.03375]"
replace-SIZE,impact60+t10_size_plus_impact_bm+book_to_market_lf_minus_size+book_to_market_lf_plus_impact+t10_size_plus_impact_downside+t10_size_plus_wc_mcap+reversal_chip_turn_paper,0.2987153556563005,0.5067600008096036,0.6870836639661657,0.5462967201993959,21.552011507156298,0.19800440113646833,0.39600880227293667,1.0841427051328816,25.10823852425058,0.030405600048576217,"[0.01579, 0.03726, 0.01692, 0.0154, 0.03413]"
replace-SIZE,impact60+t10_size_plus_impact_bm+book_to_market_lf_minus_size+book_to_market_lf_plus_impact+t10_size_plus_impact_downside+reversal_chip_turn_paper+reversal_turn_paper_nomcap,0.29596558924359023,0.4947485472164112,0.6973297276011731,0.5461534867949899,21.562250104631797,0.1995057960786514,0.3990115921573028,1.0943451359713146,24.374985344302345,0.02968491283298467,"[0.01579, 0.03726, 0.01692, 0.0154, 0.03303]"
replace-SIZE,impact60+t10_size_plus_impact_bm+book_to_market_lf_minus_size+book_to_market_lf_plus_impact+t10_size_plus_impact_aggregate+t10_nomcap_plus_impact+reversal_turn_paper,0.30182097814763775,0.5017637792411606,0.687191290361185,0.545217599026467,21.489355539492756,0.19880157781896965,0.3976031556379393,1.086714054044104,24.832938337133157,0.03010582675446963,"[0.01579, 0.03726, 0.01692, 0.0154, 0.03538]"
replace-SIZE,impact60+t10_size_plus_impact_bm+book_to_market_lf_minus_size+book_to_market_lf_plus_impact+t10_size_plus_impact_fscore+t10_size_plus_impact_wc+reversal_chip_turn_paper,0.3011103972484735,0.4976931047173838,0.6902524823254751,0.5450282831472428,21.690809990557746,0.19957136727766428,0.39914273455532856,1.090091467487248,25.07373318907724,0.02986158628304303,"[0.01579, 0.03726, 0.01692, 0.0154, 0.03509]"
replace-SIZE,impact60+t10_size_plus_impact_bm+book_to_market_lf_minus_size+book_to_market_lf_plus_impact+t10_size_plus_impact_wc+t10_size_plus_wc_mcap+reversal_turn_paper,0.299370000472215,0.5119650605357133,0.6795107065393736,0.5448415892246607,21.552239848211336,0.19988053044929402,0.39976106089858804,1.0876262315155125,25.39116915722851,0.030717903632142798,"[0.01579, 0.03726, 0.01692, 0.0154, 0.03439]"
replace-SIZE,impact60+t10_size_plus_impact_bm+book_to_market_lf_minus_size+book_to_market_lf_plus_impact+t10_size_plus_impact_aggregate+t10_size_plus_impact_dd120+reversal_turn_eq,0.2967657564661012,0.5142853213274228,0.6785977801072856,0.5447220148060967,21.824399054816162,0.20454199855841051,0.40908399711682103,1.0885765752894725,24.909015397359514,0.030857119279645368,"[0.01579, 0.03726, 0.01692, 0.0154, 0.03335]"
replace-SIZE,impact60+t10_size_plus_impact_bm+book_to_market_lf_minus_size+book_to_market_lf_plus_impact+t10_size_plus_impact+t10_size_plus_impact_fscore+reversal_turn_paper,0.3017095392566892,0.49671106297461304,0.6885445220227906,0.5440358148027081,21.69885983685933,0.20029783833940618,0.40059567667881235,1.0911783756271423,25.086056722152538,0.02980266377847678,"[0.01579, 0.03726, 0.01692, 0.0154, 0.03533]"
replace-SIZE,impact60+t10_size_plus_impact_bm+book_to_market_lf_minus_size+book_to_market_lf_plus_impact+t10_size_plus_impact_fscore+t10_size_plus_impact_wc+reversal_turn_paper_nomcap,0.3006075130822935,0.4990127053239245,0.6854293439415364,0.5432191542535236,21.524008306227696,0.20009650633087211,0.40019301266174423,1.092539831823154,25.010076342308796,0.02994076231943547,"[0.01579, 0.03726, 0.01692, 0.0154, 0.03489]"
replace-SIZE,impact60+t10_size_plus_impact_bm+book_to_market_lf_minus_size+book_to_market_lf_plus_impact+t10_size_plus_impact_bm+t10_size_plus_impact_fscore+reversal_turn_paper,0.3019181617283169,0.49284847427991485,0.6878374944137189,0.542407470829807,21.44637680747653,0.19789180251395078,0.39578360502790155,1.0885697274006305,25.028646728284777,0.02957090845679489,"[0.01579, 0.03726, 0.01692, 0.0154, 0.03541]"
replace-SIZE,impact60+t10_size_plus_impact_bm+book_to_market_lf_minus_size+book_to_market_lf_plus_impact+t10_size_plus_impact_aggregate+t10_size_plus_wc_mcap+reversal40,0.29674143603932074,0.5233422158345544,0.6659569548957582,0.5421986924530494,22.25238036189311,0.21270070078737316,0.4254014015747463,1.0972319198768123,25.318350037561032,0.031400532950073265,"[0.01579, 0.03726, 0.01692, 0.0154, 0.03334]"
replace-SIZE,impact60+t10_size_plus_impact_bm+book_to_market_lf_minus_size+book_to_market_lf_plus_impact+t10_size_plus_impact+reversal_chip_turn_paper+reversal_turn_paper,0.2972793387743992,0.5026414284440324,0.6794049843778203,0.5411126106803102,21.502335005485257,0.20193711621860455,0.4038742324372091,1.087818344122231,24.678625389472806,0.030158485706641938,"[0.01579, 0.03726, 0.01692, 0.0154, 0.03356]"
replace-SIZE,impact60+t10_size_plus_impact_bm+book_to_market_lf_minus_size+book_to_market_lf_plus_impact+t10_size_plus_impact_wc+reversal_chip_turn_size_eq,0.297146163212069,0.515888160860514,0.6685239702345269,0.5408258755491309,21.480469954797467,0.2002458422426509,0.4004916844853018,1.077494999220603,25.494243629483094,0.030953289651630838,"[0.01579, 0.03726, 0.01692, 0.0154, 0.03351]"
replace-SIZE,impact60+t10_size_plus_impact_bm+book_to_market_lf_minus_size+book_to_market_lf_plus_impact+t10_size_plus_impact_bm+t10_size_plus_impact_fscore+reversal_turn_eq,0.300131353982292,0.5050283778124615,0.6748352058140893,0.54046204564716,21.635763291141625,0.20455025899460647,0.40910051798921293,1.091350072373936,24.87297645480956,0.030301702668747686,"[0.01579, 0.03726, 0.01692, 0.0154, 0.0347]"
replace-SIZE,impact60+t10_size_plus_impact_bm+book_to_market_lf_minus_size+book_to_market_lf_plus_impact+t10_size_plus_impact_aggregate+t10_size_plus_impact_fscore+reversal40,0.29975663281079423,0.5031242024116173,0.6744561212477854,0.5395500519677283,22.355669219274805,0.21156568424674022,0.42313136849348043,1.1027257840808014,25.451307457773176,0.030187452144697036,"[0.01579, 0.03726, 0.01692, 0.0154, 0.03455]"
replace-SIZE,impact60+t10_size_plus_impact_bm+book_to_market_lf_minus_size+book_to_market_lf_plus_impact+t10_size_plus_impact+t10_size_plus_impact_wc+reversal_turn_eq,0.29921517263610853,0.5187600150611886,0.6615300586397399,0.5390975661865207,21.46697436935743,0.20409082648749266,0.4081816529749853,1.081819515372474,25.19702941793829,0.031125600903671318,"[0.01579, 0.03726, 0.01692, 0.0154, 0.03433]"
replace-SIZE,impact60+t10_size_plus_impact_bm+book_to_market_lf_minus_size+book_to_market_lf_plus_impact+t10_size_plus_impact_bm+t10_size_plus_wc_mcap+reversal_turn_paper_nomcap,0.2984132115308345,0.5033039178482012,0.6736510251632614,0.5389819748765049,21.16849082018774,0.19908678672449412,0.39817357344898824,1.0829128122377856,24.82819326054556,0.03019823507089207,"[0.01579, 0.03726, 0.01692, 0.0154, 0.03401]"
replace-SIZE,impact60+t10_size_plus_impact_bm+book_to_market_lf_minus_size+book_to_market_lf_plus_impact+t10_size_plus_impact+reversal_chip_turn_size_eq+reversal_turn_paper,0.29844810732740523,0.5034210321939349,0.6733460693957887,0.5388927139614632,21.573356692624056,0.20306564665443072,0.40613129330886144,1.0848957002205173,24.91232134796325,0.03020526193163609,"[0.01579, 0.03726, 0.01692, 0.0154, 0.03403]"
replace-SIZE,impact60+t10_size_plus_impact_bm+book_to_market_lf_minus_size+book_to_market_lf_plus_impact+t10_size_plus_impact+t10_size_plus_impact_fscore+reversal_turn_paper_nomcap,0.298626588106286,0.4981840983029028,0.6759514217540596,0.5382678918166,21.390850277434726,0.20111522687439976,0.4022304537487995,1.0878437506470662,24.912752578093855,0.029891045898174165,"[0.01579, 0.03726, 0.01692, 0.0154, 0.0341]"
add-6th,size_only+impact60+t10_size_plus_impact_bm+book_to_market_lf_minus_size+book_to_market_lf_plus_impact+t10_size_plus_impact_wc+exp_weighted_reversal63,0.2783414674511504,0.48229616735186936,0.695183782327823,0.5373046541109047,23.41759268359625,0.21151549186213206,0.4230309837242641,1.1132194649294112,26.928181271176086,0.02893777004111216,"[0.01024, 0.01579, 0.03726, 0.01692, 0.0154, 0.03801]"
replace-SIZE,impact60+t10_size_plus_impact_bm+book_to_market_lf_minus_size+book_to_market_lf_plus_impact+t10_size_plus_impact_fscore+t10_nomcap_plus_impact+reversal_turn_paper,0.29987034190774997,0.5032303562356247,0.6687522785093779,0.5370432183932388,21.47478344792633,0.20399711528334033,0.40799423056668066,1.0874864935556483,24.91668495261685,0.03019382137413748,"[0.01579, 0.03726, 0.01692, 0.0154, 0.0346]"
replace-SIZE,impact60+t10_size_plus_impact_bm+book_to_market_lf_minus_size+book_to_market_lf_plus_impact+t10_size_plus_impact+t10_nomcap_plus_impact+reversal_turn_paper_nomcap,0.2962707905211608,0.5019506178238073,0.6690509549712957,0.5360098040796478,21.22071287985479,0.20188970490639085,0.4037794098127817,1.0833961832335268,24.580867635885806,0.03011703706942844,"[0.01579, 0.03726, 0.01692, 0.0154, 0.03316]"
replace-SIZE,impact60+t10_size_plus_impact_bm+book_to_market_lf_minus_size+book_to_market_lf_plus_impact+t10_size_plus_impact_aggregate+t10_size_plus_wc_mcap+reversal_turn_eq,0.29831991258016344,0.519040970784617,0.6528428540802262,0.5351076066267505,21.292520288632762,0.2042027555050768,0.4084055110101536,1.0778139935357451,25.243602340812842,0.031142458247077016,"[0.01579, 0.03726, 0.01692, 0.0154, 0.03397]"
replace-SIZE,impact60+t10_size_plus_impact_bm+book_to_market_lf_minus_size+book_to_market_lf_plus_impact+t10_size_plus_impact_g13+t10_size_plus_wc_mcap+reversal_turn_paper_nomcap,0.30035638038433027,0.5013198224628229,0.6652049964636955,0.534875462347517,21.048043241690575,0.19838593700782578,0.39677187401565156,1.0768883837005074,25.111756140378315,0.03007918934776937,"[0.01579, 0.03726, 0.01692, 0.0154, 0.03479]"
replace-SIZE,impact60+t10_size_plus_impact_bm+book_to_market_lf_minus_size+book_to_market_lf_plus_impact+reversal_chip_turn_paper,0.298498491265,0.49898663231860546,0.664624571169619,0.5334260765908405,21.288246130549442,0.20605439639622192,0.41210879279244383,1.0860484169463687,24.09958599658021,0.029939197939116327,"[0.01579, 0.03726, 0.01692, 0.0154, 0.03405]"
replace-SIZE,impact60+t10_size_plus_impact_bm+book_to_market_lf_minus_size+book_to_market_lf_plus_impact+t10_size_plus_impact_fscore+t10_size_plus_impact_wc+reversal_turn_eq,0.29723625604753345,0.5097821858221369,0.6534725370722959,0.5319336579297878,21.335872885736062,0.20568984981629082,0.41137969963258164,1.0809114299518732,25.05063138946102,0.030586931149328207,"[0.01579, 0.03726, 0.01692, 0.0154, 0.03354]"
add-6th,size_only+impact60+t10_size_plus_impact_bm+book_to_market_lf_minus_size+book_to_market_lf_plus_impact+t10_size_plus_impact_dd120+exp_weighted_reversal63,0.2692104219006471,0.47602602583224907,0.678008223395231,0.5255548939492706,23.655184932108437,0.2190884939089041,0.4381769878178082,1.114219301473942,26.97508242970703,0.028561561549934944,"[0.01024, 0.01579, 0.03726, 0.01692, 0.0154, 0.03362]"
replace-SIZE,impact60+t10_size_plus_impact_bm+book_to_market_lf_minus_size+book_to_market_lf_plus_impact+t10_size_plus_impact_wc+exp_weighted_reversal63,0.3083975790763805,0.515810723681778,0.612172024167168,0.517690679979124,21.9109918183787,0.22816231646329402,0.45632463292658804,1.0935151786532116,25.038435722649442,0.03094864342090668,"[0.01579, 0.03726, 0.01692, 0.0154, 0.03801]"
replace-SIZE,impact60+t10_size_plus_impact_bm+book_to_market_lf_minus_size+book_to_market_lf_plus_impact+t10_size_plus_impact_dd120+exp_weighted_reversal63,0.29744032441577645,0.5155885963489389,0.5926094257720119,0.5066183152026893,21.941828464863562,0.23619600986780082,0.47239201973560163,1.089597512699866,24.78666408833957,0.030935315780936334,"[0.01579, 0.03726, 0.01692, 0.0154, 0.03362]"
