factor_id,factor_name,report,handler,formula,direction,platform_factor_direction,platform_factor_id,platform_run_id,configured_cycle,platform_rank_ic,platform_ic_mean,platform_ic_ir,platform_ic_p_value,platform_monotonicity,platform_gross_excess_pct,platform_turnover_pct,platform_annual_cost_pct,platform_net_excess_pct,platform_long_sharpe,platform_long_max_drawdown_pct,platform_long_monthly_win_rate_pct,local_net_excess_pct,local_net_positive,high_threshold,high_neighbor_count,high_neighbor_names,high_neighbors,nearest_factor,nearest_correlation,nearest_abs_correlation,neighbor_rows_written
combo-direct-20260909-candidates.report:COMBO-DIRECT-OSR2-CHIP-EQ,COMBO-DIRECT-OSR2-CHIP-EQ,combo-direct-20260909-candidates.report.csv,reversal_chip_eq,"(RANK(1-RETURNS(CLOSE,40)) + RANK((SUM(VOLUME*(OPEN+CLOSE)/2,250)/SUM(VOLUME,250))/CLOSE-1)) / 2",1,1,6aa14416ecb163ea7228cd95,6aa1441751cdfe29b2e0b805,10,0.0955,0.0543,0.3591,0.0001,0.93,14.42,43.28,6.543936,7.8760639999999995,0.7541,30.05,55.0,,,0.8,12,COMBO-DIRECT-OSR2-CHIP-TURN-EQ [combo-direct-3factor-20260909-candidates] (+0.923675); NONHT-CHIP-COST-250 [nonht-report-directions-20260909-formula] (+0.887416); OSR2-RET40 [oversold-rebound-recovery-candidates] (+0.885864); OSR2-RET40 [positive-cycle10-candidates] (+0.885864); OSR3-RET40-BP-INTERACT [osr3-ret40-value-candidates] (+0.860170); COMBO-DIRECT-OSR2-CHIP-TURN-PAPER-EQ [combo-direct-4factor-paper-20260909-candidates] (+0.859111); COMBO-DIRECT-OSR2-CHIP-TURN-SIZE-EQ [combo-direct-4factor-size-20260909-candidates] (+0.853424); COMBO-DIRECT-OSR2-CHIP-TURN-SIZE-EQ-2026YTD [combo-direct-4factor-size-2026-ytd-candidates] (+0.853424); OSR3-RET40-BP-TSRANK756 [osr3-ret40-value-candidates] (+0.842487); OSR3-RET40-BP-REV2 [osr3-ret40-value-candidates] (+0.828925); T10-NOMCAP-PLUS-IMPACT [t10-nomcap-plus-impact-20260911-candidates] (+0.828802); OSR4-RET40-BP-CFP-REV3 [osr4-ret40-value-refine-candidates] (+0.808653),"COMBO-DIRECT-OSR2-CHIP-TURN-EQ [combo-direct-3factor-20260909-candidates] (net=8.66%, rho=+0.923675); NONHT-CHIP-COST-250 [nonht-report-directions-20260909-formula] (net=4.28%, rho=+0.887416); OSR2-RET40 [oversold-rebound-recovery-candidates] (net=1.03%, rho=+0.885864); OSR2-RET40 [positive-cycle10-candidates] (net=5.03%, rho=+0.885864); OSR3-RET40-BP-INTERACT [osr3-ret40-value-candidates] (net=2.73%, rho=+0.860170); COMBO-DIRECT-OSR2-CHIP-TURN-PAPER-EQ [combo-direct-4factor-paper-20260909-candidates] (net=12.77%, rho=+0.859111); COMBO-DIRECT-OSR2-CHIP-TURN-SIZE-EQ [combo-direct-4factor-size-20260909-candidates] (net=16.38%, rho=+0.853424); COMBO-DIRECT-OSR2-CHIP-TURN-SIZE-EQ-2026YTD [combo-direct-4factor-size-2026-ytd-candidates] (net=10.73%, rho=+0.853424); OSR3-RET40-BP-TSRANK756 [osr3-ret40-value-candidates] (net=1.64%, rho=+0.842487); OSR3-RET40-BP-REV2 [osr3-ret40-value-candidates] (net=2.48%, rho=+0.828925); T10-NOMCAP-PLUS-IMPACT [t10-nomcap-plus-impact-20260911-candidates] (net=14.23%, rho=+0.828802); OSR4-RET40-BP-CFP-REV3 [osr4-ret40-value-refine-candidates] (net=1.63%, rho=+0.808653)",COMBO-DIRECT-OSR2-CHIP-TURN-EQ [combo-direct-3factor-20260909-candidates] (+0.923675),0.9236753802516297,0.9236753802516297,12
combo-direct-3factor-20260909-candidates.report:COMBO-DIRECT-OSR2-CHIP-TURN-EQ,COMBO-DIRECT-OSR2-CHIP-TURN-EQ,combo-direct-3factor-20260909-candidates.report.csv,reversal_chip_turn_eq,"(RANK(1-RETURNS(CLOSE,40)) + RANK((SUM(VOLUME*(OPEN+CLOSE)/2,250)/SUM(VOLUME,250))/CLOSE-1) + RANK(1-MA(TURNOVER,21)/MA(TURNOVER,504))) / 3",1,1,6aa148c86df2a192a47e7916,6aa148c8cffa1665a21012b2,10,0.101,0.0579,0.4039,0.0,0.92,14.91,41.32,6.247584,8.662416,0.8047,30.05,55.0,,,0.8,16,OSR2-RET40-TURN-BIAS-EQ [osr2-ret40-turn-bias-composite-cycle10-candidates] (+0.935579); T10-NOMCAP-PLUS-IMPACT [t10-nomcap-plus-impact-20260911-candidates] (+0.929900); COMBO-DIRECT-OSR2-CHIP-TURN-PAPER-EQ [combo-direct-4factor-paper-20260909-candidates] (+0.928148); COMBO-DIRECT-OSR2-CHIP-TURN-SIZE-EQ [combo-direct-4factor-size-20260909-candidates] (+0.926783); COMBO-DIRECT-OSR2-CHIP-TURN-SIZE-EQ-2026YTD [combo-direct-4factor-size-2026-ytd-candidates] (+0.926783); COMBO-DIRECT-OSR2-CHIP-EQ [combo-direct-20260909-candidates] (+0.923675); T10-SIZE-PLUS-WC-MCAP [t10-newdirections-20260911-candidates] (+0.861622); T10-ADD-DD120-20260911 [t10-additions-20260911-candidates] (+0.847210); NONHT-CHIP-COST-250 [nonht-report-directions-20260909-formula] (+0.831488); OSR2-RET40-TURN-BIAS-PAPER-EQ [osr2-ret40-turn-bias-paper-composite-cycle10-candidates] (+0.829989); OSR2-RET40-TURN-BIAS-PAPER-EQ-2026-YTD [osr2-ret40-turn-bias-paper-2026-ytd-candidates] (+0.829989); OSR2-RET40-TURN-BIAS-PAPER-NOMCAP-EQ [osr2-ret40-turn-bias-paper-nomcap-cycle10-candidates] (+0.818818); OSR2-RET40-TURN-BIAS-PAPER-NOMCAP-EQ-2026-YTD [osr2-ret40-turn-bias-paper-nomcap-2026-ytd-candidates] (+0.818818); OSR2-RET40 [oversold-rebound-recovery-candidates] (+0.809169); OSR2-RET40 [positive-cycle10-candidates] (+0.809169); T10-SIZE-PLUS-IMPACT [t10-newdirections-20260911-candidates] (+0.805750),"OSR2-RET40-TURN-BIAS-EQ [osr2-ret40-turn-bias-composite-cycle10-candidates] (net=7.40%, rho=+0.935579); T10-NOMCAP-PLUS-IMPACT [t10-nomcap-plus-impact-20260911-candidates] (net=14.23%, rho=+0.929900); COMBO-DIRECT-OSR2-CHIP-TURN-PAPER-EQ [combo-direct-4factor-paper-20260909-candidates] (net=12.77%, rho=+0.928148); COMBO-DIRECT-OSR2-CHIP-TURN-SIZE-EQ [combo-direct-4factor-size-20260909-candidates] (net=16.38%, rho=+0.926783); COMBO-DIRECT-OSR2-CHIP-TURN-SIZE-EQ-2026YTD [combo-direct-4factor-size-2026-ytd-candidates] (net=10.73%, rho=+0.926783); COMBO-DIRECT-OSR2-CHIP-EQ [combo-direct-20260909-candidates] (net=7.88%, rho=+0.923675); T10-SIZE-PLUS-WC-MCAP [t10-newdirections-20260911-candidates] (net=14.58%, rho=+0.861622); T10-ADD-DD120-20260911 [t10-additions-20260911-candidates] (net=16.83%, rho=+0.847210); NONHT-CHIP-COST-250 [nonht-report-directions-20260909-formula] (net=4.28%, rho=+0.831488); OSR2-RET40-TURN-BIAS-PAPER-EQ [osr2-ret40-turn-bias-paper-composite-cycle10-candidates] (net=11.64%, rho=+0.829989); OSR2-RET40-TURN-BIAS-PAPER-EQ-2026-YTD [osr2-ret40-turn-bias-paper-2026-ytd-candidates] (net=7.70%, rho=+0.829989); OSR2-RET40-TURN-BIAS-PAPER-NOMCAP-EQ [osr2-ret40-turn-bias-paper-nomcap-cycle10-candidates] (net=5.22%, rho=+0.818818); OSR2-RET40-TURN-BIAS-PAPER-NOMCAP-EQ-2026-YTD [osr2-ret40-turn-bias-paper-nomcap-2026-ytd-candidates] (net=4.67%, rho=+0.818818); OSR2-RET40 [oversold-rebound-recovery-candidates] (net=1.03%, rho=+0.809169); OSR2-RET40 [positive-cycle10-candidates] (net=5.03%, rho=+0.809169); T10-SIZE-PLUS-IMPACT [t10-newdirections-20260911-candidates] (net=18.16%, rho=+0.805750)",OSR2-RET40-TURN-BIAS-EQ [osr2-ret40-turn-bias-composite-cycle10-candidates] (+0.935579),0.9355793808352878,0.9355793808352878,16
combo-direct-4factor-paper-20260909-candidates.report:COMBO-DIRECT-OSR2-CHIP-TURN-PAPER-EQ,COMBO-DIRECT-OSR2-CHIP-TURN-PAPER-EQ,combo-direct-4factor-paper-20260909-candidates.report.csv,reversal_chip_turn_paper,"(RANK(1-RETURNS(CLOSE,40)) + RANK((SUM(VOLUME*(OPEN+CLOSE)/2,250)/SUM(VOLUME,250))/CLOSE-1) + RANK(1-MA(TURNOVER,21)/MA(TURNOVER,504)) + RANK(ZSCORE(RANK(book_to_market_ratio_lyr)) + ZSCORE(RANK(oper_roe_lyr)) - ZSCORE(RANK(gr_total_asset_lyr)) - ZSCORE(RANK(MARKET_CAP)))) / 4",1,1,6aa15326a7f535324660b5d5,6aa15327cffa1665a21012d2,10,0.115,0.0673,0.4386,0.0,0.98,18.39,37.14,5.615568,12.774432000000001,0.9824,24.09,61.67,,,0.8,16,OSR2-RET40-TURN-BIAS-PAPER-EQ [osr2-ret40-turn-bias-paper-composite-cycle10-candidates] (+0.946460); OSR2-RET40-TURN-BIAS-PAPER-EQ-2026-YTD [osr2-ret40-turn-bias-paper-2026-ytd-candidates] (+0.946460); COMBO-DIRECT-OSR2-CHIP-TURN-SIZE-EQ [combo-direct-4factor-size-20260909-candidates] (+0.935045); COMBO-DIRECT-OSR2-CHIP-TURN-SIZE-EQ-2026YTD [combo-direct-4factor-size-2026-ytd-candidates] (+0.935045); T10-NOMCAP-PLUS-IMPACT [t10-nomcap-plus-impact-20260911-candidates] (+0.928555); COMBO-DIRECT-OSR2-CHIP-TURN-EQ [combo-direct-3factor-20260909-candidates] (+0.928148); OSR2-RET40-TURN-BIAS-PAPER-NOMCAP-EQ [osr2-ret40-turn-bias-paper-nomcap-cycle10-candidates] (+0.897504); OSR2-RET40-TURN-BIAS-PAPER-NOMCAP-EQ-2026-YTD [osr2-ret40-turn-bias-paper-nomcap-2026-ytd-candidates] (+0.897504); T10-ADD-BM-20260911 [t10-additions-20260911-candidates] (+0.895247); T10-SIZE-PLUS-WC-MCAP [t10-newdirections-20260911-candidates] (+0.894390); T10-ADD-DD120-20260911 [t10-additions-20260911-candidates] (+0.873419); T10-SIZE-PLUS-IMPACT [t10-newdirections-20260911-candidates] (+0.865616); COMBO-DIRECT-OSR2-CHIP-EQ [combo-direct-20260909-candidates] (+0.859111); OSR2-RET40-TURN-BIAS-EQ [osr2-ret40-turn-bias-composite-cycle10-candidates] (+0.856482); T10-ADD-FSCORE-20260911 [t10-more-additions-20260911-candidates] (+0.844128); T10-SIZE-PLUS-IMPACT-WC [t10-newdirections-20260911-candidates] (+0.837497),"OSR2-RET40-TURN-BIAS-PAPER-EQ [osr2-ret40-turn-bias-paper-composite-cycle10-candidates] (net=11.64%, rho=+0.946460); OSR2-RET40-TURN-BIAS-PAPER-EQ-2026-YTD [osr2-ret40-turn-bias-paper-2026-ytd-candidates] (net=7.70%, rho=+0.946460); COMBO-DIRECT-OSR2-CHIP-TURN-SIZE-EQ [combo-direct-4factor-size-20260909-candidates] (net=16.38%, rho=+0.935045); COMBO-DIRECT-OSR2-CHIP-TURN-SIZE-EQ-2026YTD [combo-direct-4factor-size-2026-ytd-candidates] (net=10.73%, rho=+0.935045); T10-NOMCAP-PLUS-IMPACT [t10-nomcap-plus-impact-20260911-candidates] (net=14.23%, rho=+0.928555); COMBO-DIRECT-OSR2-CHIP-TURN-EQ [combo-direct-3factor-20260909-candidates] (net=8.66%, rho=+0.928148); OSR2-RET40-TURN-BIAS-PAPER-NOMCAP-EQ [osr2-ret40-turn-bias-paper-nomcap-cycle10-candidates] (net=5.22%, rho=+0.897504); OSR2-RET40-TURN-BIAS-PAPER-NOMCAP-EQ-2026-YTD [osr2-ret40-turn-bias-paper-nomcap-2026-ytd-candidates] (net=4.67%, rho=+0.897504); T10-ADD-BM-20260911 [t10-additions-20260911-candidates] (net=18.09%, rho=+0.895247); T10-SIZE-PLUS-WC-MCAP [t10-newdirections-20260911-candidates] (net=14.58%, rho=+0.894390); T10-ADD-DD120-20260911 [t10-additions-20260911-candidates] (net=16.83%, rho=+0.873419); T10-SIZE-PLUS-IMPACT [t10-newdirections-20260911-candidates] (net=18.16%, rho=+0.865616); COMBO-DIRECT-OSR2-CHIP-EQ [combo-direct-20260909-candidates] (net=7.88%, rho=+0.859111); OSR2-RET40-TURN-BIAS-EQ [osr2-ret40-turn-bias-composite-cycle10-candidates] (net=7.40%, rho=+0.856482); T10-ADD-FSCORE-20260911 [t10-more-additions-20260911-candidates] (net=17.48%, rho=+0.844128); T10-SIZE-PLUS-IMPACT-WC [t10-newdirections-20260911-candidates] (net=17.44%, rho=+0.837497)",OSR2-RET40-TURN-BIAS-PAPER-EQ [osr2-ret40-turn-bias-paper-composite-cycle10-candidates] (+0.946460),0.9464602031758208,0.9464602031758208,16
combo-direct-4factor-size-20260909-candidates.report:COMBO-DIRECT-OSR2-CHIP-TURN-SIZE-EQ,COMBO-DIRECT-OSR2-CHIP-TURN-SIZE-EQ,combo-direct-4factor-size-20260909-candidates.report.csv,reversal_chip_turn_size_eq,"(RANK(1-RETURNS(CLOSE,40)) + RANK((SUM(VOLUME*(OPEN+CLOSE)/2,250)/SUM(VOLUME,250))/CLOSE-1) + RANK(1-MA(TURNOVER,21)/MA(TURNOVER,504)) + RANK(-ZSCORE(RANK(MARKET_CAP)))) / 4",1,1,6aa150cb3e7967143f8face0,6aa150cbcffa1665a21012bd,10,0.1104,0.0701,0.4527,0.0,0.98,21.93,36.68,5.546016,16.383983999999998,1.0164,28.3,60.0,,,0.8,17,COMBO-DIRECT-OSR2-CHIP-TURN-SIZE-EQ-2026YTD [combo-direct-4factor-size-2026-ytd-candidates] (+1.000000); T10-NOMCAP-PLUS-IMPACT [t10-nomcap-plus-impact-20260911-candidates] (+0.968719); T10-ADD-DD120-20260911 [t10-additions-20260911-candidates] (+0.965092); T10-SIZE-PLUS-IMPACT [t10-newdirections-20260911-candidates] (+0.955010); T10-SIZE-PLUS-WC-MCAP [t10-newdirections-20260911-candidates] (+0.936281); COMBO-DIRECT-OSR2-CHIP-TURN-PAPER-EQ [combo-direct-4factor-paper-20260909-candidates] (+0.935045); COMBO-DIRECT-OSR2-CHIP-TURN-EQ [combo-direct-3factor-20260909-candidates] (+0.926783); T10-ADD-BM-20260911 [t10-additions-20260911-candidates] (+0.913453); T10-ADD-FSCORE-20260911 [t10-more-additions-20260911-candidates] (+0.912415); T10-SIZE-PLUS-IMPACT-WC [t10-newdirections-20260911-candidates] (+0.906949); T10-ADD-DOWNSIDE-IMPACT-20260911 [t10-more-additions-20260911-candidates] (+0.885441); T10-ADD-AGG-IMPACT-20260911 [t10-more-additions-20260911-candidates] (+0.875798); T10-ADD-G13-20260911 [t10-additions-20260911-candidates] (+0.873917); OSR2-RET40-TURN-BIAS-PAPER-EQ [osr2-ret40-turn-bias-paper-composite-cycle10-candidates] (+0.863652); OSR2-RET40-TURN-BIAS-PAPER-EQ-2026-YTD [osr2-ret40-turn-bias-paper-2026-ytd-candidates] (+0.863652); OSR2-RET40-TURN-BIAS-EQ [osr2-ret40-turn-bias-composite-cycle10-candidates] (+0.859480); COMBO-DIRECT-OSR2-CHIP-EQ [combo-direct-20260909-candidates] (+0.853424),"COMBO-DIRECT-OSR2-CHIP-TURN-SIZE-EQ-2026YTD [combo-direct-4factor-size-2026-ytd-candidates] (net=10.73%, rho=+1.000000); T10-NOMCAP-PLUS-IMPACT [t10-nomcap-plus-impact-20260911-candidates] (net=14.23%, rho=+0.968719); T10-ADD-DD120-20260911 [t10-additions-20260911-candidates] (net=16.83%, rho=+0.965092); T10-SIZE-PLUS-IMPACT [t10-newdirections-20260911-candidates] (net=18.16%, rho=+0.955010); T10-SIZE-PLUS-WC-MCAP [t10-newdirections-20260911-candidates] (net=14.58%, rho=+0.936281); COMBO-DIRECT-OSR2-CHIP-TURN-PAPER-EQ [combo-direct-4factor-paper-20260909-candidates] (net=12.77%, rho=+0.935045); COMBO-DIRECT-OSR2-CHIP-TURN-EQ [combo-direct-3factor-20260909-candidates] (net=8.66%, rho=+0.926783); T10-ADD-BM-20260911 [t10-additions-20260911-candidates] (net=18.09%, rho=+0.913453); T10-ADD-FSCORE-20260911 [t10-more-additions-20260911-candidates] (net=17.48%, rho=+0.912415); T10-SIZE-PLUS-IMPACT-WC [t10-newdirections-20260911-candidates] (net=17.44%, rho=+0.906949); T10-ADD-DOWNSIDE-IMPACT-20260911 [t10-more-additions-20260911-candidates] (net=19.39%, rho=+0.885441); T10-ADD-AGG-IMPACT-20260911 [t10-more-additions-20260911-candidates] (net=19.76%, rho=+0.875798); T10-ADD-G13-20260911 [t10-additions-20260911-candidates] (net=19.62%, rho=+0.873917); OSR2-RET40-TURN-BIAS-PAPER-EQ [osr2-ret40-turn-bias-paper-composite-cycle10-candidates] (net=11.64%, rho=+0.863652); OSR2-RET40-TURN-BIAS-PAPER-EQ-2026-YTD [osr2-ret40-turn-bias-paper-2026-ytd-candidates] (net=7.70%, rho=+0.863652); OSR2-RET40-TURN-BIAS-EQ [osr2-ret40-turn-bias-composite-cycle10-candidates] (net=7.40%, rho=+0.859480); COMBO-DIRECT-OSR2-CHIP-EQ [combo-direct-20260909-candidates] (net=7.88%, rho=+0.853424)",COMBO-DIRECT-OSR2-CHIP-TURN-SIZE-EQ-2026YTD [combo-direct-4factor-size-2026-ytd-candidates] (+1.000000),1.0,1.0,17
combo-direct-4factor-size-2026-ytd-candidates.report:COMBO-DIRECT-OSR2-CHIP-TURN-SIZE-EQ-2026YTD,COMBO-DIRECT-OSR2-CHIP-TURN-SIZE-EQ-2026YTD,combo-direct-4factor-size-2026-ytd-candidates.report.csv,reversal_chip_turn_size_eq,"(RANK(1-RETURNS(CLOSE,40)) + RANK((SUM(VOLUME*(OPEN+CLOSE)/2,250)/SUM(VOLUME,250))/CLOSE-1) + RANK(1-MA(TURNOVER,21)/MA(TURNOVER,504)) + RANK(-ZSCORE(RANK(MARKET_CAP)))) / 4",1,1,6aa159b851cdfe29b2e0b84f,6aa159b851cdfe29b2e0b850,10,0.0819,0.0362,0.181,0.4801,0.76,17.1,42.15,6.37308,10.726920000000002,0.5008,26.38,62.5,,,0.8,17,COMBO-DIRECT-OSR2-CHIP-TURN-SIZE-EQ [combo-direct-4factor-size-20260909-candidates] (+1.000000); T10-NOMCAP-PLUS-IMPACT [t10-nomcap-plus-impact-20260911-candidates] (+0.968719); T10-ADD-DD120-20260911 [t10-additions-20260911-candidates] (+0.965092); T10-SIZE-PLUS-IMPACT [t10-newdirections-20260911-candidates] (+0.955010); T10-SIZE-PLUS-WC-MCAP [t10-newdirections-20260911-candidates] (+0.936281); COMBO-DIRECT-OSR2-CHIP-TURN-PAPER-EQ [combo-direct-4factor-paper-20260909-candidates] (+0.935045); COMBO-DIRECT-OSR2-CHIP-TURN-EQ [combo-direct-3factor-20260909-candidates] (+0.926783); T10-ADD-BM-20260911 [t10-additions-20260911-candidates] (+0.913453); T10-ADD-FSCORE-20260911 [t10-more-additions-20260911-candidates] (+0.912415); T10-SIZE-PLUS-IMPACT-WC [t10-newdirections-20260911-candidates] (+0.906949); T10-ADD-DOWNSIDE-IMPACT-20260911 [t10-more-additions-20260911-candidates] (+0.885441); T10-ADD-AGG-IMPACT-20260911 [t10-more-additions-20260911-candidates] (+0.875798); T10-ADD-G13-20260911 [t10-additions-20260911-candidates] (+0.873917); OSR2-RET40-TURN-BIAS-PAPER-EQ [osr2-ret40-turn-bias-paper-composite-cycle10-candidates] (+0.863652); OSR2-RET40-TURN-BIAS-PAPER-EQ-2026-YTD [osr2-ret40-turn-bias-paper-2026-ytd-candidates] (+0.863652); OSR2-RET40-TURN-BIAS-EQ [osr2-ret40-turn-bias-composite-cycle10-candidates] (+0.859480); COMBO-DIRECT-OSR2-CHIP-EQ [combo-direct-20260909-candidates] (+0.853424),"COMBO-DIRECT-OSR2-CHIP-TURN-SIZE-EQ [combo-direct-4factor-size-20260909-candidates] (net=16.38%, rho=+1.000000); T10-NOMCAP-PLUS-IMPACT [t10-nomcap-plus-impact-20260911-candidates] (net=14.23%, rho=+0.968719); T10-ADD-DD120-20260911 [t10-additions-20260911-candidates] (net=16.83%, rho=+0.965092); T10-SIZE-PLUS-IMPACT [t10-newdirections-20260911-candidates] (net=18.16%, rho=+0.955010); T10-SIZE-PLUS-WC-MCAP [t10-newdirections-20260911-candidates] (net=14.58%, rho=+0.936281); COMBO-DIRECT-OSR2-CHIP-TURN-PAPER-EQ [combo-direct-4factor-paper-20260909-candidates] (net=12.77%, rho=+0.935045); COMBO-DIRECT-OSR2-CHIP-TURN-EQ [combo-direct-3factor-20260909-candidates] (net=8.66%, rho=+0.926783); T10-ADD-BM-20260911 [t10-additions-20260911-candidates] (net=18.09%, rho=+0.913453); T10-ADD-FSCORE-20260911 [t10-more-additions-20260911-candidates] (net=17.48%, rho=+0.912415); T10-SIZE-PLUS-IMPACT-WC [t10-newdirections-20260911-candidates] (net=17.44%, rho=+0.906949); T10-ADD-DOWNSIDE-IMPACT-20260911 [t10-more-additions-20260911-candidates] (net=19.39%, rho=+0.885441); T10-ADD-AGG-IMPACT-20260911 [t10-more-additions-20260911-candidates] (net=19.76%, rho=+0.875798); T10-ADD-G13-20260911 [t10-additions-20260911-candidates] (net=19.62%, rho=+0.873917); OSR2-RET40-TURN-BIAS-PAPER-EQ [osr2-ret40-turn-bias-paper-composite-cycle10-candidates] (net=11.64%, rho=+0.863652); OSR2-RET40-TURN-BIAS-PAPER-EQ-2026-YTD [osr2-ret40-turn-bias-paper-2026-ytd-candidates] (net=7.70%, rho=+0.863652); OSR2-RET40-TURN-BIAS-EQ [osr2-ret40-turn-bias-composite-cycle10-candidates] (net=7.40%, rho=+0.859480); COMBO-DIRECT-OSR2-CHIP-EQ [combo-direct-20260909-candidates] (net=7.88%, rho=+0.853424)",COMBO-DIRECT-OSR2-CHIP-TURN-SIZE-EQ [combo-direct-4factor-size-20260909-candidates] (+1.000000),1.0,1.0,17
alphaprobe-net1-platform-20260914-candidates.report:F-NET01-PLAT-20260914,F-NET01-PLAT-20260914,alphaprobe-net1-platform-20260914-candidates.report.csv,wma_low_volume40,"WMA((((1/LOW)/LOW)/VOLUME),40)",1,1,6aa7cd278b01f62dc5146aed,6aa7cd283e7967143f8fb524,5,0.0577,0.0281,0.3041,0.0,0.99,16.06,8.04,2.4312959999999997,13.628703999999999,0.9352,33.95,63.33,,,0.8,0,,,VERIFY-F260910-12 [verify-field-scan-20260910-candidates] (+0.750717),0.7507173936898273,0.7507173936898273,1
h03-t10-single-20260911-candidates.report:H03-T10-SINGLE,H03-T10-SINGLE,h03-t10-single-20260911-candidates.report.csv,impact60,"RANK(SUM((HIGH-LOW)/(DELAY(CLOSE,1)+0.000001),60)/(SUM(AMOUNT,60)+1))",1,1,6aa36bd3cffa1665a2101716,6aa36bd3ecb163ea7228cffe,10,0.0665,0.0486,0.3606,0.0001,0.98,17.86,9.37,1.416744,16.443255999999998,0.9367,30.85,65.0,,,0.8,2,VERIFY-G260910-13 [verify-field-scan-20260910-candidates] (+0.965583); VERIFY10-G260910-13 [verify-field-scan-cycle10-20260910-candidates] (+0.965583),"VERIFY-G260910-13 [verify-field-scan-20260910-candidates] (net=14.70%, rho=+0.965583); VERIFY10-G260910-13 [verify-field-scan-cycle10-20260910-candidates] (net=13.94%, rho=+0.965583)",VERIFY-G260910-13 [verify-field-scan-20260910-candidates] (+0.965583),0.965582641510827,0.965582641510827,2
turnover-cost-cycle10-candidates.report:HT-WREV-LOWTURN-21D,HT-WREV-LOWTURN-21D,turnover-cost-cycle10-candidates.report.csv,weighted_reversal_lowturn,"(RANK(-SUM(TURNOVER * RETURNS(CLOSE,1),21) / SUM(TURNOVER,21)) + RANK(1 - MA(TURNOVER,21) / MA(TURNOVER,504))) / 2",1,1,6a9fb7b4ecb163ea7228cbd2,6a9fb7b46df2a192a47e762c,10,0.0998,0.0558,0.479,0.0,0.9,11.94,61.03,9.227736,2.7122639999999993,0.8141,26.72,58.33,,,0.8,1,OSR2-RET40-TURN-BIAS-EQ [osr2-ret40-turn-bias-composite-cycle10-candidates] (+0.833129),"OSR2-RET40-TURN-BIAS-EQ [osr2-ret40-turn-bias-composite-cycle10-candidates] (net=7.40%, rho=+0.833129)",OSR2-RET40-TURN-BIAS-EQ [osr2-ret40-turn-bias-composite-cycle10-candidates] (+0.833129),0.8331287879827715,0.8331287879827715,1
ht13-momentum-120d-d0.report:HT13-MOMENTUM-120D-D0,HT13-MOMENTUM-120D-D0,ht13-momentum-120d-d0.report.csv,momentum120,"RETURNS(CLOSE,120)",0,0,6aa4e3bd6df2a192a47e7ea3,6aa4e3bfa7f535324660bc2d,10,-0.0665,-0.0438,-0.2947,0.0018,0.83,7.73,35.97,5.438663999999999,2.291336000000001,0.6588,39.84,53.45,,,0.8,1,NONHT-CHIP-COST-250 [nonht-report-directions-20260909-formula] (-0.837677),"NONHT-CHIP-COST-250 [nonht-report-directions-20260909-formula] (net=4.28%, rho=-0.837677)",NONHT-CHIP-COST-250 [nonht-report-directions-20260909-formula] (-0.837677),-0.8376766833549193,0.8376766833549193,1
huatai-series13-candidates.report:HT13-TURN-BIAS-1M,HT13-TURN-BIAS-1M,huatai-series13-candidates.report.csv,turn_bias,"MA(TURNOVER,21) / MA(TURNOVER,504) - 1",0,0,6a9e8b253e7967143f8fa933,6a9e8b263e7967143f8fa934,5,-0.0652,-0.0368,-0.3172,0.0001,0.87,11.17,15.68,4.741632,6.428368,0.9929,24.89,61.54,,,0.8,3,HT13-TURN-BIAS-1M [positive-cycle10-candidates] (+1.000000); HT13-TURN-BIAS-1M-POS [huatai-turn-bias-positive] (-1.000000); OSR2-RET40-TURN-BIAS-EQ [osr2-ret40-turn-bias-composite-cycle10-candidates] (-0.821641),"HT13-TURN-BIAS-1M [positive-cycle10-candidates] (net=4.96%, rho=+1.000000); HT13-TURN-BIAS-1M-POS [huatai-turn-bias-positive] (net=6.40%, rho=-1.000000); OSR2-RET40-TURN-BIAS-EQ [osr2-ret40-turn-bias-composite-cycle10-candidates] (net=7.40%, rho=-0.821641)",HT13-TURN-BIAS-1M [positive-cycle10-candidates] (+1.000000),1.0,1.0,3
positive-cycle10-candidates.report:HT13-TURN-BIAS-1M,HT13-TURN-BIAS-1M,positive-cycle10-candidates.report.csv,turn_bias,"MA(TURNOVER,21) / MA(TURNOVER,504) - 1",0,0,6a9fcdb251cdfe29b2e0b56b,6a9fcdb23e7967143f8faaee,10,-0.0737,-0.0442,-0.3612,0.0019,0.86,9.04,26.97,4.077864,4.962135999999999,0.9491,22.94,58.97,,,0.8,3,HT13-TURN-BIAS-1M [huatai-series13-candidates] (+1.000000); HT13-TURN-BIAS-1M-POS [huatai-turn-bias-positive] (-1.000000); OSR2-RET40-TURN-BIAS-EQ [osr2-ret40-turn-bias-composite-cycle10-candidates] (-0.821641),"HT13-TURN-BIAS-1M [huatai-series13-candidates] (net=6.43%, rho=+1.000000); HT13-TURN-BIAS-1M-POS [huatai-turn-bias-positive] (net=6.40%, rho=-1.000000); OSR2-RET40-TURN-BIAS-EQ [osr2-ret40-turn-bias-composite-cycle10-candidates] (net=7.40%, rho=-0.821641)",HT13-TURN-BIAS-1M [huatai-series13-candidates] (+1.000000),1.0,1.0,3
huatai-turn-bias-positive.report:HT13-TURN-BIAS-1M-POS,HT13-TURN-BIAS-1M-POS,huatai-turn-bias-positive.report.csv,turn_signal,"1 - MA(TURNOVER,21) / MA(TURNOVER,504)",1,1,6a9e9449a7f535324660b07d,6a9e944aa7f535324660b07e,5,0.0653,0.0369,0.3173,0.0001,0.87,11.14,15.69,4.744656,6.395344000000001,0.9915,24.89,61.54,,,0.8,3,HT13-TURN-BIAS-1M [huatai-series13-candidates] (-1.000000); HT13-TURN-BIAS-1M [positive-cycle10-candidates] (-1.000000); OSR2-RET40-TURN-BIAS-EQ [osr2-ret40-turn-bias-composite-cycle10-candidates] (+0.821641),"HT13-TURN-BIAS-1M [huatai-series13-candidates] (net=6.43%, rho=-1.000000); HT13-TURN-BIAS-1M [positive-cycle10-candidates] (net=4.96%, rho=-1.000000); OSR2-RET40-TURN-BIAS-EQ [osr2-ret40-turn-bias-composite-cycle10-candidates] (net=7.40%, rho=+0.821641)",HT13-TURN-BIAS-1M [huatai-series13-candidates] (-1.000000),-1.0,1.0,3
huatai-series13-candidates.report:HT13-VALUE-BP,HT13-VALUE-BP,huatai-series13-candidates.report.csv,value_bm,ratio_bm_ttm,1,1,6a9e891a0f6165ec8f7f33d9,6a9e891acffa1665a2100bcd,5,0.0524,0.0154,0.1068,0.0985,0.88,3.36,4.17,1.261008,2.098992,0.6007,22.69,60.0,,,0.8,1,OSR3-RET40-BP-VAL2 [osr3-ret40-value-candidates] (+0.907927),"OSR3-RET40-BP-VAL2 [osr3-ret40-value-candidates] (net=3.17%, rho=+0.907927)",OSR3-RET40-BP-VAL2 [osr3-ret40-value-candidates] (+0.907927),0.9079273039358892,0.9079273039358892,1
huatai-series13-candidates.report:HT13-VALUE-SP,HT13-VALUE-SP,huatai-series13-candidates.report.csv,value_sp,ratio_sp_ttm,1,1,6a9e899ca7f535324660b053,6a9e899d5d52c44d2f55be5b,5,0.0333,0.0045,0.0446,0.4893,0.8,1.0,2.94,0.889056,0.11094400000000004,0.4758,26.03,61.67,,,0.8,0,,,OSR4-RET40-BP-CFP-SP [osr4-ret40-value-refine-candidates] (+0.703006),0.7030060440370051,0.7030060440370051,1
high-potential-5-20260910-candidates.report:NEW-VALUE-EVEBITDA,NEW-VALUE-EVEBITDA,high-potential-5-20260910-candidates.report.csv,ev_ebitda_proxy,RANK(-ratio_ev_ebitda_ttm),1,1,6aa233bf6df2a192a47e79f1,6aa233c051cdfe29b2e0b958,10,0.0202,0.0125,0.1731,0.0604,0.87,4.31,6.55,0.99036,3.3196399999999997,0.4379,37.18,58.33,,,0.8,0,,,HT13-VALUE-SP [huatai-series13-candidates] (-0.314097),-0.3140973651641143,0.3140973651641143,1
nonht-report-directions-20260909-formula.report:NONHT-CHIP-COST-250,NONHT-CHIP-COST-250,nonht-report-directions-20260909-formula.report.csv,chip250,"RANK((SUM(VOLUME*(OPEN+CLOSE)/2,250)/SUM(VOLUME,250))/CLOSE-1)",1,1,6aa1239c6df2a192a47e78d4,6aa1239c6df2a192a47e78d5,10,0.0677,0.0373,0.2694,0.0038,0.96,9.34,33.47,5.060664,4.279336,0.6102,29.22,53.33,,,0.8,3,COMBO-DIRECT-OSR2-CHIP-EQ [combo-direct-20260909-candidates] (+0.887416); HT13-MOMENTUM-120D-D0 [ht13-momentum-120d-d0] (-0.837677); COMBO-DIRECT-OSR2-CHIP-TURN-EQ [combo-direct-3factor-20260909-candidates] (+0.831488),"COMBO-DIRECT-OSR2-CHIP-EQ [combo-direct-20260909-candidates] (net=7.88%, rho=+0.887416); HT13-MOMENTUM-120D-D0 [ht13-momentum-120d-d0] (net=2.29%, rho=-0.837677); COMBO-DIRECT-OSR2-CHIP-TURN-EQ [combo-direct-3factor-20260909-candidates] (net=8.66%, rho=+0.831488)",COMBO-DIRECT-OSR2-CHIP-EQ [combo-direct-20260909-candidates] (+0.887416),0.8874163444894411,0.8874163444894411,3
nonhuatai-factor-6-20260909.report:NONHT-FSCORELIKE-REV40,NONHT-FSCORELIKE-REV40,nonhuatai-factor-6-20260909.report.csv,fscore_eq,"(RANK(1 - RETURNS(CLOSE,40)) + RANK((IF(oper_roa_net_ttm > 0,1,0) + IF(cfd_ocf_to_debt_ttm > 0,1,0) + IF(oper_roa_net_ttm > oper_roa_net_lyr,1,0) + IF(cfd_surplus_cash_multi_ttm > 1,1,0) + IF(fin_debt_to_asset_ttm < fin_debt_to_asset_lyr,1,0) + IF(fin_current_ratio_ttm > fin_current_ratio_lyr,1,0) + IF(oper_gross_margin_ttm > oper_gross_margin_lyr,1,0) + IF(oper_total_asset_turnover_ttm > oper_total_asset_turnover_lyr,1,0)) / 8)) / 2",1,1,6aa0e96acffa1665a21011aa,6aa0e96ba7f535324660b4d0,10,0.0697,0.038,0.3681,0.0001,0.91,8.14,41.77,6.315624,1.8243760000000009,0.6523,28.69,56.67,,,0.8,1,NONHT-FSCORELIKE-REV40-INTERACT [literature-rankic-optimization-20260909-formula] (+0.946359),"NONHT-FSCORELIKE-REV40-INTERACT [literature-rankic-optimization-20260909-formula] (net=1.84%, rho=+0.946359)",NONHT-FSCORELIKE-REV40-INTERACT [literature-rankic-optimization-20260909-formula] (+0.946359),0.9463589570700386,0.9463589570700386,1
literature-rankic-optimization-20260909-formula.report:NONHT-FSCORELIKE-REV40-INTERACT,NONHT-FSCORELIKE-REV40-INTERACT,literature-rankic-optimization-20260909-formula.report.csv,fscore_interact,"RANK(1 - RETURNS(CLOSE,40)) * RANK((IF(oper_roa_net_ttm > 0,1,0) + IF(cfd_ocf_to_debt_ttm > 0,1,0) + IF(oper_roa_net_ttm > oper_roa_net_lyr,1,0) + IF(cfd_surplus_cash_multi_ttm > 1,1,0) + IF(fin_debt_to_asset_ttm < fin_debt_to_asset_lyr,1,0) + IF(fin_current_ratio_ttm > fin_current_ratio_lyr,1,0) + IF(oper_gross_margin_ttm > oper_gross_margin_lyr,1,0) + IF(oper_total_asset_turnover_ttm > oper_total_asset_turnover_lyr,1,0)) / 8)",1,1,6aa1051decb163ea7228cd46,6aa1051eecb163ea7228cd47,10,0.0743,0.0323,0.3348,0.0004,0.89,8.11,41.45,6.267240000000001,1.8427599999999984,0.65,28.93,56.67,,,0.8,1,NONHT-FSCORELIKE-REV40 [nonhuatai-factor-6-20260909] (+0.946359),"NONHT-FSCORELIKE-REV40 [nonhuatai-factor-6-20260909] (net=1.82%, rho=+0.946359)",NONHT-FSCORELIKE-REV40 [nonhuatai-factor-6-20260909] (+0.946359),0.9463589570700386,0.9463589570700386,1
nonhuatai-factor-6-20260909.report:NONHT-RESVOL-LOW,NONHT-RESVOL-LOW,nonhuatai-factor-6-20260909.report.csv,residual_volatility,RANK(-residual_volatility),1,1,6aa0e8ef5d52c44d2f55c0f1,6aa0e8f0a7f535324660b4ce,10,0.0884,0.0347,0.2831,0.0073,0.74,2.97,17.19,2.5991280000000003,0.37087199999999987,0.7367,23.77,52.73,,,0.8,0,,,HT13-VALUE-BP [huatai-series13-candidates] (+0.528753),0.528753005969694,0.528753005969694,1
oversold-rebound-recovery-candidates.report:OSR2-DD120,OSR2-DD120,oversold-rebound-recovery-candidates.report.csv,drawdown120,"RANK(1 - CLOSE / TS_MAX(CLOSE,120))",1,1,6a9e77906df2a192a47e7347,6a9e7b46ecb163ea7228ca6d,5,0.0329,0.0239,0.1841,0.0046,0.89,11.16,21.06,6.368544,4.791456,0.6278,38.08,58.33,,,0.8,1,OSR2-DD120 [positive-cycle10-candidates] (+1.000000),"OSR2-DD120 [positive-cycle10-candidates] (net=4.25%, rho=+1.000000)",OSR2-DD120 [positive-cycle10-candidates] (+1.000000),1.0,1.0,1
positive-cycle10-candidates.report:OSR2-DD120,OSR2-DD120,positive-cycle10-candidates.report.csv,drawdown120,"RANK(1 - CLOSE / TS_MAX(CLOSE,120))",1,1,6a9fcd73ecb163ea7228cbed,6a9fcd73ecb163ea7228cbee,10,0.0405,0.0285,0.2085,0.0241,0.9,8.69,29.39,4.4437679999999995,4.246232,0.5506,28.55,55.0,,,0.8,1,OSR2-DD120 [oversold-rebound-recovery-candidates] (+1.000000),"OSR2-DD120 [oversold-rebound-recovery-candidates] (net=4.79%, rho=+1.000000)",OSR2-DD120 [oversold-rebound-recovery-candidates] (+1.000000),1.0,1.0,1
oversold-rebound-recovery-candidates.report:OSR2-DD60,OSR2-DD60,oversold-rebound-recovery-candidates.report.csv,drawdown60,"RANK(1 - CLOSE / TS_MAX(CLOSE,60))",1,1,6a9e7790cffa1665a2100b83,6a9e7afc6df2a192a47e7356,5,0.0303,0.023,0.1736,0.0075,0.79,9.82,26.03,7.871472000000001,1.9485279999999996,0.5804,43.49,53.33,,,0.8,0,,,OSR2-DD120 [oversold-rebound-recovery-candidates] (+0.789871),0.7898705245634533,0.7898705245634533,1
oversold-rebound-recovery-candidates.report:OSR2-RET40,OSR2-RET40,oversold-rebound-recovery-candidates.report.csv,reversal40,"RANK(1 - RETURNS(CLOSE,40))",1,1,6a9e778fecb163ea7228ca64,6a9e7abba7f535324660b013,5,0.0731,0.0389,0.2718,0.0,0.88,13.25,40.41,12.219983999999998,1.0300160000000016,0.7374,40.2,58.33,,,0.8,9,OSR2-RET40 [positive-cycle10-candidates] (+1.000000); OSR3-RET40-BP-INTERACT [osr3-ret40-value-candidates] (+0.942864); OSR3-RET40-BP-REV2 [osr3-ret40-value-candidates] (+0.907752); OSR4-RET40-BP-CFP-REV3 [osr4-ret40-value-refine-candidates] (+0.903276); COMBO-DIRECT-OSR2-CHIP-EQ [combo-direct-20260909-candidates] (+0.885864); OSR2-RET40-TURN-BIAS-EQ [osr2-ret40-turn-bias-composite-cycle10-candidates] (+0.818802); OSR3-RET40-BP-TSRANK756 [osr3-ret40-value-candidates] (+0.812266); OSR4-RET40-BP-CFP-REV2 [osr4-ret40-value-refine-candidates] (+0.809362); COMBO-DIRECT-OSR2-CHIP-TURN-EQ [combo-direct-3factor-20260909-candidates] (+0.809169),"OSR2-RET40 [positive-cycle10-candidates] (net=5.03%, rho=+1.000000); OSR3-RET40-BP-INTERACT [osr3-ret40-value-candidates] (net=2.73%, rho=+0.942864); OSR3-RET40-BP-REV2 [osr3-ret40-value-candidates] (net=2.48%, rho=+0.907752); OSR4-RET40-BP-CFP-REV3 [osr4-ret40-value-refine-candidates] (net=1.63%, rho=+0.903276); COMBO-DIRECT-OSR2-CHIP-EQ [combo-direct-20260909-candidates] (net=7.88%, rho=+0.885864); OSR2-RET40-TURN-BIAS-EQ [osr2-ret40-turn-bias-composite-cycle10-candidates] (net=7.40%, rho=+0.818802); OSR3-RET40-BP-TSRANK756 [osr3-ret40-value-candidates] (net=1.64%, rho=+0.812266); OSR4-RET40-BP-CFP-REV2 [osr4-ret40-value-refine-candidates] (net=2.37%, rho=+0.809362); COMBO-DIRECT-OSR2-CHIP-TURN-EQ [combo-direct-3factor-20260909-candidates] (net=8.66%, rho=+0.809169)",OSR2-RET40 [positive-cycle10-candidates] (+1.000000),1.0,1.0,9
positive-cycle10-candidates.report:OSR2-RET40,OSR2-RET40,positive-cycle10-candidates.report.csv,reversal40,"RANK(1 - RETURNS(CLOSE,40))",1,1,6a9fcd2d6df2a192a47e765b,6a9fcd2e6df2a192a47e765c,10,0.0908,0.0512,0.3602,0.0001,0.91,13.35,55.02,8.319024,5.030975999999999,0.738,30.05,60.0,,,0.8,9,OSR2-RET40 [oversold-rebound-recovery-candidates] (+1.000000); OSR3-RET40-BP-INTERACT [osr3-ret40-value-candidates] (+0.942864); OSR3-RET40-BP-REV2 [osr3-ret40-value-candidates] (+0.907752); OSR4-RET40-BP-CFP-REV3 [osr4-ret40-value-refine-candidates] (+0.903276); COMBO-DIRECT-OSR2-CHIP-EQ [combo-direct-20260909-candidates] (+0.885864); OSR2-RET40-TURN-BIAS-EQ [osr2-ret40-turn-bias-composite-cycle10-candidates] (+0.818802); OSR3-RET40-BP-TSRANK756 [osr3-ret40-value-candidates] (+0.812266); OSR4-RET40-BP-CFP-REV2 [osr4-ret40-value-refine-candidates] (+0.809362); COMBO-DIRECT-OSR2-CHIP-TURN-EQ [combo-direct-3factor-20260909-candidates] (+0.809169),"OSR2-RET40 [oversold-rebound-recovery-candidates] (net=1.03%, rho=+1.000000); OSR3-RET40-BP-INTERACT [osr3-ret40-value-candidates] (net=2.73%, rho=+0.942864); OSR3-RET40-BP-REV2 [osr3-ret40-value-candidates] (net=2.48%, rho=+0.907752); OSR4-RET40-BP-CFP-REV3 [osr4-ret40-value-refine-candidates] (net=1.63%, rho=+0.903276); COMBO-DIRECT-OSR2-CHIP-EQ [combo-direct-20260909-candidates] (net=7.88%, rho=+0.885864); OSR2-RET40-TURN-BIAS-EQ [osr2-ret40-turn-bias-composite-cycle10-candidates] (net=7.40%, rho=+0.818802); OSR3-RET40-BP-TSRANK756 [osr3-ret40-value-candidates] (net=1.64%, rho=+0.812266); OSR4-RET40-BP-CFP-REV2 [osr4-ret40-value-refine-candidates] (net=2.37%, rho=+0.809362); COMBO-DIRECT-OSR2-CHIP-TURN-EQ [combo-direct-3factor-20260909-candidates] (net=8.66%, rho=+0.809169)",OSR2-RET40 [oversold-rebound-recovery-candidates] (+1.000000),1.0,1.0,9
osr2-ret40-turn-bias-composite-cycle10-candidates.report:OSR2-RET40-TURN-BIAS-EQ,OSR2-RET40-TURN-BIAS-EQ,osr2-ret40-turn-bias-composite-cycle10-candidates.report.csv,reversal_turn_eq,"(RANK(1 - RETURNS(CLOSE,40)) + RANK(1 - MA(TURNOVER,21) / MA(TURNOVER,504))) / 2",1,1,6a9fdd605d52c44d2f55c013,6a9fdd605d52c44d2f55c014,10,0.0987,0.0563,0.4228,0.0,0.9,14.77,48.77,7.374024000000001,7.395975999999998,0.8345,30.05,55.0,,,0.8,16,COMBO-DIRECT-OSR2-CHIP-TURN-EQ [combo-direct-3factor-20260909-candidates] (+0.935579); T10-NOMCAP-PLUS-IMPACT [t10-nomcap-plus-impact-20260911-candidates] (+0.871111); OSR2-RET40-TURN-BIAS-PAPER-EQ [osr2-ret40-turn-bias-paper-composite-cycle10-candidates] (+0.860749); OSR2-RET40-TURN-BIAS-PAPER-EQ-2026-YTD [osr2-ret40-turn-bias-paper-2026-ytd-candidates] (+0.860749); COMBO-DIRECT-OSR2-CHIP-TURN-SIZE-EQ [combo-direct-4factor-size-20260909-candidates] (+0.859480); COMBO-DIRECT-OSR2-CHIP-TURN-SIZE-EQ-2026YTD [combo-direct-4factor-size-2026-ytd-candidates] (+0.859480); COMBO-DIRECT-OSR2-CHIP-TURN-PAPER-EQ [combo-direct-4factor-paper-20260909-candidates] (+0.856482); OSR2-RET40-TURN-BIAS-PAPER-NOMCAP-EQ [osr2-ret40-turn-bias-paper-nomcap-cycle10-candidates] (+0.855185); OSR2-RET40-TURN-BIAS-PAPER-NOMCAP-EQ-2026-YTD [osr2-ret40-turn-bias-paper-nomcap-2026-ytd-candidates] (+0.855185); HT-WREV-LOWTURN-21D [turnover-cost-cycle10-candidates] (+0.833129); HT13-TURN-BIAS-1M [huatai-series13-candidates] (-0.821641); HT13-TURN-BIAS-1M [positive-cycle10-candidates] (-0.821641); HT13-TURN-BIAS-1M-POS [huatai-turn-bias-positive] (+0.821641); OSR2-RET40 [oversold-rebound-recovery-candidates] (+0.818802); OSR2-RET40 [positive-cycle10-candidates] (+0.818802); T10-SIZE-PLUS-WC-MCAP [t10-newdirections-20260911-candidates] (+0.801220),"COMBO-DIRECT-OSR2-CHIP-TURN-EQ [combo-direct-3factor-20260909-candidates] (net=8.66%, rho=+0.935579); T10-NOMCAP-PLUS-IMPACT [t10-nomcap-plus-impact-20260911-candidates] (net=14.23%, rho=+0.871111); OSR2-RET40-TURN-BIAS-PAPER-EQ [osr2-ret40-turn-bias-paper-composite-cycle10-candidates] (net=11.64%, rho=+0.860749); OSR2-RET40-TURN-BIAS-PAPER-EQ-2026-YTD [osr2-ret40-turn-bias-paper-2026-ytd-candidates] (net=7.70%, rho=+0.860749); COMBO-DIRECT-OSR2-CHIP-TURN-SIZE-EQ [combo-direct-4factor-size-20260909-candidates] (net=16.38%, rho=+0.859480); COMBO-DIRECT-OSR2-CHIP-TURN-SIZE-EQ-2026YTD [combo-direct-4factor-size-2026-ytd-candidates] (net=10.73%, rho=+0.859480); COMBO-DIRECT-OSR2-CHIP-TURN-PAPER-EQ [combo-direct-4factor-paper-20260909-candidates] (net=12.77%, rho=+0.856482); OSR2-RET40-TURN-BIAS-PAPER-NOMCAP-EQ [osr2-ret40-turn-bias-paper-nomcap-cycle10-candidates] (net=5.22%, rho=+0.855185); OSR2-RET40-TURN-BIAS-PAPER-NOMCAP-EQ-2026-YTD [osr2-ret40-turn-bias-paper-nomcap-2026-ytd-candidates] (net=4.67%, rho=+0.855185); HT-WREV-LOWTURN-21D [turnover-cost-cycle10-candidates] (net=2.71%, rho=+0.833129); HT13-TURN-BIAS-1M [huatai-series13-candidates] (net=6.43%, rho=-0.821641); HT13-TURN-BIAS-1M [positive-cycle10-candidates] (net=4.96%, rho=-0.821641); HT13-TURN-BIAS-1M-POS [huatai-turn-bias-positive] (net=6.40%, rho=+0.821641); OSR2-RET40 [oversold-rebound-recovery-candidates] (net=1.03%, rho=+0.818802); OSR2-RET40 [positive-cycle10-candidates] (net=5.03%, rho=+0.818802); T10-SIZE-PLUS-WC-MCAP [t10-newdirections-20260911-candidates] (net=14.58%, rho=+0.801220)",COMBO-DIRECT-OSR2-CHIP-TURN-EQ [combo-direct-3factor-20260909-candidates] (+0.935579),0.9355793808352878,0.9355793808352878,16
osr2-ret40-turn-bias-paper-composite-cycle10-candidates.report:OSR2-RET40-TURN-BIAS-PAPER-EQ,OSR2-RET40-TURN-BIAS-PAPER-EQ,osr2-ret40-turn-bias-paper-composite-cycle10-candidates.report.csv,reversal_turn_paper,"(RANK(1 - RETURNS(CLOSE,40)) + RANK(1 - MA(TURNOVER,21) / MA(TURNOVER,504)) + RANK(ZSCORE(RANK(book_to_market_ratio_lyr)) + ZSCORE(RANK(oper_roe_lyr)) - ZSCORE(RANK(gr_total_asset_lyr)) - ZSCORE(RANK(MARKET_CAP)))) / 3",1,1,6a9fe1363e7967143f8fab47,6a9fe1366df2a192a47e76a5,10,0.1148,0.0669,0.4456,0.0,0.98,17.61,39.46,5.966352,11.643647999999999,0.996,24.66,63.33,,,0.8,15,OSR2-RET40-TURN-BIAS-PAPER-EQ-2026-YTD [osr2-ret40-turn-bias-paper-2026-ytd-candidates] (+1.000000); COMBO-DIRECT-OSR2-CHIP-TURN-PAPER-EQ [combo-direct-4factor-paper-20260909-candidates] (+0.946460); OSR2-RET40-TURN-BIAS-PAPER-NOMCAP-EQ [osr2-ret40-turn-bias-paper-nomcap-cycle10-candidates] (+0.941491); OSR2-RET40-TURN-BIAS-PAPER-NOMCAP-EQ-2026-YTD [osr2-ret40-turn-bias-paper-nomcap-2026-ytd-candidates] (+0.941491); T10-ADD-BM-20260911 [t10-additions-20260911-candidates] (+0.867864); COMBO-DIRECT-OSR2-CHIP-TURN-SIZE-EQ [combo-direct-4factor-size-20260909-candidates] (+0.863652); COMBO-DIRECT-OSR2-CHIP-TURN-SIZE-EQ-2026YTD [combo-direct-4factor-size-2026-ytd-candidates] (+0.863652); T10-NOMCAP-PLUS-IMPACT [t10-nomcap-plus-impact-20260911-candidates] (+0.860999); OSR2-RET40-TURN-BIAS-EQ [osr2-ret40-turn-bias-composite-cycle10-candidates] (+0.860749); T10-SIZE-PLUS-WC-MCAP [t10-newdirections-20260911-candidates] (+0.839560); COMBO-DIRECT-OSR2-CHIP-TURN-EQ [combo-direct-3factor-20260909-candidates] (+0.829989); T10-SIZE-PLUS-IMPACT [t10-newdirections-20260911-candidates] (+0.824737); T10-ADD-FSCORE-20260911 [t10-more-additions-20260911-candidates] (+0.818097); T10-SIZE-PLUS-IMPACT-WC [t10-newdirections-20260911-candidates] (+0.807917); T10-ADD-DD120-20260911 [t10-additions-20260911-candidates] (+0.800711),"OSR2-RET40-TURN-BIAS-PAPER-EQ-2026-YTD [osr2-ret40-turn-bias-paper-2026-ytd-candidates] (net=7.70%, rho=+1.000000); COMBO-DIRECT-OSR2-CHIP-TURN-PAPER-EQ [combo-direct-4factor-paper-20260909-candidates] (net=12.77%, rho=+0.946460); OSR2-RET40-TURN-BIAS-PAPER-NOMCAP-EQ [osr2-ret40-turn-bias-paper-nomcap-cycle10-candidates] (net=5.22%, rho=+0.941491); OSR2-RET40-TURN-BIAS-PAPER-NOMCAP-EQ-2026-YTD [osr2-ret40-turn-bias-paper-nomcap-2026-ytd-candidates] (net=4.67%, rho=+0.941491); T10-ADD-BM-20260911 [t10-additions-20260911-candidates] (net=18.09%, rho=+0.867864); COMBO-DIRECT-OSR2-CHIP-TURN-SIZE-EQ [combo-direct-4factor-size-20260909-candidates] (net=16.38%, rho=+0.863652); COMBO-DIRECT-OSR2-CHIP-TURN-SIZE-EQ-2026YTD [combo-direct-4factor-size-2026-ytd-candidates] (net=10.73%, rho=+0.863652); T10-NOMCAP-PLUS-IMPACT [t10-nomcap-plus-impact-20260911-candidates] (net=14.23%, rho=+0.860999); OSR2-RET40-TURN-BIAS-EQ [osr2-ret40-turn-bias-composite-cycle10-candidates] (net=7.40%, rho=+0.860749); T10-SIZE-PLUS-WC-MCAP [t10-newdirections-20260911-candidates] (net=14.58%, rho=+0.839560); COMBO-DIRECT-OSR2-CHIP-TURN-EQ [combo-direct-3factor-20260909-candidates] (net=8.66%, rho=+0.829989); T10-SIZE-PLUS-IMPACT [t10-newdirections-20260911-candidates] (net=18.16%, rho=+0.824737); T10-ADD-FSCORE-20260911 [t10-more-additions-20260911-candidates] (net=17.48%, rho=+0.818097); T10-SIZE-PLUS-IMPACT-WC [t10-newdirections-20260911-candidates] (net=17.44%, rho=+0.807917); T10-ADD-DD120-20260911 [t10-additions-20260911-candidates] (net=16.83%, rho=+0.800711)",OSR2-RET40-TURN-BIAS-PAPER-EQ-2026-YTD [osr2-ret40-turn-bias-paper-2026-ytd-candidates] (+1.000000),1.0,1.0,15
osr2-ret40-turn-bias-paper-2026-ytd-candidates.report:OSR2-RET40-TURN-BIAS-PAPER-EQ-2026-YTD,OSR2-RET40-TURN-BIAS-PAPER-EQ-2026-YTD,osr2-ret40-turn-bias-paper-2026-ytd-candidates.report.csv,reversal_turn_paper,"(RANK(1 - RETURNS(CLOSE,40)) + RANK(1 - MA(TURNOVER,21) / MA(TURNOVER,504)) + RANK(ZSCORE(RANK(book_to_market_ratio_lyr)) + ZSCORE(RANK(oper_roe_lyr)) - ZSCORE(RANK(gr_total_asset_lyr)) - ZSCORE(RANK(MARKET_CAP)))) / 3",1,1,6aa0c7b56df2a192a47e77e2,6aa0c7b55d52c44d2f55c0c0,10,0.0888,0.0277,0.1279,0.6163,0.57,14.21,43.06,6.5106720000000005,7.699328,0.4691,22.09,62.5,,,0.8,15,OSR2-RET40-TURN-BIAS-PAPER-EQ [osr2-ret40-turn-bias-paper-composite-cycle10-candidates] (+1.000000); COMBO-DIRECT-OSR2-CHIP-TURN-PAPER-EQ [combo-direct-4factor-paper-20260909-candidates] (+0.946460); OSR2-RET40-TURN-BIAS-PAPER-NOMCAP-EQ [osr2-ret40-turn-bias-paper-nomcap-cycle10-candidates] (+0.941491); OSR2-RET40-TURN-BIAS-PAPER-NOMCAP-EQ-2026-YTD [osr2-ret40-turn-bias-paper-nomcap-2026-ytd-candidates] (+0.941491); T10-ADD-BM-20260911 [t10-additions-20260911-candidates] (+0.867864); COMBO-DIRECT-OSR2-CHIP-TURN-SIZE-EQ [combo-direct-4factor-size-20260909-candidates] (+0.863652); COMBO-DIRECT-OSR2-CHIP-TURN-SIZE-EQ-2026YTD [combo-direct-4factor-size-2026-ytd-candidates] (+0.863652); T10-NOMCAP-PLUS-IMPACT [t10-nomcap-plus-impact-20260911-candidates] (+0.860999); OSR2-RET40-TURN-BIAS-EQ [osr2-ret40-turn-bias-composite-cycle10-candidates] (+0.860749); T10-SIZE-PLUS-WC-MCAP [t10-newdirections-20260911-candidates] (+0.839560); COMBO-DIRECT-OSR2-CHIP-TURN-EQ [combo-direct-3factor-20260909-candidates] (+0.829989); T10-SIZE-PLUS-IMPACT [t10-newdirections-20260911-candidates] (+0.824737); T10-ADD-FSCORE-20260911 [t10-more-additions-20260911-candidates] (+0.818097); T10-SIZE-PLUS-IMPACT-WC [t10-newdirections-20260911-candidates] (+0.807917); T10-ADD-DD120-20260911 [t10-additions-20260911-candidates] (+0.800711),"OSR2-RET40-TURN-BIAS-PAPER-EQ [osr2-ret40-turn-bias-paper-composite-cycle10-candidates] (net=11.64%, rho=+1.000000); COMBO-DIRECT-OSR2-CHIP-TURN-PAPER-EQ [combo-direct-4factor-paper-20260909-candidates] (net=12.77%, rho=+0.946460); OSR2-RET40-TURN-BIAS-PAPER-NOMCAP-EQ [osr2-ret40-turn-bias-paper-nomcap-cycle10-candidates] (net=5.22%, rho=+0.941491); OSR2-RET40-TURN-BIAS-PAPER-NOMCAP-EQ-2026-YTD [osr2-ret40-turn-bias-paper-nomcap-2026-ytd-candidates] (net=4.67%, rho=+0.941491); T10-ADD-BM-20260911 [t10-additions-20260911-candidates] (net=18.09%, rho=+0.867864); COMBO-DIRECT-OSR2-CHIP-TURN-SIZE-EQ [combo-direct-4factor-size-20260909-candidates] (net=16.38%, rho=+0.863652); COMBO-DIRECT-OSR2-CHIP-TURN-SIZE-EQ-2026YTD [combo-direct-4factor-size-2026-ytd-candidates] (net=10.73%, rho=+0.863652); T10-NOMCAP-PLUS-IMPACT [t10-nomcap-plus-impact-20260911-candidates] (net=14.23%, rho=+0.860999); OSR2-RET40-TURN-BIAS-EQ [osr2-ret40-turn-bias-composite-cycle10-candidates] (net=7.40%, rho=+0.860749); T10-SIZE-PLUS-WC-MCAP [t10-newdirections-20260911-candidates] (net=14.58%, rho=+0.839560); COMBO-DIRECT-OSR2-CHIP-TURN-EQ [combo-direct-3factor-20260909-candidates] (net=8.66%, rho=+0.829989); T10-SIZE-PLUS-IMPACT [t10-newdirections-20260911-candidates] (net=18.16%, rho=+0.824737); T10-ADD-FSCORE-20260911 [t10-more-additions-20260911-candidates] (net=17.48%, rho=+0.818097); T10-SIZE-PLUS-IMPACT-WC [t10-newdirections-20260911-candidates] (net=17.44%, rho=+0.807917); T10-ADD-DD120-20260911 [t10-additions-20260911-candidates] (net=16.83%, rho=+0.800711)",OSR2-RET40-TURN-BIAS-PAPER-EQ [osr2-ret40-turn-bias-paper-composite-cycle10-candidates] (+1.000000),1.0,1.0,15
osr2-ret40-turn-bias-paper-nomcap-cycle10-candidates.report:OSR2-RET40-TURN-BIAS-PAPER-NOMCAP-EQ,OSR2-RET40-TURN-BIAS-PAPER-NOMCAP-EQ,osr2-ret40-turn-bias-paper-nomcap-cycle10-candidates.report.csv,reversal_turn_paper_nomcap,"(RANK(1 - RETURNS(CLOSE,40)) + RANK(1 - MA(TURNOVER,21) / MA(TURNOVER,504)) + RANK(ZSCORE(RANK(book_to_market_ratio_lyr)) + ZSCORE(RANK(oper_roe_lyr)) - ZSCORE(RANK(gr_total_asset_lyr)))) / 3",1,1,6aa0c0435d52c44d2f55c0b9,6aa0c0433e7967143f8fabf6,10,0.1015,0.0531,0.3612,0.0001,0.95,11.12,38.99,5.895288,5.224711999999999,0.8338,24.0,60.0,,,0.8,6,OSR2-RET40-TURN-BIAS-PAPER-NOMCAP-EQ-2026-YTD [osr2-ret40-turn-bias-paper-nomcap-2026-ytd-candidates] (+1.000000); OSR2-RET40-TURN-BIAS-PAPER-EQ [osr2-ret40-turn-bias-paper-composite-cycle10-candidates] (+0.941491); OSR2-RET40-TURN-BIAS-PAPER-EQ-2026-YTD [osr2-ret40-turn-bias-paper-2026-ytd-candidates] (+0.941491); COMBO-DIRECT-OSR2-CHIP-TURN-PAPER-EQ [combo-direct-4factor-paper-20260909-candidates] (+0.897504); OSR2-RET40-TURN-BIAS-EQ [osr2-ret40-turn-bias-composite-cycle10-candidates] (+0.855185); COMBO-DIRECT-OSR2-CHIP-TURN-EQ [combo-direct-3factor-20260909-candidates] (+0.818818),"OSR2-RET40-TURN-BIAS-PAPER-NOMCAP-EQ-2026-YTD [osr2-ret40-turn-bias-paper-nomcap-2026-ytd-candidates] (net=4.67%, rho=+1.000000); OSR2-RET40-TURN-BIAS-PAPER-EQ [osr2-ret40-turn-bias-paper-composite-cycle10-candidates] (net=11.64%, rho=+0.941491); OSR2-RET40-TURN-BIAS-PAPER-EQ-2026-YTD [osr2-ret40-turn-bias-paper-2026-ytd-candidates] (net=7.70%, rho=+0.941491); COMBO-DIRECT-OSR2-CHIP-TURN-PAPER-EQ [combo-direct-4factor-paper-20260909-candidates] (net=12.77%, rho=+0.897504); OSR2-RET40-TURN-BIAS-EQ [osr2-ret40-turn-bias-composite-cycle10-candidates] (net=7.40%, rho=+0.855185); COMBO-DIRECT-OSR2-CHIP-TURN-EQ [combo-direct-3factor-20260909-candidates] (net=8.66%, rho=+0.818818)",OSR2-RET40-TURN-BIAS-PAPER-NOMCAP-EQ-2026-YTD [osr2-ret40-turn-bias-paper-nomcap-2026-ytd-candidates] (+1.000000),1.0,1.0,6
osr2-ret40-turn-bias-paper-nomcap-2026-ytd-candidates.report:OSR2-RET40-TURN-BIAS-PAPER-NOMCAP-EQ-2026-YTD,OSR2-RET40-TURN-BIAS-PAPER-NOMCAP-EQ-2026-YTD,osr2-ret40-turn-bias-paper-nomcap-2026-ytd-candidates.report.csv,reversal_turn_paper_nomcap,"(RANK(1 - RETURNS(CLOSE,40)) + RANK(1 - MA(TURNOVER,21) / MA(TURNOVER,504)) + RANK(ZSCORE(RANK(book_to_market_ratio_lyr)) + ZSCORE(RANK(oper_roe_lyr)) - ZSCORE(RANK(gr_total_asset_lyr)))) / 3",1,1,6aa0ca52a7f535324660b497,6aa0ca52a7f535324660b498,10,0.0682,0.0133,0.0622,0.807,0.34,11.07,42.31,6.397272000000001,4.672727999999999,0.4203,16.46,62.5,,,0.8,6,OSR2-RET40-TURN-BIAS-PAPER-NOMCAP-EQ [osr2-ret40-turn-bias-paper-nomcap-cycle10-candidates] (+1.000000); OSR2-RET40-TURN-BIAS-PAPER-EQ [osr2-ret40-turn-bias-paper-composite-cycle10-candidates] (+0.941491); OSR2-RET40-TURN-BIAS-PAPER-EQ-2026-YTD [osr2-ret40-turn-bias-paper-2026-ytd-candidates] (+0.941491); COMBO-DIRECT-OSR2-CHIP-TURN-PAPER-EQ [combo-direct-4factor-paper-20260909-candidates] (+0.897504); OSR2-RET40-TURN-BIAS-EQ [osr2-ret40-turn-bias-composite-cycle10-candidates] (+0.855185); COMBO-DIRECT-OSR2-CHIP-TURN-EQ [combo-direct-3factor-20260909-candidates] (+0.818818),"OSR2-RET40-TURN-BIAS-PAPER-NOMCAP-EQ [osr2-ret40-turn-bias-paper-nomcap-cycle10-candidates] (net=5.22%, rho=+1.000000); OSR2-RET40-TURN-BIAS-PAPER-EQ [osr2-ret40-turn-bias-paper-composite-cycle10-candidates] (net=11.64%, rho=+0.941491); OSR2-RET40-TURN-BIAS-PAPER-EQ-2026-YTD [osr2-ret40-turn-bias-paper-2026-ytd-candidates] (net=7.70%, rho=+0.941491); COMBO-DIRECT-OSR2-CHIP-TURN-PAPER-EQ [combo-direct-4factor-paper-20260909-candidates] (net=12.77%, rho=+0.897504); OSR2-RET40-TURN-BIAS-EQ [osr2-ret40-turn-bias-composite-cycle10-candidates] (net=7.40%, rho=+0.855185); COMBO-DIRECT-OSR2-CHIP-TURN-EQ [combo-direct-3factor-20260909-candidates] (net=8.66%, rho=+0.818818)",OSR2-RET40-TURN-BIAS-PAPER-NOMCAP-EQ [osr2-ret40-turn-bias-paper-nomcap-cycle10-candidates] (+1.000000),1.0,1.0,6
osr3-ret40-value-candidates.report:OSR3-RET40-BP-CFP,OSR3-RET40-BP-CFP,osr3-ret40-value-candidates.report.csv,reversal_bm_cfp,"(RANK(1 - RETURNS(CLOSE,40)) + RANK(ratio_bm_ttm) + RANK(ratio_cfp_ttm)) / 3",1,1,6a9f735ccffa1665a2100e03,6a9f735ccffa1665a2100e04,5,0.067,0.0319,0.2646,0.0001,0.91,10.12,21.69,6.559056,3.560943999999999,0.8024,31.14,61.67,,,0.8,5,OSR4-RET40-BP-CFP-VAL2 [osr4-ret40-value-refine-candidates] (+0.961428); OSR4-RET40-BP-CFP-SP [osr4-ret40-value-refine-candidates] (+0.906791); OSR4-RET40-BP-CFP-PCF [osr4-ret40-value-refine-candidates] (+0.879124); OSR3-RET40-BP-EQ [osr3-ret40-value-candidates] (+0.813702); OSR3-RET40-BP-MA63 [osr3-ret40-value-candidates] (+0.804805),"OSR4-RET40-BP-CFP-VAL2 [osr4-ret40-value-refine-candidates] (net=3.56%, rho=+0.961428); OSR4-RET40-BP-CFP-SP [osr4-ret40-value-refine-candidates] (net=2.88%, rho=+0.906791); OSR4-RET40-BP-CFP-PCF [osr4-ret40-value-refine-candidates] (net=2.67%, rho=+0.879124); OSR3-RET40-BP-EQ [osr3-ret40-value-candidates] (net=3.16%, rho=+0.813702); OSR3-RET40-BP-MA63 [osr3-ret40-value-candidates] (net=2.41%, rho=+0.804805)",OSR4-RET40-BP-CFP-VAL2 [osr4-ret40-value-refine-candidates] (+0.961428),0.9614277501278048,0.9614277501278048,5
osr3-ret40-value-candidates.report:OSR3-RET40-BP-EP-CFP,OSR3-RET40-BP-EP-CFP,osr3-ret40-value-candidates.report.csv,reversal_bm_ep_cfp,"(RANK(1 - RETURNS(CLOSE,40)) + RANK(ratio_bm_ttm) + RANK(ratio_ep_ttm) + RANK(ratio_cfp_ttm)) / 4",1,1,6a9f73b9a7f535324660b21c,6a9f73ba6df2a192a47e755c,5,0.0605,0.0237,0.1833,0.0048,0.82,5.3,17.07,5.161968,0.13803199999999993,0.6873,25.28,58.33,,,0.8,0,,,OSR3-RET40-BP-VAL2 [osr3-ret40-value-candidates] (+0.780427),0.7804267654297495,0.7804267654297495,1
osr3-ret40-value-candidates.report:OSR3-RET40-BP-EQ,OSR3-RET40-BP-EQ,osr3-ret40-value-candidates.report.csv,reversal_bm_eq,"(RANK(1 - RETURNS(CLOSE,40)) + RANK(ratio_bm_ttm)) / 2",1,1,6a9f71b551cdfe29b2e0b49c,6a9f71b56df2a192a47e7551,5,0.0844,0.0415,0.282,0.0,0.94,12.06,29.43,8.899632,3.160368,0.8247,34.26,60.0,,,0.8,7,OSR3-RET40-BP-MA63 [osr3-ret40-value-candidates] (+0.994014); OSR3-RET40-BP-VAL2 [osr3-ret40-value-candidates] (+0.944494); OSR3-RET40-BP-REV2 [osr3-ret40-value-candidates] (+0.940773); OSR3-RET40-BP-INTERACT [osr3-ret40-value-candidates] (+0.890951); OSR4-RET40-BP-CFP-REV2 [osr4-ret40-value-refine-candidates] (+0.880339); OSR4-RET40-BP-CFP-REV3 [osr4-ret40-value-refine-candidates] (+0.866102); OSR3-RET40-BP-CFP [osr3-ret40-value-candidates] (+0.813702),"OSR3-RET40-BP-MA63 [osr3-ret40-value-candidates] (net=2.41%, rho=+0.994014); OSR3-RET40-BP-VAL2 [osr3-ret40-value-candidates] (net=3.17%, rho=+0.944494); OSR3-RET40-BP-REV2 [osr3-ret40-value-candidates] (net=2.48%, rho=+0.940773); OSR3-RET40-BP-INTERACT [osr3-ret40-value-candidates] (net=2.73%, rho=+0.890951); OSR4-RET40-BP-CFP-REV2 [osr4-ret40-value-refine-candidates] (net=2.37%, rho=+0.880339); OSR4-RET40-BP-CFP-REV3 [osr4-ret40-value-refine-candidates] (net=1.63%, rho=+0.866102); OSR3-RET40-BP-CFP [osr3-ret40-value-candidates] (net=3.56%, rho=+0.813702)",OSR3-RET40-BP-MA63 [osr3-ret40-value-candidates] (+0.994014),0.9940141968325672,0.9940141968325672,7
osr3-ret40-value-candidates.report:OSR3-RET40-BP-INTERACT,OSR3-RET40-BP-INTERACT,osr3-ret40-value-candidates.report.csv,reversal_bm_interact,"RANK(1 - RETURNS(CLOSE,40)) * (0.5 + 0.5 * RANK(ratio_bm_ttm))",1,1,6a9f75703e7967143f8faa67,6a9f7571a7f535324660b21f,5,0.0848,0.0417,0.2928,0.0,0.9,13.18,34.57,10.453968,2.726032,0.8193,37.23,60.0,,,0.8,9,OSR3-RET40-BP-REV2 [osr3-ret40-value-candidates] (+0.985756); OSR4-RET40-BP-CFP-REV3 [osr4-ret40-value-refine-candidates] (+0.947385); OSR2-RET40 [oversold-rebound-recovery-candidates] (+0.942864); OSR2-RET40 [positive-cycle10-candidates] (+0.942864); OSR4-RET40-BP-CFP-REV2 [osr4-ret40-value-refine-candidates] (+0.892870); OSR3-RET40-BP-EQ [osr3-ret40-value-candidates] (+0.890951); COMBO-DIRECT-OSR2-CHIP-EQ [combo-direct-20260909-candidates] (+0.860170); OSR3-RET40-BP-MA63 [osr3-ret40-value-candidates] (+0.859809); OSR3-RET40-BP-TSRANK756 [osr3-ret40-value-candidates] (+0.837724),"OSR3-RET40-BP-REV2 [osr3-ret40-value-candidates] (net=2.48%, rho=+0.985756); OSR4-RET40-BP-CFP-REV3 [osr4-ret40-value-refine-candidates] (net=1.63%, rho=+0.947385); OSR2-RET40 [oversold-rebound-recovery-candidates] (net=1.03%, rho=+0.942864); OSR2-RET40 [positive-cycle10-candidates] (net=5.03%, rho=+0.942864); OSR4-RET40-BP-CFP-REV2 [osr4-ret40-value-refine-candidates] (net=2.37%, rho=+0.892870); OSR3-RET40-BP-EQ [osr3-ret40-value-candidates] (net=3.16%, rho=+0.890951); COMBO-DIRECT-OSR2-CHIP-EQ [combo-direct-20260909-candidates] (net=7.88%, rho=+0.860170); OSR3-RET40-BP-MA63 [osr3-ret40-value-candidates] (net=2.41%, rho=+0.859809); OSR3-RET40-BP-TSRANK756 [osr3-ret40-value-candidates] (net=1.64%, rho=+0.837724)",OSR3-RET40-BP-REV2 [osr3-ret40-value-candidates] (+0.985756),0.9857560176145608,0.9857560176145608,9
osr3-ret40-value-candidates.report:OSR3-RET40-BP-MA63,OSR3-RET40-BP-MA63,osr3-ret40-value-candidates.report.csv,reversal_bm_ma63,"(RANK(1 - RETURNS(CLOSE,40)) + RANK(MA(ratio_bm_ttm,63))) / 2",1,1,6a9f74c7cffa1665a2100e07,6a9f74c7cffa1665a2100e08,5,0.0793,0.0374,0.2707,0.0,0.95,11.09,28.7,8.67888,2.4111200000000004,0.7931,33.04,60.0,,,0.8,8,OSR3-RET40-BP-EQ [osr3-ret40-value-candidates] (+0.994014); OSR3-RET40-BP-VAL2 [osr3-ret40-value-candidates] (+0.956769); OSR3-RET40-BP-REV2 [osr3-ret40-value-candidates] (+0.917731); OSR4-RET40-BP-CFP-REV2 [osr4-ret40-value-refine-candidates] (+0.861697); OSR3-RET40-BP-INTERACT [osr3-ret40-value-candidates] (+0.859809); OSR4-RET40-BP-CFP-REV3 [osr4-ret40-value-refine-candidates] (+0.839674); OSR3-RET40-BP-CFP [osr3-ret40-value-candidates] (+0.804805); OSR4-RET40-BP-CFP-SP [osr4-ret40-value-refine-candidates] (+0.800315),"OSR3-RET40-BP-EQ [osr3-ret40-value-candidates] (net=3.16%, rho=+0.994014); OSR3-RET40-BP-VAL2 [osr3-ret40-value-candidates] (net=3.17%, rho=+0.956769); OSR3-RET40-BP-REV2 [osr3-ret40-value-candidates] (net=2.48%, rho=+0.917731); OSR4-RET40-BP-CFP-REV2 [osr4-ret40-value-refine-candidates] (net=2.37%, rho=+0.861697); OSR3-RET40-BP-INTERACT [osr3-ret40-value-candidates] (net=2.73%, rho=+0.859809); OSR4-RET40-BP-CFP-REV3 [osr4-ret40-value-refine-candidates] (net=1.63%, rho=+0.839674); OSR3-RET40-BP-CFP [osr3-ret40-value-candidates] (net=3.56%, rho=+0.804805); OSR4-RET40-BP-CFP-SP [osr4-ret40-value-refine-candidates] (net=2.88%, rho=+0.800315)",OSR3-RET40-BP-EQ [osr3-ret40-value-candidates] (+0.994014),0.9940141968325672,0.9940141968325672,8
osr3-ret40-value-candidates.report:OSR3-RET40-BP-REV2,OSR3-RET40-BP-REV2,osr3-ret40-value-candidates.report.csv,reversal_bm_rev2,"(2 * RANK(1 - RETURNS(CLOSE,40)) + RANK(ratio_bm_ttm)) / 3",1,1,6a9f7209a7f535324660b21b,6a9f720a0f6165ec8f7f349a,5,0.0843,0.0435,0.2973,0.0,0.93,12.98,34.73,10.502351999999998,2.477648000000002,0.8131,37.08,60.0,,,0.8,9,OSR3-RET40-BP-INTERACT [osr3-ret40-value-candidates] (+0.985756); OSR4-RET40-BP-CFP-REV3 [osr4-ret40-value-refine-candidates] (+0.952036); OSR3-RET40-BP-EQ [osr3-ret40-value-candidates] (+0.940773); OSR3-RET40-BP-MA63 [osr3-ret40-value-candidates] (+0.917731); OSR4-RET40-BP-CFP-REV2 [osr4-ret40-value-refine-candidates] (+0.914059); OSR2-RET40 [oversold-rebound-recovery-candidates] (+0.907752); OSR2-RET40 [positive-cycle10-candidates] (+0.907752); COMBO-DIRECT-OSR2-CHIP-EQ [combo-direct-20260909-candidates] (+0.828925); OSR3-RET40-BP-TSRANK756 [osr3-ret40-value-candidates] (+0.820810),"OSR3-RET40-BP-INTERACT [osr3-ret40-value-candidates] (net=2.73%, rho=+0.985756); OSR4-RET40-BP-CFP-REV3 [osr4-ret40-value-refine-candidates] (net=1.63%, rho=+0.952036); OSR3-RET40-BP-EQ [osr3-ret40-value-candidates] (net=3.16%, rho=+0.940773); OSR3-RET40-BP-MA63 [osr3-ret40-value-candidates] (net=2.41%, rho=+0.917731); OSR4-RET40-BP-CFP-REV2 [osr4-ret40-value-refine-candidates] (net=2.37%, rho=+0.914059); OSR2-RET40 [oversold-rebound-recovery-candidates] (net=1.03%, rho=+0.907752); OSR2-RET40 [positive-cycle10-candidates] (net=5.03%, rho=+0.907752); COMBO-DIRECT-OSR2-CHIP-EQ [combo-direct-20260909-candidates] (net=7.88%, rho=+0.828925); OSR3-RET40-BP-TSRANK756 [osr3-ret40-value-candidates] (net=1.64%, rho=+0.820810)",OSR3-RET40-BP-INTERACT [osr3-ret40-value-candidates] (+0.985756),0.9857560176145608,0.9857560176145608,9
osr3-ret40-value-candidates.report:OSR3-RET40-BP-TSRANK756,OSR3-RET40-BP-TSRANK756,osr3-ret40-value-candidates.report.csv,reversal_bm_tsrank756,"(RANK(1 - RETURNS(CLOSE,40)) + RANK(TS_RANK(ratio_bm_ttm,756))) / 2",1,1,6a9f751c51cdfe29b2e0b49e,6a9f751c51cdfe29b2e0b49f,5,0.0715,0.036,0.2558,0.0001,0.86,12.26,35.11,10.617264,1.6427359999999993,0.742,40.2,60.0,,,0.8,6,OSR4-RET40-BP-CFP-TSRANK756 [osr4-ret40-value-refine-candidates] (+0.869653); COMBO-DIRECT-OSR2-CHIP-EQ [combo-direct-20260909-candidates] (+0.842487); OSR3-RET40-BP-INTERACT [osr3-ret40-value-candidates] (+0.837724); OSR3-RET40-BP-REV2 [osr3-ret40-value-candidates] (+0.820810); OSR2-RET40 [oversold-rebound-recovery-candidates] (+0.812266); OSR2-RET40 [positive-cycle10-candidates] (+0.812266),"OSR4-RET40-BP-CFP-TSRANK756 [osr4-ret40-value-refine-candidates] (net=2.46%, rho=+0.869653); COMBO-DIRECT-OSR2-CHIP-EQ [combo-direct-20260909-candidates] (net=7.88%, rho=+0.842487); OSR3-RET40-BP-INTERACT [osr3-ret40-value-candidates] (net=2.73%, rho=+0.837724); OSR3-RET40-BP-REV2 [osr3-ret40-value-candidates] (net=2.48%, rho=+0.820810); OSR2-RET40 [oversold-rebound-recovery-candidates] (net=1.03%, rho=+0.812266); OSR2-RET40 [positive-cycle10-candidates] (net=5.03%, rho=+0.812266)",OSR4-RET40-BP-CFP-TSRANK756 [osr4-ret40-value-refine-candidates] (+0.869653),0.8696532759744203,0.8696532759744203,6
osr3-ret40-value-candidates.report:OSR3-RET40-BP-VAL2,OSR3-RET40-BP-VAL2,osr3-ret40-value-candidates.report.csv,reversal_bm_val2,"(RANK(1 - RETURNS(CLOSE,40)) + 2 * RANK(ratio_bm_ttm)) / 3",1,1,6a9f725e5d52c44d2f55bf62,6a9f725e5d52c44d2f55bf63,5,0.076,0.0358,0.2408,0.0002,0.9,10.02,22.66,6.852384,3.1676159999999998,0.798,30.46,60.0,,,0.8,4,OSR3-RET40-BP-MA63 [osr3-ret40-value-candidates] (+0.956769); OSR3-RET40-BP-EQ [osr3-ret40-value-candidates] (+0.944494); HT13-VALUE-BP [huatai-series13-candidates] (+0.907927); OSR4-RET40-BP-CFP-SP [osr4-ret40-value-refine-candidates] (+0.813557),"OSR3-RET40-BP-MA63 [osr3-ret40-value-candidates] (net=2.41%, rho=+0.956769); OSR3-RET40-BP-EQ [osr3-ret40-value-candidates] (net=3.16%, rho=+0.944494); HT13-VALUE-BP [huatai-series13-candidates] (net=2.10%, rho=+0.907927); OSR4-RET40-BP-CFP-SP [osr4-ret40-value-refine-candidates] (net=2.88%, rho=+0.813557)",OSR3-RET40-BP-MA63 [osr3-ret40-value-candidates] (+0.956769),0.9567686087649627,0.9567686087649627,4
osr4-ret40-value-refine-candidates.report:OSR4-RET40-BP-CFP-MA63,OSR4-RET40-BP-CFP-MA63,osr4-ret40-value-refine-candidates.report.csv,reversal_bm_cfp_ma63,"(RANK(1 - RETURNS(CLOSE,40)) + RANK(MA(ratio_bm_ttm,63)) + RANK(MA(ratio_cfp_ttm,63))) / 3",1,1,6a9f786e5d52c44d2f55bf6b,6a9f786e51cdfe29b2e0b4af,5,0.064,0.0288,0.2538,0.0001,0.9,8.58,19.81,5.990544,2.589456,0.7437,31.55,61.67,,,0.8,1,OSR4-RET40-BP-CFP-VAL3 [osr4-ret40-value-refine-candidates] (+0.864713),"OSR4-RET40-BP-CFP-VAL3 [osr4-ret40-value-refine-candidates] (net=3.31%, rho=+0.864713)",OSR4-RET40-BP-CFP-VAL3 [osr4-ret40-value-refine-candidates] (+0.864713),0.864712867124092,0.864712867124092,1
osr4-ret40-value-refine-candidates.report:OSR4-RET40-BP-CFP-PCF,OSR4-RET40-BP-CFP-PCF,osr4-ret40-value-refine-candidates.report.csv,reversal_bm_cfp_pcf,"(RANK(1 - RETURNS(CLOSE,40)) + RANK(ratio_bm_ttm) + RANK(ratio_cfp_ttm) + 1 - RANK(ratio_pcf_ocf_ttm)) / 4",1,1,6a9f797aa7f535324660b238,6a9f797ba7f535324660b239,5,0.06,0.0281,0.2335,0.0004,0.91,8.39,18.92,5.721408,2.6685920000000003,0.7493,30.77,61.67,,,0.8,3,OSR3-RET40-BP-CFP [osr3-ret40-value-candidates] (+0.879124); OSR4-RET40-BP-CFP-VAL2 [osr4-ret40-value-refine-candidates] (+0.856506); OSR4-RET40-BP-CFP-SP [osr4-ret40-value-refine-candidates] (+0.848855),"OSR3-RET40-BP-CFP [osr3-ret40-value-candidates] (net=3.56%, rho=+0.879124); OSR4-RET40-BP-CFP-VAL2 [osr4-ret40-value-refine-candidates] (net=3.56%, rho=+0.856506); OSR4-RET40-BP-CFP-SP [osr4-ret40-value-refine-candidates] (net=2.88%, rho=+0.848855)",OSR3-RET40-BP-CFP [osr3-ret40-value-candidates] (+0.879124),0.8791241551696015,0.8791241551696015,3
osr4-ret40-value-refine-candidates.report:OSR4-RET40-BP-CFP-REV2,OSR4-RET40-BP-CFP-REV2,osr4-ret40-value-refine-candidates.report.csv,reversal_bm_cfp_rev2,"(2 * RANK(1 - RETURNS(CLOSE,40)) + RANK(ratio_bm_ttm) + RANK(ratio_cfp_ttm)) / 4",1,1,6a9f771bcffa1665a2100e10,6a9f771ca7f535324660b221,5,0.0758,0.0382,0.2881,0.0,0.93,11.5,30.2,9.13248,2.3675200000000007,0.7929,35.17,60.0,,,0.8,7,OSR4-RET40-BP-CFP-REV3 [osr4-ret40-value-refine-candidates] (+0.981831); OSR3-RET40-BP-REV2 [osr3-ret40-value-candidates] (+0.914059); OSR3-RET40-BP-INTERACT [osr3-ret40-value-candidates] (+0.892870); OSR3-RET40-BP-EQ [osr3-ret40-value-candidates] (+0.880339); OSR3-RET40-BP-MA63 [osr3-ret40-value-candidates] (+0.861697); OSR2-RET40 [oversold-rebound-recovery-candidates] (+0.809362); OSR2-RET40 [positive-cycle10-candidates] (+0.809362),"OSR4-RET40-BP-CFP-REV3 [osr4-ret40-value-refine-candidates] (net=1.63%, rho=+0.981831); OSR3-RET40-BP-REV2 [osr3-ret40-value-candidates] (net=2.48%, rho=+0.914059); OSR3-RET40-BP-INTERACT [osr3-ret40-value-candidates] (net=2.73%, rho=+0.892870); OSR3-RET40-BP-EQ [osr3-ret40-value-candidates] (net=3.16%, rho=+0.880339); OSR3-RET40-BP-MA63 [osr3-ret40-value-candidates] (net=2.41%, rho=+0.861697); OSR2-RET40 [oversold-rebound-recovery-candidates] (net=1.03%, rho=+0.809362); OSR2-RET40 [positive-cycle10-candidates] (net=5.03%, rho=+0.809362)",OSR4-RET40-BP-CFP-REV3 [osr4-ret40-value-refine-candidates] (+0.981831),0.981830706957961,0.981830706957961,7
osr4-ret40-value-refine-candidates.report:OSR4-RET40-BP-CFP-REV3,OSR4-RET40-BP-CFP-REV3,osr4-ret40-value-refine-candidates.report.csv,reversal_bm_cfp_rev3,"(3 * RANK(1 - RETURNS(CLOSE,40)) + RANK(ratio_bm_ttm) + RANK(ratio_cfp_ttm)) / 5",1,1,6a9f776ccffa1665a2100e11,6a9f776ca7f535324660b223,5,0.0773,0.04,0.2896,0.0,0.92,12.01,34.31,10.375344,1.6346559999999997,0.7788,36.68,60.0,,,0.8,8,OSR4-RET40-BP-CFP-REV2 [osr4-ret40-value-refine-candidates] (+0.981831); OSR3-RET40-BP-REV2 [osr3-ret40-value-candidates] (+0.952036); OSR3-RET40-BP-INTERACT [osr3-ret40-value-candidates] (+0.947385); OSR2-RET40 [oversold-rebound-recovery-candidates] (+0.903276); OSR2-RET40 [positive-cycle10-candidates] (+0.903276); OSR3-RET40-BP-EQ [osr3-ret40-value-candidates] (+0.866102); OSR3-RET40-BP-MA63 [osr3-ret40-value-candidates] (+0.839674); COMBO-DIRECT-OSR2-CHIP-EQ [combo-direct-20260909-candidates] (+0.808653),"OSR4-RET40-BP-CFP-REV2 [osr4-ret40-value-refine-candidates] (net=2.37%, rho=+0.981831); OSR3-RET40-BP-REV2 [osr3-ret40-value-candidates] (net=2.48%, rho=+0.952036); OSR3-RET40-BP-INTERACT [osr3-ret40-value-candidates] (net=2.73%, rho=+0.947385); OSR2-RET40 [oversold-rebound-recovery-candidates] (net=1.03%, rho=+0.903276); OSR2-RET40 [positive-cycle10-candidates] (net=5.03%, rho=+0.903276); OSR3-RET40-BP-EQ [osr3-ret40-value-candidates] (net=3.16%, rho=+0.866102); OSR3-RET40-BP-MA63 [osr3-ret40-value-candidates] (net=2.41%, rho=+0.839674); COMBO-DIRECT-OSR2-CHIP-EQ [combo-direct-20260909-candidates] (net=7.88%, rho=+0.808653)",OSR4-RET40-BP-CFP-REV2 [osr4-ret40-value-refine-candidates] (+0.981831),0.981830706957961,0.981830706957961,8
osr4-ret40-value-refine-candidates.report:OSR4-RET40-BP-CFP-SP,OSR4-RET40-BP-CFP-SP,osr4-ret40-value-refine-candidates.report.csv,reversal_bm_cfp_sp,"(RANK(1 - RETURNS(CLOSE,40)) + RANK(ratio_bm_ttm) + RANK(ratio_cfp_ttm) + RANK(ratio_sp_ttm)) / 4",1,1,6a9f7922cffa1665a2100e1a,6a9f7922cffa1665a2100e1b,5,0.064,0.0297,0.2193,0.0008,0.88,8.32,18.0,5.4432,2.8768000000000002,0.7667,29.19,58.33,,,0.8,5,OSR3-RET40-BP-CFP [osr3-ret40-value-candidates] (+0.906791); OSR4-RET40-BP-CFP-VAL2 [osr4-ret40-value-refine-candidates] (+0.903931); OSR4-RET40-BP-CFP-PCF [osr4-ret40-value-refine-candidates] (+0.848855); OSR3-RET40-BP-VAL2 [osr3-ret40-value-candidates] (+0.813557); OSR3-RET40-BP-MA63 [osr3-ret40-value-candidates] (+0.800315),"OSR3-RET40-BP-CFP [osr3-ret40-value-candidates] (net=3.56%, rho=+0.906791); OSR4-RET40-BP-CFP-VAL2 [osr4-ret40-value-refine-candidates] (net=3.56%, rho=+0.903931); OSR4-RET40-BP-CFP-PCF [osr4-ret40-value-refine-candidates] (net=2.67%, rho=+0.848855); OSR3-RET40-BP-VAL2 [osr3-ret40-value-candidates] (net=3.17%, rho=+0.813557); OSR3-RET40-BP-MA63 [osr3-ret40-value-candidates] (net=2.41%, rho=+0.800315)",OSR3-RET40-BP-CFP [osr3-ret40-value-candidates] (+0.906791),0.90679069354184,0.90679069354184,5
osr4-ret40-value-refine-candidates.report:OSR4-RET40-BP-CFP-TSRANK756,OSR4-RET40-BP-CFP-TSRANK756,osr4-ret40-value-refine-candidates.report.csv,reversal_bm_cfp_tsrank756,"(RANK(1 - RETURNS(CLOSE,40)) + RANK(TS_RANK(ratio_bm_ttm,756)) + RANK(TS_RANK(ratio_cfp_ttm,756))) / 3",1,1,6a9f78c7a7f535324660b22c,6a9f78c7ecb163ea7228cb78,5,0.0652,0.0339,0.2587,0.0001,0.87,12.38,32.8,9.918719999999999,2.461280000000002,0.7688,40.2,61.67,,,0.8,1,OSR3-RET40-BP-TSRANK756 [osr3-ret40-value-candidates] (+0.869653),"OSR3-RET40-BP-TSRANK756 [osr3-ret40-value-candidates] (net=1.64%, rho=+0.869653)",OSR3-RET40-BP-TSRANK756 [osr3-ret40-value-candidates] (+0.869653),0.8696532759744203,0.8696532759744203,1
osr4-ret40-value-refine-candidates.report:OSR4-RET40-BP-CFP-VAL2,OSR4-RET40-BP-CFP-VAL2,osr4-ret40-value-refine-candidates.report.csv,reversal_bm_cfp_val2,"(RANK(1 - RETURNS(CLOSE,40)) + 2 * RANK(ratio_bm_ttm) + 2 * RANK(ratio_cfp_ttm)) / 5",1,1,6a9f77be0f6165ec8f7f34a1,6a9f77bf0f6165ec8f7f34a2,5,0.055,0.0245,0.2198,0.0008,0.89,7.88,14.29,4.321295999999999,3.5587040000000005,0.7585,27.7,63.33,,,0.8,3,OSR3-RET40-BP-CFP [osr3-ret40-value-candidates] (+0.961428); OSR4-RET40-BP-CFP-SP [osr4-ret40-value-refine-candidates] (+0.903931); OSR4-RET40-BP-CFP-PCF [osr4-ret40-value-refine-candidates] (+0.856506),"OSR3-RET40-BP-CFP [osr3-ret40-value-candidates] (net=3.56%, rho=+0.961428); OSR4-RET40-BP-CFP-SP [osr4-ret40-value-refine-candidates] (net=2.88%, rho=+0.903931); OSR4-RET40-BP-CFP-PCF [osr4-ret40-value-refine-candidates] (net=2.67%, rho=+0.856506)",OSR3-RET40-BP-CFP [osr3-ret40-value-candidates] (+0.961428),0.9614277501278048,0.9614277501278048,3
osr4-ret40-value-refine-candidates.report:OSR4-RET40-BP-CFP-VAL3,OSR4-RET40-BP-CFP-VAL3,osr4-ret40-value-refine-candidates.report.csv,reversal_bm_cfp_val3,"(RANK(1 - RETURNS(CLOSE,40)) + 3 * RANK(ratio_bm_ttm) + 3 * RANK(ratio_cfp_ttm)) / 7",1,1,6a9f78153e7967143f8faa6a,6a9f78165d52c44d2f55bf65,5,0.0493,0.0212,0.195,0.0027,0.88,6.8,11.55,3.49272,3.30728,0.7251,26.67,63.33,,,0.8,1,OSR4-RET40-BP-CFP-MA63 [osr4-ret40-value-refine-candidates] (+0.864713),"OSR4-RET40-BP-CFP-MA63 [osr4-ret40-value-refine-candidates] (net=2.59%, rho=+0.864713)",OSR4-RET40-BP-CFP-MA63 [osr4-ret40-value-refine-candidates] (+0.864713),0.864712867124092,0.864712867124092,1
size-only-20260911-candidates.report:SIZE-ONLY-20260911,SIZE-ONLY-20260911,size-only-20260911-candidates.report.csv,size_only,RANK(MARKET_CAP),0,0,6aa3b8573e7967143f8faf29,6aa3b8576df2a192a47e7cfe,10,-0.0558,-0.0475,-0.2789,0.0028,0.93,22.72,8.51,1.286712,21.433287999999997,0.9965,36.67,63.33,,,0.8,2,VERIFY-G260910-13 [verify-field-scan-20260910-candidates] (-0.805576); VERIFY10-G260910-13 [verify-field-scan-cycle10-20260910-candidates] (-0.805576),"VERIFY-G260910-13 [verify-field-scan-20260910-candidates] (net=14.70%, rho=-0.805576); VERIFY10-G260910-13 [verify-field-scan-cycle10-20260910-candidates] (net=13.94%, rho=-0.805576)",VERIFY-G260910-13 [verify-field-scan-20260910-candidates] (-0.805576),-0.8055761556037307,0.8055761556037307,2
t10-more-additions-20260911-candidates.report:T10-ADD-AGG-IMPACT-20260911,T10-ADD-AGG-IMPACT-20260911,t10-more-additions-20260911-candidates.report.csv,t10_size_plus_impact_aggregate,"(RANK(1-RETURNS(CLOSE,40)) + RANK((SUM(VOLUME*(OPEN+CLOSE)/2,250)/SUM(VOLUME,250))/CLOSE-1) + RANK(1-MA(TURNOVER,21)/MA(TURNOVER,504)) + RANK(-ZSCORE(RANK(MARKET_CAP))) + RANK(SUM((HIGH-LOW)/(DELAY(CLOSE,1)+0.000001),60)/(SUM(AMOUNT,60)+1)) + RANK(SUM(ABS(CLOSE / DELAY(CLOSE,1) - 1),60) / (SUM(AMOUNT,60) + 1))) / 6",1,1,6aa3ca136df2a192a47e7d33,6aa3ca1451cdfe29b2e0bce4,10,0.1057,0.0698,0.4379,0.0,1.0,23.78,26.59,4.020408000000001,19.759592,1.0788,29.91,61.67,,,0.8,11,T10-ADD-DOWNSIDE-IMPACT-20260911 [t10-more-additions-20260911-candidates] (+0.999403); T10-ADD-G13-20260911 [t10-additions-20260911-candidates] (+0.998728); T10-SIZE-PLUS-IMPACT [t10-newdirections-20260911-candidates] (+0.978563); T10-SIZE-PLUS-IMPACT-WC [t10-newdirections-20260911-candidates] (+0.939331); T10-ADD-BM-20260911 [t10-additions-20260911-candidates] (+0.936370); T10-ADD-FSCORE-20260911 [t10-more-additions-20260911-candidates] (+0.929318); T10-ADD-DD120-20260911 [t10-additions-20260911-candidates] (+0.922019); T10-NOMCAP-PLUS-IMPACT [t10-nomcap-plus-impact-20260911-candidates] (+0.892009); COMBO-DIRECT-OSR2-CHIP-TURN-SIZE-EQ [combo-direct-4factor-size-20260909-candidates] (+0.875798); COMBO-DIRECT-OSR2-CHIP-TURN-SIZE-EQ-2026YTD [combo-direct-4factor-size-2026-ytd-candidates] (+0.875798); T10-SIZE-PLUS-WC-MCAP [t10-newdirections-20260911-candidates] (+0.835382),"T10-ADD-DOWNSIDE-IMPACT-20260911 [t10-more-additions-20260911-candidates] (net=19.39%, rho=+0.999403); T10-ADD-G13-20260911 [t10-additions-20260911-candidates] (net=19.62%, rho=+0.998728); T10-SIZE-PLUS-IMPACT [t10-newdirections-20260911-candidates] (net=18.16%, rho=+0.978563); T10-SIZE-PLUS-IMPACT-WC [t10-newdirections-20260911-candidates] (net=17.44%, rho=+0.939331); T10-ADD-BM-20260911 [t10-additions-20260911-candidates] (net=18.09%, rho=+0.936370); T10-ADD-FSCORE-20260911 [t10-more-additions-20260911-candidates] (net=17.48%, rho=+0.929318); T10-ADD-DD120-20260911 [t10-additions-20260911-candidates] (net=16.83%, rho=+0.922019); T10-NOMCAP-PLUS-IMPACT [t10-nomcap-plus-impact-20260911-candidates] (net=14.23%, rho=+0.892009); COMBO-DIRECT-OSR2-CHIP-TURN-SIZE-EQ [combo-direct-4factor-size-20260909-candidates] (net=16.38%, rho=+0.875798); COMBO-DIRECT-OSR2-CHIP-TURN-SIZE-EQ-2026YTD [combo-direct-4factor-size-2026-ytd-candidates] (net=10.73%, rho=+0.875798); T10-SIZE-PLUS-WC-MCAP [t10-newdirections-20260911-candidates] (net=14.58%, rho=+0.835382)",T10-ADD-DOWNSIDE-IMPACT-20260911 [t10-more-additions-20260911-candidates] (+0.999403),0.9994033584758258,0.9994033584758258,11
t10-additions-20260911-candidates.report:T10-ADD-BM-20260911,T10-ADD-BM-20260911,t10-additions-20260911-candidates.report.csv,t10_size_plus_impact_bm,"(RANK(1-RETURNS(CLOSE,40)) + RANK((SUM(VOLUME*(OPEN+CLOSE)/2,250)/SUM(VOLUME,250))/CLOSE-1) + RANK(1-MA(TURNOVER,21)/MA(TURNOVER,504)) + RANK(-ZSCORE(RANK(MARKET_CAP))) + RANK(SUM((HIGH-LOW)/(DELAY(CLOSE,1)+0.000001),60)/(SUM(AMOUNT,60)+1)) + RANK(book_to_market_ratio_lf)) / 6",1,1,6aa3c6d1a7f535324660ba70,6aa3c6d25d52c44d2f55c45b,10,0.1192,0.0739,0.4465,0.0,1.0,22.53,29.35,4.43772,18.092280000000002,1.0813,27.72,63.33,,,0.8,14,T10-SIZE-PLUS-IMPACT [t10-newdirections-20260911-candidates] (+0.956581); T10-ADD-DOWNSIDE-IMPACT-20260911 [t10-more-additions-20260911-candidates] (+0.940802); T10-ADD-AGG-IMPACT-20260911 [t10-more-additions-20260911-candidates] (+0.936370); T10-ADD-G13-20260911 [t10-additions-20260911-candidates] (+0.933128); T10-SIZE-PLUS-IMPACT-WC [t10-newdirections-20260911-candidates] (+0.929950); T10-ADD-FSCORE-20260911 [t10-more-additions-20260911-candidates] (+0.919977); T10-NOMCAP-PLUS-IMPACT [t10-nomcap-plus-impact-20260911-candidates] (+0.917579); COMBO-DIRECT-OSR2-CHIP-TURN-SIZE-EQ [combo-direct-4factor-size-20260909-candidates] (+0.913453); COMBO-DIRECT-OSR2-CHIP-TURN-SIZE-EQ-2026YTD [combo-direct-4factor-size-2026-ytd-candidates] (+0.913453); T10-ADD-DD120-20260911 [t10-additions-20260911-candidates] (+0.913030); COMBO-DIRECT-OSR2-CHIP-TURN-PAPER-EQ [combo-direct-4factor-paper-20260909-candidates] (+0.895247); T10-SIZE-PLUS-WC-MCAP [t10-newdirections-20260911-candidates] (+0.883441); OSR2-RET40-TURN-BIAS-PAPER-EQ [osr2-ret40-turn-bias-paper-composite-cycle10-candidates] (+0.867864); OSR2-RET40-TURN-BIAS-PAPER-EQ-2026-YTD [osr2-ret40-turn-bias-paper-2026-ytd-candidates] (+0.867864),"T10-SIZE-PLUS-IMPACT [t10-newdirections-20260911-candidates] (net=18.16%, rho=+0.956581); T10-ADD-DOWNSIDE-IMPACT-20260911 [t10-more-additions-20260911-candidates] (net=19.39%, rho=+0.940802); T10-ADD-AGG-IMPACT-20260911 [t10-more-additions-20260911-candidates] (net=19.76%, rho=+0.936370); T10-ADD-G13-20260911 [t10-additions-20260911-candidates] (net=19.62%, rho=+0.933128); T10-SIZE-PLUS-IMPACT-WC [t10-newdirections-20260911-candidates] (net=17.44%, rho=+0.929950); T10-ADD-FSCORE-20260911 [t10-more-additions-20260911-candidates] (net=17.48%, rho=+0.919977); T10-NOMCAP-PLUS-IMPACT [t10-nomcap-plus-impact-20260911-candidates] (net=14.23%, rho=+0.917579); COMBO-DIRECT-OSR2-CHIP-TURN-SIZE-EQ [combo-direct-4factor-size-20260909-candidates] (net=16.38%, rho=+0.913453); COMBO-DIRECT-OSR2-CHIP-TURN-SIZE-EQ-2026YTD [combo-direct-4factor-size-2026-ytd-candidates] (net=10.73%, rho=+0.913453); T10-ADD-DD120-20260911 [t10-additions-20260911-candidates] (net=16.83%, rho=+0.913030); COMBO-DIRECT-OSR2-CHIP-TURN-PAPER-EQ [combo-direct-4factor-paper-20260909-candidates] (net=12.77%, rho=+0.895247); T10-SIZE-PLUS-WC-MCAP [t10-newdirections-20260911-candidates] (net=14.58%, rho=+0.883441); OSR2-RET40-TURN-BIAS-PAPER-EQ [osr2-ret40-turn-bias-paper-composite-cycle10-candidates] (net=11.64%, rho=+0.867864); OSR2-RET40-TURN-BIAS-PAPER-EQ-2026-YTD [osr2-ret40-turn-bias-paper-2026-ytd-candidates] (net=7.70%, rho=+0.867864)",T10-SIZE-PLUS-IMPACT [t10-newdirections-20260911-candidates] (+0.956581),0.9565808263288768,0.9565808263288768,14
t10-additions-20260911-candidates.report:T10-ADD-DD120-20260911,T10-ADD-DD120-20260911,t10-additions-20260911-candidates.report.csv,t10_size_plus_impact_dd120,"(RANK(1-RETURNS(CLOSE,40)) + RANK((SUM(VOLUME*(OPEN+CLOSE)/2,250)/SUM(VOLUME,250))/CLOSE-1) + RANK(1-MA(TURNOVER,21)/MA(TURNOVER,504)) + RANK(-ZSCORE(RANK(MARKET_CAP))) + RANK(SUM((HIGH-LOW)/(DELAY(CLOSE,1)+0.000001),60)/(SUM(AMOUNT,60)+1)) + RANK(1-CLOSE/TS_MAX(CLOSE,120))) / 6",1,1,6aa3c66cecb163ea7228d075,6aa3c66d6df2a192a47e7d28,10,0.1052,0.0687,0.4312,0.0,0.99,21.7,32.18,4.865616,16.834384,0.9897,30.19,61.67,,,0.8,15,T10-SIZE-PLUS-IMPACT [t10-newdirections-20260911-candidates] (+0.968230); COMBO-DIRECT-OSR2-CHIP-TURN-SIZE-EQ [combo-direct-4factor-size-20260909-candidates] (+0.965092); COMBO-DIRECT-OSR2-CHIP-TURN-SIZE-EQ-2026YTD [combo-direct-4factor-size-2026-ytd-candidates] (+0.965092); T10-NOMCAP-PLUS-IMPACT [t10-nomcap-plus-impact-20260911-candidates] (+0.945362); T10-ADD-DOWNSIDE-IMPACT-20260911 [t10-more-additions-20260911-candidates] (+0.929794); T10-ADD-AGG-IMPACT-20260911 [t10-more-additions-20260911-candidates] (+0.922019); T10-ADD-G13-20260911 [t10-additions-20260911-candidates] (+0.921770); T10-SIZE-PLUS-IMPACT-WC [t10-newdirections-20260911-candidates] (+0.918366); T10-ADD-FSCORE-20260911 [t10-more-additions-20260911-candidates] (+0.917089); T10-ADD-BM-20260911 [t10-additions-20260911-candidates] (+0.913030); T10-SIZE-PLUS-WC-MCAP [t10-newdirections-20260911-candidates] (+0.903498); COMBO-DIRECT-OSR2-CHIP-TURN-PAPER-EQ [combo-direct-4factor-paper-20260909-candidates] (+0.873419); COMBO-DIRECT-OSR2-CHIP-TURN-EQ [combo-direct-3factor-20260909-candidates] (+0.847210); OSR2-RET40-TURN-BIAS-PAPER-EQ [osr2-ret40-turn-bias-paper-composite-cycle10-candidates] (+0.800711); OSR2-RET40-TURN-BIAS-PAPER-EQ-2026-YTD [osr2-ret40-turn-bias-paper-2026-ytd-candidates] (+0.800711),"T10-SIZE-PLUS-IMPACT [t10-newdirections-20260911-candidates] (net=18.16%, rho=+0.968230); COMBO-DIRECT-OSR2-CHIP-TURN-SIZE-EQ [combo-direct-4factor-size-20260909-candidates] (net=16.38%, rho=+0.965092); COMBO-DIRECT-OSR2-CHIP-TURN-SIZE-EQ-2026YTD [combo-direct-4factor-size-2026-ytd-candidates] (net=10.73%, rho=+0.965092); T10-NOMCAP-PLUS-IMPACT [t10-nomcap-plus-impact-20260911-candidates] (net=14.23%, rho=+0.945362); T10-ADD-DOWNSIDE-IMPACT-20260911 [t10-more-additions-20260911-candidates] (net=19.39%, rho=+0.929794); T10-ADD-AGG-IMPACT-20260911 [t10-more-additions-20260911-candidates] (net=19.76%, rho=+0.922019); T10-ADD-G13-20260911 [t10-additions-20260911-candidates] (net=19.62%, rho=+0.921770); T10-SIZE-PLUS-IMPACT-WC [t10-newdirections-20260911-candidates] (net=17.44%, rho=+0.918366); T10-ADD-FSCORE-20260911 [t10-more-additions-20260911-candidates] (net=17.48%, rho=+0.917089); T10-ADD-BM-20260911 [t10-additions-20260911-candidates] (net=18.09%, rho=+0.913030); T10-SIZE-PLUS-WC-MCAP [t10-newdirections-20260911-candidates] (net=14.58%, rho=+0.903498); COMBO-DIRECT-OSR2-CHIP-TURN-PAPER-EQ [combo-direct-4factor-paper-20260909-candidates] (net=12.77%, rho=+0.873419); COMBO-DIRECT-OSR2-CHIP-TURN-EQ [combo-direct-3factor-20260909-candidates] (net=8.66%, rho=+0.847210); OSR2-RET40-TURN-BIAS-PAPER-EQ [osr2-ret40-turn-bias-paper-composite-cycle10-candidates] (net=11.64%, rho=+0.800711); OSR2-RET40-TURN-BIAS-PAPER-EQ-2026-YTD [osr2-ret40-turn-bias-paper-2026-ytd-candidates] (net=7.70%, rho=+0.800711)",T10-SIZE-PLUS-IMPACT [t10-newdirections-20260911-candidates] (+0.968230),0.9682297397533414,0.9682297397533414,15
t10-more-additions-20260911-candidates.report:T10-ADD-DOWNSIDE-IMPACT-20260911,T10-ADD-DOWNSIDE-IMPACT-20260911,t10-more-additions-20260911-candidates.report.csv,t10_size_plus_impact_downside,"(RANK(1-RETURNS(CLOSE,40)) + RANK((SUM(VOLUME*(OPEN+CLOSE)/2,250)/SUM(VOLUME,250))/CLOSE-1) + RANK(1-MA(TURNOVER,21)/MA(TURNOVER,504)) + RANK(-ZSCORE(RANK(MARKET_CAP))) + RANK(SUM((HIGH-LOW)/(DELAY(CLOSE,1)+0.000001),60)/(SUM(AMOUNT,60)+1)) + RANK(SUM((ABS(CLOSE / DELAY(CLOSE,1) - 1) - (CLOSE / DELAY(CLOSE,1) - 1)) / 2,60) / (SUM(AMOUNT,60) + 1))) / 6",1,1,6aa3c920ecb163ea7228d078,6aa3c9208b01f62dc5146090,10,0.1067,0.0701,0.4389,0.0,1.0,23.48,27.05,4.08996,19.39004,1.0719,30.03,61.67,,,0.8,11,T10-ADD-AGG-IMPACT-20260911 [t10-more-additions-20260911-candidates] (+0.999403); T10-ADD-G13-20260911 [t10-additions-20260911-candidates] (+0.997828); T10-SIZE-PLUS-IMPACT [t10-newdirections-20260911-candidates] (+0.982418); T10-SIZE-PLUS-IMPACT-WC [t10-newdirections-20260911-candidates] (+0.942568); T10-ADD-BM-20260911 [t10-additions-20260911-candidates] (+0.940802); T10-ADD-FSCORE-20260911 [t10-more-additions-20260911-candidates] (+0.933438); T10-ADD-DD120-20260911 [t10-additions-20260911-candidates] (+0.929794); T10-NOMCAP-PLUS-IMPACT [t10-nomcap-plus-impact-20260911-candidates] (+0.901036); COMBO-DIRECT-OSR2-CHIP-TURN-SIZE-EQ [combo-direct-4factor-size-20260909-candidates] (+0.885441); COMBO-DIRECT-OSR2-CHIP-TURN-SIZE-EQ-2026YTD [combo-direct-4factor-size-2026-ytd-candidates] (+0.885441); T10-SIZE-PLUS-WC-MCAP [t10-newdirections-20260911-candidates] (+0.843842),"T10-ADD-AGG-IMPACT-20260911 [t10-more-additions-20260911-candidates] (net=19.76%, rho=+0.999403); T10-ADD-G13-20260911 [t10-additions-20260911-candidates] (net=19.62%, rho=+0.997828); T10-SIZE-PLUS-IMPACT [t10-newdirections-20260911-candidates] (net=18.16%, rho=+0.982418); T10-SIZE-PLUS-IMPACT-WC [t10-newdirections-20260911-candidates] (net=17.44%, rho=+0.942568); T10-ADD-BM-20260911 [t10-additions-20260911-candidates] (net=18.09%, rho=+0.940802); T10-ADD-FSCORE-20260911 [t10-more-additions-20260911-candidates] (net=17.48%, rho=+0.933438); T10-ADD-DD120-20260911 [t10-additions-20260911-candidates] (net=16.83%, rho=+0.929794); T10-NOMCAP-PLUS-IMPACT [t10-nomcap-plus-impact-20260911-candidates] (net=14.23%, rho=+0.901036); COMBO-DIRECT-OSR2-CHIP-TURN-SIZE-EQ [combo-direct-4factor-size-20260909-candidates] (net=16.38%, rho=+0.885441); COMBO-DIRECT-OSR2-CHIP-TURN-SIZE-EQ-2026YTD [combo-direct-4factor-size-2026-ytd-candidates] (net=10.73%, rho=+0.885441); T10-SIZE-PLUS-WC-MCAP [t10-newdirections-20260911-candidates] (net=14.58%, rho=+0.843842)",T10-ADD-AGG-IMPACT-20260911 [t10-more-additions-20260911-candidates] (+0.999403),0.9994033584758258,0.9994033584758258,11
t10-more-additions-20260911-candidates.report:T10-ADD-FSCORE-20260911,T10-ADD-FSCORE-20260911,t10-more-additions-20260911-candidates.report.csv,t10_size_plus_impact_fscore,"(RANK(1-RETURNS(CLOSE,40)) + RANK((SUM(VOLUME*(OPEN+CLOSE)/2,250)/SUM(VOLUME,250))/CLOSE-1) + RANK(1-MA(TURNOVER,21)/MA(TURNOVER,504)) + RANK(-ZSCORE(RANK(MARKET_CAP))) + RANK(SUM((HIGH-LOW)/(DELAY(CLOSE,1)+0.000001),60)/(SUM(AMOUNT,60)+1)) + RANK((IF(oper_roa_net_ttm > 0,1,0) + IF(cfd_ocf_to_debt_ttm > 0,1,0) + IF(oper_roa_net_ttm > oper_roa_net_lyr,1,0) + IF(cfd_surplus_cash_multi_ttm > 1,1,0) + IF(fin_debt_to_asset_ttm < fin_debt_to_asset_lyr,1,0) + IF(fin_current_ratio_ttm > fin_current_ratio_lyr,1,0) + IF(oper_gross_margin_ttm > oper_gross_margin_lyr,1,0) + IF(oper_total_asset_turnover_ttm > oper_total_asset_turnover_lyr,1,0)) / 8)) / 6",1,1,6aa3c986a7f535324660ba76,6aa3c986a7f535324660ba77,10,0.1118,0.0712,0.4822,0.0,0.99,22.13,30.78,4.653936,17.476064,1.0709,26.48,65.0,,,0.8,14,T10-SIZE-PLUS-IMPACT [t10-newdirections-20260911-candidates] (+0.952093); T10-ADD-DOWNSIDE-IMPACT-20260911 [t10-more-additions-20260911-candidates] (+0.933438); T10-ADD-AGG-IMPACT-20260911 [t10-more-additions-20260911-candidates] (+0.929318); T10-ADD-G13-20260911 [t10-additions-20260911-candidates] (+0.926238); T10-SIZE-PLUS-IMPACT-WC [t10-newdirections-20260911-candidates] (+0.920693); T10-ADD-BM-20260911 [t10-additions-20260911-candidates] (+0.919977); T10-ADD-DD120-20260911 [t10-additions-20260911-candidates] (+0.917089); T10-NOMCAP-PLUS-IMPACT [t10-nomcap-plus-impact-20260911-candidates] (+0.913448); COMBO-DIRECT-OSR2-CHIP-TURN-SIZE-EQ [combo-direct-4factor-size-20260909-candidates] (+0.912415); COMBO-DIRECT-OSR2-CHIP-TURN-SIZE-EQ-2026YTD [combo-direct-4factor-size-2026-ytd-candidates] (+0.912415); T10-SIZE-PLUS-WC-MCAP [t10-newdirections-20260911-candidates] (+0.880958); COMBO-DIRECT-OSR2-CHIP-TURN-PAPER-EQ [combo-direct-4factor-paper-20260909-candidates] (+0.844128); OSR2-RET40-TURN-BIAS-PAPER-EQ [osr2-ret40-turn-bias-paper-composite-cycle10-candidates] (+0.818097); OSR2-RET40-TURN-BIAS-PAPER-EQ-2026-YTD [osr2-ret40-turn-bias-paper-2026-ytd-candidates] (+0.818097),"T10-SIZE-PLUS-IMPACT [t10-newdirections-20260911-candidates] (net=18.16%, rho=+0.952093); T10-ADD-DOWNSIDE-IMPACT-20260911 [t10-more-additions-20260911-candidates] (net=19.39%, rho=+0.933438); T10-ADD-AGG-IMPACT-20260911 [t10-more-additions-20260911-candidates] (net=19.76%, rho=+0.929318); T10-ADD-G13-20260911 [t10-additions-20260911-candidates] (net=19.62%, rho=+0.926238); T10-SIZE-PLUS-IMPACT-WC [t10-newdirections-20260911-candidates] (net=17.44%, rho=+0.920693); T10-ADD-BM-20260911 [t10-additions-20260911-candidates] (net=18.09%, rho=+0.919977); T10-ADD-DD120-20260911 [t10-additions-20260911-candidates] (net=16.83%, rho=+0.917089); T10-NOMCAP-PLUS-IMPACT [t10-nomcap-plus-impact-20260911-candidates] (net=14.23%, rho=+0.913448); COMBO-DIRECT-OSR2-CHIP-TURN-SIZE-EQ [combo-direct-4factor-size-20260909-candidates] (net=16.38%, rho=+0.912415); COMBO-DIRECT-OSR2-CHIP-TURN-SIZE-EQ-2026YTD [combo-direct-4factor-size-2026-ytd-candidates] (net=10.73%, rho=+0.912415); T10-SIZE-PLUS-WC-MCAP [t10-newdirections-20260911-candidates] (net=14.58%, rho=+0.880958); COMBO-DIRECT-OSR2-CHIP-TURN-PAPER-EQ [combo-direct-4factor-paper-20260909-candidates] (net=12.77%, rho=+0.844128); OSR2-RET40-TURN-BIAS-PAPER-EQ [osr2-ret40-turn-bias-paper-composite-cycle10-candidates] (net=11.64%, rho=+0.818097); OSR2-RET40-TURN-BIAS-PAPER-EQ-2026-YTD [osr2-ret40-turn-bias-paper-2026-ytd-candidates] (net=7.70%, rho=+0.818097)",T10-SIZE-PLUS-IMPACT [t10-newdirections-20260911-candidates] (+0.952093),0.9520927665848401,0.9520927665848401,14
t10-additions-20260911-candidates.report:T10-ADD-G13-20260911,T10-ADD-G13-20260911,t10-additions-20260911-candidates.report.csv,t10_size_plus_impact_g13,"(RANK(1-RETURNS(CLOSE,40)) + RANK((SUM(VOLUME*(OPEN+CLOSE)/2,250)/SUM(VOLUME,250))/CLOSE-1) + RANK(1-MA(TURNOVER,21)/MA(TURNOVER,504)) + RANK(-ZSCORE(RANK(MARKET_CAP))) + RANK(SUM((HIGH-LOW)/(DELAY(CLOSE,1)+0.000001),60)/(SUM(AMOUNT,60)+1)) + RANK(SUM(ABS(CLOSE / DELAY(CLOSE,1) - 1) / (AMOUNT + 1),60) / 60)) / 6",1,1,6aa3c613ecb163ea7228d06e,6aa3c61451cdfe29b2e0bcdd,10,0.1043,0.069,0.4295,0.0,1.0,23.64,26.57,4.017384,19.622616,1.0722,30.32,61.67,,,0.8,11,T10-ADD-AGG-IMPACT-20260911 [t10-more-additions-20260911-candidates] (+0.998728); T10-ADD-DOWNSIDE-IMPACT-20260911 [t10-more-additions-20260911-candidates] (+0.997828); T10-SIZE-PLUS-IMPACT [t10-newdirections-20260911-candidates] (+0.976706); T10-SIZE-PLUS-IMPACT-WC [t10-newdirections-20260911-candidates] (+0.937088); T10-ADD-BM-20260911 [t10-additions-20260911-candidates] (+0.933128); T10-ADD-FSCORE-20260911 [t10-more-additions-20260911-candidates] (+0.926238); T10-ADD-DD120-20260911 [t10-additions-20260911-candidates] (+0.921770); T10-NOMCAP-PLUS-IMPACT [t10-nomcap-plus-impact-20260911-candidates] (+0.885883); COMBO-DIRECT-OSR2-CHIP-TURN-SIZE-EQ [combo-direct-4factor-size-20260909-candidates] (+0.873917); COMBO-DIRECT-OSR2-CHIP-TURN-SIZE-EQ-2026YTD [combo-direct-4factor-size-2026-ytd-candidates] (+0.873917); T10-SIZE-PLUS-WC-MCAP [t10-newdirections-20260911-candidates] (+0.833062),"T10-ADD-AGG-IMPACT-20260911 [t10-more-additions-20260911-candidates] (net=19.76%, rho=+0.998728); T10-ADD-DOWNSIDE-IMPACT-20260911 [t10-more-additions-20260911-candidates] (net=19.39%, rho=+0.997828); T10-SIZE-PLUS-IMPACT [t10-newdirections-20260911-candidates] (net=18.16%, rho=+0.976706); T10-SIZE-PLUS-IMPACT-WC [t10-newdirections-20260911-candidates] (net=17.44%, rho=+0.937088); T10-ADD-BM-20260911 [t10-additions-20260911-candidates] (net=18.09%, rho=+0.933128); T10-ADD-FSCORE-20260911 [t10-more-additions-20260911-candidates] (net=17.48%, rho=+0.926238); T10-ADD-DD120-20260911 [t10-additions-20260911-candidates] (net=16.83%, rho=+0.921770); T10-NOMCAP-PLUS-IMPACT [t10-nomcap-plus-impact-20260911-candidates] (net=14.23%, rho=+0.885883); COMBO-DIRECT-OSR2-CHIP-TURN-SIZE-EQ [combo-direct-4factor-size-20260909-candidates] (net=16.38%, rho=+0.873917); COMBO-DIRECT-OSR2-CHIP-TURN-SIZE-EQ-2026YTD [combo-direct-4factor-size-2026-ytd-candidates] (net=10.73%, rho=+0.873917); T10-SIZE-PLUS-WC-MCAP [t10-newdirections-20260911-candidates] (net=14.58%, rho=+0.833062)",T10-ADD-AGG-IMPACT-20260911 [t10-more-additions-20260911-candidates] (+0.998728),0.9987282214398131,0.9987282214398131,11
t10-nomcap-plus-impact-20260911-candidates.report:T10-NOMCAP-PLUS-IMPACT,T10-NOMCAP-PLUS-IMPACT,t10-nomcap-plus-impact-20260911-candidates.report.csv,t10_nomcap_plus_impact,"(RANK(1-RETURNS(CLOSE,40)) + RANK((SUM(VOLUME*(OPEN+CLOSE)/2,250)/SUM(VOLUME,250))/CLOSE-1) + RANK(1-MA(TURNOVER,21)/MA(TURNOVER,504)) + RANK(SUM((HIGH-LOW)/(DELAY(CLOSE,1)+0.000001),60)/(SUM(AMOUNT,60)+1))) / 4",1,1,6aa3c06bd5536b11c13ee096,6aa3c06cd5536b11c13ee097,10,0.1132,0.0692,0.4635,0.0,0.97,19.49,34.82,5.264784,14.225216,0.9571,33.66,61.67,,,0.8,17,COMBO-DIRECT-OSR2-CHIP-TURN-SIZE-EQ [combo-direct-4factor-size-20260909-candidates] (+0.968719); COMBO-DIRECT-OSR2-CHIP-TURN-SIZE-EQ-2026YTD [combo-direct-4factor-size-2026-ytd-candidates] (+0.968719); T10-SIZE-PLUS-IMPACT [t10-newdirections-20260911-candidates] (+0.952999); T10-ADD-DD120-20260911 [t10-additions-20260911-candidates] (+0.945362); COMBO-DIRECT-OSR2-CHIP-TURN-EQ [combo-direct-3factor-20260909-candidates] (+0.929900); COMBO-DIRECT-OSR2-CHIP-TURN-PAPER-EQ [combo-direct-4factor-paper-20260909-candidates] (+0.928555); T10-ADD-BM-20260911 [t10-additions-20260911-candidates] (+0.917579); T10-ADD-FSCORE-20260911 [t10-more-additions-20260911-candidates] (+0.913448); T10-SIZE-PLUS-WC-MCAP [t10-newdirections-20260911-candidates] (+0.911259); T10-SIZE-PLUS-IMPACT-WC [t10-newdirections-20260911-candidates] (+0.907902); T10-ADD-DOWNSIDE-IMPACT-20260911 [t10-more-additions-20260911-candidates] (+0.901036); T10-ADD-AGG-IMPACT-20260911 [t10-more-additions-20260911-candidates] (+0.892009); T10-ADD-G13-20260911 [t10-additions-20260911-candidates] (+0.885883); OSR2-RET40-TURN-BIAS-EQ [osr2-ret40-turn-bias-composite-cycle10-candidates] (+0.871111); OSR2-RET40-TURN-BIAS-PAPER-EQ [osr2-ret40-turn-bias-paper-composite-cycle10-candidates] (+0.860999); OSR2-RET40-TURN-BIAS-PAPER-EQ-2026-YTD [osr2-ret40-turn-bias-paper-2026-ytd-candidates] (+0.860999); COMBO-DIRECT-OSR2-CHIP-EQ [combo-direct-20260909-candidates] (+0.828802),"COMBO-DIRECT-OSR2-CHIP-TURN-SIZE-EQ [combo-direct-4factor-size-20260909-candidates] (net=16.38%, rho=+0.968719); COMBO-DIRECT-OSR2-CHIP-TURN-SIZE-EQ-2026YTD [combo-direct-4factor-size-2026-ytd-candidates] (net=10.73%, rho=+0.968719); T10-SIZE-PLUS-IMPACT [t10-newdirections-20260911-candidates] (net=18.16%, rho=+0.952999); T10-ADD-DD120-20260911 [t10-additions-20260911-candidates] (net=16.83%, rho=+0.945362); COMBO-DIRECT-OSR2-CHIP-TURN-EQ [combo-direct-3factor-20260909-candidates] (net=8.66%, rho=+0.929900); COMBO-DIRECT-OSR2-CHIP-TURN-PAPER-EQ [combo-direct-4factor-paper-20260909-candidates] (net=12.77%, rho=+0.928555); T10-ADD-BM-20260911 [t10-additions-20260911-candidates] (net=18.09%, rho=+0.917579); T10-ADD-FSCORE-20260911 [t10-more-additions-20260911-candidates] (net=17.48%, rho=+0.913448); T10-SIZE-PLUS-WC-MCAP [t10-newdirections-20260911-candidates] (net=14.58%, rho=+0.911259); T10-SIZE-PLUS-IMPACT-WC [t10-newdirections-20260911-candidates] (net=17.44%, rho=+0.907902); T10-ADD-DOWNSIDE-IMPACT-20260911 [t10-more-additions-20260911-candidates] (net=19.39%, rho=+0.901036); T10-ADD-AGG-IMPACT-20260911 [t10-more-additions-20260911-candidates] (net=19.76%, rho=+0.892009); T10-ADD-G13-20260911 [t10-additions-20260911-candidates] (net=19.62%, rho=+0.885883); OSR2-RET40-TURN-BIAS-EQ [osr2-ret40-turn-bias-composite-cycle10-candidates] (net=7.40%, rho=+0.871111); OSR2-RET40-TURN-BIAS-PAPER-EQ [osr2-ret40-turn-bias-paper-composite-cycle10-candidates] (net=11.64%, rho=+0.860999); OSR2-RET40-TURN-BIAS-PAPER-EQ-2026-YTD [osr2-ret40-turn-bias-paper-2026-ytd-candidates] (net=7.70%, rho=+0.860999); COMBO-DIRECT-OSR2-CHIP-EQ [combo-direct-20260909-candidates] (net=7.88%, rho=+0.828802)",COMBO-DIRECT-OSR2-CHIP-TURN-SIZE-EQ [combo-direct-4factor-size-20260909-candidates] (+0.968719),0.9687185637679088,0.9687185637679088,17
t10-newdirections-20260911-candidates.report:T10-SIZE-PLUS-IMPACT,T10-SIZE-PLUS-IMPACT,t10-newdirections-20260911-candidates.report.csv,t10_size_plus_impact,"(RANK(1-RETURNS(CLOSE,40)) + RANK((SUM(VOLUME*(OPEN+CLOSE)/2,250)/SUM(VOLUME,250))/CLOSE-1) + RANK(1-MA(TURNOVER,21)/MA(TURNOVER,504)) + RANK(-ZSCORE(RANK(MARKET_CAP))) + RANK(SUM((HIGH-LOW)/(DELAY(CLOSE,1)+0.000001),60)/(SUM(AMOUNT,60)+1))) / 5",1,1,6aa368586df2a192a47e7c5d,6aa368586df2a192a47e7c5e,10,0.1113,0.0721,0.4524,0.0,0.99,22.79,30.64,4.6327679999999996,18.157232,1.0453,29.97,61.67,,,0.8,15,T10-ADD-DOWNSIDE-IMPACT-20260911 [t10-more-additions-20260911-candidates] (+0.982418); T10-ADD-AGG-IMPACT-20260911 [t10-more-additions-20260911-candidates] (+0.978563); T10-ADD-G13-20260911 [t10-additions-20260911-candidates] (+0.976706); T10-ADD-DD120-20260911 [t10-additions-20260911-candidates] (+0.968230); T10-ADD-BM-20260911 [t10-additions-20260911-candidates] (+0.956581); T10-SIZE-PLUS-IMPACT-WC [t10-newdirections-20260911-candidates] (+0.955453); COMBO-DIRECT-OSR2-CHIP-TURN-SIZE-EQ [combo-direct-4factor-size-20260909-candidates] (+0.955010); COMBO-DIRECT-OSR2-CHIP-TURN-SIZE-EQ-2026YTD [combo-direct-4factor-size-2026-ytd-candidates] (+0.955010); T10-NOMCAP-PLUS-IMPACT [t10-nomcap-plus-impact-20260911-candidates] (+0.952999); T10-ADD-FSCORE-20260911 [t10-more-additions-20260911-candidates] (+0.952093); T10-SIZE-PLUS-WC-MCAP [t10-newdirections-20260911-candidates] (+0.903611); COMBO-DIRECT-OSR2-CHIP-TURN-PAPER-EQ [combo-direct-4factor-paper-20260909-candidates] (+0.865616); OSR2-RET40-TURN-BIAS-PAPER-EQ [osr2-ret40-turn-bias-paper-composite-cycle10-candidates] (+0.824737); OSR2-RET40-TURN-BIAS-PAPER-EQ-2026-YTD [osr2-ret40-turn-bias-paper-2026-ytd-candidates] (+0.824737); COMBO-DIRECT-OSR2-CHIP-TURN-EQ [combo-direct-3factor-20260909-candidates] (+0.805750),"T10-ADD-DOWNSIDE-IMPACT-20260911 [t10-more-additions-20260911-candidates] (net=19.39%, rho=+0.982418); T10-ADD-AGG-IMPACT-20260911 [t10-more-additions-20260911-candidates] (net=19.76%, rho=+0.978563); T10-ADD-G13-20260911 [t10-additions-20260911-candidates] (net=19.62%, rho=+0.976706); T10-ADD-DD120-20260911 [t10-additions-20260911-candidates] (net=16.83%, rho=+0.968230); T10-ADD-BM-20260911 [t10-additions-20260911-candidates] (net=18.09%, rho=+0.956581); T10-SIZE-PLUS-IMPACT-WC [t10-newdirections-20260911-candidates] (net=17.44%, rho=+0.955453); COMBO-DIRECT-OSR2-CHIP-TURN-SIZE-EQ [combo-direct-4factor-size-20260909-candidates] (net=16.38%, rho=+0.955010); COMBO-DIRECT-OSR2-CHIP-TURN-SIZE-EQ-2026YTD [combo-direct-4factor-size-2026-ytd-candidates] (net=10.73%, rho=+0.955010); T10-NOMCAP-PLUS-IMPACT [t10-nomcap-plus-impact-20260911-candidates] (net=14.23%, rho=+0.952999); T10-ADD-FSCORE-20260911 [t10-more-additions-20260911-candidates] (net=17.48%, rho=+0.952093); T10-SIZE-PLUS-WC-MCAP [t10-newdirections-20260911-candidates] (net=14.58%, rho=+0.903611); COMBO-DIRECT-OSR2-CHIP-TURN-PAPER-EQ [combo-direct-4factor-paper-20260909-candidates] (net=12.77%, rho=+0.865616); OSR2-RET40-TURN-BIAS-PAPER-EQ [osr2-ret40-turn-bias-paper-composite-cycle10-candidates] (net=11.64%, rho=+0.824737); OSR2-RET40-TURN-BIAS-PAPER-EQ-2026-YTD [osr2-ret40-turn-bias-paper-2026-ytd-candidates] (net=7.70%, rho=+0.824737); COMBO-DIRECT-OSR2-CHIP-TURN-EQ [combo-direct-3factor-20260909-candidates] (net=8.66%, rho=+0.805750)",T10-ADD-DOWNSIDE-IMPACT-20260911 [t10-more-additions-20260911-candidates] (+0.982418),0.9824182392495905,0.9824182392495905,15
t10-newdirections-20260911-candidates.report:T10-SIZE-PLUS-IMPACT-WC,T10-SIZE-PLUS-IMPACT-WC,t10-newdirections-20260911-candidates.report.csv,t10_size_plus_impact_wc,"(RANK(1-RETURNS(CLOSE,40)) + RANK((SUM(VOLUME*(OPEN+CLOSE)/2,250)/SUM(VOLUME,250))/CLOSE-1) + RANK(1-MA(TURNOVER,21)/MA(TURNOVER,504)) + RANK(-ZSCORE(RANK(MARKET_CAP))) + RANK(SUM((HIGH-LOW)/(DELAY(CLOSE,1)+0.000001),60)/(SUM(AMOUNT,60)+1)) + RANK((CURRENT_ASSETS-INVENTORY-CURRENT_LIABILITIES)/(ABS(MARKET_CAP)+1))) / 6",1,1,6aa3690aecb163ea7228cffa,6aa3690a6df2a192a47e7c60,10,0.1052,0.0669,0.4421,0.0,1.0,21.58,27.36,4.136832,17.443168,1.026,28.76,65.0,,,0.8,14,T10-SIZE-PLUS-WC-MCAP [t10-newdirections-20260911-candidates] (+0.960693); T10-SIZE-PLUS-IMPACT [t10-newdirections-20260911-candidates] (+0.955453); T10-ADD-DOWNSIDE-IMPACT-20260911 [t10-more-additions-20260911-candidates] (+0.942568); T10-ADD-AGG-IMPACT-20260911 [t10-more-additions-20260911-candidates] (+0.939331); T10-ADD-G13-20260911 [t10-additions-20260911-candidates] (+0.937088); T10-ADD-BM-20260911 [t10-additions-20260911-candidates] (+0.929950); T10-ADD-FSCORE-20260911 [t10-more-additions-20260911-candidates] (+0.920693); T10-ADD-DD120-20260911 [t10-additions-20260911-candidates] (+0.918366); T10-NOMCAP-PLUS-IMPACT [t10-nomcap-plus-impact-20260911-candidates] (+0.907902); COMBO-DIRECT-OSR2-CHIP-TURN-SIZE-EQ [combo-direct-4factor-size-20260909-candidates] (+0.906949); COMBO-DIRECT-OSR2-CHIP-TURN-SIZE-EQ-2026YTD [combo-direct-4factor-size-2026-ytd-candidates] (+0.906949); COMBO-DIRECT-OSR2-CHIP-TURN-PAPER-EQ [combo-direct-4factor-paper-20260909-candidates] (+0.837497); OSR2-RET40-TURN-BIAS-PAPER-EQ [osr2-ret40-turn-bias-paper-composite-cycle10-candidates] (+0.807917); OSR2-RET40-TURN-BIAS-PAPER-EQ-2026-YTD [osr2-ret40-turn-bias-paper-2026-ytd-candidates] (+0.807917),"T10-SIZE-PLUS-WC-MCAP [t10-newdirections-20260911-candidates] (net=14.58%, rho=+0.960693); T10-SIZE-PLUS-IMPACT [t10-newdirections-20260911-candidates] (net=18.16%, rho=+0.955453); T10-ADD-DOWNSIDE-IMPACT-20260911 [t10-more-additions-20260911-candidates] (net=19.39%, rho=+0.942568); T10-ADD-AGG-IMPACT-20260911 [t10-more-additions-20260911-candidates] (net=19.76%, rho=+0.939331); T10-ADD-G13-20260911 [t10-additions-20260911-candidates] (net=19.62%, rho=+0.937088); T10-ADD-BM-20260911 [t10-additions-20260911-candidates] (net=18.09%, rho=+0.929950); T10-ADD-FSCORE-20260911 [t10-more-additions-20260911-candidates] (net=17.48%, rho=+0.920693); T10-ADD-DD120-20260911 [t10-additions-20260911-candidates] (net=16.83%, rho=+0.918366); T10-NOMCAP-PLUS-IMPACT [t10-nomcap-plus-impact-20260911-candidates] (net=14.23%, rho=+0.907902); COMBO-DIRECT-OSR2-CHIP-TURN-SIZE-EQ [combo-direct-4factor-size-20260909-candidates] (net=16.38%, rho=+0.906949); COMBO-DIRECT-OSR2-CHIP-TURN-SIZE-EQ-2026YTD [combo-direct-4factor-size-2026-ytd-candidates] (net=10.73%, rho=+0.906949); COMBO-DIRECT-OSR2-CHIP-TURN-PAPER-EQ [combo-direct-4factor-paper-20260909-candidates] (net=12.77%, rho=+0.837497); OSR2-RET40-TURN-BIAS-PAPER-EQ [osr2-ret40-turn-bias-paper-composite-cycle10-candidates] (net=11.64%, rho=+0.807917); OSR2-RET40-TURN-BIAS-PAPER-EQ-2026-YTD [osr2-ret40-turn-bias-paper-2026-ytd-candidates] (net=7.70%, rho=+0.807917)",T10-SIZE-PLUS-WC-MCAP [t10-newdirections-20260911-candidates] (+0.960693),0.9606926110353403,0.9606926110353403,14
t10-newdirections-20260911-candidates.report:T10-SIZE-PLUS-WC-MCAP,T10-SIZE-PLUS-WC-MCAP,t10-newdirections-20260911-candidates.report.csv,t10_size_plus_wc_mcap,"(RANK(1-RETURNS(CLOSE,40)) + RANK((SUM(VOLUME*(OPEN+CLOSE)/2,250)/SUM(VOLUME,250))/CLOSE-1) + RANK(1-MA(TURNOVER,21)/MA(TURNOVER,504)) + RANK(-ZSCORE(RANK(MARKET_CAP))) + RANK((CURRENT_ASSETS-INVENTORY-CURRENT_LIABILITIES)/(ABS(MARKET_CAP)+1))) / 5",1,1,6aa368b9ecb163ea7228cff9,6aa368baa7f535324660b9a5,10,0.1032,0.064,0.4395,0.0,0.99,19.43,32.07,4.848984,14.581016,0.9569,28.72,61.67,,,0.8,16,T10-SIZE-PLUS-IMPACT-WC [t10-newdirections-20260911-candidates] (+0.960693); COMBO-DIRECT-OSR2-CHIP-TURN-SIZE-EQ [combo-direct-4factor-size-20260909-candidates] (+0.936281); COMBO-DIRECT-OSR2-CHIP-TURN-SIZE-EQ-2026YTD [combo-direct-4factor-size-2026-ytd-candidates] (+0.936281); T10-NOMCAP-PLUS-IMPACT [t10-nomcap-plus-impact-20260911-candidates] (+0.911259); T10-SIZE-PLUS-IMPACT [t10-newdirections-20260911-candidates] (+0.903611); T10-ADD-DD120-20260911 [t10-additions-20260911-candidates] (+0.903498); COMBO-DIRECT-OSR2-CHIP-TURN-PAPER-EQ [combo-direct-4factor-paper-20260909-candidates] (+0.894390); T10-ADD-BM-20260911 [t10-additions-20260911-candidates] (+0.883441); T10-ADD-FSCORE-20260911 [t10-more-additions-20260911-candidates] (+0.880958); COMBO-DIRECT-OSR2-CHIP-TURN-EQ [combo-direct-3factor-20260909-candidates] (+0.861622); T10-ADD-DOWNSIDE-IMPACT-20260911 [t10-more-additions-20260911-candidates] (+0.843842); OSR2-RET40-TURN-BIAS-PAPER-EQ [osr2-ret40-turn-bias-paper-composite-cycle10-candidates] (+0.839560); OSR2-RET40-TURN-BIAS-PAPER-EQ-2026-YTD [osr2-ret40-turn-bias-paper-2026-ytd-candidates] (+0.839560); T10-ADD-AGG-IMPACT-20260911 [t10-more-additions-20260911-candidates] (+0.835382); T10-ADD-G13-20260911 [t10-additions-20260911-candidates] (+0.833062); OSR2-RET40-TURN-BIAS-EQ [osr2-ret40-turn-bias-composite-cycle10-candidates] (+0.801220),"T10-SIZE-PLUS-IMPACT-WC [t10-newdirections-20260911-candidates] (net=17.44%, rho=+0.960693); COMBO-DIRECT-OSR2-CHIP-TURN-SIZE-EQ [combo-direct-4factor-size-20260909-candidates] (net=16.38%, rho=+0.936281); COMBO-DIRECT-OSR2-CHIP-TURN-SIZE-EQ-2026YTD [combo-direct-4factor-size-2026-ytd-candidates] (net=10.73%, rho=+0.936281); T10-NOMCAP-PLUS-IMPACT [t10-nomcap-plus-impact-20260911-candidates] (net=14.23%, rho=+0.911259); T10-SIZE-PLUS-IMPACT [t10-newdirections-20260911-candidates] (net=18.16%, rho=+0.903611); T10-ADD-DD120-20260911 [t10-additions-20260911-candidates] (net=16.83%, rho=+0.903498); COMBO-DIRECT-OSR2-CHIP-TURN-PAPER-EQ [combo-direct-4factor-paper-20260909-candidates] (net=12.77%, rho=+0.894390); T10-ADD-BM-20260911 [t10-additions-20260911-candidates] (net=18.09%, rho=+0.883441); T10-ADD-FSCORE-20260911 [t10-more-additions-20260911-candidates] (net=17.48%, rho=+0.880958); COMBO-DIRECT-OSR2-CHIP-TURN-EQ [combo-direct-3factor-20260909-candidates] (net=8.66%, rho=+0.861622); T10-ADD-DOWNSIDE-IMPACT-20260911 [t10-more-additions-20260911-candidates] (net=19.39%, rho=+0.843842); OSR2-RET40-TURN-BIAS-PAPER-EQ [osr2-ret40-turn-bias-paper-composite-cycle10-candidates] (net=11.64%, rho=+0.839560); OSR2-RET40-TURN-BIAS-PAPER-EQ-2026-YTD [osr2-ret40-turn-bias-paper-2026-ytd-candidates] (net=7.70%, rho=+0.839560); T10-ADD-AGG-IMPACT-20260911 [t10-more-additions-20260911-candidates] (net=19.76%, rho=+0.835382); T10-ADD-G13-20260911 [t10-additions-20260911-candidates] (net=19.62%, rho=+0.833062); OSR2-RET40-TURN-BIAS-EQ [osr2-ret40-turn-bias-composite-cycle10-candidates] (net=7.40%, rho=+0.801220)",T10-SIZE-PLUS-IMPACT-WC [t10-newdirections-20260911-candidates] (+0.960693),0.9606926110353403,0.9606926110353403,16
verify-field-scan-20260910-candidates.report:VERIFY-E260910-04,VERIFY-E260910-04,verify-field-scan-20260910-candidates.report.csv,book_to_market_lf_minus_size,RANK(book_to_market_ratio_lf) - RANK(MARKET_CAP),1,1,6aa28cf2a7f535324660b832,6aa28cf3cffa1665a210157a,5,0.0681,0.0413,0.2692,0.0,0.99,19.89,7.05,2.1319199999999996,17.75808,1.0014,39.04,63.33,,,0.8,5,VERIFY10-E260910-04 [verify-field-scan-cycle10-20260910-candidates] (+1.000000); VERIFY-F260910-12 [verify-field-scan-20260910-candidates] (+0.900770); VERIFY10-F260910-12 [verify-field-scan-cycle10-20260910-candidates] (+0.900770); paper-derived-composite [paper-derived-composite-cycle10-candidates] (+0.816668); paper-derived-composite [paper-derived-full] (+0.816668),"VERIFY10-E260910-04 [verify-field-scan-cycle10-20260910-candidates] (net=16.74%, rho=+1.000000); VERIFY-F260910-12 [verify-field-scan-20260910-candidates] (net=15.59%, rho=+0.900770); VERIFY10-F260910-12 [verify-field-scan-cycle10-20260910-candidates] (net=15.05%, rho=+0.900770); paper-derived-composite [paper-derived-composite-cycle10-candidates] (net=11.20%, rho=+0.816668); paper-derived-composite [paper-derived-full] (net=11.41%, rho=+0.816668)",VERIFY10-E260910-04 [verify-field-scan-cycle10-20260910-candidates] (+1.000000),1.0,1.0,5
verify-field-scan-20260910-candidates.report:VERIFY-F260910-12,VERIFY-F260910-12,verify-field-scan-20260910-candidates.report.csv,book_to_market_lf_plus_impact,"RANK(book_to_market_ratio_lf) + RANK(SUM(ABS(CLOSE / DELAY(CLOSE,1) - 1) / (AMOUNT + 1),60) / 60)",1,1,6aa28d3851cdfe29b2e0ba93,6aa28d3951cdfe29b2e0ba94,5,0.0656,0.0375,0.2602,0.0001,0.99,17.37,5.89,1.7811359999999998,15.588864000000001,0.963,35.67,63.33,,,0.8,3,VERIFY10-F260910-12 [verify-field-scan-cycle10-20260910-candidates] (+1.000000); VERIFY-E260910-04 [verify-field-scan-20260910-candidates] (+0.900770); VERIFY10-E260910-04 [verify-field-scan-cycle10-20260910-candidates] (+0.900770),"VERIFY10-F260910-12 [verify-field-scan-cycle10-20260910-candidates] (net=15.05%, rho=+1.000000); VERIFY-E260910-04 [verify-field-scan-20260910-candidates] (net=17.76%, rho=+0.900770); VERIFY10-E260910-04 [verify-field-scan-cycle10-20260910-candidates] (net=16.74%, rho=+0.900770)",VERIFY10-F260910-12 [verify-field-scan-cycle10-20260910-candidates] (+1.000000),1.0,1.0,3
verify-field-scan-20260910-candidates.report:VERIFY-G260910-13,VERIFY-G260910-13,verify-field-scan-20260910-candidates.report.csv,impact_abs_return60,"RANK(SUM(ABS(CLOSE / DELAY(CLOSE,1) - 1) / (AMOUNT + 1),60) / 60)",1,1,6aa28d80cffa1665a210157c,6aa28d80cffa1665a210157d,5,0.045,0.0346,0.2731,0.0,0.99,16.4,5.62,1.6994879999999999,14.700511999999998,0.8539,42.66,65.0,,,0.8,3,VERIFY10-G260910-13 [verify-field-scan-cycle10-20260910-candidates] (+1.000000); H03-T10-SINGLE [h03-t10-single-20260911-candidates] (+0.965583); SIZE-ONLY-20260911 [size-only-20260911-candidates] (-0.805576),"VERIFY10-G260910-13 [verify-field-scan-cycle10-20260910-candidates] (net=13.94%, rho=+1.000000); H03-T10-SINGLE [h03-t10-single-20260911-candidates] (net=16.44%, rho=+0.965583); SIZE-ONLY-20260911 [size-only-20260911-candidates] (net=21.43%, rho=-0.805576)",VERIFY10-G260910-13 [verify-field-scan-cycle10-20260910-candidates] (+1.000000),1.0,1.0,3
verify-field-scan-cycle10-20260910-candidates.report:VERIFY10-E260910-04,VERIFY10-E260910-04,verify-field-scan-cycle10-20260910-candidates.report.csv,book_to_market_lf_minus_size,RANK(book_to_market_ratio_lf) - RANK(MARKET_CAP),1,1,6aa28e090f6165ec8f7f378b,6aa28e0a5d52c44d2f55c2da,10,0.0823,0.0528,0.3162,0.0007,0.99,18.23,9.85,1.48932,16.74068,0.9567,29.62,65.0,,,0.8,5,VERIFY-E260910-04 [verify-field-scan-20260910-candidates] (+1.000000); VERIFY-F260910-12 [verify-field-scan-20260910-candidates] (+0.900770); VERIFY10-F260910-12 [verify-field-scan-cycle10-20260910-candidates] (+0.900770); paper-derived-composite [paper-derived-composite-cycle10-candidates] (+0.816668); paper-derived-composite [paper-derived-full] (+0.816668),"VERIFY-E260910-04 [verify-field-scan-20260910-candidates] (net=17.76%, rho=+1.000000); VERIFY-F260910-12 [verify-field-scan-20260910-candidates] (net=15.59%, rho=+0.900770); VERIFY10-F260910-12 [verify-field-scan-cycle10-20260910-candidates] (net=15.05%, rho=+0.900770); paper-derived-composite [paper-derived-composite-cycle10-candidates] (net=11.20%, rho=+0.816668); paper-derived-composite [paper-derived-full] (net=11.41%, rho=+0.816668)",VERIFY-E260910-04 [verify-field-scan-20260910-candidates] (+1.000000),1.0,1.0,5
verify-field-scan-cycle10-20260910-candidates.report:VERIFY10-F260910-12,VERIFY10-F260910-12,verify-field-scan-cycle10-20260910-candidates.report.csv,book_to_market_lf_plus_impact,"RANK(book_to_market_ratio_lf) + RANK(SUM(ABS(CLOSE / DELAY(CLOSE,1) - 1) / (AMOUNT + 1),60) / 60)",1,1,6aa28e555d52c44d2f55c2dc,6aa28e56a7f535324660b838,10,0.0804,0.0493,0.3148,0.0008,0.99,16.41,9.02,1.363824,15.046176,0.9458,25.85,66.67,,,0.8,3,VERIFY-F260910-12 [verify-field-scan-20260910-candidates] (+1.000000); VERIFY-E260910-04 [verify-field-scan-20260910-candidates] (+0.900770); VERIFY10-E260910-04 [verify-field-scan-cycle10-20260910-candidates] (+0.900770),"VERIFY-F260910-12 [verify-field-scan-20260910-candidates] (net=15.59%, rho=+1.000000); VERIFY-E260910-04 [verify-field-scan-20260910-candidates] (net=17.76%, rho=+0.900770); VERIFY10-E260910-04 [verify-field-scan-cycle10-20260910-candidates] (net=16.74%, rho=+0.900770)",VERIFY-F260910-12 [verify-field-scan-20260910-candidates] (+1.000000),1.0,1.0,3
verify-field-scan-cycle10-20260910-candidates.report:VERIFY10-G260910-13,VERIFY10-G260910-13,verify-field-scan-cycle10-20260910-candidates.report.csv,impact_abs_return60,"RANK(SUM(ABS(CLOSE / DELAY(CLOSE,1) - 1) / (AMOUNT + 1),60) / 60)",1,1,6aa28ea3a7f535324660b83a,6aa28ea43e7967143f8fae33,10,0.0559,0.043,0.3041,0.0012,0.98,15.37,9.43,1.425816,13.944184,0.8357,32.54,61.67,,,0.8,3,VERIFY-G260910-13 [verify-field-scan-20260910-candidates] (+1.000000); H03-T10-SINGLE [h03-t10-single-20260911-candidates] (+0.965583); SIZE-ONLY-20260911 [size-only-20260911-candidates] (-0.805576),"VERIFY-G260910-13 [verify-field-scan-20260910-candidates] (net=14.70%, rho=+1.000000); H03-T10-SINGLE [h03-t10-single-20260911-candidates] (net=16.44%, rho=+0.965583); SIZE-ONLY-20260911 [size-only-20260911-candidates] (net=21.43%, rho=-0.805576)",VERIFY-G260910-13 [verify-field-scan-20260910-candidates] (+1.000000),1.0,1.0,3
paper-derived-full.report:paper-derived-asset-growth,paper-derived-asset-growth,paper-derived-full.report.csv,asset_growth,RANK(gr_total_asset_lyr),0,0,6a9e2fde05a51446c21e7672,6a9e2fdf05a51446c21e7673,5,-0.0115,-0.0093,-0.1111,0.0856,0.86,1.4,2.1,0.6350399999999999,0.76496,0.3692,41.26,60.0,,,0.8,0,,,paper-derived-composite [paper-derived-composite-cycle10-candidates] (-0.477541),-0.4775407711883769,0.4775407711883769,1
paper-derived-composite-cycle10-candidates.report:paper-derived-composite,paper-derived-composite,paper-derived-composite-cycle10-candidates.report.csv,paper_composite,ZSCORE(RANK(book_to_market_ratio_lyr))+ZSCORE(RANK(oper_roe_lyr))-ZSCORE(RANK(gr_total_asset_lyr))-ZSCORE(RANK(MARKET_CAP)),1,1,6a9fd5536df2a192a47e766d,6a9fd554cffa1665a2100f4b,10,0.0717,0.0416,0.2696,0.0038,0.99,12.61,9.31,1.407672,11.202328,0.8284,26.39,65.0,,,0.8,3,paper-derived-composite [paper-derived-full] (+1.000000); VERIFY-E260910-04 [verify-field-scan-20260910-candidates] (+0.816668); VERIFY10-E260910-04 [verify-field-scan-cycle10-20260910-candidates] (+0.816668),"paper-derived-composite [paper-derived-full] (net=11.41%, rho=+1.000000); VERIFY-E260910-04 [verify-field-scan-20260910-candidates] (net=17.76%, rho=+0.816668); VERIFY10-E260910-04 [verify-field-scan-cycle10-20260910-candidates] (net=16.74%, rho=+0.816668)",paper-derived-composite [paper-derived-full] (+1.000000),1.0,1.0,3
paper-derived-full.report:paper-derived-composite,paper-derived-composite,paper-derived-full.report.csv,paper_composite,ZSCORE(RANK(book_to_market_ratio_lyr))+ZSCORE(RANK(oper_roe_lyr))-ZSCORE(RANK(gr_total_asset_lyr))-ZSCORE(RANK(MARKET_CAP)),1,1,6a9e306152393bc2bd995c4b,6a9e30629a167ed86a7f1ae4,5,0.0597,0.0318,0.2221,0.0007,0.99,13.32,6.32,1.911168,11.408832,0.8395,35.74,63.33,,,0.8,3,paper-derived-composite [paper-derived-composite-cycle10-candidates] (+1.000000); VERIFY-E260910-04 [verify-field-scan-20260910-candidates] (+0.816668); VERIFY10-E260910-04 [verify-field-scan-cycle10-20260910-candidates] (+0.816668),"paper-derived-composite [paper-derived-composite-cycle10-candidates] (net=11.20%, rho=+1.000000); VERIFY-E260910-04 [verify-field-scan-20260910-candidates] (net=17.76%, rho=+0.816668); VERIFY10-E260910-04 [verify-field-scan-cycle10-20260910-candidates] (net=16.74%, rho=+0.816668)",paper-derived-composite [paper-derived-composite-cycle10-candidates] (+1.000000),1.0,1.0,3
