id,name,handler,formula,platform_net_pct,local_net_pct,local_net_delta_pp,local_gross_pct,platform_gross_pct,platform_turnover_pct,local_turnover_pct,turnover_gap_pp,turnover_absolute_gap_pp,turnover_alignment,turnover_comparable,turnover_flags,platform_turnover_cost_pct,platform_turnover_sensitivity_net_pct,platform_turnover_sensitivity_delta_pp,turnover_cost_sensitivity_shift_pp,sensitivity_abs_delta_reduction_pp,turnover_dominant,top20_overlap,periods,date_source,fidelity
alphaprobe-final-20260914-candidates.report:F-A18,F-A18,ma_reversion40,"0 - CLOSE / MA(CLOSE,40)",-3.8568960000000008,-8.46210558664668,-4.60520958664668,3.3252246674513875,8.1,39.54,38.97926671328726,0.560733286712739,0.560733286712739,comparable,True,,11.956895999999999,-8.631671332548612,-4.774775332548611,0.16956574590193085,-0.16956574590193085,False,19,241,platform_chart,direct local market-data reconstruction
alphaprobe-gfn-platform-20260916-candidates.report:F-A18,F-A18,ma_reversion40,"0 - CLOSE / MA(CLOSE,40)",-8.201951999999999,-8.46210558664668,-0.2601535866466822,3.3252246674513875,3.51,38.73,38.97926671328726,-0.24926671328726058,0.24926671328726058,comparable,True,,11.711951999999998,-8.386727332548611,-0.18477533254861278,-0.07537825409806942,0.07537825409806942,False,1,241,platform_chart,direct local market-data reconstruction
alphaprobe-net1-platform-20260914-candidates.report:F-NET01-PLAT-20260914,F-NET01-PLAT-20260914,wma_low_volume40,"WMA((((1/LOW)/LOW)/VOLUME),40)",13.628703999999999,11.010429467407956,-2.618274532592043,12.96786520879728,16.06,8.04,6.473001790308608,1.5669982096913906,1.5669982096913906,comparable,True,,2.4312959999999997,10.53656920879728,-3.092134791202719,0.47386025861067615,-0.47386025861067615,False,7,241,platform_chart,"direct local reconstruction of WMA((((1/LOW)/LOW)/VOLUME),40) using qfq low and volume"
combo-direct-20260909-candidates.report:COMBO-DIRECT-OSR2-CHIP-EQ,COMBO-DIRECT-OSR2-CHIP-EQ,reversal_chip_eq,"(RANK(1-RETURNS(CLOSE,40)) + RANK((SUM(VOLUME*(OPEN+CLOSE)/2,250)/SUM(VOLUME,250))/CLOSE-1)) / 2",7.8760639999999995,3.575875281052064,-4.300188718947935,9.872770248280565,14.42,43.28,41.646130735638245,1.6338692643617592,1.6338692643617592,comparable,True,,6.543936,3.3288342482805655,-4.547229751719434,0.2470410327714987,-0.2470410327714987,False,18,120,platform_chart,direct local market-data reconstruction
combo-direct-3factor-20260909-candidates.report:COMBO-DIRECT-OSR2-CHIP-TURN-EQ,COMBO-DIRECT-OSR2-CHIP-TURN-EQ,reversal_chip_turn_eq,"(RANK(1-RETURNS(CLOSE,40)) + RANK((SUM(VOLUME*(OPEN+CLOSE)/2,250)/SUM(VOLUME,250))/CLOSE-1) + RANK(1-MA(TURNOVER,21)/MA(TURNOVER,504))) / 3",8.662416,6.130629086441827,-2.5317869135581734,12.081669719406335,14.91,41.32,39.35873434500336,1.9612656549966412,1.9612656549966412,comparable,True,,6.247584,5.834085719406335,-2.828330280593665,0.29654336703549156,-0.29654336703549156,False,18,120,platform_chart,direct local market-data reconstruction
combo-direct-4factor-paper-20260909-candidates.report:COMBO-DIRECT-OSR2-CHIP-TURN-PAPER-EQ,COMBO-DIRECT-OSR2-CHIP-TURN-PAPER-EQ,reversal_chip_turn_paper,"(RANK(1-RETURNS(CLOSE,40)) + RANK((SUM(VOLUME*(OPEN+CLOSE)/2,250)/SUM(VOLUME,250))/CLOSE-1) + RANK(1-MA(TURNOVER,21)/MA(TURNOVER,504)) + RANK(ZSCORE(RANK(book_to_market_ratio_lyr)) + ZSCORE(RANK(oper_roe_lyr)) - ZSCORE(RANK(gr_total_asset_lyr)) - ZSCORE(RANK(MARKET_CAP)))) / 4",12.774432000000001,8.684765339695533,-4.089666660304468,14.131201727550765,18.39,37.14,36.02140468158223,1.11859531841777,1.11859531841777,comparable,True,,5.615568,8.515633727550766,-4.258798272449235,0.16913161214476702,-0.16913161214476702,False,20,120,platform_chart,Tushare PIT financial proxy; consolidated statements and reconstructed TTM
combo-direct-4factor-size-2026-ytd-candidates.report:COMBO-DIRECT-OSR2-CHIP-TURN-SIZE-EQ-2026YTD,COMBO-DIRECT-OSR2-CHIP-TURN-SIZE-EQ-2026YTD,reversal_chip_turn_size_eq,"(RANK(1-RETURNS(CLOSE,40)) + RANK((SUM(VOLUME*(OPEN+CLOSE)/2,250)/SUM(VOLUME,250))/CLOSE-1) + RANK(1-MA(TURNOVER,21)/MA(TURNOVER,504)) + RANK(-ZSCORE(RANK(MARKET_CAP)))) / 4",10.726920000000002,3.799455595096162,-6.927464404903839,8.776465901563107,17.1,42.15,32.91673483113059,9.233265168869409,9.233265168869409,comparable,True,,6.373079999999999,2.4033859015631083,-8.323534098436893,1.3960696935330539,-1.3960696935330539,False,2,16,platform_chart,direct local market-data reconstruction
combo-direct-4factor-size-20260909-candidates.report:COMBO-DIRECT-OSR2-CHIP-TURN-SIZE-EQ,COMBO-DIRECT-OSR2-CHIP-TURN-SIZE-EQ,reversal_chip_turn_size_eq,"(RANK(1-RETURNS(CLOSE,40)) + RANK((SUM(VOLUME*(OPEN+CLOSE)/2,250)/SUM(VOLUME,250))/CLOSE-1) + RANK(1-MA(TURNOVER,21)/MA(TURNOVER,504)) + RANK(-ZSCORE(RANK(MARKET_CAP)))) / 4",16.383983999999998,11.16609953828009,-5.217884461719908,16.571555731566516,21.93,36.68,35.750371648719735,0.929628351280265,0.929628351280265,comparable,True,,5.546016000000001,11.025539731566514,-5.358444268433484,0.1405598067135756,-0.1405598067135756,False,19,120,platform_chart,direct local market-data reconstruction
dls2014-candidates.report:DLS14-NCF-PROXY-20D,DLS14-NCF-PROXY-20D,reversal20_growth_net,"RANK(1 - RETURNS(CLOSE,20)) + RANK(gr_net_profit_ttm)",-33.700784,-27.487787025264588,6.212996974735411,-16.430450289491432,-23.9,32.41,36.56526698337682,-4.155266983376832,4.155266983376832,comparable,True,,9.800783999999998,-26.231234289491432,7.469549710508566,-1.2565527357731554,-1.2565527357731554,False,5,10,platform_chart,Tushare PIT financial proxy; consolidated statements and reconstructed TTM
dls2014-candidates.report:DLS14-STREV-20D,DLS14-STREV-20D,reversal20,"1 - RETURNS(CLOSE,20)",-45.812944,-46.09937990504657,-0.2864359050465666,-30.644276427676893,-30.070000000000004,52.06000000000001,51.10814641987328,0.9518535801267269,0.9518535801267269,comparable,True,,15.742944,-46.38722042767689,-0.5742764276768852,0.2878405226303187,-0.2878405226303187,False,15,10,platform_chart,direct local market-data reconstruction
dls2014-full-candidates.report:DLS14-NCF-PROXY-20D,DLS14-NCF-PROXY-20D,reversal20_growth_net,"RANK(1 - RETURNS(CLOSE,20)) + RANK(gr_net_profit_ttm)",-7.792351999999998,-7.3300665388276345,0.4622854611723639,4.151337397058176,2.71,34.73,37.96760560808799,-3.237605608088001,3.237605608088001,comparable,True,,10.502351999999998,-6.351014602941822,1.4413373970581764,-0.9790519358858125,-0.9790519358858125,False,9,241,platform_chart,Tushare PIT financial proxy; consolidated statements and reconstructed TTM
dls2014-full-candidates.report:DLS14-STREV-20D,DLS14-STREV-20D,reversal20,"1 - RETURNS(CLOSE,20)",-8.653903999999997,-12.898502277664786,-4.244598277664789,2.722307459151779,7.21,52.459999999999994,51.65611685455214,0.803883145447859,0.803883145447859,comparable,True,,15.863903999999998,-13.14159654084822,-4.487692540848222,0.2430942631834334,-0.2430942631834334,False,19,241,platform_chart,direct local market-data reconstruction
dls2014-fundamental-candidates.report:DLS14-DR-BROAD-20D,DLS14-DR-BROAD-20D,growth_broad_reversal20,"(RANK(gr_revenue_ttm) + RANK(gr_oper_profit_ttm) + RANK(gr_net_profit_ttm) + RANK(gr_ocf_ttm)) / 4 - RANK(RETURNS(CLOSE,20))",-8.498144,-8.014304051266837,0.48383994873316283,3.887244853642068,2.86,37.56,39.35697389189453,-1.7969738918945266,1.7969738918945266,comparable,True,,11.358144000000001,-7.470899146357931,1.0272448536420686,-0.5434049049089058,-0.5434049049089058,False,4,241,platform_chart,Tushare PIT financial proxy; consolidated statements and reconstructed TTM
dls2014-fundamental-candidates.report:DLS14-DR-OPCF-20D,DLS14-DR-OPCF-20D,growth_operating_cashflow_reversal20,"(RANK(gr_oper_profit_ttm) + RANK(gr_ocf_ttm)) / 2 - RANK(RETURNS(CLOSE,20))",-7.58952,-7.7852664541844865,-0.19574645418448622,4.172087190228637,3.6900000000000004,37.3,39.54151337438202,-2.2415133743820204,2.2415133743820204,comparable,True,,11.27952,-7.107432809771364,0.48208719022863633,-0.6778336444131225,-0.2863407360441501,False,6,241,platform_chart,Tushare PIT financial proxy; consolidated statements and reconstructed TTM
h03-t10-single-20260911-candidates.report:H03-T10-SINGLE,H03-T10-SINGLE,impact60,"RANK(SUM((HIGH-LOW)/(DELAY(CLOSE,1)+0.000001),60)/(SUM(AMOUNT,60)+1))",16.443255999999998,15.337952869478096,-1.1053031305219019,16.696883304117524,17.86,9.37,8.987635149731668,0.38236485026833106,0.38236485026833106,comparable,True,,1.4167439999999998,15.280139304117524,-1.163116695882474,0.05781356536057203,-0.05781356536057203,False,18,120,platform_chart,market proxy: cached high/low/amount when present; otherwise open/close range and volume*average-price proxies
high-potential-5-20260910-candidates.report:NEW-GROWTH-REV-TTM,NEW-GROWTH-REV-TTM,growth_revenue,RANK(gr_revenue_ttm),-2.219848,-1.200667907056219,1.0191800929437809,-0.06688085116146031,-1.42,5.29,7.498591639515599,-2.208591639515599,2.208591639515599,comparable,True,,0.799848,-0.8667288511614604,1.3531191488385395,-0.3339390558947586,-0.3339390558947586,False,0,120,platform_chart,Tushare PIT financial proxy; consolidated statements and reconstructed TTM
high-potential-5-20260910-candidates.report:NEW-GROWTH-ROE-TTM,NEW-GROWTH-ROE-TTM,growth_roe,RANK(gr_roe_ttm),-2.431872,-2.8181650520524015,-0.3862930520524017,-1.403846450640213,-1.44,6.559999999999999,9.353959004048864,-2.7939590040488653,2.7939590040488653,comparable,True,,0.9918719999999999,-2.3957184506402127,0.036153549359787096,-0.4224466014121888,0.3501395026926146,False,1,120,platform_chart,"Tushare PIT proxy: YoY growth of TTM attributable net income / average announced equity, ranked cross-sectionally"
high-potential-5-20260910-candidates.report:NEW-HIST-ROE-6Q,NEW-HIST-ROE-6Q,quality_roe_tsrank756,"TS_RANK(oper_roe_ttm,756)",-2.711384,1.1668149090968984,3.8781989090968985,3.338425360491854,-1.34,9.07,14.362502985416373,-5.292502985416372,5.292502985416372,comparable,True,,1.371384,1.9670413604918544,4.678425360491854,-0.800226451394956,-0.8002264513949555,False,1,53,platform_chart,Tushare PIT financial proxy; consolidated statements and reconstructed TTM
high-potential-5-20260910-candidates.report:NEW-VALUE-EVEBITDA,NEW-VALUE-EVEBITDA,ev_ebitda_proxy,RANK(-ratio_ev_ebitda_ttm),3.3196399999999997,1.4370781164442432,-1.8825618835557565,2.278602623460117,4.31,6.550000000000001,5.565638273914509,0.984361726085492,0.984361726085492,comparable,True,,0.99036,1.288242623460117,-2.031397376539883,0.14883549298412624,-0.14883549298412646,False,0,120,platform_chart,PIT proxy: EV uses market cap plus liabilities less cash when present; EBITDA falls back to TTM operating profit
ht13-momentum-120d-d0.report:HT13-MOMENTUM-120D-D0,HT13-MOMENTUM-120D-D0,momentum120,"RETURNS(CLOSE,120)",2.291336000000001,0.4159613260869152,-1.8753746739130859,5.730575068873722,7.73,35.97,35.149561790918035,0.820438209081964,0.820438209081964,comparable,True,,5.438664,0.29191106887372154,-1.9994249311262795,0.12405025721319368,-0.12405025721319363,False,,120,reference_chart_10d,direct local market-data reconstruction
huatai-momentum-weighted-20260909.report:HT13-EXPWRET-3M,HT13-EXPWRET-3M,exp_weighted_reversal63,"-(TURNOVER * RETURNS(CLOSE,1) + 0.920044414629 * DELAY(TURNOVER * RETURNS(CLOSE,1),1) + 0.846481724891 * DELAY(TURNOVER * RETURNS(CLOSE,1),2) + 0.778800783071 * DELAY(TURNOVER * RETURNS(CLOSE,1),3) + 0.716531310574 * DELAY(TURNOVER * RETURNS(CLOSE,1),4) + 0.659240630200 * DELAY(TURNOVER * RETURNS(CLOSE,1),5) + 0.606530659713 * DELAY(TURNOVER * RETURNS(CLOSE,1),6) + 0.558035145770 * DELAY(TURNOVER * RETURNS(CLOSE,1),7) + 0.513417119033 * DELAY(TURNOVER * RETURNS(CLOSE,1),8) + 0.472366552741 * DELAY(TURNOVER * RETURNS(CLOSE,1),9) + 0.434598208507 * DELAY(TURNOVER * RETURNS(CLOSE,1),10) + 0.399849654345 * DELAY(TURNOVER * RETURNS(CLOSE,1),11) + 0.367879441171 * DELAY(TURNOVER * RETURNS(CLOSE,1),12) + 0.338465425107 * DELAY(TURNOVER * RETURNS(CLOSE,1),13) + 0.311403223915 * DELAY(TURNOVER * RETURNS(CLOSE,1),14) + 0.286504796860 * DELAY(TURNOVER * RETURNS(CLOSE,1),15) + 0.263597138116 * DELAY(TURNOVER * RETURNS(CLOSE,1),16) + 0.242521074636 * DELAY(TURNOVER * RETURNS(CLOSE,1),17) + 0.223130160148 * DELAY(TURNOVER * RETURNS(CLOSE,1),18) + 0.205289657580 * DELAY(TURNOVER * RETURNS(CLOSE,1),19) + 0.188875602838 * DELAY(TURNOVER * RETURNS(CLOSE,1),20) + 0.173773943450 * DELAY(TURNOVER * RETURNS(CLOSE,1),21) + 0.159879746080 * DELAY(TURNOVER * RETURNS(CLOSE,1),22) + 0.147096467393 * DELAY(TURNOVER * RETURNS(CLOSE,1),23) + 0.135335283237 * DELAY(TURNOVER * RETURNS(CLOSE,1),24) + 0.124514471444 * DELAY(TURNOVER * RETURNS(CLOSE,1),25) + 0.114558843993 * DELAY(TURNOVER * RETURNS(CLOSE,1),26) + 0.105399224562 * DELAY(TURNOVER * RETURNS(CLOSE,1),27) + 0.096971967864 * DELAY(TURNOVER * RETURNS(CLOSE,1),28) + 0.089218517409 * DELAY(TURNOVER * RETURNS(CLOSE,1),29) + 0.082084998624 * DELAY(TURNOVER * RETURNS(CLOSE,1),30) + 0.075521844509 * DELAY(TURNOVER * RETURNS(CLOSE,1),31) + 0.069483451223 * DELAY(TURNOVER * RETURNS(CLOSE,1),32) + 0.063927861207 * DELAY(TURNOVER * RETURNS(CLOSE,1),33) + 0.058816471642 * DELAY(TURNOVER * RETURNS(CLOSE,1),34) + 0.054113766223 * DELAY(TURNOVER * RETURNS(CLOSE,1),35) + 0.049787068368 * DELAY(TURNOVER * RETURNS(CLOSE,1),36) + 0.045806314173 * DELAY(TURNOVER * RETURNS(CLOSE,1),37) + 0.042143843509 * DELAY(TURNOVER * RETURNS(CLOSE,1),38) + 0.038774207832 * DELAY(TURNOVER * RETURNS(CLOSE,1),39) + 0.035673993347 * DELAY(TURNOVER * RETURNS(CLOSE,1),40) + 0.032821658327 * DELAY(TURNOVER * RETURNS(CLOSE,1),41) + 0.030197383422 * DELAY(TURNOVER * RETURNS(CLOSE,1),42) + 0.027782933954 * DELAY(TURNOVER * RETURNS(CLOSE,1),43) + 0.025561533207 * DELAY(TURNOVER * RETURNS(CLOSE,1),44) + 0.023517745856 * DELAY(TURNOVER * RETURNS(CLOSE,1),45) + 0.021637370719 * DELAY(TURNOVER * RETURNS(CLOSE,1),46) + 0.019907342078 * DELAY(TURNOVER * RETURNS(CLOSE,1),47) + 0.018315638889 * DELAY(TURNOVER * RETURNS(CLOSE,1),48) + 0.016851201260 * DELAY(TURNOVER * RETURNS(CLOSE,1),49) + 0.015503853599 * DELAY(TURNOVER * RETURNS(CLOSE,1),50) + 0.014264233909 * DELAY(TURNOVER * RETURNS(CLOSE,1),51) + 0.013123728737 * DELAY(TURNOVER * RETURNS(CLOSE,1),52) + 0.012074413324 * DELAY(TURNOVER * RETURNS(CLOSE,1),53) + 0.011108996538 * DELAY(TURNOVER * RETURNS(CLOSE,1),54) + 0.010220770217 * DELAY(TURNOVER * RETURNS(CLOSE,1),55) + 0.009403562551 * DELAY(TURNOVER * RETURNS(CLOSE,1),56) + 0.008651695203 * DELAY(TURNOVER * RETURNS(CLOSE,1),57) + 0.007959943849 * DELAY(TURNOVER * RETURNS(CLOSE,1),58) + 0.007323501879 * DELAY(TURNOVER * RETURNS(CLOSE,1),59) + 0.006737946999 * DELAY(TURNOVER * RETURNS(CLOSE,1),60) + 0.006199210503 * DELAY(TURNOVER * RETURNS(CLOSE,1),61) + 0.005703548998 * DELAY(TURNOVER * RETURNS(CLOSE,1),62)) / (TURNOVER + 0.920044414629 * DELAY(TURNOVER,1) + 0.846481724891 * DELAY(TURNOVER,2) + 0.778800783071 * DELAY(TURNOVER,3) + 0.716531310574 * DELAY(TURNOVER,4) + 0.659240630200 * DELAY(TURNOVER,5) + 0.606530659713 * DELAY(TURNOVER,6) + 0.558035145770 * DELAY(TURNOVER,7) + 0.513417119033 * DELAY(TURNOVER,8) + 0.472366552741 * DELAY(TURNOVER,9) + 0.434598208507 * DELAY(TURNOVER,10) + 0.399849654345 * DELAY(TURNOVER,11) + 0.367879441171 * DELAY(TURNOVER,12) + 0.338465425107 * DELAY(TURNOVER,13) + 0.311403223915 * DELAY(TURNOVER,14) + 0.286504796860 * DELAY(TURNOVER,15) + 0.263597138116 * DELAY(TURNOVER,16) + 0.242521074636 * DELAY(TURNOVER,17) + 0.223130160148 * DELAY(TURNOVER,18) + 0.205289657580 * DELAY(TURNOVER,19) + 0.188875602838 * DELAY(TURNOVER,20) + 0.173773943450 * DELAY(TURNOVER,21) + 0.159879746080 * DELAY(TURNOVER,22) + 0.147096467393 * DELAY(TURNOVER,23) + 0.135335283237 * DELAY(TURNOVER,24) + 0.124514471444 * DELAY(TURNOVER,25) + 0.114558843993 * DELAY(TURNOVER,26) + 0.105399224562 * DELAY(TURNOVER,27) + 0.096971967864 * DELAY(TURNOVER,28) + 0.089218517409 * DELAY(TURNOVER,29) + 0.082084998624 * DELAY(TURNOVER,30) + 0.075521844509 * DELAY(TURNOVER,31) + 0.069483451223 * DELAY(TURNOVER,32) + 0.063927861207 * DELAY(TURNOVER,33) + 0.058816471642 * DELAY(TURNOVER,34) + 0.054113766223 * DELAY(TURNOVER,35) + 0.049787068368 * DELAY(TURNOVER,36) + 0.045806314173 * DELAY(TURNOVER,37) + 0.042143843509 * DELAY(TURNOVER,38) + 0.038774207832 * DELAY(TURNOVER,39) + 0.035673993347 * DELAY(TURNOVER,40) + 0.032821658327 * DELAY(TURNOVER,41) + 0.030197383422 * DELAY(TURNOVER,42) + 0.027782933954 * DELAY(TURNOVER,43) + 0.025561533207 * DELAY(TURNOVER,44) + 0.023517745856 * DELAY(TURNOVER,45) + 0.021637370719 * DELAY(TURNOVER,46) + 0.019907342078 * DELAY(TURNOVER,47) + 0.018315638889 * DELAY(TURNOVER,48) + 0.016851201260 * DELAY(TURNOVER,49) + 0.015503853599 * DELAY(TURNOVER,50) + 0.014264233909 * DELAY(TURNOVER,51) + 0.013123728737 * DELAY(TURNOVER,52) + 0.012074413324 * DELAY(TURNOVER,53) + 0.011108996538 * DELAY(TURNOVER,54) + 0.010220770217 * DELAY(TURNOVER,55) + 0.009403562551 * DELAY(TURNOVER,56) + 0.008651695203 * DELAY(TURNOVER,57) + 0.007959943849 * DELAY(TURNOVER,58) + 0.007323501879 * DELAY(TURNOVER,59) + 0.006737946999 * DELAY(TURNOVER,60) + 0.006199210503 * DELAY(TURNOVER,61) + 0.005703548998 * DELAY(TURNOVER,62))",-1.588487999999999,-3.8743227241262876,-2.2858347241262886,5.5293021821097295,7.86,62.49,62.19328641690488,0.29671358309512064,0.29671358309512064,comparable,True,,9.448488,-3.9191858178902694,-2.3306978178902704,0.04486309376398179,-0.04486309376398179,False,19,120,platform_chart,direct local market-data reconstruction
huatai-momentum-weighted-20260909.report:HT13-EXPWRET-6M,HT13-EXPWRET-6M,exp_weighted_reversal126,"-(TURNOVER * RETURNS(CLOSE,1) + 0.959189457109 * DELAY(TURNOVER * RETURNS(CLOSE,1),1) + 0.920044414629 * DELAY(TURNOVER * RETURNS(CLOSE,1),2) + 0.882496902585 * DELAY(TURNOVER * RETURNS(CLOSE,1),3) + 0.846481724891 * DELAY(TURNOVER * RETURNS(CLOSE,1),4) + 0.811936346151 * DELAY(TURNOVER * RETURNS(CLOSE,1),5) + 0.778800783071 * DELAY(TURNOVER * RETURNS(CLOSE,1),6) + 0.747017500310 * DELAY(TURNOVER * RETURNS(CLOSE,1),7) + 0.716531310574 * DELAY(TURNOVER * RETURNS(CLOSE,1),8) + 0.687289278791 * DELAY(TURNOVER * RETURNS(CLOSE,1),9) + 0.659240630200 * DELAY(TURNOVER * RETURNS(CLOSE,1),10) + 0.632336662186 * DELAY(TURNOVER * RETURNS(CLOSE,1),11) + 0.606530659713 * DELAY(TURNOVER * RETURNS(CLOSE,1),12) + 0.581777814210 * DELAY(TURNOVER * RETURNS(CLOSE,1),13) + 0.558035145770 * DELAY(TURNOVER * RETURNS(CLOSE,1),14) + 0.535261428519 * DELAY(TURNOVER * RETURNS(CLOSE,1),15) + 0.513417119033 * DELAY(TURNOVER * RETURNS(CLOSE,1),16) + 0.492464287675 * DELAY(TURNOVER * RETURNS(CLOSE,1),17) + 0.472366552741 * DELAY(TURNOVER * RETURNS(CLOSE,1),18) + 0.453089017280 * DELAY(TURNOVER * RETURNS(CLOSE,1),19) + 0.434598208507 * DELAY(TURNOVER * RETURNS(CLOSE,1),20) + 0.416862019679 * DELAY(TURNOVER * RETURNS(CLOSE,1),21) + 0.399849654345 * DELAY(TURNOVER * RETURNS(CLOSE,1),22) + 0.383531572876 * DELAY(TURNOVER * RETURNS(CLOSE,1),23) + 0.367879441171 * DELAY(TURNOVER * RETURNS(CLOSE,1),24) + 0.352866081459 * DELAY(TURNOVER * RETURNS(CLOSE,1),25) + 0.338465425107 * DELAY(TURNOVER * RETURNS(CLOSE,1),26) + 0.324652467358 * DELAY(TURNOVER * RETURNS(CLOSE,1),27) + 0.311403223915 * DELAY(TURNOVER * RETURNS(CLOSE,1),28) + 0.298694689289 * DELAY(TURNOVER * RETURNS(CLOSE,1),29) + 0.286504796860 * DELAY(TURNOVER * RETURNS(CLOSE,1),30) + 0.274812380559 * DELAY(TURNOVER * RETURNS(CLOSE,1),31) + 0.263597138116 * DELAY(TURNOVER * RETURNS(CLOSE,1),32) + 0.252839595805 * DELAY(TURNOVER * RETURNS(CLOSE,1),33) + 0.242521074636 * DELAY(TURNOVER * RETURNS(CLOSE,1),34) + 0.232623657917 * DELAY(TURNOVER * RETURNS(CLOSE,1),35) + 0.223130160148 * DELAY(TURNOVER * RETURNS(CLOSE,1),36) + 0.214024097177 * DELAY(TURNOVER * RETURNS(CLOSE,1),37) + 0.205289657580 * DELAY(TURNOVER * RETURNS(CLOSE,1),38) + 0.196911675204 * DELAY(TURNOVER * RETURNS(CLOSE,1),39) + 0.188875602838 * DELAY(TURNOVER * RETURNS(CLOSE,1),40) + 0.181167486947 * DELAY(TURNOVER * RETURNS(CLOSE,1),41) + 0.173773943450 * DELAY(TURNOVER * RETURNS(CLOSE,1),42) + 0.166682134478 * DELAY(TURNOVER * RETURNS(CLOSE,1),43) + 0.159879746080 * DELAY(TURNOVER * RETURNS(CLOSE,1),44) + 0.153354966845 * DELAY(TURNOVER * RETURNS(CLOSE,1),45) + 0.147096467393 * DELAY(TURNOVER * RETURNS(CLOSE,1),46) + 0.141093380701 * DELAY(TURNOVER * RETURNS(CLOSE,1),47) + 0.135335283237 * DELAY(TURNOVER * RETURNS(CLOSE,1),48) + 0.129812176855 * DELAY(TURNOVER * RETURNS(CLOSE,1),49) + 0.124514471444 * DELAY(TURNOVER * RETURNS(CLOSE,1),50) + 0.119432968267 * DELAY(TURNOVER * RETURNS(CLOSE,1),51) + 0.114558843993 * DELAY(TURNOVER * RETURNS(CLOSE,1),52) + 0.109883635376 * DELAY(TURNOVER * RETURNS(CLOSE,1),53) + 0.105399224562 * DELAY(TURNOVER * RETURNS(CLOSE,1),54) + 0.101097824987 * DELAY(TURNOVER * RETURNS(CLOSE,1),55) + 0.096971967864 * DELAY(TURNOVER * RETURNS(CLOSE,1),56) + 0.093014489211 * DELAY(TURNOVER * RETURNS(CLOSE,1),57) + 0.089218517409 * DELAY(TURNOVER * RETURNS(CLOSE,1),58) + 0.085577461278 * DELAY(TURNOVER * RETURNS(CLOSE,1),59) + 0.082084998624 * DELAY(TURNOVER * RETURNS(CLOSE,1),60) + 0.078735065267 * DELAY(TURNOVER * RETURNS(CLOSE,1),61) + 0.075521844509 * DELAY(TURNOVER * RETURNS(CLOSE,1),62) + 0.072439757034 * DELAY(TURNOVER * RETURNS(CLOSE,1),63) + 0.069483451223 * DELAY(TURNOVER * RETURNS(CLOSE,1),64) + 0.066647793856 * DELAY(TURNOVER * RETURNS(CLOSE,1),65) + 0.063927861207 * DELAY(TURNOVER * RETURNS(CLOSE,1),66) + 0.061318930485 * DELAY(TURNOVER * RETURNS(CLOSE,1),67) + 0.058816471642 * DELAY(TURNOVER * RETURNS(CLOSE,1),68) + 0.056416139504 * DELAY(TURNOVER * RETURNS(CLOSE,1),69) + 0.054113766223 * DELAY(TURNOVER * RETURNS(CLOSE,1),70) + 0.051905354045 * DELAY(TURNOVER * RETURNS(CLOSE,1),71) + 0.049787068368 * DELAY(TURNOVER * RETURNS(CLOSE,1),72) + 0.047755231079 * DELAY(TURNOVER * RETURNS(CLOSE,1),73) + 0.045806314173 * DELAY(TURNOVER * RETURNS(CLOSE,1),74) + 0.043936933623 * DELAY(TURNOVER * RETURNS(CLOSE,1),75) + 0.042143843509 * DELAY(TURNOVER * RETURNS(CLOSE,1),76) + 0.040423930376 * DELAY(TURNOVER * RETURNS(CLOSE,1),77) + 0.038774207832 * DELAY(TURNOVER * RETURNS(CLOSE,1),78) + 0.037191811360 * DELAY(TURNOVER * RETURNS(CLOSE,1),79) + 0.035673993347 * DELAY(TURNOVER * RETURNS(CLOSE,1),80) + 0.034218118312 * DELAY(TURNOVER * RETURNS(CLOSE,1),81) + 0.032821658327 * DELAY(TURNOVER * RETURNS(CLOSE,1),82) + 0.031482188632 * DELAY(TURNOVER * RETURNS(CLOSE,1),83) + 0.030197383422 * DELAY(TURNOVER * RETURNS(CLOSE,1),84) + 0.028965011811 * DELAY(TURNOVER * RETURNS(CLOSE,1),85) + 0.027782933954 * DELAY(TURNOVER * RETURNS(CLOSE,1),86) + 0.026649097336 * DELAY(TURNOVER * RETURNS(CLOSE,1),87) + 0.025561533207 * DELAY(TURNOVER * RETURNS(CLOSE,1),88) + 0.024518353159 * DELAY(TURNOVER * RETURNS(CLOSE,1),89) + 0.023517745856 * DELAY(TURNOVER * RETURNS(CLOSE,1),90) + 0.022557973880 * DELAY(TURNOVER * RETURNS(CLOSE,1),91) + 0.021637370719 * DELAY(TURNOVER * RETURNS(CLOSE,1),92) + 0.020754337874 * DELAY(TURNOVER * RETURNS(CLOSE,1),93) + 0.019907342078 * DELAY(TURNOVER * RETURNS(CLOSE,1),94) + 0.019094912640 * DELAY(TURNOVER * RETURNS(CLOSE,1),95) + 0.018315638889 * DELAY(TURNOVER * RETURNS(CLOSE,1),96) + 0.017568167722 * DELAY(TURNOVER * RETURNS(CLOSE,1),97) + 0.016851201260 * DELAY(TURNOVER * RETURNS(CLOSE,1),98) + 0.016163494588 * DELAY(TURNOVER * RETURNS(CLOSE,1),99) + 0.015503853599 * DELAY(TURNOVER * RETURNS(CLOSE,1),100) + 0.014871132917 * DELAY(TURNOVER * RETURNS(CLOSE,1),101) + 0.014264233909 * DELAY(TURNOVER * RETURNS(CLOSE,1),102) + 0.013682102779 * DELAY(TURNOVER * RETURNS(CLOSE,1),103) + 0.013123728737 * DELAY(TURNOVER * RETURNS(CLOSE,1),104) + 0.012588142242 * DELAY(TURNOVER * RETURNS(CLOSE,1),105) + 0.012074413324 * DELAY(TURNOVER * RETURNS(CLOSE,1),106) + 0.011581649961 * DELAY(TURNOVER * RETURNS(CLOSE,1),107) + 0.011108996538 * DELAY(TURNOVER * RETURNS(CLOSE,1),108) + 0.010655632359 * DELAY(TURNOVER * RETURNS(CLOSE,1),109) + 0.010220770217 * DELAY(TURNOVER * RETURNS(CLOSE,1),110) + 0.009803655036 * DELAY(TURNOVER * RETURNS(CLOSE,1),111) + 0.009403562551 * DELAY(TURNOVER * RETURNS(CLOSE,1),112) + 0.009019798059 * DELAY(TURNOVER * RETURNS(CLOSE,1),113) + 0.008651695203 * DELAY(TURNOVER * RETURNS(CLOSE,1),114) + 0.008298614825 * DELAY(TURNOVER * RETURNS(CLOSE,1),115) + 0.007959943849 * DELAY(TURNOVER * RETURNS(CLOSE,1),116) + 0.007635094219 * DELAY(TURNOVER * RETURNS(CLOSE,1),117) + 0.007323501879 * DELAY(TURNOVER * RETURNS(CLOSE,1),118) + 0.007024625791 * DELAY(TURNOVER * RETURNS(CLOSE,1),119) + 0.006737946999 * DELAY(TURNOVER * RETURNS(CLOSE,1),120) + 0.006462967724 * DELAY(TURNOVER * RETURNS(CLOSE,1),121) + 0.006199210503 * DELAY(TURNOVER * RETURNS(CLOSE,1),122) + 0.005946217356 * DELAY(TURNOVER * RETURNS(CLOSE,1),123) + 0.005703548998 * DELAY(TURNOVER * RETURNS(CLOSE,1),124) + 0.005470784067 * DELAY(TURNOVER * RETURNS(CLOSE,1),125)) / (TURNOVER + 0.959189457109 * DELAY(TURNOVER,1) + 0.920044414629 * DELAY(TURNOVER,2) + 0.882496902585 * DELAY(TURNOVER,3) + 0.846481724891 * DELAY(TURNOVER,4) + 0.811936346151 * DELAY(TURNOVER,5) + 0.778800783071 * DELAY(TURNOVER,6) + 0.747017500310 * DELAY(TURNOVER,7) + 0.716531310574 * DELAY(TURNOVER,8) + 0.687289278791 * DELAY(TURNOVER,9) + 0.659240630200 * DELAY(TURNOVER,10) + 0.632336662186 * DELAY(TURNOVER,11) + 0.606530659713 * DELAY(TURNOVER,12) + 0.581777814210 * DELAY(TURNOVER,13) + 0.558035145770 * DELAY(TURNOVER,14) + 0.535261428519 * DELAY(TURNOVER,15) + 0.513417119033 * DELAY(TURNOVER,16) + 0.492464287675 * DELAY(TURNOVER,17) + 0.472366552741 * DELAY(TURNOVER,18) + 0.453089017280 * DELAY(TURNOVER,19) + 0.434598208507 * DELAY(TURNOVER,20) + 0.416862019679 * DELAY(TURNOVER,21) + 0.399849654345 * DELAY(TURNOVER,22) + 0.383531572876 * DELAY(TURNOVER,23) + 0.367879441171 * DELAY(TURNOVER,24) + 0.352866081459 * DELAY(TURNOVER,25) + 0.338465425107 * DELAY(TURNOVER,26) + 0.324652467358 * DELAY(TURNOVER,27) + 0.311403223915 * DELAY(TURNOVER,28) + 0.298694689289 * DELAY(TURNOVER,29) + 0.286504796860 * DELAY(TURNOVER,30) + 0.274812380559 * DELAY(TURNOVER,31) + 0.263597138116 * DELAY(TURNOVER,32) + 0.252839595805 * DELAY(TURNOVER,33) + 0.242521074636 * DELAY(TURNOVER,34) + 0.232623657917 * DELAY(TURNOVER,35) + 0.223130160148 * DELAY(TURNOVER,36) + 0.214024097177 * DELAY(TURNOVER,37) + 0.205289657580 * DELAY(TURNOVER,38) + 0.196911675204 * DELAY(TURNOVER,39) + 0.188875602838 * DELAY(TURNOVER,40) + 0.181167486947 * DELAY(TURNOVER,41) + 0.173773943450 * DELAY(TURNOVER,42) + 0.166682134478 * DELAY(TURNOVER,43) + 0.159879746080 * DELAY(TURNOVER,44) + 0.153354966845 * DELAY(TURNOVER,45) + 0.147096467393 * DELAY(TURNOVER,46) + 0.141093380701 * DELAY(TURNOVER,47) + 0.135335283237 * DELAY(TURNOVER,48) + 0.129812176855 * DELAY(TURNOVER,49) + 0.124514471444 * DELAY(TURNOVER,50) + 0.119432968267 * DELAY(TURNOVER,51) + 0.114558843993 * DELAY(TURNOVER,52) + 0.109883635376 * DELAY(TURNOVER,53) + 0.105399224562 * DELAY(TURNOVER,54) + 0.101097824987 * DELAY(TURNOVER,55) + 0.096971967864 * DELAY(TURNOVER,56) + 0.093014489211 * DELAY(TURNOVER,57) + 0.089218517409 * DELAY(TURNOVER,58) + 0.085577461278 * DELAY(TURNOVER,59) + 0.082084998624 * DELAY(TURNOVER,60) + 0.078735065267 * DELAY(TURNOVER,61) + 0.075521844509 * DELAY(TURNOVER,62) + 0.072439757034 * DELAY(TURNOVER,63) + 0.069483451223 * DELAY(TURNOVER,64) + 0.066647793856 * DELAY(TURNOVER,65) + 0.063927861207 * DELAY(TURNOVER,66) + 0.061318930485 * DELAY(TURNOVER,67) + 0.058816471642 * DELAY(TURNOVER,68) + 0.056416139504 * DELAY(TURNOVER,69) + 0.054113766223 * DELAY(TURNOVER,70) + 0.051905354045 * DELAY(TURNOVER,71) + 0.049787068368 * DELAY(TURNOVER,72) + 0.047755231079 * DELAY(TURNOVER,73) + 0.045806314173 * DELAY(TURNOVER,74) + 0.043936933623 * DELAY(TURNOVER,75) + 0.042143843509 * DELAY(TURNOVER,76) + 0.040423930376 * DELAY(TURNOVER,77) + 0.038774207832 * DELAY(TURNOVER,78) + 0.037191811360 * DELAY(TURNOVER,79) + 0.035673993347 * DELAY(TURNOVER,80) + 0.034218118312 * DELAY(TURNOVER,81) + 0.032821658327 * DELAY(TURNOVER,82) + 0.031482188632 * DELAY(TURNOVER,83) + 0.030197383422 * DELAY(TURNOVER,84) + 0.028965011811 * DELAY(TURNOVER,85) + 0.027782933954 * DELAY(TURNOVER,86) + 0.026649097336 * DELAY(TURNOVER,87) + 0.025561533207 * DELAY(TURNOVER,88) + 0.024518353159 * DELAY(TURNOVER,89) + 0.023517745856 * DELAY(TURNOVER,90) + 0.022557973880 * DELAY(TURNOVER,91) + 0.021637370719 * DELAY(TURNOVER,92) + 0.020754337874 * DELAY(TURNOVER,93) + 0.019907342078 * DELAY(TURNOVER,94) + 0.019094912640 * DELAY(TURNOVER,95) + 0.018315638889 * DELAY(TURNOVER,96) + 0.017568167722 * DELAY(TURNOVER,97) + 0.016851201260 * DELAY(TURNOVER,98) + 0.016163494588 * DELAY(TURNOVER,99) + 0.015503853599 * DELAY(TURNOVER,100) + 0.014871132917 * DELAY(TURNOVER,101) + 0.014264233909 * DELAY(TURNOVER,102) + 0.013682102779 * DELAY(TURNOVER,103) + 0.013123728737 * DELAY(TURNOVER,104) + 0.012588142242 * DELAY(TURNOVER,105) + 0.012074413324 * DELAY(TURNOVER,106) + 0.011581649961 * DELAY(TURNOVER,107) + 0.011108996538 * DELAY(TURNOVER,108) + 0.010655632359 * DELAY(TURNOVER,109) + 0.010220770217 * DELAY(TURNOVER,110) + 0.009803655036 * DELAY(TURNOVER,111) + 0.009403562551 * DELAY(TURNOVER,112) + 0.009019798059 * DELAY(TURNOVER,113) + 0.008651695203 * DELAY(TURNOVER,114) + 0.008298614825 * DELAY(TURNOVER,115) + 0.007959943849 * DELAY(TURNOVER,116) + 0.007635094219 * DELAY(TURNOVER,117) + 0.007323501879 * DELAY(TURNOVER,118) + 0.007024625791 * DELAY(TURNOVER,119) + 0.006737946999 * DELAY(TURNOVER,120) + 0.006462967724 * DELAY(TURNOVER,121) + 0.006199210503 * DELAY(TURNOVER,122) + 0.005946217356 * DELAY(TURNOVER,123) + 0.005703548998 * DELAY(TURNOVER,124) + 0.005470784067 * DELAY(TURNOVER,125))",-26.27957599999999,0.3155226616900972,26.595098661690088,7.195221182117526,6.49,216.73,45.5006515901285,171.2293484098715,171.2293484098715,platform_turnover_over_100,False,platform_turnover_over_100;platform_high_local_low;large_turnover_gap,32.769576,-25.574354817882472,0.7052211821175192,25.88987747957257,25.88987747957257,True,19,120,platform_chart,direct local market-data reconstruction
huatai-momentum-weighted-20260909.report:HT13-WGTRET-1M,HT13-WGTRET-1M,weighted_reversal,"-SUM(TURNOVER * RETURNS(CLOSE,1),21) / SUM(TURNOVER,21)",-1.0025199999999987,-3.1410848044521904,-2.1385648044521917,7.523475908672698,9.71,70.85,70.53280894923869,0.3171910507613007,0.3171910507613007,comparable,True,,10.71252,-3.1890440913273004,-2.1865240913273016,0.047959286875109974,-0.047959286875109974,False,18,120,platform_chart,direct local market-data reconstruction
huatai-series13-candidates.report:HT13-ALPHA13,HT13-ALPHA13,alpha13,"-1 * RANK(COV(RANK(CLOSE), RANK(VOLUME), 5))",-20.200224,-20.166982254626983,0.033241745373015164,5.336183165443295,5.28,84.26,84.33586448435939,-0.0758644843593892,0.0758644843593892,comparable,True,,25.480224,-20.144040834556705,0.0561831654432936,-0.02294142007027844,-0.02294142007027844,False,12,241,platform_chart,direct local market-data reconstruction
huatai-series13-candidates.report:HT13-ALPHA15,HT13-ALPHA15,alpha15,"-1 * SUM(RANK(CORR(RANK(HIGH), RANK(VOLUME), 3)), 3)",-20.221792,-20.21921427132474,0.0025777286752592943,6.06565007046432,5.96,86.58,86.92084769110139,-0.3408476911013869,0.3408476911013869,comparable,True,,26.181791999999998,-20.116141929535676,0.10565007046432484,-0.10307234178906555,-0.10307234178906555,False,4,241,platform_chart,direct local market-data reconstruction
huatai-series13-candidates.report:HT13-ALPHA16,HT13-ALPHA16,alpha16,"-1 * RANK(COV(RANK(HIGH), RANK(VOLUME), 5))",-20.010767999999995,-18.778573381611697,1.2321946183882986,7.031417030188935,5.79,85.32,85.35049739352061,-0.030497393520612093,0.030497393520612093,comparable,True,,25.800767999999998,-18.76935096981106,1.2414170301889342,-0.009222411800635655,-0.009222411800635655,False,13,241,platform_chart,direct local market-data reconstruction
huatai-series13-candidates.report:HT13-ALPHA3,HT13-ALPHA3,alpha3,"-1 * CORR(RANK(OPEN), RANK(VOLUME), 10)",-18.039536000000002,-16.484936623411325,1.5545993765886763,7.217743121345974,5.59,78.14,78.38187746282176,-0.24187746282176015,0.24187746282176015,comparable,True,,23.629535999999998,-16.411792878654026,1.6277431213459757,-0.07314374475729934,-0.07314374475729934,False,9,241,platform_chart,direct local market-data reconstruction
huatai-series13-candidates.report:HT13-ALPHA44,HT13-ALPHA44,alpha44,"-1 * CORR(HIGH, RANK(VOLUME), 5)",-18.108976000000002,-17.1308448124859,0.9781311875141014,8.953416634216056,7.969999999999999,86.24,86.25747832904086,-0.017478329040865326,0.017478329040865326,comparable,True,,26.078975999999997,-17.125559365783943,0.9834166342160593,-0.005285446701957852,-0.005285446701957852,False,16,241,platform_chart,direct local market-data reconstruction
huatai-series13-candidates.report:HT13-ALPHA50-TP,HT13-ALPHA50-TP,alpha50,"-1 * TS_MAX(RANK(CORR(RANK(VOLUME), RANK((HIGH + LOW + CLOSE) / 3), 5)), 5)",-18.88128,-18.715136398039352,0.16614360196064837,5.385228428880032,5.22,79.7,79.69697363399267,0.0030263660073304166,0.0030263660073304166,comparable,True,,24.101280000000003,-18.71605157111997,0.16522842888003098,0.000915173080617393,0.000915173080617393,False,7,241,platform_chart,direct local market-data reconstruction
huatai-series13-candidates.report:HT13-ALPHA55,HT13-ALPHA55,alpha55,"-1 * CORR(RANK((CLOSE - TS_MIN(LOW,12)) / (TS_MAX(HIGH,12) - TS_MIN(LOW,12))), RANK(VOLUME), 6)",-22.256192,-19.492103278243988,2.7640887217560106,6.670607812806184,3.85,86.33,86.5169017561183,-0.18690175611830728,0.18690175611830728,comparable,True,,26.106192,-19.435584187193815,2.820607812806184,-0.05651909105017339,-0.05651909105017339,False,8,241,platform_chart,direct local market-data reconstruction
huatai-series13-candidates.report:HT13-GROWTH-NP,HT13-GROWTH-NP,growth_net_profit,gr_net_profit_ttm,-4.437024,-0.7161430476742883,3.720880952325712,0.5198591884123135,-3.3000000000000003,3.7599999999999993,4.087308981767863,-0.32730898176786327,0.32730898176786327,comparable,True,,1.1370239999999998,-0.6171648115876863,3.819859188412314,-0.09897823608660195,-0.09897823608660206,False,0,241,platform_chart,Tushare PIT financial proxy; consolidated statements and reconstructed TTM
huatai-series13-candidates.report:HT13-GROWTH-OCF,HT13-GROWTH-OCF,growth_ocf,gr_ocf_ttm,-0.6043680000000002,0.12386235922850555,0.7282303592285058,1.6918988044551064,1.08,5.57,5.185305705114421,0.38469429488557916,0.38469429488557916,comparable,True,,1.684368,0.007530804455106385,0.6118988044551066,0.11633155477339917,0.11633155477339918,False,1,241,platform_chart,Tushare PIT financial proxy; consolidated statements and reconstructed TTM
huatai-series13-candidates.report:HT13-HIST-EP-2Q,HT13-HIST-EP-2Q,value_ep_tsrank126,"TS_RANK(ratio_ep_ttm,126)",-12.172351999999998,-10.94586458699856,1.226487413001438,3.11954620066319,2.11,47.23,46.51260181105076,0.7173981889492365,0.7173981889492365,comparable,True,,14.282351999999998,-11.162805799336809,1.0095462006631895,0.2169412123382486,0.2169412123382486,False,3,233,platform_chart,Tushare PIT financial proxy; consolidated statements and reconstructed TTM
huatai-series13-candidates.report:HT13-HIST-ROA-6Q,HT13-HIST-ROA-6Q,quality_roa_tsrank756,"TS_RANK(oper_roa_net_ttm,756)",-4.744400000000001,-3.838229124447675,0.9061708755523257,-2.346205993437296,-2.93,6.0,4.9339389252988735,1.0660610747011259,1.0660610747011259,comparable,True,,1.8144,-4.160605993437295,0.5837940065627052,0.3223768689896205,0.3223768689896205,False,3,107,platform_chart,Tushare PIT proxy: strict 756-day TS_RANK of TTM net income / announced total assets
huatai-series13-candidates.report:HT13-MOMENTUM-120D,HT13-MOMENTUM-120D,momentum120,"RETURNS(CLOSE,120)",-32.864704,-31.507952007705153,1.3567519922948499,-25.648609668995693,-26.979999999999997,19.46,19.37613207245193,0.08386792754807026,0.08386792754807026,comparable,True,,5.884703999999999,-31.533313668995692,1.331390331004311,0.02536166129053896,0.02536166129053896,False,4,234,platform_chart,direct local market-data reconstruction
huatai-series13-candidates.report:HT13-QUALITY-CASH-DEBT,HT13-QUALITY-CASH-DEBT,quality_cash_debt,cfd_ocf_to_debt_ttm,-3.1094399999999998,-3.017015519813852,0.09242448018614757,-1.5583368056888944,-2.55,1.8500000000000003,4.823672996444966,-2.9736729964449657,2.9736729964449657,comparable,True,,0.5594400000000002,-2.1177768056888944,0.9916631943111054,-0.8992387141249578,-0.8992387141249578,False,7,241,platform_chart,Tushare PIT financial proxy; consolidated statements and reconstructed TTM
huatai-series13-candidates.report:HT13-QUALITY-ROE,HT13-QUALITY-ROE,quality_roe,oper_roe_ttm,-11.205248,-11.698276343580053,-0.493028343580054,-9.88857047101556,-10.67,1.77,5.984477091813796,-4.214477091813796,4.214477091813796,comparable,True,,0.535248,-10.423818471015561,0.7814295289844377,-1.2744578725644917,-0.28840118540438375,False,13,241,platform_chart,Tushare PIT financial proxy; consolidated statements and reconstructed TTM
huatai-series13-candidates.report:HT13-REVERSAL-20D,HT13-REVERSAL-20D,reversal20,"1 - RETURNS(CLOSE,20)",-8.653903999999997,-12.898502277664786,-4.244598277664789,2.722307459151779,7.21,52.459999999999994,51.65611685455214,0.803883145447859,0.803883145447859,comparable,True,,15.863903999999998,-13.14159654084822,-4.487692540848222,0.2430942631834334,-0.2430942631834334,False,19,241,platform_chart,direct local market-data reconstruction
huatai-series13-candidates.report:HT13-STYLE-EQ,HT13-STYLE-EQ,style_eq,"(RANK(ratio_bm_ttm) + RANK(gr_net_profit_ttm) + RANK(oper_roe_ttm) + RANK(1 - RETURNS(CLOSE,20)) + RANK(1 - MA(TURNOVER,21)) + RANK(1 - STDDEV(RETURNS(CLOSE,1),21))) / 6",-5.707552,-5.623468945402033,0.08408305459796672,0.9570239777320179,0.4099999999999999,20.23,21.760889296078208,-1.5308892960782083,1.5308892960782083,comparable,True,,6.117552000000001,-5.160528022267982,0.5470239777320174,-0.46294092313405066,-0.46294092313405066,False,9,241,platform_chart,Tushare PIT financial proxy; consolidated statements and reconstructed TTM
huatai-series13-candidates.report:HT13-TURN-BIAS-1M,HT13-TURN-BIAS-1M,turn_bias,"MA(TURNOVER,21) / MA(TURNOVER,504) - 1",6.428368,5.161556434994162,-1.2668115650058382,9.740974400350451,11.17,15.68,15.143577927765506,0.5364220722344937,0.5364220722344937,comparable,True,,4.741632,4.999342400350451,-1.429025599649549,0.16221403464371065,-0.16221403464371065,False,5,158,platform_chart,direct local market-data reconstruction
huatai-series13-candidates.report:HT13-TURN-STD-1M,HT13-TURN-STD-1M,turnover_std21,"STDDEV(TURNOVER,21)",-4.2477279999999995,-3.031864363552276,1.2158636364477236,2.87531919022514,1.6399999999999997,19.47,19.53433714873484,-0.06433714873484153,0.06433714873484153,comparable,True,,5.887727999999999,-3.0124088097748594,1.2353191902251401,-0.01945555377741659,-0.01945555377741659,False,5,241,platform_chart,direct local market-data reconstruction
huatai-series13-candidates.report:HT13-VALUE-BP,HT13-VALUE-BP,value_bm,ratio_bm_ttm,2.098992,0.5106491135510319,-1.588342886448968,1.7105341057179633,3.36,4.17,3.967873651345672,0.20212634865432802,0.20212634865432802,comparable,True,,1.2610080000000001,0.44952610571796314,-1.6494658942820368,0.06112300783306879,-0.0611230078330689,False,4,241,platform_chart,Tushare PIT financial proxy; consolidated statements and reconstructed TTM
huatai-series13-candidates.report:HT13-VALUE-EP,HT13-VALUE-EP,value_ep,ratio_ep_ttm,-3.876608,-3.244167635630741,0.6324403643692591,-1.9849119671346702,-2.54,4.42,4.164205252963198,0.25579474703680205,0.25579474703680205,comparable,True,,1.3366079999999998,-3.32151996713467,0.55508803286533,0.07735233150392906,0.07735233150392906,False,19,241,platform_chart,Tushare PIT financial proxy; consolidated statements and reconstructed TTM
huatai-series13-candidates.report:HT13-VALUE-EQ,HT13-VALUE-EQ,value_eq,(RANK(ratio_bm_ttm) + RANK(ratio_ep_ttm) + RANK(ratio_sp_ttm) - RANK(ratio_pcf_ocf_ttm)) / 4,-0.06128,0.18664953552316785,0.24792953552316785,1.550168780028356,1.36,4.7,4.508992210665305,0.1910077893346955,0.1910077893346955,comparable,True,,1.4212799999999999,0.12888878002835608,0.19016878002835608,0.05776075549481177,0.05776075549481177,False,19,241,platform_chart,Tushare PIT financial proxy; consolidated statements and reconstructed TTM
huatai-series13-candidates.report:HT13-VALUE-OCFP-LOW-PCF,HT13-VALUE-OCFP-LOW-PCF,value_pcf,ratio_pcf_ocf_ttm,-2.8355360000000003,-3.236315460706391,-0.4007794607063908,-1.6225636864408528,-1.13,5.64,5.336480735005086,0.30351926499491355,0.30351926499491355,comparable,True,,1.705536,-3.3280996864408525,-0.49256368644085224,0.09178422573446143,-0.09178422573446143,False,20,241,platform_chart,Tushare PIT financial proxy; consolidated statements and reconstructed TTM
huatai-series13-candidates.report:HT13-VALUE-SP,HT13-VALUE-SP,value_sp,ratio_sp_ttm,0.11094400000000004,-0.37191114915573675,-0.4828551491557368,0.44622250887740483,1.0,2.94,2.705468445876791,0.23453155412320909,0.23453155412320909,comparable,True,,0.8890560000000001,-0.44283349112259524,-0.5537774911225952,0.07092234196685848,-0.07092234196685843,False,8,241,platform_chart,Tushare PIT financial proxy; consolidated statements and reconstructed TTM
huatai-series13-candidates.report:HT13-VOL-STD-1M,HT13-VOL-STD-1M,volatility21,"STDDEV(RETURNS(CLOSE,1),21)",-8.233471999999999,-7.352622928225548,0.8808490717744508,0.1619424776733686,-0.74,24.78,24.849753326385308,-0.06975332638530507,0.06975332638530507,comparable,True,,7.493472000000001,-7.331529522326632,0.9019424776733667,-0.02109340589891584,-0.02109340589891584,False,10,241,platform_chart,direct local market-data reconstruction
huatai-turn-bias-positive.report:HT13-TURN-BIAS-1M-POS,HT13-TURN-BIAS-1M-POS,turn_signal,"1 - MA(TURNOVER,21) / MA(TURNOVER,504)",6.395344000000001,5.160140925953936,-1.2352030740460647,9.737691626722173,11.14,15.689999999999998,15.137403111006073,0.5525968889939253,0.5525968889939253,comparable,True,,4.744655999999999,4.993035626722174,-1.402308373277827,0.16710529923176232,-0.16710529923176232,False,20,158,platform_chart,direct local market-data reconstruction
literature-rankic-optimization-20260909-formula.report:NONHT-FSCORELIKE-REV40-INTERACT,NONHT-FSCORELIKE-REV40-INTERACT,fscore_interact,"RANK(1 - RETURNS(CLOSE,40)) * RANK((IF(oper_roa_net_ttm > 0,1,0) + IF(cfd_ocf_to_debt_ttm > 0,1,0) + IF(oper_roa_net_ttm > oper_roa_net_lyr,1,0) + IF(cfd_surplus_cash_multi_ttm > 1,1,0) + IF(fin_debt_to_asset_ttm < fin_debt_to_asset_lyr,1,0) + IF(fin_current_ratio_ttm > fin_current_ratio_lyr,1,0) + IF(oper_gross_margin_ttm > oper_gross_margin_lyr,1,0) + IF(oper_total_asset_turnover_ttm > oper_total_asset_turnover_lyr,1,0)) / 8)",1.8427599999999984,1.1001997004364508,-0.7425602995635476,7.49998962252368,8.11,41.45,42.32665292385733,-0.8766529238573295,0.8766529238573295,comparable,True,,6.26724,1.2327496225236794,-0.610010377476319,-0.1325499220872286,0.1325499220872286,False,11,120,platform_chart,Tushare PIT financial proxy; consolidated statements and reconstructed TTM
literature-rankic-optimization-20260909-formula.report:NONHT-RESVOL-MAX-INTERACT-21D,NONHT-RESVOL-MAX-INTERACT-21D,residual_volatility_max_interact,"RANK(-residual_volatility) * RANK(-TS_MAX(RETURNS(CLOSE,1),21))",-5.712656000000001,-2.46129101432959,3.2513649856704108,2.0528912640336525,1.3,46.38,29.855702899227797,16.524297100772205,16.524297100772205,comparable,True,,7.012656000000001,-4.959764735966347,0.7528912640336536,2.498473721636757,2.498473721636757,False,0,120,platform_chart,Tushare PIT financial proxy; consolidated statements and reconstructed TTM
literature-rankic-optimization-20260909-python.report:NONHT-MAX5-LOW-21D,NONHT-MAX5-LOW-21D,max5_low21,literature-rankic-optimization-20260909-max5.py,-11.930792,-12.377143747648073,-0.44635174764807317,0.8618953891093909,1.21,86.91,87.55978265051232,-0.6497826505123205,0.6497826505123205,comparable,True,,13.140791999999998,-12.278896610890607,-0.34810461089060674,-0.09824713675746644,0.09824713675746644,False,18,120,platform_chart,"compatibility reconstruction of the saved Python top-five factor: per-symbol DELAY followed by [date, symbol] level-0 rolling"
net-dd-multiobjective-20260916-diversified-candidates.report:F-NET-D02,F-NET-D02,paper_composite_nomcap,"(BOOK_TO_MARKET_RATIO_LYR*MA(INSURANCE_COMMISSION_EXPENSE_MRQ_9,10))",-24.731840000000002,-15.014762791566305,9.717077208433697,-13.580116297957028,2.59,90.35,4.744201367755545,85.60579863224446,85.60579863224446,platform_high_local_low,False,platform_high_local_low;large_turnover_gap,27.32184,-40.90195629795703,-16.170116297957026,25.887193506390723,-6.45303908952333,False,0,58,platform_chart,Tushare PIT financial proxy; consolidated statements and reconstructed TTM
nonht-report-directions-20260909-formula.report:NONHT-CHIP-COST-250,NONHT-CHIP-COST-250,chip250,"RANK((SUM(VOLUME*(OPEN+CLOSE)/2,250)/SUM(VOLUME,250))/CLOSE-1)",4.279336,2.63332467513993,-1.6460113248600696,6.223470188397146,9.34,33.47,23.74434863265354,9.725651367346458,9.725651367346458,comparable,True,,5.060664,1.1628061883971454,-3.116529811602854,1.4705184867427847,-1.4705184867427845,False,18,120,platform_chart,direct local market-data reconstruction
nonht-report-directions-20260909-formula.report:NONHT-LTMOM-EXHIGH-252-21,NONHT-LTMOM-EXHIGH-252-21,ltmom_exhigh252_21,"RANK(SUM(IF(TS_RANK(ABS(RETURNS(CLOSE,1)),252)<=0.80,RETURNS(CLOSE,1),0),252)-SUM(IF(TS_RANK(ABS(RETURNS(CLOSE,1)),252)<=0.80,RETURNS(CLOSE,1),0),21))",-2.933592,0.13531551692115215,3.068907516921152,2.896649560286725,1.7399999999999998,30.91,18.26279129210035,12.64720870789965,12.64720870789965,comparable,True,,4.673591999999999,-1.7769424397132743,1.1566495602867257,1.9122579566344264,1.9122579566344262,False,17,120,platform_chart,direct local reconstruction with per-symbol 252-day absolute-return rank filtering
nonhuatai-factor-6-20260909.report:NONHT-CASH-CONVERSION,NONHT-CASH-CONVERSION,cash_conversion,RANK(cfd_surplus_cash_multi_ttm),-0.02025599999999983,-0.17008080172012247,-0.14982480172012264,0.8460146938661867,1.02,6.88,6.720208304142257,0.15979169585774305,0.15979169585774305,comparable,True,,1.040256,-0.1942413061338133,-0.17398530613381347,0.02416050441369083,-0.02416050441369083,False,8,120,platform_chart,Tushare PIT financial proxy; consolidated statements and reconstructed TTM
nonhuatai-factor-6-20260909.report:NONHT-FSCORELIKE-REV40,NONHT-FSCORELIKE-REV40,fscore_eq,"(RANK(1 - RETURNS(CLOSE,40)) + RANK((IF(oper_roa_net_ttm > 0,1,0) + IF(cfd_ocf_to_debt_ttm > 0,1,0) + IF(oper_roa_net_ttm > oper_roa_net_lyr,1,0) + IF(cfd_surplus_cash_multi_ttm > 1,1,0) + IF(fin_debt_to_asset_ttm < fin_debt_to_asset_lyr,1,0) + IF(fin_current_ratio_ttm > fin_current_ratio_lyr,1,0) + IF(oper_gross_margin_ttm > oper_gross_margin_lyr,1,0) + IF(oper_total_asset_turnover_ttm > oper_total_asset_turnover_lyr,1,0)) / 8)) / 2",1.8243760000000009,0.6028938111637974,-1.2214821888362035,6.986931180879743,8.14,41.77,42.222469376428215,-0.45246937642821616,0.45246937642821616,comparable,True,,6.315624000000001,0.6713071808797433,-1.1530688191202576,-0.06841336971594592,0.06841336971594592,False,9,120,platform_chart,Tushare PIT financial proxy; consolidated statements and reconstructed TTM
nonhuatai-factor-6-20260909.report:NONHT-LOW-BETA,NONHT-LOW-BETA,beta_low,RANK(-beta),-15.45632,-10.832273009951344,4.624046990048656,-9.828575519826622,-13.4,13.600000000000001,6.638210913523294,6.961789086476706,6.961789086476706,comparable,True,,2.05632,-11.884895519826621,3.5714244801733788,1.0526225098752775,1.0526225098752775,False,7,94,platform_chart,proxy: 252-day beta to the equal-weight full-A daily return
nonhuatai-factor-6-20260909.report:NONHT-MAX-LOW-21D,NONHT-MAX-LOW-21D,max_return21_low,"RANK(-TS_MAX(RETURNS(CLOSE,1),21))",-5.908552,-4.949444834438652,0.9591071655613481,2.9001701890935627,1.91,51.71,51.915443277329466,-0.20544327732946455,0.20544327732946455,comparable,True,,7.818552,-4.918381810906438,0.9901701890935621,-0.031063023532214018,-0.031063023532214018,False,20,120,platform_chart,direct local market-data reconstruction
nonhuatai-factor-6-20260909.report:NONHT-RESVOL-LOW,NONHT-RESVOL-LOW,residual_volatility,RANK(-residual_volatility),0.37087199999999987,-0.18572728725726062,-0.5565992872572605,0.9745697405466637,2.97,17.19,7.673922141560347,9.516077858439656,9.516077858439656,comparable,True,,2.5991280000000003,-1.6245582594533368,-1.9954302594533366,1.4388309721960761,-1.4388309721960761,False,4,94,platform_chart,"proxy: market-model residual volatility, not the platform Barra field"
nonhuatai-factor-6-20260909.report:NONHT-SKEW-LOW-60D,NONHT-SKEW-LOW-60D,skew60_low,"RANK(-TS_SKEW(RETURNS(CLOSE,1),60))",-0.4400720000000007,-0.8845144258247069,-0.44444242582470617,4.609025678357457,5.05,36.31,36.33293719697199,-0.02293719697198382,0.02293719697198382,comparable,True,,5.4900720000000005,-0.881046321642543,-0.44097432164254236,-0.0034681041821638114,0.0034681041821638114,False,19,120,platform_chart,direct local market-data reconstruction
osr2-ret40-turn-bias-composite-cycle10-candidates.report:OSR2-RET40-TURN-BIAS-EQ,OSR2-RET40-TURN-BIAS-EQ,reversal_turn_eq,"(RANK(1 - RETURNS(CLOSE,40)) + RANK(1 - MA(TURNOVER,21) / MA(TURNOVER,504))) / 2",7.395975999999998,4.989673652263361,-2.406302347736637,11.978965758087986,14.77,48.77,46.22547689037449,2.544523109625513,2.544523109625513,comparable,True,,7.3740239999999995,4.6049417580879854,-2.791034241912013,0.3847318941753759,-0.3847318941753759,False,18,120,platform_chart,direct local market-data reconstruction
osr2-ret40-turn-bias-paper-2026-ytd-candidates.report:OSR2-RET40-TURN-BIAS-PAPER-EQ-2026-YTD,OSR2-RET40-TURN-BIAS-PAPER-EQ-2026-YTD,reversal_turn_paper,"(RANK(1 - RETURNS(CLOSE,40)) + RANK(1 - MA(TURNOVER,21) / MA(TURNOVER,504)) + RANK(ZSCORE(RANK(book_to_market_ratio_lyr)) + ZSCORE(RANK(oper_roe_lyr)) - ZSCORE(RANK(gr_total_asset_lyr)) - ZSCORE(RANK(MARKET_CAP)))) / 3",7.699328,7.267762530756988,-0.4315654692430124,12.889096268690686,14.21,43.06,37.178133187392184,5.881866812607822,5.881866812607822,comparable,True,,6.5106720000000005,6.378424268690686,-1.3209037313093148,0.8893382620663024,-0.8893382620663024,False,0,16,platform_chart,Tushare PIT financial proxy; consolidated statements and reconstructed TTM
osr2-ret40-turn-bias-paper-composite-cycle10-candidates.report:OSR2-RET40-TURN-BIAS-PAPER-EQ,OSR2-RET40-TURN-BIAS-PAPER-EQ,reversal_turn_paper,"(RANK(1 - RETURNS(CLOSE,40)) + RANK(1 - MA(TURNOVER,21) / MA(TURNOVER,504)) + RANK(ZSCORE(RANK(book_to_market_ratio_lyr)) + ZSCORE(RANK(oper_roe_lyr)) - ZSCORE(RANK(gr_total_asset_lyr)) - ZSCORE(RANK(MARKET_CAP)))) / 3",11.643647999999999,8.667626215381578,-2.976021784618421,14.42157284035174,17.61,39.46,38.05520254609897,1.4047974539010355,1.4047974539010355,comparable,True,,5.9663520000000005,8.45522084035174,-3.188427159648258,0.21240537502983692,-0.21240537502983692,False,20,120,platform_chart,Tushare PIT financial proxy; consolidated statements and reconstructed TTM
osr2-ret40-turn-bias-paper-nomcap-2026-ytd-candidates.report:OSR2-RET40-TURN-BIAS-PAPER-NOMCAP-EQ-2026-YTD,OSR2-RET40-TURN-BIAS-PAPER-NOMCAP-EQ-2026-YTD,reversal_turn_paper_nomcap,"(RANK(1 - RETURNS(CLOSE,40)) + RANK(1 - MA(TURNOVER,21) / MA(TURNOVER,504)) + RANK(ZSCORE(RANK(book_to_market_ratio_lyr)) + ZSCORE(RANK(oper_roe_lyr)) - ZSCORE(RANK(gr_total_asset_lyr)))) / 3",4.672727999999999,1.096440126845219,-3.5762878731547803,6.691521310320605,11.07,42.31,37.00450518171551,5.305494818284496,5.305494818284496,comparable,True,,6.397272,0.29424931032060453,-4.378478689679395,0.8021908165246145,-0.8021908165246145,False,0,16,platform_chart,Tushare PIT financial proxy; consolidated statements and reconstructed TTM
osr2-ret40-turn-bias-paper-nomcap-cycle10-candidates.report:OSR2-RET40-TURN-BIAS-PAPER-NOMCAP-EQ,OSR2-RET40-TURN-BIAS-PAPER-NOMCAP-EQ,reversal_turn_paper_nomcap,"(RANK(1 - RETURNS(CLOSE,40)) + RANK(1 - MA(TURNOVER,21) / MA(TURNOVER,504)) + RANK(ZSCORE(RANK(book_to_market_ratio_lyr)) + ZSCORE(RANK(oper_roe_lyr)) - ZSCORE(RANK(gr_total_asset_lyr)))) / 3",5.224711999999999,2.9208838100258103,-2.303828189974189,8.642318313388639,11.12,38.99,37.8401752867912,1.1498247132088024,1.1498247132088024,comparable,True,,5.895288000000001,2.7470303133886382,-2.477681686611361,0.1738534966371721,-0.1738534966371721,False,20,120,platform_chart,Tushare PIT financial proxy; consolidated statements and reconstructed TTM
osr3-ret40-value-candidates.report:OSR3-RET40-BP-CFP,OSR3-RET40-BP-CFP,reversal_bm_cfp,"(RANK(1 - RETURNS(CLOSE,40)) + RANK(ratio_bm_ttm) + RANK(ratio_cfp_ttm)) / 3",3.560943999999999,3.435596702458288,-0.12534729754171137,9.915443204941388,10.12,21.69,21.428063830962632,0.26193616903736894,0.26193616903736894,comparable,True,,6.559056000000001,3.356387204941387,-0.20455679505861202,0.07920949751690065,-0.07920949751690065,False,8,241,platform_chart,Tushare PIT financial proxy; CFP component uses cfps_lyr_price selected by the offline proxy diagnosis
osr3-ret40-value-candidates.report:OSR3-RET40-BP-EP,OSR3-RET40-BP-EP,reversal_bm_ep,"(RANK(1 - RETURNS(CLOSE,40)) + RANK(ratio_bm_ttm) + RANK(ratio_ep_ttm)) / 3",-0.505040000000001,-0.595430325362109,-0.090390325362108,5.716939951714989,5.8,20.85,20.874240334249663,-0.024240334249661655,0.024240334249661655,comparable,True,,6.305040000000001,-0.5881000482850118,-0.08306004828501079,-0.007330277077097214,0.007330277077097214,False,19,241,platform_chart,Tushare PIT financial proxy; consolidated statements and reconstructed TTM
osr3-ret40-value-candidates.report:OSR3-RET40-BP-EP-CFP,OSR3-RET40-BP-EP-CFP,reversal_bm_ep_cfp,"(RANK(1 - RETURNS(CLOSE,40)) + RANK(ratio_bm_ttm) + RANK(ratio_ep_ttm) + RANK(ratio_cfp_ttm)) / 4",0.13803199999999993,-1.3590445137478153,-1.4970765137478153,3.384140801092952,5.3,17.07,15.685136623150687,1.3848633768493128,1.3848633768493128,comparable,True,,5.161968,-1.7778271989070484,-1.9158591989070484,0.4187826851592331,-0.4187826851592331,False,13,241,platform_chart,Tushare PIT financial proxy; consolidated statements and reconstructed TTM
osr3-ret40-value-candidates.report:OSR3-RET40-BP-EP-ROE,OSR3-RET40-BP-EP-ROE,reversal_bm_ep_roe,"(RANK(1 - RETURNS(CLOSE,40)) + RANK(ratio_bm_ttm) + RANK(ratio_ep_ttm) + RANK(oper_roe_ttm)) / 4",-1.9481439999999992,-1.9647481410509253,-0.016604141050926113,3.9011730484607527,3.74,18.81,19.397887531453964,-0.587887531453965,0.587887531453965,comparable,True,,5.688143999999999,-1.7869709515392462,0.16117304846075298,-0.1777771895116791,-0.14456890740982686,False,13,241,platform_chart,Tushare PIT financial proxy; consolidated statements and reconstructed TTM
osr3-ret40-value-candidates.report:OSR3-RET40-BP-EQ,OSR3-RET40-BP-EQ,reversal_bm_eq,"(RANK(1 - RETURNS(CLOSE,40)) + RANK(ratio_bm_ttm)) / 2",3.160368,0.04457766272758373,-3.1157903372724163,8.885238945315512,12.06,29.43,29.234991013848973,0.19500898615102957,0.19500898615102957,comparable,True,,8.899632,-0.014393054684487538,-3.1747610546844878,0.05897071741207127,-0.058970717412071494,False,19,241,platform_chart,Tushare PIT financial proxy; consolidated statements and reconstructed TTM
osr3-ret40-value-candidates.report:OSR3-RET40-BP-INTERACT,OSR3-RET40-BP-INTERACT,reversal_bm_interact,"RANK(1 - RETURNS(CLOSE,40)) * (0.5 + 0.5 * RANK(ratio_bm_ttm))",2.726032,-0.7226235909746872,-3.4486555909746874,9.632568931109068,13.18,34.57,34.243361514827235,0.3266384851727644,0.3266384851727644,comparable,True,,10.453968,-0.821399068890931,-3.5474310688909307,0.09877547791624375,-0.0987754779162433,False,19,241,platform_chart,Tushare PIT financial proxy; consolidated statements and reconstructed TTM
osr3-ret40-value-candidates.report:OSR3-RET40-BP-MA63,OSR3-RET40-BP-MA63,reversal_bm_ma63,"(RANK(1 - RETURNS(CLOSE,40)) + RANK(MA(ratio_bm_ttm,63))) / 2",2.4111200000000004,-0.330817758028816,-2.7419377580288162,8.251517690034426,11.09,28.7,28.38073891555305,0.3192610844469479,0.3192610844469479,comparable,True,,8.67888,-0.42736230996557323,-2.8384823099655736,0.0965445519367572,-0.09654455193675737,False,18,241,platform_chart,Tushare PIT ratio with strict 63-day daily moving average
osr3-ret40-value-candidates.report:OSR3-RET40-BP-REV2,OSR3-RET40-BP-REV2,reversal_bm_rev2,"(2 * RANK(1 - RETURNS(CLOSE,40)) + RANK(ratio_bm_ttm)) / 3",2.477648000000002,-0.529783329674019,-3.007431329674021,9.87508955658415,12.98,34.73,34.40764843339342,0.3223515666065768,0.3223515666065768,comparable,True,,10.502351999999998,-0.6272624434158478,-3.10491044341585,0.09747911374182883,-0.09747911374182916,False,19,241,platform_chart,Tushare PIT financial proxy; consolidated statements and reconstructed TTM
osr3-ret40-value-candidates.report:OSR3-RET40-BP-ROE,OSR3-RET40-BP-ROE,reversal_bm_roe_eq,"(RANK(1 - RETURNS(CLOSE,40)) + RANK(ratio_bm_ttm) + RANK(oper_roe_ttm)) / 3",-0.6060800000000004,-2.301024383335606,-1.6949443833356055,5.7135966659006865,7.090000000000001,25.45,26.503376485569753,-1.0533764855697514,1.0533764855697514,comparable,True,,7.696080000000001,-1.9824833340993144,-1.376403334099314,-0.31854104923629145,0.31854104923629145,False,12,241,platform_chart,Tushare PIT financial proxy; consolidated statements and reconstructed TTM
osr3-ret40-value-candidates.report:OSR3-RET40-BP-TSRANK756,OSR3-RET40-BP-TSRANK756,reversal_bm_tsrank756,"(RANK(1 - RETURNS(CLOSE,40)) + RANK(TS_RANK(ratio_bm_ttm,756))) / 2",1.6427359999999993,-2.7713924299712396,-4.414128429971239,6.516840474255385,12.26,35.11,30.715055900220317,4.394944099779679,4.394944099779679,comparable,True,,10.617263999999999,-4.100423525744613,-5.743159525744613,1.3290310957733737,-1.3290310957733737,False,4,241,platform_chart,Tushare PIT ratio with strict 756-day rolling rank; local history warmup may shorten periods
osr3-ret40-value-candidates.report:OSR3-RET40-BP-VAL2,OSR3-RET40-BP-VAL2,reversal_bm_val2,"(RANK(1 - RETURNS(CLOSE,40)) + 2 * RANK(ratio_bm_ttm)) / 3",3.1676159999999998,0.5871758561905429,-2.580440143809457,7.447679125090688,10.02,22.66,22.686849434193604,-0.026849434193604305,0.026849434193604305,comparable,True,,6.852383999999999,0.595295125090689,-2.5723208749093107,-0.008119268900146137,0.00811926890014636,False,19,241,platform_chart,Tushare PIT financial proxy; consolidated statements and reconstructed TTM
osr3-ret40-value-candidates.report:OSR3-RET40-EP-EQ,OSR3-RET40-EP-EQ,reversal_ep_eq,"(RANK(1 - RETURNS(CLOSE,40)) + RANK(ratio_ep_ttm)) / 2",-1.9598079999999998,-1.4442222345946012,0.5155857654053986,7.105717030518628,6.709999999999999,28.67,28.27360868092999,0.3963913190700108,0.3963913190700108,comparable,True,,8.669808000000002,-1.564090969481373,0.39571703051862683,0.11986873488677174,0.11986873488677174,False,19,241,platform_chart,Tushare PIT financial proxy; consolidated statements and reconstructed TTM
osr4-ret40-value-refine-candidates.report:OSR4-RET40-BP-CFP-MA63,OSR4-RET40-BP-CFP-MA63,reversal_bm_cfp_ma63,"(RANK(1 - RETURNS(CLOSE,40)) + RANK(MA(ratio_bm_ttm,63)) + RANK(MA(ratio_cfp_ttm,63))) / 3",2.589456,2.2524803974488536,-0.33697560255114656,8.210187175161959,8.58,19.81,19.70141130196133,0.10858869803866966,0.10858869803866966,comparable,True,,5.990544,2.2196431751619596,-0.36981282483804057,0.03283722228689401,-0.03283722228689401,False,12,241,platform_chart,Tushare PIT financial proxy; CFP component uses cfps_cur_price selected by the offline proxy diagnosis
osr4-ret40-value-refine-candidates.report:OSR4-RET40-BP-CFP-PCF,OSR4-RET40-BP-CFP-PCF,reversal_bm_cfp_pcf,"(RANK(1 - RETURNS(CLOSE,40)) + RANK(ratio_bm_ttm) + RANK(ratio_cfp_ttm) + 1 - RANK(ratio_pcf_ocf_ttm)) / 4",2.6685920000000003,1.3379344104529975,-1.3306575895470028,6.926836612524019,8.39,18.92,18.48181945129306,0.4381805487069401,0.4381805487069401,comparable,True,,5.721407999999999,1.2054286125240197,-1.4631633874759806,0.13250579792897788,-0.13250579792897788,False,10,241,platform_chart,Tushare PIT financial proxy; CFP component uses cfps_lyr_price selected by the offline proxy diagnosis
osr4-ret40-value-refine-candidates.report:OSR4-RET40-BP-CFP-REV2,OSR4-RET40-BP-CFP-REV2,reversal_bm_cfp_rev2,"(2 * RANK(1 - RETURNS(CLOSE,40)) + RANK(ratio_bm_ttm) + RANK(ratio_cfp_ttm)) / 4",2.3675200000000007,0.4036221063907386,-1.9638978936092621,9.355478693987445,11.5,30.2,29.602700355809215,0.5972996441907852,0.5972996441907852,comparable,True,,9.13248,0.22299869398744593,-2.144521306012555,0.18062341240329266,-0.18062341240329283,False,8,241,platform_chart,Tushare PIT financial proxy; CFP component uses ocfps_cur_price selected by the offline proxy diagnosis
osr4-ret40-value-refine-candidates.report:OSR4-RET40-BP-CFP-REV3,OSR4-RET40-BP-CFP-REV3,reversal_bm_cfp_rev3,"(3 * RANK(1 - RETURNS(CLOSE,40)) + RANK(ratio_bm_ttm) + RANK(ratio_cfp_ttm)) / 5",1.6346559999999997,-0.4736687918690072,-2.108324791869007,9.714623017556297,12.01,34.31,33.69144116873447,0.618558831265531,0.618558831265531,comparable,True,,10.375344,-0.6607209824437035,-2.2953769824437034,0.1870521905746963,-0.18705219057469646,False,10,241,platform_chart,Tushare PIT financial proxy; CFP component uses ocfps_cur_price selected by the offline proxy diagnosis
osr4-ret40-value-refine-candidates.report:OSR4-RET40-BP-CFP-SP,OSR4-RET40-BP-CFP-SP,reversal_bm_cfp_sp,"(RANK(1 - RETURNS(CLOSE,40)) + RANK(ratio_bm_ttm) + RANK(ratio_cfp_ttm) + RANK(ratio_sp_ttm)) / 4",2.8768000000000002,1.8810140240676523,-0.995785975932348,7.145431646403605,8.32,18.0,17.40878843365064,0.5912115663493617,0.5912115663493617,comparable,True,,5.443199999999999,1.7022316464036056,-1.1745683535963947,0.1787823776640467,-0.1787823776640467,False,8,241,platform_chart,Tushare PIT financial proxy; CFP component uses cfps_lyr_price selected by the offline proxy diagnosis
osr4-ret40-value-refine-candidates.report:OSR4-RET40-BP-CFP-TSRANK756,OSR4-RET40-BP-CFP-TSRANK756,reversal_bm_cfp_tsrank756,"(RANK(1 - RETURNS(CLOSE,40)) + RANK(TS_RANK(ratio_bm_ttm,756)) + RANK(TS_RANK(ratio_cfp_ttm,756))) / 3",2.461280000000002,0.9438663596446101,-1.5174136403553922,9.11629842249654,12.38,32.8,27.025238303081778,5.774761696918218,5.774761696918218,comparable,True,,9.918719999999999,-0.8024215775034593,-3.2637015775034612,1.7462879371480695,-1.746287937148069,False,4,229,platform_chart,Tushare PIT financial proxy; CFP component uses ocf_ttm_mv selected by the offline proxy diagnosis
osr4-ret40-value-refine-candidates.report:OSR4-RET40-BP-CFP-VAL2,OSR4-RET40-BP-CFP-VAL2,reversal_bm_cfp_val2,"(RANK(1 - RETURNS(CLOSE,40)) + 2 * RANK(ratio_bm_ttm) + 2 * RANK(ratio_cfp_ttm)) / 5",3.5587040000000005,3.401672277313457,-0.15703172268654342,7.542464771769783,7.88,14.29,13.693096873202135,0.5969031267978653,0.5969031267978653,comparable,True,,4.321296,3.221168771769783,-0.33753522823021775,0.18050350554367434,-0.18050350554367434,False,13,241,platform_chart,Tushare PIT financial proxy; CFP component uses cfps_lyr_price selected by the offline proxy diagnosis
osr4-ret40-value-refine-candidates.report:OSR4-RET40-BP-CFP-VAL3,OSR4-RET40-BP-CFP-VAL3,reversal_bm_cfp_val3,"(RANK(1 - RETURNS(CLOSE,40)) + 3 * RANK(ratio_bm_ttm) + 3 * RANK(ratio_cfp_ttm)) / 7",3.30728,1.834995517602344,-1.472284482397656,5.387878494404736,6.800000000000001,11.55,11.748951642865055,-0.19895164286505423,0.19895164286505423,comparable,True,,3.49272,1.8951584944047368,-1.4121215055952632,-0.0601629768023928,0.0601629768023928,False,14,241,platform_chart,Tushare PIT financial proxy; CFP component uses cfps_cur_price selected by the offline proxy diagnosis
oversold-rebound-candidates.report:OSR-CAPITULATION-20D,OSR-CAPITULATION-20D,capitulation20,"RANK(1 - RETURNS(CLOSE,5)) + RANK(MA(TURNOVER,5) / MA(TURNOVER,20))",-27.799264,-28.180643955671442,-0.38137995567144145,-0.8710705661710406,-0.55,90.11,90.30943581183996,-0.19943581183995418,0.19943581183995418,comparable,True,,27.249264,-28.12033456617104,-0.3210705661710378,-0.060309389500403654,0.060309389500403654,False,15,241,platform_chart,direct local market-data reconstruction
oversold-rebound-candidates.report:OSR-DD20-20D,OSR-DD20-20D,drawdown20,"RANK(1 - CLOSE / TS_MAX(CLOSE,20))",-12.631472,-17.65452217488256,-5.023050174882558,-4.282121849503366,0.91,44.78,44.220900546888856,0.5590994531111448,0.5590994531111448,comparable,True,,13.541472000000002,-17.823593849503368,-5.192121849503367,0.16907167462080963,-0.16907167462080963,False,19,241,platform_chart,direct local market-data reconstruction
oversold-rebound-candidates.report:OSR-MA20-20D,OSR-MA20-20D,ma_drawdown20,"RANK(1 - CLOSE / MA(CLOSE,20))",-14.713408,-19.459531222238212,-4.746123222238213,-2.933443115606513,1.97,55.169999999999995,54.64976225737996,0.5202377426200333,0.5202377426200333,comparable,True,,16.683408,-19.61685111560651,-4.903443115606512,0.15731989336829955,-0.15731989336829955,False,19,241,platform_chart,direct local market-data reconstruction
oversold-rebound-candidates.report:OSR-MFI14-20D,OSR-MFI14-20D,mfi14,"RANK(1 - MFI(CLOSE,HIGH,LOW,VOLUME,14) / 100)",-21.91344,-23.87687315500867,-1.9634331550086692,-5.217976548002265,-3.2099999999999995,61.85000000000001,61.70270041999473,0.14729958000527787,0.14729958000527787,comparable,True,,18.70344,-23.921416548002266,-2.007976548002265,0.04454339299359589,-0.04454339299359589,False,18,241,platform_chart,direct local proxy: standard MFI from cached qfq high/low/close and volume
oversold-rebound-candidates.report:OSR-RET10-20D,OSR-RET10-20D,reversal10,"RANK(1 - RETURNS(CLOSE,10))",-20.834816,-25.420559737483128,-4.585743737483128,-5.1420249864053575,-0.32,67.84,67.05864666361695,0.7813533363830394,0.7813533363830394,comparable,True,,20.514815999999996,-25.656840986405356,-4.822024986405356,0.23628124892222857,-0.23628124892222857,False,19,241,platform_chart,direct local market-data reconstruction
oversold-rebound-candidates.report:OSR-RET5-20D,OSR-RET5-20D,reversal5,"RANK(1 - RETURNS(CLOSE,5))",-30.170239999999996,-33.900262919301696,-3.7300229193016996,-7.531617888303963,-3.6799999999999997,87.6,87.19790023478086,0.4020997652191327,0.4020997652191327,comparable,True,,26.490239999999993,-34.021857888303956,-3.8516178883039593,0.12159496900225975,-0.12159496900225975,False,20,241,platform_chart,direct local market-data reconstruction
oversold-rebound-candidates.report:OSR-RET5-DD20-20D,OSR-RET5-DD20-20D,reversal5_drawdown20,"(RANK(1 - RETURNS(CLOSE,5)) + RANK(1 - CLOSE / TS_MAX(CLOSE,20))) / 2",-24.538624000000002,-28.944563656487837,-4.405939656487835,-6.247454661204573,-1.78,75.26,75.0565773653547,0.20342263464530053,0.20342263464530053,comparable,True,,22.758624,-29.006078661204576,-4.467454661204574,0.061515004716738986,-0.061515004716738986,False,20,241,platform_chart,direct local market-data reconstruction
oversold-rebound-candidates.report:OSR-RET5-RSI14-20D,OSR-RET5-RSI14-20D,reversal5_rsi14,"(RANK(1 - RETURNS(CLOSE,5)) + RANK(1 - RSI(CLOSE,14) / 100)) / 2",-21.545583999999998,-25.279024309432018,-3.7334403094320194,-1.8212125447551144,2.09,78.16,77.57212885144479,0.587871148555208,0.587871148555208,comparable,True,,23.635584,-25.456796544755118,-3.91121254475512,0.1777722353231006,-0.1777722353231006,False,18,241,platform_chart,direct local market-data reconstruction
oversold-rebound-candidates.report:OSR-RSI14-20D,OSR-RSI14-20D,rsi14,"RANK(1 - RSI(CLOSE,14) / 100)",-10.000271999999999,-12.96745156928662,-2.967179569286621,2.3664196676333207,5.28,50.529999999999994,50.70724615383578,-0.17724615383578612,0.17724615383578612,comparable,True,,15.280272,-12.913852332366679,-2.9135803323666796,-0.05359923691994162,0.05359923691994162,False,13,241,platform_chart,direct local market-data reconstruction
oversold-rebound-candidates.report:OSR-SCALED-RET5-20D,OSR-SCALED-RET5-20D,scaled_reversal5,"RANK((1 - RETURNS(CLOSE,5)) / (STDDEV(RETURNS(CLOSE,1),20) + 0.0001))",-8.780608,-8.015492460304937,0.7651155396950635,0.13344689813668495,-0.64,26.919999999999998,26.94755078849743,-0.02755078849743242,0.02755078849743242,comparable,True,,8.140607999999999,-8.007161101863314,0.7734468981366867,-0.008331358441623138,-0.008331358441623138,False,20,241,platform_chart,direct local market-data reconstruction
oversold-rebound-candidates.report:OSR-Z20-20D,OSR-Z20-20D,zscore20_low,"RANK(1 - TS_ZSCORE(CLOSE,20))",-19.489344000000003,-22.111138967710644,-2.621794967710642,0.6981171980302596,3.36,75.56,75.42743441051887,0.13256558948113728,0.13256558948113728,comparable,True,,22.849344,-22.151226801969738,-2.6618828019697354,0.04008783425909357,-0.04008783425909357,False,19,241,platform_chart,direct local market-data reconstruction
oversold-rebound-recovery-candidates.report:OSR2-DD120,OSR2-DD120,drawdown120,"RANK(1 - CLOSE / TS_MAX(CLOSE,120))",4.791456,2.4956661465460743,-2.295789853453926,8.14497728910785,11.16,21.06,18.681584466143438,2.378415533856562,2.378415533856562,comparable,True,,6.368544,1.7764332891078496,-3.0150227108921506,0.7192328574382247,-0.7192328574382247,False,18,241,platform_chart,direct local market-data reconstruction
oversold-rebound-recovery-candidates.report:OSR2-DD60,OSR2-DD60,drawdown60,"RANK(1 - CLOSE / TS_MAX(CLOSE,60))",1.9485279999999996,-2.348999547577954,-4.297527547577953,5.394118772649407,9.82,26.030000000000005,25.605550000751858,0.4244499992481443,0.4244499992481443,comparable,True,,7.871472,-2.4773532273505925,-4.425881227350592,0.12835367977263834,-0.12835367977263878,False,19,241,platform_chart,direct local market-data reconstruction
oversold-rebound-recovery-candidates.report:OSR2-DD60-REC5,OSR2-DD60-REC5,drawdown60_recovery5,"(RANK(1 - CLOSE / TS_MAX(CLOSE,60)) + RANK(RETURNS(CLOSE,5))) / 2",-24.445024000000004,-24.874147415857284,-0.42912341585727987,-2.600380152723129,-2.14,73.76,73.65663777491453,0.10336222508546822,0.10336222508546822,comparable,True,,22.305024,-24.90540415272313,-0.4603801527231255,0.031256736865845625,-0.031256736865845625,False,20,241,platform_chart,direct local market-data reconstruction
oversold-rebound-recovery-candidates.report:OSR2-MA20-REC5,OSR2-MA20-REC5,ma20_recovery5,"(RANK(1 - CLOSE / MA(CLOSE,20)) + RANK(CLOSE / MA(CLOSE,5) - 1)) / 2",-26.984624000000004,-27.40391415215046,-0.41929015215045595,-1.995977317877731,-1.58,84.01,84.02095513979079,-0.010955139790780333,0.010955139790780333,comparable,True,,25.404624,-27.400601317877726,-0.4159773178777222,-0.0033128342727337667,0.0033128342727337667,False,20,241,platform_chart,direct local market-data reconstruction
oversold-rebound-recovery-candidates.report:OSR2-MODERATE-BIAS5,OSR2-MODERATE-BIAS5,moderate_bias5,"RANK(-ABS(MIN(BIAS(CLOSE,20),0)+5))",-22.130256,-22.18453621198007,-0.05428021198007116,1.2266800145974528,1.59,78.44,77.41804307730663,1.0219569226933678,1.0219569226933678,comparable,True,,23.720256,-22.493575985402547,-0.36331998540254773,0.30903977342247657,-0.30903977342247657,False,18,241,platform_chart,direct local market-data reconstruction
oversold-rebound-recovery-candidates.report:OSR2-MODERATE-DD60,OSR2-MODERATE-DD60,moderate_drawdown60,"RANK(-ABS((1 - CLOSE / TS_MAX(CLOSE,60)) - 0.10))",-31.44832,-31.368213946354672,0.08010605364532708,-8.967177335514048,-8.98,74.3,74.07750201997563,0.22249798002437204,0.22249798002437204,comparable,True,,22.46832,-31.435497335514047,0.012822664485952373,0.0672833891593747,0.0672833891593747,False,20,241,platform_chart,direct local market-data reconstruction
oversold-rebound-recovery-candidates.report:OSR2-MODERATE-RSI35,OSR2-MODERATE-RSI35,rsi35,"RANK(IF(RSI(CLOSE,14)<50,-ABS(RSI(CLOSE,14)-35),-99999))",-18.051167999999997,-18.892603162209667,-0.8414351622096703,1.539256390521487,2.76,68.82,67.56567312411096,1.2543268758890336,1.2543268758890336,comparable,True,,20.811167999999995,-19.271911609478508,-1.220743609478511,0.3793084472688406,-0.3793084472688406,False,19,241,platform_chart,direct local market-data reconstruction
oversold-rebound-recovery-candidates.report:OSR2-PRICE-CROSS-MA5,OSR2-PRICE-CROSS-MA5,ma20_cross5,"RANK(1 - CLOSE / MA(CLOSE,20)) * AS_FLOAT(CROSS(CLOSE,MA(CLOSE,5)))",-30.042975999999996,-29.826115314187764,0.2168606858122324,-2.658011167277208,-2.83,89.99,89.84161424242907,0.14838575757091244,0.14838575757091244,comparable,True,,27.212975999999994,-29.870987167277203,0.17198883272279275,0.04487185308943964,0.04487185308943964,False,5,241,platform_chart,direct local market-data reconstruction
oversold-rebound-recovery-candidates.report:OSR2-RET20,OSR2-RET20,reversal20,"RANK(1 - RETURNS(CLOSE,20))",-8.544832,-12.898502277664786,-4.353670277664786,2.722307459151779,7.31,52.43,51.65611685455214,0.7738831454478623,0.7738831454478623,comparable,True,,15.854832,-13.13252454084822,-4.58769254084822,0.23402226318343367,-0.23402226318343367,False,19,241,platform_chart,direct local market-data reconstruction
oversold-rebound-recovery-candidates.report:OSR2-RET20-REC5,OSR2-RET20-REC5,reversal20_recovery5,"(RANK(1 - RETURNS(CLOSE,20)) + RANK(RETURNS(CLOSE,5))) / 2",-21.34232,-21.670076861096465,-0.3277568610964643,3.807331069432006,4.15,84.3,84.25068760095394,0.04931239904605311,0.04931239904605311,comparable,True,,25.492319999999996,-21.68498893056799,-0.34266893056798864,0.014912069471524347,-0.014912069471524347,False,20,241,platform_chart,direct local market-data reconstruction
oversold-rebound-recovery-candidates.report:OSR2-RET40,OSR2-RET40,reversal40,"RANK(1 - RETURNS(CLOSE,40))",1.0300160000000016,-3.089652757058002,-4.119668757058004,8.880453743096231,13.25,40.41,39.58368551638305,0.8263144836169467,0.8263144836169467,comparable,True,,12.219983999999998,-3.3395302569037666,-4.369546256903768,0.24987749984576446,-0.24987749984576446,False,19,241,platform_chart,direct local market-data reconstruction
oversold-rebound-recovery-candidates.report:OSR2-RSI-CROSS30,OSR2-RSI-CROSS30,rsi_cross30,"RANK(1 - RSI(CLOSE,14) / 100) * AS_FLOAT(CROSS(RSI(CLOSE,14),30))",-25.603664,-26.89924026844289,-1.2955762684428933,0.17913511409280347,1.5700000000000003,89.86,89.54489213801486,0.3151078619851311,0.3151078619851311,comparable,True,,27.173664,-26.994528885907194,-1.3908648859071953,0.09528861746430195,-0.09528861746430195,False,3,241,platform_chart,direct local market-data reconstruction
oversold-rebound-recovery-candidates.report:OSR2-RSI35-REC3,OSR2-RSI35-REC3,rsi35_recovery3,"(RANK(IF(RSI(CLOSE,14)<50,-ABS(RSI(CLOSE,14)-35),-99999)) + RANK(RETURNS(CLOSE,3))) / 2",-31.219072,-30.36749784170043,0.8515741582995702,-5.608198296848759,-6.64,81.28,81.87599055837192,-0.5959905583719283,0.5959905583719283,comparable,True,,24.579072,-30.187270296848755,1.0318017031512454,-0.18022754485167525,-0.18022754485167525,False,19,241,platform_chart,direct local RSI35 proxy plus 3-day recovery rank
oversold-rebound-recovery-candidates.report:OSR2-RSI35-REC5,OSR2-RSI35-REC5,rsi35_recovery5,"(RANK(IF(RSI(CLOSE,14)<50,-ABS(RSI(CLOSE,14)-35),-99999)) + RANK(RETURNS(CLOSE,5))) / 2",-31.517824,-29.89858921322569,1.6192347867743102,-4.829338678758431,-6.34,83.26,82.90096076212718,0.3590392378728158,0.3590392378728158,comparable,True,,25.177823999999998,-30.00716267875843,1.510661321241571,0.10857346553273928,0.10857346553273928,False,20,241,platform_chart,direct local RSI35 proxy plus 5-day recovery rank
oversold-rebound-recovery-candidates.report:OSR2-SMOOTH-RSI28,OSR2-SMOOTH-RSI28,smooth_rsi28,"RANK(MA(1 - RSI(CLOSE,28) / 100,10))",-1.856224,-4.118982108010008,-2.262758108010008,3.3245158781526203,5.48,24.26,24.61474201773356,-0.3547420177335586,0.3547420177335586,comparable,True,,7.3362240000000005,-4.011708121847381,-2.1554841218473806,-0.10727398616262729,0.10727398616262729,False,10,241,platform_chart,direct local market-data reconstruction
paper-derived-composite-cycle10-candidates.report:paper-derived-composite,paper-derived-composite,paper_composite,ZSCORE(RANK(book_to_market_ratio_lyr))+ZSCORE(RANK(oper_roe_lyr))-ZSCORE(RANK(gr_total_asset_lyr))-ZSCORE(RANK(MARKET_CAP)),11.202328,9.515744354688325,-1.686583645311675,10.919716172524643,12.61,9.31,9.285527895742838,0.02447210425716162,0.02447210425716162,comparable,True,,1.407672,9.512044172524643,-1.6902838274753567,0.003700182163681731,-0.003700182163681731,False,19,120,platform_chart,Tushare PIT financial proxy; consolidated statements and reconstructed TTM
paper-derived-full.report:paper-derived-asset-growth,paper-derived-asset-growth,asset_growth,RANK(gr_total_asset_lyr),0.76496,-2.346837688827086,-3.1117976888270857,-1.7830699340338585,1.4,2.1,1.8643113584432123,0.23568864155678776,0.23568864155678776,comparable,True,,0.63504,-2.4181099340338585,-3.1830699340338584,0.07127224520677267,-0.07127224520677267,False,18,241,platform_chart,Tushare PIT financial proxy; consolidated statements and reconstructed TTM
paper-derived-full.report:paper-derived-composite,paper-derived-composite,paper_composite,ZSCORE(RANK(book_to_market_ratio_lyr))+ZSCORE(RANK(oper_roe_lyr))-ZSCORE(RANK(gr_total_asset_lyr))-ZSCORE(RANK(MARKET_CAP)),11.408832,9.54425016372129,-1.8645818362787097,11.421247736308757,13.320000000000002,6.32,6.207002554852732,0.11299744514726845,0.11299744514726845,comparable,True,,1.9111680000000002,9.510079736308755,-1.8987522636912448,0.034170427412535176,-0.034170427412535176,False,19,241,platform_chart,Tushare PIT financial proxy; consolidated statements and reconstructed TTM
paper-derived-full.report:paper-derived-profitability,paper-derived-profitability,profitability,RANK(profitability),-4.4671520000000005,-6.665241174073902,-2.1980891740739015,-6.295385754528889,-2.81,5.48,1.22306686357478,4.25693313642522,4.25693313642522,comparable,True,,1.657152,-7.952537754528888,-3.4853857545288873,1.2872965804549859,-1.2872965804549859,False,0,189,platform_chart,Tushare PIT financial proxy; consolidated statements and reconstructed TTM
paper-derived-full.report:paper-derived-roe,paper-derived-roe,quality_roe_lyr,RANK(oper_roe_lyr),-13.295488,-12.266339832763634,1.0291481672363663,-11.735787558319618,-12.73,1.87,1.7544718070238607,0.1155281929761394,0.1155281929761394,comparable,True,,0.5654880000000001,-12.301275558319618,0.9942124416803821,0.03493572555598412,0.03493572555598412,False,17,241,platform_chart,Tushare PIT financial proxy; consolidated statements and reconstructed TTM
paper-derived-nomcap-cycle10-candidates.report:PAPER-DERIVED-COMPOSITE-NOMCAP,PAPER-DERIVED-COMPOSITE-NOMCAP,paper_composite_nomcap,ZSCORE(RANK(book_to_market_ratio_lyr)) + ZSCORE(RANK(oper_roe_lyr)) - ZSCORE(RANK(gr_total_asset_lyr)),-0.11499999999999999,-0.011343502841084166,0.10365649715891583,0.910998614704543,0.83,6.25,6.100146280063671,0.1498537199363284,0.1498537199363284,comparable,True,,0.9450000000000001,-0.034001385295456994,0.080998614704543,0.02265788245437283,0.02265788245437282,False,20,120,platform_chart,Tushare PIT financial proxy; consolidated statements and reconstructed TTM
positive-cycle10-candidates.report:HT13-TURN-BIAS-1M,HT13-TURN-BIAS-1M,turn_bias,"MA(TURNOVER,21) / MA(TURNOVER,504) - 1",4.962135999999999,3.9152730622813317,-1.0468629377186676,7.8921671165726295,9.04,26.97,26.302209353778423,0.6677906462215777,0.6677906462215777,comparable,True,,4.077864,3.8143031165726295,-1.1478328834273697,0.1009699457087021,-0.1009699457087021,False,3,79,platform_chart,direct local market-data reconstruction
positive-cycle10-candidates.report:OSR2-DD120,OSR2-DD120,drawdown120,"RANK(1 - CLOSE / TS_MAX(CLOSE,120))",4.246232,1.8107466161883954,-2.4354853838116046,5.902850150254166,8.69,29.39,27.064176812604305,2.3258231873956925,2.3258231873956925,comparable,True,,4.443768,1.4590821502541664,-2.7871498497458336,0.35166446593422895,-0.35166446593422895,False,18,120,platform_chart,direct local market-data reconstruction
positive-cycle10-candidates.report:OSR2-RET40,OSR2-RET40,reversal40,"RANK(1 - RETURNS(CLOSE,40))",5.030975999999999,1.7140200901006124,-3.3169559098993866,9.953000190222086,13.350000000000001,55.02,54.49060912778753,0.5293908722124763,0.5293908722124763,comparable,True,,8.319024,1.6339761902220862,-3.396999809777913,0.08004389987852623,-0.08004389987852623,False,19,120,platform_chart,direct local market-data reconstruction
report-backed-20260910-candidates.report:REPORT-HIST-ASSETTURN-6Q-10D-20260910,REPORT-HIST-ASSETTURN-6Q-10D-20260910,quality_asset_turnover_tsrank378,"TS_RANK(oper_total_asset_turnover_ttm,378)",-1.27048,-0.406285456862944,0.8641945431370561,3.3759778939078826,2.57,25.4,25.014969251129806,0.3850307488701965,0.3850307488701965,comparable,True,,3.8404800000000003,-0.46450210609211773,0.8059778939078823,0.058216649229173745,0.0582166492291738,False,0,91,platform_chart,Tushare PIT financial proxy; consolidated statements and reconstructed TTM
report-backed-20260910-candidates.report:REPORT-HIST-NETMARGIN-6Q-10D-20260910,REPORT-HIST-NETMARGIN-6Q-10D-20260910,quality_net_margin_tsrank378,"TS_RANK(oper_net_margin_ttm,378)",-4.215712,-1.4483997269221645,2.7673122730778354,0.8041490205758041,-0.8500000000000001,22.26,14.897809176573865,7.362190823426137,7.362190823426137,comparable,True,,3.3657120000000007,-2.5615629794241963,1.6541490205758036,1.1131632525020319,1.1131632525020319,False,1,91,platform_chart,Tushare PIT financial proxy; consolidated statements and reconstructed TTM
report-backed-20260910-candidates.report:REPORT-ROIC-TTM-10D-20260910,REPORT-ROIC-TTM-10D-20260910,quality_roic,RANK(oper_roic_ttm),-9.5036,-9.91019749135346,-0.4065974913534589,-8.553326765080579,-9.05,3.0,8.974012739900001,-5.974012739900002,5.974012739900002,comparable,True,,0.4536,-9.006926765080578,0.49667323491942206,-0.903270726272881,-0.09007574356596315,False,12,120,platform_chart,Tushare PIT financial proxy; consolidated statements and reconstructed TTM
report-backed-untested-candidates.report:HT13-NEW-ALPHA40,HT13-NEW-ALPHA40,alpha40,"-1 * RANK(STDDEV(HIGH,10)) * CORR(HIGH,VOLUME,10)",-17.020736,-15.206062673787008,1.8146733262129917,6.817484232384928,4.87,72.39,72.82918950453681,-0.4391895045368188,0.4391895045368188,comparable,True,,21.890736000000004,-15.073251767615076,1.947484232384923,-0.13281090617193136,-0.13281090617193136,False,12,241,platform_chart,direct local market-data reconstruction
report-backed-untested-candidates.report:HT13-NEW-HIST-GPM-6Q,HT13-NEW-HIST-GPM-6Q,quality_gross_margin_tsrank756,"TS_RANK(oper_gross_margin_ttm,756)",-6.8099039999999995,-2.2473675414025873,4.562536458597412,-0.3467348925789318,-3.42,11.21,6.285160875739601,4.9248391242604,4.9248391242604,comparable,True,,3.3899040000000005,-3.7366388925789322,3.0732651074210673,1.489271351176345,1.489271351176345,False,0,107,platform_chart,Tushare PIT financial proxy; consolidated statements and reconstructed TTM
report-backed-untested-candidates.report:HT13-NEW-HIST-OPPROFIT-6Q,HT13-NEW-HIST-OPPROFIT-6Q,quality_oper_profit_tsrank756,"TS_RANK(oper_oper_profit_to_tp_ttm,756)",-3.7639839999999998,,,,0.14,12.91,,,,unavailable,False,missing:local_turnover,3.9039839999999995,,,,,False,0,0,platform_chart,Tushare PIT proxy: strict 756-day TS_RANK of TTM operating profit / TTM net income; platform total-profit denominator is absent locally
reversal-report-followup-candidates.report:HT-EXPWREV-63D,HT-EXPWREV-63D,ema_weighted_reversal63,"RANK(-EMA(TURNOVER * RETURNS(CLOSE,1),63) / EMA(TURNOVER,63))",-0.9722400000000002,-2.132354202897238,-1.1601142028972378,5.555989883456952,6.24,23.85,25.424418274980788,-1.574418274980785,1.574418274980785,comparable,True,,7.21224,-1.656250116543048,-0.6840101165430479,-0.4761040863541899,0.4761040863541899,False,7,241,platform_chart,"direct local reconstruction of EMA(X,63) with alpha=2/(63+1)"
reversal-report-followup-candidates.report:HT-WREV-21D,HT-WREV-21D,weighted_reversal,"RANK(-SUM(TURNOVER * RETURNS(CLOSE,1),21) / SUM(TURNOVER,21))",-8.956928,-11.38774590789487,-2.4308179078948697,4.3325245318029495,6.909999999999999,52.46999999999999,51.98502129529702,0.4849787047029763,0.4849787047029763,comparable,True,,15.866928,-11.534403468197048,-2.577475468197049,0.14665756030217914,-0.14665756030217914,False,18,241,platform_chart,direct local market-data reconstruction
reversal-report-followup-candidates.report:HT-WREV-LOWTURN-21D,HT-WREV-LOWTURN-21D,weighted_reversal_lowturn,"(RANK(-SUM(TURNOVER * RETURNS(CLOSE,1),21) / SUM(TURNOVER,21)) + RANK(1 - MA(TURNOVER,21) / MA(TURNOVER,504))) / 2",-2.0495199999999993,-0.05748863535094684,1.9920313646490526,11.57637005064989,11.12,43.55,38.47175491402394,5.078245085976063,5.078245085976063,comparable,True,,13.169519999999999,-1.5931499493501076,0.4563700506498918,1.5356613139991606,1.5356613139991608,False,18,241,platform_chart,direct local market-data reconstruction
size-only-20260911-candidates.report:SIZE-ONLY-20260911,SIZE-ONLY-20260911,size_only,RANK(MARKET_CAP),21.433287999999997,17.15927516014886,-4.274012839851139,18.44452849550366,22.72,8.51,8.500352747055596,0.009647252944404439,0.009647252944404439,comparable,True,,1.286712,17.15781649550366,-4.275471504496338,0.0014586646451988372,-0.0014586646451988372,False,19,120,platform_chart,direct local market-cap rank from Tushare daily_basic total_mv
t10-additions-20260911-candidates.report:T10-ADD-BM-20260911,T10-ADD-BM-20260911,t10_size_plus_impact_bm,"(RANK(1-RETURNS(CLOSE,40)) + RANK((SUM(VOLUME*(OPEN+CLOSE)/2,250)/SUM(VOLUME,250))/CLOSE-1) + RANK(1-MA(TURNOVER,21)/MA(TURNOVER,504)) + RANK(-ZSCORE(RANK(MARKET_CAP))) + RANK(SUM((HIGH-LOW)/(DELAY(CLOSE,1)+0.000001),60)/(SUM(AMOUNT,60)+1)) + RANK(book_to_market_ratio_lf)) / 6",18.092280000000002,13.876266880434995,-4.216013119565007,18.35692164873478,22.53,29.350000000000005,29.633960107802814,-0.2839601078028109,0.2839601078028109,comparable,True,,4.4377200000000006,13.91920164873478,-4.173078351265222,-0.042934768299785375,0.042934768299785375,False,19,120,platform_chart,market proxy: cached high/low/amount when present; otherwise open/close range and volume*average-price proxies
t10-additions-20260911-candidates.report:T10-ADD-DD120-20260911,T10-ADD-DD120-20260911,t10_size_plus_impact_dd120,"(RANK(1-RETURNS(CLOSE,40)) + RANK((SUM(VOLUME*(OPEN+CLOSE)/2,250)/SUM(VOLUME,250))/CLOSE-1) + RANK(1-MA(TURNOVER,21)/MA(TURNOVER,504)) + RANK(-ZSCORE(RANK(MARKET_CAP))) + RANK(SUM((HIGH-LOW)/(DELAY(CLOSE,1)+0.000001),60)/(SUM(AMOUNT,60)+1)) + RANK(1-CLOSE/TS_MAX(CLOSE,120))) / 6",16.834384,12.495545700665785,-4.338838299334215,17.296351678181725,21.7,32.18,31.751362285158347,0.4286377148416509,0.4286377148416509,comparable,True,,4.865615999999999,12.430735678181726,-4.403648321818274,0.06481002248405865,-0.06481002248405865,False,19,120,platform_chart,market proxy: cached high/low/amount when present; otherwise open/close range and volume*average-price proxies
t10-additions-20260911-candidates.report:T10-ADD-G13-20260911,T10-ADD-G13-20260911,t10_size_plus_impact_g13,"(RANK(1-RETURNS(CLOSE,40)) + RANK((SUM(VOLUME*(OPEN+CLOSE)/2,250)/SUM(VOLUME,250))/CLOSE-1) + RANK(1-MA(TURNOVER,21)/MA(TURNOVER,504)) + RANK(-ZSCORE(RANK(MARKET_CAP))) + RANK(SUM((HIGH-LOW)/(DELAY(CLOSE,1)+0.000001),60)/(SUM(AMOUNT,60)+1)) + RANK(SUM(ABS(CLOSE / DELAY(CLOSE,1) - 1) / (AMOUNT + 1),60) / 60)) / 6",19.622616,13.617550976658165,-6.005065023341835,17.645067363860097,23.64,26.57,26.637013142869897,-0.06701314286989835,0.06701314286989835,comparable,True,,4.017384,13.627683363860093,-5.994932636139907,-0.010132387201927884,0.010132387201927884,False,19,120,platform_chart,market proxy: cached high/low/amount when present; otherwise open/close range and volume*average-price proxies
t10-more-additions-20260911-candidates.report:T10-ADD-AGG-IMPACT-20260911,T10-ADD-AGG-IMPACT-20260911,t10_size_plus_impact_aggregate,"(RANK(1-RETURNS(CLOSE,40)) + RANK((SUM(VOLUME*(OPEN+CLOSE)/2,250)/SUM(VOLUME,250))/CLOSE-1) + RANK(1-MA(TURNOVER,21)/MA(TURNOVER,504)) + RANK(-ZSCORE(RANK(MARKET_CAP))) + RANK(SUM((HIGH-LOW)/(DELAY(CLOSE,1)+0.000001),60)/(SUM(AMOUNT,60)+1)) + RANK(SUM(ABS(CLOSE / DELAY(CLOSE,1) - 1),60) / (SUM(AMOUNT,60) + 1))) / 6",19.759592,14.227426606404908,-5.532165393595093,18.26140905623083,23.78,26.590000000000003,26.679778107314295,-0.08977810731429225,0.08977810731429225,comparable,True,,4.020408000000001,14.241001056230829,-5.518590943769173,-0.01357444982592071,0.01357444982592071,False,19,120,platform_chart,market proxy: cached high/low/amount when present; otherwise open/close range and volume*average-price proxies
t10-more-additions-20260911-candidates.report:T10-ADD-DOWNSIDE-IMPACT-20260911,T10-ADD-DOWNSIDE-IMPACT-20260911,t10_size_plus_impact_downside,"(RANK(1-RETURNS(CLOSE,40)) + RANK((SUM(VOLUME*(OPEN+CLOSE)/2,250)/SUM(VOLUME,250))/CLOSE-1) + RANK(1-MA(TURNOVER,21)/MA(TURNOVER,504)) + RANK(-ZSCORE(RANK(MARKET_CAP))) + RANK(SUM((HIGH-LOW)/(DELAY(CLOSE,1)+0.000001),60)/(SUM(AMOUNT,60)+1)) + RANK(SUM((ABS(CLOSE / DELAY(CLOSE,1) - 1) - (CLOSE / DELAY(CLOSE,1) - 1)) / 2,60) / (SUM(AMOUNT,60) + 1))) / 6",19.39004,14.147981461209175,-5.242058538790824,18.24120606464705,23.48,27.05,27.071591292578525,-0.021591292578521104,0.021591292578521104,comparable,True,,4.0899600000000005,14.151246064647047,-5.238793935352952,-0.003264603437871827,0.003264603437871827,False,19,120,platform_chart,market proxy: cached high/low/amount when present; otherwise open/close range and volume*average-price proxies
t10-more-additions-20260911-candidates.report:T10-ADD-FSCORE-20260911,T10-ADD-FSCORE-20260911,t10_size_plus_impact_fscore,"(RANK(1-RETURNS(CLOSE,40)) + RANK((SUM(VOLUME*(OPEN+CLOSE)/2,250)/SUM(VOLUME,250))/CLOSE-1) + RANK(1-MA(TURNOVER,21)/MA(TURNOVER,504)) + RANK(-ZSCORE(RANK(MARKET_CAP))) + RANK(SUM((HIGH-LOW)/(DELAY(CLOSE,1)+0.000001),60)/(SUM(AMOUNT,60)+1)) + RANK((IF(oper_roa_net_ttm > 0,1,0) + IF(cfd_ocf_to_debt_ttm > 0,1,0) + IF(oper_roa_net_ttm > oper_roa_net_lyr,1,0) + IF(cfd_surplus_cash_multi_ttm > 1,1,0) + IF(fin_debt_to_asset_ttm < fin_debt_to_asset_lyr,1,0) + IF(fin_current_ratio_ttm > fin_current_ratio_lyr,1,0) + IF(oper_gross_margin_ttm > oper_gross_margin_lyr,1,0) + IF(oper_total_asset_turnover_ttm > oper_total_asset_turnover_lyr,1,0)) / 8)) / 6",17.476064,13.36371640984068,-4.11234759015932,18.15521967749519,22.13,30.78,31.689836426286444,-0.9098364262864422,0.9098364262864422,comparable,True,,4.653936,13.501283677495191,-3.9747803225048095,-0.13756726765451077,0.13756726765451077,False,7,120,platform_chart,Tushare PIT financial proxy; consolidated statements and reconstructed TTM
t10-newdirections-20260911-candidates.report:T10-SIZE-PLUS-IMPACT,T10-SIZE-PLUS-IMPACT,t10_size_plus_impact,"(RANK(1-RETURNS(CLOSE,40)) + RANK((SUM(VOLUME*(OPEN+CLOSE)/2,250)/SUM(VOLUME,250))/CLOSE-1) + RANK(1-MA(TURNOVER,21)/MA(TURNOVER,504)) + RANK(-ZSCORE(RANK(MARKET_CAP))) + RANK(SUM((HIGH-LOW)/(DELAY(CLOSE,1)+0.000001),60)/(SUM(AMOUNT,60)+1))) / 5",18.157232,13.146870768467577,-5.010361231532423,17.73124899655884,22.79,30.64,30.319961826000412,0.3200381739995872,0.3200381739995872,comparable,True,,4.632768,13.09848099655884,-5.058751003441161,0.048389771908738055,-0.048389771908738055,False,19,120,platform_chart,market proxy: cached high/low/amount when present; otherwise open/close range and volume*average-price proxies
t10-newdirections-20260911-candidates.report:T10-SIZE-PLUS-IMPACT-WC,T10-SIZE-PLUS-IMPACT-WC,t10_size_plus_impact_wc,"(RANK(1-RETURNS(CLOSE,40)) + RANK((SUM(VOLUME*(OPEN+CLOSE)/2,250)/SUM(VOLUME,250))/CLOSE-1) + RANK(1-MA(TURNOVER,21)/MA(TURNOVER,504)) + RANK(-ZSCORE(RANK(MARKET_CAP))) + RANK(SUM((HIGH-LOW)/(DELAY(CLOSE,1)+0.000001),60)/(SUM(AMOUNT,60)+1)) + RANK((CURRENT_ASSETS-INVENTORY-CURRENT_LIABILITIES)/(ABS(MARKET_CAP)+1))) / 6",17.443168,14.344148526806094,-3.0990194731939056,18.568135344512548,21.58,27.36,27.93642075202682,-0.5764207520268183,0.5764207520268183,comparable,True,,4.136832,14.431303344512546,-3.0118646554874537,-0.08715481770645184,0.08715481770645184,False,19,120,platform_chart,market proxy: cached high/low/amount when present; otherwise open/close range and volume*average-price proxies
t10-newdirections-20260911-candidates.report:T10-SIZE-PLUS-WC-MCAP,T10-SIZE-PLUS-WC-MCAP,t10_size_plus_wc_mcap,"(RANK(1-RETURNS(CLOSE,40)) + RANK((SUM(VOLUME*(OPEN+CLOSE)/2,250)/SUM(VOLUME,250))/CLOSE-1) + RANK(1-MA(TURNOVER,21)/MA(TURNOVER,504)) + RANK(-ZSCORE(RANK(MARKET_CAP))) + RANK((CURRENT_ASSETS-INVENTORY-CURRENT_LIABILITIES)/(ABS(MARKET_CAP)+1))) / 5",14.581016,12.299403953628113,-2.2816120463718867,17.155938352388038,19.43,32.07,32.11993649973494,-0.04993649973494274,0.04993649973494274,comparable,True,,4.848984,12.306954352388036,-2.2740616476119637,-0.007550398759923027,0.007550398759923027,False,19,120,platform_chart,"PIT proxy: working-capital term uses current balance fields when present, otherwise total assets - total liabilities"
t10-nomcap-plus-impact-20260911-candidates.report:T10-NOMCAP-PLUS-IMPACT,T10-NOMCAP-PLUS-IMPACT,t10_nomcap_plus_impact,"(RANK(1-RETURNS(CLOSE,40)) + RANK((SUM(VOLUME*(OPEN+CLOSE)/2,250)/SUM(VOLUME,250))/CLOSE-1) + RANK(1-MA(TURNOVER,21)/MA(TURNOVER,504)) + RANK(SUM((HIGH-LOW)/(DELAY(CLOSE,1)+0.000001),60)/(SUM(AMOUNT,60)+1))) / 4",14.225216,10.910325711014758,-3.314890288985241,16.093906225981176,19.49,34.82,34.282939913799055,0.5370600862009467,0.5370600862009467,comparable,True,,5.264784000000001,10.829122225981175,-3.3960937740188246,0.08120348503358343,-0.08120348503358343,False,19,120,platform_chart,market proxy: cached high/low/amount when present; otherwise open/close range and volume*average-price proxies
turnover-cost-cycle10-candidates.report:HT-WREV-21D,HT-WREV-21D,weighted_reversal,"RANK(-SUM(TURNOVER * RETURNS(CLOSE,1),21) / SUM(TURNOVER,21))",-0.8064719999999994,-3.1410848044521904,-2.334612804452191,7.523475908672698,9.9,70.81,70.53280894923869,0.2771910507613162,0.2771910507613162,comparable,True,,10.706472,-3.182996091327302,-2.3765240913273025,0.041911286875111475,-0.041911286875111475,False,18,120,platform_chart,direct local market-data reconstruction
turnover-cost-cycle10-candidates.report:HT-WREV-LOWTURN-21D,HT-WREV-LOWTURN-21D,weighted_reversal_lowturn,"(RANK(-SUM(TURNOVER * RETURNS(CLOSE,1),21) / SUM(TURNOVER,21)) + RANK(1 - MA(TURNOVER,21) / MA(TURNOVER,504))) / 2",2.7122639999999993,3.3222063612874013,0.609942361287402,11.71129608749542,11.94,61.03000000000001,55.483397660105936,5.5466023398940685,5.5466023398940685,comparable,True,,9.227736000000002,2.483560087495418,-0.22870391250458155,0.8386462737919835,0.3812384487828204,False,18,120,platform_chart,direct local market-data reconstruction
turnover-cost-cycle10-candidates.report:HT13-ALPHA13,HT13-ALPHA13,alpha13,"-1 * RANK(COV(RANK(CLOSE), RANK(VOLUME), 5))",-9.010624,-9.389868152376133,-0.37924415237613296,3.512143976987752,3.92,85.52,85.33076805134846,0.18923194865153592,0.18923194865153592,comparable,True,,12.930623999999998,-9.418480023012247,-0.407856023012247,0.028611870636114034,-0.028611870636114034,False,12,120,platform_chart,direct local market-data reconstruction
turnover-cost-cycle10-candidates.report:HT13-ALPHA44,HT13-ALPHA44,alpha44,"-1 * CORR(HIGH, RANK(VOLUME), 5)",-9.623712,-8.39471768519678,1.22899431480322,4.786294979112814,3.5699999999999994,87.26,87.17600968458726,0.08399031541275193,0.08399031541275193,comparable,True,,13.193712,-8.407417020887186,1.2162949791128135,0.012699335690406599,0.012699335690406599,False,11,120,platform_chart,direct local market-data reconstruction
turnover-cost-cycle10-candidates.report:HT13-REVERSAL-20D,HT13-REVERSAL-20D,reversal20,"1 - RETURNS(CLOSE,20)",-0.238567999999999,-4.050634885720046,-3.8120668857200473,6.5302388537838985,10.48,70.89,69.97932367396788,0.9106763260321116,0.9106763260321116,comparable,True,,10.718568,-4.188329146216101,-3.949761146216102,0.1376942604960547,-0.1376942604960547,False,19,120,platform_chart,direct local market-data reconstruction
turnover-cost-cycle10-candidates.report:OSR-RSI14-20D,OSR-RSI14-20D,rsi14,"RANK(1 - RSI(CLOSE,14) / 100)",-4.676759999999999,-7.190301920075082,-2.513541920075083,2.8641203213296045,5.31,66.05,66.49750159659183,-0.4475015965918372,0.4475015965918372,comparable,True,,9.98676,-7.122639678670395,-2.445879678670396,-0.0676622414046868,0.0676622414046868,False,14,120,platform_chart,direct local market-data reconstruction
turnover-cost-cycle10-candidates.report:OSR2-RET20,OSR2-RET20,reversal20,"RANK(1 - RETURNS(CLOSE,20))",-0.10252000000000017,-4.050634885720046,-3.948114885720046,6.5302388537838985,10.61,70.85,69.97932367396788,0.8706763260321049,0.8706763260321049,comparable,True,,10.71252,-4.1822811462161,-4.0797611462161,0.131646260496054,-0.131646260496054,False,19,120,platform_chart,direct local market-data reconstruction
verify-field-scan-20260910-candidates.report:VERIFY-E260910-04,VERIFY-E260910-04,book_to_market_lf_minus_size,RANK(book_to_market_ratio_lf) - RANK(MARKET_CAP),17.75808,15.113853781097376,-2.6442262189026238,17.16204724697638,19.89,7.049999999999999,6.773126540605172,0.27687345939482744,0.27687345939482744,comparable,True,,2.1319199999999996,15.030127246976377,-2.7279527530236223,0.08372653412099851,-0.08372653412099851,False,18,241,platform_chart,PIT proxy: book_to_market_ratio_lf mapped to latest announced equity / market cap
verify-field-scan-20260910-candidates.report:VERIFY-F260910-12,VERIFY-F260910-12,book_to_market_lf_plus_impact,"RANK(book_to_market_ratio_lf) + RANK(SUM(ABS(CLOSE / DELAY(CLOSE,1) - 1) / (AMOUNT + 1),60) / 60)",15.588864000000001,12.86167083855636,-2.7271931614436404,14.599175983615748,17.37,5.89,5.745718072286334,0.1442819277136652,0.1442819277136652,comparable,True,,1.7811359999999998,12.818039983615748,-2.7708240163842532,0.04363085494061281,-0.04363085494061281,False,17,241,platform_chart,market proxy: cached high/low/amount when present; otherwise open/close range and volume*average-price proxies
verify-field-scan-20260910-candidates.report:VERIFY-G260910-13,VERIFY-G260910-13,impact_abs_return60,"RANK(SUM(ABS(CLOSE / DELAY(CLOSE,1) - 1) / (AMOUNT + 1),60) / 60)",14.700511999999998,9.731994260745457,-4.9685177392545405,11.359249803400719,16.4,5.62,5.38113605375417,0.23886394624583057,0.23886394624583057,comparable,True,,1.699488,9.659761803400718,-5.04075019659928,0.07223245734473949,-0.07223245734473949,False,15,241,platform_chart,market proxy: cached high/low/amount when present; otherwise open/close range and volume*average-price proxies
verify-field-scan-cycle10-20260910-candidates.report:VERIFY10-E260910-04,VERIFY10-E260910-04,book_to_market_lf_minus_size,RANK(book_to_market_ratio_lf) - RANK(MARKET_CAP),16.74068,14.543919396134426,-2.1967606038655756,15.994100929868225,18.23,9.85,9.591147709879632,0.2588522901203663,0.2588522901203663,comparable,True,,1.48932,14.504780929868225,-2.235899070131776,0.03913846626620021,-0.03913846626620021,False,18,120,platform_chart,PIT proxy: book_to_market_ratio_lf mapped to latest announced equity / market cap
verify-field-scan-cycle10-20260910-candidates.report:VERIFY10-F260910-12,VERIFY10-F260910-12,book_to_market_lf_plus_impact,"RANK(book_to_market_ratio_lf) + RANK(SUM(ABS(CLOSE / DELAY(CLOSE,1) - 1) / (AMOUNT + 1),60) / 60)",15.046176,12.863471119735731,-2.1827048802642697,14.217601276839268,16.41,9.02,8.955887282430806,0.06411271756919384,0.06411271756919384,comparable,True,,1.363824,12.853777276839267,-2.192398723160734,0.009693842896464133,-0.009693842896464133,False,17,120,platform_chart,market proxy: cached high/low/amount when present; otherwise open/close range and volume*average-price proxies
verify-field-scan-cycle10-20260910-candidates.report:VERIFY10-G260910-13,VERIFY10-G260910-13,impact_abs_return60,"RANK(SUM(ABS(CLOSE / DELAY(CLOSE,1) - 1) / (AMOUNT + 1),60) / 60)",13.944184,10.385244844377315,-3.558939155622685,11.768880734897706,15.370000000000001,9.43,9.151031021960259,0.27896897803973975,0.27896897803973975,comparable,True,,1.4258159999999998,10.343064734897707,-3.6011192651022927,0.04218010947960771,-0.04218010947960771,False,15,120,platform_chart,market proxy: cached high/low/amount when present; otherwise open/close range and volume*average-price proxies
vwap-volume-trend-raw.report:VWAP10-VOL20-MOM20-RAW,VWAP10-VOL20-MOM20-RAW,vwap10_volume20_momentum20,"((MA(AMOUNT / VOLUME, 10) / CLOSE) - 1) * (VOLUME / MA(VOLUME, 20)) * (BIAS(CLOSE, 20) / 100)",-10.06148,-6.78727993533473,3.274200064665269,4.905235853976208,-0.74,61.64999999999999,77.33145363300885,-15.681453633008857,15.681453633008857,comparable,True,,9.32148,-4.41624414602379,5.645235853976209,-2.37103578931094,-2.37103578931094,False,2,120,platform_chart,direct local market-data reconstruction
workflow-6aa40282-python-candidates-d0.report:WF6AA4-D0-PYTHON-OBV-20260912,WF6AA4-D0-PYTHON-OBV-20260912,python_obv,workflow-6aa40282-python.py,-13.104599999999998,-13.375294867357338,-0.2706948673573404,0.07264210288782487,0.39,89.25,88.94138207834101,0.3086179216589824,0.3086179216589824,comparable,True,,13.494600000000002,-13.421957897112177,-0.31735789711217954,0.04666302975483916,-0.04666302975483916,False,0,120,platform_chart,local per-symbol interpretation of the saved Python OBV component; raw output is left unranked
workflow-6aa40282-python-candidates.report:WF6AA4-PYTHON-OBV-20260911,WF6AA4-PYTHON-OBV-20260911,python_obv,workflow-6aa40282-python.py,-23.349040000000002,-23.17313064784452,0.17590935215548242,-10.066212298279197,-10.24,86.7,86.68596792040559,0.014032079594417102,0.014032079594417102,comparable,True,,13.10904,-23.175252298279197,0.17378770172080493,0.002121650434677491,0.002121650434677491,False,3,120,platform_chart,local per-symbol interpretation of the saved Python OBV component; raw output is left unranked
workflow-6aa40282-singles-d0.report:WF6AA4-D0-CLOSE20-MOM-20260912,WF6AA4-D0-CLOSE20-MOM-20260912,momentum20,"RANK((CLOSE / DELAY(CLOSE, 20)) - 1)",-0.10252000000000017,-4.02089579425256,-3.91837579425256,6.56149306338492,10.61,70.85,69.98934429654417,0.8606557034558149,0.8606557034558149,comparable,True,,10.71252,-4.15102693661508,-4.048506936615079,0.13013114236251955,-0.13013114236251955,False,10,120,platform_chart,direct local market-data reconstruction
workflow-6aa40282-singles-d0.report:WF6AA4-D0-OPEN20-MOM-20260912,WF6AA4-D0-OPEN20-MOM-20260912,momentum20_open,"RANK((OPEN / DELAY(CLOSE, 20)) - 1)",-0.23581600000000158,-4.249313622157409,-4.0134976221574075,6.475215961241426,10.64,71.93,70.92942846163251,1.0005715383674896,1.0005715383674896,comparable,True,,10.875816,-4.400600038758575,-4.164784038758573,0.15128641660116582,-0.15128641660116582,False,,120,reference_chart_10d,direct local market-data reconstruction
workflow-6aa40282-singles.report:WF6AA4-CLOSE20-MOM-20260911,WF6AA4-CLOSE20-MOM-20260911,momentum20,"RANK((CLOSE / DELAY(CLOSE, 20)) - 1)",-42.833712000000006,-40.39293640491308,2.440775595086926,-31.018262317089974,-33.42,62.25999999999999,62.00181275015284,0.2581872498471527,0.2581872498471527,comparable,True,,9.413711999999999,-40.43197431708997,2.4017376829100385,0.039037912176887346,0.039037912176887346,False,10,120,platform_chart,direct local market-data reconstruction
workflow-6aa40282-singles.report:WF6AA4-OPEN20-MOM-20260911,WF6AA4-OPEN20-MOM-20260911,momentum20_open,"RANK((OPEN / DELAY(CLOSE, 20)) - 1)",-41.562712000000005,-39.304657049680905,2.2580549503190994,-29.730262183521372,-31.96,63.51,63.32271736877995,0.18728263122005373,0.18728263122005373,comparable,True,,9.602711999999999,-39.33297418352137,2.2297378164786323,0.02831713384046708,0.02831713384046708,False,10,120,platform_chart,direct local market-data reconstruction
