cluster,other_cluster,rho,abs_rho,member,other_member,panel,other_panel,valid_dates,threshold_edge,rank
B01,S02,-0.8029949917758373,0.8029949917758373,V5-V01,LAMD10-K5V2,member_0058,member_0051,120,True,1
B01,B06,-0.7923646933520151,0.7923646933520151,V5-V01,F-NET01-PLAT-20260914,member_0058,member_0011,120,False,2
B01,U02,-0.7846544115876752,0.7846544115876752,SIZE-ONLY-20260911,GP-0006,member_0001,cand_0091,120,False,3
B01,S04,-0.7331549731178264,0.7331549731178264,V5-V01,comp-amihud20-vs500,member_0058,member_0056,120,False,4
B01,S05,-0.709587186376236,0.709587186376236,H03-T10-SINGLE,V4R01,member_0000,member_0057,120,False,5
B01,U07,-0.6049862333957079,0.6049862333957079,SIZE-ONLY-20260911,GP-0013,member_0001,cand_0098,120,False,6
B01,U13,0.5746855600337181,0.5746855600337181,H03-T10-SINGLE,ct_obv,member_0000,cand_0061,120,False,7
B01,SEP-isolated,0.5667238494666252,0.5667238494666252,V5-V01,V6-V01,member_0058,member_0059,120,False,8
B01,B02,0.4236882013559942,0.4236882013559942,V5-V01,HT13-TURN-BIAS-1M,member_0058,member_0004,120,False,9
B01,N09,0.389222207789168,0.389222207789168,V5-V01,HT13-VOL-STD-1M,member_0058,member_0032,120,False,10
B01,N10,0.3762538429773255,0.3762538429773255,SIZE-ONLY-20260911,HT13-QUALITY-ROE,member_0001,member_0035,120,False,11
B01,N27,0.3393740295113123,0.3393740295113123,SIZE-ONLY-20260911,paper-derived-roe,member_0001,member_0044,120,False,12
B01,N08,0.3384800327224234,0.3384800327224234,V5-V01,HT13-TURN-STD-1M,member_0058,member_0031,120,False,13
B01,U08,-0.3105754617594222,0.3105754617594222,SIZE-ONLY-20260911,GP-0015,member_0001,cand_0100,120,False,14
B01,N05,0.303533265464715,0.303533265464715,SIZE-ONLY-20260911,HT13-VALUE-EP,member_0001,member_0028,120,False,15
B01,U11,-0.2974055977430644,0.2974055977430644,V5-V01,ct_amp10,member_0058,cand_0050,120,False,16
B01,U09,0.2852094644308375,0.2852094644308375,V5-V01,bhv_mom250_20,member_0058,cand_0032,120,False,17
B01,B05,0.2802899332374975,0.2802899332374975,V5-V01,HT13-MOMENTUM-120D-D0,member_0058,member_0008,120,False,18
B01,U04,-0.2663410225479378,0.2663410225479378,V5-V01,BHV-LIMITUP20-20261003,member_0058,cand_0003,120,False,19
B01,S01,-0.2625384178973979,0.2625384178973979,V5-V01,VV6-756,member_0058,member_0049,120,False,20
B01,U10,0.2471337677700568,0.2471337677700568,V5-V01,bhv_on20,member_0058,cand_0033,120,False,21
B01,B08,-0.2441468365497255,0.2441468365497255,V5-V01,HT13-VALUE-BP,member_0058,member_0012,120,False,22
B01,U14,-0.2413715287535878,0.2413715287535878,V5-V01,ct_pvcorr30,member_0058,cand_0060,120,False,23
B01,U06,0.2388302051791505,0.2388302051791505,V5-V01,GP-0004,member_0058,cand_0089,2,False,24
B01,U12,-0.2373081699335578,0.2373081699335578,V5-V01,ct_ar,member_0058,cand_0055,120,False,25
B01,N32,-0.2361878735485803,0.2361878735485803,V5-V01,HT13-NEW-ALPHA40,member_0058,member_0048,120,False,26
B01,U03,-0.2258640186529341,0.2258640186529341,V5-V01,bhv_on_minus_id,member_0058,cand_0034,120,False,27
B01,N20,0.2251966984434075,0.2251966984434075,V5-V01,OSR-DD20-20D,member_0058,member_0042,120,False,28
B01,N16,-0.2196466111278352,0.2196466111278352,V5-V01,NONHT-SKEW-LOW-60D,member_0058,member_0040,120,False,29
B01,U01,-0.2120086649498374,0.2120086649498374,SIZE-ONLY-20260911,GP-0011,member_0001,cand_0096,120,False,30
B01,B10,0.1850889511625012,0.1850889511625012,SIZE-ONLY-20260911,paper-derived-asset-growth,member_0001,member_0014,120,False,31
B01,N02,-0.1717097250815445,0.1717097250815445,VERIFY-G260910-13,HT13-GROWTH-NP,member_0002,member_0026,120,False,32
B01,B09,0.1543491661819009,0.1543491661819009,V5-V01,OSR2-DD60,member_0058,member_0013,120,False,33
B01,N11,0.1448681859428274,0.1448681859428274,SIZE-ONLY-20260911,HT13-QUALITY-CASH-DEBT,member_0001,member_0037,120,False,34
B01,N04,0.1439064608619104,0.1439064608619104,VERIFY-G260910-13,NEW-HIST-ROE-6Q,member_0002,member_0027,120,False,35
B01,B03,-0.1396661550499506,0.1396661550499506,V5-V01,OSR2-RET40,member_0058,member_0006,120,False,36
B01,N29,0.1343359327017333,0.1343359327017333,VERIFY-G260910-13,REPORT-HIST-NETMARGIN-6Q-10D-20260910,member_0002,member_0045,120,False,37
B01,N31,0.129867754219366,0.129867754219366,VERIFY-G260910-13,HT13-NEW-HIST-GPM-6Q,member_0002,member_0047,120,False,38
B01,N23,-0.1168773990765419,0.1168773990765419,V5-V01,OSR2-MODERATE-DD60,member_0058,member_0043,120,False,39
B01,B04,-0.0911903173197352,0.0911903173197352,SIZE-ONLY-20260911,OSR2-DD120,member_0001,member_0007,120,False,40
B01,N14,-0.0910972431848944,0.0910972431848944,V5-V01,HT13-ALPHA44,member_0058,member_0039,120,False,41
B01,N12,0.0894851539825846,0.0894851539825846,VERIFY-G260910-13,HT13-HIST-EP-2Q,member_0002,member_0038,120,False,42
B01,B12,-0.0873157490395512,0.0873157490395512,V5-V01,HT13-VALUE-SP,member_0058,member_0015,120,False,43
B01,U05,0.0639043760959686,0.0639043760959686,H03-T10-SINGLE,F-NET03,member_0000,cand_0019,120,False,44
B01,N01,-0.0627314776511614,0.0627314776511614,VERIFY-G260910-13,OSR-MA20-20D,member_0002,member_0020,120,False,45
B01,N30,-0.0529480782919734,0.0529480782919734,V5-V01,REPORT-HIST-ASSETTURN-6Q-10D-20260910,member_0058,member_0046,120,False,46
B01,N19,0.0495002494384857,0.0495002494384857,V5-V01,OSR-RET5-20D,member_0058,member_0041,120,False,47
B01,N06,0.0399571130250204,0.0399571130250204,V5-V01,HT13-VALUE-OCFP-LOW-PCF,member_0058,member_0029,120,False,48
B01,N07,0.0365272041189126,0.0365272041189126,SIZE-ONLY-20260911,HT13-GROWTH-OCF,member_0001,member_0030,120,False,49
B02,S02,-0.6103072621495812,0.6103072621495812,HT13-TURN-BIAS-1M,LAMD10-K5V2,member_0004,member_0051,120,False,1
B02,S01,-0.5792891662550435,0.5792891662550435,HT13-TURN-BIAS-1M,VV6-756,member_0004,member_0049,120,False,2
B02,S04,-0.5644983954951893,0.5644983954951893,HT13-TURN-BIAS-1M,comp-pvcorr20-amihud20-vs500,member_0004,member_0054,120,False,3
B02,N09,0.5475464898720056,0.5475464898720056,HT13-TURN-BIAS-1M,HT13-VOL-STD-1M,member_0004,member_0032,120,False,4
B02,N08,0.5473633763110536,0.5473633763110536,HT13-TURN-BIAS-1M,HT13-TURN-STD-1M,member_0004,member_0031,120,False,5
B02,U04,-0.4448722197492559,0.4448722197492559,HT13-TURN-BIAS-1M,BHV-LIMITUP20-20261003,member_0004,cand_0003,120,False,6
B02,U11,-0.4294172876217225,0.4294172876217225,HT13-TURN-BIAS-1M,ct_amp10,member_0004,cand_0050,120,False,7
B02,B05,-0.4264442212150305,0.4264442212150305,HT13-TURN-BIAS-1M,NONHT-CHIP-COST-250,member_0004,member_0009,120,False,8
B02,B01,0.4236882013559942,0.4236882013559942,HT13-TURN-BIAS-1M,V5-V01,member_0004,member_0058,120,False,9
B02,S05,0.4088232307305173,0.4088232307305173,HT13-TURN-BIAS-1M,V4R01,member_0004,member_0057,120,False,10
B02,B03,-0.3883138207404736,0.3883138207404736,HT13-TURN-BIAS-1M,OSR2-RET40,member_0004,member_0006,120,False,11
B02,U12,-0.3534962375255125,0.3534962375255125,HT13-TURN-BIAS-1M,ct_ar,member_0004,cand_0055,120,False,12
B02,SEP-isolated,0.3212970020758675,0.3212970020758675,HT13-TURN-BIAS-1M,V6-V01,member_0004,member_0059,120,False,13
B02,U03,-0.3031152059636623,0.3031152059636623,HT13-TURN-BIAS-1M,AGP04W,member_0004,cand_0026,120,False,14
B02,N32,-0.2774843096002792,0.2774843096002792,HT13-TURN-BIAS-1M,HT13-NEW-ALPHA40,member_0004,member_0048,120,False,15
B02,U14,-0.2742482315757144,0.2742482315757144,HT13-TURN-BIAS-1M,ct_pvcorr30,member_0004,cand_0060,120,False,16
B02,N01,-0.272999202824469,0.272999202824469,HT13-TURN-BIAS-1M,F-A18,member_0004,member_0016,120,False,17
B02,B06,-0.2725153558325987,0.2725153558325987,HT13-TURN-BIAS-1M,F-NET01-PLAT-20260914,member_0004,member_0011,120,False,18
B02,U09,0.2456826394041936,0.2456826394041936,HT13-TURN-BIAS-1M,bhv_mom250_20,member_0004,cand_0032,120,False,19
B02,N16,-0.2340176173679528,0.2340176173679528,HT13-TURN-BIAS-1M,NONHT-SKEW-LOW-60D,member_0004,member_0040,120,False,20
B02,N20,0.1874366587591042,0.1874366587591042,HT13-TURN-BIAS-1M,OSR-DD20-20D,member_0004,member_0042,120,False,21
B02,B04,-0.1656832393011765,0.1656832393011765,HT13-TURN-BIAS-1M,OSR2-DD120,member_0004,member_0007,120,False,22
B02,U10,0.1343105011501181,0.1343105011501181,HT13-TURN-BIAS-1M,bhv_on20,member_0004,cand_0033,120,False,23
B02,N14,-0.1340044488711995,0.1340044488711995,HT13-TURN-BIAS-1M,HT13-ALPHA44,member_0004,member_0039,120,False,24
B02,U06,0.0958286207286744,0.0958286207286744,HT13-TURN-BIAS-1M,GP-0004,member_0004,cand_0089,1,False,25
B02,N12,0.0937424368514226,0.0937424368514226,HT13-TURN-BIAS-1M,HT13-HIST-EP-2Q,member_0004,member_0038,120,False,26
B02,N29,-0.0788119487236335,0.0788119487236335,HT13-TURN-BIAS-1M,REPORT-HIST-NETMARGIN-6Q-10D-20260910,member_0004,member_0045,120,False,27
B02,N02,0.0776443170159875,0.0776443170159875,HT13-TURN-BIAS-1M,HT13-GROWTH-NP,member_0004,member_0026,120,False,28
B02,N27,-0.073613583677244,0.073613583677244,HT13-TURN-BIAS-1M,paper-derived-roe,member_0004,member_0044,120,False,29
B02,U07,-0.0699068714256311,0.0699068714256311,HT13-TURN-BIAS-1M,GP-0013,member_0004,cand_0098,120,False,30
B02,N23,-0.0649825425600444,0.0649825425600444,HT13-TURN-BIAS-1M,OSR2-MODERATE-DD60,member_0004,member_0043,120,False,31
B02,B10,-0.0488636684473743,0.0488636684473743,HT13-TURN-BIAS-1M,paper-derived-asset-growth,member_0004,member_0014,120,False,32
B02,N05,-0.0476244512033208,0.0476244512033208,HT13-TURN-BIAS-1M,HT13-VALUE-EP,member_0004,member_0028,120,False,33
B02,N30,-0.0427517549286968,0.0427517549286968,HT13-TURN-BIAS-1M,REPORT-HIST-ASSETTURN-6Q-10D-20260910,member_0004,member_0046,120,False,34
B02,U02,-0.0414077408813893,0.0414077408813893,HT13-TURN-BIAS-1M,GP-0006,member_0004,cand_0091,120,False,35
B02,B08,-0.0410420641752942,0.0410420641752942,HT13-TURN-BIAS-1M,HT13-VALUE-BP,member_0004,member_0012,120,False,36
B02,B09,-0.0387524643468084,0.0387524643468084,HT13-TURN-BIAS-1M,OSR2-DD60,member_0004,member_0013,120,False,37
B02,U01,-0.0272949881485057,0.0272949881485057,HT13-TURN-BIAS-1M,F-NET01,member_0004,cand_0017,120,False,38
B02,N04,-0.0269545353283944,0.0269545353283944,HT13-TURN-BIAS-1M,NEW-HIST-ROE-6Q,member_0004,member_0027,120,False,39
B02,U08,-0.0264248305376973,0.0264248305376973,HT13-TURN-BIAS-1M,GP-0015,member_0004,cand_0100,120,False,40
B02,N31,-0.0229920940083652,0.0229920940083652,HT13-TURN-BIAS-1M,HT13-NEW-HIST-GPM-6Q,member_0004,member_0047,120,False,41
B02,B12,-0.0206110827399618,0.0206110827399618,HT13-TURN-BIAS-1M,HT13-VALUE-SP,member_0004,member_0015,120,False,42
B02,N07,0.0188623963044914,0.0188623963044914,HT13-TURN-BIAS-1M,HT13-GROWTH-OCF,member_0004,member_0030,120,False,43
B02,N10,-0.0114897179257853,0.0114897179257853,HT13-TURN-BIAS-1M,REPORT-ROIC-TTM-10D-20260910,member_0004,member_0036,120,False,44
B02,U13,-0.006910782274744,0.006910782274744,HT13-TURN-BIAS-1M,ct_obv,member_0004,cand_0061,120,False,45
B02,U05,-0.006668470925638,0.006668470925638,HT13-TURN-BIAS-1M,F-NET03,member_0004,cand_0019,120,False,46
B02,N06,0.0044419850454805,0.0044419850454805,HT13-TURN-BIAS-1M,HT13-VALUE-OCFP-LOW-PCF,member_0004,member_0029,120,False,47
B02,N11,-0.0026715819264778,0.0026715819264778,HT13-TURN-BIAS-1M,HT13-QUALITY-CASH-DEBT,member_0004,member_0037,120,False,48
B02,N19,0.0004398422756515,0.0004398422756515,HT13-TURN-BIAS-1M,OSR-RET5-20D,member_0004,member_0041,120,False,49
B03,N01,0.7917223605950652,0.7917223605950652,OSR2-RET40,F-A18,member_0006,member_0016,120,False,1
B03,B05,0.5858557016417859,0.5858557016417859,OSR2-RET40,NONHT-CHIP-COST-250,member_0006,member_0009,120,False,2
B03,B09,0.5809231259107422,0.5809231259107422,OSR2-RET40,OSR2-DD60,member_0006,member_0013,120,False,3
B03,B04,0.5539482544622178,0.5539482544622178,OSR2-RET40,OSR2-DD120,member_0006,member_0007,120,False,4
B03,U12,0.5472425387698302,0.5472425387698302,OSR2-RET40,ct_ar,member_0006,cand_0055,120,False,5
B03,U03,0.5247137343144693,0.5247137343144693,OSR2-RET40,AGP04W,member_0006,cand_0026,120,False,6
B03,S02,0.4851855236926273,0.4851855236926273,OSR2-RET40,comp-amt60-vs500-retrev20,member_0006,member_0055,120,False,7
B03,B02,-0.3883138207404736,0.3883138207404736,OSR2-RET40,HT13-TURN-BIAS-1M,member_0006,member_0004,120,False,8
B03,U04,0.3531117967664654,0.3531117967664654,OSR2-RET40,BHV-LIMITUP20-20261003,member_0006,cand_0003,120,False,9
B03,N09,0.3457482707183498,0.3457482707183498,OSR2-RET40,NONHT-MAX-LOW-21D,member_0006,member_0033,120,False,10
B03,S04,0.3429736820792474,0.3429736820792474,OSR2-RET40,comp-pvcorr20-amihud20-vs500,member_0006,member_0054,120,False,11
B03,S01,0.3206741966387875,0.3206741966387875,OSR2-RET40,VV6-500,member_0006,member_0050,120,False,12
B03,N08,-0.280050618480545,0.280050618480545,OSR2-RET40,HT13-TURN-STD-1M,member_0006,member_0031,120,False,13
B03,N23,-0.2646173589714208,0.2646173589714208,OSR2-RET40,OSR2-MODERATE-DD60,member_0006,member_0043,120,False,14
B03,N20,0.2618237643302921,0.2618237643302921,OSR2-RET40,OSR-DD20-20D,member_0006,member_0042,120,False,15
B03,U14,0.2568328790649202,0.2568328790649202,OSR2-RET40,ct_pvcorr30,member_0006,cand_0060,120,False,16
B03,N19,0.2551441517758265,0.2551441517758265,OSR2-RET40,OSR-RET5-20D,member_0006,member_0041,120,False,17
B03,N32,0.2523806338411611,0.2523806338411611,OSR2-RET40,HT13-NEW-ALPHA40,member_0006,member_0048,120,False,18
B03,U11,0.2386928752510317,0.2386928752510317,OSR2-RET40,ct_amp10,member_0006,cand_0050,120,False,19
B03,N16,0.228157692272174,0.228157692272174,OSR2-RET40,NONHT-SKEW-LOW-60D,member_0006,member_0040,120,False,20
B03,N12,-0.1989774648696876,0.1989774648696876,OSR2-RET40,HT13-HIST-EP-2Q,member_0006,member_0038,120,False,21
B03,U06,-0.1749033733756674,0.1749033733756674,OSR2-RET40,GP-0004,member_0006,cand_0089,2,False,22
B03,N14,0.1560381512740948,0.1560381512740948,OSR2-RET40,HT13-ALPHA44,member_0006,member_0039,120,False,23
B03,B01,-0.1396661550499506,0.1396661550499506,OSR2-RET40,V5-V01,member_0006,member_0058,120,False,24
B03,U09,-0.1360643601917544,0.1360643601917544,OSR2-RET40,bhv_mom250_20,member_0006,cand_0032,120,False,25
B03,SEP-isolated,-0.1176262371423541,0.1176262371423541,OSR2-RET40,V6-V01,member_0006,member_0059,120,False,26
B03,S05,-0.110867051467323,0.110867051467323,OSR2-RET40,V4R01,member_0006,member_0057,120,False,27
B03,B06,0.0999105104062743,0.0999105104062743,OSR2-RET40,F-NET01-PLAT-20260914,member_0006,member_0011,120,False,28
B03,B08,0.0861358356323695,0.0861358356323695,OSR2-RET40,HT13-VALUE-BP,member_0006,member_0012,120,False,29
B03,N29,0.0804858368162226,0.0804858368162226,OSR2-RET40,REPORT-HIST-NETMARGIN-6Q-10D-20260910,member_0006,member_0045,120,False,30
B03,N02,-0.0717135776555173,0.0717135776555173,OSR2-RET40,HT13-GROWTH-NP,member_0006,member_0026,120,False,31
B03,B12,0.0621765031170662,0.0621765031170662,OSR2-RET40,HT13-VALUE-SP,member_0006,member_0015,120,False,32
B03,U01,0.0547638658410648,0.0547638658410648,OSR2-RET40,F-NET01,member_0006,cand_0017,120,False,33
B03,N04,0.0494065351221514,0.0494065351221514,OSR2-RET40,NEW-HIST-ROE-6Q,member_0006,member_0027,120,False,34
B03,N30,0.0461307675619236,0.0461307675619236,OSR2-RET40,REPORT-HIST-ASSETTURN-6Q-10D-20260910,member_0006,member_0046,120,False,35
B03,N06,-0.0376339349664588,0.0376339349664588,OSR2-RET40,HT13-VALUE-OCFP-LOW-PCF,member_0006,member_0029,120,False,36
B03,N31,0.0373415916066269,0.0373415916066269,OSR2-RET40,HT13-NEW-HIST-GPM-6Q,member_0006,member_0047,120,False,37
B03,N10,-0.0342103392601757,0.0342103392601757,OSR2-RET40,HT13-QUALITY-ROE,member_0006,member_0035,120,False,38
B03,U13,0.0322234066000703,0.0322234066000703,OSR2-RET40,ct_obv,member_0006,cand_0061,120,False,39
B03,U10,0.0306438608628786,0.0306438608628786,OSR2-RET40,bhv_on20,member_0006,cand_0033,120,False,40
B03,U08,-0.0292564250207796,0.0292564250207796,OSR2-RET40,GP-0015,member_0006,cand_0100,120,False,41
B03,N05,0.0249476228665157,0.0249476228665157,OSR2-RET40,HT13-VALUE-EP,member_0006,member_0028,120,False,42
B03,N11,-0.0231153908958911,0.0231153908958911,OSR2-RET40,HT13-QUALITY-CASH-DEBT,member_0006,member_0037,120,False,43
B03,U02,-0.022282431369126,0.022282431369126,OSR2-RET40,GP-0005,member_0006,cand_0090,120,False,44
B03,N07,-0.0187415243891821,0.0187415243891821,OSR2-RET40,HT13-GROWTH-OCF,member_0006,member_0030,120,False,45
B03,U05,-0.0163393207532468,0.0163393207532468,OSR2-RET40,F-NET03,member_0006,cand_0019,120,False,46
B03,N27,0.0160001493994407,0.0160001493994407,OSR2-RET40,paper-derived-roe,member_0006,member_0044,120,False,47
B03,B10,0.0151659715735583,0.0151659715735583,OSR2-RET40,paper-derived-asset-growth,member_0006,member_0014,120,False,48
B03,U07,-0.0089496256788367,0.0089496256788367,OSR2-RET40,GP-0013,member_0006,cand_0098,120,False,49
B04,B09,0.8048084752229112,0.8048084752229112,OSR2-DD120,OSR2-DD60,member_0007,member_0013,120,True,1
B04,N01,0.5694576844137755,0.5694576844137755,OSR2-DD120,F-A18,member_0007,member_0016,120,False,2
B04,B05,0.5619269725539862,0.5619269725539862,OSR2-DD120,NONHT-CHIP-COST-250,member_0007,member_0009,120,False,3
B04,B03,0.5539482544622178,0.5539482544622178,OSR2-DD120,OSR2-RET40,member_0007,member_0006,120,False,4
B04,N20,0.5254307634174747,0.5254307634174747,OSR2-DD120,OSR-DD20-20D,member_0007,member_0042,120,False,5
B04,U03,0.3639707197468784,0.3639707197468784,OSR2-DD120,AGP04W,member_0007,cand_0026,120,False,6
B04,U12,0.3220378272715082,0.3220378272715082,OSR2-DD120,ct_ar,member_0007,cand_0055,120,False,7
B04,S02,0.3046894033938203,0.3046894033938203,OSR2-DD120,comp-amt60-vs500-retrev20,member_0007,member_0055,120,False,8
B04,N19,0.2817341836465492,0.2817341836465492,OSR2-DD120,OSR-RET5-20D,member_0007,member_0041,120,False,9
B04,N23,-0.2472216199996481,0.2472216199996481,OSR2-DD120,OSR2-MODERATE-DD60,member_0007,member_0043,120,False,10
B04,N09,0.1961537530431444,0.1961537530431444,OSR2-DD120,HT13-VOL-STD-1M,member_0007,member_0032,120,False,11
B04,SEP-isolated,0.1792457232781029,0.1792457232781029,OSR2-DD120,V6-V01,member_0007,member_0059,120,False,12
B04,U01,-0.1720737195667835,0.1720737195667835,OSR2-DD120,F-NET02,member_0007,cand_0018,120,False,13
B04,N05,-0.167696834241173,0.167696834241173,OSR2-DD120,HT13-VALUE-EP,member_0007,member_0028,120,False,14
B04,S04,0.1657321280455734,0.1657321280455734,OSR2-DD120,comp-pvcorr20-amihud20-vs500,member_0007,member_0054,120,False,15
B04,B02,-0.1656832393011765,0.1656832393011765,OSR2-DD120,HT13-TURN-BIAS-1M,member_0007,member_0004,120,False,16
B04,U06,-0.1513410015622871,0.1513410015622871,OSR2-DD120,GP-0004,member_0007,cand_0089,2,False,17
B04,S01,0.1408377664043733,0.1408377664043733,OSR2-DD120,VV6-500,member_0007,member_0050,120,False,18
B04,S05,0.1384768591962081,0.1384768591962081,OSR2-DD120,V7-V01,member_0007,member_0060,120,False,19
B04,N16,0.1321741477861615,0.1321741477861615,OSR2-DD120,NONHT-SKEW-LOW-60D,member_0007,member_0040,120,False,20
B04,U02,0.1183225102084342,0.1183225102084342,OSR2-DD120,GP-0006,member_0007,cand_0091,120,False,21
B04,B08,-0.1172283924720601,0.1172283924720601,OSR2-DD120,HT13-VALUE-BP,member_0007,member_0012,120,False,22
B04,U11,-0.1133847366240454,0.1133847366240454,OSR2-DD120,ct_amp10,member_0007,cand_0050,120,False,23
B04,N29,0.1066869354678194,0.1066869354678194,OSR2-DD120,REPORT-HIST-NETMARGIN-6Q-10D-20260910,member_0007,member_0045,120,False,24
B04,U10,0.1000837400864045,0.1000837400864045,OSR2-DD120,bhv_on20,member_0007,cand_0033,120,False,25
B04,N02,-0.0919610199834165,0.0919610199834165,OSR2-DD120,HT13-GROWTH-NP,member_0007,member_0026,120,False,26
B04,B01,-0.0911903173197352,0.0911903173197352,OSR2-DD120,SIZE-ONLY-20260911,member_0007,member_0001,120,False,27
B04,B06,-0.0871491513475765,0.0871491513475765,OSR2-DD120,F-NET01-PLAT-20260914,member_0007,member_0011,120,False,28
B04,N31,0.0844242310006549,0.0844242310006549,OSR2-DD120,HT13-NEW-HIST-GPM-6Q,member_0007,member_0047,120,False,29
B04,B10,0.0762324590956496,0.0762324590956496,OSR2-DD120,paper-derived-asset-growth,member_0007,member_0014,120,False,30
B04,U14,0.0754170276831262,0.0754170276831262,OSR2-DD120,ct_pvcorr30,member_0007,cand_0060,120,False,31
B04,B12,-0.073751586389787,0.073751586389787,OSR2-DD120,HT13-VALUE-SP,member_0007,member_0015,120,False,32
B04,N08,0.061424036093162,0.061424036093162,OSR2-DD120,HT13-TURN-STD-1M,member_0007,member_0031,120,False,33
B04,N04,0.0578637108473176,0.0578637108473176,OSR2-DD120,NEW-HIST-ROE-6Q,member_0007,member_0027,120,False,34
B04,U09,-0.0536390366145784,0.0536390366145784,OSR2-DD120,bhv_mom250_20,member_0007,cand_0032,120,False,35
B04,U04,0.0525561066942441,0.0525561066942441,OSR2-DD120,BHV-LIMITUP20-20261003,member_0007,cand_0003,120,False,36
B04,N10,-0.0500499374692358,0.0500499374692358,OSR2-DD120,HT13-QUALITY-ROE,member_0007,member_0035,120,False,37
B04,N11,-0.0470589813670151,0.0470589813670151,OSR2-DD120,HT13-QUALITY-CASH-DEBT,member_0007,member_0037,120,False,38
B04,U07,0.0412083251814037,0.0412083251814037,OSR2-DD120,GP-0013,member_0007,cand_0098,120,False,39
B04,N30,0.0348250183270905,0.0348250183270905,OSR2-DD120,REPORT-HIST-ASSETTURN-6Q-10D-20260910,member_0007,member_0046,120,False,40
B04,U08,0.0330547151659326,0.0330547151659326,OSR2-DD120,GP-0015,member_0007,cand_0100,120,False,41
B04,N32,-0.0303865801508172,0.0303865801508172,OSR2-DD120,HT13-NEW-ALPHA40,member_0007,member_0048,120,False,42
B04,U13,0.0244597149769094,0.0244597149769094,OSR2-DD120,ct_obv,member_0007,cand_0061,120,False,43
B04,N12,-0.0232071387217037,0.0232071387217037,OSR2-DD120,HT13-HIST-EP-2Q,member_0007,member_0038,120,False,44
B04,N06,0.0193898299351508,0.0193898299351508,OSR2-DD120,HT13-VALUE-OCFP-LOW-PCF,member_0007,member_0029,120,False,45
B04,N07,-0.0175402649707835,0.0175402649707835,OSR2-DD120,HT13-GROWTH-OCF,member_0007,member_0030,120,False,46
B04,N27,0.0167819190765417,0.0167819190765417,OSR2-DD120,paper-derived-roe,member_0007,member_0044,120,False,47
B04,U05,-0.0083903010404566,0.0083903010404566,OSR2-DD120,F-NET03,member_0007,cand_0019,120,False,48
B04,N14,0.000605096211611,0.000605096211611,OSR2-DD120,HT13-ALPHA44,member_0007,member_0039,120,False,49
B05,U09,-0.5971271391658701,0.5971271391658701,NONHT-CHIP-COST-250,bhv_mom250_20,member_0009,cand_0032,120,False,1
B05,B03,0.5858557016417859,0.5858557016417859,NONHT-CHIP-COST-250,OSR2-RET40,member_0009,member_0006,120,False,2
B05,B04,0.5619269725539862,0.5619269725539862,NONHT-CHIP-COST-250,OSR2-DD120,member_0009,member_0007,120,False,3
B05,N01,0.5205066512447777,0.5205066512447777,NONHT-CHIP-COST-250,F-A18,member_0009,member_0016,120,False,4
B05,S02,0.4772645042633054,0.4772645042633054,NONHT-CHIP-COST-250,comp-amt60-vs500-retrev20,member_0009,member_0055,120,False,5
B05,B02,-0.4264442212150305,0.4264442212150305,NONHT-CHIP-COST-250,HT13-TURN-BIAS-1M,member_0009,member_0004,120,False,6
B05,U12,0.409748614145833,0.409748614145833,NONHT-CHIP-COST-250,ct_ar,member_0009,cand_0055,120,False,7
B05,U03,0.4010016850689834,0.4010016850689834,NONHT-CHIP-COST-250,AGP04W,member_0009,cand_0026,120,False,8
B05,N09,0.3596858487306659,0.3596858487306659,NONHT-CHIP-COST-250,NONHT-MAX-LOW-21D,member_0009,member_0033,120,False,9
B05,B09,0.3574146604962248,0.3574146604962248,NONHT-CHIP-COST-250,OSR2-DD60,member_0009,member_0013,120,False,10
B05,S01,0.3481505045045646,0.3481505045045646,NONHT-CHIP-COST-250,VV6-500,member_0009,member_0050,120,False,11
B05,S04,0.3290111435166649,0.3290111435166649,NONHT-CHIP-COST-250,comp-amihud20-vs500,member_0009,member_0056,120,False,12
B05,U04,0.3001132085946733,0.3001132085946733,NONHT-CHIP-COST-250,BHV-LIMITUP20-20261003,member_0009,cand_0003,120,False,13
B05,N08,0.2954628626024286,0.2954628626024286,HT13-MOMENTUM-120D-D0,HT13-TURN-STD-1M,member_0008,member_0031,120,False,14
B05,U11,0.2840890648193192,0.2840890648193192,NONHT-CHIP-COST-250,ct_amp10,member_0009,cand_0050,120,False,15
B05,B01,0.2802899332374975,0.2802899332374975,HT13-MOMENTUM-120D-D0,V5-V01,member_0008,member_0058,120,False,16
B05,U06,-0.2721998199306984,0.2721998199306984,NONHT-CHIP-COST-250,GP-0004,member_0009,cand_0089,2,False,17
B05,SEP-isolated,0.2584435915059955,0.2584435915059955,HT13-MOMENTUM-120D-D0,V6-V01,member_0008,member_0059,120,False,18
B05,N02,-0.2511801759991752,0.2511801759991752,NONHT-CHIP-COST-250,HT13-GROWTH-NP,member_0009,member_0026,120,False,19
B05,N32,0.2398132764257239,0.2398132764257239,NONHT-CHIP-COST-250,HT13-NEW-ALPHA40,member_0009,member_0048,120,False,20
B05,B06,0.2335139239836499,0.2335139239836499,NONHT-CHIP-COST-250,F-NET01-PLAT-20260914,member_0009,member_0011,120,False,21
B05,N29,0.2239464144341348,0.2239464144341348,NONHT-CHIP-COST-250,REPORT-HIST-NETMARGIN-6Q-10D-20260910,member_0009,member_0045,120,False,22
B05,N16,-0.2127652960113179,0.2127652960113179,HT13-MOMENTUM-120D-D0,NONHT-SKEW-LOW-60D,member_0008,member_0040,120,False,23
B05,N19,0.2103093091446224,0.2103093091446224,NONHT-CHIP-COST-250,OSR-RET5-20D,member_0009,member_0041,120,False,24
B05,N04,0.1963422089568438,0.1963422089568438,NONHT-CHIP-COST-250,NEW-HIST-ROE-6Q,member_0009,member_0027,120,False,25
B05,U14,-0.1958569560241043,0.1958569560241043,HT13-MOMENTUM-120D-D0,ct_pvcorr30,member_0008,cand_0060,120,False,26
B05,S05,0.1908430244153878,0.1908430244153878,HT13-MOMENTUM-120D-D0,V4R01,member_0008,member_0057,120,False,27
B05,N10,-0.178047147234807,0.178047147234807,NONHT-CHIP-COST-250,HT13-QUALITY-ROE,member_0009,member_0035,120,False,28
B05,B08,0.1702146176101114,0.1702146176101114,NONHT-CHIP-COST-250,HT13-VALUE-BP,member_0009,member_0012,120,False,29
B05,U01,0.1687842399153097,0.1687842399153097,NONHT-CHIP-COST-250,F-NET01,member_0009,cand_0017,120,False,30
B05,N20,0.1440366282982128,0.1440366282982128,NONHT-CHIP-COST-250,OSR-DD20-20D,member_0009,member_0042,120,False,31
B05,N23,-0.1320481992506469,0.1320481992506469,NONHT-CHIP-COST-250,OSR2-MODERATE-DD60,member_0009,member_0043,120,False,32
B05,N31,0.1302284323439849,0.1302284323439849,NONHT-CHIP-COST-250,HT13-NEW-HIST-GPM-6Q,member_0009,member_0047,120,False,33
B05,N30,0.1289477300967317,0.1289477300967317,NONHT-CHIP-COST-250,REPORT-HIST-ASSETTURN-6Q-10D-20260910,member_0009,member_0046,120,False,34
B05,N12,0.1248299779341073,0.1248299779341073,HT13-MOMENTUM-120D-D0,HT13-HIST-EP-2Q,member_0008,member_0038,120,False,35
B05,N14,0.1183630397552301,0.1183630397552301,NONHT-CHIP-COST-250,HT13-ALPHA44,member_0009,member_0039,120,False,36
B05,B12,-0.1135661772260341,0.1135661772260341,HT13-MOMENTUM-120D-D0,HT13-VALUE-SP,member_0008,member_0015,120,False,37
B05,N11,-0.0776911498879693,0.0776911498879693,NONHT-CHIP-COST-250,HT13-QUALITY-CASH-DEBT,member_0009,member_0037,120,False,38
B05,N06,-0.0768223827659621,0.0768223827659621,NONHT-CHIP-COST-250,HT13-VALUE-OCFP-LOW-PCF,member_0009,member_0029,120,False,39
B05,U13,-0.0683277650476111,0.0683277650476111,HT13-MOMENTUM-120D-D0,ct_obv,member_0008,cand_0061,120,False,40
B05,U08,-0.0656462983330692,0.0656462983330692,NONHT-CHIP-COST-250,GP-0015,member_0009,cand_0100,120,False,41
B05,N07,-0.0576700541336717,0.0576700541336717,NONHT-CHIP-COST-250,HT13-GROWTH-OCF,member_0009,member_0030,120,False,42
B05,U05,-0.0484679519066566,0.0484679519066566,NONHT-CHIP-COST-250,F-NET03,member_0009,cand_0019,120,False,43
B05,U02,0.0478261046195576,0.0478261046195576,HT13-MOMENTUM-120D-D0,GP-0006,member_0008,cand_0091,120,False,44
B05,N05,-0.042236844618742,0.042236844618742,NONHT-CHIP-COST-250,HT13-VALUE-EP,member_0009,member_0028,120,False,45
B05,N27,-0.0409922375291265,0.0409922375291265,NONHT-CHIP-COST-250,paper-derived-roe,member_0009,member_0044,120,False,46
B05,U07,0.0371909782672492,0.0371909782672492,NONHT-CHIP-COST-250,GP-0013,member_0009,cand_0098,120,False,47
B05,B10,-0.0273893260019955,0.0273893260019955,NONHT-CHIP-COST-250,paper-derived-asset-growth,member_0009,member_0014,120,False,48
B05,U10,0.0230610904674692,0.0230610904674692,NONHT-CHIP-COST-250,bhv_on20,member_0009,cand_0033,120,False,49
B06,B01,-0.7923646933520151,0.7923646933520151,F-NET01-PLAT-20260914,V5-V01,member_0011,member_0058,120,False,1
B06,SEP-isolated,-0.7412126598240187,0.7412126598240187,F-NET01-PLAT-20260914,V6-V01,member_0011,member_0059,120,False,2
B06,U01,0.6902886633296378,0.6902886633296378,F-NET01-PLAT-20260914,GP-0022,member_0011,cand_0107,120,False,3
B06,S02,0.6688070563490526,0.6688070563490526,F-NET01-PLAT-20260914,LAMD10-K5V2,member_0011,member_0051,120,False,4
B06,S04,0.6544255490074914,0.6544255490074914,F-NET01-PLAT-20260914,comp-amihud20-vs500,member_0011,member_0056,120,False,5
B06,B08,0.4302352935657332,0.4302352935657332,F-NET01-PLAT-20260914,HT13-VALUE-BP,member_0011,member_0012,120,False,6
B06,N09,-0.3909636686063824,0.3909636686063824,F-NET01-PLAT-20260914,HT13-VOL-STD-1M,member_0011,member_0032,120,False,7
B06,N32,0.3276113451905942,0.3276113451905942,F-NET01-PLAT-20260914,HT13-NEW-ALPHA40,member_0011,member_0048,120,False,8
B06,U11,0.3156942385529477,0.3156942385529477,F-NET01-PLAT-20260914,ct_amp10,member_0011,cand_0050,120,False,9
B06,U07,0.3043158002025615,0.3043158002025615,F-NET01-PLAT-20260914,GP-0013,member_0011,cand_0098,120,False,10
B06,N10,-0.2851060000827811,0.2851060000827811,F-NET01-PLAT-20260914,HT13-QUALITY-ROE,member_0011,member_0035,120,False,11
B06,S01,0.2839747490252048,0.2839747490252048,F-NET01-PLAT-20260914,VV6-756,member_0011,member_0049,120,False,12
B06,U09,-0.2801442866137705,0.2801442866137705,F-NET01-PLAT-20260914,bhv_mom250_20,member_0011,cand_0032,120,False,13
B06,U06,-0.2788787254406327,0.2788787254406327,F-NET01-PLAT-20260914,GP-0004,member_0011,cand_0089,2,False,14
B06,B02,-0.2725153558325987,0.2725153558325987,F-NET01-PLAT-20260914,HT13-TURN-BIAS-1M,member_0011,member_0004,120,False,15
B06,B12,0.2723011088986627,0.2723011088986627,F-NET01-PLAT-20260914,HT13-VALUE-SP,member_0011,member_0015,120,False,16
B06,U02,0.2646409358774251,0.2646409358774251,F-NET01-PLAT-20260914,GP-0006,member_0011,cand_0091,120,False,17
B06,N27,-0.2564995386205452,0.2564995386205452,F-NET01-PLAT-20260914,paper-derived-roe,member_0011,member_0044,120,False,18
B06,B10,-0.2485531938373024,0.2485531938373024,F-NET01-PLAT-20260914,paper-derived-asset-growth,member_0011,member_0014,120,False,19
B06,N08,-0.2444456452085263,0.2444456452085263,F-NET01-PLAT-20260914,HT13-TURN-STD-1M,member_0011,member_0031,120,False,20
B06,B05,0.2335139239836499,0.2335139239836499,F-NET01-PLAT-20260914,NONHT-CHIP-COST-250,member_0011,member_0009,120,False,21
B06,S05,-0.221546316922884,0.221546316922884,F-NET01-PLAT-20260914,V4R01,member_0011,member_0057,120,False,22
B06,N20,-0.2107922420016297,0.2107922420016297,F-NET01-PLAT-20260914,OSR-DD20-20D,member_0011,member_0042,120,False,23
B06,U12,0.1898900796498765,0.1898900796498765,F-NET01-PLAT-20260914,ct_ar,member_0011,cand_0055,120,False,24
B06,U10,-0.1868588497425794,0.1868588497425794,F-NET01-PLAT-20260914,bhv_on20,member_0011,cand_0033,120,False,25
B06,N16,0.1828325515682036,0.1828325515682036,F-NET01-PLAT-20260914,NONHT-SKEW-LOW-60D,member_0011,member_0040,120,False,26
B06,N02,-0.1763421541083976,0.1763421541083976,F-NET01-PLAT-20260914,HT13-GROWTH-NP,member_0011,member_0026,120,False,27
B06,U04,0.1612530538608869,0.1612530538608869,F-NET01-PLAT-20260914,BHV-LIMITUP20-20261003,member_0011,cand_0003,120,False,28
B06,U03,0.1583652386318399,0.1583652386318399,F-NET01-PLAT-20260914,bhv_on_minus_id,member_0011,cand_0034,120,False,29
B06,B09,-0.1485556591350124,0.1485556591350124,F-NET01-PLAT-20260914,OSR2-DD60,member_0011,member_0013,120,False,30
B06,N06,-0.1386784956763669,0.1386784956763669,F-NET01-PLAT-20260914,HT13-VALUE-OCFP-LOW-PCF,member_0011,member_0029,120,False,31
B06,N04,0.1334596502261793,0.1334596502261793,F-NET01-PLAT-20260914,NEW-HIST-ROE-6Q,member_0011,member_0027,120,False,32
B06,U08,0.1273988718188598,0.1273988718188598,F-NET01-PLAT-20260914,GP-0015,member_0011,cand_0100,120,False,33
B06,U13,0.110483973507525,0.110483973507525,F-NET01-PLAT-20260914,ct_obv,member_0011,cand_0061,120,False,34
B06,N23,0.1104283149188386,0.1104283149188386,F-NET01-PLAT-20260914,OSR2-MODERATE-DD60,member_0011,member_0043,120,False,35
B06,N29,0.1097188084734273,0.1097188084734273,F-NET01-PLAT-20260914,REPORT-HIST-NETMARGIN-6Q-10D-20260910,member_0011,member_0045,120,False,36
B06,B03,0.0999105104062743,0.0999105104062743,F-NET01-PLAT-20260914,OSR2-RET40,member_0011,member_0006,120,False,37
B06,N31,0.0875276123950246,0.0875276123950246,F-NET01-PLAT-20260914,HT13-NEW-HIST-GPM-6Q,member_0011,member_0047,120,False,38
B06,B04,-0.0871491513475765,0.0871491513475765,F-NET01-PLAT-20260914,OSR2-DD120,member_0011,member_0007,120,False,39
B06,N11,-0.0729630581368569,0.0729630581368569,F-NET01-PLAT-20260914,HT13-QUALITY-CASH-DEBT,member_0011,member_0037,120,False,40
B06,N05,-0.0718932259585885,0.0718932259585885,F-NET01-PLAT-20260914,HT13-VALUE-EP,member_0011,member_0028,120,False,41
B06,U14,0.0705850504334737,0.0705850504334737,F-NET01-PLAT-20260914,ct_pvcorr30,member_0011,cand_0060,120,False,42
B06,N30,0.0655032733607397,0.0655032733607397,F-NET01-PLAT-20260914,REPORT-HIST-ASSETTURN-6Q-10D-20260910,member_0011,member_0046,120,False,43
B06,N12,0.059550168670367,0.059550168670367,F-NET01-PLAT-20260914,HT13-HIST-EP-2Q,member_0011,member_0038,120,False,44
B06,N19,-0.0532587891122584,0.0532587891122584,F-NET01-PLAT-20260914,OSR-RET5-20D,member_0011,member_0041,120,False,45
B06,N01,-0.0512577718571048,0.0512577718571048,F-NET01-PLAT-20260914,OSR-MA20-20D,member_0011,member_0020,120,False,46
B06,N14,0.0454871521681981,0.0454871521681981,F-NET01-PLAT-20260914,HT13-ALPHA44,member_0011,member_0039,120,False,47
B06,N07,-0.030065258964008,0.030065258964008,F-NET01-PLAT-20260914,HT13-GROWTH-OCF,member_0011,member_0030,120,False,48
B06,U05,0.0265292132302344,0.0265292132302344,F-NET01-PLAT-20260914,F-NET03,member_0011,cand_0019,120,False,49
B08,SEP-isolated,-0.6360251687088099,0.6360251687088099,HT13-VALUE-BP,V6-V01,member_0012,member_0059,120,False,1
B08,B12,0.580185733792618,0.580185733792618,HT13-VALUE-BP,HT13-VALUE-SP,member_0012,member_0015,120,False,2
B08,U01,0.5051215442521378,0.5051215442521378,HT13-VALUE-BP,F-NET01,member_0012,cand_0017,120,False,3
B08,U02,-0.4997074139818274,0.4997074139818274,HT13-VALUE-BP,GP-0006,member_0012,cand_0091,120,False,4
B08,B06,0.4302352935657332,0.4302352935657332,HT13-VALUE-BP,F-NET01-PLAT-20260914,member_0012,member_0011,120,False,5
B08,N09,-0.4140185475351258,0.4140185475351258,HT13-VALUE-BP,HT13-VOL-STD-1M,member_0012,member_0032,120,False,6
B08,U11,0.3622048015646838,0.3622048015646838,HT13-VALUE-BP,ct_amp10,member_0012,cand_0050,120,False,7
B08,N05,0.3305928854062493,0.3305928854062493,HT13-VALUE-BP,HT13-VALUE-EP,member_0012,member_0028,120,False,8
B08,N08,-0.2933792462936795,0.2933792462936795,HT13-VALUE-BP,HT13-TURN-STD-1M,member_0012,member_0031,120,False,9
B08,S02,0.2916961815973307,0.2916961815973307,HT13-VALUE-BP,LAMD20-K5V2,member_0012,member_0053,120,False,10
B08,N06,-0.2797026299017153,0.2797026299017153,HT13-VALUE-BP,HT13-VALUE-OCFP-LOW-PCF,member_0012,member_0029,120,False,11
B08,U06,-0.2775757017876743,0.2775757017876743,HT13-VALUE-BP,GP-0004,member_0012,cand_0089,2,False,12
B08,N32,0.2602295057855183,0.2602295057855183,HT13-VALUE-BP,HT13-NEW-ALPHA40,member_0012,member_0048,120,False,13
B08,B01,-0.2441468365497255,0.2441468365497255,HT13-VALUE-BP,V5-V01,member_0012,member_0058,120,False,14
B08,U09,-0.2221939342073526,0.2221939342073526,HT13-VALUE-BP,bhv_mom250_20,member_0012,cand_0032,120,False,15
B08,U04,0.1920729988029252,0.1920729988029252,HT13-VALUE-BP,BHV-LIMITUP20-20261003,member_0012,cand_0003,120,False,16
B08,B05,0.1702146176101114,0.1702146176101114,HT13-VALUE-BP,NONHT-CHIP-COST-250,member_0012,member_0009,120,False,17
B08,U07,-0.1588408242123891,0.1588408242123891,HT13-VALUE-BP,GP-0013,member_0012,cand_0098,120,False,18
B08,N16,0.1557466272569901,0.1557466272569901,HT13-VALUE-BP,NONHT-SKEW-LOW-60D,member_0012,member_0040,120,False,19
B08,U13,-0.1548168727886187,0.1548168727886187,HT13-VALUE-BP,ct_obv,member_0012,cand_0061,120,False,20
B08,S01,0.1495556901258082,0.1495556901258082,HT13-VALUE-BP,VV6-756,member_0012,member_0049,120,False,21
B08,S04,0.1478948818462279,0.1478948818462279,HT13-VALUE-BP,comp-amihud20-vs500,member_0012,member_0056,120,False,22
B08,N20,-0.1470653936036769,0.1470653936036769,HT13-VALUE-BP,OSR-DD20-20D,member_0012,member_0042,120,False,23
B08,N04,0.1442933215158104,0.1442933215158104,HT13-VALUE-BP,NEW-HIST-ROE-6Q,member_0012,member_0027,120,False,24
B08,B09,-0.1366181725168146,0.1366181725168146,HT13-VALUE-BP,OSR2-DD60,member_0012,member_0013,120,False,25
B08,N02,-0.1350495059154153,0.1350495059154153,HT13-VALUE-BP,HT13-GROWTH-NP,member_0012,member_0026,120,False,26
B08,S05,0.1309199047195527,0.1309199047195527,HT13-VALUE-BP,V7-V01,member_0012,member_0060,120,False,27
B08,U12,0.1226219727453466,0.1226219727453466,HT13-VALUE-BP,ct_ar,member_0012,cand_0055,120,False,28
B08,B10,-0.1175034844453199,0.1175034844453199,HT13-VALUE-BP,paper-derived-asset-growth,member_0012,member_0014,120,False,29
B08,B04,-0.1172283924720601,0.1172283924720601,HT13-VALUE-BP,OSR2-DD120,member_0012,member_0007,120,False,30
B08,N23,0.1089497297996575,0.1089497297996575,HT13-VALUE-BP,OSR2-MODERATE-DD60,member_0012,member_0043,120,False,31
B08,U03,0.1081681118949389,0.1081681118949389,HT13-VALUE-BP,bhv_on_minus_id,member_0012,cand_0034,120,False,32
B08,N10,-0.1071195197140731,0.1071195197140731,HT13-VALUE-BP,REPORT-ROIC-TTM-10D-20260910,member_0012,member_0036,120,False,33
B08,N30,0.1006917887894206,0.1006917887894206,HT13-VALUE-BP,REPORT-HIST-ASSETTURN-6Q-10D-20260910,member_0012,member_0046,120,False,34
B08,N29,0.0885482277791111,0.0885482277791111,HT13-VALUE-BP,REPORT-HIST-NETMARGIN-6Q-10D-20260910,member_0012,member_0045,120,False,35
B08,B03,0.0861358356323695,0.0861358356323695,HT13-VALUE-BP,OSR2-RET40,member_0012,member_0006,120,False,36
B08,U10,-0.0668642691545298,0.0668642691545298,HT13-VALUE-BP,bhv_on20,member_0012,cand_0033,120,False,37
B08,U08,-0.064165447234652,0.064165447234652,HT13-VALUE-BP,GP-0015,member_0012,cand_0100,120,False,38
B08,U14,0.0634665218851919,0.0634665218851919,HT13-VALUE-BP,ct_pvcorr30,member_0012,cand_0060,120,False,39
B08,N27,-0.0609051662718152,0.0609051662718152,HT13-VALUE-BP,paper-derived-roe,member_0012,member_0044,120,False,40
B08,N01,0.0565640157459364,0.0565640157459364,HT13-VALUE-BP,F-A18,member_0012,member_0016,120,False,41
B08,N12,0.0539182944327077,0.0539182944327077,HT13-VALUE-BP,HT13-HIST-EP-2Q,member_0012,member_0038,120,False,42
B08,N31,0.0506063423653146,0.0506063423653146,HT13-VALUE-BP,HT13-NEW-HIST-GPM-6Q,member_0012,member_0047,120,False,43
B08,N14,0.0476006474504364,0.0476006474504364,HT13-VALUE-BP,HT13-ALPHA44,member_0012,member_0039,120,False,44
B08,B02,-0.0410420641752942,0.0410420641752942,HT13-VALUE-BP,HT13-TURN-BIAS-1M,member_0012,member_0004,120,False,45
B08,U05,-0.0138003670826683,0.0138003670826683,HT13-VALUE-BP,F-NET03,member_0012,cand_0019,120,False,46
B08,N07,-0.0129981077983189,0.0129981077983189,HT13-VALUE-BP,HT13-GROWTH-OCF,member_0012,member_0030,120,False,47
B08,N19,0.0076930955974563,0.0076930955974563,HT13-VALUE-BP,OSR-RET5-20D,member_0012,member_0041,120,False,48
B08,N11,0.0032988496812048,0.0032988496812048,HT13-VALUE-BP,HT13-QUALITY-CASH-DEBT,member_0012,member_0037,120,False,49
B09,B04,0.8048084752229112,0.8048084752229112,OSR2-DD60,OSR2-DD120,member_0013,member_0007,120,True,1
B09,N20,0.6913507343527872,0.6913507343527872,OSR2-DD60,OSR-DD20-20D,member_0013,member_0042,120,False,2
B09,N01,0.6589985073754269,0.6589985073754269,OSR2-DD60,F-A18,member_0013,member_0016,120,False,3
B09,B03,0.5809231259107422,0.5809231259107422,OSR2-DD60,OSR2-RET40,member_0013,member_0006,120,False,4
B09,U03,0.4211210712206507,0.4211210712206507,OSR2-DD60,AGP04W,member_0013,cand_0026,120,False,5
B09,N19,0.3660583202266888,0.3660583202266888,OSR2-DD60,OSR-RET5-20D,member_0013,member_0041,120,False,6
B09,U12,0.3654808528933542,0.3654808528933542,OSR2-DD60,ct_ar,member_0013,cand_0055,120,False,7
B09,B05,0.3574146604962248,0.3574146604962248,OSR2-DD60,NONHT-CHIP-COST-250,member_0013,member_0009,120,False,8
B09,S02,0.2851810987919787,0.2851810987919787,OSR2-DD60,comp-amt60-vs500-retrev20,member_0013,member_0055,120,False,9
B09,N09,0.2847508435504393,0.2847508435504393,OSR2-DD60,HT13-VOL-STD-1M,member_0013,member_0032,120,False,10
B09,N23,-0.273524259241847,0.273524259241847,OSR2-DD60,OSR2-MODERATE-DD60,member_0013,member_0043,120,False,11
B09,SEP-isolated,0.2563491614291938,0.2563491614291938,OSR2-DD60,V6-V01,member_0013,member_0059,120,False,12
B09,S05,0.2192740961682786,0.2192740961682786,OSR2-DD60,V7-V01,member_0013,member_0060,120,False,13
B09,U01,-0.2047499411286616,0.2047499411286616,OSR2-DD60,F-NET02,member_0013,cand_0018,120,False,14
B09,U11,-0.1685072895183374,0.1685072895183374,OSR2-DD60,ct_amp10,member_0013,cand_0050,120,False,15
B09,N05,-0.1545207251929229,0.1545207251929229,OSR2-DD60,HT13-VALUE-EP,member_0013,member_0028,120,False,16
B09,B01,0.1543491661819009,0.1543491661819009,OSR2-DD60,V5-V01,member_0013,member_0058,120,False,17
B09,B06,-0.1485556591350124,0.1485556591350124,OSR2-DD60,F-NET01-PLAT-20260914,member_0013,member_0011,120,False,18
B09,B08,-0.1366181725168146,0.1366181725168146,OSR2-DD60,HT13-VALUE-BP,member_0013,member_0012,120,False,19
B09,U10,0.1232049031207114,0.1232049031207114,OSR2-DD60,bhv_on20,member_0013,cand_0033,120,False,20
B09,S04,0.1228094820469522,0.1228094820469522,OSR2-DD60,comp-pvcorr20-amihud20-vs500,member_0013,member_0054,120,False,21
B09,N08,0.1187566627502577,0.1187566627502577,OSR2-DD60,HT13-TURN-STD-1M,member_0013,member_0031,120,False,22
B09,U02,0.1156684041050395,0.1156684041050395,OSR2-DD60,GP-0006,member_0013,cand_0091,120,False,23
B09,B10,0.093931506546007,0.093931506546007,OSR2-DD60,paper-derived-asset-growth,member_0013,member_0014,120,False,24
B09,B12,-0.089439133727717,0.089439133727717,OSR2-DD60,HT13-VALUE-SP,member_0013,member_0015,120,False,25
B09,U09,0.0856573483209419,0.0856573483209419,OSR2-DD60,bhv_mom250_20,member_0013,cand_0032,120,False,26
B09,U06,-0.0841428139036414,0.0841428139036414,OSR2-DD60,GP-0004,member_0013,cand_0089,2,False,27
B09,S01,0.0830749592733424,0.0830749592733424,OSR2-DD60,VV6-500,member_0013,member_0050,120,False,28
B09,N29,0.0681845800670499,0.0681845800670499,OSR2-DD60,REPORT-HIST-NETMARGIN-6Q-10D-20260910,member_0013,member_0045,120,False,29
B09,N16,0.0641498849225577,0.0641498849225577,OSR2-DD60,NONHT-SKEW-LOW-60D,member_0013,member_0040,120,False,30
B09,N31,0.0637758964678575,0.0637758964678575,OSR2-DD60,HT13-NEW-HIST-GPM-6Q,member_0013,member_0047,120,False,31
B09,U14,0.0557756200074524,0.0557756200074524,OSR2-DD60,ct_pvcorr30,member_0013,cand_0060,120,False,32
B09,U08,0.0556780460463694,0.0556780460463694,OSR2-DD60,GP-0015,member_0013,cand_0100,120,False,33
B09,N02,-0.0531998303027319,0.0531998303027319,OSR2-DD60,HT13-GROWTH-NP,member_0013,member_0026,120,False,34
B09,N32,-0.0484277384126533,0.0484277384126533,OSR2-DD60,HT13-NEW-ALPHA40,member_0013,member_0048,120,False,35
B09,B02,-0.0387524643468084,0.0387524643468084,OSR2-DD60,HT13-TURN-BIAS-1M,member_0013,member_0004,120,False,36
B09,N27,0.0377483772194342,0.0377483772194342,OSR2-DD60,paper-derived-roe,member_0013,member_0044,120,False,37
B09,N11,-0.03273750862645,0.03273750862645,OSR2-DD60,HT13-QUALITY-CASH-DEBT,member_0013,member_0037,120,False,38
B09,N06,0.0305418561954554,0.0305418561954554,OSR2-DD60,HT13-VALUE-OCFP-LOW-PCF,member_0013,member_0029,120,False,39
B09,N04,0.0286614233114308,0.0286614233114308,OSR2-DD60,NEW-HIST-ROE-6Q,member_0013,member_0027,120,False,40
B09,U13,0.0237477501564974,0.0237477501564974,OSR2-DD60,ct_obv,member_0013,cand_0061,120,False,41
B09,U07,0.0182138568375498,0.0182138568375498,OSR2-DD60,GP-0013,member_0013,cand_0098,120,False,42
B09,N30,0.0161082114840756,0.0161082114840756,OSR2-DD60,REPORT-HIST-ASSETTURN-6Q-10D-20260910,member_0013,member_0046,120,False,43
B09,N10,-0.0134298091163546,0.0134298091163546,OSR2-DD60,HT13-QUALITY-ROE,member_0013,member_0035,120,False,44
B09,N12,-0.0128102090737321,0.0128102090737321,OSR2-DD60,HT13-HIST-EP-2Q,member_0013,member_0038,120,False,45
B09,N14,0.0122860906182072,0.0122860906182072,OSR2-DD60,HT13-ALPHA44,member_0013,member_0039,120,False,46
B09,N07,-0.0121284646427473,0.0121284646427473,OSR2-DD60,HT13-GROWTH-OCF,member_0013,member_0030,120,False,47
B09,U05,0.0059673519447189,0.0059673519447189,OSR2-DD60,F-NET03,member_0013,cand_0019,120,False,48
B09,U04,5.911843459624338e-05,5.911843459624338e-05,OSR2-DD60,BHV-LIMITUP20-20261003,member_0013,cand_0003,120,False,49
B10,N27,0.5348235021511243,0.5348235021511243,paper-derived-asset-growth,paper-derived-roe,member_0014,member_0044,120,False,1
B10,U01,-0.4190373410197207,0.4190373410197207,paper-derived-asset-growth,GP-0011,member_0014,cand_0096,120,False,2
B10,N10,0.3909771265510049,0.3909771265510049,paper-derived-asset-growth,HT13-QUALITY-ROE,member_0014,member_0035,120,False,3
B10,N05,0.3295366421627903,0.3295366421627903,paper-derived-asset-growth,HT13-VALUE-EP,member_0014,member_0028,120,False,4
B10,B06,-0.2485531938373024,0.2485531938373024,paper-derived-asset-growth,F-NET01-PLAT-20260914,member_0014,member_0011,120,False,5
B10,U06,0.2106337754923066,0.2106337754923066,paper-derived-asset-growth,GP-0004,member_0014,cand_0089,2,False,6
B10,S01,-0.2097298205357116,0.2097298205357116,paper-derived-asset-growth,VV6-756,member_0014,member_0049,120,False,7
B10,U13,0.2069953798385836,0.2069953798385836,paper-derived-asset-growth,ct_obv,member_0014,cand_0061,120,False,8
B10,B01,0.1850889511625012,0.1850889511625012,paper-derived-asset-growth,SIZE-ONLY-20260911,member_0014,member_0001,120,False,9
B10,SEP-isolated,0.1732204801982229,0.1732204801982229,paper-derived-asset-growth,V6-V01,member_0014,member_0059,120,False,10
B10,U02,-0.1589104247137834,0.1589104247137834,paper-derived-asset-growth,GP-0008,member_0014,cand_0093,120,False,11
B10,S05,-0.151844431898901,0.151844431898901,paper-derived-asset-growth,V7-V01,member_0014,member_0060,120,False,12
B10,U08,0.1479566737396875,0.1479566737396875,paper-derived-asset-growth,GP-0015,member_0014,cand_0100,120,False,13
B10,S04,-0.1381384919075639,0.1381384919075639,paper-derived-asset-growth,comp-amihud20-vs500,member_0014,member_0056,120,False,14
B10,U07,-0.1369622951187356,0.1369622951187356,paper-derived-asset-growth,GP-0013,member_0014,cand_0098,120,False,15
B10,N32,-0.135875255548571,0.135875255548571,paper-derived-asset-growth,HT13-NEW-ALPHA40,member_0014,member_0048,120,False,16
B10,B08,-0.1175034844453199,0.1175034844453199,paper-derived-asset-growth,HT13-VALUE-BP,member_0014,member_0012,120,False,17
B10,N30,0.1131164963210658,0.1131164963210658,paper-derived-asset-growth,REPORT-HIST-ASSETTURN-6Q-10D-20260910,member_0014,member_0046,120,False,18
B10,N09,0.1119838918644731,0.1119838918644731,paper-derived-asset-growth,HT13-VOL-STD-1M,member_0014,member_0032,120,False,19
B10,N20,0.1048336020142041,0.1048336020142041,paper-derived-asset-growth,OSR-DD20-20D,member_0014,member_0042,120,False,20
B10,N04,-0.0976499424351085,0.0976499424351085,paper-derived-asset-growth,NEW-HIST-ROE-6Q,member_0014,member_0027,120,False,21
B10,B09,0.093931506546007,0.093931506546007,paper-derived-asset-growth,OSR2-DD60,member_0014,member_0013,120,False,22
B10,S02,-0.0831737310206639,0.0831737310206639,paper-derived-asset-growth,comp-amt60-vs500-retrev20,member_0014,member_0055,120,False,23
B10,B04,0.0762324590956496,0.0762324590956496,paper-derived-asset-growth,OSR2-DD120,member_0014,member_0007,120,False,24
B10,U11,-0.0761118621132235,0.0761118621132235,paper-derived-asset-growth,ct_amp10,member_0014,cand_0050,120,False,25
B10,N11,0.0735537175444858,0.0735537175444858,paper-derived-asset-growth,HT13-QUALITY-CASH-DEBT,member_0014,member_0037,120,False,26
B10,U14,0.0697522538358638,0.0697522538358638,paper-derived-asset-growth,ct_pvcorr30,member_0014,cand_0060,120,False,27
B10,N02,0.0647216390945262,0.0647216390945262,paper-derived-asset-growth,HT13-GROWTH-NP,member_0014,member_0026,120,False,28
B10,N06,0.0599792287278834,0.0599792287278834,paper-derived-asset-growth,HT13-VALUE-OCFP-LOW-PCF,member_0014,member_0029,120,False,29
B10,N23,0.0529409397831466,0.0529409397831466,paper-derived-asset-growth,OSR2-MODERATE-DD60,member_0014,member_0043,120,False,30
B10,N31,-0.0497439495323052,0.0497439495323052,paper-derived-asset-growth,HT13-NEW-HIST-GPM-6Q,member_0014,member_0047,120,False,31
B10,B02,-0.0488636684473743,0.0488636684473743,paper-derived-asset-growth,HT13-TURN-BIAS-1M,member_0014,member_0004,120,False,32
B10,U05,0.043102337750119,0.043102337750119,paper-derived-asset-growth,F-NET03,member_0014,cand_0019,120,False,33
B10,N14,-0.0343932129282306,0.0343932129282306,paper-derived-asset-growth,HT13-ALPHA44,member_0014,member_0039,120,False,34
B10,U03,0.0327602558268538,0.0327602558268538,paper-derived-asset-growth,bhv_on_minus_id,member_0014,cand_0034,120,False,35
B10,N08,-0.0324049846483006,0.0324049846483006,paper-derived-asset-growth,HT13-TURN-STD-1M,member_0014,member_0031,120,False,36
B10,N12,-0.0318967629111362,0.0318967629111362,paper-derived-asset-growth,HT13-HIST-EP-2Q,member_0014,member_0038,120,False,37
B10,U10,-0.0286746246879374,0.0286746246879374,paper-derived-asset-growth,bhv_on20,member_0014,cand_0033,120,False,38
B10,B12,-0.0277634254774577,0.0277634254774577,paper-derived-asset-growth,HT13-VALUE-SP,member_0014,member_0015,120,False,39
B10,B05,-0.0273893260019955,0.0273893260019955,paper-derived-asset-growth,NONHT-CHIP-COST-250,member_0014,member_0009,120,False,40
B10,N16,-0.0242053956934896,0.0242053956934896,paper-derived-asset-growth,NONHT-SKEW-LOW-60D,member_0014,member_0040,120,False,41
B10,U09,0.0186964618794172,0.0186964618794172,paper-derived-asset-growth,bhv_mom250_20,member_0014,cand_0032,120,False,42
B10,N07,-0.0181735622095793,0.0181735622095793,paper-derived-asset-growth,HT13-GROWTH-OCF,member_0014,member_0030,120,False,43
B10,N01,0.0165105654076235,0.0165105654076235,paper-derived-asset-growth,F-A18,member_0014,member_0016,120,False,44
B10,B03,0.0151659715735583,0.0151659715735583,paper-derived-asset-growth,OSR2-RET40,member_0014,member_0006,120,False,45
B10,N19,0.0144344897243122,0.0144344897243122,paper-derived-asset-growth,OSR-RET5-20D,member_0014,member_0041,120,False,46
B10,U04,0.0101743344901006,0.0101743344901006,paper-derived-asset-growth,BHV-LIMITUP20-20261003,member_0014,cand_0003,120,False,47
B10,N29,0.0087848627215996,0.0087848627215996,paper-derived-asset-growth,REPORT-HIST-NETMARGIN-6Q-10D-20260910,member_0014,member_0045,120,False,48
B10,U12,-0.0035006167028513,0.0035006167028513,paper-derived-asset-growth,ct_ar,member_0014,cand_0055,120,False,49
B12,B08,0.580185733792618,0.580185733792618,HT13-VALUE-SP,HT13-VALUE-BP,member_0015,member_0012,120,False,1
B12,U02,-0.5020833776287827,0.5020833776287827,HT13-VALUE-SP,GP-0005,member_0015,cand_0090,120,False,2
B12,U01,0.4232731891169631,0.4232731891169631,HT13-VALUE-SP,F-NET01,member_0015,cand_0017,120,False,3
B12,SEP-isolated,-0.4137532569524861,0.4137532569524861,HT13-VALUE-SP,V6-V01,member_0015,member_0059,120,False,4
B12,N05,0.2999356855545469,0.2999356855545469,HT13-VALUE-SP,HT13-VALUE-EP,member_0015,member_0028,120,False,5
B12,U07,-0.2987847875302195,0.2987847875302195,HT13-VALUE-SP,GP-0013,member_0015,cand_0098,120,False,6
B12,N06,-0.2946325302447474,0.2946325302447474,HT13-VALUE-SP,HT13-VALUE-OCFP-LOW-PCF,member_0015,member_0029,120,False,7
B12,N09,-0.2856299448294003,0.2856299448294003,HT13-VALUE-SP,HT13-VOL-STD-1M,member_0015,member_0032,120,False,8
B12,B06,0.2723011088986627,0.2723011088986627,HT13-VALUE-SP,F-NET01-PLAT-20260914,member_0015,member_0011,120,False,9
B12,U11,0.2451627789247821,0.2451627789247821,HT13-VALUE-SP,ct_amp10,member_0015,cand_0050,120,False,10
B12,U13,-0.2271705143051785,0.2271705143051785,HT13-VALUE-SP,ct_obv,member_0015,cand_0061,120,False,11
B12,S05,0.2200411343142164,0.2200411343142164,HT13-VALUE-SP,V7-V01,member_0015,member_0060,120,False,12
B12,U06,-0.2161962392711751,0.2161962392711751,HT13-VALUE-SP,GP-0004,member_0015,cand_0089,2,False,13
B12,N32,0.2023788875817357,0.2023788875817357,HT13-VALUE-SP,HT13-NEW-ALPHA40,member_0015,member_0048,120,False,14
B12,N08,-0.1935245625990802,0.1935245625990802,HT13-VALUE-SP,HT13-TURN-STD-1M,member_0015,member_0031,120,False,15
B12,S02,0.1370484151511891,0.1370484151511891,HT13-VALUE-SP,LAMD0-K8V2,member_0015,member_0052,120,False,16
B12,U09,-0.1319890455992517,0.1319890455992517,HT13-VALUE-SP,bhv_mom250_20,member_0015,cand_0032,120,False,17
B12,S01,0.1239850086783851,0.1239850086783851,HT13-VALUE-SP,VV6-756,member_0015,member_0049,120,False,18
B12,U04,0.1188334519959623,0.1188334519959623,HT13-VALUE-SP,BHV-LIMITUP20-20261003,member_0015,cand_0003,120,False,19
B12,B05,-0.1135661772260341,0.1135661772260341,HT13-VALUE-SP,HT13-MOMENTUM-120D-D0,member_0015,member_0008,120,False,20
B12,N16,0.1017611329761225,0.1017611329761225,HT13-VALUE-SP,NONHT-SKEW-LOW-60D,member_0015,member_0040,120,False,21
B12,N20,-0.0985643602057422,0.0985643602057422,HT13-VALUE-SP,OSR-DD20-20D,member_0015,member_0042,120,False,22
B12,B09,-0.089439133727717,0.089439133727717,HT13-VALUE-SP,OSR2-DD60,member_0015,member_0013,120,False,23
B12,B01,-0.0873157490395512,0.0873157490395512,HT13-VALUE-SP,V5-V01,member_0015,member_0058,120,False,24
B12,U08,-0.0829220317756706,0.0829220317756706,HT13-VALUE-SP,GP-0015,member_0015,cand_0100,120,False,25
B12,U12,0.0813699962344775,0.0813699962344775,HT13-VALUE-SP,ct_ar,member_0015,cand_0055,120,False,26
B12,N10,0.0812498738804719,0.0812498738804719,HT13-VALUE-SP,HT13-QUALITY-ROE,member_0015,member_0035,120,False,27
B12,B04,-0.073751586389787,0.073751586389787,HT13-VALUE-SP,OSR2-DD120,member_0015,member_0007,120,False,28
B12,N23,0.0707157416191483,0.0707157416191483,HT13-VALUE-SP,OSR2-MODERATE-DD60,member_0015,member_0043,120,False,29
B12,U03,0.0622183100793743,0.0622183100793743,HT13-VALUE-SP,AGP04W,member_0015,cand_0026,120,False,30
B12,B03,0.0621765031170662,0.0621765031170662,HT13-VALUE-SP,OSR2-RET40,member_0015,member_0006,120,False,31
B12,S04,0.0535741544735776,0.0535741544735776,HT13-VALUE-SP,comp-pvcorr20-amihud20-vs500,member_0015,member_0054,120,False,32
B12,N31,0.0525190552197944,0.0525190552197944,HT13-VALUE-SP,HT13-NEW-HIST-GPM-6Q,member_0015,member_0047,120,False,33
B12,U14,0.0513261221913518,0.0513261221913518,HT13-VALUE-SP,ct_pvcorr30,member_0015,cand_0060,120,False,34
B12,N27,0.0465272352539427,0.0465272352539427,HT13-VALUE-SP,paper-derived-roe,member_0015,member_0044,120,False,35
B12,N01,0.0417268127208474,0.0417268127208474,HT13-VALUE-SP,F-A18,member_0015,member_0016,120,False,36
B12,N14,0.0296304766710878,0.0296304766710878,HT13-VALUE-SP,HT13-ALPHA44,member_0015,member_0039,120,False,37
B12,B10,-0.0277634254774577,0.0277634254774577,HT13-VALUE-SP,paper-derived-asset-growth,member_0015,member_0014,120,False,38
B12,N11,-0.0230810478965237,0.0230810478965237,HT13-VALUE-SP,HT13-QUALITY-CASH-DEBT,member_0015,member_0037,120,False,39
B12,U05,-0.021087454963615,0.021087454963615,HT13-VALUE-SP,F-NET03,member_0015,cand_0019,120,False,40
B12,B02,-0.0206110827399618,0.0206110827399618,HT13-VALUE-SP,HT13-TURN-BIAS-1M,member_0015,member_0004,120,False,41
B12,N29,0.0194277718427231,0.0194277718427231,HT13-VALUE-SP,REPORT-HIST-NETMARGIN-6Q-10D-20260910,member_0015,member_0045,120,False,42
B12,U10,-0.0188832854564153,0.0188832854564153,HT13-VALUE-SP,bhv_on20,member_0015,cand_0033,120,False,43
B12,N30,0.0158283688489941,0.0158283688489941,HT13-VALUE-SP,REPORT-HIST-ASSETTURN-6Q-10D-20260910,member_0015,member_0046,120,False,44
B12,N02,-0.015821508347725,0.015821508347725,HT13-VALUE-SP,HT13-GROWTH-NP,member_0015,member_0026,120,False,45
B12,N12,0.0124146243136952,0.0124146243136952,HT13-VALUE-SP,HT13-HIST-EP-2Q,member_0015,member_0038,120,False,46
B12,N19,0.0094312585868708,0.0094312585868708,HT13-VALUE-SP,OSR-RET5-20D,member_0015,member_0041,120,False,47
B12,N04,0.0088960623255884,0.0088960623255884,HT13-VALUE-SP,NEW-HIST-ROE-6Q,member_0015,member_0027,120,False,48
B12,N07,0.0066337319098473,0.0066337319098473,HT13-VALUE-SP,HT13-GROWTH-OCF,member_0015,member_0030,120,False,49
N01,B03,0.7917223605950652,0.7917223605950652,F-A18,OSR2-RET40,member_0016,member_0006,120,False,1
N01,U03,0.7667550663740331,0.7667550663740331,DLS14-STREV-20D,AGP04W,member_0017,cand_0026,120,False,2
N01,N20,0.7117141991788856,0.7117141991788856,OSR-MA20-20D,OSR-DD20-20D,member_0020,member_0042,120,False,3
N01,N19,0.6789744774879857,0.6789744774879857,OSR-MA20-20D,OSR-RET5-20D,member_0020,member_0041,120,False,4
N01,B09,0.6589985073754269,0.6589985073754269,F-A18,OSR2-DD60,member_0016,member_0013,120,False,5
N01,S02,0.6440496998757529,0.6440496998757529,DLS14-STREV-20D,comp-amt60-vs500-retrev20,member_0017,member_0055,120,False,6
N01,U12,0.6314897295518569,0.6314897295518569,F-A18,ct_ar,member_0016,cand_0055,120,False,7
N01,B04,0.5694576844137755,0.5694576844137755,F-A18,OSR2-DD120,member_0016,member_0007,120,False,8
N01,B05,0.5205066512447777,0.5205066512447777,F-A18,NONHT-CHIP-COST-250,member_0016,member_0009,120,False,9
N01,U04,0.3524342210763367,0.3524342210763367,DLS14-STREV-20D,BHV-LIMITUP20-20261003,member_0017,cand_0003,120,False,10
N01,S01,0.3521080514060484,0.3521080514060484,F-A18,VV6-500,member_0016,member_0050,120,False,11
N01,N09,0.3300989888576502,0.3300989888576502,F-A18,NONHT-MAX-LOW-21D,member_0016,member_0033,120,False,12
N01,S04,0.3120305715259013,0.3120305715259013,F-A18,comp-pvcorr20-amihud20-vs500,member_0016,member_0054,120,False,13
N01,B02,-0.272999202824469,0.272999202824469,F-A18,HT13-TURN-BIAS-1M,member_0016,member_0004,120,False,14
N01,N23,-0.266043211360081,0.266043211360081,F-A18,OSR2-MODERATE-DD60,member_0016,member_0043,120,False,15
N01,N32,0.261250505437615,0.261250505437615,F-A18,HT13-NEW-ALPHA40,member_0016,member_0048,120,False,16
N01,N12,-0.2137125502985671,0.2137125502985671,F-A18,HT13-HIST-EP-2Q,member_0016,member_0038,120,False,17
N01,U10,-0.2114419644691945,0.2114419644691945,WF6AA4-D0-OPEN20-MOM-20260912,bhv_on20,member_0023,cand_0033,120,False,18
N01,N14,0.2112886872834727,0.2112886872834727,OSR-MA20-20D,HT13-ALPHA44,member_0020,member_0039,120,False,19
N01,U11,0.2081647121816066,0.2081647121816066,F-A18,ct_amp10,member_0016,cand_0050,120,False,20
N01,N08,-0.2064803334559275,0.2064803334559275,F-A18,HT13-TURN-STD-1M,member_0016,member_0031,120,False,21
N01,U14,0.2007965881530302,0.2007965881530302,F-A18,ct_pvcorr30,member_0016,cand_0060,120,False,22
N01,U06,-0.1825663655481744,0.1825663655481744,F-A18,GP-0004,member_0016,cand_0089,2,False,23
N01,N16,0.1732753146235531,0.1732753146235531,F-A18,NONHT-SKEW-LOW-60D,member_0016,member_0040,120,False,24
N01,N29,0.0658218830312585,0.0658218830312585,F-A18,REPORT-HIST-NETMARGIN-6Q-10D-20260910,member_0016,member_0045,120,False,25
N01,U09,-0.0644103446754727,0.0644103446754727,WF6AA4-D0-CLOSE20-MOM-20260912,bhv_mom250_20,member_0022,cand_0032,120,False,26
N01,B01,-0.0627314776511614,0.0627314776511614,OSR-MA20-20D,VERIFY-G260910-13,member_0020,member_0002,120,False,27
N01,N02,-0.0567223417588178,0.0567223417588178,F-A18,HT13-GROWTH-NP,member_0016,member_0026,120,False,28
N01,B08,0.0565640157459364,0.0565640157459364,F-A18,HT13-VALUE-BP,member_0016,member_0012,120,False,29
N01,SEP-isolated,0.0534423300466155,0.0534423300466155,OSR-MA20-20D,V6-V01,member_0020,member_0059,120,False,30
N01,B06,-0.0512577718571048,0.0512577718571048,OSR-MA20-20D,F-NET01-PLAT-20260914,member_0020,member_0011,120,False,31
N01,B12,0.0417268127208474,0.0417268127208474,F-A18,HT13-VALUE-SP,member_0016,member_0015,120,False,32
N01,N04,0.0406666414478062,0.0406666414478062,F-A18,NEW-HIST-ROE-6Q,member_0016,member_0027,120,False,33
N01,U01,-0.0372821142344998,0.0372821142344998,WF6AA4-D0-OPEN20-MOM-20260912,F-NET01,member_0023,cand_0017,120,False,34
N01,N30,0.0357643948068178,0.0357643948068178,F-A18,REPORT-HIST-ASSETTURN-6Q-10D-20260910,member_0016,member_0046,120,False,35
N01,S05,0.0324089717945784,0.0324089717945784,OSR-MA20-20D,V7-V01,member_0020,member_0060,120,False,36
N01,N31,0.0310344888661519,0.0310344888661519,F-A18,HT13-NEW-HIST-GPM-6Q,member_0016,member_0047,120,False,37
N01,N10,-0.0307422278656821,0.0307422278656821,F-A18,HT13-QUALITY-ROE,member_0016,member_0035,120,False,38
N01,N06,-0.0282562059997809,0.0282562059997809,F-A18,HT13-VALUE-OCFP-LOW-PCF,member_0016,member_0029,120,False,39
N01,U08,-0.0263941806225443,0.0263941806225443,F-A18,GP-0015,member_0016,cand_0100,120,False,40
N01,U13,0.0252920831507923,0.0252920831507923,F-A18,ct_obv,member_0016,cand_0061,120,False,41
N01,N11,-0.0240774918183575,0.0240774918183575,F-A18,HT13-QUALITY-CASH-DEBT,member_0016,member_0037,120,False,42
N01,U07,0.0210916310723062,0.0210916310723062,WF6AA4-D0-OPEN20-MOM-20260912,GP-0013,member_0023,cand_0098,120,False,43
N01,N05,-0.0187879249114828,0.0187879249114828,WF6AA4-D0-OPEN20-MOM-20260912,HT13-VALUE-EP,member_0023,member_0028,120,False,44
N01,U02,0.0181166971003653,0.0181166971003653,WF6AA4-D0-OPEN20-MOM-20260912,GP-0005,member_0023,cand_0090,120,False,45
N01,N07,-0.017640075607435,0.017640075607435,F-A18,HT13-GROWTH-OCF,member_0016,member_0030,120,False,46
N01,B10,0.0165105654076235,0.0165105654076235,F-A18,paper-derived-asset-growth,member_0016,member_0014,120,False,47
N01,U05,-0.0140206309305572,0.0140206309305572,F-A18,F-NET03,member_0016,cand_0019,120,False,48
N01,N27,-0.0127602198047277,0.0127602198047277,WF6AA4-D0-CLOSE20-MOM-20260912,paper-derived-roe,member_0022,member_0044,120,False,49
N02,N29,-0.6484938259553873,0.6484938259553873,HT13-GROWTH-NP,REPORT-HIST-NETMARGIN-6Q-10D-20260910,member_0026,member_0045,120,False,1
N02,N04,-0.6150998182657689,0.6150998182657689,HT13-GROWTH-NP,NEW-HIST-ROE-6Q,member_0026,member_0027,120,False,2
N02,N10,0.4230799823975276,0.4230799823975276,HT13-GROWTH-NP,HT13-QUALITY-ROE,member_0026,member_0035,120,False,3
N02,N31,-0.3334975120113617,0.3334975120113617,HT13-GROWTH-NP,HT13-NEW-HIST-GPM-6Q,member_0026,member_0047,120,False,4
N02,N12,-0.315606977303805,0.315606977303805,HT13-GROWTH-NP,HT13-HIST-EP-2Q,member_0026,member_0038,120,False,5
N02,N30,-0.2933520685147484,0.2933520685147484,HT13-GROWTH-NP,REPORT-HIST-ASSETTURN-6Q-10D-20260910,member_0026,member_0046,120,False,6
N02,U09,0.2816257879649032,0.2816257879649032,HT13-GROWTH-NP,bhv_mom250_20,member_0026,cand_0032,120,False,7
N02,B05,-0.2511801759991752,0.2511801759991752,HT13-GROWTH-NP,NONHT-CHIP-COST-250,member_0026,member_0009,120,False,8
N02,N05,0.2298683352093626,0.2298683352093626,HT13-GROWTH-NP,HT13-VALUE-EP,member_0026,member_0028,120,False,9
N02,U06,0.1952044094021476,0.1952044094021476,HT13-GROWTH-NP,GP-0004,member_0026,cand_0089,2,False,10
N02,B06,-0.1763421541083976,0.1763421541083976,HT13-GROWTH-NP,F-NET01-PLAT-20260914,member_0026,member_0011,120,False,11
N02,B01,-0.1717097250815445,0.1717097250815445,HT13-GROWTH-NP,VERIFY-G260910-13,member_0026,member_0002,120,False,12
N02,N07,0.1676217424478577,0.1676217424478577,HT13-GROWTH-NP,HT13-GROWTH-OCF,member_0026,member_0030,120,False,13
N02,U08,0.1638640648866562,0.1638640648866562,HT13-GROWTH-NP,GP-0015,member_0026,cand_0100,120,False,14
N02,N11,0.156535135151904,0.156535135151904,HT13-GROWTH-NP,HT13-QUALITY-CASH-DEBT,member_0026,member_0037,120,False,15
N02,S04,-0.1493018597526082,0.1493018597526082,HT13-GROWTH-NP,comp-amihud20-vs500,member_0026,member_0056,120,False,16
N02,B08,-0.1350495059154153,0.1350495059154153,HT13-GROWTH-NP,HT13-VALUE-BP,member_0026,member_0012,120,False,17
N02,S02,-0.1349074224840359,0.1349074224840359,HT13-GROWTH-NP,LAMD10-K5V2,member_0026,member_0051,120,False,18
N02,SEP-isolated,0.1345475454906856,0.1345475454906856,HT13-GROWTH-NP,V6-V01,member_0026,member_0059,120,False,19
N02,U01,-0.1014271144554962,0.1014271144554962,HT13-GROWTH-NP,GP-0022,member_0026,cand_0107,120,False,20
N02,B04,-0.0919610199834165,0.0919610199834165,HT13-GROWTH-NP,OSR2-DD120,member_0026,member_0007,120,False,21
N02,B02,0.0776443170159875,0.0776443170159875,HT13-GROWTH-NP,HT13-TURN-BIAS-1M,member_0026,member_0004,120,False,22
N02,U05,0.0735570421058879,0.0735570421058879,HT13-GROWTH-NP,F-NET03,member_0026,cand_0019,120,False,23
N02,U07,-0.0733556590692901,0.0733556590692901,HT13-GROWTH-NP,GP-0013,member_0026,cand_0098,120,False,24
N02,B03,-0.0717135776555173,0.0717135776555173,HT13-GROWTH-NP,OSR2-RET40,member_0026,member_0006,120,False,25
N02,B10,0.0647216390945262,0.0647216390945262,HT13-GROWTH-NP,paper-derived-asset-growth,member_0026,member_0014,120,False,26
N02,N01,-0.0567223417588178,0.0567223417588178,HT13-GROWTH-NP,F-A18,member_0026,member_0016,120,False,27
N02,S01,-0.0556731847359009,0.0556731847359009,HT13-GROWTH-NP,VV6-500,member_0026,member_0050,120,False,28
N02,U02,-0.0548618560908599,0.0548618560908599,HT13-GROWTH-NP,GP-0010,member_0026,cand_0095,120,False,29
N02,B09,-0.0531998303027319,0.0531998303027319,HT13-GROWTH-NP,OSR2-DD60,member_0026,member_0013,120,False,30
N02,N06,0.0522764697326739,0.0522764697326739,HT13-GROWTH-NP,HT13-VALUE-OCFP-LOW-PCF,member_0026,member_0029,120,False,31
N02,N27,0.0513295830648314,0.0513295830648314,HT13-GROWTH-NP,paper-derived-roe,member_0026,member_0044,120,False,32
N02,N09,-0.0415154723835062,0.0415154723835062,HT13-GROWTH-NP,NONHT-MAX-LOW-21D,member_0026,member_0033,120,False,33
N02,N23,0.0395730205171192,0.0395730205171192,HT13-GROWTH-NP,OSR2-MODERATE-DD60,member_0026,member_0043,120,False,34
N02,U12,-0.0347445625918858,0.0347445625918858,HT13-GROWTH-NP,ct_ar,member_0026,cand_0055,120,False,35
N02,N32,-0.0337992189795727,0.0337992189795727,HT13-GROWTH-NP,HT13-NEW-ALPHA40,member_0026,member_0048,120,False,36
N02,N16,-0.0304004729123651,0.0304004729123651,HT13-GROWTH-NP,NONHT-SKEW-LOW-60D,member_0026,member_0040,120,False,37
N02,U11,-0.0300459483478221,0.0300459483478221,HT13-GROWTH-NP,ct_amp10,member_0026,cand_0050,120,False,38
N02,U03,-0.0296834946739983,0.0296834946739983,HT13-GROWTH-NP,AGP04W,member_0026,cand_0026,120,False,39
N02,S05,0.0272967268415137,0.0272967268415137,HT13-GROWTH-NP,V4R01,member_0026,member_0057,120,False,40
N02,U13,-0.0242805975912411,0.0242805975912411,HT13-GROWTH-NP,ct_obv,member_0026,cand_0061,120,False,41
N02,U14,0.0211758128072352,0.0211758128072352,HT13-GROWTH-NP,ct_pvcorr30,member_0026,cand_0060,120,False,42
N02,N08,0.0196702198744718,0.0196702198744718,HT13-GROWTH-NP,HT13-TURN-STD-1M,member_0026,member_0031,120,False,43
N02,N19,-0.0176073986834005,0.0176073986834005,HT13-GROWTH-NP,OSR-RET5-20D,member_0026,member_0041,120,False,44
N02,B12,-0.015821508347725,0.015821508347725,HT13-GROWTH-NP,HT13-VALUE-SP,member_0026,member_0015,120,False,45
N02,N20,-0.0141750676602454,0.0141750676602454,HT13-GROWTH-NP,OSR-DD20-20D,member_0026,member_0042,120,False,46
N02,U10,-0.0130034652942203,0.0130034652942203,HT13-GROWTH-NP,bhv_on20,member_0026,cand_0033,120,False,47
N02,U04,-0.0048928583802232,0.0048928583802232,HT13-GROWTH-NP,BHV-LIMITUP20-20261003,member_0026,cand_0003,120,False,48
N02,N14,-0.0033518259406798,0.0033518259406798,HT13-GROWTH-NP,HT13-ALPHA44,member_0026,member_0039,120,False,49
N04,N02,-0.6150998182657689,0.6150998182657689,NEW-HIST-ROE-6Q,HT13-GROWTH-NP,member_0027,member_0026,120,False,1
N04,N29,0.5543234329748213,0.5543234329748213,NEW-HIST-ROE-6Q,REPORT-HIST-NETMARGIN-6Q-10D-20260910,member_0027,member_0045,120,False,2
N04,N10,-0.4501723967769513,0.4501723967769513,NEW-HIST-ROE-6Q,HT13-QUALITY-ROE,member_0027,member_0035,120,False,3
N04,N31,0.422304090288523,0.422304090288523,NEW-HIST-ROE-6Q,HT13-NEW-HIST-GPM-6Q,member_0027,member_0047,120,False,4
N04,N30,0.3565694711194315,0.3565694711194315,NEW-HIST-ROE-6Q,REPORT-HIST-ASSETTURN-6Q-10D-20260910,member_0027,member_0046,120,False,5
N04,N12,0.2882124954778631,0.2882124954778631,NEW-HIST-ROE-6Q,HT13-HIST-EP-2Q,member_0027,member_0038,120,False,6
N04,U09,-0.2430122710700102,0.2430122710700102,NEW-HIST-ROE-6Q,bhv_mom250_20,member_0027,cand_0032,120,False,7
N04,N05,-0.2167043231712972,0.2167043231712972,NEW-HIST-ROE-6Q,HT13-VALUE-EP,member_0027,member_0028,120,False,8
N04,B05,0.1963422089568438,0.1963422089568438,NEW-HIST-ROE-6Q,NONHT-CHIP-COST-250,member_0027,member_0009,120,False,9
N04,N11,-0.1654168703731843,0.1654168703731843,NEW-HIST-ROE-6Q,HT13-QUALITY-CASH-DEBT,member_0027,member_0037,120,False,10
N04,U08,-0.147476684415668,0.147476684415668,NEW-HIST-ROE-6Q,GP-0015,member_0027,cand_0100,120,False,11
N04,B08,0.1442933215158104,0.1442933215158104,NEW-HIST-ROE-6Q,HT13-VALUE-BP,member_0027,member_0012,120,False,12
N04,B01,0.1439064608619104,0.1439064608619104,NEW-HIST-ROE-6Q,VERIFY-G260910-13,member_0027,member_0002,120,False,13
N04,N27,-0.1405364788973493,0.1405364788973493,NEW-HIST-ROE-6Q,paper-derived-roe,member_0027,member_0044,120,False,14
N04,B06,0.1334596502261793,0.1334596502261793,NEW-HIST-ROE-6Q,F-NET01-PLAT-20260914,member_0027,member_0011,120,False,15
N04,U06,-0.124864835947875,0.124864835947875,NEW-HIST-ROE-6Q,GP-0004,member_0027,cand_0089,2,False,16
N04,S04,0.1125670498045868,0.1125670498045868,NEW-HIST-ROE-6Q,comp-amihud20-vs500,member_0027,member_0056,120,False,17
N04,SEP-isolated,-0.1108144392715477,0.1108144392715477,NEW-HIST-ROE-6Q,V6-V01,member_0027,member_0059,120,False,18
N04,S02,0.1054385492204062,0.1054385492204062,NEW-HIST-ROE-6Q,LAMD10-K5V2,member_0027,member_0051,120,False,19
N04,N07,-0.103593825465856,0.103593825465856,NEW-HIST-ROE-6Q,HT13-GROWTH-OCF,member_0027,member_0030,120,False,20
N04,B10,-0.0976499424351085,0.0976499424351085,NEW-HIST-ROE-6Q,paper-derived-asset-growth,member_0027,member_0014,120,False,21
N04,U07,0.0775116909705546,0.0775116909705546,NEW-HIST-ROE-6Q,GP-0013,member_0027,cand_0098,120,False,22
N04,U01,0.076000799031356,0.076000799031356,NEW-HIST-ROE-6Q,GP-0011,member_0027,cand_0096,120,False,23
N04,S05,0.0700631092137177,0.0700631092137177,NEW-HIST-ROE-6Q,V7-V01,member_0027,member_0060,120,False,24
N04,U05,-0.0590526467452039,0.0590526467452039,NEW-HIST-ROE-6Q,F-NET03,member_0027,cand_0019,120,False,25
N04,B04,0.0578637108473176,0.0578637108473176,NEW-HIST-ROE-6Q,OSR2-DD120,member_0027,member_0007,120,False,26
N04,U13,-0.0521702581981389,0.0521702581981389,NEW-HIST-ROE-6Q,ct_obv,member_0027,cand_0061,120,False,27
N04,S01,0.0506592848690897,0.0506592848690897,NEW-HIST-ROE-6Q,VV6-756,member_0027,member_0049,120,False,28
N04,B03,0.0494065351221514,0.0494065351221514,NEW-HIST-ROE-6Q,OSR2-RET40,member_0027,member_0006,120,False,29
N04,N01,0.0406666414478062,0.0406666414478062,NEW-HIST-ROE-6Q,F-A18,member_0027,member_0016,120,False,30
N04,N09,0.040117549860721,0.040117549860721,NEW-HIST-ROE-6Q,NONHT-MAX-LOW-21D,member_0027,member_0033,120,False,31
N04,N06,-0.0371540671303574,0.0371540671303574,NEW-HIST-ROE-6Q,HT13-VALUE-OCFP-LOW-PCF,member_0027,member_0029,120,False,32
N04,N23,-0.036375426274412,0.036375426274412,NEW-HIST-ROE-6Q,OSR2-MODERATE-DD60,member_0027,member_0043,120,False,33
N04,U02,-0.0300802697057964,0.0300802697057964,NEW-HIST-ROE-6Q,GP-0006,member_0027,cand_0091,120,False,34
N04,U11,0.0290322327829895,0.0290322327829895,NEW-HIST-ROE-6Q,ct_amp10,member_0027,cand_0050,120,False,35
N04,N32,0.0287332158775683,0.0287332158775683,NEW-HIST-ROE-6Q,HT13-NEW-ALPHA40,member_0027,member_0048,120,False,36
N04,B09,0.0286614233114308,0.0286614233114308,NEW-HIST-ROE-6Q,OSR2-DD60,member_0027,member_0013,120,False,37
N04,B02,-0.0269545353283944,0.0269545353283944,NEW-HIST-ROE-6Q,HT13-TURN-BIAS-1M,member_0027,member_0004,120,False,38
N04,U12,0.0247533771854129,0.0247533771854129,NEW-HIST-ROE-6Q,ct_ar,member_0027,cand_0055,120,False,39
N04,U03,0.0209682547383862,0.0209682547383862,NEW-HIST-ROE-6Q,AGP04W,member_0027,cand_0026,120,False,40
N04,N16,0.0198409305727471,0.0198409305727471,NEW-HIST-ROE-6Q,NONHT-SKEW-LOW-60D,member_0027,member_0040,120,False,41
N04,U14,-0.0195269921804438,0.0195269921804438,NEW-HIST-ROE-6Q,ct_pvcorr30,member_0027,cand_0060,120,False,42
N04,N19,0.0166776578147433,0.0166776578147433,NEW-HIST-ROE-6Q,OSR-RET5-20D,member_0027,member_0041,120,False,43
N04,N08,-0.0159146590869836,0.0159146590869836,NEW-HIST-ROE-6Q,HT13-TURN-STD-1M,member_0027,member_0031,120,False,44
N04,N14,0.0094275297254104,0.0094275297254104,NEW-HIST-ROE-6Q,HT13-ALPHA44,member_0027,member_0039,120,False,45
N04,U10,0.0090155700021365,0.0090155700021365,NEW-HIST-ROE-6Q,bhv_on20,member_0027,cand_0033,120,False,46
N04,B12,0.0088960623255884,0.0088960623255884,NEW-HIST-ROE-6Q,HT13-VALUE-SP,member_0027,member_0015,120,False,47
N04,U04,0.0055489195790628,0.0055489195790628,NEW-HIST-ROE-6Q,BHV-LIMITUP20-20261003,member_0027,cand_0003,120,False,48
N04,N20,0.0036185743568952,0.0036185743568952,NEW-HIST-ROE-6Q,OSR-DD20-20D,member_0027,member_0042,120,False,49
N05,N27,0.7524240024045084,0.7524240024045084,HT13-VALUE-EP,paper-derived-roe,member_0028,member_0044,120,False,1
N05,N10,0.7066629310762883,0.7066629310762883,HT13-VALUE-EP,HT13-QUALITY-ROE,member_0028,member_0035,120,False,2
N05,U02,-0.4328447620230674,0.4328447620230674,HT13-VALUE-EP,GP-0006,member_0028,cand_0091,120,False,3
N05,B08,0.3305928854062493,0.3305928854062493,HT13-VALUE-EP,HT13-VALUE-BP,member_0028,member_0012,120,False,4
N05,B10,0.3295366421627903,0.3295366421627903,HT13-VALUE-EP,paper-derived-asset-growth,member_0028,member_0014,120,False,5
N05,N09,-0.3091126120238417,0.3091126120238417,HT13-VALUE-EP,HT13-VOL-STD-1M,member_0028,member_0032,120,False,6
N05,B01,0.303533265464715,0.303533265464715,HT13-VALUE-EP,SIZE-ONLY-20260911,member_0028,member_0001,120,False,7
N05,B12,0.2999356855545469,0.2999356855545469,HT13-VALUE-EP,HT13-VALUE-SP,member_0028,member_0015,120,False,8
N05,N08,-0.2858847129457229,0.2858847129457229,HT13-VALUE-EP,HT13-TURN-STD-1M,member_0028,member_0031,120,False,9
N05,U11,0.2721312461733184,0.2721312461733184,HT13-VALUE-EP,ct_amp10,member_0028,cand_0050,120,False,10
N05,N11,0.2708882724151644,0.2708882724151644,HT13-VALUE-EP,HT13-QUALITY-CASH-DEBT,member_0028,member_0037,120,False,11
N05,U07,-0.2350765430788979,0.2350765430788979,HT13-VALUE-EP,GP-0013,member_0028,cand_0098,120,False,12
N05,N02,0.2298683352093626,0.2298683352093626,HT13-VALUE-EP,HT13-GROWTH-NP,member_0028,member_0026,120,False,13
N05,S02,0.22755170318691,0.22755170318691,HT13-VALUE-EP,LAMD20-K5V2,member_0028,member_0053,120,False,14
N05,N04,-0.2167043231712972,0.2167043231712972,HT13-VALUE-EP,NEW-HIST-ROE-6Q,member_0028,member_0027,120,False,15
N05,U04,0.1732389251841407,0.1732389251841407,HT13-VALUE-EP,BHV-LIMITUP20-20261003,member_0028,cand_0003,120,False,16
N05,B04,-0.167696834241173,0.167696834241173,HT13-VALUE-EP,OSR2-DD120,member_0028,member_0007,120,False,17
N05,N31,-0.1665845163709405,0.1665845163709405,HT13-VALUE-EP,HT13-NEW-HIST-GPM-6Q,member_0028,member_0047,120,False,18
N05,N12,-0.1589500874884538,0.1589500874884538,HT13-VALUE-EP,HT13-HIST-EP-2Q,member_0028,member_0038,120,False,19
N05,B09,-0.1545207251929229,0.1545207251929229,HT13-VALUE-EP,OSR2-DD60,member_0028,member_0013,120,False,20
N05,SEP-isolated,-0.1472193163653588,0.1472193163653588,HT13-VALUE-EP,V6-V01,member_0028,member_0059,120,False,21
N05,U06,-0.1470476769133487,0.1470476769133487,HT13-VALUE-EP,GP-0004,member_0028,cand_0089,2,False,22
N05,S04,-0.1370915239233056,0.1370915239233056,HT13-VALUE-EP,comp-amihud20-vs500,member_0028,member_0056,120,False,23
N05,N20,-0.126007043542754,0.126007043542754,HT13-VALUE-EP,OSR-DD20-20D,member_0028,member_0042,120,False,24
N05,U14,0.1191311358959891,0.1191311358959891,HT13-VALUE-EP,ct_pvcorr30,member_0028,cand_0060,120,False,25
N05,N29,-0.1115377155836156,0.1115377155836156,HT13-VALUE-EP,REPORT-HIST-NETMARGIN-6Q-10D-20260910,member_0028,member_0045,120,False,26
N05,N23,0.1054086587050255,0.1054086587050255,HT13-VALUE-EP,OSR2-MODERATE-DD60,member_0028,member_0043,120,False,27
N05,N32,0.0878748461781919,0.0878748461781919,HT13-VALUE-EP,HT13-NEW-ALPHA40,member_0028,member_0048,120,False,28
N05,U05,0.0820078931802222,0.0820078931802222,HT13-VALUE-EP,F-NET03,member_0028,cand_0019,120,False,29
N05,N16,0.0740277958318654,0.0740277958318654,HT13-VALUE-EP,NONHT-SKEW-LOW-60D,member_0028,member_0040,120,False,30
N05,B06,-0.0718932259585885,0.0718932259585885,HT13-VALUE-EP,F-NET01-PLAT-20260914,member_0028,member_0011,120,False,31
N05,N06,-0.0715032297677341,0.0715032297677341,HT13-VALUE-EP,HT13-VALUE-OCFP-LOW-PCF,member_0028,member_0029,120,False,32
N05,U12,0.0675477022283142,0.0675477022283142,HT13-VALUE-EP,ct_ar,member_0028,cand_0055,120,False,33
N05,U01,-0.0652142883074999,0.0652142883074999,HT13-VALUE-EP,GP-0011,member_0028,cand_0096,120,False,34
N05,U03,0.0583533220106003,0.0583533220106003,HT13-VALUE-EP,bhv_on_minus_id,member_0028,cand_0034,120,False,35
N05,N14,0.0542189669065727,0.0542189669065727,HT13-VALUE-EP,HT13-ALPHA44,member_0028,member_0039,120,False,36
N05,S05,-0.053080189207945,0.053080189207945,HT13-VALUE-EP,V7-V01,member_0028,member_0060,120,False,37
N05,B02,-0.0476244512033208,0.0476244512033208,HT13-VALUE-EP,HT13-TURN-BIAS-1M,member_0028,member_0004,120,False,38
N05,B05,-0.042236844618742,0.042236844618742,HT13-VALUE-EP,NONHT-CHIP-COST-250,member_0028,member_0009,120,False,39
N05,U10,-0.041010794972289,0.041010794972289,HT13-VALUE-EP,bhv_on20,member_0028,cand_0033,120,False,40
N05,N07,0.0409175894713572,0.0409175894713572,HT13-VALUE-EP,HT13-GROWTH-OCF,member_0028,member_0030,120,False,41
N05,S01,-0.0311079149238246,0.0311079149238246,HT13-VALUE-EP,VV6-500,member_0028,member_0050,120,False,42
N05,U08,0.027760233254909,0.027760233254909,HT13-VALUE-EP,GP-0015,member_0028,cand_0100,120,False,43
N05,B03,0.0249476228665157,0.0249476228665157,HT13-VALUE-EP,OSR2-RET40,member_0028,member_0006,120,False,44
N05,N30,0.0215526794666986,0.0215526794666986,HT13-VALUE-EP,REPORT-HIST-ASSETTURN-6Q-10D-20260910,member_0028,member_0046,120,False,45
N05,U13,-0.019926789513177,0.019926789513177,HT13-VALUE-EP,ct_obv,member_0028,cand_0061,120,False,46
N05,N01,-0.0187879249114828,0.0187879249114828,HT13-VALUE-EP,WF6AA4-D0-OPEN20-MOM-20260912,member_0028,member_0023,120,False,47
N05,U09,0.016686890535989,0.016686890535989,HT13-VALUE-EP,bhv_mom250_20,member_0028,cand_0032,120,False,48
N05,N19,0.0033980451080725,0.0033980451080725,HT13-VALUE-EP,OSR-RET5-20D,member_0028,member_0041,120,False,49
N06,B12,-0.2946325302447474,0.2946325302447474,HT13-VALUE-OCFP-LOW-PCF,HT13-VALUE-SP,member_0029,member_0015,120,False,1
N06,B08,-0.2797026299017153,0.2797026299017153,HT13-VALUE-OCFP-LOW-PCF,HT13-VALUE-BP,member_0029,member_0012,120,False,2
N06,SEP-isolated,0.2616016310719266,0.2616016310719266,HT13-VALUE-OCFP-LOW-PCF,V6-V01,member_0029,member_0059,120,False,3
N06,U05,0.2465448053697676,0.2465448053697676,HT13-VALUE-OCFP-LOW-PCF,F-NET03,member_0029,cand_0019,120,False,4
N06,U01,-0.2246131663788441,0.2246131663788441,HT13-VALUE-OCFP-LOW-PCF,F-NET01,member_0029,cand_0017,120,False,5
N06,U02,0.1904718667426793,0.1904718667426793,HT13-VALUE-OCFP-LOW-PCF,GP-0005,member_0029,cand_0090,120,False,6
N06,U06,0.1846930209745015,0.1846930209745015,HT13-VALUE-OCFP-LOW-PCF,GP-0004,member_0029,cand_0089,2,False,7
N06,N11,0.174765254301025,0.174765254301025,HT13-VALUE-OCFP-LOW-PCF,HT13-QUALITY-CASH-DEBT,member_0029,member_0037,120,False,8
N06,U08,0.1656928320841019,0.1656928320841019,HT13-VALUE-OCFP-LOW-PCF,GP-0015,member_0029,cand_0100,120,False,9
N06,U07,0.1509531788000439,0.1509531788000439,HT13-VALUE-OCFP-LOW-PCF,GP-0013,member_0029,cand_0098,120,False,10
N06,B06,-0.1386784956763669,0.1386784956763669,HT13-VALUE-OCFP-LOW-PCF,F-NET01-PLAT-20260914,member_0029,member_0011,120,False,11
N06,N09,0.132317220834592,0.132317220834592,HT13-VALUE-OCFP-LOW-PCF,HT13-VOL-STD-1M,member_0029,member_0032,120,False,12
N06,S05,-0.1181835760017758,0.1181835760017758,HT13-VALUE-OCFP-LOW-PCF,V7-V01,member_0029,member_0060,120,False,13
N06,U11,-0.1137725923917569,0.1137725923917569,HT13-VALUE-OCFP-LOW-PCF,ct_amp10,member_0029,cand_0050,120,False,14
N06,N10,0.1104560940741184,0.1104560940741184,HT13-VALUE-OCFP-LOW-PCF,REPORT-ROIC-TTM-10D-20260910,member_0029,member_0036,120,False,15
N06,N08,0.1006226654033208,0.1006226654033208,HT13-VALUE-OCFP-LOW-PCF,HT13-TURN-STD-1M,member_0029,member_0031,120,False,16
N06,N32,-0.1005568190144364,0.1005568190144364,HT13-VALUE-OCFP-LOW-PCF,HT13-NEW-ALPHA40,member_0029,member_0048,120,False,17
N06,N07,0.0981134354964639,0.0981134354964639,HT13-VALUE-OCFP-LOW-PCF,HT13-GROWTH-OCF,member_0029,member_0030,120,False,18
N06,U13,0.0901314397017777,0.0901314397017777,HT13-VALUE-OCFP-LOW-PCF,ct_obv,member_0029,cand_0061,120,False,19
N06,U09,0.0859539794427484,0.0859539794427484,HT13-VALUE-OCFP-LOW-PCF,bhv_mom250_20,member_0029,cand_0032,120,False,20
N06,N27,0.0845008085074738,0.0845008085074738,HT13-VALUE-OCFP-LOW-PCF,paper-derived-roe,member_0029,member_0044,120,False,21
N06,B05,-0.0768223827659621,0.0768223827659621,HT13-VALUE-OCFP-LOW-PCF,NONHT-CHIP-COST-250,member_0029,member_0009,120,False,22
N06,N05,-0.0715032297677341,0.0715032297677341,HT13-VALUE-OCFP-LOW-PCF,HT13-VALUE-EP,member_0029,member_0028,120,False,23
N06,S02,-0.0615838517102514,0.0615838517102514,HT13-VALUE-OCFP-LOW-PCF,LAMD10-K5V2,member_0029,member_0051,120,False,24
N06,B10,0.0599792287278834,0.0599792287278834,HT13-VALUE-OCFP-LOW-PCF,paper-derived-asset-growth,member_0029,member_0014,120,False,25
N06,N02,0.0522764697326739,0.0522764697326739,HT13-VALUE-OCFP-LOW-PCF,HT13-GROWTH-NP,member_0029,member_0026,120,False,26
N06,U04,-0.0479714100920716,0.0479714100920716,HT13-VALUE-OCFP-LOW-PCF,BHV-LIMITUP20-20261003,member_0029,cand_0003,120,False,27
N06,S01,-0.0461117744141918,0.0461117744141918,HT13-VALUE-OCFP-LOW-PCF,VV6-756,member_0029,member_0049,120,False,28
N06,N16,-0.0446223095693719,0.0446223095693719,HT13-VALUE-OCFP-LOW-PCF,NONHT-SKEW-LOW-60D,member_0029,member_0040,120,False,29
N06,B01,0.0399571130250204,0.0399571130250204,HT13-VALUE-OCFP-LOW-PCF,V5-V01,member_0029,member_0058,120,False,30
N06,B03,-0.0376339349664588,0.0376339349664588,HT13-VALUE-OCFP-LOW-PCF,OSR2-RET40,member_0029,member_0006,120,False,31
N06,N04,-0.0371540671303574,0.0371540671303574,HT13-VALUE-OCFP-LOW-PCF,NEW-HIST-ROE-6Q,member_0029,member_0027,120,False,32
N06,N20,0.0370945507188657,0.0370945507188657,HT13-VALUE-OCFP-LOW-PCF,OSR-DD20-20D,member_0029,member_0042,120,False,33
N06,U12,-0.036142061023338,0.036142061023338,HT13-VALUE-OCFP-LOW-PCF,ct_ar,member_0029,cand_0055,120,False,34
N06,U03,-0.0351289095902281,0.0351289095902281,HT13-VALUE-OCFP-LOW-PCF,AGP04W,member_0029,cand_0026,120,False,35
N06,B09,0.0305418561954554,0.0305418561954554,HT13-VALUE-OCFP-LOW-PCF,OSR2-DD60,member_0029,member_0013,120,False,36
N06,N01,-0.0282562059997809,0.0282562059997809,HT13-VALUE-OCFP-LOW-PCF,F-A18,member_0029,member_0016,120,False,37
N06,N30,-0.0240896944295164,0.0240896944295164,HT13-VALUE-OCFP-LOW-PCF,REPORT-HIST-ASSETTURN-6Q-10D-20260910,member_0029,member_0046,120,False,38
N06,N23,-0.0223905300288083,0.0223905300288083,HT13-VALUE-OCFP-LOW-PCF,OSR2-MODERATE-DD60,member_0029,member_0043,120,False,39
N06,S04,-0.0219474802130316,0.0219474802130316,HT13-VALUE-OCFP-LOW-PCF,comp-pvcorr20-amihud20-vs500,member_0029,member_0054,120,False,40
N06,U14,-0.0217334352507776,0.0217334352507776,HT13-VALUE-OCFP-LOW-PCF,ct_pvcorr30,member_0029,cand_0060,120,False,41
N06,B04,0.0193898299351508,0.0193898299351508,HT13-VALUE-OCFP-LOW-PCF,OSR2-DD120,member_0029,member_0007,120,False,42
N06,N14,-0.0126380065565484,0.0126380065565484,HT13-VALUE-OCFP-LOW-PCF,HT13-ALPHA44,member_0029,member_0039,120,False,43
N06,U10,0.0124922820052483,0.0124922820052483,HT13-VALUE-OCFP-LOW-PCF,bhv_on20,member_0029,cand_0033,120,False,44
N06,N31,0.0124298084404671,0.0124298084404671,HT13-VALUE-OCFP-LOW-PCF,HT13-NEW-HIST-GPM-6Q,member_0029,member_0047,120,False,45
N06,N29,-0.0105617239305637,0.0105617239305637,HT13-VALUE-OCFP-LOW-PCF,REPORT-HIST-NETMARGIN-6Q-10D-20260910,member_0029,member_0045,120,False,46
N06,N19,-0.0082659021459243,0.0082659021459243,HT13-VALUE-OCFP-LOW-PCF,OSR-RET5-20D,member_0029,member_0041,120,False,47
N06,N12,-0.0067483662259611,0.0067483662259611,HT13-VALUE-OCFP-LOW-PCF,HT13-HIST-EP-2Q,member_0029,member_0038,120,False,48
N06,B02,0.0044419850454805,0.0044419850454805,HT13-VALUE-OCFP-LOW-PCF,HT13-TURN-BIAS-1M,member_0029,member_0004,120,False,49
N07,N11,0.5040804940714243,0.5040804940714243,HT13-GROWTH-OCF,HT13-QUALITY-CASH-DEBT,member_0030,member_0037,120,False,1
N07,U05,0.3643437295657415,0.3643437295657415,HT13-GROWTH-OCF,F-NET03,member_0030,cand_0019,120,False,2
N07,N02,0.1676217424478577,0.1676217424478577,HT13-GROWTH-OCF,HT13-GROWTH-NP,member_0030,member_0026,120,False,3
N07,N29,-0.1364248693758988,0.1364248693758988,HT13-GROWTH-OCF,REPORT-HIST-NETMARGIN-6Q-10D-20260910,member_0030,member_0045,120,False,4
N07,N10,0.1084296515702362,0.1084296515702362,HT13-GROWTH-OCF,REPORT-ROIC-TTM-10D-20260910,member_0030,member_0036,120,False,5
N07,N04,-0.103593825465856,0.103593825465856,HT13-GROWTH-OCF,NEW-HIST-ROE-6Q,member_0030,member_0027,120,False,6
N07,N06,0.0981134354964639,0.0981134354964639,HT13-GROWTH-OCF,HT13-VALUE-OCFP-LOW-PCF,member_0030,member_0029,120,False,7
N07,N31,-0.0874931288955428,0.0874931288955428,HT13-GROWTH-OCF,HT13-NEW-HIST-GPM-6Q,member_0030,member_0047,120,False,8
N07,N30,-0.0603012506931602,0.0603012506931602,HT13-GROWTH-OCF,REPORT-HIST-ASSETTURN-6Q-10D-20260910,member_0030,member_0046,120,False,9
N07,U09,0.0597753297650278,0.0597753297650278,HT13-GROWTH-OCF,bhv_mom250_20,member_0030,cand_0032,120,False,10
N07,B05,-0.0576700541336717,0.0576700541336717,HT13-GROWTH-OCF,NONHT-CHIP-COST-250,member_0030,member_0009,120,False,11
N07,U02,-0.042850411134911,0.042850411134911,HT13-GROWTH-OCF,GP-0010,member_0030,cand_0095,120,False,12
N07,N05,0.0409175894713572,0.0409175894713572,HT13-GROWTH-OCF,HT13-VALUE-EP,member_0030,member_0028,120,False,13
N07,N12,-0.0376325622100957,0.0376325622100957,HT13-GROWTH-OCF,HT13-HIST-EP-2Q,member_0030,member_0038,120,False,14
N07,B01,0.0365272041189126,0.0365272041189126,HT13-GROWTH-OCF,SIZE-ONLY-20260911,member_0030,member_0001,120,False,15
N07,U06,0.0322946128070066,0.0322946128070066,HT13-GROWTH-OCF,GP-0004,member_0030,cand_0089,2,False,16
N07,S04,-0.0301837479944004,0.0301837479944004,HT13-GROWTH-OCF,comp-amihud20-vs500,member_0030,member_0056,120,False,17
N07,B06,-0.030065258964008,0.030065258964008,HT13-GROWTH-OCF,F-NET01-PLAT-20260914,member_0030,member_0011,120,False,18
N07,U01,-0.0264768518870401,0.0264768518870401,HT13-GROWTH-OCF,GP-0019,member_0030,cand_0104,120,False,19
N07,S02,-0.025634715058706,0.025634715058706,HT13-GROWTH-OCF,comp-amt60-vs500-retrev20,member_0030,member_0055,120,False,20
N07,N23,0.020834740368748,0.020834740368748,HT13-GROWTH-OCF,OSR2-MODERATE-DD60,member_0030,member_0043,120,False,21
N07,B02,0.0188623963044914,0.0188623963044914,HT13-GROWTH-OCF,HT13-TURN-BIAS-1M,member_0030,member_0004,120,False,22
N07,B03,-0.0187415243891821,0.0187415243891821,HT13-GROWTH-OCF,OSR2-RET40,member_0030,member_0006,120,False,23
N07,N08,-0.0186030949040214,0.0186030949040214,HT13-GROWTH-OCF,HT13-TURN-STD-1M,member_0030,member_0031,120,False,24
N07,S05,0.0183780646437262,0.0183780646437262,HT13-GROWTH-OCF,V4R01,member_0030,member_0057,120,False,25
N07,S01,-0.0183565283838059,0.0183565283838059,HT13-GROWTH-OCF,VV6-756,member_0030,member_0049,120,False,26
N07,B10,-0.0181735622095793,0.0181735622095793,HT13-GROWTH-OCF,paper-derived-asset-growth,member_0030,member_0014,120,False,27
N07,U14,0.0179516050741938,0.0179516050741938,HT13-GROWTH-OCF,ct_pvcorr30,member_0030,cand_0060,120,False,28
N07,N01,-0.017640075607435,0.017640075607435,HT13-GROWTH-OCF,F-A18,member_0030,member_0016,120,False,29
N07,B04,-0.0175402649707835,0.0175402649707835,HT13-GROWTH-OCF,OSR2-DD120,member_0030,member_0007,120,False,30
N07,U07,-0.0161169459497052,0.0161169459497052,HT13-GROWTH-OCF,GP-0013,member_0030,cand_0098,120,False,31
N07,B08,-0.0129981077983189,0.0129981077983189,HT13-GROWTH-OCF,HT13-VALUE-BP,member_0030,member_0012,120,False,32
N07,B09,-0.0121284646427473,0.0121284646427473,HT13-GROWTH-OCF,OSR2-DD60,member_0030,member_0013,120,False,33
N07,SEP-isolated,0.0106564691765371,0.0106564691765371,HT13-GROWTH-OCF,V6-V01,member_0030,member_0059,120,False,34
N07,U12,-0.0106169697425665,0.0106169697425665,HT13-GROWTH-OCF,ct_ar,member_0030,cand_0055,120,False,35
N07,N19,-0.009997552900557,0.009997552900557,HT13-GROWTH-OCF,OSR-RET5-20D,member_0030,member_0041,120,False,36
N07,N09,-0.0095281917931452,0.0095281917931452,HT13-GROWTH-OCF,NONHT-MAX-LOW-21D,member_0030,member_0033,120,False,37
N07,U03,-0.0090430342745674,0.0090430342745674,HT13-GROWTH-OCF,AGP04W,member_0030,cand_0026,120,False,38
N07,U08,0.008539390930444,0.008539390930444,HT13-GROWTH-OCF,GP-0015,member_0030,cand_0100,120,False,39
N07,B12,0.0066337319098473,0.0066337319098473,HT13-GROWTH-OCF,HT13-VALUE-SP,member_0030,member_0015,120,False,40
N07,U13,-0.0062063829650977,0.0062063829650977,HT13-GROWTH-OCF,ct_obv,member_0030,cand_0061,120,False,41
N07,N20,-0.0055444620375469,0.0055444620375469,HT13-GROWTH-OCF,OSR-DD20-20D,member_0030,member_0042,120,False,42
N07,U10,-0.0052416243389288,0.0052416243389288,HT13-GROWTH-OCF,bhv_on20,member_0030,cand_0033,120,False,43
N07,N16,-0.0044992852985221,0.0044992852985221,HT13-GROWTH-OCF,NONHT-SKEW-LOW-60D,member_0030,member_0040,120,False,44
N07,U04,0.0036001848124191,0.0036001848124191,HT13-GROWTH-OCF,BHV-LIMITUP20-20261003,member_0030,cand_0003,120,False,45
N07,U11,0.0035930446675287,0.0035930446675287,HT13-GROWTH-OCF,ct_amp10,member_0030,cand_0050,120,False,46
N07,N27,0.0034783849067239,0.0034783849067239,HT13-GROWTH-OCF,paper-derived-roe,member_0030,member_0044,120,False,47
N07,N32,-0.0034671937109188,0.0034671937109188,HT13-GROWTH-OCF,HT13-NEW-ALPHA40,member_0030,member_0048,120,False,48
N07,N14,0.0012528725671969,0.0012528725671969,HT13-GROWTH-OCF,HT13-ALPHA44,member_0030,member_0039,120,False,49
N08,N09,0.7414940891483697,0.7414940891483697,HT13-TURN-STD-1M,HT13-VOL-STD-1M,member_0031,member_0032,120,False,1
N08,S02,-0.6056100297038896,0.6056100297038896,HT13-TURN-STD-1M,LAMD10-K5V2,member_0031,member_0051,120,False,2
N08,U11,-0.5980165814841711,0.5980165814841711,HT13-TURN-STD-1M,ct_amp10,member_0031,cand_0050,120,False,3
N08,SEP-isolated,0.5776315672880726,0.5776315672880726,HT13-TURN-STD-1M,V6-V01,member_0031,member_0059,120,False,4
N08,B02,0.5473633763110536,0.5473633763110536,HT13-TURN-STD-1M,HT13-TURN-BIAS-1M,member_0031,member_0004,120,False,5
N08,U04,-0.5085509727293623,0.5085509727293623,HT13-TURN-STD-1M,BHV-LIMITUP20-20261003,member_0031,cand_0003,120,False,6
N08,S04,-0.4417660319369683,0.4417660319369683,HT13-TURN-STD-1M,comp-pvcorr20-amihud20-vs500,member_0031,member_0054,120,False,7
N08,N32,-0.4285841289454097,0.4285841289454097,HT13-TURN-STD-1M,HT13-NEW-ALPHA40,member_0031,member_0048,120,False,8
N08,U14,-0.4214241793515117,0.4214241793515117,HT13-TURN-STD-1M,ct_pvcorr30,member_0031,cand_0060,120,False,9
N08,U02,0.4046085981700377,0.4046085981700377,HT13-TURN-STD-1M,GP-0006,member_0031,cand_0091,120,False,10
N08,S01,-0.3928452502583282,0.3928452502583282,HT13-TURN-STD-1M,VV6-756,member_0031,member_0049,120,False,11
N08,U12,-0.3430640744025315,0.3430640744025315,HT13-TURN-STD-1M,ct_ar,member_0031,cand_0055,120,False,12
N08,B01,0.3384800327224234,0.3384800327224234,HT13-TURN-STD-1M,V5-V01,member_0031,member_0058,120,False,13
N08,B05,0.2954628626024286,0.2954628626024286,HT13-TURN-STD-1M,HT13-MOMENTUM-120D-D0,member_0031,member_0008,120,False,14
N08,B08,-0.2933792462936795,0.2933792462936795,HT13-TURN-STD-1M,HT13-VALUE-BP,member_0031,member_0012,120,False,15
N08,U03,-0.2932407971739506,0.2932407971739506,HT13-TURN-STD-1M,bhv_on_minus_id,member_0031,cand_0034,120,False,16
N08,N05,-0.2858847129457229,0.2858847129457229,HT13-TURN-STD-1M,HT13-VALUE-EP,member_0031,member_0028,120,False,17
N08,B03,-0.280050618480545,0.280050618480545,HT13-TURN-STD-1M,OSR2-RET40,member_0031,member_0006,120,False,18
N08,N20,0.2745876485470335,0.2745876485470335,HT13-TURN-STD-1M,OSR-DD20-20D,member_0031,member_0042,120,False,19
N08,B06,-0.2444456452085263,0.2444456452085263,HT13-TURN-STD-1M,F-NET01-PLAT-20260914,member_0031,member_0011,120,False,20
N08,S05,0.242526140135655,0.242526140135655,HT13-TURN-STD-1M,V4R01,member_0031,member_0057,120,False,21
N08,N14,-0.2280395717220966,0.2280395717220966,HT13-TURN-STD-1M,HT13-ALPHA44,member_0031,member_0039,120,False,22
N08,N16,-0.2253702503842264,0.2253702503842264,HT13-TURN-STD-1M,NONHT-SKEW-LOW-60D,member_0031,member_0040,120,False,23
N08,U09,0.212656996594917,0.212656996594917,HT13-TURN-STD-1M,bhv_mom250_20,member_0031,cand_0032,120,False,24
N08,U07,0.2074725081945949,0.2074725081945949,HT13-TURN-STD-1M,GP-0013,member_0031,cand_0098,120,False,25
N08,N01,-0.2064803334559275,0.2064803334559275,HT13-TURN-STD-1M,F-A18,member_0031,member_0016,120,False,26
N08,B12,-0.1935245625990802,0.1935245625990802,HT13-TURN-STD-1M,HT13-VALUE-SP,member_0031,member_0015,120,False,27
N08,N27,-0.1908646876981444,0.1908646876981444,HT13-TURN-STD-1M,paper-derived-roe,member_0031,member_0044,120,False,28
N08,U10,0.1735448832853942,0.1735448832853942,HT13-TURN-STD-1M,bhv_on20,member_0031,cand_0033,120,False,29
N08,N10,-0.1671846230338969,0.1671846230338969,HT13-TURN-STD-1M,HT13-QUALITY-ROE,member_0031,member_0035,120,False,30
N08,U08,0.1487941139107002,0.1487941139107002,HT13-TURN-STD-1M,GP-0015,member_0031,cand_0100,120,False,31
N08,N23,-0.1367535408488734,0.1367535408488734,HT13-TURN-STD-1M,OSR2-MODERATE-DD60,member_0031,member_0043,120,False,32
N08,U01,-0.1238754286218521,0.1238754286218521,HT13-TURN-STD-1M,F-NET01,member_0031,cand_0017,120,False,33
N08,B09,0.1187566627502577,0.1187566627502577,HT13-TURN-STD-1M,OSR2-DD60,member_0031,member_0013,120,False,34
N08,N11,-0.1060309286116826,0.1060309286116826,HT13-TURN-STD-1M,HT13-QUALITY-CASH-DEBT,member_0031,member_0037,120,False,35
N08,N06,0.1006226654033208,0.1006226654033208,HT13-TURN-STD-1M,HT13-VALUE-OCFP-LOW-PCF,member_0031,member_0029,120,False,36
N08,N12,0.0868430901230859,0.0868430901230859,HT13-TURN-STD-1M,HT13-HIST-EP-2Q,member_0031,member_0038,120,False,37
N08,B04,0.061424036093162,0.061424036093162,HT13-TURN-STD-1M,OSR2-DD120,member_0031,member_0007,120,False,38
N08,N30,-0.04516116901191,0.04516116901191,HT13-TURN-STD-1M,REPORT-HIST-ASSETTURN-6Q-10D-20260910,member_0031,member_0046,120,False,39
N08,B10,-0.0324049846483006,0.0324049846483006,HT13-TURN-STD-1M,paper-derived-asset-growth,member_0031,member_0014,120,False,40
N08,U06,0.0258922546162349,0.0258922546162349,HT13-TURN-STD-1M,GP-0004,member_0031,cand_0089,2,False,41
N08,N31,0.019829271709517,0.019829271709517,HT13-TURN-STD-1M,HT13-NEW-HIST-GPM-6Q,member_0031,member_0047,120,False,42
N08,N02,0.0196702198744718,0.0196702198744718,HT13-TURN-STD-1M,HT13-GROWTH-NP,member_0031,member_0026,120,False,43
N08,N07,-0.0186030949040214,0.0186030949040214,HT13-TURN-STD-1M,HT13-GROWTH-OCF,member_0031,member_0030,120,False,44
N08,N29,-0.0182814187896417,0.0182814187896417,HT13-TURN-STD-1M,REPORT-HIST-NETMARGIN-6Q-10D-20260910,member_0031,member_0045,120,False,45
N08,N04,-0.0159146590869836,0.0159146590869836,HT13-TURN-STD-1M,NEW-HIST-ROE-6Q,member_0031,member_0027,120,False,46
N08,N19,-0.0092423813572126,0.0092423813572126,HT13-TURN-STD-1M,OSR-RET5-20D,member_0031,member_0041,120,False,47
N08,U05,0.0029668393536579,0.0029668393536579,HT13-TURN-STD-1M,F-NET03,member_0031,cand_0019,120,False,48
N08,U13,-0.0016404296540801,0.0016404296540801,HT13-TURN-STD-1M,ct_obv,member_0031,cand_0061,120,False,49
N09,U11,0.7569177377976432,0.7569177377976432,OSR-SCALED-RET5-20D,ct_amp10,member_0034,cand_0050,120,False,1
N09,N08,0.7414940891483697,0.7414940891483697,HT13-VOL-STD-1M,HT13-TURN-STD-1M,member_0032,member_0031,120,False,2
N09,U04,0.6604468689088538,0.6604468689088538,NONHT-MAX-LOW-21D,BHV-LIMITUP20-20261003,member_0033,cand_0003,120,False,3
N09,S02,0.6337790984364208,0.6337790984364208,NONHT-MAX-LOW-21D,LAMD0-K8V2,member_0033,member_0052,120,False,4
N09,SEP-isolated,0.58863241724867,0.58863241724867,HT13-VOL-STD-1M,V6-V01,member_0032,member_0059,120,False,5
N09,S01,0.5481982266318538,0.5481982266318538,OSR-SCALED-RET5-20D,VV6-756,member_0034,member_0049,120,False,6
N09,B02,0.5475464898720056,0.5475464898720056,HT13-VOL-STD-1M,HT13-TURN-BIAS-1M,member_0032,member_0004,120,False,7
N09,N32,0.4926989174909761,0.4926989174909761,OSR-SCALED-RET5-20D,HT13-NEW-ALPHA40,member_0034,member_0048,120,False,8
N09,N20,0.4429818909131162,0.4429818909131162,HT13-VOL-STD-1M,OSR-DD20-20D,member_0032,member_0042,120,False,9
N09,S04,0.4207646394351478,0.4207646394351478,NONHT-MAX-LOW-21D,comp-pvcorr20-amihud20-vs500,member_0033,member_0054,120,False,10
N09,B08,-0.4140185475351258,0.4140185475351258,HT13-VOL-STD-1M,HT13-VALUE-BP,member_0032,member_0012,120,False,11
N09,U12,0.4081879397725558,0.4081879397725558,NONHT-MAX-LOW-21D,ct_ar,member_0033,cand_0055,120,False,12
N09,B06,-0.3909636686063824,0.3909636686063824,HT13-VOL-STD-1M,F-NET01-PLAT-20260914,member_0032,member_0011,120,False,13
N09,B01,0.389222207789168,0.389222207789168,HT13-VOL-STD-1M,V5-V01,member_0032,member_0058,120,False,14
N09,U01,-0.3736752338921826,0.3736752338921826,HT13-VOL-STD-1M,F-NET01,member_0032,cand_0017,120,False,15
N09,N16,0.3697790627993901,0.3697790627993901,NONHT-MAX-LOW-21D,NONHT-SKEW-LOW-60D,member_0033,member_0040,120,False,16
N09,B05,0.3596858487306659,0.3596858487306659,NONHT-MAX-LOW-21D,NONHT-CHIP-COST-250,member_0033,member_0009,120,False,17
N09,B03,0.3457482707183498,0.3457482707183498,NONHT-MAX-LOW-21D,OSR2-RET40,member_0033,member_0006,120,False,18
N09,U03,0.3439387813249183,0.3439387813249183,NONHT-MAX-LOW-21D,AGP04W,member_0033,cand_0026,120,False,19
N09,N01,0.3300989888576502,0.3300989888576502,NONHT-MAX-LOW-21D,F-A18,member_0033,member_0016,120,False,20
N09,N05,-0.3091126120238417,0.3091126120238417,HT13-VOL-STD-1M,HT13-VALUE-EP,member_0032,member_0028,120,False,21
N09,S05,0.2927346390216642,0.2927346390216642,HT13-VOL-STD-1M,V4R01,member_0032,member_0057,120,False,22
N09,B12,-0.2856299448294003,0.2856299448294003,HT13-VOL-STD-1M,HT13-VALUE-SP,member_0032,member_0015,120,False,23
N09,B09,0.2847508435504393,0.2847508435504393,HT13-VOL-STD-1M,OSR2-DD60,member_0032,member_0013,120,False,24
N09,U14,0.2772314458574537,0.2772314458574537,NONHT-MAX-LOW-21D,ct_pvcorr30,member_0033,cand_0060,120,False,25
N09,N14,0.2667194239606066,0.2667194239606066,NONHT-MAX-LOW-21D,HT13-ALPHA44,member_0033,member_0039,120,False,26
N09,U09,0.2662071721275482,0.2662071721275482,HT13-VOL-STD-1M,bhv_mom250_20,member_0032,cand_0032,120,False,27
N09,N12,-0.2656494069749208,0.2656494069749208,NONHT-MAX-LOW-21D,HT13-HIST-EP-2Q,member_0033,member_0038,120,False,28
N09,U02,0.247355278012793,0.247355278012793,HT13-VOL-STD-1M,GP-0006,member_0032,cand_0091,120,False,29
N09,U06,-0.2354575046749644,0.2354575046749644,OSR-SCALED-RET5-20D,GP-0004,member_0034,cand_0089,2,False,30
N09,B04,0.1961537530431444,0.1961537530431444,HT13-VOL-STD-1M,OSR2-DD120,member_0032,member_0007,120,False,31
N09,N06,0.132317220834592,0.132317220834592,HT13-VOL-STD-1M,HT13-VALUE-OCFP-LOW-PCF,member_0032,member_0029,120,False,32
N09,U08,-0.1177402000266028,0.1177402000266028,OSR-SCALED-RET5-20D,GP-0015,member_0034,cand_0100,120,False,33
N09,B10,0.1119838918644731,0.1119838918644731,HT13-VOL-STD-1M,paper-derived-asset-growth,member_0032,member_0014,120,False,34
N09,U10,0.1003782886968848,0.1003782886968848,HT13-VOL-STD-1M,bhv_on20,member_0032,cand_0033,120,False,35
N09,U07,0.0965531643603071,0.0965531643603071,HT13-VOL-STD-1M,GP-0013,member_0032,cand_0098,120,False,36
N09,N19,0.0873324469882679,0.0873324469882679,OSR-SCALED-RET5-20D,OSR-RET5-20D,member_0034,member_0041,120,False,37
N09,N23,-0.0776682159318226,0.0776682159318226,HT13-VOL-STD-1M,OSR2-MODERATE-DD60,member_0032,member_0043,120,False,38
N09,N30,0.0520418487999492,0.0520418487999492,OSR-SCALED-RET5-20D,REPORT-HIST-ASSETTURN-6Q-10D-20260910,member_0034,member_0046,120,False,39
N09,N10,-0.0420248022241421,0.0420248022241421,NONHT-MAX-LOW-21D,REPORT-ROIC-TTM-10D-20260910,member_0033,member_0036,120,False,40
N09,N02,-0.0415154723835062,0.0415154723835062,NONHT-MAX-LOW-21D,HT13-GROWTH-NP,member_0033,member_0026,120,False,41
N09,N04,0.040117549860721,0.040117549860721,NONHT-MAX-LOW-21D,NEW-HIST-ROE-6Q,member_0033,member_0027,120,False,42
N09,U13,0.0393813999808967,0.0393813999808967,HT13-VOL-STD-1M,ct_obv,member_0032,cand_0061,120,False,43
N09,N11,-0.0371489231233775,0.0371489231233775,HT13-VOL-STD-1M,HT13-QUALITY-CASH-DEBT,member_0032,member_0037,120,False,44
N09,N31,0.0362720510874308,0.0362720510874308,HT13-VOL-STD-1M,HT13-NEW-HIST-GPM-6Q,member_0032,member_0047,120,False,45
N09,N29,0.0294705057894999,0.0294705057894999,NONHT-MAX-LOW-21D,REPORT-HIST-NETMARGIN-6Q-10D-20260910,member_0033,member_0045,120,False,46
N09,N27,-0.0286194303349946,0.0286194303349946,NONHT-MAX-LOW-21D,paper-derived-roe,member_0033,member_0044,120,False,47
N09,U05,-0.026408006795571,0.026408006795571,NONHT-MAX-LOW-21D,F-NET03,member_0033,cand_0019,120,False,48
N09,N07,-0.0095281917931452,0.0095281917931452,NONHT-MAX-LOW-21D,HT13-GROWTH-OCF,member_0033,member_0030,120,False,49
N10,N27,0.7241167467114273,0.7241167467114273,HT13-QUALITY-ROE,paper-derived-roe,member_0035,member_0044,120,False,1
N10,N05,0.7066629310762883,0.7066629310762883,HT13-QUALITY-ROE,HT13-VALUE-EP,member_0035,member_0028,120,False,2
N10,N04,-0.4501723967769513,0.4501723967769513,HT13-QUALITY-ROE,NEW-HIST-ROE-6Q,member_0035,member_0027,120,False,3
N10,N02,0.4230799823975276,0.4230799823975276,HT13-QUALITY-ROE,HT13-GROWTH-NP,member_0035,member_0026,120,False,4
N10,N11,0.422925343961894,0.422925343961894,REPORT-ROIC-TTM-10D-20260910,HT13-QUALITY-CASH-DEBT,member_0036,member_0037,120,False,5
N10,B10,0.3909771265510049,0.3909771265510049,HT13-QUALITY-ROE,paper-derived-asset-growth,member_0035,member_0014,120,False,6
N10,B01,0.3762538429773255,0.3762538429773255,HT13-QUALITY-ROE,SIZE-ONLY-20260911,member_0035,member_0001,120,False,7
N10,U01,-0.3425136321615613,0.3425136321615613,HT13-QUALITY-ROE,GP-0011,member_0035,cand_0096,120,False,8
N10,N29,-0.3031641228128306,0.3031641228128306,HT13-QUALITY-ROE,REPORT-HIST-NETMARGIN-6Q-10D-20260910,member_0035,member_0045,120,False,9
N10,B06,-0.2851060000827811,0.2851060000827811,HT13-QUALITY-ROE,F-NET01-PLAT-20260914,member_0035,member_0011,120,False,10
N10,U02,-0.2675561866783086,0.2675561866783086,HT13-QUALITY-ROE,GP-0008,member_0035,cand_0093,120,False,11
N10,N31,-0.2573600869967806,0.2573600869967806,HT13-QUALITY-ROE,HT13-NEW-HIST-GPM-6Q,member_0035,member_0047,120,False,12
N10,S04,-0.2414486791286958,0.2414486791286958,HT13-QUALITY-ROE,comp-amihud20-vs500,member_0035,member_0056,120,False,13
N10,U06,0.2188223103732652,0.2188223103732652,REPORT-ROIC-TTM-10D-20260910,GP-0004,member_0036,cand_0089,2,False,14
N10,U08,0.2187545799418199,0.2187545799418199,REPORT-ROIC-TTM-10D-20260910,GP-0015,member_0036,cand_0100,120,False,15
N10,U07,-0.2184928454567535,0.2184928454567535,HT13-QUALITY-ROE,GP-0013,member_0035,cand_0098,120,False,16
N10,U05,0.195651333741606,0.195651333741606,REPORT-ROIC-TTM-10D-20260910,F-NET03,member_0036,cand_0019,120,False,17
N10,B05,-0.178047147234807,0.178047147234807,HT13-QUALITY-ROE,NONHT-CHIP-COST-250,member_0035,member_0009,120,False,18
N10,N08,-0.1671846230338969,0.1671846230338969,HT13-QUALITY-ROE,HT13-TURN-STD-1M,member_0035,member_0031,120,False,19
N10,S01,-0.1643588707420137,0.1643588707420137,HT13-QUALITY-ROE,VV6-756,member_0035,member_0049,120,False,20
N10,U09,0.1588701272350315,0.1588701272350315,HT13-QUALITY-ROE,bhv_mom250_20,member_0035,cand_0032,120,False,21
N10,SEP-isolated,0.1528093984655248,0.1528093984655248,REPORT-ROIC-TTM-10D-20260910,V6-V01,member_0036,member_0059,120,False,22
N10,S02,-0.1438210584208981,0.1438210584208981,HT13-QUALITY-ROE,comp-amt60-vs500-retrev20,member_0035,member_0055,120,False,23
N10,N30,-0.1279017636519896,0.1279017636519896,REPORT-ROIC-TTM-10D-20260910,REPORT-HIST-ASSETTURN-6Q-10D-20260910,member_0036,member_0046,120,False,24
N10,N23,0.1206366778509706,0.1206366778509706,HT13-QUALITY-ROE,OSR2-MODERATE-DD60,member_0035,member_0043,120,False,25
N10,N12,-0.1199884857808718,0.1199884857808718,REPORT-ROIC-TTM-10D-20260910,HT13-HIST-EP-2Q,member_0036,member_0038,120,False,26
N10,U14,0.112860043270459,0.112860043270459,HT13-QUALITY-ROE,ct_pvcorr30,member_0035,cand_0060,120,False,27
N10,N06,0.1104560940741184,0.1104560940741184,REPORT-ROIC-TTM-10D-20260910,HT13-VALUE-OCFP-LOW-PCF,member_0036,member_0029,120,False,28
N10,N07,0.1084296515702362,0.1084296515702362,REPORT-ROIC-TTM-10D-20260910,HT13-GROWTH-OCF,member_0036,member_0030,120,False,29
N10,B08,-0.1071195197140731,0.1071195197140731,REPORT-ROIC-TTM-10D-20260910,HT13-VALUE-BP,member_0036,member_0012,120,False,30
N10,U13,0.0877894619726803,0.0877894619726803,REPORT-ROIC-TTM-10D-20260910,ct_obv,member_0036,cand_0061,120,False,31
N10,B12,0.0812498738804719,0.0812498738804719,HT13-QUALITY-ROE,HT13-VALUE-SP,member_0035,member_0015,120,False,32
N10,N32,-0.0801254621204598,0.0801254621204598,REPORT-ROIC-TTM-10D-20260910,HT13-NEW-ALPHA40,member_0036,member_0048,120,False,33
N10,S05,-0.0742646411345451,0.0742646411345451,REPORT-ROIC-TTM-10D-20260910,V7-V01,member_0036,member_0060,120,False,34
N10,U04,0.0544190178461956,0.0544190178461956,HT13-QUALITY-ROE,BHV-LIMITUP20-20261003,member_0035,cand_0003,120,False,35
N10,B04,-0.0500499374692358,0.0500499374692358,HT13-QUALITY-ROE,OSR2-DD120,member_0035,member_0007,120,False,36
N10,N09,-0.0420248022241421,0.0420248022241421,REPORT-ROIC-TTM-10D-20260910,NONHT-MAX-LOW-21D,member_0036,member_0033,120,False,37
N10,N20,0.0350258159703959,0.0350258159703959,REPORT-ROIC-TTM-10D-20260910,OSR-DD20-20D,member_0036,member_0042,120,False,38
N10,B03,-0.0342103392601757,0.0342103392601757,HT13-QUALITY-ROE,OSR2-RET40,member_0035,member_0006,120,False,39
N10,N01,-0.0307422278656821,0.0307422278656821,HT13-QUALITY-ROE,F-A18,member_0035,member_0016,120,False,40
N10,U11,0.0307018576771866,0.0307018576771866,HT13-QUALITY-ROE,ct_amp10,member_0035,cand_0050,120,False,41
N10,U12,-0.0240434006672839,0.0240434006672839,HT13-QUALITY-ROE,ct_ar,member_0035,cand_0055,120,False,42
N10,N14,-0.0235026133871966,0.0235026133871966,REPORT-ROIC-TTM-10D-20260910,HT13-ALPHA44,member_0036,member_0039,120,False,43
N10,U10,-0.0178479926517145,0.0178479926517145,HT13-QUALITY-ROE,bhv_on20,member_0035,cand_0033,120,False,44
N10,B09,-0.0134298091163546,0.0134298091163546,HT13-QUALITY-ROE,OSR2-DD60,member_0035,member_0013,120,False,45
N10,N16,-0.0132955950655966,0.0132955950655966,REPORT-ROIC-TTM-10D-20260910,NONHT-SKEW-LOW-60D,member_0036,member_0040,120,False,46
N10,B02,-0.0114897179257853,0.0114897179257853,REPORT-ROIC-TTM-10D-20260910,HT13-TURN-BIAS-1M,member_0036,member_0004,120,False,47
N10,U03,0.0076383555471055,0.0076383555471055,REPORT-ROIC-TTM-10D-20260910,bhv_on_minus_id,member_0036,cand_0034,120,False,48
N10,N19,-0.0043878066133188,0.0043878066133188,HT13-QUALITY-ROE,OSR-RET5-20D,member_0035,member_0041,120,False,49
N11,U05,0.6061140418063026,0.6061140418063026,HT13-QUALITY-CASH-DEBT,F-NET03,member_0037,cand_0019,120,False,1
N11,N07,0.5040804940714243,0.5040804940714243,HT13-QUALITY-CASH-DEBT,HT13-GROWTH-OCF,member_0037,member_0030,120,False,2
N11,N10,0.422925343961894,0.422925343961894,HT13-QUALITY-CASH-DEBT,REPORT-ROIC-TTM-10D-20260910,member_0037,member_0036,120,False,3
N11,N27,0.2797915786926457,0.2797915786926457,HT13-QUALITY-CASH-DEBT,paper-derived-roe,member_0037,member_0044,120,False,4
N11,N05,0.2708882724151644,0.2708882724151644,HT13-QUALITY-CASH-DEBT,HT13-VALUE-EP,member_0037,member_0028,120,False,5
N11,N06,0.174765254301025,0.174765254301025,HT13-QUALITY-CASH-DEBT,HT13-VALUE-OCFP-LOW-PCF,member_0037,member_0029,120,False,6
N11,N04,-0.1654168703731843,0.1654168703731843,HT13-QUALITY-CASH-DEBT,NEW-HIST-ROE-6Q,member_0037,member_0027,120,False,7
N11,N02,0.156535135151904,0.156535135151904,HT13-QUALITY-CASH-DEBT,HT13-GROWTH-NP,member_0037,member_0026,120,False,8
N11,U02,-0.1483602128611725,0.1483602128611725,HT13-QUALITY-CASH-DEBT,GP-0010,member_0037,cand_0095,120,False,9
N11,B01,0.1448681859428274,0.1448681859428274,HT13-QUALITY-CASH-DEBT,SIZE-ONLY-20260911,member_0037,member_0001,120,False,10
N11,N29,-0.1185145641150659,0.1185145641150659,HT13-QUALITY-CASH-DEBT,REPORT-HIST-NETMARGIN-6Q-10D-20260910,member_0037,member_0045,120,False,11
N11,U01,-0.1124845337726173,0.1124845337726173,HT13-QUALITY-CASH-DEBT,GP-0011,member_0037,cand_0096,120,False,12
N11,N31,-0.1062594461431495,0.1062594461431495,HT13-QUALITY-CASH-DEBT,HT13-NEW-HIST-GPM-6Q,member_0037,member_0047,120,False,13
N11,N08,-0.1060309286116826,0.1060309286116826,HT13-QUALITY-CASH-DEBT,HT13-TURN-STD-1M,member_0037,member_0031,120,False,14
N11,U06,0.0863612447273542,0.0863612447273542,HT13-QUALITY-CASH-DEBT,GP-0004,member_0037,cand_0089,2,False,15
N11,U08,0.0820828756401635,0.0820828756401635,HT13-QUALITY-CASH-DEBT,GP-0015,member_0037,cand_0100,120,False,16
N11,S04,-0.0777217564732854,0.0777217564732854,HT13-QUALITY-CASH-DEBT,comp-amihud20-vs500,member_0037,member_0056,120,False,17
N11,B05,-0.0776911498879693,0.0776911498879693,HT13-QUALITY-CASH-DEBT,NONHT-CHIP-COST-250,member_0037,member_0009,120,False,18
N11,S02,0.0761041417507043,0.0761041417507043,HT13-QUALITY-CASH-DEBT,LAMD20-K5V2,member_0037,member_0053,120,False,19
N11,B10,0.0735537175444858,0.0735537175444858,HT13-QUALITY-CASH-DEBT,paper-derived-asset-growth,member_0037,member_0014,120,False,20
N11,B06,-0.0729630581368569,0.0729630581368569,HT13-QUALITY-CASH-DEBT,F-NET01-PLAT-20260914,member_0037,member_0011,120,False,21
N11,N23,0.066678118246809,0.066678118246809,HT13-QUALITY-CASH-DEBT,OSR2-MODERATE-DD60,member_0037,member_0043,120,False,22
N11,U14,0.0629419939294877,0.0629419939294877,HT13-QUALITY-CASH-DEBT,ct_pvcorr30,member_0037,cand_0060,120,False,23
N11,S01,-0.0610024461503457,0.0610024461503457,HT13-QUALITY-CASH-DEBT,VV6-756,member_0037,member_0049,120,False,24
N11,U09,0.0609587396882624,0.0609587396882624,HT13-QUALITY-CASH-DEBT,bhv_mom250_20,member_0037,cand_0032,120,False,25
N11,N30,-0.0566208471944474,0.0566208471944474,HT13-QUALITY-CASH-DEBT,REPORT-HIST-ASSETTURN-6Q-10D-20260910,member_0037,member_0046,120,False,26
N11,U11,0.0484911625731707,0.0484911625731707,HT13-QUALITY-CASH-DEBT,ct_amp10,member_0037,cand_0050,120,False,27
N11,U07,-0.047088379664528,0.047088379664528,HT13-QUALITY-CASH-DEBT,GP-0013,member_0037,cand_0098,120,False,28
N11,B04,-0.0470589813670151,0.0470589813670151,HT13-QUALITY-CASH-DEBT,OSR2-DD120,member_0037,member_0007,120,False,29
N11,N09,-0.0371489231233775,0.0371489231233775,HT13-QUALITY-CASH-DEBT,HT13-VOL-STD-1M,member_0037,member_0032,120,False,30
N11,U04,0.0355050479376617,0.0355050479376617,HT13-QUALITY-CASH-DEBT,BHV-LIMITUP20-20261003,member_0037,cand_0003,120,False,31
N11,B09,-0.03273750862645,0.03273750862645,HT13-QUALITY-CASH-DEBT,OSR2-DD60,member_0037,member_0013,120,False,32
N11,U13,0.032318123484329,0.032318123484329,HT13-QUALITY-CASH-DEBT,ct_obv,member_0037,cand_0061,120,False,33
N11,N01,-0.0240774918183575,0.0240774918183575,HT13-QUALITY-CASH-DEBT,F-A18,member_0037,member_0016,120,False,34
N11,B03,-0.0231153908958911,0.0231153908958911,HT13-QUALITY-CASH-DEBT,OSR2-RET40,member_0037,member_0006,120,False,35
N11,B12,-0.0230810478965237,0.0230810478965237,HT13-QUALITY-CASH-DEBT,HT13-VALUE-SP,member_0037,member_0015,120,False,36
N11,N12,-0.023069387899875,0.023069387899875,HT13-QUALITY-CASH-DEBT,HT13-HIST-EP-2Q,member_0037,member_0038,120,False,37
N11,S05,-0.021295776699497,0.021295776699497,HT13-QUALITY-CASH-DEBT,V7-V01,member_0037,member_0060,120,False,38
N11,N20,-0.0143987774593818,0.0143987774593818,HT13-QUALITY-CASH-DEBT,OSR-DD20-20D,member_0037,member_0042,120,False,39
N11,U12,-0.0135166157451523,0.0135166157451523,HT13-QUALITY-CASH-DEBT,ct_ar,member_0037,cand_0055,120,False,40
N11,N19,-0.0113347212201275,0.0113347212201275,HT13-QUALITY-CASH-DEBT,OSR-RET5-20D,member_0037,member_0041,120,False,41
N11,SEP-isolated,0.0105767804349327,0.0105767804349327,HT13-QUALITY-CASH-DEBT,V6-V01,member_0037,member_0059,120,False,42
N11,N32,-0.0080017784673036,0.0080017784673036,HT13-QUALITY-CASH-DEBT,HT13-NEW-ALPHA40,member_0037,member_0048,120,False,43
N11,U10,-0.0071336853246877,0.0071336853246877,HT13-QUALITY-CASH-DEBT,bhv_on20,member_0037,cand_0033,120,False,44
N11,U03,-0.0052360555747134,0.0052360555747134,HT13-QUALITY-CASH-DEBT,AGP04W,member_0037,cand_0026,120,False,45
N11,B08,0.0032988496812048,0.0032988496812048,HT13-QUALITY-CASH-DEBT,HT13-VALUE-BP,member_0037,member_0012,120,False,46
N11,B02,-0.0026715819264778,0.0026715819264778,HT13-QUALITY-CASH-DEBT,HT13-TURN-BIAS-1M,member_0037,member_0004,120,False,47
N11,N16,0.0022608363368825,0.0022608363368825,HT13-QUALITY-CASH-DEBT,NONHT-SKEW-LOW-60D,member_0037,member_0040,120,False,48
N11,N14,-0.0009254512953282,0.0009254512953282,HT13-QUALITY-CASH-DEBT,HT13-ALPHA44,member_0037,member_0039,120,False,49
N12,S05,0.3819256516249726,0.3819256516249726,HT13-HIST-EP-2Q,V4R01,member_0038,member_0057,120,False,1
N12,N02,-0.315606977303805,0.315606977303805,HT13-HIST-EP-2Q,HT13-GROWTH-NP,member_0038,member_0026,120,False,2
N12,N29,0.3049122889642736,0.3049122889642736,HT13-HIST-EP-2Q,REPORT-HIST-NETMARGIN-6Q-10D-20260910,member_0038,member_0045,120,False,3
N12,N04,0.2882124954778631,0.2882124954778631,HT13-HIST-EP-2Q,NEW-HIST-ROE-6Q,member_0038,member_0027,120,False,4
N12,N09,-0.2656494069749208,0.2656494069749208,HT13-HIST-EP-2Q,NONHT-MAX-LOW-21D,member_0038,member_0033,120,False,5
N12,N31,0.2561169698642832,0.2561169698642832,HT13-HIST-EP-2Q,HT13-NEW-HIST-GPM-6Q,member_0038,member_0047,120,False,6
N12,U13,-0.2380787285726327,0.2380787285726327,HT13-HIST-EP-2Q,ct_obv,member_0038,cand_0061,120,False,7
N12,U12,-0.2350602510978073,0.2350602510978073,HT13-HIST-EP-2Q,ct_ar,member_0038,cand_0055,120,False,8
N12,N01,-0.2137125502985671,0.2137125502985671,HT13-HIST-EP-2Q,F-A18,member_0038,member_0016,120,False,9
N12,B03,-0.1989774648696876,0.1989774648696876,HT13-HIST-EP-2Q,OSR2-RET40,member_0038,member_0006,120,False,10
N12,S01,-0.1877870720142395,0.1877870720142395,HT13-HIST-EP-2Q,VV6-756,member_0038,member_0049,120,False,11
N12,U11,-0.1877775278988223,0.1877775278988223,HT13-HIST-EP-2Q,ct_amp10,member_0038,cand_0050,120,False,12
N12,N32,-0.1846365933842723,0.1846365933842723,HT13-HIST-EP-2Q,HT13-NEW-ALPHA40,member_0038,member_0048,120,False,13
N12,U03,-0.1683908682103054,0.1683908682103054,HT13-HIST-EP-2Q,AGP04W,member_0038,cand_0026,120,False,14
N12,N05,-0.1589500874884538,0.1589500874884538,HT13-HIST-EP-2Q,HT13-VALUE-EP,member_0038,member_0028,120,False,15
N12,N14,-0.1575941309772664,0.1575941309772664,HT13-HIST-EP-2Q,HT13-ALPHA44,member_0038,member_0039,120,False,16
N12,S02,-0.1566234505068953,0.1566234505068953,HT13-HIST-EP-2Q,LAMD0-K8V2,member_0038,member_0052,120,False,17
N12,U04,-0.1459583891367097,0.1459583891367097,HT13-HIST-EP-2Q,BHV-LIMITUP20-20261003,member_0038,cand_0003,120,False,18
N12,U02,-0.1345428311416281,0.1345428311416281,HT13-HIST-EP-2Q,GP-0005,member_0038,cand_0090,120,False,19
N12,N30,0.1308359733188306,0.1308359733188306,HT13-HIST-EP-2Q,REPORT-HIST-ASSETTURN-6Q-10D-20260910,member_0038,member_0046,120,False,20
N12,N19,-0.1289528808879916,0.1289528808879916,HT13-HIST-EP-2Q,OSR-RET5-20D,member_0038,member_0041,120,False,21
N12,B05,0.1248299779341073,0.1248299779341073,HT13-HIST-EP-2Q,HT13-MOMENTUM-120D-D0,member_0038,member_0008,120,False,22
N12,U06,0.1235198669967866,0.1235198669967866,HT13-HIST-EP-2Q,GP-0004,member_0038,cand_0089,2,False,23
N12,N10,-0.1199884857808718,0.1199884857808718,HT13-HIST-EP-2Q,REPORT-ROIC-TTM-10D-20260910,member_0038,member_0036,120,False,24
N12,U14,-0.1153985934265842,0.1153985934265842,HT13-HIST-EP-2Q,ct_pvcorr30,member_0038,cand_0060,120,False,25
N12,B02,0.0937424368514226,0.0937424368514226,HT13-HIST-EP-2Q,HT13-TURN-BIAS-1M,member_0038,member_0004,120,False,26
N12,B01,0.0894851539825846,0.0894851539825846,HT13-HIST-EP-2Q,VERIFY-G260910-13,member_0038,member_0002,120,False,27
N12,N08,0.0868430901230859,0.0868430901230859,HT13-HIST-EP-2Q,HT13-TURN-STD-1M,member_0038,member_0031,120,False,28
N12,U01,-0.0837408869914461,0.0837408869914461,HT13-HIST-EP-2Q,GP-0019,member_0038,cand_0104,120,False,29
N12,N16,-0.0702530287223604,0.0702530287223604,HT13-HIST-EP-2Q,NONHT-SKEW-LOW-60D,member_0038,member_0040,120,False,30
N12,N23,0.0692702023516973,0.0692702023516973,HT13-HIST-EP-2Q,OSR2-MODERATE-DD60,member_0038,member_0043,120,False,31
N12,S04,-0.0667784137288062,0.0667784137288062,HT13-HIST-EP-2Q,comp-pvcorr20-amihud20-vs500,member_0038,member_0054,120,False,32
N12,B06,0.059550168670367,0.059550168670367,HT13-HIST-EP-2Q,F-NET01-PLAT-20260914,member_0038,member_0011,120,False,33
N12,B08,0.0539182944327077,0.0539182944327077,HT13-HIST-EP-2Q,HT13-VALUE-BP,member_0038,member_0012,120,False,34
N12,N27,-0.0395760610773123,0.0395760610773123,HT13-HIST-EP-2Q,paper-derived-roe,member_0038,member_0044,120,False,35
N12,U07,0.0394199707623266,0.0394199707623266,HT13-HIST-EP-2Q,GP-0013,member_0038,cand_0098,120,False,36
N12,N07,-0.0376325622100957,0.0376325622100957,HT13-HIST-EP-2Q,HT13-GROWTH-OCF,member_0038,member_0030,120,False,37
N12,SEP-isolated,-0.032255331560171,0.032255331560171,HT13-HIST-EP-2Q,V6-V01,member_0038,member_0059,120,False,38
N12,B10,-0.0318967629111362,0.0318967629111362,HT13-HIST-EP-2Q,paper-derived-asset-growth,member_0038,member_0014,120,False,39
N12,N20,0.0259993819426256,0.0259993819426256,HT13-HIST-EP-2Q,OSR-DD20-20D,member_0038,member_0042,120,False,40
N12,B04,-0.0232071387217037,0.0232071387217037,HT13-HIST-EP-2Q,OSR2-DD120,member_0038,member_0007,120,False,41
N12,N11,-0.023069387899875,0.023069387899875,HT13-HIST-EP-2Q,HT13-QUALITY-CASH-DEBT,member_0038,member_0037,120,False,42
N12,U09,-0.022119811208547,0.022119811208547,HT13-HIST-EP-2Q,bhv_mom250_20,member_0038,cand_0032,120,False,43
N12,B09,-0.0128102090737321,0.0128102090737321,HT13-HIST-EP-2Q,OSR2-DD60,member_0038,member_0013,120,False,44
N12,B12,0.0124146243136952,0.0124146243136952,HT13-HIST-EP-2Q,HT13-VALUE-SP,member_0038,member_0015,120,False,45
N12,U08,0.0073141334577695,0.0073141334577695,HT13-HIST-EP-2Q,GP-0015,member_0038,cand_0100,120,False,46
N12,N06,-0.0067483662259611,0.0067483662259611,HT13-HIST-EP-2Q,HT13-VALUE-OCFP-LOW-PCF,member_0038,member_0029,120,False,47
N12,U05,-0.0064398871279001,0.0064398871279001,HT13-HIST-EP-2Q,F-NET03,member_0038,cand_0019,120,False,48
N12,U10,-0.0039467861012095,0.0039467861012095,HT13-HIST-EP-2Q,bhv_on20,member_0038,cand_0033,120,False,49
N14,N32,0.4407011476006025,0.4407011476006025,HT13-ALPHA44,HT13-NEW-ALPHA40,member_0039,member_0048,120,False,1
N14,S01,0.3368890298347136,0.3368890298347136,HT13-ALPHA44,VV6-756,member_0039,member_0049,120,False,2
N14,S04,0.3186043394943187,0.3186043394943187,HT13-ALPHA44,comp-pvcorr20-amihud20-vs500,member_0039,member_0054,120,False,3
N14,S02,0.3178067658678122,0.3178067658678122,HT13-ALPHA44,LAMD0-K8V2,member_0039,member_0052,120,False,4
N14,N09,0.2667194239606066,0.2667194239606066,HT13-ALPHA44,NONHT-MAX-LOW-21D,member_0039,member_0033,120,False,5
N14,N08,-0.2280395717220966,0.2280395717220966,HT13-ALPHA44,HT13-TURN-STD-1M,member_0039,member_0031,120,False,6
N14,U14,0.2211671234016282,0.2211671234016282,HT13-ALPHA44,ct_pvcorr30,member_0039,cand_0060,120,False,7
N14,U12,0.2173254911388965,0.2173254911388965,HT13-ALPHA44,ct_ar,member_0039,cand_0055,120,False,8
N14,N01,0.2112886872834727,0.2112886872834727,HT13-ALPHA44,OSR-MA20-20D,member_0039,member_0020,120,False,9
N14,U11,0.1984260398057168,0.1984260398057168,HT13-ALPHA44,ct_amp10,member_0039,cand_0050,120,False,10
N14,U03,0.1773365072898004,0.1773365072898004,HT13-ALPHA44,AGP04W,member_0039,cand_0026,120,False,11
N14,U04,0.1763518586711502,0.1763518586711502,HT13-ALPHA44,BHV-LIMITUP20-20261003,member_0039,cand_0003,120,False,12
N14,S05,-0.1679521362896188,0.1679521362896188,HT13-ALPHA44,V4R01,member_0039,member_0057,120,False,13
N14,N12,-0.1575941309772664,0.1575941309772664,HT13-ALPHA44,HT13-HIST-EP-2Q,member_0039,member_0038,120,False,14
N14,N19,0.1572736319173952,0.1572736319173952,HT13-ALPHA44,OSR-RET5-20D,member_0039,member_0041,120,False,15
N14,B03,0.1560381512740948,0.1560381512740948,HT13-ALPHA44,OSR2-RET40,member_0039,member_0006,120,False,16
N14,B02,-0.1340044488711995,0.1340044488711995,HT13-ALPHA44,HT13-TURN-BIAS-1M,member_0039,member_0004,120,False,17
N14,B05,0.1183630397552301,0.1183630397552301,HT13-ALPHA44,NONHT-CHIP-COST-250,member_0039,member_0009,120,False,18
N14,N16,0.1080517621462347,0.1080517621462347,HT13-ALPHA44,NONHT-SKEW-LOW-60D,member_0039,member_0040,120,False,19
N14,SEP-isolated,-0.0963195409624333,0.0963195409624333,HT13-ALPHA44,V6-V01,member_0039,member_0059,120,False,20
N14,B01,-0.0910972431848944,0.0910972431848944,HT13-ALPHA44,V5-V01,member_0039,member_0058,120,False,21
N14,U06,0.0789746283450126,0.0789746283450126,HT13-ALPHA44,GP-0004,member_0039,cand_0089,2,False,22
N14,U08,-0.0648056327240859,0.0648056327240859,HT13-ALPHA44,GP-0015,member_0039,cand_0100,120,False,23
N14,U01,0.0641654719762609,0.0641654719762609,HT13-ALPHA44,GP-0014,member_0039,cand_0099,120,False,24
N14,U13,0.0620047814144052,0.0620047814144052,HT13-ALPHA44,ct_obv,member_0039,cand_0061,120,False,25
N14,N23,-0.0549830988674495,0.0549830988674495,HT13-ALPHA44,OSR2-MODERATE-DD60,member_0039,member_0043,120,False,26
N14,N05,0.0542189669065727,0.0542189669065727,HT13-ALPHA44,HT13-VALUE-EP,member_0039,member_0028,120,False,27
N14,U09,-0.0487359330899372,0.0487359330899372,HT13-ALPHA44,bhv_mom250_20,member_0039,cand_0032,120,False,28
N14,B08,0.0476006474504364,0.0476006474504364,HT13-ALPHA44,HT13-VALUE-BP,member_0039,member_0012,120,False,29
N14,B06,0.0454871521681981,0.0454871521681981,HT13-ALPHA44,F-NET01-PLAT-20260914,member_0039,member_0011,120,False,30
N14,U02,-0.0434414260797592,0.0434414260797592,HT13-ALPHA44,GP-0006,member_0039,cand_0091,120,False,31
N14,B10,-0.0343932129282306,0.0343932129282306,HT13-ALPHA44,paper-derived-asset-growth,member_0039,member_0014,120,False,32
N14,B12,0.0296304766710878,0.0296304766710878,HT13-ALPHA44,HT13-VALUE-SP,member_0039,member_0015,120,False,33
N14,U10,-0.0251950360475446,0.0251950360475446,HT13-ALPHA44,bhv_on20,member_0039,cand_0033,120,False,34
N14,N20,0.0245431464702016,0.0245431464702016,HT13-ALPHA44,OSR-DD20-20D,member_0039,member_0042,120,False,35
N14,U07,-0.0242385379708086,0.0242385379708086,HT13-ALPHA44,GP-0013,member_0039,cand_0098,120,False,36
N14,N10,-0.0235026133871966,0.0235026133871966,HT13-ALPHA44,REPORT-ROIC-TTM-10D-20260910,member_0039,member_0036,120,False,37
N14,N27,-0.0198129034160859,0.0198129034160859,HT13-ALPHA44,paper-derived-roe,member_0039,member_0044,120,False,38
N14,U05,-0.0137728068735913,0.0137728068735913,HT13-ALPHA44,F-NET03,member_0039,cand_0019,120,False,39
N14,N06,-0.0126380065565484,0.0126380065565484,HT13-ALPHA44,HT13-VALUE-OCFP-LOW-PCF,member_0039,member_0029,120,False,40
N14,B09,0.0122860906182072,0.0122860906182072,HT13-ALPHA44,OSR2-DD60,member_0039,member_0013,120,False,41
N14,N31,-0.0096164551704487,0.0096164551704487,HT13-ALPHA44,HT13-NEW-HIST-GPM-6Q,member_0039,member_0047,120,False,42
N14,N04,0.0094275297254104,0.0094275297254104,HT13-ALPHA44,NEW-HIST-ROE-6Q,member_0039,member_0027,120,False,43
N14,N29,0.004624313054988,0.004624313054988,HT13-ALPHA44,REPORT-HIST-NETMARGIN-6Q-10D-20260910,member_0039,member_0045,120,False,44
N14,N30,0.0039930307955449,0.0039930307955449,HT13-ALPHA44,REPORT-HIST-ASSETTURN-6Q-10D-20260910,member_0039,member_0046,120,False,45
N14,N02,-0.0033518259406798,0.0033518259406798,HT13-ALPHA44,HT13-GROWTH-NP,member_0039,member_0026,120,False,46
N14,N07,0.0012528725671969,0.0012528725671969,HT13-ALPHA44,HT13-GROWTH-OCF,member_0039,member_0030,120,False,47
N14,N11,-0.0009254512953282,0.0009254512953282,HT13-ALPHA44,HT13-QUALITY-CASH-DEBT,member_0039,member_0037,120,False,48
N14,B04,0.000605096211611,0.000605096211611,HT13-ALPHA44,OSR2-DD120,member_0039,member_0007,120,False,49
N16,N09,0.3697790627993901,0.3697790627993901,NONHT-SKEW-LOW-60D,NONHT-MAX-LOW-21D,member_0040,member_0033,120,False,1
N16,U04,0.3082628605863468,0.3082628605863468,NONHT-SKEW-LOW-60D,BHV-LIMITUP20-20261003,member_0040,cand_0003,120,False,2
N16,S02,0.2997154179954172,0.2997154179954172,NONHT-SKEW-LOW-60D,LAMD0-K8V2,member_0040,member_0052,120,False,3
N16,U14,0.2697975422555129,0.2697975422555129,NONHT-SKEW-LOW-60D,ct_pvcorr30,member_0040,cand_0060,120,False,4
N16,S04,0.255304836211552,0.255304836211552,NONHT-SKEW-LOW-60D,comp-pvcorr20-amihud20-vs500,member_0040,member_0054,120,False,5
N16,B02,-0.2340176173679528,0.2340176173679528,NONHT-SKEW-LOW-60D,HT13-TURN-BIAS-1M,member_0040,member_0004,120,False,6
N16,B03,0.228157692272174,0.228157692272174,NONHT-SKEW-LOW-60D,OSR2-RET40,member_0040,member_0006,120,False,7
N16,N08,-0.2253702503842264,0.2253702503842264,NONHT-SKEW-LOW-60D,HT13-TURN-STD-1M,member_0040,member_0031,120,False,8
N16,B01,-0.2196466111278352,0.2196466111278352,NONHT-SKEW-LOW-60D,V5-V01,member_0040,member_0058,120,False,9
N16,B05,-0.2127652960113179,0.2127652960113179,NONHT-SKEW-LOW-60D,HT13-MOMENTUM-120D-D0,member_0040,member_0008,120,False,10
N16,SEP-isolated,-0.2062701424288472,0.2062701424288472,NONHT-SKEW-LOW-60D,V6-V01,member_0040,member_0059,120,False,11
N16,N32,0.2045836817160898,0.2045836817160898,NONHT-SKEW-LOW-60D,HT13-NEW-ALPHA40,member_0040,member_0048,120,False,12
N16,U11,0.2008318592493309,0.2008318592493309,NONHT-SKEW-LOW-60D,ct_amp10,member_0040,cand_0050,120,False,13
N16,S01,0.1986068847383131,0.1986068847383131,NONHT-SKEW-LOW-60D,VV6-756,member_0040,member_0049,120,False,14
N16,B06,0.1828325515682036,0.1828325515682036,NONHT-SKEW-LOW-60D,F-NET01-PLAT-20260914,member_0040,member_0011,120,False,15
N16,U12,0.1753669911980569,0.1753669911980569,NONHT-SKEW-LOW-60D,ct_ar,member_0040,cand_0055,120,False,16
N16,N01,0.1732753146235531,0.1732753146235531,NONHT-SKEW-LOW-60D,F-A18,member_0040,member_0016,120,False,17
N16,B08,0.1557466272569901,0.1557466272569901,NONHT-SKEW-LOW-60D,HT13-VALUE-BP,member_0040,member_0012,120,False,18
N16,U03,0.145106695575999,0.145106695575999,NONHT-SKEW-LOW-60D,AGP04W,member_0040,cand_0026,120,False,19
N16,B04,0.1321741477861615,0.1321741477861615,NONHT-SKEW-LOW-60D,OSR2-DD120,member_0040,member_0007,120,False,20
N16,S05,-0.1315795054244611,0.1315795054244611,NONHT-SKEW-LOW-60D,V7-V01,member_0040,member_0060,120,False,21
N16,U01,0.1272392676881468,0.1272392676881468,NONHT-SKEW-LOW-60D,F-NET01,member_0040,cand_0017,120,False,22
N16,N14,0.1080517621462347,0.1080517621462347,NONHT-SKEW-LOW-60D,HT13-ALPHA44,member_0040,member_0039,120,False,23
N16,B12,0.1017611329761225,0.1017611329761225,NONHT-SKEW-LOW-60D,HT13-VALUE-SP,member_0040,member_0015,120,False,24
N16,U06,-0.0836047938726833,0.0836047938726833,NONHT-SKEW-LOW-60D,GP-0004,member_0040,cand_0089,2,False,25
N16,N05,0.0740277958318654,0.0740277958318654,NONHT-SKEW-LOW-60D,HT13-VALUE-EP,member_0040,member_0028,120,False,26
N16,N12,-0.0702530287223604,0.0702530287223604,NONHT-SKEW-LOW-60D,HT13-HIST-EP-2Q,member_0040,member_0038,120,False,27
N16,U09,-0.0678073511047773,0.0678073511047773,NONHT-SKEW-LOW-60D,bhv_mom250_20,member_0040,cand_0032,120,False,28
N16,B09,0.0641498849225577,0.0641498849225577,NONHT-SKEW-LOW-60D,OSR2-DD60,member_0040,member_0013,120,False,29
N16,N20,-0.0506220356998482,0.0506220356998482,NONHT-SKEW-LOW-60D,OSR-DD20-20D,member_0040,member_0042,120,False,30
N16,N06,-0.0446223095693719,0.0446223095693719,NONHT-SKEW-LOW-60D,HT13-VALUE-OCFP-LOW-PCF,member_0040,member_0029,120,False,31
N16,U13,-0.0442853189220968,0.0442853189220968,NONHT-SKEW-LOW-60D,ct_obv,member_0040,cand_0061,120,False,32
N16,N19,0.0409134056886066,0.0409134056886066,NONHT-SKEW-LOW-60D,OSR-RET5-20D,member_0040,member_0041,120,False,33
N16,U07,0.0359147023111772,0.0359147023111772,NONHT-SKEW-LOW-60D,GP-0013,member_0040,cand_0098,120,False,34
N16,N29,0.0315046006605199,0.0315046006605199,NONHT-SKEW-LOW-60D,REPORT-HIST-NETMARGIN-6Q-10D-20260910,member_0040,member_0045,120,False,35
N16,N02,-0.0304004729123651,0.0304004729123651,NONHT-SKEW-LOW-60D,HT13-GROWTH-NP,member_0040,member_0026,120,False,36
N16,B10,-0.0242053956934896,0.0242053956934896,NONHT-SKEW-LOW-60D,paper-derived-asset-growth,member_0040,member_0014,120,False,37
N16,N04,0.0198409305727471,0.0198409305727471,NONHT-SKEW-LOW-60D,NEW-HIST-ROE-6Q,member_0040,member_0027,120,False,38
N16,N30,0.0186581595354186,0.0186581595354186,NONHT-SKEW-LOW-60D,REPORT-HIST-ASSETTURN-6Q-10D-20260910,member_0040,member_0046,120,False,39
N16,N23,-0.0173088591484698,0.0173088591484698,NONHT-SKEW-LOW-60D,OSR2-MODERATE-DD60,member_0040,member_0043,120,False,40
N16,U10,-0.0168408476256687,0.0168408476256687,NONHT-SKEW-LOW-60D,bhv_on20,member_0040,cand_0033,120,False,41
N16,U08,0.0161796713566097,0.0161796713566097,NONHT-SKEW-LOW-60D,GP-0015,member_0040,cand_0100,120,False,42
N16,U02,-0.0146522926847454,0.0146522926847454,NONHT-SKEW-LOW-60D,GP-0006,member_0040,cand_0091,120,False,43
N16,N10,-0.0132955950655966,0.0132955950655966,NONHT-SKEW-LOW-60D,REPORT-ROIC-TTM-10D-20260910,member_0040,member_0036,120,False,44
N16,N07,-0.0044992852985221,0.0044992852985221,NONHT-SKEW-LOW-60D,HT13-GROWTH-OCF,member_0040,member_0030,120,False,45
N16,N27,0.0031573217877127,0.0031573217877127,NONHT-SKEW-LOW-60D,paper-derived-roe,member_0040,member_0044,120,False,46
N16,N31,0.0030083418824068,0.0030083418824068,NONHT-SKEW-LOW-60D,HT13-NEW-HIST-GPM-6Q,member_0040,member_0047,120,False,47
N16,N11,0.0022608363368825,0.0022608363368825,NONHT-SKEW-LOW-60D,HT13-QUALITY-CASH-DEBT,member_0040,member_0037,120,False,48
N16,U05,0.0004906898691942,0.0004906898691942,NONHT-SKEW-LOW-60D,F-NET03,member_0040,cand_0019,120,False,49
N19,N01,0.6789744774879857,0.6789744774879857,OSR-RET5-20D,OSR-MA20-20D,member_0041,member_0020,120,False,1
N19,N20,0.5565332734505812,0.5565332734505812,OSR-RET5-20D,OSR-DD20-20D,member_0041,member_0042,120,False,2
N19,B09,0.3660583202266888,0.3660583202266888,OSR-RET5-20D,OSR2-DD60,member_0041,member_0013,120,False,3
N19,S02,0.3624166618077815,0.3624166618077815,OSR-RET5-20D,LAMD0-K8V2,member_0041,member_0052,120,False,4
N19,U03,0.2944333646970197,0.2944333646970197,OSR-RET5-20D,AGP04W,member_0041,cand_0026,120,False,5
N19,B04,0.2817341836465492,0.2817341836465492,OSR-RET5-20D,OSR2-DD120,member_0041,member_0007,120,False,6
N19,B03,0.2551441517758265,0.2551441517758265,OSR-RET5-20D,OSR2-RET40,member_0041,member_0006,120,False,7
N19,U12,0.227218196370483,0.227218196370483,OSR-RET5-20D,ct_ar,member_0041,cand_0055,120,False,8
N19,B05,0.2103093091446224,0.2103093091446224,OSR-RET5-20D,NONHT-CHIP-COST-250,member_0041,member_0009,120,False,9
N19,N14,0.1572736319173952,0.1572736319173952,OSR-RET5-20D,HT13-ALPHA44,member_0041,member_0039,120,False,10
N19,S01,0.1566111740194205,0.1566111740194205,OSR-RET5-20D,VV6-500,member_0041,member_0050,120,False,11
N19,U06,-0.1522880027577147,0.1522880027577147,OSR-RET5-20D,GP-0004,member_0041,cand_0089,2,False,12
N19,N12,-0.1289528808879916,0.1289528808879916,OSR-RET5-20D,HT13-HIST-EP-2Q,member_0041,member_0038,120,False,13
N19,N32,0.118755395610973,0.118755395610973,OSR-RET5-20D,HT13-NEW-ALPHA40,member_0041,member_0048,120,False,14
N19,S04,0.1166677665159217,0.1166677665159217,OSR-RET5-20D,comp-pvcorr20-amihud20-vs500,member_0041,member_0054,120,False,15
N19,U10,0.1058245571428799,0.1058245571428799,OSR-RET5-20D,bhv_on20,member_0041,cand_0033,120,False,16
N19,N09,0.0873324469882679,0.0873324469882679,OSR-RET5-20D,OSR-SCALED-RET5-20D,member_0041,member_0034,120,False,17
N19,U14,0.078115392745399,0.078115392745399,OSR-RET5-20D,ct_pvcorr30,member_0041,cand_0060,120,False,18
N19,U04,0.0656134752380123,0.0656134752380123,OSR-RET5-20D,BHV-LIMITUP20-20261003,member_0041,cand_0003,120,False,19
N19,SEP-isolated,0.0649765364435569,0.0649765364435569,OSR-RET5-20D,V6-V01,member_0041,member_0059,120,False,20
N19,B06,-0.0532587891122584,0.0532587891122584,OSR-RET5-20D,F-NET01-PLAT-20260914,member_0041,member_0011,120,False,21
N19,B01,0.0495002494384857,0.0495002494384857,OSR-RET5-20D,V5-V01,member_0041,member_0058,120,False,22
N19,N16,0.0409134056886066,0.0409134056886066,OSR-RET5-20D,NONHT-SKEW-LOW-60D,member_0041,member_0040,120,False,23
N19,U01,-0.0320173515237673,0.0320173515237673,OSR-RET5-20D,GP-0022,member_0041,cand_0107,120,False,24
N19,N23,-0.0268273079578284,0.0268273079578284,OSR-RET5-20D,OSR2-MODERATE-DD60,member_0041,member_0043,120,False,25
N19,S05,0.0245185985797992,0.0245185985797992,OSR-RET5-20D,V7-V01,member_0041,member_0060,120,False,26
N19,U11,0.0240536134438894,0.0240536134438894,OSR-RET5-20D,ct_amp10,member_0041,cand_0050,120,False,27
N19,N29,0.0231915466990206,0.0231915466990206,OSR-RET5-20D,REPORT-HIST-NETMARGIN-6Q-10D-20260910,member_0041,member_0045,120,False,28
N19,U09,0.0211417888969328,0.0211417888969328,OSR-RET5-20D,bhv_mom250_20,member_0041,cand_0032,120,False,29
N19,N02,-0.0176073986834005,0.0176073986834005,OSR-RET5-20D,HT13-GROWTH-NP,member_0041,member_0026,120,False,30
N19,N04,0.0166776578147433,0.0166776578147433,OSR-RET5-20D,NEW-HIST-ROE-6Q,member_0041,member_0027,120,False,31
N19,B10,0.0144344897243122,0.0144344897243122,OSR-RET5-20D,paper-derived-asset-growth,member_0041,member_0014,120,False,32
N19,N30,0.0127913625361909,0.0127913625361909,OSR-RET5-20D,REPORT-HIST-ASSETTURN-6Q-10D-20260910,member_0041,member_0046,120,False,33
N19,N31,0.0124044825353723,0.0124044825353723,OSR-RET5-20D,HT13-NEW-HIST-GPM-6Q,member_0041,member_0047,120,False,34
N19,U13,0.0122056659374794,0.0122056659374794,OSR-RET5-20D,ct_obv,member_0041,cand_0061,120,False,35
N19,N11,-0.0113347212201275,0.0113347212201275,OSR-RET5-20D,HT13-QUALITY-CASH-DEBT,member_0041,member_0037,120,False,36
N19,N27,0.0111810065290408,0.0111810065290408,OSR-RET5-20D,paper-derived-roe,member_0041,member_0044,120,False,37
N19,U07,-0.0108957951960778,0.0108957951960778,OSR-RET5-20D,GP-0013,member_0041,cand_0098,120,False,38
N19,N07,-0.009997552900557,0.009997552900557,OSR-RET5-20D,HT13-GROWTH-OCF,member_0041,member_0030,120,False,39
N19,B12,0.0094312585868708,0.0094312585868708,OSR-RET5-20D,HT13-VALUE-SP,member_0041,member_0015,120,False,40
N19,N08,-0.0092423813572126,0.0092423813572126,OSR-RET5-20D,HT13-TURN-STD-1M,member_0041,member_0031,120,False,41
N19,U08,-0.0087505119070264,0.0087505119070264,OSR-RET5-20D,GP-0015,member_0041,cand_0100,120,False,42
N19,N06,-0.0082659021459243,0.0082659021459243,OSR-RET5-20D,HT13-VALUE-OCFP-LOW-PCF,member_0041,member_0029,120,False,43
N19,B08,0.0076930955974563,0.0076930955974563,OSR-RET5-20D,HT13-VALUE-BP,member_0041,member_0012,120,False,44
N19,N10,-0.0043878066133188,0.0043878066133188,OSR-RET5-20D,HT13-QUALITY-ROE,member_0041,member_0035,120,False,45
N19,U05,-0.0038137591246415,0.0038137591246415,OSR-RET5-20D,F-NET03,member_0041,cand_0019,120,False,46
N19,U02,-0.0035988336552052,0.0035988336552052,OSR-RET5-20D,GP-0005,member_0041,cand_0090,120,False,47
N19,N05,0.0033980451080725,0.0033980451080725,OSR-RET5-20D,HT13-VALUE-EP,member_0041,member_0028,120,False,48
N19,B02,0.0004398422756515,0.0004398422756515,OSR-RET5-20D,HT13-TURN-BIAS-1M,member_0041,member_0004,120,False,49
N20,N01,0.7117141991788856,0.7117141991788856,OSR-DD20-20D,OSR-MA20-20D,member_0042,member_0020,120,False,1
N20,B09,0.6913507343527872,0.6913507343527872,OSR-DD20-20D,OSR2-DD60,member_0042,member_0013,120,False,2
N20,N19,0.5565332734505812,0.5565332734505812,OSR-DD20-20D,OSR-RET5-20D,member_0042,member_0041,120,False,3
N20,B04,0.5254307634174747,0.5254307634174747,OSR-DD20-20D,OSR2-DD120,member_0042,member_0007,120,False,4
N20,N09,0.4429818909131162,0.4429818909131162,OSR-DD20-20D,HT13-VOL-STD-1M,member_0042,member_0032,120,False,5
N20,U03,0.3783792869499442,0.3783792869499442,OSR-DD20-20D,AGP04W,member_0042,cand_0026,120,False,6
N20,SEP-isolated,0.3049001721729877,0.3049001721729877,OSR-DD20-20D,V6-V01,member_0042,member_0059,120,False,7
N20,U11,-0.2927940756866798,0.2927940756866798,OSR-DD20-20D,ct_amp10,member_0042,cand_0050,120,False,8
N20,N08,0.2745876485470335,0.2745876485470335,OSR-DD20-20D,HT13-TURN-STD-1M,member_0042,member_0031,120,False,9
N20,B03,0.2618237643302921,0.2618237643302921,OSR-DD20-20D,OSR2-RET40,member_0042,member_0006,120,False,10
N20,S05,0.231540233395706,0.231540233395706,OSR-DD20-20D,V4R01,member_0042,member_0057,120,False,11
N20,U01,-0.2257952454387654,0.2257952454387654,OSR-DD20-20D,F-NET02,member_0042,cand_0018,120,False,12
N20,B01,0.2251966984434075,0.2251966984434075,OSR-DD20-20D,V5-V01,member_0042,member_0058,120,False,13
N20,U12,0.2191913584624688,0.2191913584624688,OSR-DD20-20D,ct_ar,member_0042,cand_0055,120,False,14
N20,S02,0.2150612471208354,0.2150612471208354,OSR-DD20-20D,comp-amt60-vs500-retrev20,member_0042,member_0055,120,False,15
N20,B06,-0.2107922420016297,0.2107922420016297,OSR-DD20-20D,F-NET01-PLAT-20260914,member_0042,member_0011,120,False,16
N20,B02,0.1874366587591042,0.1874366587591042,OSR-DD20-20D,HT13-TURN-BIAS-1M,member_0042,member_0004,120,False,17
N20,U09,0.1707835128135113,0.1707835128135113,OSR-DD20-20D,bhv_mom250_20,member_0042,cand_0032,120,False,18
N20,U10,0.1634631717293037,0.1634631717293037,OSR-DD20-20D,bhv_on20,member_0042,cand_0033,120,False,19
N20,U04,-0.1541885872943212,0.1541885872943212,OSR-DD20-20D,BHV-LIMITUP20-20261003,member_0042,cand_0003,120,False,20
N20,B08,-0.1470653936036769,0.1470653936036769,OSR-DD20-20D,HT13-VALUE-BP,member_0042,member_0012,120,False,21
N20,B05,0.1440366282982128,0.1440366282982128,OSR-DD20-20D,NONHT-CHIP-COST-250,member_0042,member_0009,120,False,22
N20,N05,-0.126007043542754,0.126007043542754,OSR-DD20-20D,HT13-VALUE-EP,member_0042,member_0028,120,False,23
N20,N32,-0.112937728056494,0.112937728056494,OSR-DD20-20D,HT13-NEW-ALPHA40,member_0042,member_0048,120,False,24
N20,B10,0.1048336020142041,0.1048336020142041,OSR-DD20-20D,paper-derived-asset-growth,member_0042,member_0014,120,False,25
N20,B12,-0.0985643602057422,0.0985643602057422,OSR-DD20-20D,HT13-VALUE-SP,member_0042,member_0015,120,False,26
N20,U02,0.0892149001214369,0.0892149001214369,OSR-DD20-20D,GP-0006,member_0042,cand_0091,120,False,27
N20,S01,-0.0832135757713127,0.0832135757713127,OSR-DD20-20D,VV6-756,member_0042,member_0049,120,False,28
N20,U14,-0.0761247847664287,0.0761247847664287,OSR-DD20-20D,ct_pvcorr30,member_0042,cand_0060,120,False,29
N20,N23,-0.0679720270038537,0.0679720270038537,OSR-DD20-20D,OSR2-MODERATE-DD60,member_0042,member_0043,120,False,30
N20,U08,0.0648649378730419,0.0648649378730419,OSR-DD20-20D,GP-0015,member_0042,cand_0100,120,False,31
N20,N27,0.0605869959930069,0.0605869959930069,OSR-DD20-20D,paper-derived-roe,member_0042,member_0044,120,False,32
N20,N16,-0.0506220356998482,0.0506220356998482,OSR-DD20-20D,NONHT-SKEW-LOW-60D,member_0042,member_0040,120,False,33
N20,S04,-0.0412144507119062,0.0412144507119062,OSR-DD20-20D,comp-pvcorr20-amihud20-vs500,member_0042,member_0054,120,False,34
N20,N31,0.0373954417949173,0.0373954417949173,OSR-DD20-20D,HT13-NEW-HIST-GPM-6Q,member_0042,member_0047,120,False,35
N20,N06,0.0370945507188657,0.0370945507188657,OSR-DD20-20D,HT13-VALUE-OCFP-LOW-PCF,member_0042,member_0029,120,False,36
N20,N10,0.0350258159703959,0.0350258159703959,OSR-DD20-20D,REPORT-ROIC-TTM-10D-20260910,member_0042,member_0036,120,False,37
N20,N29,0.0278632173499644,0.0278632173499644,OSR-DD20-20D,REPORT-HIST-NETMARGIN-6Q-10D-20260910,member_0042,member_0045,120,False,38
N20,N12,0.0259993819426256,0.0259993819426256,OSR-DD20-20D,HT13-HIST-EP-2Q,member_0042,member_0038,120,False,39
N20,N14,0.0245431464702016,0.0245431464702016,OSR-DD20-20D,HT13-ALPHA44,member_0042,member_0039,120,False,40
N20,U13,0.0148992310631764,0.0148992310631764,OSR-DD20-20D,ct_obv,member_0042,cand_0061,120,False,41
N20,U05,0.0144892497652106,0.0144892497652106,OSR-DD20-20D,F-NET03,member_0042,cand_0019,120,False,42
N20,N11,-0.0143987774593818,0.0143987774593818,OSR-DD20-20D,HT13-QUALITY-CASH-DEBT,member_0042,member_0037,120,False,43
N20,N02,-0.0141750676602454,0.0141750676602454,OSR-DD20-20D,HT13-GROWTH-NP,member_0042,member_0026,120,False,44
N20,U07,0.0096579811462623,0.0096579811462623,OSR-DD20-20D,GP-0013,member_0042,cand_0098,120,False,45
N20,U06,-0.0079015010384093,0.0079015010384093,OSR-DD20-20D,GP-0004,member_0042,cand_0089,2,False,46
N20,N07,-0.0055444620375469,0.0055444620375469,OSR-DD20-20D,HT13-GROWTH-OCF,member_0042,member_0030,120,False,47
N20,N04,0.0036185743568952,0.0036185743568952,OSR-DD20-20D,NEW-HIST-ROE-6Q,member_0042,member_0027,120,False,48
N20,N30,-0.0008717290639078,0.0008717290639078,OSR-DD20-20D,REPORT-HIST-ASSETTURN-6Q-10D-20260910,member_0042,member_0046,120,False,49
N23,B09,-0.273524259241847,0.273524259241847,OSR2-MODERATE-DD60,OSR2-DD60,member_0043,member_0013,120,False,1
N23,N01,-0.266043211360081,0.266043211360081,OSR2-MODERATE-DD60,F-A18,member_0043,member_0016,120,False,2
N23,B03,-0.2646173589714208,0.2646173589714208,OSR2-MODERATE-DD60,OSR2-RET40,member_0043,member_0006,120,False,3
N23,B04,-0.2472216199996481,0.2472216199996481,OSR2-MODERATE-DD60,OSR2-DD120,member_0043,member_0007,120,False,4
N23,SEP-isolated,-0.170435830988147,0.170435830988147,OSR2-MODERATE-DD60,V6-V01,member_0043,member_0059,120,False,5
N23,U11,0.1411067898938066,0.1411067898938066,OSR2-MODERATE-DD60,ct_amp10,member_0043,cand_0050,120,False,6
N23,N08,-0.1367535408488734,0.1367535408488734,OSR2-MODERATE-DD60,HT13-TURN-STD-1M,member_0043,member_0031,120,False,7
N23,B05,-0.1320481992506469,0.1320481992506469,OSR2-MODERATE-DD60,NONHT-CHIP-COST-250,member_0043,member_0009,120,False,8
N23,U03,-0.1315026377619027,0.1315026377619027,OSR2-MODERATE-DD60,AGP04W,member_0043,cand_0026,120,False,9
N23,U02,-0.1271665819076609,0.1271665819076609,OSR2-MODERATE-DD60,GP-0010,member_0043,cand_0095,120,False,10
N23,U06,0.1268733034269064,0.1268733034269064,OSR2-MODERATE-DD60,GP-0004,member_0043,cand_0089,2,False,11
N23,N10,0.1206366778509706,0.1206366778509706,OSR2-MODERATE-DD60,HT13-QUALITY-ROE,member_0043,member_0035,120,False,12
N23,B01,-0.1168773990765419,0.1168773990765419,OSR2-MODERATE-DD60,V5-V01,member_0043,member_0058,120,False,13
N23,U12,-0.115928643837555,0.115928643837555,OSR2-MODERATE-DD60,ct_ar,member_0043,cand_0055,120,False,14
N23,B06,0.1104283149188386,0.1104283149188386,OSR2-MODERATE-DD60,F-NET01-PLAT-20260914,member_0043,member_0011,120,False,15
N23,B08,0.1089497297996575,0.1089497297996575,OSR2-MODERATE-DD60,HT13-VALUE-BP,member_0043,member_0012,120,False,16
N23,N05,0.1054086587050255,0.1054086587050255,OSR2-MODERATE-DD60,HT13-VALUE-EP,member_0043,member_0028,120,False,17
N23,N27,0.1011651626166612,0.1011651626166612,OSR2-MODERATE-DD60,paper-derived-roe,member_0043,member_0044,120,False,18
N23,S02,0.0833989914194655,0.0833989914194655,OSR2-MODERATE-DD60,LAMD20-K5V2,member_0043,member_0053,120,False,19
N23,N09,-0.0776682159318226,0.0776682159318226,OSR2-MODERATE-DD60,HT13-VOL-STD-1M,member_0043,member_0032,120,False,20
N23,U01,0.076310071082779,0.076310071082779,OSR2-MODERATE-DD60,GP-0022,member_0043,cand_0107,120,False,21
N23,B12,0.0707157416191483,0.0707157416191483,OSR2-MODERATE-DD60,HT13-VALUE-SP,member_0043,member_0015,120,False,22
N23,N12,0.0692702023516973,0.0692702023516973,OSR2-MODERATE-DD60,HT13-HIST-EP-2Q,member_0043,member_0038,120,False,23
N23,N20,-0.0679720270038537,0.0679720270038537,OSR2-MODERATE-DD60,OSR-DD20-20D,member_0043,member_0042,120,False,24
N23,N11,0.066678118246809,0.066678118246809,OSR2-MODERATE-DD60,HT13-QUALITY-CASH-DEBT,member_0043,member_0037,120,False,25
N23,B02,-0.0649825425600444,0.0649825425600444,OSR2-MODERATE-DD60,HT13-TURN-BIAS-1M,member_0043,member_0004,120,False,26
N23,N14,-0.0549830988674495,0.0549830988674495,OSR2-MODERATE-DD60,HT13-ALPHA44,member_0043,member_0039,120,False,27
N23,B10,0.0529409397831466,0.0529409397831466,OSR2-MODERATE-DD60,paper-derived-asset-growth,member_0043,member_0014,120,False,28
N23,U13,-0.050783039822109,0.050783039822109,OSR2-MODERATE-DD60,ct_obv,member_0043,cand_0061,120,False,29
N23,U08,0.0505157645014903,0.0505157645014903,OSR2-MODERATE-DD60,GP-0015,member_0043,cand_0100,120,False,30
N23,U10,-0.0477782577869856,0.0477782577869856,OSR2-MODERATE-DD60,bhv_on20,member_0043,cand_0033,120,False,31
N23,N32,-0.0463424973443339,0.0463424973443339,OSR2-MODERATE-DD60,HT13-NEW-ALPHA40,member_0043,member_0048,120,False,32
N23,N02,0.0395730205171192,0.0395730205171192,OSR2-MODERATE-DD60,HT13-GROWTH-NP,member_0043,member_0026,120,False,33
N23,N04,-0.036375426274412,0.036375426274412,OSR2-MODERATE-DD60,NEW-HIST-ROE-6Q,member_0043,member_0027,120,False,34
N23,S05,0.0359556800161355,0.0359556800161355,OSR2-MODERATE-DD60,V4R01,member_0043,member_0057,120,False,35
N23,N29,-0.0344236665362247,0.0344236665362247,OSR2-MODERATE-DD60,REPORT-HIST-NETMARGIN-6Q-10D-20260910,member_0043,member_0045,120,False,36
N23,U05,0.0331315385189039,0.0331315385189039,OSR2-MODERATE-DD60,F-NET03,member_0043,cand_0019,120,False,37
N23,S04,0.0296144929828945,0.0296144929828945,OSR2-MODERATE-DD60,comp-amihud20-vs500,member_0043,member_0056,120,False,38
N23,N19,-0.0268273079578284,0.0268273079578284,OSR2-MODERATE-DD60,OSR-RET5-20D,member_0043,member_0041,120,False,39
N23,N31,-0.0264584773274699,0.0264584773274699,OSR2-MODERATE-DD60,HT13-NEW-HIST-GPM-6Q,member_0043,member_0047,120,False,40
N23,U09,-0.0246062367703934,0.0246062367703934,OSR2-MODERATE-DD60,bhv_mom250_20,member_0043,cand_0032,120,False,41
N23,N06,-0.0223905300288083,0.0223905300288083,OSR2-MODERATE-DD60,HT13-VALUE-OCFP-LOW-PCF,member_0043,member_0029,120,False,42
N23,N07,0.020834740368748,0.020834740368748,OSR2-MODERATE-DD60,HT13-GROWTH-OCF,member_0043,member_0030,120,False,43
N23,N16,-0.0173088591484698,0.0173088591484698,OSR2-MODERATE-DD60,NONHT-SKEW-LOW-60D,member_0043,member_0040,120,False,44
N23,S01,-0.0170411709085148,0.0170411709085148,OSR2-MODERATE-DD60,VV6-500,member_0043,member_0050,120,False,45
N23,U07,-0.0147041602086167,0.0147041602086167,OSR2-MODERATE-DD60,GP-0013,member_0043,cand_0098,120,False,46
N23,N30,-0.0099853703640341,0.0099853703640341,OSR2-MODERATE-DD60,REPORT-HIST-ASSETTURN-6Q-10D-20260910,member_0043,member_0046,120,False,47
N23,U04,0.0012209329932687,0.0012209329932687,OSR2-MODERATE-DD60,BHV-LIMITUP20-20261003,member_0043,cand_0003,120,False,48
N23,U14,0.0012164004328022,0.0012164004328022,OSR2-MODERATE-DD60,ct_pvcorr30,member_0043,cand_0060,120,False,49
N27,N05,0.7524240024045084,0.7524240024045084,paper-derived-roe,HT13-VALUE-EP,member_0044,member_0028,120,False,1
N27,N10,0.7241167467114273,0.7241167467114273,paper-derived-roe,HT13-QUALITY-ROE,member_0044,member_0035,120,False,2
N27,B10,0.5348235021511243,0.5348235021511243,paper-derived-roe,paper-derived-asset-growth,member_0044,member_0014,120,False,3
N27,U01,-0.4034884483226559,0.4034884483226559,paper-derived-roe,GP-0011,member_0044,cand_0096,120,False,4
N27,B01,0.3393740295113123,0.3393740295113123,paper-derived-roe,SIZE-ONLY-20260911,member_0044,member_0001,120,False,5
N27,N11,0.2797915786926457,0.2797915786926457,paper-derived-roe,HT13-QUALITY-CASH-DEBT,member_0044,member_0037,120,False,6
N27,U02,-0.2595192985284886,0.2595192985284886,paper-derived-roe,GP-0008,member_0044,cand_0093,120,False,7
N27,B06,-0.2564995386205452,0.2564995386205452,paper-derived-roe,F-NET01-PLAT-20260914,member_0044,member_0011,120,False,8
N27,N08,-0.1908646876981444,0.1908646876981444,paper-derived-roe,HT13-TURN-STD-1M,member_0044,member_0031,120,False,9
N27,S04,-0.1895395469753321,0.1895395469753321,paper-derived-roe,comp-amihud20-vs500,member_0044,member_0056,120,False,10
N27,S01,-0.1868028058262793,0.1868028058262793,paper-derived-roe,VV6-756,member_0044,member_0049,120,False,11
N27,U07,-0.1783391504493237,0.1783391504493237,paper-derived-roe,GP-0013,member_0044,cand_0098,120,False,12
N27,U13,0.1759102017756491,0.1759102017756491,paper-derived-roe,ct_obv,member_0044,cand_0061,120,False,13
N27,U08,0.1464539135140274,0.1464539135140274,paper-derived-roe,GP-0015,member_0044,cand_0100,120,False,14
N27,S05,-0.1462162825760797,0.1462162825760797,paper-derived-roe,V7-V01,member_0044,member_0060,120,False,15
N27,U06,0.1452859750960192,0.1452859750960192,paper-derived-roe,GP-0004,member_0044,cand_0089,2,False,16
N27,S02,0.1420295824235866,0.1420295824235866,paper-derived-roe,LAMD20-K5V2,member_0044,member_0053,120,False,17
N27,N04,-0.1405364788973493,0.1405364788973493,paper-derived-roe,NEW-HIST-ROE-6Q,member_0044,member_0027,120,False,18
N27,U14,0.1232364686976943,0.1232364686976943,paper-derived-roe,ct_pvcorr30,member_0044,cand_0060,120,False,19
N27,SEP-isolated,0.1200847373149923,0.1200847373149923,paper-derived-roe,V6-V01,member_0044,member_0059,120,False,20
N27,U05,0.1199986944916535,0.1199986944916535,paper-derived-roe,F-NET03,member_0044,cand_0019,120,False,21
N27,N31,-0.1189677720949801,0.1189677720949801,paper-derived-roe,HT13-NEW-HIST-GPM-6Q,member_0044,member_0047,120,False,22
N27,N23,0.1011651626166612,0.1011651626166612,paper-derived-roe,OSR2-MODERATE-DD60,member_0044,member_0043,120,False,23
N27,N32,-0.0915549824802045,0.0915549824802045,paper-derived-roe,HT13-NEW-ALPHA40,member_0044,member_0048,120,False,24
N27,N06,0.0845008085074738,0.0845008085074738,paper-derived-roe,HT13-VALUE-OCFP-LOW-PCF,member_0044,member_0029,120,False,25
N27,N30,0.0772618139793195,0.0772618139793195,paper-derived-roe,REPORT-HIST-ASSETTURN-6Q-10D-20260910,member_0044,member_0046,120,False,26
N27,B02,-0.073613583677244,0.073613583677244,paper-derived-roe,HT13-TURN-BIAS-1M,member_0044,member_0004,120,False,27
N27,U04,0.0650465886415037,0.0650465886415037,paper-derived-roe,BHV-LIMITUP20-20261003,member_0044,cand_0003,120,False,28
N27,B08,-0.0609051662718152,0.0609051662718152,paper-derived-roe,HT13-VALUE-BP,member_0044,member_0012,120,False,29
N27,N20,0.0605869959930069,0.0605869959930069,paper-derived-roe,OSR-DD20-20D,member_0044,member_0042,120,False,30
N27,N02,0.0513295830648314,0.0513295830648314,paper-derived-roe,HT13-GROWTH-NP,member_0044,member_0026,120,False,31
N27,B12,0.0465272352539427,0.0465272352539427,paper-derived-roe,HT13-VALUE-SP,member_0044,member_0015,120,False,32
N27,B05,-0.0409922375291265,0.0409922375291265,paper-derived-roe,NONHT-CHIP-COST-250,member_0044,member_0009,120,False,33
N27,N12,-0.0395760610773123,0.0395760610773123,paper-derived-roe,HT13-HIST-EP-2Q,member_0044,member_0038,120,False,34
N27,B09,0.0377483772194342,0.0377483772194342,paper-derived-roe,OSR2-DD60,member_0044,member_0013,120,False,35
N27,U03,0.0329814247255889,0.0329814247255889,paper-derived-roe,AGP04W,member_0044,cand_0026,120,False,36
N27,N09,-0.0286194303349946,0.0286194303349946,paper-derived-roe,NONHT-MAX-LOW-21D,member_0044,member_0033,120,False,37
N27,U11,0.0272766645347883,0.0272766645347883,paper-derived-roe,ct_amp10,member_0044,cand_0050,120,False,38
N27,U09,0.0247913476156295,0.0247913476156295,paper-derived-roe,bhv_mom250_20,member_0044,cand_0032,120,False,39
N27,U10,-0.0212963889044007,0.0212963889044007,paper-derived-roe,bhv_on20,member_0044,cand_0033,120,False,40
N27,N14,-0.0198129034160859,0.0198129034160859,paper-derived-roe,HT13-ALPHA44,member_0044,member_0039,120,False,41
N27,B04,0.0167819190765417,0.0167819190765417,paper-derived-roe,OSR2-DD120,member_0044,member_0007,120,False,42
N27,B03,0.0160001493994407,0.0160001493994407,paper-derived-roe,OSR2-RET40,member_0044,member_0006,120,False,43
N27,N01,-0.0127602198047277,0.0127602198047277,paper-derived-roe,WF6AA4-D0-CLOSE20-MOM-20260912,member_0044,member_0022,120,False,44
N27,N19,0.0111810065290408,0.0111810065290408,paper-derived-roe,OSR-RET5-20D,member_0044,member_0041,120,False,45
N27,N29,0.0053412413877276,0.0053412413877276,paper-derived-roe,REPORT-HIST-NETMARGIN-6Q-10D-20260910,member_0044,member_0045,120,False,46
N27,U12,0.0052096234965481,0.0052096234965481,paper-derived-roe,ct_ar,member_0044,cand_0055,120,False,47
N27,N07,0.0034783849067239,0.0034783849067239,paper-derived-roe,HT13-GROWTH-OCF,member_0044,member_0030,120,False,48
N27,N16,0.0031573217877127,0.0031573217877127,paper-derived-roe,NONHT-SKEW-LOW-60D,member_0044,member_0040,120,False,49
N29,N02,-0.6484938259553873,0.6484938259553873,REPORT-HIST-NETMARGIN-6Q-10D-20260910,HT13-GROWTH-NP,member_0045,member_0026,120,False,1
N29,N04,0.5543234329748213,0.5543234329748213,REPORT-HIST-NETMARGIN-6Q-10D-20260910,NEW-HIST-ROE-6Q,member_0045,member_0027,120,False,2
N29,N31,0.4779671138505446,0.4779671138505446,REPORT-HIST-NETMARGIN-6Q-10D-20260910,HT13-NEW-HIST-GPM-6Q,member_0045,member_0047,120,False,3
N29,N12,0.3049122889642736,0.3049122889642736,REPORT-HIST-NETMARGIN-6Q-10D-20260910,HT13-HIST-EP-2Q,member_0045,member_0038,120,False,4
N29,N10,-0.3031641228128306,0.3031641228128306,REPORT-HIST-NETMARGIN-6Q-10D-20260910,HT13-QUALITY-ROE,member_0045,member_0035,120,False,5
N29,N30,0.2383466267066929,0.2383466267066929,REPORT-HIST-NETMARGIN-6Q-10D-20260910,REPORT-HIST-ASSETTURN-6Q-10D-20260910,member_0045,member_0046,120,False,6
N29,U09,-0.2259450583323871,0.2259450583323871,REPORT-HIST-NETMARGIN-6Q-10D-20260910,bhv_mom250_20,member_0045,cand_0032,120,False,7
N29,B05,0.2239464144341348,0.2239464144341348,REPORT-HIST-NETMARGIN-6Q-10D-20260910,NONHT-CHIP-COST-250,member_0045,member_0009,120,False,8
N29,N07,-0.1364248693758988,0.1364248693758988,REPORT-HIST-NETMARGIN-6Q-10D-20260910,HT13-GROWTH-OCF,member_0045,member_0030,120,False,9
N29,B01,0.1343359327017333,0.1343359327017333,REPORT-HIST-NETMARGIN-6Q-10D-20260910,VERIFY-G260910-13,member_0045,member_0002,120,False,10
N29,N11,-0.1185145641150659,0.1185145641150659,REPORT-HIST-NETMARGIN-6Q-10D-20260910,HT13-QUALITY-CASH-DEBT,member_0045,member_0037,120,False,11
N29,U06,-0.1148439467712669,0.1148439467712669,REPORT-HIST-NETMARGIN-6Q-10D-20260910,GP-0004,member_0045,cand_0089,2,False,12
N29,N05,-0.1115377155836156,0.1115377155836156,REPORT-HIST-NETMARGIN-6Q-10D-20260910,HT13-VALUE-EP,member_0045,member_0028,120,False,13
N29,S04,0.1111133127051098,0.1111133127051098,REPORT-HIST-NETMARGIN-6Q-10D-20260910,comp-amihud20-vs500,member_0045,member_0056,120,False,14
N29,B06,0.1097188084734273,0.1097188084734273,REPORT-HIST-NETMARGIN-6Q-10D-20260910,F-NET01-PLAT-20260914,member_0045,member_0011,120,False,15
N29,S02,0.1088891975406764,0.1088891975406764,REPORT-HIST-NETMARGIN-6Q-10D-20260910,LAMD10-K5V2,member_0045,member_0051,120,False,16
N29,B04,0.1066869354678194,0.1066869354678194,REPORT-HIST-NETMARGIN-6Q-10D-20260910,OSR2-DD120,member_0045,member_0007,120,False,17
N29,B08,0.0885482277791111,0.0885482277791111,REPORT-HIST-NETMARGIN-6Q-10D-20260910,HT13-VALUE-BP,member_0045,member_0012,120,False,18
N29,SEP-isolated,-0.0825995439959561,0.0825995439959561,REPORT-HIST-NETMARGIN-6Q-10D-20260910,V6-V01,member_0045,member_0059,120,False,19
N29,B03,0.0804858368162226,0.0804858368162226,REPORT-HIST-NETMARGIN-6Q-10D-20260910,OSR2-RET40,member_0045,member_0006,120,False,20
N29,B02,-0.0788119487236335,0.0788119487236335,REPORT-HIST-NETMARGIN-6Q-10D-20260910,HT13-TURN-BIAS-1M,member_0045,member_0004,120,False,21
N29,B09,0.0681845800670499,0.0681845800670499,REPORT-HIST-NETMARGIN-6Q-10D-20260910,OSR2-DD60,member_0045,member_0013,120,False,22
N29,N01,0.0658218830312585,0.0658218830312585,REPORT-HIST-NETMARGIN-6Q-10D-20260910,F-A18,member_0045,member_0016,120,False,23
N29,U08,-0.0619566297726785,0.0619566297726785,REPORT-HIST-NETMARGIN-6Q-10D-20260910,GP-0015,member_0045,cand_0100,120,False,24
N29,U05,-0.0542424718536622,0.0542424718536622,REPORT-HIST-NETMARGIN-6Q-10D-20260910,F-NET03,member_0045,cand_0019,120,False,25
N29,U07,0.0420107147822185,0.0420107147822185,REPORT-HIST-NETMARGIN-6Q-10D-20260910,GP-0013,member_0045,cand_0098,120,False,26
N29,U12,0.0405570647287945,0.0405570647287945,REPORT-HIST-NETMARGIN-6Q-10D-20260910,ct_ar,member_0045,cand_0055,120,False,27
N29,N23,-0.0344236665362247,0.0344236665362247,REPORT-HIST-NETMARGIN-6Q-10D-20260910,OSR2-MODERATE-DD60,member_0045,member_0043,120,False,28
N29,U03,0.032774132240282,0.032774132240282,REPORT-HIST-NETMARGIN-6Q-10D-20260910,AGP04W,member_0045,cand_0026,120,False,29
N29,S01,0.0324077862704701,0.0324077862704701,REPORT-HIST-NETMARGIN-6Q-10D-20260910,VV6-500,member_0045,member_0050,120,False,30
N29,N16,0.0315046006605199,0.0315046006605199,REPORT-HIST-NETMARGIN-6Q-10D-20260910,NONHT-SKEW-LOW-60D,member_0045,member_0040,120,False,31
N29,S05,0.0301592645373256,0.0301592645373256,REPORT-HIST-NETMARGIN-6Q-10D-20260910,V7-V01,member_0045,member_0060,120,False,32
N29,N09,0.0294705057894999,0.0294705057894999,REPORT-HIST-NETMARGIN-6Q-10D-20260910,NONHT-MAX-LOW-21D,member_0045,member_0033,120,False,33
N29,N20,0.0278632173499644,0.0278632173499644,REPORT-HIST-NETMARGIN-6Q-10D-20260910,OSR-DD20-20D,member_0045,member_0042,120,False,34
N29,U01,0.0232525432069284,0.0232525432069284,REPORT-HIST-NETMARGIN-6Q-10D-20260910,GP-0014,member_0045,cand_0099,120,False,35
N29,N19,0.0231915466990206,0.0231915466990206,REPORT-HIST-NETMARGIN-6Q-10D-20260910,OSR-RET5-20D,member_0045,member_0041,120,False,36
N29,B12,0.0194277718427231,0.0194277718427231,REPORT-HIST-NETMARGIN-6Q-10D-20260910,HT13-VALUE-SP,member_0045,member_0015,120,False,37
N29,U02,0.0190544196005493,0.0190544196005493,REPORT-HIST-NETMARGIN-6Q-10D-20260910,GP-0010,member_0045,cand_0095,120,False,38
N29,N08,-0.0182814187896417,0.0182814187896417,REPORT-HIST-NETMARGIN-6Q-10D-20260910,HT13-TURN-STD-1M,member_0045,member_0031,120,False,39
N29,U13,-0.0175085616726486,0.0175085616726486,REPORT-HIST-NETMARGIN-6Q-10D-20260910,ct_obv,member_0045,cand_0061,120,False,40
N29,U10,0.0170325020508858,0.0170325020508858,REPORT-HIST-NETMARGIN-6Q-10D-20260910,bhv_on20,member_0045,cand_0033,120,False,41
N29,U11,0.0160788412508442,0.0160788412508442,REPORT-HIST-NETMARGIN-6Q-10D-20260910,ct_amp10,member_0045,cand_0050,120,False,42
N29,N32,0.0132921101989311,0.0132921101989311,REPORT-HIST-NETMARGIN-6Q-10D-20260910,HT13-NEW-ALPHA40,member_0045,member_0048,120,False,43
N29,N06,-0.0105617239305637,0.0105617239305637,REPORT-HIST-NETMARGIN-6Q-10D-20260910,HT13-VALUE-OCFP-LOW-PCF,member_0045,member_0029,120,False,44
N29,U04,0.0098133266574183,0.0098133266574183,REPORT-HIST-NETMARGIN-6Q-10D-20260910,BHV-LIMITUP20-20261003,member_0045,cand_0003,120,False,45
N29,B10,0.0087848627215996,0.0087848627215996,REPORT-HIST-NETMARGIN-6Q-10D-20260910,paper-derived-asset-growth,member_0045,member_0014,120,False,46
N29,N27,0.0053412413877276,0.0053412413877276,REPORT-HIST-NETMARGIN-6Q-10D-20260910,paper-derived-roe,member_0045,member_0044,120,False,47
N29,U14,-0.0048599009231818,0.0048599009231818,REPORT-HIST-NETMARGIN-6Q-10D-20260910,ct_pvcorr30,member_0045,cand_0060,120,False,48
N29,N14,0.004624313054988,0.004624313054988,REPORT-HIST-NETMARGIN-6Q-10D-20260910,HT13-ALPHA44,member_0045,member_0039,120,False,49
N30,N04,0.3565694711194315,0.3565694711194315,REPORT-HIST-ASSETTURN-6Q-10D-20260910,NEW-HIST-ROE-6Q,member_0046,member_0027,120,False,1
N30,N02,-0.2933520685147484,0.2933520685147484,REPORT-HIST-ASSETTURN-6Q-10D-20260910,HT13-GROWTH-NP,member_0046,member_0026,120,False,2
N30,N29,0.2383466267066929,0.2383466267066929,REPORT-HIST-ASSETTURN-6Q-10D-20260910,REPORT-HIST-NETMARGIN-6Q-10D-20260910,member_0046,member_0045,120,False,3
N30,U06,-0.1659776015301892,0.1659776015301892,REPORT-HIST-ASSETTURN-6Q-10D-20260910,GP-0004,member_0046,cand_0089,2,False,4
N30,U09,-0.1531921609732805,0.1531921609732805,REPORT-HIST-ASSETTURN-6Q-10D-20260910,bhv_mom250_20,member_0046,cand_0032,120,False,5
N30,N12,0.1308359733188306,0.1308359733188306,REPORT-HIST-ASSETTURN-6Q-10D-20260910,HT13-HIST-EP-2Q,member_0046,member_0038,120,False,6
N30,B05,0.1289477300967317,0.1289477300967317,REPORT-HIST-ASSETTURN-6Q-10D-20260910,NONHT-CHIP-COST-250,member_0046,member_0009,120,False,7
N30,N10,-0.1279017636519896,0.1279017636519896,REPORT-HIST-ASSETTURN-6Q-10D-20260910,REPORT-ROIC-TTM-10D-20260910,member_0046,member_0036,120,False,8
N30,B10,0.1131164963210658,0.1131164963210658,REPORT-HIST-ASSETTURN-6Q-10D-20260910,paper-derived-asset-growth,member_0046,member_0014,120,False,9
N30,B08,0.1006917887894206,0.1006917887894206,REPORT-HIST-ASSETTURN-6Q-10D-20260910,HT13-VALUE-BP,member_0046,member_0012,120,False,10
N30,N31,0.0926839624911037,0.0926839624911037,REPORT-HIST-ASSETTURN-6Q-10D-20260910,HT13-NEW-HIST-GPM-6Q,member_0046,member_0047,120,False,11
N30,SEP-isolated,-0.0838274154796189,0.0838274154796189,REPORT-HIST-ASSETTURN-6Q-10D-20260910,V6-V01,member_0046,member_0059,120,False,12
N30,N27,0.0772618139793195,0.0772618139793195,REPORT-HIST-ASSETTURN-6Q-10D-20260910,paper-derived-roe,member_0046,member_0044,120,False,13
N30,B06,0.0655032733607397,0.0655032733607397,REPORT-HIST-ASSETTURN-6Q-10D-20260910,F-NET01-PLAT-20260914,member_0046,member_0011,120,False,14
N30,N07,-0.0603012506931602,0.0603012506931602,REPORT-HIST-ASSETTURN-6Q-10D-20260910,HT13-GROWTH-OCF,member_0046,member_0030,120,False,15
N30,S02,0.0599759177431898,0.0599759177431898,REPORT-HIST-ASSETTURN-6Q-10D-20260910,LAMD20-K5V2,member_0046,member_0053,120,False,16
N30,N11,-0.0566208471944474,0.0566208471944474,REPORT-HIST-ASSETTURN-6Q-10D-20260910,HT13-QUALITY-CASH-DEBT,member_0046,member_0037,120,False,17
N30,U02,-0.0560787577522391,0.0560787577522391,REPORT-HIST-ASSETTURN-6Q-10D-20260910,GP-0006,member_0046,cand_0091,120,False,18
N30,B01,-0.0529480782919734,0.0529480782919734,REPORT-HIST-ASSETTURN-6Q-10D-20260910,V5-V01,member_0046,member_0058,120,False,19
N30,N09,0.0520418487999492,0.0520418487999492,REPORT-HIST-ASSETTURN-6Q-10D-20260910,OSR-SCALED-RET5-20D,member_0046,member_0034,120,False,20
N30,U11,0.0466116710646133,0.0466116710646133,REPORT-HIST-ASSETTURN-6Q-10D-20260910,ct_amp10,member_0046,cand_0050,120,False,21
N30,B03,0.0461307675619236,0.0461307675619236,REPORT-HIST-ASSETTURN-6Q-10D-20260910,OSR2-RET40,member_0046,member_0006,120,False,22
N30,N08,-0.04516116901191,0.04516116901191,REPORT-HIST-ASSETTURN-6Q-10D-20260910,HT13-TURN-STD-1M,member_0046,member_0031,120,False,23
N30,S05,0.0432266942207628,0.0432266942207628,REPORT-HIST-ASSETTURN-6Q-10D-20260910,V7-V01,member_0046,member_0060,120,False,24
N30,B02,-0.0427517549286968,0.0427517549286968,REPORT-HIST-ASSETTURN-6Q-10D-20260910,HT13-TURN-BIAS-1M,member_0046,member_0004,120,False,25
N30,S04,0.0362821593000875,0.0362821593000875,REPORT-HIST-ASSETTURN-6Q-10D-20260910,comp-amihud20-vs500,member_0046,member_0056,120,False,26
N30,N01,0.0357643948068178,0.0357643948068178,REPORT-HIST-ASSETTURN-6Q-10D-20260910,F-A18,member_0046,member_0016,120,False,27
N30,B04,0.0348250183270905,0.0348250183270905,REPORT-HIST-ASSETTURN-6Q-10D-20260910,OSR2-DD120,member_0046,member_0007,120,False,28
N30,U01,0.0335314461109236,0.0335314461109236,REPORT-HIST-ASSETTURN-6Q-10D-20260910,GP-0022,member_0046,cand_0107,120,False,29
N30,U13,-0.033100607670234,0.033100607670234,REPORT-HIST-ASSETTURN-6Q-10D-20260910,ct_obv,member_0046,cand_0061,120,False,30
N30,U08,-0.0287761002563179,0.0287761002563179,REPORT-HIST-ASSETTURN-6Q-10D-20260910,GP-0015,member_0046,cand_0100,120,False,31
N30,U07,0.0280367400713317,0.0280367400713317,REPORT-HIST-ASSETTURN-6Q-10D-20260910,GP-0013,member_0046,cand_0098,120,False,32
N30,N06,-0.0240896944295164,0.0240896944295164,REPORT-HIST-ASSETTURN-6Q-10D-20260910,HT13-VALUE-OCFP-LOW-PCF,member_0046,member_0029,120,False,33
N30,U12,0.0237606211592547,0.0237606211592547,REPORT-HIST-ASSETTURN-6Q-10D-20260910,ct_ar,member_0046,cand_0055,120,False,34
N30,U04,0.0223368076448752,0.0223368076448752,REPORT-HIST-ASSETTURN-6Q-10D-20260910,BHV-LIMITUP20-20261003,member_0046,cand_0003,120,False,35
N30,N05,0.0215526794666986,0.0215526794666986,REPORT-HIST-ASSETTURN-6Q-10D-20260910,HT13-VALUE-EP,member_0046,member_0028,120,False,36
N30,N32,0.021365977417217,0.021365977417217,REPORT-HIST-ASSETTURN-6Q-10D-20260910,HT13-NEW-ALPHA40,member_0046,member_0048,120,False,37
N30,U03,0.0201295692023747,0.0201295692023747,REPORT-HIST-ASSETTURN-6Q-10D-20260910,AGP04W,member_0046,cand_0026,120,False,38
N30,N16,0.0186581595354186,0.0186581595354186,REPORT-HIST-ASSETTURN-6Q-10D-20260910,NONHT-SKEW-LOW-60D,member_0046,member_0040,120,False,39
N30,U05,-0.0181021869590415,0.0181021869590415,REPORT-HIST-ASSETTURN-6Q-10D-20260910,F-NET03,member_0046,cand_0019,120,False,40
N30,B09,0.0161082114840756,0.0161082114840756,REPORT-HIST-ASSETTURN-6Q-10D-20260910,OSR2-DD60,member_0046,member_0013,120,False,41
N30,B12,0.0158283688489941,0.0158283688489941,REPORT-HIST-ASSETTURN-6Q-10D-20260910,HT13-VALUE-SP,member_0046,member_0015,120,False,42
N30,N19,0.0127913625361909,0.0127913625361909,REPORT-HIST-ASSETTURN-6Q-10D-20260910,OSR-RET5-20D,member_0046,member_0041,120,False,43
N30,U10,0.0107616450552724,0.0107616450552724,REPORT-HIST-ASSETTURN-6Q-10D-20260910,bhv_on20,member_0046,cand_0033,120,False,44
N30,N23,-0.0099853703640341,0.0099853703640341,REPORT-HIST-ASSETTURN-6Q-10D-20260910,OSR2-MODERATE-DD60,member_0046,member_0043,120,False,45
N30,S01,0.004886066019174,0.004886066019174,REPORT-HIST-ASSETTURN-6Q-10D-20260910,VV6-756,member_0046,member_0049,120,False,46
N30,N14,0.0039930307955449,0.0039930307955449,REPORT-HIST-ASSETTURN-6Q-10D-20260910,HT13-ALPHA44,member_0046,member_0039,120,False,47
N30,U14,0.0022206241834894,0.0022206241834894,REPORT-HIST-ASSETTURN-6Q-10D-20260910,ct_pvcorr30,member_0046,cand_0060,120,False,48
N30,N20,-0.0008717290639078,0.0008717290639078,REPORT-HIST-ASSETTURN-6Q-10D-20260910,OSR-DD20-20D,member_0046,member_0042,120,False,49
N31,N29,0.4779671138505446,0.4779671138505446,HT13-NEW-HIST-GPM-6Q,REPORT-HIST-NETMARGIN-6Q-10D-20260910,member_0047,member_0045,120,False,1
N31,N04,0.422304090288523,0.422304090288523,HT13-NEW-HIST-GPM-6Q,NEW-HIST-ROE-6Q,member_0047,member_0027,120,False,2
N31,N02,-0.3334975120113617,0.3334975120113617,HT13-NEW-HIST-GPM-6Q,HT13-GROWTH-NP,member_0047,member_0026,120,False,3
N31,N10,-0.2573600869967806,0.2573600869967806,HT13-NEW-HIST-GPM-6Q,HT13-QUALITY-ROE,member_0047,member_0035,120,False,4
N31,N12,0.2561169698642832,0.2561169698642832,HT13-NEW-HIST-GPM-6Q,HT13-HIST-EP-2Q,member_0047,member_0038,120,False,5
N31,N05,-0.1665845163709405,0.1665845163709405,HT13-NEW-HIST-GPM-6Q,HT13-VALUE-EP,member_0047,member_0028,120,False,6
N31,U09,-0.1427434217153521,0.1427434217153521,HT13-NEW-HIST-GPM-6Q,bhv_mom250_20,member_0047,cand_0032,120,False,7
N31,U06,-0.1315122643624776,0.1315122643624776,HT13-NEW-HIST-GPM-6Q,GP-0004,member_0047,cand_0089,2,False,8
N31,B05,0.1302284323439849,0.1302284323439849,HT13-NEW-HIST-GPM-6Q,NONHT-CHIP-COST-250,member_0047,member_0009,120,False,9
N31,B01,0.129867754219366,0.129867754219366,HT13-NEW-HIST-GPM-6Q,VERIFY-G260910-13,member_0047,member_0002,120,False,10
N31,N27,-0.1189677720949801,0.1189677720949801,HT13-NEW-HIST-GPM-6Q,paper-derived-roe,member_0047,member_0044,120,False,11
N31,N11,-0.1062594461431495,0.1062594461431495,HT13-NEW-HIST-GPM-6Q,HT13-QUALITY-CASH-DEBT,member_0047,member_0037,120,False,12
N31,S04,0.1008056791907851,0.1008056791907851,HT13-NEW-HIST-GPM-6Q,comp-amihud20-vs500,member_0047,member_0056,120,False,13
N31,N30,0.0926839624911037,0.0926839624911037,HT13-NEW-HIST-GPM-6Q,REPORT-HIST-ASSETTURN-6Q-10D-20260910,member_0047,member_0046,120,False,14
N31,B06,0.0875276123950246,0.0875276123950246,HT13-NEW-HIST-GPM-6Q,F-NET01-PLAT-20260914,member_0047,member_0011,120,False,15
N31,N07,-0.0874931288955428,0.0874931288955428,HT13-NEW-HIST-GPM-6Q,HT13-GROWTH-OCF,member_0047,member_0030,120,False,16
N31,B04,0.0844242310006549,0.0844242310006549,HT13-NEW-HIST-GPM-6Q,OSR2-DD120,member_0047,member_0007,120,False,17
N31,S05,0.0839831942600417,0.0839831942600417,HT13-NEW-HIST-GPM-6Q,V7-V01,member_0047,member_0060,120,False,18
N31,S02,0.0805244632813007,0.0805244632813007,HT13-NEW-HIST-GPM-6Q,LAMD10-K5V2,member_0047,member_0051,120,False,19
N31,U13,-0.0648102188140459,0.0648102188140459,HT13-NEW-HIST-GPM-6Q,ct_obv,member_0047,cand_0061,120,False,20
N31,B09,0.0637758964678575,0.0637758964678575,HT13-NEW-HIST-GPM-6Q,OSR2-DD60,member_0047,member_0013,120,False,21
N31,U07,0.0571085686000157,0.0571085686000157,HT13-NEW-HIST-GPM-6Q,GP-0013,member_0047,cand_0098,120,False,22
N31,B12,0.0525190552197944,0.0525190552197944,HT13-NEW-HIST-GPM-6Q,HT13-VALUE-SP,member_0047,member_0015,120,False,23
N31,B08,0.0506063423653146,0.0506063423653146,HT13-NEW-HIST-GPM-6Q,HT13-VALUE-BP,member_0047,member_0012,120,False,24
N31,B10,-0.0497439495323052,0.0497439495323052,HT13-NEW-HIST-GPM-6Q,paper-derived-asset-growth,member_0047,member_0014,120,False,25
N31,U08,-0.0402843141809643,0.0402843141809643,HT13-NEW-HIST-GPM-6Q,GP-0015,member_0047,cand_0100,120,False,26
N31,U02,-0.0393178263176915,0.0393178263176915,HT13-NEW-HIST-GPM-6Q,GP-0005,member_0047,cand_0090,120,False,27
N31,N20,0.0373954417949173,0.0373954417949173,HT13-NEW-HIST-GPM-6Q,OSR-DD20-20D,member_0047,member_0042,120,False,28
N31,B03,0.0373415916066269,0.0373415916066269,HT13-NEW-HIST-GPM-6Q,OSR2-RET40,member_0047,member_0006,120,False,29
N31,N09,0.0362720510874308,0.0362720510874308,HT13-NEW-HIST-GPM-6Q,HT13-VOL-STD-1M,member_0047,member_0032,120,False,30
N31,U05,-0.0348490693530606,0.0348490693530606,HT13-NEW-HIST-GPM-6Q,F-NET03,member_0047,cand_0019,120,False,31
N31,U11,-0.0314327090570444,0.0314327090570444,HT13-NEW-HIST-GPM-6Q,ct_amp10,member_0047,cand_0050,120,False,32
N31,N01,0.0310344888661519,0.0310344888661519,HT13-NEW-HIST-GPM-6Q,F-A18,member_0047,member_0016,120,False,33
N31,S01,0.0279359342995065,0.0279359342995065,HT13-NEW-HIST-GPM-6Q,VV6-500,member_0047,member_0050,120,False,34
N31,N23,-0.0264584773274699,0.0264584773274699,HT13-NEW-HIST-GPM-6Q,OSR2-MODERATE-DD60,member_0047,member_0043,120,False,35
N31,U12,0.0253089241878289,0.0253089241878289,HT13-NEW-HIST-GPM-6Q,ct_ar,member_0047,cand_0055,120,False,36
N31,SEP-isolated,-0.0238382170217527,0.0238382170217527,HT13-NEW-HIST-GPM-6Q,V6-V01,member_0047,member_0059,120,False,37
N31,B02,-0.0229920940083652,0.0229920940083652,HT13-NEW-HIST-GPM-6Q,HT13-TURN-BIAS-1M,member_0047,member_0004,120,False,38
N31,U01,0.0212730998182445,0.0212730998182445,HT13-NEW-HIST-GPM-6Q,GP-0022,member_0047,cand_0107,120,False,39
N31,N08,0.019829271709517,0.019829271709517,HT13-NEW-HIST-GPM-6Q,HT13-TURN-STD-1M,member_0047,member_0031,120,False,40
N31,U14,-0.0167227316027195,0.0167227316027195,HT13-NEW-HIST-GPM-6Q,ct_pvcorr30,member_0047,cand_0060,120,False,41
N31,U03,0.0163230511878689,0.0163230511878689,HT13-NEW-HIST-GPM-6Q,AGP04W,member_0047,cand_0026,120,False,42
N31,U04,-0.0150620232758476,0.0150620232758476,HT13-NEW-HIST-GPM-6Q,BHV-LIMITUP20-20261003,member_0047,cand_0003,120,False,43
N31,N06,0.0124298084404671,0.0124298084404671,HT13-NEW-HIST-GPM-6Q,HT13-VALUE-OCFP-LOW-PCF,member_0047,member_0029,120,False,44
N31,N19,0.0124044825353723,0.0124044825353723,HT13-NEW-HIST-GPM-6Q,OSR-RET5-20D,member_0047,member_0041,120,False,45
N31,N32,-0.0100131707793016,0.0100131707793016,HT13-NEW-HIST-GPM-6Q,HT13-NEW-ALPHA40,member_0047,member_0048,120,False,46
N31,N14,-0.0096164551704487,0.0096164551704487,HT13-NEW-HIST-GPM-6Q,HT13-ALPHA44,member_0047,member_0039,120,False,47
N31,N16,0.0030083418824068,0.0030083418824068,HT13-NEW-HIST-GPM-6Q,NONHT-SKEW-LOW-60D,member_0047,member_0040,120,False,48
N31,U10,-0.00032233777846,0.00032233777846,HT13-NEW-HIST-GPM-6Q,bhv_on20,member_0047,cand_0033,120,False,49
N32,N09,0.4926989174909761,0.4926989174909761,HT13-NEW-ALPHA40,OSR-SCALED-RET5-20D,member_0048,member_0034,120,False,1
N32,U11,0.487934425002538,0.487934425002538,HT13-NEW-ALPHA40,ct_amp10,member_0048,cand_0050,120,False,2
N32,S04,0.4839083779738676,0.4839083779738676,HT13-NEW-ALPHA40,comp-pvcorr20-amihud20-vs500,member_0048,member_0054,120,False,3
N32,S02,0.4793146188949927,0.4793146188949927,HT13-NEW-ALPHA40,LAMD0-K8V2,member_0048,member_0052,120,False,4
N32,SEP-isolated,-0.4537846329877741,0.4537846329877741,HT13-NEW-ALPHA40,V6-V01,member_0048,member_0059,120,False,5
N32,N14,0.4407011476006025,0.4407011476006025,HT13-NEW-ALPHA40,HT13-ALPHA44,member_0048,member_0039,120,False,6
N32,N08,-0.4285841289454097,0.4285841289454097,HT13-NEW-ALPHA40,HT13-TURN-STD-1M,member_0048,member_0031,120,False,7
N32,S01,0.4202813876612033,0.4202813876612033,HT13-NEW-ALPHA40,VV6-756,member_0048,member_0049,120,False,8
N32,U01,0.3764583344487207,0.3764583344487207,HT13-NEW-ALPHA40,F-NET01,member_0048,cand_0017,120,False,9
N32,U14,0.3665593918271469,0.3665593918271469,HT13-NEW-ALPHA40,ct_pvcorr30,member_0048,cand_0060,120,False,10
N32,U04,0.3286634295006227,0.3286634295006227,HT13-NEW-ALPHA40,BHV-LIMITUP20-20261003,member_0048,cand_0003,120,False,11
N32,B06,0.3276113451905942,0.3276113451905942,HT13-NEW-ALPHA40,F-NET01-PLAT-20260914,member_0048,member_0011,120,False,12
N32,U12,0.3098213665633317,0.3098213665633317,HT13-NEW-ALPHA40,ct_ar,member_0048,cand_0055,120,False,13
N32,B02,-0.2774843096002792,0.2774843096002792,HT13-NEW-ALPHA40,HT13-TURN-BIAS-1M,member_0048,member_0004,120,False,14
N32,N01,0.261250505437615,0.261250505437615,HT13-NEW-ALPHA40,F-A18,member_0048,member_0016,120,False,15
N32,B08,0.2602295057855183,0.2602295057855183,HT13-NEW-ALPHA40,HT13-VALUE-BP,member_0048,member_0012,120,False,16
N32,B03,0.2523806338411611,0.2523806338411611,HT13-NEW-ALPHA40,OSR2-RET40,member_0048,member_0006,120,False,17
N32,U03,0.2444590543488635,0.2444590543488635,HT13-NEW-ALPHA40,AGP04W,member_0048,cand_0026,120,False,18
N32,B05,0.2398132764257239,0.2398132764257239,HT13-NEW-ALPHA40,NONHT-CHIP-COST-250,member_0048,member_0009,120,False,19
N32,B01,-0.2361878735485803,0.2361878735485803,HT13-NEW-ALPHA40,V5-V01,member_0048,member_0058,120,False,20
N32,N16,0.2045836817160898,0.2045836817160898,HT13-NEW-ALPHA40,NONHT-SKEW-LOW-60D,member_0048,member_0040,120,False,21
N32,B12,0.2023788875817357,0.2023788875817357,HT13-NEW-ALPHA40,HT13-VALUE-SP,member_0048,member_0015,120,False,22
N32,N12,-0.1846365933842723,0.1846365933842723,HT13-NEW-ALPHA40,HT13-HIST-EP-2Q,member_0048,member_0038,120,False,23
N32,B10,-0.135875255548571,0.135875255548571,HT13-NEW-ALPHA40,paper-derived-asset-growth,member_0048,member_0014,120,False,24
N32,U09,-0.127946968635145,0.127946968635145,HT13-NEW-ALPHA40,bhv_mom250_20,member_0048,cand_0032,120,False,25
N32,N19,0.118755395610973,0.118755395610973,HT13-NEW-ALPHA40,OSR-RET5-20D,member_0048,member_0041,120,False,26
N32,N20,-0.112937728056494,0.112937728056494,HT13-NEW-ALPHA40,OSR-DD20-20D,member_0048,member_0042,120,False,27
N32,S05,-0.1112997470558429,0.1112997470558429,HT13-NEW-ALPHA40,V4R01,member_0048,member_0057,120,False,28
N32,U02,-0.1110750243405864,0.1110750243405864,HT13-NEW-ALPHA40,GP-0006,member_0048,cand_0091,120,False,29
N32,U08,-0.1046147051144698,0.1046147051144698,HT13-NEW-ALPHA40,GP-0015,member_0048,cand_0100,120,False,30
N32,N06,-0.1005568190144364,0.1005568190144364,HT13-NEW-ALPHA40,HT13-VALUE-OCFP-LOW-PCF,member_0048,member_0029,120,False,31
N32,N27,-0.0915549824802045,0.0915549824802045,HT13-NEW-ALPHA40,paper-derived-roe,member_0048,member_0044,120,False,32
N32,N05,0.0878748461781919,0.0878748461781919,HT13-NEW-ALPHA40,HT13-VALUE-EP,member_0048,member_0028,120,False,33
N32,U06,-0.0802647852772605,0.0802647852772605,HT13-NEW-ALPHA40,GP-0004,member_0048,cand_0089,2,False,34
N32,N10,-0.0801254621204598,0.0801254621204598,HT13-NEW-ALPHA40,REPORT-ROIC-TTM-10D-20260910,member_0048,member_0036,120,False,35
N32,U07,-0.0577308765994697,0.0577308765994697,HT13-NEW-ALPHA40,GP-0013,member_0048,cand_0098,120,False,36
N32,U13,-0.0573427247130882,0.0573427247130882,HT13-NEW-ALPHA40,ct_obv,member_0048,cand_0061,120,False,37
N32,B09,-0.0484277384126533,0.0484277384126533,HT13-NEW-ALPHA40,OSR2-DD60,member_0048,member_0013,120,False,38
N32,N23,-0.0463424973443339,0.0463424973443339,HT13-NEW-ALPHA40,OSR2-MODERATE-DD60,member_0048,member_0043,120,False,39
N32,N02,-0.0337992189795727,0.0337992189795727,HT13-NEW-ALPHA40,HT13-GROWTH-NP,member_0048,member_0026,120,False,40
N32,U10,-0.0334847130022128,0.0334847130022128,HT13-NEW-ALPHA40,bhv_on20,member_0048,cand_0033,120,False,41
N32,B04,-0.0303865801508172,0.0303865801508172,HT13-NEW-ALPHA40,OSR2-DD120,member_0048,member_0007,120,False,42
N32,N04,0.0287332158775683,0.0287332158775683,HT13-NEW-ALPHA40,NEW-HIST-ROE-6Q,member_0048,member_0027,120,False,43
N32,N30,0.021365977417217,0.021365977417217,HT13-NEW-ALPHA40,REPORT-HIST-ASSETTURN-6Q-10D-20260910,member_0048,member_0046,120,False,44
N32,U05,-0.020889260895465,0.020889260895465,HT13-NEW-ALPHA40,F-NET03,member_0048,cand_0019,120,False,45
N32,N29,0.0132921101989311,0.0132921101989311,HT13-NEW-ALPHA40,REPORT-HIST-NETMARGIN-6Q-10D-20260910,member_0048,member_0045,120,False,46
N32,N31,-0.0100131707793016,0.0100131707793016,HT13-NEW-ALPHA40,HT13-NEW-HIST-GPM-6Q,member_0048,member_0047,120,False,47
N32,N11,-0.0080017784673036,0.0080017784673036,HT13-NEW-ALPHA40,HT13-QUALITY-CASH-DEBT,member_0048,member_0037,120,False,48
N32,N07,-0.0034671937109188,0.0034671937109188,HT13-NEW-ALPHA40,HT13-GROWTH-OCF,member_0048,member_0030,120,False,49
S01,S02,0.7583989811847746,0.7583989811847746,VV6-500,comp-amt60-vs500-retrev20,member_0050,member_0055,120,False,1
S01,S04,0.7428545839182522,0.7428545839182522,VV6-500,comp-amihud20-vs500,member_0050,member_0056,120,False,2
S01,B02,-0.5792891662550435,0.5792891662550435,VV6-756,HT13-TURN-BIAS-1M,member_0049,member_0004,120,False,3
S01,U11,0.5496653670823056,0.5496653670823056,VV6-756,ct_amp10,member_0049,cand_0050,120,False,4
S01,N09,0.5481982266318538,0.5481982266318538,VV6-756,OSR-SCALED-RET5-20D,member_0049,member_0034,120,False,5
S01,N32,0.4202813876612033,0.4202813876612033,VV6-756,HT13-NEW-ALPHA40,member_0049,member_0048,120,False,6
S01,N08,-0.3928452502583282,0.3928452502583282,VV6-756,HT13-TURN-STD-1M,member_0049,member_0031,120,False,7
S01,U04,0.3882198280673928,0.3882198280673928,VV6-756,BHV-LIMITUP20-20261003,member_0049,cand_0003,120,False,8
S01,N01,0.3521080514060484,0.3521080514060484,VV6-500,F-A18,member_0050,member_0016,120,False,9
S01,B05,0.3481505045045646,0.3481505045045646,VV6-500,NONHT-CHIP-COST-250,member_0050,member_0009,120,False,10
S01,U12,0.3370767538261653,0.3370767538261653,VV6-756,ct_ar,member_0049,cand_0055,120,False,11
S01,N14,0.3368890298347136,0.3368890298347136,VV6-756,HT13-ALPHA44,member_0049,member_0039,120,False,12
S01,U01,0.3214711958547799,0.3214711958547799,VV6-756,F-NET01,member_0049,cand_0017,120,False,13
S01,B03,0.3206741966387875,0.3206741966387875,VV6-500,OSR2-RET40,member_0050,member_0006,120,False,14
S01,U03,0.3017868302983967,0.3017868302983967,VV6-500,AGP04W,member_0050,cand_0026,120,False,15
S01,B06,0.2839747490252048,0.2839747490252048,VV6-756,F-NET01-PLAT-20260914,member_0049,member_0011,120,False,16
S01,SEP-isolated,-0.2704183340418247,0.2704183340418247,VV6-756,V6-V01,member_0049,member_0059,120,False,17
S01,B01,-0.2625384178973979,0.2625384178973979,VV6-756,V5-V01,member_0049,member_0058,120,False,18
S01,B10,-0.2097298205357116,0.2097298205357116,VV6-756,paper-derived-asset-growth,member_0049,member_0014,120,False,19
S01,N16,0.1986068847383131,0.1986068847383131,VV6-756,NONHT-SKEW-LOW-60D,member_0049,member_0040,120,False,20
S01,N12,-0.1877870720142395,0.1877870720142395,VV6-756,HT13-HIST-EP-2Q,member_0049,member_0038,120,False,21
S01,N27,-0.1868028058262793,0.1868028058262793,VV6-756,paper-derived-roe,member_0049,member_0044,120,False,22
S01,S05,-0.1675754108072463,0.1675754108072463,VV6-756,V4R01,member_0049,member_0057,120,False,23
S01,N10,-0.1643588707420137,0.1643588707420137,VV6-756,HT13-QUALITY-ROE,member_0049,member_0035,120,False,24
S01,U14,0.1596723095252509,0.1596723095252509,VV6-756,ct_pvcorr30,member_0049,cand_0060,120,False,25
S01,U13,-0.158590053390816,0.158590053390816,VV6-756,ct_obv,member_0049,cand_0061,120,False,26
S01,N19,0.1566111740194205,0.1566111740194205,VV6-500,OSR-RET5-20D,member_0050,member_0041,120,False,27
S01,B08,0.1495556901258082,0.1495556901258082,VV6-756,HT13-VALUE-BP,member_0049,member_0012,120,False,28
S01,B04,0.1408377664043733,0.1408377664043733,VV6-500,OSR2-DD120,member_0050,member_0007,120,False,29
S01,U06,-0.1344675258708159,0.1344675258708159,VV6-500,GP-0004,member_0050,cand_0089,2,False,30
S01,B12,0.1239850086783851,0.1239850086783851,VV6-756,HT13-VALUE-SP,member_0049,member_0015,120,False,31
S01,U09,-0.1219135573226929,0.1219135573226929,VV6-756,bhv_mom250_20,member_0049,cand_0032,120,False,32
S01,U02,0.1075467625682364,0.1075467625682364,VV6-500,GP-0008,member_0050,cand_0093,120,False,33
S01,N20,-0.0832135757713127,0.0832135757713127,VV6-756,OSR-DD20-20D,member_0049,member_0042,120,False,34
S01,B09,0.0830749592733424,0.0830749592733424,VV6-500,OSR2-DD60,member_0050,member_0013,120,False,35
S01,U07,0.0821354414794467,0.0821354414794467,VV6-500,GP-0013,member_0050,cand_0098,120,False,36
S01,N11,-0.0610024461503457,0.0610024461503457,VV6-756,HT13-QUALITY-CASH-DEBT,member_0049,member_0037,120,False,37
S01,N02,-0.0556731847359009,0.0556731847359009,VV6-500,HT13-GROWTH-NP,member_0050,member_0026,120,False,38
S01,U08,-0.0534275644919956,0.0534275644919956,VV6-756,GP-0015,member_0049,cand_0100,120,False,39
S01,N04,0.0506592848690897,0.0506592848690897,VV6-756,NEW-HIST-ROE-6Q,member_0049,member_0027,120,False,40
S01,N06,-0.0461117744141918,0.0461117744141918,VV6-756,HT13-VALUE-OCFP-LOW-PCF,member_0049,member_0029,120,False,41
S01,N29,0.0324077862704701,0.0324077862704701,VV6-500,REPORT-HIST-NETMARGIN-6Q-10D-20260910,member_0050,member_0045,120,False,42
S01,N05,-0.0311079149238246,0.0311079149238246,VV6-500,HT13-VALUE-EP,member_0050,member_0028,120,False,43
S01,N31,0.0279359342995065,0.0279359342995065,VV6-500,HT13-NEW-HIST-GPM-6Q,member_0050,member_0047,120,False,44
S01,U05,-0.0244169908590809,0.0244169908590809,VV6-756,F-NET03,member_0049,cand_0019,120,False,45
S01,N07,-0.0183565283838059,0.0183565283838059,VV6-756,HT13-GROWTH-OCF,member_0049,member_0030,120,False,46
S01,N23,-0.0170411709085148,0.0170411709085148,VV6-500,OSR2-MODERATE-DD60,member_0050,member_0043,120,False,47
S01,U10,-0.0068919794190317,0.0068919794190317,VV6-756,bhv_on20,member_0049,cand_0033,120,False,48
S01,N30,0.004886066019174,0.004886066019174,VV6-756,REPORT-HIST-ASSETTURN-6Q-10D-20260910,member_0049,member_0046,120,False,49
S02,S04,0.8530403440498255,0.8530403440498255,LAMD10-K5V2,comp-amihud20-vs500,member_0051,member_0056,120,True,1
S02,B01,-0.8029949917758373,0.8029949917758373,LAMD10-K5V2,V5-V01,member_0051,member_0058,120,True,2
S02,S01,0.7583989811847746,0.7583989811847746,comp-amt60-vs500-retrev20,VV6-500,member_0055,member_0050,120,False,3
S02,B06,0.6688070563490526,0.6688070563490526,LAMD10-K5V2,F-NET01-PLAT-20260914,member_0051,member_0011,120,False,4
S02,N01,0.6440496998757529,0.6440496998757529,comp-amt60-vs500-retrev20,DLS14-STREV-20D,member_0055,member_0017,120,False,5
S02,U03,0.6404874650640598,0.6404874650640598,comp-amt60-vs500-retrev20,AGP04W,member_0055,cand_0026,120,False,6
S02,S05,-0.635150121057426,0.635150121057426,LAMD20-K5V2,V4R01,member_0053,member_0057,120,False,7
S02,N09,0.6337790984364208,0.6337790984364208,LAMD0-K8V2,NONHT-MAX-LOW-21D,member_0052,member_0033,120,False,8
S02,B02,-0.6103072621495812,0.6103072621495812,LAMD10-K5V2,HT13-TURN-BIAS-1M,member_0051,member_0004,120,False,9
S02,N08,-0.6056100297038896,0.6056100297038896,LAMD10-K5V2,HT13-TURN-STD-1M,member_0051,member_0031,120,False,10
S02,U12,0.5825549598934935,0.5825549598934935,LAMD0-K8V2,ct_ar,member_0052,cand_0055,120,False,11
S02,SEP-isolated,-0.5591379623159735,0.5591379623159735,LAMD10-K5V2,V6-V01,member_0051,member_0059,120,False,12
S02,U11,0.5059481407253671,0.5059481407253671,LAMD10-K5V2,ct_amp10,member_0051,cand_0050,120,False,13
S02,B03,0.4851855236926273,0.4851855236926273,comp-amt60-vs500-retrev20,OSR2-RET40,member_0055,member_0006,120,False,14
S02,U04,0.4800962142937863,0.4800962142937863,LAMD0-K8V2,BHV-LIMITUP20-20261003,member_0052,cand_0003,120,False,15
S02,N32,0.4793146188949927,0.4793146188949927,LAMD0-K8V2,HT13-NEW-ALPHA40,member_0052,member_0048,120,False,16
S02,B05,0.4772645042633054,0.4772645042633054,comp-amt60-vs500-retrev20,NONHT-CHIP-COST-250,member_0055,member_0009,120,False,17
S02,U14,0.4312868491793003,0.4312868491793003,LAMD0-K8V2,ct_pvcorr30,member_0052,cand_0060,120,False,18
S02,U13,0.4229725835755776,0.4229725835755776,LAMD20-K5V2,ct_obv,member_0053,cand_0061,120,False,19
S02,N19,0.3624166618077815,0.3624166618077815,LAMD0-K8V2,OSR-RET5-20D,member_0052,member_0041,120,False,20
S02,N14,0.3178067658678122,0.3178067658678122,LAMD0-K8V2,HT13-ALPHA44,member_0052,member_0039,120,False,21
S02,U10,-0.3063859371241449,0.3063859371241449,LAMD20-K5V2,bhv_on20,member_0053,cand_0033,120,False,22
S02,B04,0.3046894033938203,0.3046894033938203,comp-amt60-vs500-retrev20,OSR2-DD120,member_0055,member_0007,120,False,23
S02,N16,0.2997154179954172,0.2997154179954172,LAMD0-K8V2,NONHT-SKEW-LOW-60D,member_0052,member_0040,120,False,24
S02,B08,0.2916961815973307,0.2916961815973307,LAMD20-K5V2,HT13-VALUE-BP,member_0053,member_0012,120,False,25
S02,B09,0.2851810987919787,0.2851810987919787,comp-amt60-vs500-retrev20,OSR2-DD60,member_0055,member_0013,120,False,26
S02,U07,0.2464554912365321,0.2464554912365321,LAMD10-K5V2,GP-0013,member_0051,cand_0098,120,False,27
S02,U06,-0.2368623164357783,0.2368623164357783,LAMD20-K5V2,GP-0004,member_0053,cand_0089,2,False,28
S02,U02,0.2366897931116346,0.2366897931116346,comp-amt60-vs500-retrev20,GP-0006,member_0055,cand_0091,120,False,29
S02,U09,-0.2355721522523062,0.2355721522523062,LAMD10-K5V2,bhv_mom250_20,member_0051,cand_0032,120,False,30
S02,N05,0.22755170318691,0.22755170318691,LAMD20-K5V2,HT13-VALUE-EP,member_0053,member_0028,120,False,31
S02,U01,0.2259877275015174,0.2259877275015174,LAMD10-K5V2,F-NET01,member_0051,cand_0017,120,False,32
S02,N20,0.2150612471208354,0.2150612471208354,comp-amt60-vs500-retrev20,OSR-DD20-20D,member_0055,member_0042,120,False,33
S02,N12,-0.1566234505068953,0.1566234505068953,LAMD0-K8V2,HT13-HIST-EP-2Q,member_0052,member_0038,120,False,34
S02,N10,-0.1438210584208981,0.1438210584208981,comp-amt60-vs500-retrev20,HT13-QUALITY-ROE,member_0055,member_0035,120,False,35
S02,N27,0.1420295824235866,0.1420295824235866,LAMD20-K5V2,paper-derived-roe,member_0053,member_0044,120,False,36
S02,B12,0.1370484151511891,0.1370484151511891,LAMD0-K8V2,HT13-VALUE-SP,member_0052,member_0015,120,False,37
S02,N02,-0.1349074224840359,0.1349074224840359,LAMD10-K5V2,HT13-GROWTH-NP,member_0051,member_0026,120,False,38
S02,U08,0.1297391845307665,0.1297391845307665,LAMD20-K5V2,GP-0015,member_0053,cand_0100,120,False,39
S02,N29,0.1088891975406764,0.1088891975406764,LAMD10-K5V2,REPORT-HIST-NETMARGIN-6Q-10D-20260910,member_0051,member_0045,120,False,40
S02,N04,0.1054385492204062,0.1054385492204062,LAMD10-K5V2,NEW-HIST-ROE-6Q,member_0051,member_0027,120,False,41
S02,N23,0.0833989914194655,0.0833989914194655,LAMD20-K5V2,OSR2-MODERATE-DD60,member_0053,member_0043,120,False,42
S02,B10,-0.0831737310206639,0.0831737310206639,comp-amt60-vs500-retrev20,paper-derived-asset-growth,member_0055,member_0014,120,False,43
S02,N31,0.0805244632813007,0.0805244632813007,LAMD10-K5V2,HT13-NEW-HIST-GPM-6Q,member_0051,member_0047,120,False,44
S02,N11,0.0761041417507043,0.0761041417507043,LAMD20-K5V2,HT13-QUALITY-CASH-DEBT,member_0053,member_0037,120,False,45
S02,U05,0.0692561479677383,0.0692561479677383,LAMD20-K5V2,F-NET03,member_0053,cand_0019,120,False,46
S02,N06,-0.0615838517102514,0.0615838517102514,LAMD10-K5V2,HT13-VALUE-OCFP-LOW-PCF,member_0051,member_0029,120,False,47
S02,N30,0.0599759177431898,0.0599759177431898,LAMD20-K5V2,REPORT-HIST-ASSETTURN-6Q-10D-20260910,member_0053,member_0046,120,False,48
S02,N07,-0.025634715058706,0.025634715058706,comp-amt60-vs500-retrev20,HT13-GROWTH-OCF,member_0055,member_0030,120,False,49
S04,S02,0.8530403440498255,0.8530403440498255,comp-amihud20-vs500,LAMD10-K5V2,member_0056,member_0051,120,True,1
S04,S01,0.7428545839182522,0.7428545839182522,comp-amihud20-vs500,VV6-500,member_0056,member_0050,120,False,2
S04,B01,-0.7331549731178264,0.7331549731178264,comp-amihud20-vs500,V5-V01,member_0056,member_0058,120,False,3
S04,B06,0.6544255490074914,0.6544255490074914,comp-amihud20-vs500,F-NET01-PLAT-20260914,member_0056,member_0011,120,False,4
S04,B02,-0.5644983954951893,0.5644983954951893,comp-pvcorr20-amihud20-vs500,HT13-TURN-BIAS-1M,member_0054,member_0004,120,False,5
S04,S05,-0.4949786771851189,0.4949786771851189,comp-pvcorr20-amihud20-vs500,V4R01,member_0054,member_0057,120,False,6
S04,N32,0.4839083779738676,0.4839083779738676,comp-pvcorr20-amihud20-vs500,HT13-NEW-ALPHA40,member_0054,member_0048,120,False,7
S04,U14,0.4786551120687659,0.4786551120687659,comp-pvcorr20-amihud20-vs500,ct_pvcorr30,member_0054,cand_0060,120,False,8
S04,N08,-0.4417660319369683,0.4417660319369683,comp-pvcorr20-amihud20-vs500,HT13-TURN-STD-1M,member_0054,member_0031,120,False,9
S04,U02,0.4307328814186895,0.4307328814186895,comp-amihud20-vs500,GP-0006,member_0056,cand_0091,120,False,10
S04,N09,0.4207646394351478,0.4207646394351478,comp-pvcorr20-amihud20-vs500,NONHT-MAX-LOW-21D,member_0054,member_0033,120,False,11
S04,U12,0.4205282039594623,0.4205282039594623,comp-pvcorr20-amihud20-vs500,ct_ar,member_0054,cand_0055,120,False,12
S04,U11,0.4050943610329494,0.4050943610329494,comp-pvcorr20-amihud20-vs500,ct_amp10,member_0054,cand_0050,120,False,13
S04,U07,0.3863299589937922,0.3863299589937922,comp-amihud20-vs500,GP-0013,member_0056,cand_0098,120,False,14
S04,SEP-isolated,-0.369360181954761,0.369360181954761,comp-pvcorr20-amihud20-vs500,V6-V01,member_0054,member_0059,120,False,15
S04,U04,0.3523366782869053,0.3523366782869053,comp-pvcorr20-amihud20-vs500,BHV-LIMITUP20-20261003,member_0054,cand_0003,120,False,16
S04,U03,0.3460771163910515,0.3460771163910515,comp-pvcorr20-amihud20-vs500,AGP04W,member_0054,cand_0026,120,False,17
S04,B03,0.3429736820792474,0.3429736820792474,comp-pvcorr20-amihud20-vs500,OSR2-RET40,member_0054,member_0006,120,False,18
S04,B05,0.3290111435166649,0.3290111435166649,comp-amihud20-vs500,NONHT-CHIP-COST-250,member_0056,member_0009,120,False,19
S04,N14,0.3186043394943187,0.3186043394943187,comp-pvcorr20-amihud20-vs500,HT13-ALPHA44,member_0054,member_0039,120,False,20
S04,N01,0.3120305715259013,0.3120305715259013,comp-pvcorr20-amihud20-vs500,F-A18,member_0054,member_0016,120,False,21
S04,U13,0.2666262906992824,0.2666262906992824,comp-amihud20-vs500,ct_obv,member_0056,cand_0061,120,False,22
S04,N16,0.255304836211552,0.255304836211552,comp-pvcorr20-amihud20-vs500,NONHT-SKEW-LOW-60D,member_0054,member_0040,120,False,23
S04,N10,-0.2414486791286958,0.2414486791286958,comp-amihud20-vs500,HT13-QUALITY-ROE,member_0056,member_0035,120,False,24
S04,U01,0.2249948894906962,0.2249948894906962,comp-amihud20-vs500,F-NET01,member_0056,cand_0017,120,False,25
S04,U06,-0.2000050883848309,0.2000050883848309,comp-amihud20-vs500,GP-0004,member_0056,cand_0089,2,False,26
S04,U08,0.1938538422286381,0.1938538422286381,comp-amihud20-vs500,GP-0015,member_0056,cand_0100,120,False,27
S04,N27,-0.1895395469753321,0.1895395469753321,comp-amihud20-vs500,paper-derived-roe,member_0056,member_0044,120,False,28
S04,U09,-0.1700814789399494,0.1700814789399494,comp-amihud20-vs500,bhv_mom250_20,member_0056,cand_0032,120,False,29
S04,B04,0.1657321280455734,0.1657321280455734,comp-pvcorr20-amihud20-vs500,OSR2-DD120,member_0054,member_0007,120,False,30
S04,U10,-0.1636597349038332,0.1636597349038332,comp-pvcorr20-amihud20-vs500,bhv_on20,member_0054,cand_0033,120,False,31
S04,N02,-0.1493018597526082,0.1493018597526082,comp-amihud20-vs500,HT13-GROWTH-NP,member_0056,member_0026,120,False,32
S04,B08,0.1478948818462279,0.1478948818462279,comp-amihud20-vs500,HT13-VALUE-BP,member_0056,member_0012,120,False,33
S04,B10,-0.1381384919075639,0.1381384919075639,comp-amihud20-vs500,paper-derived-asset-growth,member_0056,member_0014,120,False,34
S04,N05,-0.1370915239233056,0.1370915239233056,comp-amihud20-vs500,HT13-VALUE-EP,member_0056,member_0028,120,False,35
S04,B09,0.1228094820469522,0.1228094820469522,comp-pvcorr20-amihud20-vs500,OSR2-DD60,member_0054,member_0013,120,False,36
S04,N19,0.1166677665159217,0.1166677665159217,comp-pvcorr20-amihud20-vs500,OSR-RET5-20D,member_0054,member_0041,120,False,37
S04,N04,0.1125670498045868,0.1125670498045868,comp-amihud20-vs500,NEW-HIST-ROE-6Q,member_0056,member_0027,120,False,38
S04,N29,0.1111133127051098,0.1111133127051098,comp-amihud20-vs500,REPORT-HIST-NETMARGIN-6Q-10D-20260910,member_0056,member_0045,120,False,39
S04,N31,0.1008056791907851,0.1008056791907851,comp-amihud20-vs500,HT13-NEW-HIST-GPM-6Q,member_0056,member_0047,120,False,40
S04,N11,-0.0777217564732854,0.0777217564732854,comp-amihud20-vs500,HT13-QUALITY-CASH-DEBT,member_0056,member_0037,120,False,41
S04,N12,-0.0667784137288062,0.0667784137288062,comp-pvcorr20-amihud20-vs500,HT13-HIST-EP-2Q,member_0054,member_0038,120,False,42
S04,B12,0.0535741544735776,0.0535741544735776,comp-pvcorr20-amihud20-vs500,HT13-VALUE-SP,member_0054,member_0015,120,False,43
S04,N20,-0.0412144507119062,0.0412144507119062,comp-pvcorr20-amihud20-vs500,OSR-DD20-20D,member_0054,member_0042,120,False,44
S04,U05,0.0365376739509196,0.0365376739509196,comp-amihud20-vs500,F-NET03,member_0056,cand_0019,120,False,45
S04,N30,0.0362821593000875,0.0362821593000875,comp-amihud20-vs500,REPORT-HIST-ASSETTURN-6Q-10D-20260910,member_0056,member_0046,120,False,46
S04,N07,-0.0301837479944004,0.0301837479944004,comp-amihud20-vs500,HT13-GROWTH-OCF,member_0056,member_0030,120,False,47
S04,N23,0.0296144929828945,0.0296144929828945,comp-amihud20-vs500,OSR2-MODERATE-DD60,member_0056,member_0043,120,False,48
S04,N06,-0.0219474802130316,0.0219474802130316,comp-pvcorr20-amihud20-vs500,HT13-VALUE-OCFP-LOW-PCF,member_0054,member_0029,120,False,49
S05,U13,-0.728398742952422,0.728398742952422,V7-V01,ct_obv,member_0060,cand_0061,120,False,1
S05,B01,-0.709587186376236,0.709587186376236,V4R01,H03-T10-SINGLE,member_0057,member_0000,120,False,2
S05,S02,-0.635150121057426,0.635150121057426,V4R01,LAMD20-K5V2,member_0057,member_0053,120,False,3
S05,S04,-0.4949786771851189,0.4949786771851189,V4R01,comp-pvcorr20-amihud20-vs500,member_0057,member_0054,120,False,4
S05,U01,0.4898723044602612,0.4898723044602612,V7-V01,GP-0022,member_0060,cand_0107,120,False,5
S05,U02,-0.4267769302802431,0.4267769302802431,V4R01,GP-0005,member_0057,cand_0090,120,False,6
S05,B02,0.4088232307305173,0.4088232307305173,V4R01,HT13-TURN-BIAS-1M,member_0057,member_0004,120,False,7
S05,N12,0.3819256516249726,0.3819256516249726,V4R01,HT13-HIST-EP-2Q,member_0057,member_0038,120,False,8
S05,U07,-0.3533081977132642,0.3533081977132642,V4R01,GP-0013,member_0057,cand_0098,120,False,9
S05,N09,0.2927346390216642,0.2927346390216642,V4R01,HT13-VOL-STD-1M,member_0057,member_0032,120,False,10
S05,U14,-0.268954577311835,0.268954577311835,V4R01,ct_pvcorr30,member_0057,cand_0060,120,False,11
S05,N08,0.242526140135655,0.242526140135655,V4R01,HT13-TURN-STD-1M,member_0057,member_0031,120,False,12
S05,N20,0.231540233395706,0.231540233395706,V4R01,OSR-DD20-20D,member_0057,member_0042,120,False,13
S05,U04,-0.2269695238139685,0.2269695238139685,V4R01,BHV-LIMITUP20-20261003,member_0057,cand_0003,120,False,14
S05,B06,-0.221546316922884,0.221546316922884,V4R01,F-NET01-PLAT-20260914,member_0057,member_0011,120,False,15
S05,B12,0.2200411343142164,0.2200411343142164,V7-V01,HT13-VALUE-SP,member_0060,member_0015,120,False,16
S05,B09,0.2192740961682786,0.2192740961682786,V7-V01,OSR2-DD60,member_0060,member_0013,120,False,17
S05,U12,-0.2134651597832136,0.2134651597832136,V4R01,ct_ar,member_0057,cand_0055,120,False,18
S05,U09,0.1931354973752838,0.1931354973752838,V7-V01,bhv_mom250_20,member_0060,cand_0032,120,False,19
S05,B05,0.1908430244153878,0.1908430244153878,V4R01,HT13-MOMENTUM-120D-D0,member_0057,member_0008,120,False,20
S05,U11,-0.1840343877130407,0.1840343877130407,V4R01,ct_amp10,member_0057,cand_0050,120,False,21
S05,U06,-0.1727085691275209,0.1727085691275209,V7-V01,GP-0004,member_0060,cand_0089,2,False,22
S05,U10,0.1684473213767253,0.1684473213767253,V4R01,bhv_on20,member_0057,cand_0033,120,False,23
S05,N14,-0.1679521362896188,0.1679521362896188,V4R01,HT13-ALPHA44,member_0057,member_0039,120,False,24
S05,S01,-0.1675754108072463,0.1675754108072463,V4R01,VV6-756,member_0057,member_0049,120,False,25
S05,U08,-0.1549421740244244,0.1549421740244244,V7-V01,GP-0015,member_0060,cand_0100,120,False,26
S05,U03,-0.1525486259595067,0.1525486259595067,V4R01,bhv_on_minus_id,member_0057,cand_0034,120,False,27
S05,B10,-0.151844431898901,0.151844431898901,V7-V01,paper-derived-asset-growth,member_0060,member_0014,120,False,28
S05,N27,-0.1462162825760797,0.1462162825760797,V7-V01,paper-derived-roe,member_0060,member_0044,120,False,29
S05,B04,0.1384768591962081,0.1384768591962081,V7-V01,OSR2-DD120,member_0060,member_0007,120,False,30
S05,N16,-0.1315795054244611,0.1315795054244611,V7-V01,NONHT-SKEW-LOW-60D,member_0060,member_0040,120,False,31
S05,B08,0.1309199047195527,0.1309199047195527,V7-V01,HT13-VALUE-BP,member_0060,member_0012,120,False,32
S05,N06,-0.1181835760017758,0.1181835760017758,V7-V01,HT13-VALUE-OCFP-LOW-PCF,member_0060,member_0029,120,False,33
S05,N32,-0.1112997470558429,0.1112997470558429,V4R01,HT13-NEW-ALPHA40,member_0057,member_0048,120,False,34
S05,B03,-0.110867051467323,0.110867051467323,V4R01,OSR2-RET40,member_0057,member_0006,120,False,35
S05,N31,0.0839831942600417,0.0839831942600417,V7-V01,HT13-NEW-HIST-GPM-6Q,member_0060,member_0047,120,False,36
S05,N10,-0.0742646411345451,0.0742646411345451,V7-V01,REPORT-ROIC-TTM-10D-20260910,member_0060,member_0036,120,False,37
S05,N04,0.0700631092137177,0.0700631092137177,V7-V01,NEW-HIST-ROE-6Q,member_0060,member_0027,120,False,38
S05,N05,-0.053080189207945,0.053080189207945,V7-V01,HT13-VALUE-EP,member_0060,member_0028,120,False,39
S05,SEP-isolated,0.0463837182185286,0.0463837182185286,V4R01,V6-V01,member_0057,member_0059,120,False,40
S05,U05,-0.0433224900771049,0.0433224900771049,V7-V01,F-NET03,member_0060,cand_0019,120,False,41
S05,N30,0.0432266942207628,0.0432266942207628,V7-V01,REPORT-HIST-ASSETTURN-6Q-10D-20260910,member_0060,member_0046,120,False,42
S05,N23,0.0359556800161355,0.0359556800161355,V4R01,OSR2-MODERATE-DD60,member_0057,member_0043,120,False,43
S05,N01,0.0324089717945784,0.0324089717945784,V7-V01,OSR-MA20-20D,member_0060,member_0020,120,False,44
S05,N29,0.0301592645373256,0.0301592645373256,V7-V01,REPORT-HIST-NETMARGIN-6Q-10D-20260910,member_0060,member_0045,120,False,45
S05,N02,0.0272967268415137,0.0272967268415137,V4R01,HT13-GROWTH-NP,member_0057,member_0026,120,False,46
S05,N19,0.0245185985797992,0.0245185985797992,V7-V01,OSR-RET5-20D,member_0060,member_0041,120,False,47
S05,N11,-0.021295776699497,0.021295776699497,V7-V01,HT13-QUALITY-CASH-DEBT,member_0060,member_0037,120,False,48
S05,N07,0.0183780646437262,0.0183780646437262,V4R01,HT13-GROWTH-OCF,member_0057,member_0030,120,False,49
SEP-isolated,U01,-0.7809749002700456,0.7809749002700456,V6-V01,GP-0022,member_0059,cand_0107,120,False,1
SEP-isolated,B06,-0.7412126598240187,0.7412126598240187,V6-V01,F-NET01-PLAT-20260914,member_0059,member_0011,120,False,2
SEP-isolated,B08,-0.6360251687088099,0.6360251687088099,V6-V01,HT13-VALUE-BP,member_0059,member_0012,120,False,3
SEP-isolated,N09,0.58863241724867,0.58863241724867,V6-V01,HT13-VOL-STD-1M,member_0059,member_0032,120,False,4
SEP-isolated,N08,0.5776315672880726,0.5776315672880726,V6-V01,HT13-TURN-STD-1M,member_0059,member_0031,120,False,5
SEP-isolated,B01,0.5667238494666252,0.5667238494666252,V6-V01,V5-V01,member_0059,member_0058,120,False,6
SEP-isolated,S02,-0.5591379623159735,0.5591379623159735,V6-V01,LAMD10-K5V2,member_0059,member_0051,120,False,7
SEP-isolated,U11,-0.4731888768046065,0.4731888768046065,V6-V01,ct_amp10,member_0059,cand_0050,120,False,8
SEP-isolated,N32,-0.4537846329877741,0.4537846329877741,V6-V01,HT13-NEW-ALPHA40,member_0059,member_0048,120,False,9
SEP-isolated,B12,-0.4137532569524861,0.4137532569524861,V6-V01,HT13-VALUE-SP,member_0059,member_0015,120,False,10
SEP-isolated,S04,-0.369360181954761,0.369360181954761,V6-V01,comp-pvcorr20-amihud20-vs500,member_0059,member_0054,120,False,11
SEP-isolated,B02,0.3212970020758675,0.3212970020758675,V6-V01,HT13-TURN-BIAS-1M,member_0059,member_0004,120,False,12
SEP-isolated,N20,0.3049001721729877,0.3049001721729877,V6-V01,OSR-DD20-20D,member_0059,member_0042,120,False,13
SEP-isolated,U04,-0.3009778066723431,0.3009778066723431,V6-V01,BHV-LIMITUP20-20261003,member_0059,cand_0003,120,False,14
SEP-isolated,U09,0.2948328022551631,0.2948328022551631,V6-V01,bhv_mom250_20,member_0059,cand_0032,120,False,15
SEP-isolated,U02,0.2784468563559058,0.2784468563559058,V6-V01,GP-0006,member_0059,cand_0091,120,False,16
SEP-isolated,S01,-0.2704183340418247,0.2704183340418247,V6-V01,VV6-756,member_0059,member_0049,120,False,17
SEP-isolated,N06,0.2616016310719266,0.2616016310719266,V6-V01,HT13-VALUE-OCFP-LOW-PCF,member_0059,member_0029,120,False,18
SEP-isolated,B05,0.2584435915059955,0.2584435915059955,V6-V01,HT13-MOMENTUM-120D-D0,member_0059,member_0008,120,False,19
SEP-isolated,B09,0.2563491614291938,0.2563491614291938,V6-V01,OSR2-DD60,member_0059,member_0013,120,False,20
SEP-isolated,N16,-0.2062701424288472,0.2062701424288472,V6-V01,NONHT-SKEW-LOW-60D,member_0059,member_0040,120,False,21
SEP-isolated,U14,-0.2061627666951005,0.2061627666951005,V6-V01,ct_pvcorr30,member_0059,cand_0060,120,False,22
SEP-isolated,U10,0.1920867155010846,0.1920867155010846,V6-V01,bhv_on20,member_0059,cand_0033,120,False,23
SEP-isolated,U12,-0.1832546751488338,0.1832546751488338,V6-V01,ct_ar,member_0059,cand_0055,120,False,24
SEP-isolated,B04,0.1792457232781029,0.1792457232781029,V6-V01,OSR2-DD120,member_0059,member_0007,120,False,25
SEP-isolated,B10,0.1732204801982229,0.1732204801982229,V6-V01,paper-derived-asset-growth,member_0059,member_0014,120,False,26
SEP-isolated,N23,-0.170435830988147,0.170435830988147,V6-V01,OSR2-MODERATE-DD60,member_0059,member_0043,120,False,27
SEP-isolated,U03,-0.1696999376043766,0.1696999376043766,V6-V01,bhv_on_minus_id,member_0059,cand_0034,120,False,28
SEP-isolated,N10,0.1528093984655248,0.1528093984655248,V6-V01,REPORT-ROIC-TTM-10D-20260910,member_0059,member_0036,120,False,29
SEP-isolated,N05,-0.1472193163653588,0.1472193163653588,V6-V01,HT13-VALUE-EP,member_0059,member_0028,120,False,30
SEP-isolated,N02,0.1345475454906856,0.1345475454906856,V6-V01,HT13-GROWTH-NP,member_0059,member_0026,120,False,31
SEP-isolated,N27,0.1200847373149923,0.1200847373149923,V6-V01,paper-derived-roe,member_0059,member_0044,120,False,32
SEP-isolated,B03,-0.1176262371423541,0.1176262371423541,V6-V01,OSR2-RET40,member_0059,member_0006,120,False,33
SEP-isolated,N04,-0.1108144392715477,0.1108144392715477,V6-V01,NEW-HIST-ROE-6Q,member_0059,member_0027,120,False,34
SEP-isolated,U13,0.1081669404293023,0.1081669404293023,V6-V01,ct_obv,member_0059,cand_0061,120,False,35
SEP-isolated,N14,-0.0963195409624333,0.0963195409624333,V6-V01,HT13-ALPHA44,member_0059,member_0039,120,False,36
SEP-isolated,N30,-0.0838274154796189,0.0838274154796189,V6-V01,REPORT-HIST-ASSETTURN-6Q-10D-20260910,member_0059,member_0046,120,False,37
SEP-isolated,N29,-0.0825995439959561,0.0825995439959561,V6-V01,REPORT-HIST-NETMARGIN-6Q-10D-20260910,member_0059,member_0045,120,False,38
SEP-isolated,U08,0.0806181539272326,0.0806181539272326,V6-V01,GP-0015,member_0059,cand_0100,120,False,39
SEP-isolated,U07,0.0806081227702151,0.0806081227702151,V6-V01,GP-0013,member_0059,cand_0098,120,False,40
SEP-isolated,N19,0.0649765364435569,0.0649765364435569,V6-V01,OSR-RET5-20D,member_0059,member_0041,120,False,41
SEP-isolated,N01,0.0534423300466155,0.0534423300466155,V6-V01,OSR-MA20-20D,member_0059,member_0020,120,False,42
SEP-isolated,S05,0.0463837182185286,0.0463837182185286,V6-V01,V4R01,member_0059,member_0057,120,False,43
SEP-isolated,N12,-0.032255331560171,0.032255331560171,V6-V01,HT13-HIST-EP-2Q,member_0059,member_0038,120,False,44
SEP-isolated,N31,-0.0238382170217527,0.0238382170217527,V6-V01,HT13-NEW-HIST-GPM-6Q,member_0059,member_0047,120,False,45
SEP-isolated,U05,0.0136980548939385,0.0136980548939385,V6-V01,F-NET03,member_0059,cand_0019,120,False,46
SEP-isolated,N07,0.0106564691765371,0.0106564691765371,V6-V01,HT13-GROWTH-OCF,member_0059,member_0030,120,False,47
SEP-isolated,N11,0.0105767804349327,0.0105767804349327,V6-V01,HT13-QUALITY-CASH-DEBT,member_0059,member_0037,120,False,48
U01,SEP-isolated,-0.7809749002700456,0.7809749002700456,GP-0022,V6-V01,cand_0107,member_0059,120,False,1
U01,B06,0.6902886633296378,0.6902886633296378,GP-0022,F-NET01-PLAT-20260914,cand_0107,member_0011,120,False,2
U01,B08,0.5051215442521378,0.5051215442521378,F-NET01,HT13-VALUE-BP,cand_0017,member_0012,120,False,3
U01,S05,0.4898723044602612,0.4898723044602612,GP-0022,V7-V01,cand_0107,member_0060,120,False,4
U01,U13,-0.4438109627575911,0.4438109627575911,GP-0022,ct_obv,cand_0107,cand_0061,120,False,5
U01,B12,0.4232731891169631,0.4232731891169631,F-NET01,HT13-VALUE-SP,cand_0017,member_0015,120,False,6
U01,B10,-0.4190373410197207,0.4190373410197207,GP-0011,paper-derived-asset-growth,cand_0096,member_0014,120,False,7
U01,N27,-0.4034884483226559,0.4034884483226559,GP-0011,paper-derived-roe,cand_0096,member_0044,120,False,8
U01,N32,0.3764583344487207,0.3764583344487207,F-NET01,HT13-NEW-ALPHA40,cand_0017,member_0048,120,False,9
U01,N09,-0.3736752338921826,0.3736752338921826,F-NET01,HT13-VOL-STD-1M,cand_0017,member_0032,120,False,10
U01,N10,-0.3425136321615613,0.3425136321615613,GP-0011,HT13-QUALITY-ROE,cand_0096,member_0035,120,False,11
U01,S01,0.3214711958547799,0.3214711958547799,F-NET01,VV6-756,cand_0017,member_0049,120,False,12
U01,U11,0.3022864810851164,0.3022864810851164,F-NET01,ct_amp10,cand_0017,cand_0050,120,False,13
U01,U06,-0.2846655666795561,0.2846655666795561,GP-0022,GP-0004,cand_0107,cand_0089,2,False,14
U01,S02,0.2259877275015174,0.2259877275015174,F-NET01,LAMD10-K5V2,cand_0017,member_0051,120,False,15
U01,N20,-0.2257952454387654,0.2257952454387654,F-NET02,OSR-DD20-20D,cand_0018,member_0042,120,False,16
U01,S04,0.2249948894906962,0.2249948894906962,F-NET01,comp-amihud20-vs500,cand_0017,member_0056,120,False,17
U01,N06,-0.2246131663788441,0.2246131663788441,F-NET01,HT13-VALUE-OCFP-LOW-PCF,cand_0017,member_0029,120,False,18
U01,B01,-0.2120086649498374,0.2120086649498374,GP-0011,SIZE-ONLY-20260911,cand_0096,member_0001,120,False,19
U01,B09,-0.2047499411286616,0.2047499411286616,F-NET02,OSR2-DD60,cand_0018,member_0013,120,False,20
U01,B04,-0.1720737195667835,0.1720737195667835,F-NET02,OSR2-DD120,cand_0018,member_0007,120,False,21
U01,B05,0.1687842399153097,0.1687842399153097,F-NET01,NONHT-CHIP-COST-250,cand_0017,member_0009,120,False,22
U01,U09,-0.1632777624280513,0.1632777624280513,GP-0019,bhv_mom250_20,cand_0104,cand_0032,120,False,23
U01,U08,-0.1352407489871944,0.1352407489871944,GP-0011,GP-0015,cand_0096,cand_0100,120,False,24
U01,N16,0.1272392676881468,0.1272392676881468,F-NET01,NONHT-SKEW-LOW-60D,cand_0017,member_0040,120,False,25
U01,N08,-0.1238754286218521,0.1238754286218521,F-NET01,HT13-TURN-STD-1M,cand_0017,member_0031,120,False,26
U01,N11,-0.1124845337726173,0.1124845337726173,GP-0011,HT13-QUALITY-CASH-DEBT,cand_0096,member_0037,120,False,27
U01,U04,0.1102280101580454,0.1102280101580454,F-NET01,BHV-LIMITUP20-20261003,cand_0017,cand_0003,120,False,28
U01,N02,-0.1014271144554962,0.1014271144554962,GP-0022,HT13-GROWTH-NP,cand_0107,member_0026,120,False,29
U01,U12,0.0981113498068908,0.0981113498068908,GP-0014,ct_ar,cand_0099,cand_0055,120,False,30
U01,U02,-0.0951121756799564,0.0951121756799564,GP-0022,GP-0006,cand_0107,cand_0091,120,False,31
U01,N12,-0.0837408869914461,0.0837408869914461,GP-0019,HT13-HIST-EP-2Q,cand_0104,member_0038,120,False,32
U01,N23,0.076310071082779,0.076310071082779,GP-0022,OSR2-MODERATE-DD60,cand_0107,member_0043,120,False,33
U01,N04,0.076000799031356,0.076000799031356,GP-0011,NEW-HIST-ROE-6Q,cand_0096,member_0027,120,False,34
U01,N05,-0.0652142883074999,0.0652142883074999,GP-0011,HT13-VALUE-EP,cand_0096,member_0028,120,False,35
U01,N14,0.0641654719762609,0.0641654719762609,GP-0014,HT13-ALPHA44,cand_0099,member_0039,120,False,36
U01,U05,-0.0555906214967476,0.0555906214967476,GP-0011,F-NET03,cand_0096,cand_0019,120,False,37
U01,B03,0.0547638658410648,0.0547638658410648,F-NET01,OSR2-RET40,cand_0017,member_0006,120,False,38
U01,U14,-0.0542872836143008,0.0542872836143008,F-NET02,ct_pvcorr30,cand_0018,cand_0060,120,False,39
U01,U03,0.0381288144573808,0.0381288144573808,GP-0014,AGP04W,cand_0099,cand_0026,120,False,40
U01,N01,-0.0372821142344998,0.0372821142344998,F-NET01,WF6AA4-D0-OPEN20-MOM-20260912,cand_0017,member_0023,120,False,41
U01,N30,0.0335314461109236,0.0335314461109236,GP-0022,REPORT-HIST-ASSETTURN-6Q-10D-20260910,cand_0107,member_0046,120,False,42
U01,N19,-0.0320173515237673,0.0320173515237673,GP-0022,OSR-RET5-20D,cand_0107,member_0041,120,False,43
U01,B02,-0.0272949881485057,0.0272949881485057,F-NET01,HT13-TURN-BIAS-1M,cand_0017,member_0004,120,False,44
U01,N07,-0.0264768518870401,0.0264768518870401,GP-0019,HT13-GROWTH-OCF,cand_0104,member_0030,120,False,45
U01,N29,0.0232525432069284,0.0232525432069284,GP-0014,REPORT-HIST-NETMARGIN-6Q-10D-20260910,cand_0099,member_0045,120,False,46
U01,N31,0.0212730998182445,0.0212730998182445,GP-0022,HT13-NEW-HIST-GPM-6Q,cand_0107,member_0047,120,False,47
U01,U07,-0.0159852328311361,0.0159852328311361,GP-0022,GP-0013,cand_0107,cand_0098,120,False,48
U01,U10,-0.0132025406159823,0.0132025406159823,GP-0022,bhv_on20,cand_0107,cand_0033,120,False,49
U02,B01,-0.7846544115876752,0.7846544115876752,GP-0006,SIZE-ONLY-20260911,cand_0091,member_0001,120,False,1
U02,U07,0.6346634550167034,0.6346634550167034,GP-0005,GP-0013,cand_0090,cand_0098,120,False,2
U02,B12,-0.5020833776287827,0.5020833776287827,GP-0005,HT13-VALUE-SP,cand_0090,member_0015,120,False,3
U02,B08,-0.4997074139818274,0.4997074139818274,GP-0006,HT13-VALUE-BP,cand_0091,member_0012,120,False,4
U02,N05,-0.4328447620230674,0.4328447620230674,GP-0006,HT13-VALUE-EP,cand_0091,member_0028,120,False,5
U02,S04,0.4307328814186895,0.4307328814186895,GP-0006,comp-amihud20-vs500,cand_0091,member_0056,120,False,6
U02,S05,-0.4267769302802431,0.4267769302802431,GP-0005,V4R01,cand_0090,member_0057,120,False,7
U02,N08,0.4046085981700377,0.4046085981700377,GP-0006,HT13-TURN-STD-1M,cand_0091,member_0031,120,False,8
U02,U13,0.367311784649261,0.367311784649261,GP-0005,ct_obv,cand_0090,cand_0061,120,False,9
U02,U08,0.2916468109888323,0.2916468109888323,GP-0006,GP-0015,cand_0091,cand_0100,120,False,10
U02,SEP-isolated,0.2784468563559058,0.2784468563559058,GP-0006,V6-V01,cand_0091,member_0059,120,False,11
U02,N10,-0.2675561866783086,0.2675561866783086,GP-0008,HT13-QUALITY-ROE,cand_0093,member_0035,120,False,12
U02,B06,0.2646409358774251,0.2646409358774251,GP-0006,F-NET01-PLAT-20260914,cand_0091,member_0011,120,False,13
U02,N27,-0.2595192985284886,0.2595192985284886,GP-0008,paper-derived-roe,cand_0093,member_0044,120,False,14
U02,N09,0.247355278012793,0.247355278012793,GP-0006,HT13-VOL-STD-1M,cand_0091,member_0032,120,False,15
U02,S02,0.2366897931116346,0.2366897931116346,GP-0006,comp-amt60-vs500-retrev20,cand_0091,member_0055,120,False,16
U02,U11,-0.216988961144272,0.216988961144272,GP-0006,ct_amp10,cand_0091,cand_0050,120,False,17
U02,N06,0.1904718667426793,0.1904718667426793,GP-0005,HT13-VALUE-OCFP-LOW-PCF,cand_0090,member_0029,120,False,18
U02,B10,-0.1589104247137834,0.1589104247137834,GP-0008,paper-derived-asset-growth,cand_0093,member_0014,120,False,19
U02,N11,-0.1483602128611725,0.1483602128611725,GP-0010,HT13-QUALITY-CASH-DEBT,cand_0095,member_0037,120,False,20
U02,N12,-0.1345428311416281,0.1345428311416281,GP-0005,HT13-HIST-EP-2Q,cand_0090,member_0038,120,False,21
U02,U04,-0.1311568177923672,0.1311568177923672,GP-0006,BHV-LIMITUP20-20261003,cand_0091,cand_0003,120,False,22
U02,N23,-0.1271665819076609,0.1271665819076609,GP-0010,OSR2-MODERATE-DD60,cand_0095,member_0043,120,False,23
U02,B04,0.1183225102084342,0.1183225102084342,GP-0006,OSR2-DD120,cand_0091,member_0007,120,False,24
U02,B09,0.1156684041050395,0.1156684041050395,GP-0006,OSR2-DD60,cand_0091,member_0013,120,False,25
U02,N32,-0.1110750243405864,0.1110750243405864,GP-0006,HT13-NEW-ALPHA40,cand_0091,member_0048,120,False,26
U02,S01,0.1075467625682364,0.1075467625682364,GP-0008,VV6-500,cand_0093,member_0050,120,False,27
U02,U14,-0.0979942251999236,0.0979942251999236,GP-0006,ct_pvcorr30,cand_0091,cand_0060,120,False,28
U02,U01,-0.0951121756799564,0.0951121756799564,GP-0006,GP-0022,cand_0091,cand_0107,120,False,29
U02,N20,0.0892149001214369,0.0892149001214369,GP-0006,OSR-DD20-20D,cand_0091,member_0042,120,False,30
U02,U05,0.0670157604508179,0.0670157604508179,GP-0005,F-NET03,cand_0090,cand_0019,120,False,31
U02,U09,0.0597146712027703,0.0597146712027703,GP-0006,bhv_mom250_20,cand_0091,cand_0032,120,False,32
U02,N30,-0.0560787577522391,0.0560787577522391,GP-0006,REPORT-HIST-ASSETTURN-6Q-10D-20260910,cand_0091,member_0046,120,False,33
U02,U06,-0.0552427621180676,0.0552427621180676,GP-0005,GP-0004,cand_0090,cand_0089,2,False,34
U02,N02,-0.0548618560908599,0.0548618560908599,GP-0010,HT13-GROWTH-NP,cand_0095,member_0026,120,False,35
U02,B05,0.0478261046195576,0.0478261046195576,GP-0006,HT13-MOMENTUM-120D-D0,cand_0091,member_0008,120,False,36
U02,N14,-0.0434414260797592,0.0434414260797592,GP-0006,HT13-ALPHA44,cand_0091,member_0039,120,False,37
U02,N07,-0.042850411134911,0.042850411134911,GP-0010,HT13-GROWTH-OCF,cand_0095,member_0030,120,False,38
U02,B02,-0.0414077408813893,0.0414077408813893,GP-0006,HT13-TURN-BIAS-1M,cand_0091,member_0004,120,False,39
U02,N31,-0.0393178263176915,0.0393178263176915,GP-0005,HT13-NEW-HIST-GPM-6Q,cand_0090,member_0047,120,False,40
U02,U12,0.0333303444576359,0.0333303444576359,GP-0010,ct_ar,cand_0095,cand_0055,120,False,41
U02,N04,-0.0300802697057964,0.0300802697057964,GP-0006,NEW-HIST-ROE-6Q,cand_0091,member_0027,120,False,42
U02,U10,-0.0259807387202434,0.0259807387202434,GP-0005,bhv_on20,cand_0090,cand_0033,120,False,43
U02,B03,-0.022282431369126,0.022282431369126,GP-0005,OSR2-RET40,cand_0090,member_0006,120,False,44
U02,N29,0.0190544196005493,0.0190544196005493,GP-0010,REPORT-HIST-NETMARGIN-6Q-10D-20260910,cand_0095,member_0045,120,False,45
U02,N01,0.0181166971003653,0.0181166971003653,GP-0005,WF6AA4-D0-OPEN20-MOM-20260912,cand_0090,member_0023,120,False,46
U02,U03,-0.0158513857699134,0.0158513857699134,GP-0006,AGP04W,cand_0091,cand_0026,120,False,47
U02,N16,-0.0146522926847454,0.0146522926847454,GP-0006,NONHT-SKEW-LOW-60D,cand_0091,member_0040,120,False,48
U02,N19,-0.0035988336552052,0.0035988336552052,GP-0005,OSR-RET5-20D,cand_0090,member_0041,120,False,49
U03,U12,0.7780520933447966,0.7780520933447966,AGP04W,ct_ar,cand_0026,cand_0055,120,False,1
U03,N01,0.7667550663740331,0.7667550663740331,AGP04W,DLS14-STREV-20D,cand_0026,member_0017,120,False,2
U03,U10,-0.6643631562114342,0.6643631562114342,bhv_on_minus_id,bhv_on20,cand_0034,cand_0033,120,False,3
U03,S02,0.6404874650640598,0.6404874650640598,AGP04W,comp-amt60-vs500-retrev20,cand_0026,member_0055,120,False,4
U03,B03,0.5247137343144693,0.5247137343144693,AGP04W,OSR2-RET40,cand_0026,member_0006,120,False,5
U03,B09,0.4211210712206507,0.4211210712206507,AGP04W,OSR2-DD60,cand_0026,member_0013,120,False,6
U03,B05,0.4010016850689834,0.4010016850689834,AGP04W,NONHT-CHIP-COST-250,cand_0026,member_0009,120,False,7
U03,N20,0.3783792869499442,0.3783792869499442,AGP04W,OSR-DD20-20D,cand_0026,member_0042,120,False,8
U03,B04,0.3639707197468784,0.3639707197468784,AGP04W,OSR2-DD120,cand_0026,member_0007,120,False,9
U03,S04,0.3460771163910515,0.3460771163910515,AGP04W,comp-pvcorr20-amihud20-vs500,cand_0026,member_0054,120,False,10
U03,N09,0.3439387813249183,0.3439387813249183,AGP04W,NONHT-MAX-LOW-21D,cand_0026,member_0033,120,False,11
U03,U04,0.3408546939248564,0.3408546939248564,AGP04W,BHV-LIMITUP20-20261003,cand_0026,cand_0003,120,False,12
U03,B02,-0.3031152059636623,0.3031152059636623,AGP04W,HT13-TURN-BIAS-1M,cand_0026,member_0004,120,False,13
U03,S01,0.3017868302983967,0.3017868302983967,AGP04W,VV6-500,cand_0026,member_0050,120,False,14
U03,N19,0.2944333646970197,0.2944333646970197,AGP04W,OSR-RET5-20D,cand_0026,member_0041,120,False,15
U03,N08,-0.2932407971739506,0.2932407971739506,bhv_on_minus_id,HT13-TURN-STD-1M,cand_0034,member_0031,120,False,16
U03,N32,0.2444590543488635,0.2444590543488635,AGP04W,HT13-NEW-ALPHA40,cand_0026,member_0048,120,False,17
U03,U11,0.2349341235612477,0.2349341235612477,AGP04W,ct_amp10,cand_0026,cand_0050,120,False,18
U03,B01,-0.2258640186529341,0.2258640186529341,bhv_on_minus_id,V5-V01,cand_0034,member_0058,120,False,19
U03,U14,0.2255631603294463,0.2255631603294463,AGP04W,ct_pvcorr30,cand_0026,cand_0060,120,False,20
U03,N14,0.1773365072898004,0.1773365072898004,AGP04W,HT13-ALPHA44,cand_0026,member_0039,120,False,21
U03,SEP-isolated,-0.1696999376043766,0.1696999376043766,bhv_on_minus_id,V6-V01,cand_0034,member_0059,120,False,22
U03,N12,-0.1683908682103054,0.1683908682103054,AGP04W,HT13-HIST-EP-2Q,cand_0026,member_0038,120,False,23
U03,B06,0.1583652386318399,0.1583652386318399,bhv_on_minus_id,F-NET01-PLAT-20260914,cand_0034,member_0011,120,False,24
U03,S05,-0.1525486259595067,0.1525486259595067,bhv_on_minus_id,V4R01,cand_0034,member_0057,120,False,25
U03,N16,0.145106695575999,0.145106695575999,AGP04W,NONHT-SKEW-LOW-60D,cand_0026,member_0040,120,False,26
U03,N23,-0.1315026377619027,0.1315026377619027,AGP04W,OSR2-MODERATE-DD60,cand_0026,member_0043,120,False,27
U03,U13,0.1088051992943204,0.1088051992943204,bhv_on_minus_id,ct_obv,cand_0034,cand_0061,120,False,28
U03,B08,0.1081681118949389,0.1081681118949389,bhv_on_minus_id,HT13-VALUE-BP,cand_0034,member_0012,120,False,29
U03,U06,-0.0682815047972834,0.0682815047972834,AGP04W,GP-0004,cand_0026,cand_0089,2,False,30
U03,B12,0.0622183100793743,0.0622183100793743,AGP04W,HT13-VALUE-SP,cand_0026,member_0015,120,False,31
U03,N05,0.0583533220106003,0.0583533220106003,bhv_on_minus_id,HT13-VALUE-EP,cand_0034,member_0028,120,False,32
U03,U01,0.0381288144573808,0.0381288144573808,AGP04W,GP-0014,cand_0026,cand_0099,120,False,33
U03,N06,-0.0351289095902281,0.0351289095902281,AGP04W,HT13-VALUE-OCFP-LOW-PCF,cand_0026,member_0029,120,False,34
U03,N27,0.0329814247255889,0.0329814247255889,AGP04W,paper-derived-roe,cand_0026,member_0044,120,False,35
U03,N29,0.032774132240282,0.032774132240282,AGP04W,REPORT-HIST-NETMARGIN-6Q-10D-20260910,cand_0026,member_0045,120,False,36
U03,B10,0.0327602558268538,0.0327602558268538,bhv_on_minus_id,paper-derived-asset-growth,cand_0034,member_0014,120,False,37
U03,U09,-0.0304384410483122,0.0304384410483122,bhv_on_minus_id,bhv_mom250_20,cand_0034,cand_0032,120,False,38
U03,N02,-0.0296834946739983,0.0296834946739983,AGP04W,HT13-GROWTH-NP,cand_0026,member_0026,120,False,39
U03,U07,0.0229655992575473,0.0229655992575473,bhv_on_minus_id,GP-0013,cand_0034,cand_0098,120,False,40
U03,N04,0.0209682547383862,0.0209682547383862,AGP04W,NEW-HIST-ROE-6Q,cand_0026,member_0027,120,False,41
U03,N30,0.0201295692023747,0.0201295692023747,AGP04W,REPORT-HIST-ASSETTURN-6Q-10D-20260910,cand_0026,member_0046,120,False,42
U03,N31,0.0163230511878689,0.0163230511878689,AGP04W,HT13-NEW-HIST-GPM-6Q,cand_0026,member_0047,120,False,43
U03,U02,-0.0158513857699134,0.0158513857699134,AGP04W,GP-0006,cand_0026,cand_0091,120,False,44
U03,U05,-0.0091780663282599,0.0091780663282599,AGP04W,F-NET03,cand_0026,cand_0019,120,False,45
U03,N07,-0.0090430342745674,0.0090430342745674,AGP04W,HT13-GROWTH-OCF,cand_0026,member_0030,120,False,46
U03,N10,0.0076383555471055,0.0076383555471055,bhv_on_minus_id,REPORT-ROIC-TTM-10D-20260910,cand_0034,member_0036,120,False,47
U03,U08,-0.0066384483344766,0.0066384483344766,AGP04W,GP-0015,cand_0026,cand_0100,120,False,48
U03,N11,-0.0052360555747134,0.0052360555747134,AGP04W,HT13-QUALITY-CASH-DEBT,cand_0026,member_0037,120,False,49
U04,N09,0.6604468689088538,0.6604468689088538,BHV-LIMITUP20-20261003,NONHT-MAX-LOW-21D,cand_0003,member_0033,120,False,1
U04,N08,-0.5085509727293623,0.5085509727293623,BHV-LIMITUP20-20261003,HT13-TURN-STD-1M,cand_0003,member_0031,120,False,2
U04,U11,0.4845746724478069,0.4845746724478069,BHV-LIMITUP20-20261003,ct_amp10,cand_0003,cand_0050,120,False,3
U04,S02,0.4800962142937863,0.4800962142937863,BHV-LIMITUP20-20261003,LAMD0-K8V2,cand_0003,member_0052,120,False,4
U04,B02,-0.4448722197492559,0.4448722197492559,BHV-LIMITUP20-20261003,HT13-TURN-BIAS-1M,cand_0003,member_0004,120,False,5
U04,S01,0.3882198280673928,0.3882198280673928,BHV-LIMITUP20-20261003,VV6-756,cand_0003,member_0049,120,False,6
U04,B03,0.3531117967664654,0.3531117967664654,BHV-LIMITUP20-20261003,OSR2-RET40,cand_0003,member_0006,120,False,7
U04,N01,0.3524342210763367,0.3524342210763367,BHV-LIMITUP20-20261003,DLS14-STREV-20D,cand_0003,member_0017,120,False,8
U04,S04,0.3523366782869053,0.3523366782869053,BHV-LIMITUP20-20261003,comp-pvcorr20-amihud20-vs500,cand_0003,member_0054,120,False,9
U04,U03,0.3408546939248564,0.3408546939248564,BHV-LIMITUP20-20261003,AGP04W,cand_0003,cand_0026,120,False,10
U04,N32,0.3286634295006227,0.3286634295006227,BHV-LIMITUP20-20261003,HT13-NEW-ALPHA40,cand_0003,member_0048,120,False,11
U04,N16,0.3082628605863468,0.3082628605863468,BHV-LIMITUP20-20261003,NONHT-SKEW-LOW-60D,cand_0003,member_0040,120,False,12
U04,U12,0.3010983500133787,0.3010983500133787,BHV-LIMITUP20-20261003,ct_ar,cand_0003,cand_0055,120,False,13
U04,SEP-isolated,-0.3009778066723431,0.3009778066723431,BHV-LIMITUP20-20261003,V6-V01,cand_0003,member_0059,120,False,14
U04,B05,0.3001132085946733,0.3001132085946733,BHV-LIMITUP20-20261003,NONHT-CHIP-COST-250,cand_0003,member_0009,120,False,15
U04,U14,0.2701330381552658,0.2701330381552658,BHV-LIMITUP20-20261003,ct_pvcorr30,cand_0003,cand_0060,120,False,16
U04,B01,-0.2663410225479378,0.2663410225479378,BHV-LIMITUP20-20261003,V5-V01,cand_0003,member_0058,120,False,17
U04,S05,-0.2269695238139685,0.2269695238139685,BHV-LIMITUP20-20261003,V4R01,cand_0003,member_0057,120,False,18
U04,B08,0.1920729988029252,0.1920729988029252,BHV-LIMITUP20-20261003,HT13-VALUE-BP,cand_0003,member_0012,120,False,19
U04,N14,0.1763518586711502,0.1763518586711502,BHV-LIMITUP20-20261003,HT13-ALPHA44,cand_0003,member_0039,120,False,20
U04,N05,0.1732389251841407,0.1732389251841407,BHV-LIMITUP20-20261003,HT13-VALUE-EP,cand_0003,member_0028,120,False,21
U04,B06,0.1612530538608869,0.1612530538608869,BHV-LIMITUP20-20261003,F-NET01-PLAT-20260914,cand_0003,member_0011,120,False,22
U04,N20,-0.1541885872943212,0.1541885872943212,BHV-LIMITUP20-20261003,OSR-DD20-20D,cand_0003,member_0042,120,False,23
U04,N12,-0.1459583891367097,0.1459583891367097,BHV-LIMITUP20-20261003,HT13-HIST-EP-2Q,cand_0003,member_0038,120,False,24
U04,U02,-0.1311568177923672,0.1311568177923672,BHV-LIMITUP20-20261003,GP-0006,cand_0003,cand_0091,120,False,25
U04,U06,-0.1294429180971558,0.1294429180971558,BHV-LIMITUP20-20261003,GP-0004,cand_0003,cand_0089,2,False,26
U04,B12,0.1188334519959623,0.1188334519959623,BHV-LIMITUP20-20261003,HT13-VALUE-SP,cand_0003,member_0015,120,False,27
U04,U09,-0.1172030395167668,0.1172030395167668,BHV-LIMITUP20-20261003,bhv_mom250_20,cand_0003,cand_0032,120,False,28
U04,U01,0.1102280101580454,0.1102280101580454,BHV-LIMITUP20-20261003,F-NET01,cand_0003,cand_0017,120,False,29
U04,N19,0.0656134752380123,0.0656134752380123,BHV-LIMITUP20-20261003,OSR-RET5-20D,cand_0003,member_0041,120,False,30
U04,N27,0.0650465886415037,0.0650465886415037,BHV-LIMITUP20-20261003,paper-derived-roe,cand_0003,member_0044,120,False,31
U04,N10,0.0544190178461956,0.0544190178461956,BHV-LIMITUP20-20261003,HT13-QUALITY-ROE,cand_0003,member_0035,120,False,32
U04,B04,0.0525561066942441,0.0525561066942441,BHV-LIMITUP20-20261003,OSR2-DD120,cand_0003,member_0007,120,False,33
U04,N06,-0.0479714100920716,0.0479714100920716,BHV-LIMITUP20-20261003,HT13-VALUE-OCFP-LOW-PCF,cand_0003,member_0029,120,False,34
U04,U08,-0.0365310436809472,0.0365310436809472,BHV-LIMITUP20-20261003,GP-0015,cand_0003,cand_0100,120,False,35
U04,N11,0.0355050479376617,0.0355050479376617,BHV-LIMITUP20-20261003,HT13-QUALITY-CASH-DEBT,cand_0003,member_0037,120,False,36
U04,U07,-0.0346787220797768,0.0346787220797768,BHV-LIMITUP20-20261003,GP-0013,cand_0003,cand_0098,120,False,37
U04,N30,0.0223368076448752,0.0223368076448752,BHV-LIMITUP20-20261003,REPORT-HIST-ASSETTURN-6Q-10D-20260910,cand_0003,member_0046,120,False,38
U04,N31,-0.0150620232758476,0.0150620232758476,BHV-LIMITUP20-20261003,HT13-NEW-HIST-GPM-6Q,cand_0003,member_0047,120,False,39
U04,B10,0.0101743344901006,0.0101743344901006,BHV-LIMITUP20-20261003,paper-derived-asset-growth,cand_0003,member_0014,120,False,40
U04,U13,0.0100451910712321,0.0100451910712321,BHV-LIMITUP20-20261003,ct_obv,cand_0003,cand_0061,120,False,41
U04,N29,0.0098133266574183,0.0098133266574183,BHV-LIMITUP20-20261003,REPORT-HIST-NETMARGIN-6Q-10D-20260910,cand_0003,member_0045,120,False,42
U04,N04,0.0055489195790628,0.0055489195790628,BHV-LIMITUP20-20261003,NEW-HIST-ROE-6Q,cand_0003,member_0027,120,False,43
U04,U10,0.0050681195355817,0.0050681195355817,BHV-LIMITUP20-20261003,bhv_on20,cand_0003,cand_0033,120,False,44
U04,N02,-0.0048928583802232,0.0048928583802232,BHV-LIMITUP20-20261003,HT13-GROWTH-NP,cand_0003,member_0026,120,False,45
U04,N07,0.0036001848124191,0.0036001848124191,BHV-LIMITUP20-20261003,HT13-GROWTH-OCF,cand_0003,member_0030,120,False,46
U04,N23,0.0012209329932687,0.0012209329932687,BHV-LIMITUP20-20261003,OSR2-MODERATE-DD60,cand_0003,member_0043,120,False,47
U04,U05,-0.0007331022416949,0.0007331022416949,BHV-LIMITUP20-20261003,F-NET03,cand_0003,cand_0019,120,False,48
U04,B09,5.911843459624338e-05,5.911843459624338e-05,BHV-LIMITUP20-20261003,OSR2-DD60,cand_0003,member_0013,120,False,49
U05,N11,0.6061140418063026,0.6061140418063026,F-NET03,HT13-QUALITY-CASH-DEBT,cand_0019,member_0037,120,False,1
U05,N07,0.3643437295657415,0.3643437295657415,F-NET03,HT13-GROWTH-OCF,cand_0019,member_0030,120,False,2
U05,N06,0.2465448053697676,0.2465448053697676,F-NET03,HT13-VALUE-OCFP-LOW-PCF,cand_0019,member_0029,120,False,3
U05,N10,0.195651333741606,0.195651333741606,F-NET03,REPORT-ROIC-TTM-10D-20260910,cand_0019,member_0036,120,False,4
U05,U08,0.1613756456023037,0.1613756456023037,F-NET03,GP-0015,cand_0019,cand_0100,120,False,5
U05,N27,0.1199986944916535,0.1199986944916535,F-NET03,paper-derived-roe,cand_0019,member_0044,120,False,6
U05,U06,0.1039768722711523,0.1039768722711523,F-NET03,GP-0004,cand_0019,cand_0089,2,False,7
U05,N05,0.0820078931802222,0.0820078931802222,F-NET03,HT13-VALUE-EP,cand_0019,member_0028,120,False,8
U05,N02,0.0735570421058879,0.0735570421058879,F-NET03,HT13-GROWTH-NP,cand_0019,member_0026,120,False,9
U05,S02,0.0692561479677383,0.0692561479677383,F-NET03,LAMD20-K5V2,cand_0019,member_0053,120,False,10
U05,U02,0.0670157604508179,0.0670157604508179,F-NET03,GP-0005,cand_0019,cand_0090,120,False,11
U05,B01,0.0639043760959686,0.0639043760959686,F-NET03,H03-T10-SINGLE,cand_0019,member_0000,120,False,12
U05,U07,0.0617981257013246,0.0617981257013246,F-NET03,GP-0013,cand_0019,cand_0098,120,False,13
U05,N04,-0.0590526467452039,0.0590526467452039,F-NET03,NEW-HIST-ROE-6Q,cand_0019,member_0027,120,False,14
U05,U01,-0.0555906214967476,0.0555906214967476,F-NET03,GP-0011,cand_0019,cand_0096,120,False,15
U05,N29,-0.0542424718536622,0.0542424718536622,F-NET03,REPORT-HIST-NETMARGIN-6Q-10D-20260910,cand_0019,member_0045,120,False,16
U05,B05,-0.0484679519066566,0.0484679519066566,F-NET03,NONHT-CHIP-COST-250,cand_0019,member_0009,120,False,17
U05,U13,0.0477300825922665,0.0477300825922665,F-NET03,ct_obv,cand_0019,cand_0061,120,False,18
U05,S05,-0.0433224900771049,0.0433224900771049,F-NET03,V7-V01,cand_0019,member_0060,120,False,19
U05,B10,0.043102337750119,0.043102337750119,F-NET03,paper-derived-asset-growth,cand_0019,member_0014,120,False,20
U05,U09,0.041148084011204,0.041148084011204,F-NET03,bhv_mom250_20,cand_0019,cand_0032,120,False,21
U05,S04,0.0365376739509196,0.0365376739509196,F-NET03,comp-amihud20-vs500,cand_0019,member_0056,120,False,22
U05,N31,-0.0348490693530606,0.0348490693530606,F-NET03,HT13-NEW-HIST-GPM-6Q,cand_0019,member_0047,120,False,23
U05,N23,0.0331315385189039,0.0331315385189039,F-NET03,OSR2-MODERATE-DD60,cand_0019,member_0043,120,False,24
U05,B06,0.0265292132302344,0.0265292132302344,F-NET03,F-NET01-PLAT-20260914,cand_0019,member_0011,120,False,25
U05,N09,-0.026408006795571,0.026408006795571,F-NET03,NONHT-MAX-LOW-21D,cand_0019,member_0033,120,False,26
U05,S01,-0.0244169908590809,0.0244169908590809,F-NET03,VV6-756,cand_0019,member_0049,120,False,27
U05,B12,-0.021087454963615,0.021087454963615,F-NET03,HT13-VALUE-SP,cand_0019,member_0015,120,False,28
U05,N32,-0.020889260895465,0.020889260895465,F-NET03,HT13-NEW-ALPHA40,cand_0019,member_0048,120,False,29
U05,N30,-0.0181021869590415,0.0181021869590415,F-NET03,REPORT-HIST-ASSETTURN-6Q-10D-20260910,cand_0019,member_0046,120,False,30
U05,B03,-0.0163393207532468,0.0163393207532468,F-NET03,OSR2-RET40,cand_0019,member_0006,120,False,31
U05,N20,0.0144892497652106,0.0144892497652106,F-NET03,OSR-DD20-20D,cand_0019,member_0042,120,False,32
U05,N01,-0.0140206309305572,0.0140206309305572,F-NET03,F-A18,cand_0019,member_0016,120,False,33
U05,B08,-0.0138003670826683,0.0138003670826683,F-NET03,HT13-VALUE-BP,cand_0019,member_0012,120,False,34
U05,N14,-0.0137728068735913,0.0137728068735913,F-NET03,HT13-ALPHA44,cand_0019,member_0039,120,False,35
U05,SEP-isolated,0.0136980548939385,0.0136980548939385,F-NET03,V6-V01,cand_0019,member_0059,120,False,36
U05,U12,-0.0110381892455228,0.0110381892455228,F-NET03,ct_ar,cand_0019,cand_0055,120,False,37
U05,U14,0.0101305195033714,0.0101305195033714,F-NET03,ct_pvcorr30,cand_0019,cand_0060,120,False,38
U05,U03,-0.0091780663282599,0.0091780663282599,F-NET03,AGP04W,cand_0019,cand_0026,120,False,39
U05,B04,-0.0083903010404566,0.0083903010404566,F-NET03,OSR2-DD120,cand_0019,member_0007,120,False,40
U05,B02,-0.006668470925638,0.006668470925638,F-NET03,HT13-TURN-BIAS-1M,cand_0019,member_0004,120,False,41
U05,N12,-0.0064398871279001,0.0064398871279001,F-NET03,HT13-HIST-EP-2Q,cand_0019,member_0038,120,False,42
U05,U11,-0.0060775724462864,0.0060775724462864,F-NET03,ct_amp10,cand_0019,cand_0050,120,False,43
U05,B09,0.0059673519447189,0.0059673519447189,F-NET03,OSR2-DD60,cand_0019,member_0013,120,False,44
U05,N19,-0.0038137591246415,0.0038137591246415,F-NET03,OSR-RET5-20D,cand_0019,member_0041,120,False,45
U05,U10,-0.0033104561372594,0.0033104561372594,F-NET03,bhv_on20,cand_0019,cand_0033,120,False,46
U05,N08,0.0029668393536579,0.0029668393536579,F-NET03,HT13-TURN-STD-1M,cand_0019,member_0031,120,False,47
U05,U04,-0.0007331022416949,0.0007331022416949,F-NET03,BHV-LIMITUP20-20261003,cand_0019,cand_0003,120,False,48
U05,N16,0.0004906898691942,0.0004906898691942,F-NET03,NONHT-SKEW-LOW-60D,cand_0019,member_0040,120,False,49
U06,U01,-0.2846655666795561,0.2846655666795561,GP-0004,GP-0022,cand_0089,cand_0107,2,False,1
U06,B06,-0.2788787254406327,0.2788787254406327,GP-0004,F-NET01-PLAT-20260914,cand_0089,member_0011,2,False,2
U06,B08,-0.2775757017876743,0.2775757017876743,GP-0004,HT13-VALUE-BP,cand_0089,member_0012,2,False,3
U06,B05,-0.2721998199306984,0.2721998199306984,GP-0004,NONHT-CHIP-COST-250,cand_0089,member_0009,2,False,4
U06,U09,0.265591532723749,0.265591532723749,GP-0004,bhv_mom250_20,cand_0089,cand_0032,2,False,5
U06,B01,0.2388302051791505,0.2388302051791505,GP-0004,V5-V01,cand_0089,member_0058,2,False,6
U06,S02,-0.2368623164357783,0.2368623164357783,GP-0004,LAMD20-K5V2,cand_0089,member_0053,2,False,7
U06,N09,-0.2354575046749644,0.2354575046749644,GP-0004,OSR-SCALED-RET5-20D,cand_0089,member_0034,2,False,8
U06,N10,0.2188223103732652,0.2188223103732652,GP-0004,REPORT-ROIC-TTM-10D-20260910,cand_0089,member_0036,2,False,9
U06,B12,-0.2161962392711751,0.2161962392711751,GP-0004,HT13-VALUE-SP,cand_0089,member_0015,2,False,10
U06,B10,0.2106337754923066,0.2106337754923066,GP-0004,paper-derived-asset-growth,cand_0089,member_0014,2,False,11
U06,S04,-0.2000050883848309,0.2000050883848309,GP-0004,comp-amihud20-vs500,cand_0089,member_0056,2,False,12
U06,U11,-0.19596395727087,0.19596395727087,GP-0004,ct_amp10,cand_0089,cand_0050,2,False,13
U06,N02,0.1952044094021476,0.1952044094021476,GP-0004,HT13-GROWTH-NP,cand_0089,member_0026,2,False,14
U06,N06,0.1846930209745015,0.1846930209745015,GP-0004,HT13-VALUE-OCFP-LOW-PCF,cand_0089,member_0029,2,False,15
U06,N01,-0.1825663655481744,0.1825663655481744,GP-0004,F-A18,cand_0089,member_0016,2,False,16
U06,B03,-0.1749033733756674,0.1749033733756674,GP-0004,OSR2-RET40,cand_0089,member_0006,2,False,17
U06,S05,-0.1727085691275209,0.1727085691275209,GP-0004,V7-V01,cand_0089,member_0060,2,False,18
U06,N30,-0.1659776015301892,0.1659776015301892,GP-0004,REPORT-HIST-ASSETTURN-6Q-10D-20260910,cand_0089,member_0046,2,False,19
U06,U13,0.1645064157868566,0.1645064157868566,GP-0004,ct_obv,cand_0089,cand_0061,2,False,20
U06,N19,-0.1522880027577147,0.1522880027577147,GP-0004,OSR-RET5-20D,cand_0089,member_0041,2,False,21
U06,B04,-0.1513410015622871,0.1513410015622871,GP-0004,OSR2-DD120,cand_0089,member_0007,2,False,22
U06,N05,-0.1470476769133487,0.1470476769133487,GP-0004,HT13-VALUE-EP,cand_0089,member_0028,2,False,23
U06,N27,0.1452859750960192,0.1452859750960192,GP-0004,paper-derived-roe,cand_0089,member_0044,2,False,24
U06,S01,-0.1344675258708159,0.1344675258708159,GP-0004,VV6-500,cand_0089,member_0050,2,False,25
U06,N31,-0.1315122643624776,0.1315122643624776,GP-0004,HT13-NEW-HIST-GPM-6Q,cand_0089,member_0047,2,False,26
U06,U04,-0.1294429180971558,0.1294429180971558,GP-0004,BHV-LIMITUP20-20261003,cand_0089,cand_0003,2,False,27
U06,N23,0.1268733034269064,0.1268733034269064,GP-0004,OSR2-MODERATE-DD60,cand_0089,member_0043,2,False,28
U06,U12,-0.1262190648039602,0.1262190648039602,GP-0004,ct_ar,cand_0089,cand_0055,2,False,29
U06,N04,-0.124864835947875,0.124864835947875,GP-0004,NEW-HIST-ROE-6Q,cand_0089,member_0027,2,False,30
U06,N12,0.1235198669967866,0.1235198669967866,GP-0004,HT13-HIST-EP-2Q,cand_0089,member_0038,2,False,31
U06,N29,-0.1148439467712669,0.1148439467712669,GP-0004,REPORT-HIST-NETMARGIN-6Q-10D-20260910,cand_0089,member_0045,2,False,32
U06,U05,0.1039768722711523,0.1039768722711523,GP-0004,F-NET03,cand_0089,cand_0019,2,False,33
U06,B02,0.0958286207286744,0.0958286207286744,GP-0004,HT13-TURN-BIAS-1M,cand_0089,member_0004,1,False,34
U06,N11,0.0863612447273542,0.0863612447273542,GP-0004,HT13-QUALITY-CASH-DEBT,cand_0089,member_0037,2,False,35
U06,B09,-0.0841428139036414,0.0841428139036414,GP-0004,OSR2-DD60,cand_0089,member_0013,2,False,36
U06,N16,-0.0836047938726833,0.0836047938726833,GP-0004,NONHT-SKEW-LOW-60D,cand_0089,member_0040,2,False,37
U06,N32,-0.0802647852772605,0.0802647852772605,GP-0004,HT13-NEW-ALPHA40,cand_0089,member_0048,2,False,38
U06,U10,-0.0796874205080824,0.0796874205080824,GP-0004,bhv_on20,cand_0089,cand_0033,2,False,39
U06,N14,0.0789746283450126,0.0789746283450126,GP-0004,HT13-ALPHA44,cand_0089,member_0039,2,False,40
U06,U03,-0.0682815047972834,0.0682815047972834,GP-0004,AGP04W,cand_0089,cand_0026,2,False,41
U06,U02,-0.0552427621180676,0.0552427621180676,GP-0004,GP-0005,cand_0089,cand_0090,2,False,42
U06,U14,0.0512666420402017,0.0512666420402017,GP-0004,ct_pvcorr30,cand_0089,cand_0060,2,False,43
U06,U07,-0.0380998324588981,0.0380998324588981,GP-0004,GP-0013,cand_0089,cand_0098,2,False,44
U06,N07,0.0322946128070066,0.0322946128070066,GP-0004,HT13-GROWTH-OCF,cand_0089,member_0030,2,False,45
U06,N08,0.0258922546162349,0.0258922546162349,GP-0004,HT13-TURN-STD-1M,cand_0089,member_0031,2,False,46
U06,U08,-0.0222470364526229,0.0222470364526229,GP-0004,GP-0015,cand_0089,cand_0100,2,False,47
U06,N20,-0.0079015010384093,0.0079015010384093,GP-0004,OSR-DD20-20D,cand_0089,member_0042,2,False,48
U07,U02,0.6346634550167034,0.6346634550167034,GP-0013,GP-0005,cand_0098,cand_0090,120,False,1
U07,B01,-0.6049862333957079,0.6049862333957079,GP-0013,SIZE-ONLY-20260911,cand_0098,member_0001,120,False,2
U07,S04,0.3863299589937922,0.3863299589937922,GP-0013,comp-amihud20-vs500,cand_0098,member_0056,120,False,3
U07,S05,-0.3533081977132642,0.3533081977132642,GP-0013,V4R01,cand_0098,member_0057,120,False,4
U07,B06,0.3043158002025615,0.3043158002025615,GP-0013,F-NET01-PLAT-20260914,cand_0098,member_0011,120,False,5
U07,B12,-0.2987847875302195,0.2987847875302195,GP-0013,HT13-VALUE-SP,cand_0098,member_0015,120,False,6
U07,U13,0.2963557094503484,0.2963557094503484,GP-0013,ct_obv,cand_0098,cand_0061,120,False,7
U07,U08,0.2681675856966406,0.2681675856966406,GP-0013,GP-0015,cand_0098,cand_0100,120,False,8
U07,S02,0.2464554912365321,0.2464554912365321,GP-0013,LAMD10-K5V2,cand_0098,member_0051,120,False,9
U07,N05,-0.2350765430788979,0.2350765430788979,GP-0013,HT13-VALUE-EP,cand_0098,member_0028,120,False,10
U07,N10,-0.2184928454567535,0.2184928454567535,GP-0013,HT13-QUALITY-ROE,cand_0098,member_0035,120,False,11
U07,N08,0.2074725081945949,0.2074725081945949,GP-0013,HT13-TURN-STD-1M,cand_0098,member_0031,120,False,12
U07,N27,-0.1783391504493237,0.1783391504493237,GP-0013,paper-derived-roe,cand_0098,member_0044,120,False,13
U07,B08,-0.1588408242123891,0.1588408242123891,GP-0013,HT13-VALUE-BP,cand_0098,member_0012,120,False,14
U07,N06,0.1509531788000439,0.1509531788000439,GP-0013,HT13-VALUE-OCFP-LOW-PCF,cand_0098,member_0029,120,False,15
U07,B10,-0.1369622951187356,0.1369622951187356,GP-0013,paper-derived-asset-growth,cand_0098,member_0014,120,False,16
U07,N09,0.0965531643603071,0.0965531643603071,GP-0013,HT13-VOL-STD-1M,cand_0098,member_0032,120,False,17
U07,S01,0.0821354414794467,0.0821354414794467,GP-0013,VV6-500,cand_0098,member_0050,120,False,18
U07,U11,-0.0807802801491719,0.0807802801491719,GP-0013,ct_amp10,cand_0098,cand_0050,120,False,19
U07,SEP-isolated,0.0806081227702151,0.0806081227702151,GP-0013,V6-V01,cand_0098,member_0059,120,False,20
U07,N04,0.0775116909705546,0.0775116909705546,GP-0013,NEW-HIST-ROE-6Q,cand_0098,member_0027,120,False,21
U07,N02,-0.0733556590692901,0.0733556590692901,GP-0013,HT13-GROWTH-NP,cand_0098,member_0026,120,False,22
U07,B02,-0.0699068714256311,0.0699068714256311,GP-0013,HT13-TURN-BIAS-1M,cand_0098,member_0004,120,False,23
U07,U05,0.0617981257013246,0.0617981257013246,GP-0013,F-NET03,cand_0098,cand_0019,120,False,24
U07,N32,-0.0577308765994697,0.0577308765994697,GP-0013,HT13-NEW-ALPHA40,cand_0098,member_0048,120,False,25
U07,N31,0.0571085686000157,0.0571085686000157,GP-0013,HT13-NEW-HIST-GPM-6Q,cand_0098,member_0047,120,False,26
U07,U14,-0.0540101468080677,0.0540101468080677,GP-0013,ct_pvcorr30,cand_0098,cand_0060,120,False,27
U07,U10,-0.0490198377637875,0.0490198377637875,GP-0013,bhv_on20,cand_0098,cand_0033,120,False,28
U07,N11,-0.047088379664528,0.047088379664528,GP-0013,HT13-QUALITY-CASH-DEBT,cand_0098,member_0037,120,False,29
U07,N29,0.0420107147822185,0.0420107147822185,GP-0013,REPORT-HIST-NETMARGIN-6Q-10D-20260910,cand_0098,member_0045,120,False,30
U07,B04,0.0412083251814037,0.0412083251814037,GP-0013,OSR2-DD120,cand_0098,member_0007,120,False,31
U07,N12,0.0394199707623266,0.0394199707623266,GP-0013,HT13-HIST-EP-2Q,cand_0098,member_0038,120,False,32
U07,U06,-0.0380998324588981,0.0380998324588981,GP-0013,GP-0004,cand_0098,cand_0089,2,False,33
U07,B05,0.0371909782672492,0.0371909782672492,GP-0013,NONHT-CHIP-COST-250,cand_0098,member_0009,120,False,34
U07,N16,0.0359147023111772,0.0359147023111772,GP-0013,NONHT-SKEW-LOW-60D,cand_0098,member_0040,120,False,35
U07,U04,-0.0346787220797768,0.0346787220797768,GP-0013,BHV-LIMITUP20-20261003,cand_0098,cand_0003,120,False,36
U07,N30,0.0280367400713317,0.0280367400713317,GP-0013,REPORT-HIST-ASSETTURN-6Q-10D-20260910,cand_0098,member_0046,120,False,37
U07,U09,-0.025463153779467,0.025463153779467,GP-0013,bhv_mom250_20,cand_0098,cand_0032,120,False,38
U07,U12,0.0254336453704944,0.0254336453704944,GP-0013,ct_ar,cand_0098,cand_0055,120,False,39
U07,N14,-0.0242385379708086,0.0242385379708086,GP-0013,HT13-ALPHA44,cand_0098,member_0039,120,False,40
U07,U03,0.0229655992575473,0.0229655992575473,GP-0013,bhv_on_minus_id,cand_0098,cand_0034,120,False,41
U07,N01,0.0210916310723062,0.0210916310723062,GP-0013,WF6AA4-D0-OPEN20-MOM-20260912,cand_0098,member_0023,120,False,42
U07,B09,0.0182138568375498,0.0182138568375498,GP-0013,OSR2-DD60,cand_0098,member_0013,120,False,43
U07,N07,-0.0161169459497052,0.0161169459497052,GP-0013,HT13-GROWTH-OCF,cand_0098,member_0030,120,False,44
U07,U01,-0.0159852328311361,0.0159852328311361,GP-0013,GP-0022,cand_0098,cand_0107,120,False,45
U07,N23,-0.0147041602086167,0.0147041602086167,GP-0013,OSR2-MODERATE-DD60,cand_0098,member_0043,120,False,46
U07,N19,-0.0108957951960778,0.0108957951960778,GP-0013,OSR-RET5-20D,cand_0098,member_0041,120,False,47
U07,N20,0.0096579811462623,0.0096579811462623,GP-0013,OSR-DD20-20D,cand_0098,member_0042,120,False,48
U07,B03,-0.0089496256788367,0.0089496256788367,GP-0013,OSR2-RET40,cand_0098,member_0006,120,False,49
U08,B01,-0.3105754617594222,0.3105754617594222,GP-0015,SIZE-ONLY-20260911,cand_0100,member_0001,120,False,1
U08,U02,0.2916468109888323,0.2916468109888323,GP-0015,GP-0006,cand_0100,cand_0091,120,False,2
U08,U07,0.2681675856966406,0.2681675856966406,GP-0015,GP-0013,cand_0100,cand_0098,120,False,3
U08,N10,0.2187545799418199,0.2187545799418199,GP-0015,REPORT-ROIC-TTM-10D-20260910,cand_0100,member_0036,120,False,4
U08,S04,0.1938538422286381,0.1938538422286381,GP-0015,comp-amihud20-vs500,cand_0100,member_0056,120,False,5
U08,N06,0.1656928320841019,0.1656928320841019,GP-0015,HT13-VALUE-OCFP-LOW-PCF,cand_0100,member_0029,120,False,6
U08,U13,0.1650215683994207,0.1650215683994207,GP-0015,ct_obv,cand_0100,cand_0061,120,False,7
U08,N02,0.1638640648866562,0.1638640648866562,GP-0015,HT13-GROWTH-NP,cand_0100,member_0026,120,False,8
U08,U05,0.1613756456023037,0.1613756456023037,GP-0015,F-NET03,cand_0100,cand_0019,120,False,9
U08,S05,-0.1549421740244244,0.1549421740244244,GP-0015,V7-V01,cand_0100,member_0060,120,False,10
U08,N08,0.1487941139107002,0.1487941139107002,GP-0015,HT13-TURN-STD-1M,cand_0100,member_0031,120,False,11
U08,B10,0.1479566737396875,0.1479566737396875,GP-0015,paper-derived-asset-growth,cand_0100,member_0014,120,False,12
U08,N04,-0.147476684415668,0.147476684415668,GP-0015,NEW-HIST-ROE-6Q,cand_0100,member_0027,120,False,13
U08,N27,0.1464539135140274,0.1464539135140274,GP-0015,paper-derived-roe,cand_0100,member_0044,120,False,14
U08,U01,-0.1352407489871944,0.1352407489871944,GP-0015,GP-0011,cand_0100,cand_0096,120,False,15
U08,S02,0.1297391845307665,0.1297391845307665,GP-0015,LAMD20-K5V2,cand_0100,member_0053,120,False,16
U08,B06,0.1273988718188598,0.1273988718188598,GP-0015,F-NET01-PLAT-20260914,cand_0100,member_0011,120,False,17
U08,N09,-0.1177402000266028,0.1177402000266028,GP-0015,OSR-SCALED-RET5-20D,cand_0100,member_0034,120,False,18
U08,N32,-0.1046147051144698,0.1046147051144698,GP-0015,HT13-NEW-ALPHA40,cand_0100,member_0048,120,False,19
U08,B12,-0.0829220317756706,0.0829220317756706,GP-0015,HT13-VALUE-SP,cand_0100,member_0015,120,False,20
U08,N11,0.0820828756401635,0.0820828756401635,GP-0015,HT13-QUALITY-CASH-DEBT,cand_0100,member_0037,120,False,21
U08,U09,0.0812255760937077,0.0812255760937077,GP-0015,bhv_mom250_20,cand_0100,cand_0032,120,False,22
U08,SEP-isolated,0.0806181539272326,0.0806181539272326,GP-0015,V6-V01,cand_0100,member_0059,120,False,23
U08,U11,-0.080529346153154,0.080529346153154,GP-0015,ct_amp10,cand_0100,cand_0050,120,False,24
U08,B05,-0.0656462983330692,0.0656462983330692,GP-0015,NONHT-CHIP-COST-250,cand_0100,member_0009,120,False,25
U08,N20,0.0648649378730419,0.0648649378730419,GP-0015,OSR-DD20-20D,cand_0100,member_0042,120,False,26
U08,N14,-0.0648056327240859,0.0648056327240859,GP-0015,HT13-ALPHA44,cand_0100,member_0039,120,False,27
U08,B08,-0.064165447234652,0.064165447234652,GP-0015,HT13-VALUE-BP,cand_0100,member_0012,120,False,28
U08,N29,-0.0619566297726785,0.0619566297726785,GP-0015,REPORT-HIST-NETMARGIN-6Q-10D-20260910,cand_0100,member_0045,120,False,29
U08,B09,0.0556780460463694,0.0556780460463694,GP-0015,OSR2-DD60,cand_0100,member_0013,120,False,30
U08,S01,-0.0534275644919956,0.0534275644919956,GP-0015,VV6-756,cand_0100,member_0049,120,False,31
U08,U14,-0.0516106605373449,0.0516106605373449,GP-0015,ct_pvcorr30,cand_0100,cand_0060,120,False,32
U08,N23,0.0505157645014903,0.0505157645014903,GP-0015,OSR2-MODERATE-DD60,cand_0100,member_0043,120,False,33
U08,N31,-0.0402843141809643,0.0402843141809643,GP-0015,HT13-NEW-HIST-GPM-6Q,cand_0100,member_0047,120,False,34
U08,U04,-0.0365310436809472,0.0365310436809472,GP-0015,BHV-LIMITUP20-20261003,cand_0100,cand_0003,120,False,35
U08,B04,0.0330547151659326,0.0330547151659326,GP-0015,OSR2-DD120,cand_0100,member_0007,120,False,36
U08,B03,-0.0292564250207796,0.0292564250207796,GP-0015,OSR2-RET40,cand_0100,member_0006,120,False,37
U08,N30,-0.0287761002563179,0.0287761002563179,GP-0015,REPORT-HIST-ASSETTURN-6Q-10D-20260910,cand_0100,member_0046,120,False,38
U08,N05,0.027760233254909,0.027760233254909,GP-0015,HT13-VALUE-EP,cand_0100,member_0028,120,False,39
U08,B02,-0.0264248305376973,0.0264248305376973,GP-0015,HT13-TURN-BIAS-1M,cand_0100,member_0004,120,False,40
U08,N01,-0.0263941806225443,0.0263941806225443,GP-0015,F-A18,cand_0100,member_0016,120,False,41
U08,U10,-0.022340366501639,0.022340366501639,GP-0015,bhv_on20,cand_0100,cand_0033,120,False,42
U08,U06,-0.0222470364526229,0.0222470364526229,GP-0015,GP-0004,cand_0100,cand_0089,2,False,43
U08,N16,0.0161796713566097,0.0161796713566097,GP-0015,NONHT-SKEW-LOW-60D,cand_0100,member_0040,120,False,44
U08,U12,-0.0134922290183936,0.0134922290183936,GP-0015,ct_ar,cand_0100,cand_0055,120,False,45
U08,N19,-0.0087505119070264,0.0087505119070264,GP-0015,OSR-RET5-20D,cand_0100,member_0041,120,False,46
U08,N07,0.008539390930444,0.008539390930444,GP-0015,HT13-GROWTH-OCF,cand_0100,member_0030,120,False,47
U08,N12,0.0073141334577695,0.0073141334577695,GP-0015,HT13-HIST-EP-2Q,cand_0100,member_0038,120,False,48
U08,U03,-0.0066384483344766,0.0066384483344766,GP-0015,AGP04W,cand_0100,cand_0026,120,False,49
U09,B05,-0.5971271391658701,0.5971271391658701,bhv_mom250_20,NONHT-CHIP-COST-250,cand_0032,member_0009,120,False,1
U09,SEP-isolated,0.2948328022551631,0.2948328022551631,bhv_mom250_20,V6-V01,cand_0032,member_0059,120,False,2
U09,B01,0.2852094644308375,0.2852094644308375,bhv_mom250_20,V5-V01,cand_0032,member_0058,120,False,3
U09,N02,0.2816257879649032,0.2816257879649032,bhv_mom250_20,HT13-GROWTH-NP,cand_0032,member_0026,120,False,4
U09,B06,-0.2801442866137705,0.2801442866137705,bhv_mom250_20,F-NET01-PLAT-20260914,cand_0032,member_0011,120,False,5
U09,N09,0.2662071721275482,0.2662071721275482,bhv_mom250_20,HT13-VOL-STD-1M,cand_0032,member_0032,120,False,6
U09,U06,0.265591532723749,0.265591532723749,bhv_mom250_20,GP-0004,cand_0032,cand_0089,2,False,7
U09,B02,0.2456826394041936,0.2456826394041936,bhv_mom250_20,HT13-TURN-BIAS-1M,cand_0032,member_0004,120,False,8
U09,N04,-0.2430122710700102,0.2430122710700102,bhv_mom250_20,NEW-HIST-ROE-6Q,cand_0032,member_0027,120,False,9
U09,S02,-0.2355721522523062,0.2355721522523062,bhv_mom250_20,LAMD10-K5V2,cand_0032,member_0051,120,False,10
U09,N29,-0.2259450583323871,0.2259450583323871,bhv_mom250_20,REPORT-HIST-NETMARGIN-6Q-10D-20260910,cand_0032,member_0045,120,False,11
U09,B08,-0.2221939342073526,0.2221939342073526,bhv_mom250_20,HT13-VALUE-BP,cand_0032,member_0012,120,False,12
U09,N08,0.212656996594917,0.212656996594917,bhv_mom250_20,HT13-TURN-STD-1M,cand_0032,member_0031,120,False,13
U09,U11,-0.1984833215971287,0.1984833215971287,bhv_mom250_20,ct_amp10,cand_0032,cand_0050,120,False,14
U09,S05,0.1931354973752838,0.1931354973752838,bhv_mom250_20,V7-V01,cand_0032,member_0060,120,False,15
U09,N20,0.1707835128135113,0.1707835128135113,bhv_mom250_20,OSR-DD20-20D,cand_0032,member_0042,120,False,16
U09,S04,-0.1700814789399494,0.1700814789399494,bhv_mom250_20,comp-amihud20-vs500,cand_0032,member_0056,120,False,17
U09,U01,-0.1632777624280513,0.1632777624280513,bhv_mom250_20,GP-0019,cand_0032,cand_0104,120,False,18
U09,N10,0.1588701272350315,0.1588701272350315,bhv_mom250_20,HT13-QUALITY-ROE,cand_0032,member_0035,120,False,19
U09,N30,-0.1531921609732805,0.1531921609732805,bhv_mom250_20,REPORT-HIST-ASSETTURN-6Q-10D-20260910,cand_0032,member_0046,120,False,20
U09,N31,-0.1427434217153521,0.1427434217153521,bhv_mom250_20,HT13-NEW-HIST-GPM-6Q,cand_0032,member_0047,120,False,21
U09,B03,-0.1360643601917544,0.1360643601917544,bhv_mom250_20,OSR2-RET40,cand_0032,member_0006,120,False,22
U09,B12,-0.1319890455992517,0.1319890455992517,bhv_mom250_20,HT13-VALUE-SP,cand_0032,member_0015,120,False,23
U09,N32,-0.127946968635145,0.127946968635145,bhv_mom250_20,HT13-NEW-ALPHA40,cand_0032,member_0048,120,False,24
U09,S01,-0.1219135573226929,0.1219135573226929,bhv_mom250_20,VV6-756,cand_0032,member_0049,120,False,25
U09,U04,-0.1172030395167668,0.1172030395167668,bhv_mom250_20,BHV-LIMITUP20-20261003,cand_0032,cand_0003,120,False,26
U09,U13,-0.1046526341265937,0.1046526341265937,bhv_mom250_20,ct_obv,cand_0032,cand_0061,120,False,27
U09,N06,0.0859539794427484,0.0859539794427484,bhv_mom250_20,HT13-VALUE-OCFP-LOW-PCF,cand_0032,member_0029,120,False,28
U09,B09,0.0856573483209419,0.0856573483209419,bhv_mom250_20,OSR2-DD60,cand_0032,member_0013,120,False,29
U09,U12,-0.0821644372950605,0.0821644372950605,bhv_mom250_20,ct_ar,cand_0032,cand_0055,120,False,30
U09,U08,0.0812255760937077,0.0812255760937077,bhv_mom250_20,GP-0015,cand_0032,cand_0100,120,False,31
U09,U10,0.0758944948740722,0.0758944948740722,bhv_mom250_20,bhv_on20,cand_0032,cand_0033,120,False,32
U09,N16,-0.0678073511047773,0.0678073511047773,bhv_mom250_20,NONHT-SKEW-LOW-60D,cand_0032,member_0040,120,False,33
U09,N01,-0.0644103446754727,0.0644103446754727,bhv_mom250_20,WF6AA4-D0-CLOSE20-MOM-20260912,cand_0032,member_0022,120,False,34
U09,N11,0.0609587396882624,0.0609587396882624,bhv_mom250_20,HT13-QUALITY-CASH-DEBT,cand_0032,member_0037,120,False,35
U09,N07,0.0597753297650278,0.0597753297650278,bhv_mom250_20,HT13-GROWTH-OCF,cand_0032,member_0030,120,False,36
U09,U02,0.0597146712027703,0.0597146712027703,bhv_mom250_20,GP-0006,cand_0032,cand_0091,120,False,37
U09,U14,-0.0572732238375492,0.0572732238375492,bhv_mom250_20,ct_pvcorr30,cand_0032,cand_0060,120,False,38
U09,B04,-0.0536390366145784,0.0536390366145784,bhv_mom250_20,OSR2-DD120,cand_0032,member_0007,120,False,39
U09,N14,-0.0487359330899372,0.0487359330899372,bhv_mom250_20,HT13-ALPHA44,cand_0032,member_0039,120,False,40
U09,U05,0.041148084011204,0.041148084011204,bhv_mom250_20,F-NET03,cand_0032,cand_0019,120,False,41
U09,U03,-0.0304384410483122,0.0304384410483122,bhv_mom250_20,bhv_on_minus_id,cand_0032,cand_0034,120,False,42
U09,U07,-0.025463153779467,0.025463153779467,bhv_mom250_20,GP-0013,cand_0032,cand_0098,120,False,43
U09,N27,0.0247913476156295,0.0247913476156295,bhv_mom250_20,paper-derived-roe,cand_0032,member_0044,120,False,44
U09,N23,-0.0246062367703934,0.0246062367703934,bhv_mom250_20,OSR2-MODERATE-DD60,cand_0032,member_0043,120,False,45
U09,N12,-0.022119811208547,0.022119811208547,bhv_mom250_20,HT13-HIST-EP-2Q,cand_0032,member_0038,120,False,46
U09,N19,0.0211417888969328,0.0211417888969328,bhv_mom250_20,OSR-RET5-20D,cand_0032,member_0041,120,False,47
U09,B10,0.0186964618794172,0.0186964618794172,bhv_mom250_20,paper-derived-asset-growth,cand_0032,member_0014,120,False,48
U09,N05,0.016686890535989,0.016686890535989,bhv_mom250_20,HT13-VALUE-EP,cand_0032,member_0028,120,False,49
U10,U03,-0.6643631562114342,0.6643631562114342,bhv_on20,bhv_on_minus_id,cand_0033,cand_0034,120,False,1
U10,U12,-0.3852319489265216,0.3852319489265216,bhv_on20,ct_ar,cand_0033,cand_0055,120,False,2
U10,S02,-0.3063859371241449,0.3063859371241449,bhv_on20,LAMD20-K5V2,cand_0033,member_0053,120,False,3
U10,B01,0.2471337677700568,0.2471337677700568,bhv_on20,V5-V01,cand_0033,member_0058,120,False,4
U10,N01,-0.2114419644691945,0.2114419644691945,bhv_on20,WF6AA4-D0-OPEN20-MOM-20260912,cand_0033,member_0023,120,False,5
U10,SEP-isolated,0.1920867155010846,0.1920867155010846,bhv_on20,V6-V01,cand_0033,member_0059,120,False,6
U10,B06,-0.1868588497425794,0.1868588497425794,bhv_on20,F-NET01-PLAT-20260914,cand_0033,member_0011,120,False,7
U10,N08,0.1735448832853942,0.1735448832853942,bhv_on20,HT13-TURN-STD-1M,cand_0033,member_0031,120,False,8
U10,S05,0.1684473213767253,0.1684473213767253,bhv_on20,V4R01,cand_0033,member_0057,120,False,9
U10,S04,-0.1636597349038332,0.1636597349038332,bhv_on20,comp-pvcorr20-amihud20-vs500,cand_0033,member_0054,120,False,10
U10,N20,0.1634631717293037,0.1634631717293037,bhv_on20,OSR-DD20-20D,cand_0033,member_0042,120,False,11
U10,B02,0.1343105011501181,0.1343105011501181,bhv_on20,HT13-TURN-BIAS-1M,cand_0033,member_0004,120,False,12
U10,B09,0.1232049031207114,0.1232049031207114,bhv_on20,OSR2-DD60,cand_0033,member_0013,120,False,13
U10,U13,-0.1163873083879859,0.1163873083879859,bhv_on20,ct_obv,cand_0033,cand_0061,120,False,14
U10,N19,0.1058245571428799,0.1058245571428799,bhv_on20,OSR-RET5-20D,cand_0033,member_0041,120,False,15
U10,U14,-0.1038098078725495,0.1038098078725495,bhv_on20,ct_pvcorr30,cand_0033,cand_0060,120,False,16
U10,N09,0.1003782886968848,0.1003782886968848,bhv_on20,HT13-VOL-STD-1M,cand_0033,member_0032,120,False,17
U10,B04,0.1000837400864045,0.1000837400864045,bhv_on20,OSR2-DD120,cand_0033,member_0007,120,False,18
U10,U06,-0.0796874205080824,0.0796874205080824,bhv_on20,GP-0004,cand_0033,cand_0089,2,False,19
U10,U09,0.0758944948740722,0.0758944948740722,bhv_on20,bhv_mom250_20,cand_0033,cand_0032,120,False,20
U10,B08,-0.0668642691545298,0.0668642691545298,bhv_on20,HT13-VALUE-BP,cand_0033,member_0012,120,False,21
U10,U07,-0.0490198377637875,0.0490198377637875,bhv_on20,GP-0013,cand_0033,cand_0098,120,False,22
U10,N23,-0.0477782577869856,0.0477782577869856,bhv_on20,OSR2-MODERATE-DD60,cand_0033,member_0043,120,False,23
U10,U11,-0.0458226854568929,0.0458226854568929,bhv_on20,ct_amp10,cand_0033,cand_0050,120,False,24
U10,N05,-0.041010794972289,0.041010794972289,bhv_on20,HT13-VALUE-EP,cand_0033,member_0028,120,False,25
U10,N32,-0.0334847130022128,0.0334847130022128,bhv_on20,HT13-NEW-ALPHA40,cand_0033,member_0048,120,False,26
U10,B03,0.0306438608628786,0.0306438608628786,bhv_on20,OSR2-RET40,cand_0033,member_0006,120,False,27
U10,B10,-0.0286746246879374,0.0286746246879374,bhv_on20,paper-derived-asset-growth,cand_0033,member_0014,120,False,28
U10,U02,-0.0259807387202434,0.0259807387202434,bhv_on20,GP-0005,cand_0033,cand_0090,120,False,29
U10,N14,-0.0251950360475446,0.0251950360475446,bhv_on20,HT13-ALPHA44,cand_0033,member_0039,120,False,30
U10,B05,0.0230610904674692,0.0230610904674692,bhv_on20,NONHT-CHIP-COST-250,cand_0033,member_0009,120,False,31
U10,U08,-0.022340366501639,0.022340366501639,bhv_on20,GP-0015,cand_0033,cand_0100,120,False,32
U10,N27,-0.0212963889044007,0.0212963889044007,bhv_on20,paper-derived-roe,cand_0033,member_0044,120,False,33
U10,B12,-0.0188832854564153,0.0188832854564153,bhv_on20,HT13-VALUE-SP,cand_0033,member_0015,120,False,34
U10,N10,-0.0178479926517145,0.0178479926517145,bhv_on20,HT13-QUALITY-ROE,cand_0033,member_0035,120,False,35
U10,N29,0.0170325020508858,0.0170325020508858,bhv_on20,REPORT-HIST-NETMARGIN-6Q-10D-20260910,cand_0033,member_0045,120,False,36
U10,N16,-0.0168408476256687,0.0168408476256687,bhv_on20,NONHT-SKEW-LOW-60D,cand_0033,member_0040,120,False,37
U10,U01,-0.0132025406159823,0.0132025406159823,bhv_on20,GP-0022,cand_0033,cand_0107,120,False,38
U10,N02,-0.0130034652942203,0.0130034652942203,bhv_on20,HT13-GROWTH-NP,cand_0033,member_0026,120,False,39
U10,N06,0.0124922820052483,0.0124922820052483,bhv_on20,HT13-VALUE-OCFP-LOW-PCF,cand_0033,member_0029,120,False,40
U10,N30,0.0107616450552724,0.0107616450552724,bhv_on20,REPORT-HIST-ASSETTURN-6Q-10D-20260910,cand_0033,member_0046,120,False,41
U10,N04,0.0090155700021365,0.0090155700021365,bhv_on20,NEW-HIST-ROE-6Q,cand_0033,member_0027,120,False,42
U10,N11,-0.0071336853246877,0.0071336853246877,bhv_on20,HT13-QUALITY-CASH-DEBT,cand_0033,member_0037,120,False,43
U10,S01,-0.0068919794190317,0.0068919794190317,bhv_on20,VV6-756,cand_0033,member_0049,120,False,44
U10,N07,-0.0052416243389288,0.0052416243389288,bhv_on20,HT13-GROWTH-OCF,cand_0033,member_0030,120,False,45
U10,U04,0.0050681195355817,0.0050681195355817,bhv_on20,BHV-LIMITUP20-20261003,cand_0033,cand_0003,120,False,46
U10,N12,-0.0039467861012095,0.0039467861012095,bhv_on20,HT13-HIST-EP-2Q,cand_0033,member_0038,120,False,47
U10,U05,-0.0033104561372594,0.0033104561372594,bhv_on20,F-NET03,cand_0033,cand_0019,120,False,48
U10,N31,-0.00032233777846,0.00032233777846,bhv_on20,HT13-NEW-HIST-GPM-6Q,cand_0033,member_0047,120,False,49
U11,N09,0.7569177377976432,0.7569177377976432,ct_amp10,OSR-SCALED-RET5-20D,cand_0050,member_0034,120,False,1
U11,N08,-0.5980165814841711,0.5980165814841711,ct_amp10,HT13-TURN-STD-1M,cand_0050,member_0031,120,False,2
U11,S01,0.5496653670823056,0.5496653670823056,ct_amp10,VV6-756,cand_0050,member_0049,120,False,3
U11,S02,0.5059481407253671,0.5059481407253671,ct_amp10,LAMD10-K5V2,cand_0050,member_0051,120,False,4
U11,N32,0.487934425002538,0.487934425002538,ct_amp10,HT13-NEW-ALPHA40,cand_0050,member_0048,120,False,5
U11,U04,0.4845746724478069,0.4845746724478069,ct_amp10,BHV-LIMITUP20-20261003,cand_0050,cand_0003,120,False,6
U11,SEP-isolated,-0.4731888768046065,0.4731888768046065,ct_amp10,V6-V01,cand_0050,member_0059,120,False,7
U11,B02,-0.4294172876217225,0.4294172876217225,ct_amp10,HT13-TURN-BIAS-1M,cand_0050,member_0004,120,False,8
U11,S04,0.4050943610329494,0.4050943610329494,ct_amp10,comp-pvcorr20-amihud20-vs500,cand_0050,member_0054,120,False,9
U11,B08,0.3622048015646838,0.3622048015646838,ct_amp10,HT13-VALUE-BP,cand_0050,member_0012,120,False,10
U11,B06,0.3156942385529477,0.3156942385529477,ct_amp10,F-NET01-PLAT-20260914,cand_0050,member_0011,120,False,11
U11,U12,0.3029353006036006,0.3029353006036006,ct_amp10,ct_ar,cand_0050,cand_0055,120,False,12
U11,U01,0.3022864810851164,0.3022864810851164,ct_amp10,F-NET01,cand_0050,cand_0017,120,False,13
U11,B01,-0.2974055977430644,0.2974055977430644,ct_amp10,V5-V01,cand_0050,member_0058,120,False,14
U11,N20,-0.2927940756866798,0.2927940756866798,ct_amp10,OSR-DD20-20D,cand_0050,member_0042,120,False,15
U11,B05,0.2840890648193192,0.2840890648193192,ct_amp10,NONHT-CHIP-COST-250,cand_0050,member_0009,120,False,16
U11,N05,0.2721312461733184,0.2721312461733184,ct_amp10,HT13-VALUE-EP,cand_0050,member_0028,120,False,17
U11,B12,0.2451627789247821,0.2451627789247821,ct_amp10,HT13-VALUE-SP,cand_0050,member_0015,120,False,18
U11,B03,0.2386928752510317,0.2386928752510317,ct_amp10,OSR2-RET40,cand_0050,member_0006,120,False,19
U11,U03,0.2349341235612477,0.2349341235612477,ct_amp10,AGP04W,cand_0050,cand_0026,120,False,20
U11,U14,0.2310713175840551,0.2310713175840551,ct_amp10,ct_pvcorr30,cand_0050,cand_0060,120,False,21
U11,U02,-0.216988961144272,0.216988961144272,ct_amp10,GP-0006,cand_0050,cand_0091,120,False,22
U11,N01,0.2081647121816066,0.2081647121816066,ct_amp10,F-A18,cand_0050,member_0016,120,False,23
U11,N16,0.2008318592493309,0.2008318592493309,ct_amp10,NONHT-SKEW-LOW-60D,cand_0050,member_0040,120,False,24
U11,U09,-0.1984833215971287,0.1984833215971287,ct_amp10,bhv_mom250_20,cand_0050,cand_0032,120,False,25
U11,N14,0.1984260398057168,0.1984260398057168,ct_amp10,HT13-ALPHA44,cand_0050,member_0039,120,False,26
U11,U06,-0.19596395727087,0.19596395727087,ct_amp10,GP-0004,cand_0050,cand_0089,2,False,27
U11,N12,-0.1877775278988223,0.1877775278988223,ct_amp10,HT13-HIST-EP-2Q,cand_0050,member_0038,120,False,28
U11,S05,-0.1840343877130407,0.1840343877130407,ct_amp10,V4R01,cand_0050,member_0057,120,False,29
U11,B09,-0.1685072895183374,0.1685072895183374,ct_amp10,OSR2-DD60,cand_0050,member_0013,120,False,30
U11,N23,0.1411067898938066,0.1411067898938066,ct_amp10,OSR2-MODERATE-DD60,cand_0050,member_0043,120,False,31
U11,N06,-0.1137725923917569,0.1137725923917569,ct_amp10,HT13-VALUE-OCFP-LOW-PCF,cand_0050,member_0029,120,False,32
U11,B04,-0.1133847366240454,0.1133847366240454,ct_amp10,OSR2-DD120,cand_0050,member_0007,120,False,33
U11,U07,-0.0807802801491719,0.0807802801491719,ct_amp10,GP-0013,cand_0050,cand_0098,120,False,34
U11,U08,-0.080529346153154,0.080529346153154,ct_amp10,GP-0015,cand_0050,cand_0100,120,False,35
U11,B10,-0.0761118621132235,0.0761118621132235,ct_amp10,paper-derived-asset-growth,cand_0050,member_0014,120,False,36
U11,U13,-0.0569002323506648,0.0569002323506648,ct_amp10,ct_obv,cand_0050,cand_0061,120,False,37
U11,N11,0.0484911625731707,0.0484911625731707,ct_amp10,HT13-QUALITY-CASH-DEBT,cand_0050,member_0037,120,False,38
U11,N30,0.0466116710646133,0.0466116710646133,ct_amp10,REPORT-HIST-ASSETTURN-6Q-10D-20260910,cand_0050,member_0046,120,False,39
U11,U10,-0.0458226854568929,0.0458226854568929,ct_amp10,bhv_on20,cand_0050,cand_0033,120,False,40
U11,N31,-0.0314327090570444,0.0314327090570444,ct_amp10,HT13-NEW-HIST-GPM-6Q,cand_0050,member_0047,120,False,41
U11,N10,0.0307018576771866,0.0307018576771866,ct_amp10,HT13-QUALITY-ROE,cand_0050,member_0035,120,False,42
U11,N02,-0.0300459483478221,0.0300459483478221,ct_amp10,HT13-GROWTH-NP,cand_0050,member_0026,120,False,43
U11,N04,0.0290322327829895,0.0290322327829895,ct_amp10,NEW-HIST-ROE-6Q,cand_0050,member_0027,120,False,44
U11,N27,0.0272766645347883,0.0272766645347883,ct_amp10,paper-derived-roe,cand_0050,member_0044,120,False,45
U11,N19,0.0240536134438894,0.0240536134438894,ct_amp10,OSR-RET5-20D,cand_0050,member_0041,120,False,46
U11,N29,0.0160788412508442,0.0160788412508442,ct_amp10,REPORT-HIST-NETMARGIN-6Q-10D-20260910,cand_0050,member_0045,120,False,47
U11,U05,-0.0060775724462864,0.0060775724462864,ct_amp10,F-NET03,cand_0050,cand_0019,120,False,48
U11,N07,0.0035930446675287,0.0035930446675287,ct_amp10,HT13-GROWTH-OCF,cand_0050,member_0030,120,False,49
U12,U03,0.7780520933447966,0.7780520933447966,ct_ar,AGP04W,cand_0055,cand_0026,120,False,1
U12,N01,0.6314897295518569,0.6314897295518569,ct_ar,F-A18,cand_0055,member_0016,120,False,2
U12,S02,0.5825549598934935,0.5825549598934935,ct_ar,LAMD0-K8V2,cand_0055,member_0052,120,False,3
U12,B03,0.5472425387698302,0.5472425387698302,ct_ar,OSR2-RET40,cand_0055,member_0006,120,False,4
U12,S04,0.4205282039594623,0.4205282039594623,ct_ar,comp-pvcorr20-amihud20-vs500,cand_0055,member_0054,120,False,5
U12,B05,0.409748614145833,0.409748614145833,ct_ar,NONHT-CHIP-COST-250,cand_0055,member_0009,120,False,6
U12,N09,0.4081879397725558,0.4081879397725558,ct_ar,NONHT-MAX-LOW-21D,cand_0055,member_0033,120,False,7
U12,U10,-0.3852319489265216,0.3852319489265216,ct_ar,bhv_on20,cand_0055,cand_0033,120,False,8
U12,B09,0.3654808528933542,0.3654808528933542,ct_ar,OSR2-DD60,cand_0055,member_0013,120,False,9
U12,B02,-0.3534962375255125,0.3534962375255125,ct_ar,HT13-TURN-BIAS-1M,cand_0055,member_0004,120,False,10
U12,N08,-0.3430640744025315,0.3430640744025315,ct_ar,HT13-TURN-STD-1M,cand_0055,member_0031,120,False,11
U12,S01,0.3370767538261653,0.3370767538261653,ct_ar,VV6-756,cand_0055,member_0049,120,False,12
U12,B04,0.3220378272715082,0.3220378272715082,ct_ar,OSR2-DD120,cand_0055,member_0007,120,False,13
U12,N32,0.3098213665633317,0.3098213665633317,ct_ar,HT13-NEW-ALPHA40,cand_0055,member_0048,120,False,14
U12,U11,0.3029353006036006,0.3029353006036006,ct_ar,ct_amp10,cand_0055,cand_0050,120,False,15
U12,U04,0.3010983500133787,0.3010983500133787,ct_ar,BHV-LIMITUP20-20261003,cand_0055,cand_0003,120,False,16
U12,U14,0.2684676172879041,0.2684676172879041,ct_ar,ct_pvcorr30,cand_0055,cand_0060,120,False,17
U12,B01,-0.2373081699335578,0.2373081699335578,ct_ar,V5-V01,cand_0055,member_0058,120,False,18
U12,N12,-0.2350602510978073,0.2350602510978073,ct_ar,HT13-HIST-EP-2Q,cand_0055,member_0038,120,False,19
U12,N19,0.227218196370483,0.227218196370483,ct_ar,OSR-RET5-20D,cand_0055,member_0041,120,False,20
U12,N20,0.2191913584624688,0.2191913584624688,ct_ar,OSR-DD20-20D,cand_0055,member_0042,120,False,21
U12,N14,0.2173254911388965,0.2173254911388965,ct_ar,HT13-ALPHA44,cand_0055,member_0039,120,False,22
U12,S05,-0.2134651597832136,0.2134651597832136,ct_ar,V4R01,cand_0055,member_0057,120,False,23
U12,B06,0.1898900796498765,0.1898900796498765,ct_ar,F-NET01-PLAT-20260914,cand_0055,member_0011,120,False,24
U12,SEP-isolated,-0.1832546751488338,0.1832546751488338,ct_ar,V6-V01,cand_0055,member_0059,120,False,25
U12,N16,0.1753669911980569,0.1753669911980569,ct_ar,NONHT-SKEW-LOW-60D,cand_0055,member_0040,120,False,26
U12,U06,-0.1262190648039602,0.1262190648039602,ct_ar,GP-0004,cand_0055,cand_0089,2,False,27
U12,B08,0.1226219727453466,0.1226219727453466,ct_ar,HT13-VALUE-BP,cand_0055,member_0012,120,False,28
U12,N23,-0.115928643837555,0.115928643837555,ct_ar,OSR2-MODERATE-DD60,cand_0055,member_0043,120,False,29
U12,U13,0.1105513544392606,0.1105513544392606,ct_ar,ct_obv,cand_0055,cand_0061,120,False,30
U12,U01,0.0981113498068908,0.0981113498068908,ct_ar,GP-0014,cand_0055,cand_0099,120,False,31
U12,U09,-0.0821644372950605,0.0821644372950605,ct_ar,bhv_mom250_20,cand_0055,cand_0032,120,False,32
U12,B12,0.0813699962344775,0.0813699962344775,ct_ar,HT13-VALUE-SP,cand_0055,member_0015,120,False,33
U12,N05,0.0675477022283142,0.0675477022283142,ct_ar,HT13-VALUE-EP,cand_0055,member_0028,120,False,34
U12,N29,0.0405570647287945,0.0405570647287945,ct_ar,REPORT-HIST-NETMARGIN-6Q-10D-20260910,cand_0055,member_0045,120,False,35
U12,N06,-0.036142061023338,0.036142061023338,ct_ar,HT13-VALUE-OCFP-LOW-PCF,cand_0055,member_0029,120,False,36
U12,N02,-0.0347445625918858,0.0347445625918858,ct_ar,HT13-GROWTH-NP,cand_0055,member_0026,120,False,37
U12,U02,0.0333303444576359,0.0333303444576359,ct_ar,GP-0010,cand_0055,cand_0095,120,False,38
U12,U07,0.0254336453704944,0.0254336453704944,ct_ar,GP-0013,cand_0055,cand_0098,120,False,39
U12,N31,0.0253089241878289,0.0253089241878289,ct_ar,HT13-NEW-HIST-GPM-6Q,cand_0055,member_0047,120,False,40
U12,N04,0.0247533771854129,0.0247533771854129,ct_ar,NEW-HIST-ROE-6Q,cand_0055,member_0027,120,False,41
U12,N10,-0.0240434006672839,0.0240434006672839,ct_ar,HT13-QUALITY-ROE,cand_0055,member_0035,120,False,42
U12,N30,0.0237606211592547,0.0237606211592547,ct_ar,REPORT-HIST-ASSETTURN-6Q-10D-20260910,cand_0055,member_0046,120,False,43
U12,N11,-0.0135166157451523,0.0135166157451523,ct_ar,HT13-QUALITY-CASH-DEBT,cand_0055,member_0037,120,False,44
U12,U08,-0.0134922290183936,0.0134922290183936,ct_ar,GP-0015,cand_0055,cand_0100,120,False,45
U12,U05,-0.0110381892455228,0.0110381892455228,ct_ar,F-NET03,cand_0055,cand_0019,120,False,46
U12,N07,-0.0106169697425665,0.0106169697425665,ct_ar,HT13-GROWTH-OCF,cand_0055,member_0030,120,False,47
U12,N27,0.0052096234965481,0.0052096234965481,ct_ar,paper-derived-roe,cand_0055,member_0044,120,False,48
U12,B10,-0.0035006167028513,0.0035006167028513,ct_ar,paper-derived-asset-growth,cand_0055,member_0014,120,False,49
U13,S05,-0.728398742952422,0.728398742952422,ct_obv,V7-V01,cand_0061,member_0060,120,False,1
U13,B01,0.5746855600337181,0.5746855600337181,ct_obv,H03-T10-SINGLE,cand_0061,member_0000,120,False,2
U13,U01,-0.4438109627575911,0.4438109627575911,ct_obv,GP-0022,cand_0061,cand_0107,120,False,3
U13,S02,0.4229725835755776,0.4229725835755776,ct_obv,LAMD20-K5V2,cand_0061,member_0053,120,False,4
U13,U02,0.367311784649261,0.367311784649261,ct_obv,GP-0005,cand_0061,cand_0090,120,False,5
U13,U07,0.2963557094503484,0.2963557094503484,ct_obv,GP-0013,cand_0061,cand_0098,120,False,6
U13,S04,0.2666262906992824,0.2666262906992824,ct_obv,comp-amihud20-vs500,cand_0061,member_0056,120,False,7
U13,N12,-0.2380787285726327,0.2380787285726327,ct_obv,HT13-HIST-EP-2Q,cand_0061,member_0038,120,False,8
U13,B12,-0.2271705143051785,0.2271705143051785,ct_obv,HT13-VALUE-SP,cand_0061,member_0015,120,False,9
U13,B10,0.2069953798385836,0.2069953798385836,ct_obv,paper-derived-asset-growth,cand_0061,member_0014,120,False,10
U13,N27,0.1759102017756491,0.1759102017756491,ct_obv,paper-derived-roe,cand_0061,member_0044,120,False,11
U13,U08,0.1650215683994207,0.1650215683994207,ct_obv,GP-0015,cand_0061,cand_0100,120,False,12
U13,U06,0.1645064157868566,0.1645064157868566,ct_obv,GP-0004,cand_0061,cand_0089,2,False,13
U13,S01,-0.158590053390816,0.158590053390816,ct_obv,VV6-756,cand_0061,member_0049,120,False,14
U13,B08,-0.1548168727886187,0.1548168727886187,ct_obv,HT13-VALUE-BP,cand_0061,member_0012,120,False,15
U13,U10,-0.1163873083879859,0.1163873083879859,ct_obv,bhv_on20,cand_0061,cand_0033,120,False,16
U13,U12,0.1105513544392606,0.1105513544392606,ct_obv,ct_ar,cand_0061,cand_0055,120,False,17
U13,B06,0.110483973507525,0.110483973507525,ct_obv,F-NET01-PLAT-20260914,cand_0061,member_0011,120,False,18
U13,U03,0.1088051992943204,0.1088051992943204,ct_obv,bhv_on_minus_id,cand_0061,cand_0034,120,False,19
U13,SEP-isolated,0.1081669404293023,0.1081669404293023,ct_obv,V6-V01,cand_0061,member_0059,120,False,20
U13,U09,-0.1046526341265937,0.1046526341265937,ct_obv,bhv_mom250_20,cand_0061,cand_0032,120,False,21
U13,U14,0.1006723453002874,0.1006723453002874,ct_obv,ct_pvcorr30,cand_0061,cand_0060,120,False,22
U13,N06,0.0901314397017777,0.0901314397017777,ct_obv,HT13-VALUE-OCFP-LOW-PCF,cand_0061,member_0029,120,False,23
U13,N10,0.0877894619726803,0.0877894619726803,ct_obv,REPORT-ROIC-TTM-10D-20260910,cand_0061,member_0036,120,False,24
U13,B05,-0.0683277650476111,0.0683277650476111,ct_obv,HT13-MOMENTUM-120D-D0,cand_0061,member_0008,120,False,25
U13,N31,-0.0648102188140459,0.0648102188140459,ct_obv,HT13-NEW-HIST-GPM-6Q,cand_0061,member_0047,120,False,26
U13,N14,0.0620047814144052,0.0620047814144052,ct_obv,HT13-ALPHA44,cand_0061,member_0039,120,False,27
U13,N32,-0.0573427247130882,0.0573427247130882,ct_obv,HT13-NEW-ALPHA40,cand_0061,member_0048,120,False,28
U13,U11,-0.0569002323506648,0.0569002323506648,ct_obv,ct_amp10,cand_0061,cand_0050,120,False,29
U13,N04,-0.0521702581981389,0.0521702581981389,ct_obv,NEW-HIST-ROE-6Q,cand_0061,member_0027,120,False,30
U13,N23,-0.050783039822109,0.050783039822109,ct_obv,OSR2-MODERATE-DD60,cand_0061,member_0043,120,False,31
U13,U05,0.0477300825922665,0.0477300825922665,ct_obv,F-NET03,cand_0061,cand_0019,120,False,32
U13,N16,-0.0442853189220968,0.0442853189220968,ct_obv,NONHT-SKEW-LOW-60D,cand_0061,member_0040,120,False,33
U13,N09,0.0393813999808967,0.0393813999808967,ct_obv,HT13-VOL-STD-1M,cand_0061,member_0032,120,False,34
U13,N30,-0.033100607670234,0.033100607670234,ct_obv,REPORT-HIST-ASSETTURN-6Q-10D-20260910,cand_0061,member_0046,120,False,35
U13,N11,0.032318123484329,0.032318123484329,ct_obv,HT13-QUALITY-CASH-DEBT,cand_0061,member_0037,120,False,36
U13,B03,0.0322234066000703,0.0322234066000703,ct_obv,OSR2-RET40,cand_0061,member_0006,120,False,37
U13,N01,0.0252920831507923,0.0252920831507923,ct_obv,F-A18,cand_0061,member_0016,120,False,38
U13,B04,0.0244597149769094,0.0244597149769094,ct_obv,OSR2-DD120,cand_0061,member_0007,120,False,39
U13,N02,-0.0242805975912411,0.0242805975912411,ct_obv,HT13-GROWTH-NP,cand_0061,member_0026,120,False,40
U13,B09,0.0237477501564974,0.0237477501564974,ct_obv,OSR2-DD60,cand_0061,member_0013,120,False,41
U13,N05,-0.019926789513177,0.019926789513177,ct_obv,HT13-VALUE-EP,cand_0061,member_0028,120,False,42
U13,N29,-0.0175085616726486,0.0175085616726486,ct_obv,REPORT-HIST-NETMARGIN-6Q-10D-20260910,cand_0061,member_0045,120,False,43
U13,N20,0.0148992310631764,0.0148992310631764,ct_obv,OSR-DD20-20D,cand_0061,member_0042,120,False,44
U13,N19,0.0122056659374794,0.0122056659374794,ct_obv,OSR-RET5-20D,cand_0061,member_0041,120,False,45
U13,U04,0.0100451910712321,0.0100451910712321,ct_obv,BHV-LIMITUP20-20261003,cand_0061,cand_0003,120,False,46
U13,B02,-0.006910782274744,0.006910782274744,ct_obv,HT13-TURN-BIAS-1M,cand_0061,member_0004,120,False,47
U13,N07,-0.0062063829650977,0.0062063829650977,ct_obv,HT13-GROWTH-OCF,cand_0061,member_0030,120,False,48
U13,N08,-0.0016404296540801,0.0016404296540801,ct_obv,HT13-TURN-STD-1M,cand_0061,member_0031,120,False,49
U14,S04,0.4786551120687659,0.4786551120687659,ct_pvcorr30,comp-pvcorr20-amihud20-vs500,cand_0060,member_0054,120,False,1
U14,S02,0.4312868491793003,0.4312868491793003,ct_pvcorr30,LAMD0-K8V2,cand_0060,member_0052,120,False,2
U14,N08,-0.4214241793515117,0.4214241793515117,ct_pvcorr30,HT13-TURN-STD-1M,cand_0060,member_0031,120,False,3
U14,N32,0.3665593918271469,0.3665593918271469,ct_pvcorr30,HT13-NEW-ALPHA40,cand_0060,member_0048,120,False,4
U14,N09,0.2772314458574537,0.2772314458574537,ct_pvcorr30,NONHT-MAX-LOW-21D,cand_0060,member_0033,120,False,5
U14,B02,-0.2742482315757144,0.2742482315757144,ct_pvcorr30,HT13-TURN-BIAS-1M,cand_0060,member_0004,120,False,6
U14,U04,0.2701330381552658,0.2701330381552658,ct_pvcorr30,BHV-LIMITUP20-20261003,cand_0060,cand_0003,120,False,7
U14,N16,0.2697975422555129,0.2697975422555129,ct_pvcorr30,NONHT-SKEW-LOW-60D,cand_0060,member_0040,120,False,8
U14,S05,-0.268954577311835,0.268954577311835,ct_pvcorr30,V4R01,cand_0060,member_0057,120,False,9
U14,U12,0.2684676172879041,0.2684676172879041,ct_pvcorr30,ct_ar,cand_0060,cand_0055,120,False,10
U14,B03,0.2568328790649202,0.2568328790649202,ct_pvcorr30,OSR2-RET40,cand_0060,member_0006,120,False,11
U14,B01,-0.2413715287535878,0.2413715287535878,ct_pvcorr30,V5-V01,cand_0060,member_0058,120,False,12
U14,U11,0.2310713175840551,0.2310713175840551,ct_pvcorr30,ct_amp10,cand_0060,cand_0050,120,False,13
U14,U03,0.2255631603294463,0.2255631603294463,ct_pvcorr30,AGP04W,cand_0060,cand_0026,120,False,14
U14,N14,0.2211671234016282,0.2211671234016282,ct_pvcorr30,HT13-ALPHA44,cand_0060,member_0039,120,False,15
U14,SEP-isolated,-0.2061627666951005,0.2061627666951005,ct_pvcorr30,V6-V01,cand_0060,member_0059,120,False,16
U14,N01,0.2007965881530302,0.2007965881530302,ct_pvcorr30,F-A18,cand_0060,member_0016,120,False,17
U14,B05,-0.1958569560241043,0.1958569560241043,ct_pvcorr30,HT13-MOMENTUM-120D-D0,cand_0060,member_0008,120,False,18
U14,S01,0.1596723095252509,0.1596723095252509,ct_pvcorr30,VV6-756,cand_0060,member_0049,120,False,19
U14,N27,0.1232364686976943,0.1232364686976943,ct_pvcorr30,paper-derived-roe,cand_0060,member_0044,120,False,20
U14,N05,0.1191311358959891,0.1191311358959891,ct_pvcorr30,HT13-VALUE-EP,cand_0060,member_0028,120,False,21
U14,N12,-0.1153985934265842,0.1153985934265842,ct_pvcorr30,HT13-HIST-EP-2Q,cand_0060,member_0038,120,False,22
U14,N10,0.112860043270459,0.112860043270459,ct_pvcorr30,HT13-QUALITY-ROE,cand_0060,member_0035,120,False,23
U14,U10,-0.1038098078725495,0.1038098078725495,ct_pvcorr30,bhv_on20,cand_0060,cand_0033,120,False,24
U14,U13,0.1006723453002874,0.1006723453002874,ct_pvcorr30,ct_obv,cand_0060,cand_0061,120,False,25
U14,U02,-0.0979942251999236,0.0979942251999236,ct_pvcorr30,GP-0006,cand_0060,cand_0091,120,False,26
U14,N19,0.078115392745399,0.078115392745399,ct_pvcorr30,OSR-RET5-20D,cand_0060,member_0041,120,False,27
U14,N20,-0.0761247847664287,0.0761247847664287,ct_pvcorr30,OSR-DD20-20D,cand_0060,member_0042,120,False,28
U14,B04,0.0754170276831262,0.0754170276831262,ct_pvcorr30,OSR2-DD120,cand_0060,member_0007,120,False,29
U14,B06,0.0705850504334737,0.0705850504334737,ct_pvcorr30,F-NET01-PLAT-20260914,cand_0060,member_0011,120,False,30
U14,B10,0.0697522538358638,0.0697522538358638,ct_pvcorr30,paper-derived-asset-growth,cand_0060,member_0014,120,False,31
U14,B08,0.0634665218851919,0.0634665218851919,ct_pvcorr30,HT13-VALUE-BP,cand_0060,member_0012,120,False,32
U14,N11,0.0629419939294877,0.0629419939294877,ct_pvcorr30,HT13-QUALITY-CASH-DEBT,cand_0060,member_0037,120,False,33
U14,U09,-0.0572732238375492,0.0572732238375492,ct_pvcorr30,bhv_mom250_20,cand_0060,cand_0032,120,False,34
U14,B09,0.0557756200074524,0.0557756200074524,ct_pvcorr30,OSR2-DD60,cand_0060,member_0013,120,False,35
U14,U01,-0.0542872836143008,0.0542872836143008,ct_pvcorr30,F-NET02,cand_0060,cand_0018,120,False,36
U14,U07,-0.0540101468080677,0.0540101468080677,ct_pvcorr30,GP-0013,cand_0060,cand_0098,120,False,37
U14,U08,-0.0516106605373449,0.0516106605373449,ct_pvcorr30,GP-0015,cand_0060,cand_0100,120,False,38
U14,B12,0.0513261221913518,0.0513261221913518,ct_pvcorr30,HT13-VALUE-SP,cand_0060,member_0015,120,False,39
U14,U06,0.0512666420402017,0.0512666420402017,ct_pvcorr30,GP-0004,cand_0060,cand_0089,2,False,40
U14,N06,-0.0217334352507776,0.0217334352507776,ct_pvcorr30,HT13-VALUE-OCFP-LOW-PCF,cand_0060,member_0029,120,False,41
U14,N02,0.0211758128072352,0.0211758128072352,ct_pvcorr30,HT13-GROWTH-NP,cand_0060,member_0026,120,False,42
U14,N04,-0.0195269921804438,0.0195269921804438,ct_pvcorr30,NEW-HIST-ROE-6Q,cand_0060,member_0027,120,False,43
U14,N07,0.0179516050741938,0.0179516050741938,ct_pvcorr30,HT13-GROWTH-OCF,cand_0060,member_0030,120,False,44
U14,N31,-0.0167227316027195,0.0167227316027195,ct_pvcorr30,HT13-NEW-HIST-GPM-6Q,cand_0060,member_0047,120,False,45
U14,U05,0.0101305195033714,0.0101305195033714,ct_pvcorr30,F-NET03,cand_0060,cand_0019,120,False,46
U14,N29,-0.0048599009231818,0.0048599009231818,ct_pvcorr30,REPORT-HIST-NETMARGIN-6Q-10D-20260910,cand_0060,member_0045,120,False,47
U14,N30,0.0022206241834894,0.0022206241834894,ct_pvcorr30,REPORT-HIST-ASSETTURN-6Q-10D-20260910,cand_0060,member_0046,120,False,48
U14,N23,0.0012164004328022,0.0012164004328022,ct_pvcorr30,OSR2-MODERATE-DD60,cand_0060,member_0043,120,False,49
