variant,scope,label_offset,date,stock_count,rank_ic,ic,benchmark,group_1_return,group_1_excess,turnover_1,group_1_count,group_2_return,group_2_excess,turnover_2,group_2_count,group_3_return,group_3_excess,turnover_3,group_3_count,group_4_return,group_4_excess,turnover_4,group_4_count,group_5_return,group_5_excess,turnover_5,group_5_count,group_6_return,group_6_excess,turnover_6,group_6_count,group_7_return,group_7_excess,turnover_7,group_7_count,group_8_return,group_8_excess,turnover_8,group_8_count,group_9_return,group_9_excess,turnover_9,group_9_count,group_10_return,group_10_excess,turnover_10,group_10_count,group_return,excess,turnover,selected_count
qfq_close_left__qfq_return,qfq,0,2021-09-07,4455,-0.11445796127342706,-0.06602429795374763,-0.00269628029898729,0.014382242154546424,0.017078522453533713,,445,0.003219599380605542,0.005915879679592832,,446,-0.002927754829608487,-0.0002314745306211969,,445,-0.000645282526663021,0.002050997772324269,,446,-0.008281984231797506,-0.005585703932810215,,445,-0.006299231964910541,-0.003602951665923251,,446,-0.004044628663901154,-0.0013483483649138644,,445,-0.0009199705521488044,0.0017763097468384854,,446,-0.011244919658017825,-0.008548639359030535,,445,-0.010197813003210359,-0.007501532704223069,,446,-0.010197813003210359,-0.007501532704223069,,446
qfq_close_left__qfq_return,qfq,0,2021-09-14,4473,-0.022829737212780178,-0.050153340045858176,-0.0005080062390405129,-0.01552490324427539,-0.015016897005234876,0.6420581655480984,447,-0.0020334948684178956,-0.0015254886293773826,0.6487695749440716,447,0.0036443878327164113,0.004152394071756924,0.6912751677852349,447,0.003557782658116322,0.004065788897156835,0.484375,448,0.006094814112696167,0.00660282035173668,0.3691275167785235,447,0.010720825475574541,0.011228831714615055,0.29082774049217,447,0.006283733449858115,0.006791739688898628,0.1785714285714286,448,0.002516084410871291,0.003024090649911804,0.07829977628635343,447,-0.007818080358831215,-0.007310074119790701,0.046979865771812124,447,-0.01251863222247773,-0.012010625983437218,0.024553571428571397,448,-0.01251863222247773,-0.012010625983437218,0.024553571428571397,448
qfq_close_left__qfq_return,qfq,0,2021-09-23,4471,0.04483626908541046,0.04300021044437643,-0.04832132817904241,-0.04971996127858587,-0.00139863309954346,0.6845637583892618,447,-0.047360756398436676,0.0009605717806057332,0.6599552572706935,447,-0.04990797760262146,-0.0015866494235790493,0.7628635346756152,447,-0.05291047999865839,-0.004589151819615979,0.5503355704697986,447,-0.05364345166535458,-0.005322123486312169,0.4519015659955258,447,-0.04642392865885867,0.0018973995201837374,0.3512304250559284,447,-0.05041946135124775,-0.0020981331722053423,0.18791946308724827,447,-0.04957500459419037,-0.0012536764151479599,0.08948545861297541,447,-0.04031425267919646,0.008007075499845952,0.06040268456375841,447,-0.04295002390393402,0.005371304275108388,0.03125,448,-0.04295002390393402,0.005371304275108388,0.03125,448
qfq_close_left__qfq_return,qfq,0,2021-09-30,4481,-0.004109672798661365,0.0405654575688055,0.00695369698353966,0.007099183982538439,0.0001454869989987789,0.6651785714285714,448,0.015940849485483615,0.008987152501943955,0.6227678571428572,448,0.010650891158655343,0.0036971941751156832,0.703125,448,0.0034525698878051926,-0.0035011270957344674,0.5714285714285714,448,0.002920090478246991,-0.004033606505292669,0.4352678571428571,448,0.005409735242337963,-0.0015439617412016972,0.3169642857142857,448,0.0008372748717871806,-0.0061164221117524795,0.1763392857142857,448,-0.0011956317650620555,-0.008149328748601716,0.0870535714285714,448,0.010867855158878132,0.003914158175338472,0.0558035714285714,448,0.013539450990959233,0.006585754007419573,0.031180400890868598,449,0.013539450990959233,0.006585754007419573,0.031180400890868598,449
qfq_close_left__qfq_return,qfq,0,2021-10-14,4489,0.11893674018627864,0.06133113167987618,-0.0023815439893240834,-0.006058144946126423,-0.00367660095680234,0.5736607142857143,448,-0.014406955008840469,-0.012025411019516385,0.6391982182628062,449,-0.00803078292637457,-0.005649238937050486,0.6080178173719377,449,-0.006442569986658125,-0.004061025997334042,0.4788418708240535,449,0.004056809736633322,0.006438353725957405,0.33853006681514475,449,-0.0047603936434107205,-0.002378849654086637,0.24498886414253895,449,-0.0017218097957012461,0.0006597341936228373,0.13808463251670378,449,0.0015490067305943085,0.003930550719918392,0.060133630289532336,449,0.005841987556593499,0.008223531545917581,0.03340757238307346,449,0.0061492239692103835,0.008530767958534467,0.017817371937639215,449,0.0061492239692103835,0.008530767958534467,0.017817371937639215,449
qfq_close_left__qfq_return,qfq,0,2021-10-21,4504,0.1135132392780277,0.10491374613913278,-0.03960266481285635,-0.04967858242001239,-0.010075917607156044,0.6488888888888888,450,-0.05105244444840545,-0.0114497796355491,0.6422222222222222,450,-0.049146425090493134,-0.009543760277636787,0.6186252771618626,451,-0.04140875921096296,-0.0018060943981066113,0.4955555555555555,450,-0.037833694873062436,0.0017689699397939115,0.36141906873614194,451,-0.03429588288813169,0.0053067819247246545,0.24222222222222223,450,-0.03797073754836544,0.0016319272644909066,0.1466666666666666,450,-0.036886527364046816,0.0027161374488095316,0.08203991130820398,451,-0.03465948830195401,0.004943176510902335,0.046666666666666634,450,-0.02311949380117946,0.016483171011676886,0.02882483370288247,451,-0.02311949380117946,0.016483171011676886,0.02882483370288247,451
qfq_close_left__qfq_return,qfq,0,2021-10-28,4520,-0.00024304120773572816,0.03814921827080789,0.03762661383858203,0.027443563250573115,-0.010183050588008918,0.5995575221238938,452,0.03910403073794709,0.0014774168993650569,0.6460176991150443,452,0.04601321776059836,0.008386603922016324,0.6703539823008849,452,0.047572056458622176,0.009945442620040143,0.5707964601769911,452,0.04769221483479527,0.010065600996213238,0.43805309734513276,452,0.03074026670219652,-0.006886347136385515,0.32300884955752207,452,0.027869101281464855,-0.009757512557117178,0.17256637168141598,452,0.016457572748020188,-0.021169041090561846,0.08628318584070793,452,0.04446606867004618,0.006839454831464149,0.053097345132743334,452,0.048908045941556504,0.01128143210297447,0.02433628318584069,452,0.048908045941556504,0.01128143210297447,0.02433628318584069,452
qfq_close_left__qfq_return,qfq,0,2021-11-04,4526,-0.08672409620465803,0.007786540059838495,0.029871645276004347,0.03509952688211586,0.005227881606111512,0.6261061946902655,452,0.03930710629864584,0.009435461022641492,0.6512141280353201,453,0.03777739839347839,0.007905753117474046,0.6792035398230089,452,0.04124162278177371,0.01136997750576936,0.5894039735099338,453,0.03131495930773646,0.001443314031732111,0.4613686534216336,453,0.020796462705488485,-0.009075182570515861,0.327433628318584,452,0.014587626338042083,-0.015284018937962263,0.17880794701986757,453,0.011489401863625268,-0.01838224341237908,0.07964601769911506,452,0.03629719286690969,0.006425547590905342,0.050772626931567366,453,0.030773535473973088,0.000901890197968741,0.02428256070640178,453,0.030773535473973088,0.000901890197968741,0.02428256070640178,453
qfq_close_left__qfq_return,qfq,0,2021-11-11,4525,-0.005004850631208796,0.024751634735090053,0.017766354642319095,0.008448123762802962,-0.009318230879516134,0.6172566371681416,452,0.020704811575570966,0.0029384569332518706,0.609271523178808,453,0.020097488760664334,0.0023311341183452385,0.6238938053097345,452,0.024137995650911907,0.006371641008592811,0.48344370860927155,453,0.020528003906767428,0.0027616492644483327,0.3650442477876106,452,0.016240271424030266,-0.001526083218288829,0.26710816777041946,453,0.015605527126156359,-0.0021608275161627364,0.16150442477876104,452,0.011381884485920956,-0.006384470156398139,0.07505518763796915,453,0.01495936561094917,-0.002806989031369925,0.04424778761061943,452,0.025539779938303458,0.0077734252959843625,0.017660044150110354,453,0.025539779938303458,0.0077734252959843625,0.017660044150110354,453
qfq_close_left__qfq_return,qfq,0,2021-11-18,4542,0.10270343046466313,0.047818904667165124,0.029716926591949275,0.015849890189697156,-0.01386703640225212,0.6519823788546255,454,0.023070679188542317,-0.006646247403406958,0.6475770925110131,454,0.028522582148066813,-0.001194344443882462,0.6585903083700441,454,0.030876160631936315,0.00115923403998704,0.49339207048458145,454,0.030525464355080325,0.0008085377631310495,0.39340659340659345,455,0.03310295397866393,0.0033860273867146566,0.27753303964757714,454,0.027409343593482037,-0.0023075829984672384,0.14977973568281944,454,0.023128662942090473,-0.006588263649858803,0.0770925110132159,454,0.04397453514628725,0.014257608554337973,0.052863436123347984,454,0.04068305835022447,0.010966131758275193,0.02637362637362639,455,0.04068305835022447,0.010966131758275193,0.02637362637362639,455
qfq_close_left__qfq_return,qfq,0,2021-11-25,4548,-0.06679014970805093,-0.051158959019507615,0.004073407991173388,0.00961158686765931,0.005538178876485922,0.6431718061674009,454,0.013409667990181406,0.009336259999008018,0.6461538461538461,455,0.01113258168838727,0.007059173697213881,0.6461538461538461,455,-0.0003548806225344094,-0.004428288613707798,0.5494505494505495,455,0.0005873587279085101,-0.0034860492632648784,0.4241758241758242,455,0.0026475049382459854,-0.001425903052927403,0.30396475770925113,454,0.005770938140984856,0.001697530149811468,0.17362637362637368,455,0.0016854041161584042,-0.002388003875014984,0.09010989010989012,455,-0.00030036107491033436,-0.004373769066083723,0.05054945054945059,455,-0.0034466828915041287,-0.007520090882677517,0.02197802197802201,455,-0.0034466828915041287,-0.007520090882677517,0.02197802197802201,455
qfq_close_left__qfq_return,qfq,0,2021-12-02,4554,-0.025034862084670064,-0.05281044305313644,-0.0003608954620513979,0.0035410232082111904,0.0039019186702625884,0.610989010989011,455,0.0003593827862352298,0.0007202782482866278,0.6351648351648351,455,0.0007746023483727921,0.00113549781042419,0.6074561403508771,456,-0.004427891491642993,-0.004066996029591595,0.5406593406593407,455,-0.00630231816833837,-0.005941422706286972,0.41885964912280704,456,0.0001373571632933389,0.0004982526253447368,0.3274725274725274,455,0.006704277573467536,0.007065173035518934,0.19560439560439558,455,0.014238538340191072,0.014599433802242469,0.08333333333333337,456,-0.007391812223312956,-0.007030916761261558,0.0483516483516484,455,-0.01123972882850713,-0.010878833366455733,0.02412280701754388,456,-0.01123972882850713,-0.010878833366455733,0.02412280701754388,456
qfq_close_left__qfq_return,qfq,0,2021-12-09,4564,-0.06320822720065811,-0.017920518498927982,0.024686058741523378,0.03510712741311993,0.010421068671596551,0.6008771929824561,456,0.030743241547774056,0.0060571828062506786,0.6206140350877193,456,0.02839405410532897,0.003707995363805592,0.6126914660831511,457,0.028085553154496595,0.0033994944129732176,0.5,456,0.024019461243406936,-0.0006665974981164419,0.4091903719912473,457,0.023279534098862534,-0.001406524642660844,0.3135964912280702,456,0.017568987495087163,-0.007117071246436214,0.16885964912280704,456,0.01389903098371661,-0.010787027757806768,0.07002188183807445,457,0.022665989812991817,-0.0020200689285315605,0.04824561403508776,456,0.023118032245510834,-0.0015680264960125437,0.024070021881838044,457,0.023118032245510834,-0.0015680264960125437,0.024070021881838044,457
qfq_close_left__qfq_return,qfq,0,2021-12-16,4570,-0.06570838197317343,-0.06922013426052394,-0.0034393404370339324,0.004207954247595233,0.007647294684629166,0.5689277899343546,457,0.0027852507463280445,0.0062245911833619764,0.636761487964989,457,-0.001802254964178168,0.0016370854728557645,0.6214442013129102,457,-0.008022641285888792,-0.00458330084885486,0.4967177242888403,457,-0.009683027417513848,-0.006243686980479916,0.3676148796498906,457,0.0026498749392965394,0.006089215376330472,0.24945295404814005,457,0.004944885701221149,0.008384226138255083,0.1312910284463895,457,-0.00012963998400514798,0.0033097004530287842,0.07221006564551424,457,-0.014083344577811893,-0.01064400414077796,0.043763676148796504,457,-0.015260461775382442,-0.01182112133834851,0.015317286652078765,457,-0.015260461775382442,-0.01182112133834851,0.015317286652078765,457
qfq_close_left__qfq_return,qfq,0,2021-12-23,4583,0.046748015152321305,-0.017363942067721756,0.0025641101683046685,-0.008254116446781885,-0.010818226615086553,0.5764192139737991,458,0.003423236411136573,0.0008591262428319047,0.6091703056768558,458,0.004271165410259731,0.0017070552419550626,0.6441048034934498,458,-8.587610991638607e-05,-0.0026499862782210547,0.5337690631808278,459,0.005094695245092709,0.0025305850767880405,0.37554585152838427,458,0.009655615912006046,0.007091505743701378,0.29039301310043664,458,0.0052755080167831364,0.002711397848478468,0.159041394335512,459,0.005835369461754462,0.0032712592934497934,0.06986899563318782,458,0.0008301761212015411,-0.0017339340471031273,0.04148471615720528,458,-0.0003983381970153063,-0.0029624483653199747,0.015250544662309351,459,-0.0003983381970153063,-0.0029624483653199747,0.015250544662309351,459
qfq_close_left__qfq_return,qfq,0,2021-12-30,4593,-0.07242006472718346,-0.07438293504694277,-0.0038688273890429537,0.009169188688289797,0.01303801607733275,0.6601307189542484,459,0.009953201885420548,0.013822029274463502,0.6427015250544662,459,-0.0003195321001246119,0.0035492952889183416,0.6579520697167756,459,-0.012572233191568328,-0.008703405802525373,0.567391304347826,460,-0.015252444572231549,-0.011383617183188595,0.40522875816993464,459,-0.003865269921181133,3.5574678618208525e-06,0.30718954248366015,459,0.0050587626789269724,0.008927590067969926,0.18695652173913047,460,0.007524555801298622,0.011393383190341576,0.07625272331154687,459,-0.018640659096562803,-0.01477183170751985,0.0326797385620915,459,-0.019709820513983546,-0.015840993124940594,0.017391304347826098,460,-0.019709820513983546,-0.015840993124940594,0.017391304347826098,460
qfq_close_left__qfq_return,qfq,0,2022-01-07,4599,0.0185075059753695,0.032852347664889946,0.005206181529370385,-0.004258280980808633,-0.009464462510179017,0.6623093681917211,459,0.010752902587607282,0.005546721058236897,0.6760869565217391,460,0.008524058306151765,0.0033178767767813797,0.6978260869565218,460,0.008746929155722385,0.003540747626352,0.5434782608695652,460,0.008829917494224243,0.0036237359648538577,0.4391304347826087,460,0.005151964730372159,-5.421679899822625e-05,0.33478260869565213,460,-0.0010098387773920538,-0.006216020306762439,0.18913043478260871,460,-0.00919002656915698,-0.014396208098527366,0.09130434782608698,460,0.008596821440738558,0.0033906399113681727,0.050000000000000044,460,0.015896792987744744,0.010690611458374358,0.013043478260869601,460,0.015896792987744744,0.010690611458374358,0.013043478260869601,460
qfq_close_left__qfq_return,qfq,0,2022-01-14,4604,0.04276032618671859,-0.02080835017904337,-0.031635481575096415,-0.05164206359021307,-0.020006582015116653,0.5956521739130435,460,-0.02097382638208876,0.010661655193007654,0.6391304347826087,460,-0.02015492710526442,0.011480554469831997,0.7158351409978307,461,-0.03777613316016162,-0.006140651585065202,0.5891304347826087,460,-0.03426233132778292,-0.002626849752686504,0.5097613882863341,461,-0.03057459157617744,0.0010608899989189742,0.34347826086956523,460,-0.026894321932857325,0.00474115964223909,0.19565217391304346,460,-0.016939350526051878,0.014696131049044537,0.08242950108459868,461,-0.034505553670448844,-0.0028700720953524286,0.050000000000000044,460,-0.042658947718228896,-0.01102346614313248,0.02386117136659438,461,-0.042658947718228896,-0.01102346614313248,0.02386117136659438,461
qfq_close_left__qfq_return,qfq,0,2022-01-21,4610,0.05460712461230437,0.06110109762969736,-0.057099227306292105,-0.059348067249962395,-0.0022488399436702902,0.6941431670281996,461,-0.06041248400457131,-0.003313256698279206,0.6659436008676789,461,-0.06118251165942053,-0.004083284353128422,0.7440347071583514,461,-0.06615948730043911,-0.009060259994147002,0.6073752711496746,461,-0.05718467877002354,-8.545146373143547e-05,0.48373101952277653,461,-0.0580837328106751,-0.0009845055043829973,0.36659436008676793,461,-0.0546593008030458,0.0024399265032463077,0.20390455531453366,461,-0.05103043330627252,0.006068794000019584,0.08676789587852496,461,-0.05541600661419457,0.0016832206920975382,0.05422993492407813,461,-0.04751557054431627,0.009583656761975833,0.02386117136659438,461,-0.04751557054431627,0.009583656761975833,0.02386117136659438,461
qfq_close_left__qfq_return,qfq,0,2022-01-28,4625,-0.046243950719607206,-0.1341030759499584,0.01970593129763294,0.01984627616748376,0.00014034486985082043,0.538961038961039,462,0.02190902829252506,0.0022030969948921217,0.6587473002159827,463,0.026997847860526714,0.007291916562893776,0.645021645021645,462,0.016621508556214862,-0.003084422741418076,0.5161987041036717,463,0.022593084277338568,0.0028871529797056296,0.43073593073593075,462,0.020453727882003545,0.000747796584370606,0.3153347732181425,463,0.034799124384890086,0.015093193087257147,0.19047619047619047,462,0.03964953610390833,0.019943604806275394,0.09071274298056153,463,0.004982658235382013,-0.014723273062250925,0.051948051948051965,462,-0.01077039166852791,-0.03047632296616085,0.02591792656587477,463,-0.01077039166852791,-0.03047632296616085,0.02591792656587477,463
qfq_close_left__qfq_return,qfq,0,2022-02-11,4629,0.030543438785304907,0.05228432367972741,0.0227939128961623,0.015565588287218381,-0.007228324608943919,0.5930735930735931,462,0.027972489766841756,0.005178576870679456,0.6393088552915767,463,0.02316941902058188,0.00037550612441957995,0.6457883369330454,463,0.027849358143188875,0.005055445247026575,0.48380129589632825,463,0.022555683462832193,-0.00023822943333010743,0.36933045356371486,463,0.022232361072016125,-0.0005615518241461753,0.28293736501079914,463,0.01390181577509077,-0.00889209712107153,0.1555075593952484,463,0.010783012082622037,-0.012010900813540263,0.07991360691144711,463,0.028847773397373547,0.006053860501211247,0.043196544276457916,463,0.03504601602165671,0.01225210312549441,0.017278617710583144,463,0.03504601602165671,0.01225210312549441,0.017278617710583144,463
qfq_close_left__qfq_return,qfq,0,2022-02-18,4637,0.017407546687121127,0.051512876167772975,0.0052744061073010835,0.0018850990635635298,-0.0033893070437375538,0.5961123110151187,463,0.0067275485164862555,0.001453142409185172,0.6228448275862069,464,0.015489588041574657,0.010215181934273574,0.6012931034482758,464,0.007805286791913234,0.00253088068461215,0.4254859611231101,463,0.007428185400227931,0.0021537792929268475,0.3232758620689655,464,0.0012383100798030885,-0.004036096027497995,0.2306034482758621,464,-0.004984634379935482,-0.010259040487236566,0.12311015118790491,463,-0.010010024404839814,-0.015284430512140897,0.06465517241379315,464,0.006753605659765874,0.0014791995524647905,0.03663793103448276,464,0.020387136246593027,0.015112730139291944,0.010775862068965525,464,0.020387136246593027,0.015112730139291944,0.010775862068965525,464
qfq_close_left__qfq_return,qfq,0,2022-02-25,4640,-0.07107947028170365,-0.052275394820491636,-0.0003337687954189332,0.010460711688616436,0.01079448048403537,0.5797413793103448,464,0.004235034369202006,0.004568803164620939,0.6120689655172413,464,0.0009249044094849767,0.00125867320490391,0.6120689655172413,464,-0.0006937145973113647,-0.00035994580189243144,0.43965517241379315,464,-0.006679898552761539,-0.006346129757342606,0.3275862068965517,464,-0.0006261499865621324,-0.00029238119114319923,0.24353448275862066,464,0.0026629723483272702,0.0029967411437462036,0.14655172413793105,464,0.001793209611767263,0.002126978407186196,0.06896551724137934,464,-0.005233841482109236,-0.004900072686690303,0.03879310344827591,464,-0.010180915762843018,-0.009847146967424085,0.02155172413793105,464,-0.010180915762843018,-0.009847146967424085,0.02155172413793105,464
qfq_close_left__qfq_return,qfq,0,2022-03-04,4642,-0.09404576571333861,-0.03139185132824041,-0.03643306541292471,-0.027263683222722133,0.009169382190202576,0.5754310344827587,464,-0.029899252564071596,0.006533812848853113,0.6056034482758621,464,-0.03199577138518158,0.004437294027743129,0.6293103448275862,464,-0.03667078807328246,-0.00023772266035775036,0.4956896551724138,464,-0.04091996965611736,-0.004486904243192653,0.378494623655914,465,-0.03733018450090108,-0.000897119087976371,0.27155172413793105,464,-0.0407017923357793,-0.004268726922854592,0.16163793103448276,464,-0.041571392387229684,-0.005138326974304976,0.07974137931034486,464,-0.04101886511943165,-0.004585799706506938,0.04525862068965514,464,-0.03694817468299305,-0.0005151092700683424,0.01505376344086018,465,-0.03694817468299305,-0.0005151092700683424,0.01505376344086018,465
qfq_close_left__qfq_return,qfq,0,2022-03-11,4645,-0.11489828248972955,-0.03562110080404775,-0.01689752243676196,0.0012493188077521418,0.018146841244514104,0.6551724137931034,464,-0.009222699335028296,0.007674823101733666,0.6795698924731183,465,-0.01479396050167202,0.0021035619350899416,0.6508620689655172,464,-0.017053593819220874,-0.00015607138245891244,0.5053763440860215,465,-0.01782836475908484,-0.0009308423223228779,0.3879310344827587,464,-0.021586884708480854,-0.004689362271718893,0.2817204301075269,465,-0.024696288360417457,-0.007798765923655495,0.1637931034482759,464,-0.024836844740077173,-0.007939322303315212,0.07741935483870965,465,-0.017765465538740657,-0.0008679431019786958,0.04094827586206895,464,-0.022417532053871828,-0.005520009617109866,0.01505376344086018,465,-0.022417532053871828,-0.005520009617109866,0.01505376344086018,465
qfq_close_left__qfq_return,qfq,0,2022-03-18,4659,-0.029733711962774387,-0.035342203904419466,-0.0014368009281420348,0.013109251040807773,0.014546051968949807,0.6279569892473118,465,0.00034723332306446663,0.0017840342512065014,0.6158798283261803,466,-0.001475984793949575,-3.918386580754017e-05,0.630901287553648,466,-0.0053300768841426415,-0.0038932759560006067,0.47424892703862664,466,-0.007286179625589973,-0.0058493786974479385,0.3669527896995708,466,-0.002603967257334863,-0.0011671663291928282,0.2510729613733905,466,-0.0027732034038089846,-0.0013364024756669498,0.148068669527897,466,0.001004849321513066,0.002441650249655101,0.06437768240343344,466,-0.0007630603593598177,0.0006737405687822171,0.03433476394849788,466,-0.008565655938823774,-0.007128855010681739,0.015021459227467782,466,-0.008565655938823774,-0.007128855010681739,0.015021459227467782,466
qfq_close_left__qfq_return,qfq,0,2022-03-25,4668,0.04923155874401091,0.009239483837546577,-0.0014303648519499118,0.009213848885886616,0.010644213737836528,0.5472103004291846,466,-0.004649866260983175,-0.0032195014090332635,0.5910064239828694,467,-0.009860621163127284,-0.008430256311177373,0.5524625267665952,467,-0.009223540643758334,-0.007793175791808422,0.4668094218415417,467,-0.0064755332488591645,-0.005045168396909253,0.36188436830835113,467,-0.00631797809973145,-0.004887613247781538,0.2575107296137339,466,0.007550505236561059,0.008980870088510971,0.14346895074946464,467,0.015422505211034034,0.016852870062983947,0.06423982869379019,467,-0.007941151236061683,-0.006510786384111771,0.03426124197002145,467,-0.002009490432815083,-0.0005791255808651711,0.017130620985010725,467,-0.002009490432815083,-0.0005791255808651711,0.017130620985010725,467
qfq_close_left__qfq_return,qfq,0,2022-04-01,4670,-0.050489757997348,-0.08755955357489816,-0.03190841042074414,-0.021678138273297176,0.010230272147446963,0.5546038543897216,467,-0.023775934199646163,0.008132476221097976,0.6338329764453962,467,-0.03683388845636512,-0.004925478035620982,0.5995717344753747,467,-0.03928996495213249,-0.0073815545313883485,0.45610278372591007,467,-0.03551880041011785,-0.0036103899893737135,0.37044967880085655,467,-0.0340018458130467,-0.002093435392302563,0.28051391862955033,467,-0.01469707083989661,0.01721133958084753,0.16274089935760172,467,-0.019818748988078286,0.012089661432665853,0.06638115631691643,467,-0.04353790424872505,-0.01162949382798091,0.036402569593147804,467,-0.049931808026135976,-0.018023397605391837,0.01927194860813708,467,-0.049931808026135976,-0.018023397605391837,0.01927194860813708,467
qfq_close_left__qfq_return,qfq,0,2022-04-12,4676,0.14417093607347137,0.06459057372226974,-0.016420099695713116,-0.03306247075747967,-0.016642371061766557,0.6145610278372591,467,-0.028288524330287463,-0.011868424634574347,0.6538461538461539,468,-0.02457736983482577,-0.008157270139112653,0.6274089935760172,467,-0.018917417061092272,-0.0024973173653791564,0.4871794871794872,468,-0.016516306380844295,-9.620668513117894e-05,0.3867521367521367,468,-0.008966702712280507,0.007453396983432609,0.29336188436830835,467,-0.004450557108225847,0.01196954258748727,0.2008547008547008,468,-0.008212638614281646,0.00820746108143147,0.10278372591006424,467,-0.015800704608671123,0.0006193950870419934,0.05555555555555558,468,-0.005427832863535763,0.010992266832177352,0.014957264957264904,468,-0.005427832863535763,0.010992266832177352,0.014957264957264904,468
qfq_close_left__qfq_return,qfq,0,2022-04-19,4681,0.2074136045465434,0.09056143279915772,-0.1554203156888076,-0.1749172758558938,-0.019496960167086214,0.5811965811965811,468,-0.16398293836425784,-0.008562622675450243,0.6217948717948718,468,-0.17765474948531462,-0.022234433796507025,0.6324786324786325,468,-0.17055821972411597,-0.015137904035308375,0.5085470085470085,468,-0.16747212177439247,-0.01205180608558487,0.41025641025641024,468,-0.15019166929918173,0.005228646389625863,0.3012820512820513,468,-0.13358004866410111,0.021840267024706483,0.1923076923076923,468,-0.1274134068085007,0.028006908880306908,0.09615384615384615,468,-0.14739770937032287,0.008022606318484726,0.05128205128205132,468,-0.14106568981949358,0.01435462586931402,0.021321961620469065,469,-0.14106568981949358,0.01435462586931402,0.021321961620469065,469
qfq_close_left__qfq_return,qfq,0,2022-04-26,4691,0.1363919064235149,0.12248007708897692,0.06577239672268648,0.02251650155990912,-0.04325589516277736,0.6396588486140725,469,0.06751210751382022,0.0017397107911337473,0.7014925373134329,469,0.06786999389024853,0.002097597167562054,0.7185501066098081,469,0.06985220108742037,0.004079804364733888,0.6503198294243071,469,0.07146078294721249,0.0056883862245260125,0.4989339019189766,469,0.06771951071941974,0.0019471139967332657,0.39658848614072495,469,0.0605690090976004,-0.005203387625086077,0.24307036247334757,469,0.057485978085902334,-0.008286418636784143,0.10021321961620466,469,0.08026782229235561,0.014495425569669138,0.061833688699360345,469,0.09241325649401808,0.0266408597713316,0.036170212765957444,470,0.09241325649401808,0.0266408597713316,0.036170212765957444,470
qfq_close_left__qfq_return,qfq,0,2022-05-06,4662,-0.01093377902516935,0.021031777459973224,0.0526627574556465,0.05035159725506772,-0.0023111602005787754,0.7081545064377682,466,0.04592889839613329,-0.006733859059513209,0.6888412017167382,466,0.06472427609998242,0.012061518644335925,0.6952789699570816,466,0.05706935359547871,0.004406596139832214,0.6630901287553648,466,0.05565684758740579,0.0029940901317592958,0.5203426124197001,467,0.05452583376200788,0.0018630763063613859,0.3905579399141631,466,0.04470319353837405,-0.007959563917272448,0.25536480686695284,466,0.041362022450926364,-0.011300735004720133,0.12017167381974247,466,0.05715411431137467,0.004491356855728171,0.06437768240343344,466,0.05513969715235685,0.0024769396967103535,0.025695931477516032,467,0.05513969715235685,0.0024769396967103535,0.025695931477516032,467
qfq_close_left__qfq_return,qfq,0,2022-05-13,4667,-0.12480794935110515,-0.033517168417268206,0.02838542685158919,0.044637033841057945,0.016251606989468755,0.6394849785407726,466,0.0414923329743171,0.01310690612272791,0.6338329764453962,467,0.02823448738069624,-0.00015093947089294887,0.6402569593147751,467,0.02784304633965527,-0.0005423805119339209,0.5128755364806867,466,0.031023114779361042,0.002637687927771852,0.38329764453961457,467,0.023758420644716508,-0.004627006206872682,0.2955032119914347,467,0.016241985709317574,-0.012143441142271616,0.1802575107296137,466,0.020701416907124556,-0.0076840099444646336,0.10278372591006424,467,0.02703125386399964,-0.001354172987589549,0.05781584582441113,467,0.022898811590282554,-0.005486615261306636,0.023554603854389677,467,0.022898811590282554,-0.005486615261306636,0.023554603854389677,467
qfq_close_left__qfq_return,qfq,0,2022-05-20,4670,-0.03526910302355608,-0.0467814603172105,-0.004576470073712725,-0.006621872549572578,-0.0020454024758598532,0.5931477516059958,467,0.0005210529531197894,0.005097523026832515,0.6231263383297645,467,-0.0041392261035793,0.00043724397013342534,0.6102783725910064,467,-0.005259023476346311,-0.000682553402633586,0.4646680942184154,467,-0.001217733498451326,0.0033587365752613995,0.35760171306209854,467,-0.002965952301805109,0.001610517771907616,0.28479657387580304,467,-0.005654863685818733,-0.0010783936121060078,0.17558886509635974,467,0.0024868621638194075,0.007063332237532133,0.09635974304068518,467,-0.014005431205465256,-0.009428961131752532,0.06423982869379019,467,-0.008908513033027839,-0.004332042959315114,0.03426124197002145,467,-0.008908513033027839,-0.004332042959315114,0.03426124197002145,467
qfq_close_left__qfq_return,qfq,0,2022-05-27,4679,0.1636360691673217,0.16269772050841652,0.060182791776441785,0.024650400718765952,-0.03553239105767583,0.6231263383297645,467,0.04610972914826386,-0.014073062628177924,0.6068376068376069,468,0.06390539711491533,0.0037226053384735447,0.6431623931623931,468,0.07639924444428052,0.016216452667838735,0.532051282051282,468,0.07409284821263494,0.013910056436193155,0.4145299145299145,468,0.05982157981773441,-0.00036121195870737755,0.3354700854700855,468,0.04437729980213864,-0.015805491974303143,0.23076923076923073,468,0.03605767996286524,-0.024125111813576544,0.1431623931623932,468,0.08561560456419427,0.025432812787752487,0.1004273504273504,468,0.09072221006610834,0.030539418289666553,0.05128205128205132,468,0.09072221006610834,0.030539418289666553,0.05128205128205132,468
qfq_close_left__qfq_return,qfq,0,2022-06-06,4703,0.04491354191512117,-0.011746305976413718,-0.00487871667105499,-0.005253852569885414,-0.0003751358988304237,0.6531914893617021,470,-0.007030768650295524,-0.0021520519792405336,0.6638297872340426,470,-0.004426174028401138,0.00045254264265385223,0.6680851063829787,470,-0.006703525997804921,-0.001824809326749931,0.5392781316348195,471,-0.008313568985517158,-0.0034348523144621676,0.448936170212766,470,-0.006043846870492537,-0.0011651301994375467,0.34468085106382984,470,0.001920433110438485,0.006799149781493475,0.2292993630573248,471,-0.001319494965423574,0.003559221705631416,0.1510638297872341,470,-0.0059236468629254085,-0.0010449301918704183,0.1297872340425532,470,-0.005701553875880838,-0.000822837204825848,0.07430997876857748,471,-0.005701553875880838,-0.000822837204825848,0.07430997876857748,471
qfq_close_left__qfq_return,qfq,0,2022-06-13,4717,0.019242183746676165,0.015893749121121487,0.024519226764328064,0.026691835078575823,0.0021726083142477592,0.6433121019108281,471,0.024215017409662237,-0.0003042093546658277,0.646186440677966,472,0.021130272331105666,-0.0033889544332223985,0.6779661016949152,472,0.02545004812794844,0.0009308213636203752,0.5329087048832272,471,0.029299549681525358,0.004780322917197294,0.4194915254237288,472,0.023068013380984118,-0.0014512133833439467,0.31355932203389836,472,0.025551849598002722,0.0010326228336746575,0.19532908704883223,471,0.018782328498688924,-0.00573689826563914,0.125,472,0.02092539589300085,-0.0035938308713272145,0.11864406779661019,472,0.030086720466904155,0.005567493702576091,0.0805084745762712,472,0.030086720466904155,0.005567493702576091,0.0805084745762712,472
qfq_close_left__qfq_return,qfq,0,2022-06-20,4712,0.026129640059141267,0.028715274527421012,0.0224286343766654,0.017185550381495315,-0.005243083995170084,0.6093418259023354,471,0.022543666042755827,0.00011503166609042742,0.6305732484076434,471,0.021346004420380184,-0.0010826299562852158,0.664543524416136,471,0.024914972754038447,0.002486338377373047,0.5477707006369427,471,0.032985139099796314,0.010556504723130914,0.4110169491525424,472,0.019666921549427504,-0.0027617128272378957,0.30997876857749473,471,0.014366027369044564,-0.008062607007620836,0.2123142250530785,471,0.013330432792497444,-0.009098201584167956,0.11889596602972397,471,0.029200070067430584,0.006771435690765184,0.0997876857749469,471,0.028711806260897463,0.006283171884232063,0.06355932203389836,472,0.028711806260897463,0.006283171884232063,0.06355932203389836,472
qfq_close_left__qfq_return,qfq,0,2022-06-27,4710,0.09074437024970027,0.032058864523960624,0.006268634164095227,-0.0041661686825690825,-0.01043480284666431,0.6560509554140128,471,0.006312787292611865,4.415312851663734e-05,0.6454352441613589,471,0.001499307897046595,-0.004769326267048632,0.6900212314225054,471,0.0018291147321424824,-0.004439519431952745,0.583864118895966,471,0.0034651836795042378,-0.0028034504845909896,0.4819532908704883,471,0.010034303740512451,0.003765669576417224,0.34819532908704887,471,0.014168311469280676,0.007899677305185449,0.2123142250530785,471,0.013218878289555756,0.006950244125460529,0.10828025477707004,471,0.007289522682641792,0.0010208885185465644,0.08704883227176219,471,0.009035100540225499,0.0027664663761302714,0.04458598726114649,471,0.009035100540225499,0.0027664663761302714,0.04458598726114649,471
qfq_close_left__qfq_return,qfq,0,2022-07-04,4707,-0.07902227913026512,-0.015712577003283885,-0.015333930136449375,-0.003703388324082633,0.011630541812366743,0.6914893617021276,470,-0.010309144301865391,0.005024785834583984,0.6709129511677283,471,-0.011377705394383836,0.003956224742065539,0.6921443736730362,471,-0.013914961125317283,0.0014189690111320926,0.625531914893617,470,-0.017301860578952194,-0.001967930442502819,0.46284501061571126,471,-0.017961252605412602,-0.0026273224689632273,0.33333333333333337,471,-0.021872972904167128,-0.006539042767717752,0.21276595744680848,470,-0.017677467541518235,-0.00234353740506886,0.10615711252653925,471,-0.022712783110982033,-0.007378852974532658,0.07855626326963905,471,-0.016493942828012465,-0.00116001269156309,0.05520169851380041,471,-0.016493942828012465,-0.00116001269156309,0.05520169851380041,471
qfq_close_left__qfq_return,qfq,0,2022-07-11,4718,0.04334737527688512,0.029589826389437395,0.011473489859681043,0.007046506232081521,-0.0044269836275995225,0.6433121019108281,471,0.010793773618651407,-0.0006797162410296358,0.6377118644067796,472,0.004577420454967443,-0.006896069404713601,0.673728813559322,472,0.011231989243073892,-0.00024150061660715115,0.5889830508474576,472,0.015039168921977387,0.003565679062296344,0.44279661016949157,472,0.01480370463645742,0.0033302147767763773,0.3545647558386412,471,0.012722442318312436,0.0012489524586313926,0.22881355932203384,472,0.006990517819400521,-0.004482972040280522,0.12076271186440679,472,0.013466550601066635,0.0019930607413855914,0.09533898305084743,472,0.01806050108800223,0.006587011228321187,0.052966101694915224,472,0.01806050108800223,0.006587011228321187,0.052966101694915224,472
qfq_close_left__qfq_return,qfq,0,2022-07-18,4727,-0.10359712238830576,-0.030135874453122272,0.006673809994187115,0.01790565169811738,0.011231841703930268,0.6504237288135593,472,0.01807016494751654,0.011396354953329427,0.6638477801268499,473,0.016149246234934522,0.009475436240747408,0.7019027484143763,473,0.007298456329480316,0.0006246463352932016,0.5614406779661016,472,-0.002284226954366397,-0.008958036948553513,0.4249471458773785,473,-0.0002519657249578295,-0.0069257757191449444,0.33192389006342493,473,0.0004914035313034442,-0.00618240646288367,0.2076271186440678,472,0.0031841887146603237,-0.003489621279526791,0.10782241014799154,473,0.0035692362127696664,-0.0031045737814174483,0.08033826638477803,473,0.0026179408965492,-0.004055869097637915,0.04862579281183932,473,0.0026179408965492,-0.004055869097637915,0.04862579281183932,473
qfq_close_left__qfq_return,qfq,0,2022-07-25,4726,0.028731554740610017,0.07165700281250863,0.030038461462607254,0.016907260352054882,-0.013131201110552371,0.6694915254237288,472,0.023300515708730072,-0.0067379457538771816,0.6469344608879493,473,0.03699971889066564,0.006961257428058386,0.6716101694915254,472,0.04128095497175492,0.011242493509147668,0.602536997885835,473,0.04226586473862116,0.012227403276013904,0.4630021141649049,473,0.029490962230218663,-0.0005474992323885909,0.34745762711864403,472,0.02230706022892596,-0.007731401233681292,0.20718816067653278,473,0.01104357636462056,-0.01899488509798669,0.09745762711864403,472,0.03461579566544584,0.0045773342028385886,0.08033826638477803,473,0.04211854537352778,0.012080083910920525,0.052854122621564525,473,0.04211854537352778,0.012080083910920525,0.052854122621564525,473
qfq_close_left__qfq_return,qfq,0,2022-08-01,4736,-0.014305160162042441,0.07945820217260084,-0.0032045957852469354,0.004880119169208324,0.00808471495445526,0.7378435517970401,473,0.0007587412124130152,0.003963336997659951,0.6983122362869199,474,-0.0009813133323396301,0.0022232824529073054,0.7272727272727273,473,0.002945979494202342,0.006150575279449277,0.6413502109704641,474,-0.006038339192550923,-0.002833743407303988,0.5210970464135021,474,-0.01220122355945353,-0.008996627774206595,0.41226215644820297,473,-0.013526059540831034,-0.010321463755584098,0.24894514767932485,474,-0.018889521031024516,-0.01568492524577758,0.12684989429175475,473,0.0010868137738314812,0.004291409559078417,0.07594936708860756,474,0.009888521197086454,0.01309311698233339,0.044303797468354444,474,0.009888521197086454,0.01309311698233339,0.044303797468354444,474
qfq_close_left__qfq_return,qfq,0,2022-08-08,4750,-0.025680783605169386,-0.027825093432369948,0.020159655670846207,0.03276336666755772,0.012603710996711513,0.6042105263157895,475,0.021048802491263244,0.0008891468204170368,0.6294736842105263,475,0.017132698317369414,-0.0030269573534767932,0.671578947368421,475,0.014552347630423427,-0.00560730804042278,0.6231578947368421,475,0.02053106376130297,0.00037140809045676376,0.4736842105263158,475,0.022445510461084867,0.0022858547902386596,0.34736842105263155,475,0.017604337081739023,-0.002555318589107184,0.19999999999999996,475,0.022518294384938787,0.00235863871409258,0.1010526315789474,475,0.017158995415530433,-0.003000660255315774,0.06736842105263163,475,0.015841140497252184,-0.004318515173594023,0.04421052631578948,475,0.015841140497252184,-0.004318515173594023,0.04421052631578948,475
qfq_close_left__qfq_return,qfq,0,2022-08-15,4752,0.0005040023278153385,0.0024840920578540703,0.005565016944673763,0.012621317496329193,0.00705630055165543,0.608421052631579,475,0.005304540316038943,-0.0002604766286348195,0.6210526315789473,475,0.005511948120807125,-5.306882386663797e-05,0.7010526315789474,475,-0.0025929750040248134,-0.008157991948698576,0.5368421052631579,475,0.011021037064178547,0.005456020119504784,0.4159663865546218,476,0.004444558706283002,-0.0011204582383907606,0.30315789473684207,475,0.004706133057652704,-0.0008588838870210586,0.17894736842105263,475,0.009354978706864562,0.003789961762190799,0.08421052631578951,475,0.00031094403284857066,-0.005254072911825192,0.056842105263157916,475,0.004957479617565274,-0.0006075373271084887,0.0357142857142857,476,0.004957479617565274,-0.0006075373271084887,0.0357142857142857,476
qfq_close_left__qfq_return,qfq,0,2022-08-22,4769,0.044725561937504994,-0.04450505463998663,-0.0278312824782456,-0.028946086071788214,-0.001114803593542612,0.634453781512605,476,-0.026153869446651497,0.001677413031594105,0.620545073375262,477,-0.03362427368022451,-0.00579299120197891,0.7358490566037736,477,-0.03575293875821826,-0.007921656279972655,0.6121593291404612,477,-0.033949758606698445,-0.006118476128452843,0.4821802935010482,477,-0.027745332505106378,8.594997313922381e-05,0.35639412997903563,477,-0.019332666687601998,0.008498615790643604,0.20335429769392033,477,-0.004194226696686775,0.02363705578155883,0.0985324947589099,477,-0.031587512589615285,-0.0037562301113696836,0.07547169811320753,477,-0.03702849685431654,-0.00919721437607094,0.05031446540880502,477,-0.03702849685431654,-0.00919721437607094,0.05031446540880502,477
qfq_close_left__qfq_return,qfq,0,2022-08-29,4780,-0.07062757168084648,-0.04342529704720769,-0.01778343213480982,-0.005586672464208826,0.012196759670600996,0.6401673640167365,478,-0.006625806893377324,0.011157625241432496,0.6589958158995817,478,-0.019694886271517213,-0.0019114541367073919,0.7008368200836821,478,-0.022252477781542927,-0.004469045646733106,0.6150627615062761,478,-0.021439241098073568,-0.0036558089632637465,0.5292887029288703,478,-0.022740427005740752,-0.004956994870930931,0.38284518828451886,478,-0.020939099179449243,-0.0031556670446394215,0.2259414225941423,478,-0.014695568125058974,0.003087864009750847,0.10878661087866104,478,-0.01885361283212679,-0.0010701806973169685,0.07949790794979084,478,-0.025006529697002577,-0.007223097562192755,0.05439330543933052,478,-0.025006529697002577,-0.007223097562192755,0.05439330543933052,478
qfq_close_left__qfq_return,qfq,0,2022-09-05,4790,0.09466200198758319,0.058898061468855324,0.00994311068480545,0.006500321365220469,-0.003442789319584981,0.5929018789144049,479,0.0035950799004992443,-0.006348030784306206,0.6722338204592901,479,0.0073140250133437515,-0.0026290856714616985,0.6764091858037578,479,0.006717374920518814,-0.003225735764286636,0.5741127348643007,479,0.011104618054349062,0.0011615073695436118,0.4718162839248434,479,0.011322092148115134,0.0013789814633096836,0.3528183716075156,479,0.012433670910107912,0.0024905602253024618,0.20250521920668063,479,0.013081031509462765,0.0031379208246573153,0.0772442588726514,479,0.012964029644799384,0.003020918959993934,0.06054279749478075,479,0.01439886338163795,0.0044557526968325,0.04801670146137782,479,0.01439886338163795,0.0044557526968325,0.04801670146137782,479
qfq_close_left__qfq_return,qfq,0,2022-09-13,4798,0.0318977248867534,0.027522163455189416,-0.05290929619245041,-0.046059871616830284,0.006849424575620128,0.6555323590814196,479,-0.054411709112263416,-0.0015024129198130051,0.6458333333333333,480,-0.05417347351677004,-0.001264177324319632,0.6979166666666667,480,-0.05539070696860069,-0.0024814107761502793,0.5645833333333333,480,-0.054481415613479516,-0.0015721194210291042,0.4979166666666667,480,-0.05806395785159443,-0.005154661659144022,0.3778705636743215,479,-0.056887436246755255,-0.003978140054304843,0.2270833333333333,480,-0.04903332724272817,0.003875968949722239,0.09166666666666667,480,-0.05044487406359247,0.002464422128857939,0.05208333333333337,480,-0.050142658935813794,0.002766637256636617,0.03749999999999998,480,-0.050142658935813794,0.002766637256636617,0.03749999999999998,480
qfq_close_left__qfq_return,qfq,0,2022-09-20,4805,0.12412493108054047,0.050911500861230516,-0.015515007858192523,-0.025731569706804694,-0.01021656184861217,0.6145833333333333,480,-0.019974368906222492,-0.004459361048029969,0.6257796257796258,481,-0.02101544110802361,-0.005500433249831087,0.6770833333333333,480,-0.013667913485807695,0.0018470943723848283,0.5155925155925156,481,-0.01146375957879522,0.0040512482793973025,0.4291666666666667,480,-0.015357646363639739,0.0001573614945527841,0.316008316008316,481,-0.017538666450727807,-0.002023658592535284,0.16874999999999996,480,-0.011514934833410241,0.004000073024782282,0.06860706860706856,481,-0.008253538692100859,0.007261469166091664,0.043749999999999956,480,-0.01064560314921093,0.004869404708981593,0.029106029106029108,481,-0.01064560314921093,0.004869404708981593,0.029106029106029108,481
qfq_close_left__qfq_return,qfq,0,2022-09-27,4818,0.05510893649170788,-0.049517418337003065,-0.05506901352002488,-0.06140383301247395,-0.006334819492449073,0.6195426195426195,481,-0.05540982981175019,-0.0003408162917253113,0.6514522821576764,482,-0.059926354987743256,-0.004857341467718379,0.6618257261410788,482,-0.058848699766499236,-0.003779686246474359,0.48547717842323657,482,-0.06004913440416917,-0.00498012088414429,0.3775933609958506,482,-0.05366896596048216,0.0014000475595427192,0.29521829521829523,481,-0.0434075906280289,0.011661422891995975,0.17842323651452285,482,-0.03476679466254723,0.020302218857477648,0.07261410788381739,482,-0.06004835124205846,-0.004979337722033586,0.06016597510373445,482,-0.06317081884053956,-0.008101805320514681,0.04149377593360992,482,-0.06317081884053956,-0.008101805320514681,0.04149377593360992,482
qfq_close_left__qfq_return,qfq,0,2022-10-11,4827,-0.019005540006587534,0.0503458544622416,0.08449456202454095,0.08278797018714733,-0.00170659183739362,0.5995850622406639,482,0.08830757945914676,0.0038130174346058116,0.6438923395445135,483,0.08915715457927333,0.004662592554732378,0.6873706004140787,483,0.08956201031935855,0.005067448294817603,0.5269709543568465,482,0.0902888995665872,0.005794337542046252,0.3830227743271222,483,0.0848138284947042,0.00031926647016325416,0.30434782608695654,483,0.0765341649471553,-0.007960397077385648,0.19709543568464727,482,0.05710764464792207,-0.02738691737661888,0.09109730848861286,483,0.0876622434040806,0.0031676813795396552,0.06004140786749479,483,0.09871460178160776,0.014220039757066816,0.04140786749482406,483,0.09871460178160776,0.014220039757066816,0.04140786749482406,483
qfq_close_left__qfq_return,qfq,0,2022-10-18,4831,0.018872979441376652,0.0689458684174705,-0.02607850414112575,-0.03019118751268544,-0.004112683371559692,0.6832298136645962,483,-0.024467925404516314,0.0016105787366094346,0.6749482401656315,483,-0.025793487962872518,0.00028501617825323067,0.7287784679089027,483,-0.024699876946848352,0.0013786271942773966,0.5838509316770186,483,-0.02491984820776991,0.0011586559333558386,0.44099378881987583,483,-0.026318535210411546,-0.0002400310692857975,0.33747412008281574,483,-0.030373892191879148,-0.004295388050753399,0.19875776397515532,483,-0.036008680868991644,-0.009930176727865895,0.07867494824016563,483,-0.02649365489756032,-0.0004151507564345708,0.05590062111801242,483,-0.011548035992708646,0.014530468148417103,0.039256198347107474,484,-0.011548035992708646,0.014530468148417103,0.039256198347107474,484
qfq_close_left__qfq_return,qfq,0,2022-10-25,4839,0.02782057216379051,0.005279995357134993,0.01839135909826301,-0.0033179709457826076,-0.021709330044045617,0.7204968944099379,483,0.013069270955698502,-0.005322088142564506,0.6900826446280992,484,0.030652900896744866,0.012261541798481858,0.7706611570247934,484,0.03329938653323804,0.014908027434975029,0.6425619834710744,484,0.024299831965424103,0.005908472867161094,0.49586776859504134,484,0.016699546024574973,-0.0016918130736880352,0.40082644628099173,484,0.01650668508467787,-0.0018846740135851393,0.23966942148760328,484,0.01076664595600587,-0.007624713142257138,0.0950413223140496,484,0.021277929130739958,0.0028865700324769497,0.07024793388429751,484,0.020614511393614244,0.0022231522953512356,0.0475206611570248,484,0.020614511393614244,0.0022231522953512356,0.0475206611570248,484
qfq_close_left__qfq_return,qfq,0,2022-11-01,4849,-0.08156244913717817,-0.004586264871956097,0.04234449127709827,0.05651771701530111,0.014173225738202837,0.6384297520661157,484,0.0487846343457663,0.006440143068668025,0.6680412371134021,485,0.04303340830852816,0.0006889170314298837,0.6907216494845361,485,0.038295326658279394,-0.004049164618818879,0.6536082474226804,485,0.03936095732948095,-0.0029835339476173214,0.5030927835051546,485,0.0405732832312525,-0.001771208045845775,0.4041237113402062,485,0.038141414003199994,-0.0042030772738982786,0.2412371134020619,485,0.03418368492264592,-0.008160806354452356,0.10515463917525769,485,0.043641889241965305,0.0012973979648670322,0.0742268041237113,485,0.040941820860415035,-0.0014026704166832382,0.053608247422680444,485,0.040941820860415035,-0.0014026704166832382,0.053608247422680444,485
qfq_close_left__qfq_return,qfq,0,2022-11-08,4853,-0.040160150908206745,-0.06609587968010212,0.019130232668791713,0.02187249578801795,0.0027422631192262382,0.7154639175257732,485,0.02224720477708333,0.003116972108291618,0.6742268041237114,485,0.025727996775332076,0.006597764106540362,0.7092783505154638,485,0.016387493961361015,-0.002742738707430699,0.5555555555555556,486,0.01874856792229257,-0.00038166474649914406,0.42886597938144333,485,0.016641848077400698,-0.0024883845913910158,0.3402061855670103,485,0.02063430601515266,0.001504073346360945,0.21399176954732513,486,0.02365206687865528,0.004521834209863566,0.08865979381443301,485,0.016142255894333702,-0.0029879767744580114,0.057731958762886615,485,0.009270972918105892,-0.009859259750685821,0.03703703703703709,486,0.009270972918105892,-0.009859259750685821,0.03703703703703709,486
qfq_close_left__qfq_return,qfq,0,2022-11-15,4859,0.009969500867346005,-0.009253249882680246,-0.013287945801691086,-0.0177310076175359,-0.004443061815844815,0.7072164948453608,485,-0.007841738145757055,0.005446207655934031,0.6440329218106996,486,-0.01068430869667545,0.0026036371050156357,0.7407407407407407,486,-0.010215789390193852,0.0030721564114972334,0.5617283950617284,486,-0.016517223073747145,-0.003229277272056059,0.4156378600823045,486,-0.015342556420631353,-0.002054610618940267,0.33333333333333337,486,-0.013723893691634795,-0.00043594788994370977,0.17901234567901236,486,-0.011562075146261843,0.001725870655429243,0.06995884773662553,486,-0.016149155310748137,-0.0028612095090570517,0.05144032921810704,486,-0.013120852626227062,0.00016709317546402362,0.034979423868312765,486,-0.013120852626227062,0.00016709317546402362,0.034979423868312765,486
qfq_close_left__qfq_return,qfq,0,2022-11-22,4869,-0.01839788230998682,-0.10103168353926405,0.002867579699151543,0.00244759526030095,-0.000419984438850593,0.7283950617283951,486,0.0035334435096338592,0.0006658638104823163,0.6591375770020533,487,0.0022190721497499536,-0.0006485075494015893,0.7433264887063655,487,0.0023824458509415407,-0.00048513384821000224,0.6509240246406571,487,0.0019224503213430368,-0.0009451293778085061,0.5256673511293635,487,0.0035970726507160754,0.0007294929515645325,0.3696098562628337,487,0.01269138493053859,0.009823805231387048,0.24845995893223816,487,0.020902903213527002,0.018035323514375458,0.11293634496919913,487,-0.006438437990160158,-0.009306017689311701,0.07392197125256672,487,-0.014582995296120298,-0.01745057499527184,0.043121149897330624,487,-0.014582995296120298,-0.01745057499527184,0.043121149897330624,487
qfq_close_left__qfq_return,qfq,0,2022-11-29,4876,-0.03107390655547315,-0.00623387699368447,0.01818729674516842,0.015099160550175956,-0.003088136194992463,0.6570841889117043,487,0.025541827010685927,0.007354530265517509,0.6434426229508197,488,0.023455628619348867,0.005268331874180448,0.6899383983572895,487,0.019897969636532266,0.0017106728913638472,0.5471311475409837,488,0.0169947536593327,-0.0011925430858357178,0.4508196721311475,488,0.016485918591048324,-0.001701378154120095,0.3080082135523614,487,0.01983331841414276,0.0016460216689743422,0.20286885245901642,488,0.014502563194114937,-0.0036847335510534814,0.0924024640657084,487,0.014001630607955852,-0.004185666137212567,0.05327868852459017,488,0.01605362766829337,-0.0021336690768750492,0.030737704918032738,488,0.01605362766829337,-0.0021336690768750492,0.030737704918032738,488
qfq_close_left__qfq_return,qfq,0,2022-12-06,4876,0.058011680432822,-0.024079265922755066,-0.009565625730162064,-0.021991889294400956,-0.012426263564238892,0.6899383983572895,487,-0.015658657984411125,-0.006093032254249061,0.6516393442622951,488,-0.0037961802720620865,0.005769445458099978,0.6673511293634498,487,-0.00973620759653781,-0.0001705818663757467,0.5491803278688525,488,-0.006620074300375271,0.002945551429786793,0.44672131147540983,488,-0.006839130417767762,0.002726495312394302,0.32854209445585214,487,-0.0007796685107254091,0.008785957219436655,0.20491803278688525,488,-0.004964302164701062,0.004601323565461002,0.0882956878850103,487,-0.014077277412790492,-0.004511651682628428,0.06352459016393441,488,-0.011191494346267272,-0.0016258686161052076,0.04303278688524592,488,-0.011191494346267272,-0.0016258686161052076,0.04303278688524592,488
qfq_close_left__qfq_return,qfq,0,2022-12-13,4884,0.06394001831548035,0.0003017161758018265,-0.03716808176039916,-0.0520607675381532,-0.014892685777754044,0.709016393442623,488,-0.03450445595686611,0.0026636258035330485,0.6209016393442623,488,-0.033592070517171495,0.003576011243227664,0.7321063394683027,489,-0.03343728987541574,0.003730791884983417,0.6331967213114754,488,-0.03468349400812807,0.002484587752271089,0.5071574642126789,489,-0.034114349355259116,0.003053732405140043,0.39959016393442626,488,-0.03704739876853046,0.00012068299186870218,0.24180327868852458,488,-0.03740110585629213,-0.00023302409589297246,0.10020449897750516,489,-0.03592227191339943,0.0012458098469997278,0.06352459016393441,488,-0.03892595337069656,-0.001757871610297404,0.042944785276073594,489,-0.03892595337069656,-0.001757871610297404,0.042944785276073594,489
qfq_close_left__qfq_return,qfq,0,2022-12-20,4884,0.11644908258012897,0.041951777454177504,-0.0037058071848401126,-0.018258104968255147,-0.014552297783415035,0.6434426229508197,488,-0.007385865306965739,-0.003680058122125627,0.6598360655737705,488,-0.003147298583683125,0.0005585086011569876,0.6830265848670757,489,-0.0029424333413849524,0.0007633738434551602,0.5963114754098361,488,-0.004684860226047022,-0.0009790530412069095,0.5010224948875255,489,-0.0015590650396611722,0.00214674214517894,0.3688524590163934,488,4.9904961067573406e-05,0.003755712145907686,0.21721311475409832,488,0.0014497526189809812,0.0051555598038210936,0.09815950920245398,489,-0.0013999923174910127,0.0023058148673491,0.05122950819672134,488,0.0008009522918408426,0.004506759476680955,0.02249488752556239,489,0.0008009522918408426,0.004506759476680955,0.02249488752556239,489
qfq_close_left__qfq_return,qfq,0,2022-12-27,4895,-0.031952725540184086,0.005647849143913975,0.018702179129448694,0.015426438589281579,-0.003275740540167115,0.6584867075664622,489,0.027518228629556753,0.008816049500108059,0.6591836734693878,490,0.024785172456330537,0.006082993326881843,0.7157464212678937,489,0.018306589432263157,-0.00039558969718553674,0.5510204081632653,490,0.020434616241695517,0.0017324371122468228,0.4253578732106339,489,0.015417531981050595,-0.0032846471483980993,0.31224489795918364,490,0.011161483851397532,-0.007540695278051162,0.1901840490797546,489,0.016861881799990788,-0.0018402973294579066,0.0897959183673469,490,0.01746456430956991,-0.0012376148198787844,0.04703476482617586,489,0.019636633758046522,0.0009344546285978278,0.03265306122448974,490,0.019636633758046522,0.0009344546285978278,0.03265306122448974,490
qfq_close_left__qfq_return,qfq,0,2023-01-04,4902,0.2224447597036173,0.1366557281462161,0.0006366196331686168,-0.02393594596943621,-0.024572565602604825,0.6836734693877551,490,-0.01317904929679142,-0.013815668929960036,0.6346938775510205,490,-0.006133154885280361,-0.006769774518448978,0.689795918367347,490,-0.0012887443691523798,-0.0019253640023209964,0.5408163265306123,490,0.006541804120892448,0.005905184487723831,0.4032586558044806,491,0.00819639753252672,0.007559777899358103,0.2755102040816326,490,0.005000663117218696,0.004364043484050079,0.17551020408163265,490,0.006941170803558494,0.006304551170389877,0.07755102040816331,490,0.007899328832640405,0.007262709199471788,0.042857142857142816,490,0.016279750292149158,0.015643130658980542,0.022403258655804503,491,0.016279750292149158,0.015643130658980542,0.022403258655804503,491
qfq_close_left__qfq_return,qfq,0,2023-01-11,4903,0.06030085252846641,0.03751033955438771,0.01922924283558346,0.0029987305807998017,-0.01623051225478366,0.6448979591836734,490,0.02295398918142162,0.0037247463458381577,0.653061224489796,490,0.019743139840191548,0.0005138970046080875,0.6673469387755102,490,0.022976550143793083,0.003747307308209623,0.5030549898167006,491,0.02437001516746211,0.005140772331878648,0.3734693877551021,490,0.017664750339292268,-0.0015644924962911928,0.25306122448979596,490,0.020352027760393833,0.0011227849248103723,0.15885947046843174,491,0.015610125428023982,-0.003619117407559479,0.07551020408163267,490,0.022655921577103326,0.0034266787415198653,0.04081632653061229,490,0.02294964671263858,0.00372040387705512,0.024439918533604943,491,0.02294964671263858,0.00372040387705512,0.024439918533604943,491
qfq_close_left__qfq_return,qfq,0,2023-01-18,4900,-0.16635879309006965,-0.05316678077345357,0.048563920565449274,0.06246585491548948,0.013901934350040203,0.6408163265306123,490,0.056731851553889774,0.0081679309884405,0.6714285714285715,490,0.05792431712276322,0.009360396557313945,0.6816326530612244,490,0.0538176574642933,0.005253736898844029,0.4959183673469387,490,0.04972595479046862,0.0011620342250193427,0.34285714285714286,490,0.04440832550799954,-0.0041555950574497375,0.24285714285714288,490,0.036712161776085495,-0.01185175878936378,0.15714285714285714,490,0.03216825994338822,-0.016395660622061055,0.06326530612244896,490,0.049691959980212516,0.001128039414763242,0.038775510204081653,490,0.04199286259990261,-0.006571057965546662,0.022448979591836782,490,0.04199286259990261,-0.006571057965546662,0.022448979591836782,490
qfq_close_left__qfq_return,qfq,0,2023-02-01,4901,-0.05375738044776126,0.005708934848211577,0.0033095941686798304,0.012781071705909933,0.009471477537230103,0.610204081632653,490,0.009676251409605771,0.006366657240925941,0.6265306122448979,490,0.002561203326496661,-0.0007483908421831694,0.6632653061224489,490,0.0039280281544825735,0.0006184339858027431,0.4959183673469387,490,0.00172984416074885,-0.0015797500079309805,0.3285714285714286,490,-0.0027870718390093988,-0.006096666007689229,0.21632653061224494,490,-0.0021922250246899228,-0.005501819193369753,0.15714285714285714,490,-0.005022470506846592,-0.008332064675526423,0.061224489795918324,490,0.0055347214620548495,0.002225127293375019,0.04081632653061229,490,0.006879303716519382,0.0035697095478395514,0.02851323828920571,491,0.006879303716519382,0.0035697095478395514,0.02851323828920571,491
qfq_close_left__qfq_return,qfq,0,2023-02-08,4904,0.05619554814592629,0.03162597122134836,0.02635348543447032,0.019383159610061294,-0.006970325824409027,0.6469387755102041,490,0.023740781668431604,-0.002612703766038716,0.6244897959183673,490,0.0249705493992366,-0.00138293603523372,0.6782077393075356,491,0.027231789994169645,0.000878304559699325,0.5020408163265306,490,0.030653239931104706,0.004299754496634386,0.3747454175152749,491,0.027843623504076896,0.001490138069606576,0.25306122448979596,490,0.02804197702956431,0.0016884915950939883,0.14489795918367343,490,0.022334869721773926,-0.004018615712696395,0.05702647657841142,491,0.026022379513259933,-0.00033110592121038743,0.04081632653061229,490,0.03330055484616632,0.006947069411696,0.03258655804480648,491,0.03330055484616632,0.006947069411696,0.03258655804480648,491
qfq_close_left__qfq_return,qfq,0,2023-02-15,4910,0.13262621079575534,-0.0328576258869469,-0.010240574462958141,-0.02705005439757123,-0.01680947993461309,0.6537678207739308,491,-0.01677710651645386,-0.006536532053495718,0.6374745417515275,491,-0.012671308058409596,-0.0024307335954514547,0.6904276985743381,491,-0.010128372368251547,0.00011220209470659374,0.5234215885947047,491,-0.013536008176754865,-0.0032954337137967235,0.3910386965376782,491,-0.008069615389433417,0.0021709590735247246,0.26476578411405294,491,0.001905742509807042,0.012146316972765183,0.13849287169042768,491,0.011248493145087276,0.021489067608045417,0.05295315682281054,491,-0.01112654094214664,-0.0008859664791884981,0.044806517311609007,491,-0.01620097443545457,-0.0059603999724964305,0.03258655804480648,491,-0.01620097443545457,-0.0059603999724964305,0.03258655804480648,491
qfq_close_left__qfq_return,qfq,0,2023-02-22,4919,0.002916724737705002,0.0075876589752865466,0.004841346009070208,0.009220708108947095,0.0043793620998768875,0.5437881873727087,491,0.0029592842579415856,-0.0018820617511286224,0.6036585365853658,492,0.004748293214897536,-9.305279417267179e-05,0.6402439024390244,492,0.004041938553033476,-0.0007994074560367321,0.41056910569105687,492,0.0010444402871123118,-0.003796905721957896,0.3272357723577236,492,0.003869781474100536,-0.0009715645349696721,0.24186991869918695,492,0.0025321071240329636,-0.0023092388850372444,0.14837398373983735,492,0.007757811154467736,0.0029164651453975282,0.060975609756097615,492,0.00715956152661221,0.0023182155175420016,0.03658536585365857,492,0.005088435532036057,0.00024708952296584926,0.026422764227642226,492,0.005088435532036057,0.00024708952296584926,0.026422764227642226,492
qfq_close_left__qfq_return,qfq,0,2023-03-01,4920,-0.04323001644455476,0.0016002818722555992,-0.01361670893800631,-0.006173802910062803,0.007442906027943507,0.5223577235772358,492,-0.008053862842602996,0.0055628460954033135,0.5670731707317074,492,-0.008907894277998237,0.004708814660008073,0.6199186991869918,492,-0.017007355174810623,-0.003390646236804313,0.4085365853658537,492,-0.016766458644600905,-0.0031497497065945956,0.32113821138211385,492,-0.021243785682644026,-0.007627076744637716,0.217479674796748,492,-0.01835721806477879,-0.004740509126772482,0.11991869918699183,492,-0.010081358489894481,0.0035353504481118285,0.04471544715447151,492,-0.014786589343745219,-0.0011698804057389094,0.03455284552845528,492,-0.014788763948925013,-0.0011720550109187034,0.026422764227642226,492,-0.014788763948925013,-0.0011720550109187034,0.026422764227642226,492
qfq_close_left__qfq_return,qfq,0,2023-03-08,4925,0.005541884700875611,0.00737694518289058,-0.012014936980873279,-0.009842075851411444,0.0021728611294618352,0.5304878048780488,492,-0.015295935905423089,-0.0032809989245498102,0.5983772819472617,493,-0.0063710941701962814,0.005643842810676997,0.6016260162601625,492,-0.013824517226472599,-0.0018095802455993203,0.39756592292089254,493,-0.0132600817653628,-0.001245144784489522,0.28658536585365857,492,-0.013632341844801301,-0.0016174048639280222,0.21095334685598377,493,-0.01545648653711653,-0.0034415495562432515,0.12195121951219512,492,-0.009248259770118613,0.002766677210754666,0.04259634888438135,493,-0.012135021900727244,-0.00012008491985396504,0.03455284552845528,492,-0.011077449513209287,0.0009374874676639916,0.028397565922920864,493,-0.011077449513209287,0.0009374874676639916,0.028397565922920864,493
qfq_close_left__qfq_return,qfq,0,2023-03-15,4933,-0.0012336333799090322,-0.018793171392785947,0.009510660465588605,-0.004376597430836125,-0.01388725789642473,0.6551724137931034,493,0.012580018608648975,0.0030693581430603703,0.6430020283975659,493,0.015316251164463708,0.005805590698875103,0.6592292089249493,493,0.019665602780449813,0.010154942314861208,0.5222672064777327,494,0.015186789451961889,0.005676128986373284,0.4016227180527383,493,0.007966894961744037,-0.0015437655038445675,0.2900608519269777,493,0.006751295794503195,-0.0027593646710854097,0.16194331983805665,494,0.0025369202613963505,-0.006973740204192254,0.0730223123732252,493,0.011651497014781359,0.002140836549192754,0.04056795131845847,493,0.007816367576653488,-0.0016942928889351165,0.02631578947368418,494,0.007816367576653488,-0.0016942928889351165,0.02631578947368418,494
qfq_close_left__qfq_return,qfq,0,2023-03-22,4935,-0.01124900650084823,0.019796177974936754,-0.011010487033727501,0.0030519883189464537,0.014062475352673954,0.7647058823529411,493,-0.013802376819219284,-0.0027918897854917833,0.6659919028340081,494,-0.015164064856517168,-0.004153577822789667,0.7403651115618661,493,-0.012910545090633866,-0.0019000580569063646,0.5708502024291497,494,-0.013054905442341239,-0.0020444184086137376,0.4401622718052738,493,-0.013675137436326815,-0.0026646504025993143,0.3319838056680162,494,-0.014801225681636797,-0.0037907386479092958,0.20081135902636915,493,-0.014088937179774498,-0.0030784501460469973,0.08097165991902833,494,-0.007150854043272137,0.0038596329904553644,0.04056795131845847,493,-0.008492752646046589,0.0025177343876809123,0.02631578947368418,494,-0.008492752646046589,0.0025177343876809123,0.02631578947368418,494
qfq_close_left__qfq_return,qfq,0,2023-03-29,4944,0.043591684698981434,0.04863550061363541,0.007289168300311279,0.01241763683894243,0.005128468538631152,0.6234817813765182,494,0.00022572777227321963,-0.007063440528038059,0.6214574898785425,494,0.008547877055961352,0.0012587087556500736,0.6606060606060606,495,0.004700590370936214,-0.0025885779293750646,0.4898785425101214,494,0.0037343192567281416,-0.003554849043583137,0.38383838383838387,495,0.00496008138280573,-0.002329086917505549,0.2834008097165992,494,0.006578650438370881,-0.0007105178619403974,0.1659919028340081,494,0.010131087074851046,0.002841918774539767,0.06262626262626259,495,0.006731847696303285,-0.0005573206040079938,0.052631578947368474,494,0.014847460115329903,0.007558291815018625,0.03838383838383841,495,0.014847460115329903,0.007558291815018625,0.03838383838383841,495
qfq_close_left__qfq_return,qfq,0,2023-04-06,4948,0.03430567985467564,0.008411018229519545,0.003482936299017561,-0.0013901916801063942,-0.004873127979123955,0.6619433198380567,494,0.00010227754857080214,-0.003380658750446759,0.6444444444444444,495,0.006448640705508971,0.00296570440649141,0.696969696969697,495,0.004633366775475671,0.0011504304764581104,0.5272727272727273,495,0.004359926962272059,0.000876990663254498,0.38787878787878793,495,0.0009443085303415353,-0.0025386277686760255,0.291497975708502,494,0.001357645388173022,-0.002125290910844539,0.17373737373737375,495,0.00862267683730723,0.005139740538289668,0.06262626262626259,495,0.004356086606686759,0.0008731503076691983,0.054545454545454564,495,0.005379652072011004,0.0018967157729934433,0.03838383838383841,495,0.005379652072011004,0.0018967157729934433,0.03838383838383841,495
qfq_close_left__qfq_return,qfq,0,2023-04-13,4958,0.2011715192627539,0.09093333586141912,-0.009100469397720952,-0.030512016368413063,-0.021411546970692114,0.7191919191919192,495,-0.02547543638979596,-0.01637496699207501,0.6774193548387097,496,-0.015204314384930027,-0.0061038449872090755,0.7620967741935484,496,-0.010274777399744039,-0.0011743080020230872,0.6350806451612903,496,-0.006855172512944494,0.0022452968847764578,0.5403225806451613,496,-0.005863754132237267,0.0032367152654836848,0.38181818181818183,495,-0.0048833527720572615,0.00421711662566369,0.21370967741935487,496,0.008740340719166968,0.01784081011688792,0.0786290322580645,496,-0.0023706741485626185,0.006729795249158333,0.06048387096774188,496,0.001657820606450955,0.010758290004171906,0.0463709677419355,496,0.001657820606450955,0.010758290004171906,0.0463709677419355,496
qfq_close_left__qfq_return,qfq,0,2023-04-20,4966,0.17444822894826503,0.023834542425232374,-0.043436307451855734,-0.0793265208093179,-0.03589021335746217,0.7076612903225806,496,-0.05716556844720593,-0.013729260995350198,0.6901408450704225,497,-0.05144948910718825,-0.008013181655332519,0.719758064516129,496,-0.049648252195771736,-0.006211944743916002,0.6378269617706238,497,-0.036681306408547124,0.00675500104330861,0.5150905432595574,497,-0.03251991971435276,0.010916387737502975,0.375,496,-0.026776101412734364,0.01666020603912137,0.23138832997987924,497,-0.011837882236464488,0.031598425215391246,0.10282258064516125,496,-0.044764190335080396,-0.0013278828832246625,0.07042253521126762,497,-0.04419663777958033,-0.000760330327724594,0.046277665995975825,497,-0.04419663777958033,-0.000760330327724594,0.046277665995975825,497
qfq_close_left__qfq_return,qfq,0,2023-04-27,4953,-0.07805035380773793,-0.10248605398187027,0.0061704018334445936,-0.0012379276374064774,-0.007408329470851071,0.7474747474747474,495,0.007789504141154107,0.0016191023077095131,0.692929292929293,495,0.016856361580619348,0.010685959747174754,0.7373737373737373,495,0.008238490498524225,0.002068088665079631,0.6512096774193548,496,0.00896923682110136,0.002798834987656767,0.503030303030303,495,0.004757050209781839,-0.0014133516236627544,0.3434343434343434,495,0.012428295538449478,0.006257893705004885,0.217741935483871,496,0.025937929639704146,0.019767527806259552,0.1070707070707071,495,-0.004537468554138971,-0.010707870387583564,0.07474747474747478,495,-0.017466522707039283,-0.023636924540483877,0.048387096774193505,496,-0.017466522707039283,-0.023636924540483877,0.048387096774193505,496
qfq_close_left__qfq_return,qfq,0,2023-05-09,4942,0.07206787972306256,0.08642177070966242,0.002265086993567229,-0.008740365002713461,-0.01100545199628069,0.6255060728744939,494,0.0013129672493885321,-0.0009521197441786967,0.6477732793522267,494,0.0026457208356727643,0.0003806338421055355,0.6740890688259109,494,0.00505572167593451,0.002790634682367281,0.5647773279352226,494,0.0046598546084883645,0.0023947676149211356,0.4808080808080808,495,0.005207651666049257,0.0029425646724820283,0.35627530364372473,494,-0.002343087348121009,-0.004608174341688238,0.23684210526315785,494,-0.011684535733952764,-0.013949622727519994,0.11943319838056676,494,0.006102971038573106,0.0038378840450058772,0.082995951417004,494,0.02039242821591318,0.018127341222345952,0.042424242424242475,495,0.02039242821591318,0.018127341222345952,0.042424242424242475,495
qfq_close_left__qfq_return,qfq,0,2023-05-16,4954,0.008121058902593218,0.07680601112230971,0.01197874106998121,0.010690958099335802,-0.0012877829706454073,0.5676767676767677,495,0.019762126130524874,0.007783385060543664,0.604040404040404,495,0.013665001961786539,0.0016862608918053294,0.6592741935483871,496,0.01445825050802666,0.00247950943804545,0.5212121212121212,495,0.008643411745360133,-0.0033353293246210763,0.4213709677419355,496,0.009815426068422424,-0.002163315001558785,0.32525252525252524,495,0.003131470139337515,-0.008847270930643695,0.23030303030303034,495,-0.0034772977632010313,-0.01545603883318224,0.125,496,0.02010429368123953,0.00812555261125832,0.0828282828282828,495,0.023006048512461512,0.011027307442480302,0.040322580645161255,496,0.023006048512461512,0.011027307442480302,0.040322580645161255,496
qfq_close_left__qfq_return,qfq,0,2023-05-23,4965,0.030615817515766516,0.059769134286502594,0.004142741219398771,-0.011894621455520735,-0.016037362674919505,0.5725806451612903,496,0.006958377867057451,0.00281563664765868,0.6619718309859155,497,0.017264233632996357,0.013121492413597585,0.6532258064516129,496,0.008143340393081476,0.004000599173682705,0.5352112676056338,497,0.005259496898944715,0.0011167556795459443,0.4193548387096774,496,0.0007214071165501298,-0.0034213341028486413,0.30181086519114686,497,-0.0007097691998063281,-0.0048525104192050994,0.20967741935483875,496,-0.0025075739212694474,-0.006650315140668219,0.11468812877263579,497,0.003168262798066972,-0.0009744784213317989,0.08870967741935487,496,0.015008913791407617,0.010866172572008847,0.0523138832997988,497,0.015008913791407617,0.010866172572008847,0.0523138832997988,497
qfq_close_left__qfq_return,qfq,0,2023-05-30,4964,-0.08943985686532153,-0.030795614103592904,-0.006656690528193132,0.015001543045030027,0.02165823357322316,0.7076612903225806,496,-0.0007636033212435931,0.005893087206949539,0.6491935483870968,496,-0.009908825215833457,-0.0032521346876403243,0.7022132796780685,497,-0.006664879807728418,-8.189279535286004e-06,0.5907258064516129,496,-0.012293898088275823,-0.005637207560082691,0.4527162977867203,497,-0.01391204184331873,-0.0072553513151255985,0.344758064516129,496,-0.013192921930815041,-0.006536231402621909,0.2520161290322581,496,-0.00930866984881788,-0.002651979320624747,0.13682092555331993,497,-0.004510257142392329,0.0021464333858008033,0.11693548387096775,496,-0.010981363236848571,-0.004324672708655439,0.06841046277665996,497,-0.010981363236848571,-0.004324672708655439,0.06841046277665996,497
qfq_close_left__qfq_return,qfq,0,2023-06-06,4970,-0.011310043126336614,0.0052392545360826675,0.016954087949611275,0.013060920617213116,-0.003893167332398159,0.7464788732394366,497,0.015075236370816866,-0.001878851578794409,0.641851106639839,497,0.02285831269681855,0.005904224747207275,0.7525150905432596,497,0.023815132874120935,0.00686104492450966,0.619718309859155,497,0.022520309259410235,0.0055662213097989605,0.4808853118712274,497,0.013646332012790408,-0.0033077559368208664,0.3702213279678068,497,0.013385823853962836,-0.0035682640956484386,0.2575452716297787,497,0.01198236423757191,-0.004971723712039364,0.1428571428571429,497,0.015378890420484173,-0.001575197529127102,0.12474849094567408,497,0.01781755715292369,0.0008634692033124142,0.07645875251509049,497,0.01781755715292369,0.0008634692033124142,0.07645875251509049,497
qfq_close_left__qfq_return,qfq,0,2023-06-13,4977,0.02933252868409874,0.092376867137154,0.009236891308886129,0.013998415728501272,0.004761524419615143,0.682092555331992,497,0.004677966213345172,-0.004558925095540957,0.6586345381526104,498,0.0029930950165007364,-0.006243796292385393,0.7269076305220883,498,0.0068435634289227745,-0.0023933278799633546,0.6317907444668007,497,0.017906440324382066,0.008669549015495936,0.5281124497991968,498,0.010217125864814137,0.0009802345559280085,0.3955823293172691,498,0.003611199679898897,-0.0056256916289872325,0.2655935613682092,497,-0.004351377836631201,-0.01358826914551733,0.178714859437751,498,0.010773925609231608,0.001537034300345479,0.15863453815261042,498,0.02569201790509797,0.01645512659621184,0.07831325301204817,498,0.02569201790509797,0.01645512659621184,0.07831325301204817,498
qfq_close_left__qfq_return,qfq,0,2023-06-20,4984,0.09309505785960737,0.006723192075084783,-0.007101339052951842,-0.019914278210933185,-0.012812939157981342,0.5943775100401607,498,-0.011454965611156555,-0.0043536265582047136,0.6827309236947792,498,-0.006175160489200629,0.000926178563751213,0.7234468937875751,499,-0.014315682984704469,-0.007214343931752627,0.5983935742971888,498,-0.0026747191834132667,0.0044266198695385745,0.48496993987975956,499,-0.00516738007384234,0.0019339589791095013,0.3855421686746988,498,-0.003336196661767207,0.0037651423911846346,0.2751004016064257,498,0.0030690021661119084,0.01017034121906375,0.19038076152304606,499,-0.0012234548619912793,0.005877884190960562,0.15261044176706828,498,-0.009846213785127771,-0.0027448747321759297,0.08416833667334667,499,-0.009846213785127771,-0.0027448747321759297,0.08416833667334667,499
qfq_close_left__qfq_return,qfq,0,2023-06-29,4997,-0.05301642084597096,-0.011244942532372041,0.015910398496523155,0.013227380911622223,-0.0026830175849009326,0.6012024048096192,499,0.020708109391144217,0.004797710894621061,0.6739999999999999,500,0.022749865843892658,0.006839467347369503,0.726,500,0.021141894655195125,0.00523149615867197,0.6052104208416833,499,0.014421737202348102,-0.0014886612941750529,0.54,500,0.01750117925989023,0.0015907807633670744,0.41800000000000004,500,0.014076709250592446,-0.0018336892459307093,0.2585170340681363,499,0.007026436289891576,-0.008883962206631579,0.14800000000000002,500,0.011637841989599084,-0.004272556506924071,0.10999999999999999,500,0.0166142597497116,0.000703861253188446,0.06399999999999995,500,0.0166142597497116,0.000703861253188446,0.06399999999999995,500
qfq_close_left__qfq_return,qfq,0,2023-07-06,5001,0.13768464190271548,0.02561832159492577,0.0025533309659487038,-0.005453633752325381,-0.008006964718274084,0.726,500,0.003623688116932216,0.0010703571509835122,0.6839999999999999,500,-0.006359056073707642,-0.008912387039656345,0.72,500,-0.0015264544370901566,-0.00407978540303886,0.634,500,-0.0002648459928179867,-0.0028181769587666905,0.508,500,0.0064184854399668475,0.0038651544740181437,0.388,500,0.00628942918061437,0.003736098214665666,0.22799999999999998,500,0.011631618325310655,0.00907828735936195,0.122,500,0.007120232690153273,0.0045669017242045695,0.09999999999999998,500,0.004050851122138466,0.0014975201561897625,0.05988023952095811,501,0.004050851122138466,0.0014975201561897625,0.05988023952095811,501
qfq_close_left__qfq_return,qfq,0,2023-07-13,5004,-0.0061508073131193814,-0.04392025883947379,-0.014176616348986718,-0.020072291000474144,-0.0058956746514874266,0.744,500,-0.004783920444348654,0.009392695904638064,0.6839999999999999,500,-0.01054966417076708,0.003626952178219638,0.7365269461077844,501,-0.018871235008785993,-0.004694618659799275,0.6599999999999999,500,-0.016569431022923593,-0.002392814673936875,0.4890219560878244,501,-0.01430357000244793,-0.00012695365346121305,0.37,500,-0.012960555604516316,0.0012160607444704017,0.256,500,-0.011659888951910384,0.0025167273970763335,0.1477045908183633,501,-0.0075010192980268535,0.006675597050959864,0.09399999999999997,500,-0.024481479988190544,-0.010304863639203826,0.053892215568862256,501,-0.024481479988190544,-0.010304863639203826,0.053892215568862256,501
qfq_close_left__qfq_return,qfq,0,2023-07-20,5014,-0.07533474159302368,-0.09952844234738904,0.0022421122952409915,0.015933805751173487,0.013691693455932494,0.7584830339321358,501,0.01150973365464616,0.009267621359405169,0.6686626746506986,501,0.0007838739841072211,-0.0014582383111337704,0.7250996015936255,502,-0.007498646102156306,-0.009740758397397298,0.626746506986028,501,-0.004107881169061472,-0.006349993464302464,0.5,502,0.001708946042227141,-0.0005331662530138504,0.37125748502994016,501,0.005222938347148839,0.0029808260519078476,0.27345309381237526,501,0.01081781419741454,0.00857570190217355,0.14541832669322707,502,0.0018851517844133523,-0.0003569605108276392,0.07984031936127745,501,-0.01380411701219228,-0.016046229307433272,0.03585657370517925,502,-0.01380411701219228,-0.016046229307433272,0.03585657370517925,502
qfq_close_left__qfq_return,qfq,0,2023-07-27,5021,-0.09572637955636316,-0.07353492652322056,0.011039707571503058,0.01491154113618639,0.003871833564683333,0.545816733067729,502,0.018491152220224103,0.007451444648721045,0.6314741035856574,502,0.015966949162201264,0.004927241590698206,0.593625498007968,502,0.010103574159694133,-0.0009361334118089242,0.5378486055776892,502,0.010638210790997726,-0.0004014967805053317,0.4581673306772909,502,0.004927503107939538,-0.00611220446356352,0.350597609561753,502,0.014839171557261471,0.0037994639857584136,0.24302788844621515,502,0.012669070889758705,0.0016293633182556475,0.13147410358565736,502,0.010550831321916466,-0.0004888762495865919,0.07768924302788849,502,-0.002673611262953097,-0.013713318834456156,0.03777335984095431,503,-0.002673611262953097,-0.013713318834456156,0.03777335984095431,503
qfq_close_left__qfq_return,qfq,0,2023-08-03,5027,0.04339585836069509,0.05685669445602121,-0.010158718826480282,-0.01627227725296042,-0.006113558426480139,0.5816733067729083,502,-0.0030743083383282196,0.007084410488152063,0.6560636182902584,503,-0.010172891237767065,-1.4172411286782205e-05,0.6580516898608351,503,-0.011251033923705151,-0.0010923150972248687,0.5756972111553784,502,-0.011392230107639378,-0.0012335112811590956,0.5049701789264414,503,-0.011102868849218423,-0.0009441500227381407,0.36381709741550694,503,-0.011728698282547134,-0.0015699794560668518,0.23904382470119523,502,-0.014796779099770504,-0.0046380602732902215,0.13518886679920472,503,-0.010682979075465403,-0.0005242602489851211,0.07157057654075549,503,-0.0011305691212177814,0.0090281497052625,0.031809145129224614,503,-0.0011305691212177814,0.0090281497052625,0.031809145129224614,503
qfq_close_left__qfq_return,qfq,0,2023-08-10,5035,0.024119162756116242,-0.004810801696912667,-0.014916371635579387,-0.013271669831336676,0.0016447018042427108,0.606361829025845,503,-0.014624743316116396,0.00029162831946299116,0.6686507936507937,504,-0.016816922005887535,-0.0019005503703081478,0.7097415506958251,503,-0.017686758074685838,-0.0027703864391064505,0.5555555555555556,504,-0.014982398363074297,-6.602672749491008e-05,0.47316103379721675,503,-0.012020449799715298,0.002895921835864089,0.3551587301587301,504,-0.016922363731525628,-0.0020059920959462404,0.24453280318091453,503,-0.015196813391532445,-0.00028044175595305816,0.14682539682539686,504,-0.01052415997067501,0.004392211664904376,0.07554671968190851,503,-0.017113341950063393,-0.002196970314484006,0.03373015873015872,504,-0.017113341950063393,-0.002196970314484006,0.03373015873015872,504
qfq_close_left__qfq_return,qfq,0,2023-08-17,5040,0.046672919199264015,0.008367494852267293,-0.03496290588801598,-0.02798920984947044,0.006973696038545543,0.6468253968253967,504,-0.031165241788472204,0.0037976640995437787,0.6587301587301587,504,-0.04034281797698905,-0.005379912088973066,0.6865079365079365,504,-0.03793593260553005,-0.0029730267175140657,0.621031746031746,504,-0.03684089266087025,-0.0018779867728542649,0.5099206349206349,504,-0.04049461799146447,-0.005531712103448487,0.35119047619047616,504,-0.0388922855346239,-0.003929379646607917,0.2222222222222222,504,-0.03212181711395544,0.0028410887740605434,0.12301587301587302,504,-0.02890696340678641,0.006055942481229572,0.07539682539682535,504,-0.03493927995199765,2.3625936018331628e-05,0.03373015873015872,504,-0.03493927995199765,2.3625936018331628e-05,0.03373015873015872,504
qfq_close_left__qfq_return,qfq,0,2023-08-24,5046,0.0603836280487088,0.1092145193871929,0.027620561554938104,0.01718133862717461,-0.010439222927763493,0.7043650793650793,504,0.02875392960655214,0.0011333680516140351,0.6851485148514851,505,0.031213253030468298,0.0035926914755301936,0.753968253968254,504,0.029252608241363817,0.001632046686425713,0.6574257425742573,505,0.03256408356460367,0.004943522009665566,0.5643564356435644,505,0.025689029083196074,-0.0019315324717420305,0.4642857142857143,504,0.022512487762441087,-0.005108073792497017,0.3267326732673267,505,0.018105998614842477,-0.009514562940095627,0.17063492063492058,504,0.025081927012610798,-0.002538634542327306,0.09306930693069304,505,0.04581473698263484,0.01819417542769674,0.035643564356435675,505,0.04581473698263484,0.01819417542769674,0.035643564356435675,505
qfq_close_left__qfq_return,qfq,0,2023-08-31,5049,-0.04751037650381207,-0.08152016359559197,-0.002680079635519775,-0.007266841670808851,-0.004586762035289076,0.6349206349206349,504,0.005909094639607749,0.008589174275127523,0.699009900990099,505,0.001809849034471202,0.0044899286699909766,0.7485148514851485,505,0.0011360774437290059,0.003816157079248781,0.6257425742574257,505,-0.005637852713816306,-0.002957773078296531,0.5386138613861386,505,-0.005120529651156544,-0.002440450015636769,0.4693069306930693,505,-0.001254505244808691,0.001425574390711084,0.3247524752475247,505,-0.0006580515432782358,0.0020220280922415394,0.17821782178217827,505,0.0006176521991376428,0.0032977318346574178,0.0871287128712871,505,-0.016344771545374306,-0.013664691909854532,0.03960396039603964,505,-0.016344771545374306,-0.013664691909854532,0.03960396039603964,505
qfq_close_left__qfq_return,qfq,0,2023-09-07,5052,0.05745433415970029,-0.012848098722971739,-0.008130441444522137,-0.012135934432798106,-0.004005492988275969,0.6435643564356436,505,-0.008987880103526597,-0.0008574386590044607,0.6633663366336633,505,-0.010436118630128725,-0.002305677185606588,0.7069306930693069,505,-0.008037234369872687,9.320707464944948e-05,0.6198019801980198,505,-0.009999892097411076,-0.001869450652888939,0.4980237154150198,506,-0.007025714486155878,0.0011047269583662582,0.3821782178217822,505,-0.007791419490741934,0.0003390219537802025,0.2633663366336634,505,-0.0018674974313754701,0.006262944013146666,0.1524752475247525,505,-0.0038030163139664876,0.004327425130555649,0.08118811881188115,505,-0.01120990725466415,-0.0030794658101420142,0.031620553359683834,506,-0.01120990725466415,-0.0030794658101420142,0.031620553359683834,506
qfq_close_left__qfq_return,qfq,0,2023-09-14,5056,0.008760658720412711,-0.02784204002330528,-0.015336254957701403,-0.009354118744642462,0.005982136213058941,0.5742574257425743,505,-0.014156062258234152,0.0011801926994672515,0.6264822134387351,506,-0.015764643399864105,-0.0004283884421627023,0.6673267326732673,505,-0.019348535522575008,-0.0040122805648736045,0.5592885375494071,506,-0.01853359369419612,-0.0031973387364947186,0.43873517786561267,506,-0.015022645254443944,0.00031360970325745863,0.29900990099009905,505,-0.0163235562354394,-0.000987301277737997,0.20750988142292492,506,-0.010602844451444592,0.004733410506256811,0.11287128712871286,505,-0.012519101045805165,0.0028171539118962384,0.059288537549407105,506,-0.02171649883602044,-0.006380243878319038,0.02371541501976282,506,-0.02171649883602044,-0.006380243878319038,0.02371541501976282,506
qfq_close_left__qfq_return,qfq,0,2023-09-21,5059,0.028437813867138863,0.08442433567198371,0.024490082155485655,0.020383571260232613,-0.0041065108952530426,0.596039603960396,505,0.021842649615932595,-0.00264743253955306,0.6482213438735178,506,0.027512372283185434,0.0030222901276997782,0.6837944664031621,506,0.02805322795334707,0.003563145797861416,0.5059288537549407,506,0.03202145968047836,0.007531377524992708,0.40711462450592883,506,0.023642766036600652,-0.0008473161188850033,0.31225296442687744,506,0.018669159371508398,-0.005820922783977257,0.20355731225296447,506,0.014761874882720499,-0.009728207272765157,0.10671936758893286,506,0.01743209458651895,-0.007057987568966705,0.07114624505928857,506,0.040573530250151625,0.01608344809466597,0.03359683794466406,506,0.040573530250151625,0.01608344809466597,0.03359683794466406,506
qfq_close_left__qfq_return,qfq,0,2023-09-28,5060,-0.11158178045683916,-0.01947642957337736,-0.0055933493783751655,0.015886758997002134,0.0214801083753773,0.6027667984189724,506,-0.0038846750887965523,0.0017086742895786131,0.6343873517786561,506,0.002546343561059512,0.008139692939434678,0.6561264822134387,506,9.467480876826614e-05,0.005688024187143432,0.5434782608695652,506,-0.00532128198522277,0.00027206739315239516,0.42885375494071143,506,-0.00960349485872079,-0.004010145480345624,0.308300395256917,506,-0.012207811601115316,-0.006614462222740151,0.1996047430830039,506,-0.020373691017102534,-0.014780341638727369,0.10869565217391308,506,-0.016923823346403515,-0.011330473968028349,0.06126482213438733,506,-0.006146493253220088,-0.0005531438748449229,0.025691699604743046,506,-0.006146493253220088,-0.0005531438748449229,0.025691699604743046,506
qfq_close_left__qfq_return,qfq,0,2023-10-13,5063,0.0518277678021918,-0.02172108517160349,-0.04295262213831625,-0.04611042611260096,-0.003157803974284709,0.6264822134387351,506,-0.03938025041186504,0.0035723717264512095,0.6541501976284585,506,-0.04083163213227924,0.0021209900060370074,0.7193675889328064,506,-0.04691350002498545,-0.003960877886669198,0.5739644970414202,507,-0.04591920288863647,-0.002966580750320219,0.43675889328063244,506,-0.0444324608948429,-0.001479838756526651,0.32015810276679846,506,-0.04173081600723296,0.001221806131083289,0.242603550295858,507,-0.038158646377270636,0.004793975761045614,0.13438735177865613,506,-0.03727891287285628,0.0056737092654599725,0.07509881422924902,506,-0.04875349629712541,-0.005800874158809158,0.035502958579881616,507,-0.04875349629712541,-0.005800874158809158,0.035502958579881616,507
qfq_close_left__qfq_return,qfq,0,2023-10-20,5068,0.03404774880619059,0.009150281440340016,0.03166972086810019,0.026911573115460153,-0.004758147752640034,0.6897233201581028,506,0.03416379303726158,0.002494072169161393,0.6824457593688362,507,0.030952880848288383,-0.0007168400198118048,0.7712031558185404,507,0.031343326264195844,-0.0003263946039043439,0.6587771203155819,507,0.03312831489841703,0.0014585940303168399,0.5502958579881656,507,0.0305016132507743,-0.0011681076173258864,0.42292490118577075,506,0.033941447676115365,0.0022717268080151773,0.2603550295857988,507,0.03348700862365219,0.0018172877555520037,0.1439842209072978,507,0.028874714422160695,-0.002795006445939493,0.08284023668639051,507,0.03338084767806893,0.0017111268099687452,0.03747534516765283,507,0.03338084767806893,0.0017111268099687452,0.03747534516765283,507
qfq_close_left__qfq_return,qfq,0,2023-10-27,5070,-0.13800142851176916,-0.02708979777276942,0.013283537801962593,0.023188678811137377,0.009905141009174783,0.747534516765286,507,0.02177094267369741,0.008487404871734815,0.6883629191321499,507,0.01695095006108185,0.0036674122591192574,0.7850098619329389,507,0.01912035768672914,0.0058368198847665465,0.7297830374753451,507,0.013758329951207262,0.00047479214924466863,0.6193293885601578,507,0.013823159096008694,0.0005396212940461005,0.5088757396449703,507,0.009851601469533702,-0.0034319363324288917,0.32741617357001973,507,-0.0004925020149518052,-0.0137760398169144,0.18934911242603547,507,-0.0010876831935256416,-0.014371220995488234,0.096646942800789,507,0.015951543478707947,0.0026680056767453535,0.04536489151873768,507,0.015951543478707947,0.0026680056767453535,0.04536489151873768,507
qfq_close_left__qfq_return,qfq,0,2023-11-03,5075,-0.09889884116775971,0.023357945362067277,0.01977351908201573,0.029957023651096207,0.010183504569080477,0.6568047337278107,507,0.025183020778153025,0.005409501696137294,0.6279527559055118,508,0.02163039378974722,0.0018568747077314894,0.7140039447731755,507,0.023989326315649602,0.004215807233633871,0.6850393700787402,508,0.01768611744478747,-0.0020874016372282624,0.5818540433925049,507,0.019535260718493166,-0.00023825836352256435,0.43700787401574803,508,0.011134635213095262,-0.008638883868920469,0.2859960552268245,507,0.007217284751836989,-0.012556234330178741,0.1692913385826772,508,0.015447423988535788,-0.004326095093479943,0.08284023668639051,507,0.02594877503230035,0.006175255950284619,0.03740157480314965,508,0.02594877503230035,0.006175255950284619,0.03740157480314965,508
qfq_close_left__qfq_return,qfq,0,2023-11-10,5073,-0.0756737764808175,0.019310293356112878,0.022396281470412897,0.023884374612382905,0.001488093141970008,0.7514792899408285,507,0.0250919698587583,0.0026956883883454026,0.6627218934911243,507,0.029175817665792025,0.006779536195379129,0.7593688362919132,507,0.03004931198577722,0.007653030515364322,0.6594488188976377,508,0.024359201307278828,0.001962919836865931,0.5305719921104537,507,0.01884014209070337,-0.0035561393797095275,0.39644970414201186,507,0.016489779165334117,-0.005906502305078779,0.25,508,0.012747166572299481,-0.009649114898113416,0.13214990138067062,507,0.017351228913338002,-0.005045052557074894,0.08678500986193294,507,0.025963342081141212,0.0035670606107283155,0.03937007874015752,508,0.025963342081141212,0.0035670606107283155,0.03937007874015752,508
qfq_close_left__qfq_return,qfq,0,2023-11-17,5074,0.011534748068412924,-0.0839324621406943,-0.007838671838910799,-0.006286249929655701,0.0015524219092550974,0.6883629191321499,507,-0.004760206940881248,0.0030784648980295504,0.6666666666666667,507,-0.001959503388883858,0.005879168450026941,0.704724409448819,508,-0.013788741879675923,-0.005950070040765124,0.5759368836291914,507,-0.012054574991342094,-0.004215903152431295,0.49803149606299213,508,-0.00808747775062747,-0.00024880591171667216,0.3550295857988166,507,-0.0053250879777538545,0.002513583861156944,0.2287968441814595,507,0.0011537923395188155,0.008992464178429613,0.12598425196850394,508,-0.006942226883908147,0.0008964449550026513,0.07889546351084809,507,-0.02033281492355408,-0.012494143084643283,0.03740157480314965,508,-0.02033281492355408,-0.012494143084643283,0.03740157480314965,508
qfq_close_left__qfq_return,qfq,0,2023-11-24,5078,0.006872706839841883,0.03712555817010745,0.0025580106808949176,-0.0025987841430946943,-0.005156794823989612,0.6587771203155819,507,0.006910457665725396,0.004352446984830479,0.639763779527559,508,0.005777760517164787,0.00321974983626987,0.702755905511811,508,0.0038425966519671784,0.0012845859710722608,0.5885826771653544,508,0.006751483340793734,0.004193472659898816,0.4921259842519685,508,7.811351371438406e-05,-0.0024798971671805333,0.3727810650887574,507,-0.0026112170635486124,-0.00516922774444353,0.22637795275590555,508,-0.003295610519918252,-0.00585362120081317,0.11811023622047245,508,0.004252811952562974,0.0016948012716680567,0.07677165354330706,508,0.006457462035331947,0.0038994513544370296,0.03543307086614178,508,0.006457462035331947,0.0038994513544370296,0.03543307086614178,508
qfq_close_left__qfq_return,qfq,0,2023-12-01,5082,-0.027150169087359163,-0.009696066446302174,-0.024886193278381336,-0.01693322926903905,0.007952964009342287,0.8110236220472441,508,-0.02305014444473919,0.0018360488336421447,0.6771653543307087,508,-0.024702162163988243,0.0001840311143930934,0.7598425196850394,508,-0.024953346037435677,-6.71527590543411e-05,0.6929133858267716,508,-0.029313072786301554,-0.004426879507920218,0.5972495088408645,509,-0.026461662951935725,-0.0015754696735543888,0.43700787401574803,508,-0.028555132653566247,-0.0036689393751849105,0.26771653543307083,508,-0.026477505414887897,-0.0015913121365065605,0.14960629921259838,508,-0.020737942403750303,0.004148250874631033,0.0807086614173228,508,-0.027663553084716203,-0.002777359806334867,0.037328094302554016,509,-0.027663553084716203,-0.002777359806334867,0.037328094302554016,509
qfq_close_left__qfq_return,qfq,0,2023-12-08,5084,0.06706994754093314,-0.006504253485959863,0.0023291319946725435,-0.01615206743736547,-0.018481199432038013,0.6279527559055118,508,0.0014644151897067951,-0.0008647168049657483,0.6791338582677166,508,0.006588072904165784,0.00425894090949324,0.7269155206286837,509,0.011483064684410346,0.009153932689737802,0.655511811023622,508,0.004023399707987815,0.0016942677133152712,0.5324165029469548,509,0.007067512109581185,0.004738380114908642,0.405511811023622,508,0.0028277359381725002,0.0004986039434999568,0.2913385826771654,508,0.005353772097909241,0.0030246401032366977,0.17288801571709234,509,0.0012192663906374086,-0.0011098656040351349,0.08858267716535428,508,-0.0005957668940654197,-0.002924898888737963,0.03929273084479368,509,-0.0005957668940654197,-0.002924898888737963,0.03929273084479368,509
qfq_close_left__qfq_return,qfq,0,2023-12-15,5087,0.23566506976572726,0.09789155986417333,-0.02800592290009041,-0.04591824873872662,-0.017912325838636212,0.7401574803149606,508,-0.03787767239181857,-0.00987174949172816,0.6522593320235757,509,-0.03778636475944977,-0.009780441859359359,0.7956777996070727,509,-0.030525439126951895,-0.002519516226861484,0.7283464566929134,508,-0.02443471349076893,0.0035712094093214818,0.6149312377210217,509,-0.02049093748106033,0.00751498541903008,0.4754420432220039,509,-0.023658685016922757,0.004347237883167654,0.32086614173228345,508,-0.022282263101102585,0.005723659798987826,0.1905697445972495,509,-0.02229349953600782,0.005712423364082592,0.09430255402750487,509,-0.014823005759238875,0.013182917140851536,0.037328094302554016,509,-0.014823005759238875,0.013182917140851536,0.037328094302554016,509
qfq_close_left__qfq_return,qfq,0,2023-12-22,5087,0.01999416592769266,0.0484009808178237,0.02500791361618855,0.022756914506760435,-0.002250999109428116,0.7303149606299213,508,0.022217169979204327,-0.002790743636984224,0.6836935166994106,509,0.024795214545924094,-0.00021269907026445767,0.768172888015717,509,0.026851396075193684,0.001843482459005133,0.6929133858267716,508,0.026214132128752926,0.0012062185125643748,0.62475442043222,509,0.025795935705064353,0.0007880220888758019,0.4911591355599214,509,0.025544310190961466,0.0005363965747729148,0.34842519685039375,508,0.020461627828593947,-0.004546285787594605,0.19449901768172884,509,0.02302784074253736,-0.0019800728736511924,0.10019646365422397,509,0.03241484766110186,0.007406934044913306,0.04322200392927311,509,0.03241484766110186,0.007406934044913306,0.04322200392927311,509
qfq_close_left__qfq_return,qfq,0,2023-12-29,5090,0.1037303894996762,-0.04698027811674062,-0.04125716310936593,-0.05087299408581734,-0.009615830976451405,0.7799607072691552,509,-0.04032568326506384,0.0009314798443020925,0.7033398821218075,509,-0.04573088708025799,-0.00447372397089206,0.787819253438114,509,-0.0498210770457896,-0.008563913936423667,0.7544204322200393,509,-0.045850340658096615,-0.004593177548730683,0.6581532416502947,509,-0.041930241241292056,-0.0006730781319261234,0.5108055009823183,509,-0.03692432785472805,0.00433283525463788,0.35363457760314343,509,-0.0250408970927548,0.016216266016611133,0.17681728880157166,509,-0.021555207673098195,0.019701955436267737,0.0982318271119843,509,-0.05451997509676083,-0.013262811987394894,0.04518664047151277,509,-0.05451997509676083,-0.013262811987394894,0.04518664047151277,509
qfq_close_left__qfq_return,qfq,0,2024-01-08,5092,0.08965862728511674,-0.0024526652970671536,0.003874003625083679,-0.005679089823095044,-0.009553093448178724,0.7013752455795678,509,0.005420144316786192,0.001546140691702513,0.6915520628683693,509,0.005899384376122953,0.002025380751039274,0.7367387033398821,509,-0.0010112064725853486,-0.0048852100976690275,0.6463654223968566,509,0.0014915619018152724,-0.0023824417232684064,0.5156862745098039,510,0.0016160661415851529,-0.0022579374834985257,0.40078585461689586,509,0.009970266179839213,0.006096262554755535,0.2671905697445972,509,0.010547309052041123,0.006673305426957444,0.13948919449901764,509,0.007810978052741234,0.0039369744276575545,0.07269155206286837,509,0.0026816457075914614,-0.0011923579174922174,0.033333333333333326,510,0.0026816457075914614,-0.0011923579174922174,0.033333333333333326,510
qfq_close_left__qfq_return,qfq,0,2024-01-15,5093,0.14010543068412745,0.004989213572487422,-0.1025049066111562,-0.10458189819745124,-0.0020769915862950405,0.6306483300589392,509,-0.10822950693520601,-0.005724600324049811,0.650294695481336,509,-0.10832009705723061,-0.005815190446074411,0.6660117878192535,509,-0.11021742384720148,-0.007712517236045283,0.5901960784313726,510,-0.1104880766920519,-0.007983170080895705,0.4656188605108055,509,-0.10365286390082755,-0.0011479572896713475,0.381139489194499,509,-0.09905514330041107,0.0034497633107451325,0.2901960784313725,510,-0.08617129414725194,0.01633361246390426,0.15520628683693516,509,-0.08840951611328131,0.014095390497874893,0.08251473477406679,509,-0.10590818495352194,-0.0034032783423657426,0.03529411764705881,510,-0.10590818495352194,-0.0034032783423657426,0.03529411764705881,510
qfq_close_left__qfq_return,qfq,0,2024-01-22,5097,0.015661139877676016,-0.1052600715720098,0.019682153492581195,0.008277929953482113,-0.011404223539099083,0.6208251473477406,509,0.029444278088572657,0.009762124595991462,0.6705882352941177,510,0.016788211284504334,-0.0028939422080768613,0.7392156862745098,510,0.014461374415990746,-0.005220779076590449,0.6994106090373281,509,0.016757847067497434,-0.0029243064250837614,0.6176470588235294,510,0.01815025168904612,-0.001531901803535074,0.5176470588235293,510,0.02531789248240685,0.005635738989825653,0.4086444007858546,509,0.03957347455137827,0.01989132105879707,0.22549019607843135,510,0.03419407247821964,0.014511918985638448,0.0980392156862745,510,-0.006165344661023216,-0.02584749815360441,0.039215686274509776,510,-0.006165344661023216,-0.02584749815360441,0.039215686274509776,510
qfq_close_left__qfq_return,qfq,0,2024-01-29,5100,0.21945256734979365,0.050552478472580105,-0.19941122049318835,-0.20578412261889642,-0.006372902125708069,0.5901960784313726,510,-0.24010584302875218,-0.04069462253556383,0.692156862745098,510,-0.23664509834595887,-0.03723387785277052,0.7058823529411764,510,-0.22105643824218094,-0.021645217748992585,0.6607843137254902,510,-0.20770684975064016,-0.008295629257451809,0.6,510,-0.20192173384970435,-0.002510513356516003,0.49215686274509807,510,-0.17636931688500673,0.02304190360818162,0.37058823529411766,510,-0.14961505694402366,0.04979616354916469,0.21176470588235297,510,-0.1537479029241673,0.04566331756902106,0.1098039215686275,510,-0.20115984234255282,-0.0017486218493644734,0.04313725490196074,510,-0.20115984234255282,-0.0017486218493644734,0.04313725490196074,510
qfq_close_left__qfq_return,qfq,0,2024-02-05,5100,0.15061755606735505,0.11068144959465183,0.12852427122137447,0.08695379866841609,-0.041570472552958385,0.6137254901960785,510,0.09004766488326015,-0.038476606338114325,0.7588235294117647,510,0.12602326147821075,-0.0025010097431637235,0.7843137254901961,510,0.1404508259318376,0.011926554710463139,0.7823529411764706,510,0.14945498077204344,0.020930709550668974,0.7470588235294118,510,0.14893491948304619,0.020410648261671716,0.6666666666666667,510,0.13532649876391784,0.006802227542543365,0.5509803921568628,510,0.12579983404253364,-0.0027244371788408273,0.3254901960784313,510,0.12444137595457536,-0.004082895266799114,0.15098039215686276,510,0.15780955223590365,0.02928528101452918,0.06666666666666665,510,0.15780955223590365,0.02928528101452918,0.06666666666666665,510
qfq_close_left__qfq_return,qfq,0,2024-02-20,5104,-0.3245175842964776,-0.016289243710997294,0.11547641944829845,0.18436244433542737,0.06888602488712892,0.803921568627451,510,0.15441354965738666,0.038937130209088205,0.7431372549019608,510,0.12748792717159702,0.012011507723298565,0.761252446183953,511,0.12639320774822382,0.010916788299925373,0.8098039215686275,510,0.1162364920500343,0.0007600726017358561,0.7592954990215264,511,0.10345692516459103,-0.012019494283707424,0.7078431372549019,510,0.0774359898995848,-0.038040429548713645,0.603921568627451,510,0.058455830985209206,-0.057020588463089245,0.38160469667318986,511,0.07680782868846954,-0.03866859075982891,0.1686274509803921,510,0.129772729562899,0.014296310114600558,0.07045009784735812,511,0.129772729562899,0.014296310114600558,0.07045009784735812,511
qfq_close_left__qfq_return,qfq,0,2024-02-27,5103,0.12476437871072872,0.0404224722920067,-0.02785280055440243,-0.030439433915193888,-0.002586633360791457,0.6137254901960785,510,-0.03297311547480363,-0.0051203149204012005,0.7196078431372549,510,-0.038209906399547286,-0.010357105845144855,0.6784313725490196,510,-0.034913036722204006,-0.007060236167801576,0.6594911937377691,511,-0.03122312249524155,-0.003370321940839121,0.5352941176470588,510,-0.030198777726687998,-0.002345977172285567,0.4117647058823529,510,-0.0265742891783742,0.0012785113760282324,0.2700587084148728,511,-0.015347663339345995,0.012505137215056436,0.13921568627450975,510,-0.011185313818165078,0.01666748673623735,0.09215686274509804,510,-0.027452794085592088,0.0004000064688103426,0.043052837573385516,511,-0.027452794085592088,0.0004000064688103426,0.043052837573385516,511
qfq_close_left__qfq_return,qfq,0,2024-03-05,5104,-0.03557566885037795,0.03752676427228876,0.044542914954452284,0.036956731714647466,-0.007586183239804818,0.7823529411764706,510,0.05114318111446392,0.006600266160011636,0.7372549019607844,510,0.05970061121808863,0.015157696263636347,0.7925636007827789,511,0.04959271340278546,0.005049798448333177,0.7490196078431373,510,0.046683055034828044,0.0021401400803757603,0.6555772994129159,511,0.046001150319724925,0.0014582353652726407,0.5078431372549019,510,0.03930663301933367,-0.005236281935118617,0.3294117647058824,510,0.03181956756182202,-0.012723347392630265,0.18590998043052842,511,0.03243701560638942,-0.012105899348062867,0.1215686274509804,510,0.05176535931065974,0.007222444356207454,0.05870841487279843,511,0.05176535931065974,0.007222444356207454,0.05870841487279843,511
qfq_close_left__qfq_return,qfq,0,2024-03-12,5103,-0.10452067288824042,0.004322787193449168,0.02759915971150036,0.03735694503235488,0.009757785320854518,0.7490196078431373,510,0.03342785718335233,0.005828697471851971,0.6980392156862745,510,0.032319191247036694,0.0047200315355363336,0.7803921568627451,510,0.03392410873219525,0.00632494902069489,0.7103718199608611,511,0.02529751416142594,-0.0023016455500744215,0.6509803921568628,510,0.02534200079253723,-0.00225715891896313,0.5313725490196078,510,0.023045597700878946,-0.004553562010621414,0.3894324853228963,511,0.014941121653079238,-0.012658038058421122,0.23333333333333328,510,0.018788205229458798,-0.008810954482041562,0.10784313725490191,510,0.03153785913477578,0.003938699423275422,0.03913894324853229,511,0.03153785913477578,0.003938699423275422,0.03913894324853229,511
qfq_close_left__qfq_return,qfq,0,2024-03-19,5105,0.0562282897619466,-0.02330005011702525,-0.025997550548060838,-0.03081858209581672,-0.004821031547755882,0.692156862745098,510,-0.02305363099518244,0.002943919552878399,0.6692759295499022,511,-0.027209764626396942,-0.0012122140783361046,0.7352941176470589,510,-0.02887482397886194,-0.0028772734308011028,0.6712328767123288,511,-0.0277678322950972,-0.0017702817470363619,0.603921568627451,510,-0.028296992421528274,-0.0022994418734674366,0.4716242661448141,511,-0.02571804193585791,0.00027950861220292847,0.3156862745098039,510,-0.01841298543865298,0.007584565109407859,0.18395303326810175,511,-0.018153032767280256,0.007844517780780581,0.08235294117647063,510,-0.03166919172628625,-0.005671641178225415,0.02935420743639927,511,-0.03166919172628625,-0.005671641178225415,0.02935420743639927,511
qfq_close_left__qfq_return,qfq,0,2024-03-26,5107,0.046090109501172837,-0.008894194788419211,0.023067040751516943,0.01918919724376053,-0.003877843507756412,0.7568627450980392,510,0.02511709389983086,0.0020500531483139163,0.6771037181996087,511,0.023245750008485444,0.00017870925696850115,0.7671232876712328,511,0.016434475375181536,-0.006632565376335407,0.692156862745098,510,0.02108239712058115,-0.0019846436309357944,0.6086105675146771,511,0.025416056799041967,0.0023490160475250245,0.4774951076320939,511,0.028377694017363647,0.005310653265846704,0.3176470588235294,510,0.024448545437675932,0.0013815046861589894,0.1761252446183953,511,0.02568502131774029,0.0026179805662233484,0.1095890410958904,511,0.021664000648505655,-0.0014030401030112882,0.050880626223091974,511,0.021664000648505655,-0.0014030401030112882,0.050880626223091974,511
qfq_close_left__qfq_return,qfq,0,2024-04-02,5112,0.17186222664345197,-0.008672679686911945,-0.036435115560645916,-0.04925598418742782,-0.012820868626781903,0.5636007827788649,511,-0.042802152905160915,-0.006367037344514999,0.6262230919765166,511,-0.051947705229621666,-0.01551258966897575,0.6868884540117417,511,-0.04686551459024655,-0.010430399029600634,0.6868884540117417,511,-0.04200041432081437,-0.005565298760168452,0.591796875,512,-0.030905672333825133,0.005529443226820783,0.46379647749510766,511,-0.021097989798322593,0.015337125762323323,0.3228962818003914,511,-0.014816727985176375,0.021618387575469543,0.16829745596868884,511,-0.019033000899858214,0.017402114660787702,0.09589041095890416,511,-0.04559717269867051,-0.009162057138024593,0.044921875,512,-0.04559717269867051,-0.009162057138024593,0.044921875,512
qfq_close_left__qfq_return,qfq,0,2024-04-11,5115,0.42003059394878667,0.12376945334939644,-0.05110354517850359,-0.10126808448725465,-0.05016453930875106,0.6673189823874756,511,-0.0894740491965954,-0.03837050401809182,0.716796875,512,-0.08685274884417818,-0.03574920366567459,0.7240704500978474,511,-0.061177601191332115,-0.010074056012828528,0.654296875,512,-0.051767115318170166,-0.0006635701396665791,0.5655577299412916,511,-0.03980836441549879,0.0112951807630048,0.466796875,512,-0.02266583795624472,0.028437707222258867,0.32681017612524466,511,-0.007087975732363243,0.044015569446140344,0.193359375,512,-0.014480656590373031,0.03662288858813056,0.09980430528375739,511,-0.03649504289150936,0.01460850228699423,0.044921875,512,-0.03649504289150936,0.01460850228699423,0.044921875,512
qfq_close_left__qfq_return,qfq,0,2024-04-18,5113,-0.02919337246824373,0.059722799247235295,0.016611409421384192,0.01576411125019582,-0.0008472981711883723,0.7064579256360078,511,0.018052875184549375,0.0014414657631651832,0.6986301369863014,511,0.018966756593183767,0.0023553471717995753,0.7592954990215264,511,0.023793314719076065,0.0071819052976918735,0.734375,512,0.021971241566105616,0.005359832144721424,0.6281800391389433,511,0.01630836188663656,-0.0003030475347476323,0.47553816046966735,511,0.01092668001123927,-0.005684729410144923,0.341796875,512,0.004273701131654017,-0.012337708289730175,0.20156555772994134,511,0.007760929673943406,-0.008850479747440786,0.11154598825831707,511,0.028270376320962284,0.011658966899578092,0.044921875,512,0.028270376320962284,0.011658966899578092,0.044921875,512
qfq_close_left__qfq_return,qfq,0,2024-04-25,5107,-0.04885968086317392,0.025402066940138513,0.06563985838381103,0.05929892158493255,-0.006340936798878483,0.6647058823529413,510,0.0706123641984217,0.004972505814610673,0.6966731898238747,511,0.07184477043255548,0.006204912048744446,0.7397260273972603,511,0.06472393029508858,-0.0009159280887224563,0.7019607843137254,510,0.07439222908788501,0.008752370704073975,0.6379647749510764,511,0.07834221088206922,0.012702352498258185,0.4774951076320939,511,0.06165367504703365,-0.003986183336777381,0.3411764705882353,510,0.05235508212498428,-0.013284776258826757,0.19373776908023488,511,0.04774414691844999,-0.017895711465361043,0.10176125244618395,511,0.07540925121537007,0.009769392831559032,0.03913894324853229,511,0.07540925121537007,0.009769392831559032,0.03913894324853229,511
qfq_close_left__qfq_return,qfq,0,2024-05-07,5094,0.24333804402472997,0.04705663160719607,-0.018607461337724174,-0.03693186481936332,-0.018324403481639148,0.6856581532416504,509,-0.029867827634462794,-0.01126036629673862,0.6679764243614932,509,-0.03981004538466685,-0.021202584046942675,0.7235294117647059,510,-0.025611056150130023,-0.007003594812405849,0.6679764243614932,509,-0.020663816302929013,-0.0020563549652048395,0.5784313725490196,510,-0.017294624845775944,0.00131283649194823,0.4715127701375246,509,-0.0034555577845537954,0.015151903553170379,0.32023575638506874,509,0.006708376835033977,0.025315838172758152,0.17450980392156867,510,0.0022273731218441792,0.020834834459568352,0.09037328094302555,509,-0.021374175882995197,-0.0027667145452710228,0.045098039215686225,510,-0.021374175882995197,-0.0027667145452710228,0.045098039215686225,510
qfq_close_left__qfq_return,qfq,0,2024-05-14,5095,-0.02019897101417691,0.016448965711269185,0.004910318084723594,0.014297155337961791,0.009386837253238196,0.7151277013752455,509,0.001853291446484589,-0.003057026638239005,0.7039215686274509,510,0.008680405782567804,0.0037700876978442105,0.7858546168958742,509,0.008032971150508198,0.003122653065784604,0.6980392156862745,510,0.0001575165051344021,-0.004752801579589192,0.5874263261296659,509,0.0009928177990398278,-0.003917500285683766,0.45686274509803926,510,-0.0005853645234865868,-0.005495682608210181,0.31237721021611,509,-0.00231984430344899,-0.007230162388172584,0.17647058823529416,510,0.008705833188111174,0.00379551510338758,0.09037328094302555,509,0.00930154347586701,0.004391225391143416,0.04117647058823526,510,0.00930154347586701,0.004391225391143416,0.04117647058823526,510
qfq_close_left__qfq_return,qfq,0,2024-05-21,5094,0.1400514596806937,0.06424193840268987,-0.029837152176408636,-0.03843376506138766,-0.008596612884979024,0.6483300589390963,509,-0.030894282944824818,-0.0010571307684161813,0.7111984282907662,509,-0.03904270529386782,-0.009205553117459186,0.7509803921568627,510,-0.026454779041783446,0.0033823731346251905,0.6836935166994106,509,-0.03074417822661974,-0.0009070260502111044,0.5607843137254902,510,-0.029910315410918795,-7.316323451015891e-05,0.46758349705304514,509,-0.03173336793904487,-0.0018962157626362316,0.35756385068762275,509,-0.029129916544534288,0.0007072356318743485,0.20196078431372544,510,-0.017595895823094468,0.012241256353314169,0.0982318271119843,509,-0.02442447134695674,0.005412680829451896,0.04313725490196074,510,-0.02442447134695674,0.005412680829451896,0.04313725490196074,510
qfq_close_left__qfq_return,qfq,0,2024-05-28,5093,0.3016951960574201,0.14641945870228648,-0.022959383675868167,-0.05039251981125488,-0.027433136135386713,0.6483300589390963,509,-0.04088393649689501,-0.01792455282102684,0.6660117878192535,509,-0.03235349120033624,-0.009394107524468072,0.7013752455795678,509,-0.02574016680932411,-0.0027807831334559427,0.6392156862745098,510,-0.019792319632724,0.003167064043144166,0.5461689587426326,509,-0.01727644159517777,0.005682942080690395,0.46168958742632615,509,-0.014954760013334949,0.008004623662533218,0.36078431372549025,510,-0.014820605889472198,0.008138777786395969,0.22593320235756387,509,-0.011074173983889261,0.011885209691978905,0.12770137524557956,509,-0.0023561621162314396,0.020603221559636727,0.050980392156862786,510,-0.0023561621162314396,0.020603221559636727,0.050980392156862786,510
qfq_close_left__qfq_return,qfq,0,2024-06-04,5091,0.042345823148068305,0.03292822235374709,-0.017596801526142264,-0.028244541874044304,-0.01064774034790204,0.6306483300589392,509,-0.017571904398811195,2.489712733106872e-05,0.7288801571709234,509,-0.018044079982694392,-0.0004472784565521283,0.7445972495088409,509,-0.014420776070841686,0.0031760254553005775,0.7347740667976425,509,-0.012245744248254798,0.005351057277887466,0.6227897838899803,509,-0.01423143517268245,0.0033653663534598133,0.5461689587426326,509,-0.019927366550639744,-0.00233056502449748,0.3889980353634578,509,-0.0222853519041951,-0.004688550378052835,0.24165029469548138,509,-0.016031899642748204,0.0015649018833940598,0.10805500982318272,509,-0.0129739975461375,0.004622803980004763,0.03529411764705881,510,-0.0129739975461375,0.004622803980004763,0.03529411764705881,510
qfq_close_left__qfq_return,qfq,0,2024-06-12,5099,-0.04647066334488188,0.043329056417963745,0.00041383558558593113,0.00048573500561636517,7.189942003043404e-05,0.7603143418467584,509,0.006984290432863738,0.006570454847277807,0.7039215686274509,510,0.007518359415706277,0.007104523830120346,0.7705882352941177,510,0.007584491528333144,0.007170655942747213,0.7529411764705882,510,0.006001297831895204,0.005587462246309273,0.7254901960784313,510,-0.0022183295120277485,-0.00263216509761368,0.6019607843137256,510,-0.007437541924124247,-0.007851377509710178,0.41960784313725485,510,-0.013404282217204062,-0.013818117802789994,0.2666666666666667,510,-0.014855088280541124,-0.015268923866127056,0.14313725490196083,510,0.013479564554596733,0.0130657289690108,0.06862745098039214,510,0.013479564554596733,0.0130657289690108,0.06862745098039214,510
qfq_close_left__qfq_return,qfq,0,2024-06-19,5097,0.17866837362864296,0.03278001898666913,-0.030730623799116952,-0.04737120523176261,-0.016640581432645657,0.6777996070726915,509,-0.034248401448755766,-0.0035177776496388147,0.7039215686274509,510,-0.03416678527155358,-0.0034361614724366316,0.7568627450980392,510,-0.03319642939087324,-0.0024658055917562913,0.7387033398821219,509,-0.0326416897109646,-0.0019110659118476495,0.6705882352941177,510,-0.026472635308314754,0.004257988490802198,0.5313725490196078,510,-0.027757138289835493,0.0029734855092814587,0.3988212180746562,509,-0.021641158716698347,0.009089465082418605,0.2705882352941177,510,-0.019938850462390155,0.010791773336726797,0.12352941176470589,510,-0.029903577300246714,0.0008270464988702382,0.050980392156862786,510,-0.029903577300246714,0.0008270464988702382,0.050980392156862786,510
qfq_close_left__qfq_return,qfq,0,2024-06-26,5096,-0.0651669102087329,-0.10349253067940657,-0.013227623728175757,-0.005121840898418311,0.008105782829757446,0.724950884086444,509,-0.006615557848523371,0.006612065879652386,0.7705882352941177,510,-0.012251423972636264,0.0009761997555394926,0.762278978388998,509,-0.01065578819798595,0.0025718355301898067,0.7803921568627451,510,-0.015304194283047055,-0.002076570554871298,0.7078431372549019,510,-0.01503910444937153,-0.001811480721195774,0.5952848722986248,509,-0.020007143279306753,-0.006779519551130996,0.41764705882352937,510,-0.013895991413646813,-0.0006683676854710562,0.28094302554027506,509,-0.002211214500097921,0.011016409228077836,0.12352941176470589,510,-0.031161033077589023,-0.017933409349413267,0.045098039215686225,510,-0.031161033077589023,-0.017933409349413267,0.045098039215686225,510
qfq_close_left__qfq_return,qfq,0,2024-07-03,5086,0.19343576476509663,0.08936731319961479,-0.031567306826173494,-0.03968249689102536,-0.008115190064851868,0.7559055118110236,508,-0.04916017801427428,-0.017592871188100788,0.7288801571709234,509,-0.041880451568745015,-0.010313144742571521,0.7598425196850394,508,-0.03542985282146012,-0.003862545995286626,0.7838899803536346,509,-0.024840465741794764,0.0067268410843787305,0.6974459724950883,509,-0.026992280031197604,0.00457502679497589,0.5846456692913387,508,-0.025048421327316266,0.006518885498857228,0.4302554027504911,509,-0.024101309260560682,0.007465997565612812,0.26771653543307083,508,-0.029325394032492732,0.002241912793680762,0.11591355599214148,509,-0.01922476731637861,0.012342539509794883,0.035363457760314354,509,-0.01922476731637861,0.012342539509794883,0.035363457760314354,509
qfq_close_left__qfq_return,qfq,0,2024-07-10,5093,-0.06646804424000316,-0.04757545734804198,0.0037145220248560656,0.0006222042717889978,-0.0030923177530670677,0.6679764243614932,509,0.00845572426917249,0.004741202244316424,0.7328094302554027,509,0.007446700636487079,0.0037321786116310133,0.7367387033398821,509,0.007131655398638502,0.0034171333737824366,0.7450980392156863,510,0.007449074144867258,0.0037345521200111923,0.68762278978389,509,0.006632728710526671,0.002918206685670606,0.5579567779960708,509,0.0034822791501821545,-0.00023224287467391112,0.4764705882352941,510,0.0028463577228171363,-0.0008681643020389293,0.30255402750491156,509,-0.0024178151758171593,-0.006132337200673224,0.11591355599214148,509,-0.004493819624404734,-0.008208341649260799,0.02941176470588236,510,-0.004493819624404734,-0.008208341649260799,0.02941176470588236,510
qfq_close_left__qfq_return,qfq,0,2024-07-17,5091,-0.05229672053336167,0.01990725105724711,-0.02398965879551824,-0.024790216714016,-0.0008005579184977608,0.7033398821218075,509,-0.020850074671879878,0.003139584123638361,0.730844793713163,509,-0.01994070298496205,0.004048955810556188,0.8133595284872299,509,-0.01809871018840348,0.005890948607114758,0.8271119842829077,509,-0.02160085025501383,0.002388808540504408,0.787819253438114,509,-0.024606359677299572,-0.0006167008817813333,0.7053045186640472,509,-0.029281433689890113,-0.005291774894371874,0.5284872298624754,509,-0.031665658215571844,-0.007675999420053606,0.3339882121807466,509,-0.02955149775998942,-0.005561838964471183,0.10412573673870329,509,-0.01951986531775886,0.004469793477759377,0.015686274509803977,510,-0.01951986531775886,0.004469793477759377,0.015686274509803977,510
qfq_close_left__qfq_return,qfq,0,2024-07-24,5086,-0.1531610201244728,-0.03374915015326445,0.06271006065820757,0.05699216722384842,-0.0057178934343591475,0.6791338582677166,508,0.07176797166239166,0.009057911004184085,0.6699410609037328,509,0.07506004816050613,0.012349987502298557,0.7421259842519685,508,0.0782140019896587,0.015503941331451124,0.7740667976424361,509,0.06570854277599497,0.0029984821177874016,0.7210216110019647,509,0.06591170672578787,0.003201646067580305,0.6830708661417323,508,0.05949764667770858,-0.003212413980498992,0.5029469548133596,509,0.05340091538930407,-0.009309145268903501,0.3169291338582677,508,0.04013733704327737,-0.0225727236149302,0.12180746561886047,509,0.060411299571842776,-0.0022987610863647936,0.017681728880157177,509,0.060411299571842776,-0.0022987610863647936,0.017681728880157177,509
qfq_close_left__qfq_return,qfq,0,2024-07-31,5085,-0.008697086915356965,-0.07283119117642327,-0.017244188748982932,-0.016760569390359876,0.00048361935862305597,0.8425196850393701,508,-0.012762577963136585,0.004481610785846347,0.7465618860510805,509,-0.0154257433845047,0.0018184453644782324,0.797244094488189,508,-0.012465287851037163,0.004778900897945769,0.8349705304518664,509,-0.016960462482011388,0.0002837262669715436,0.7854330708661417,508,-0.019948449916416006,-0.002704261167433074,0.7033398821218075,509,-0.017504479398856215,-0.0002602906498732835,0.5570866141732284,508,-0.014854198230886299,0.002389990518096633,0.349705304518664,509,-0.0179473666051125,-0.0007031778561295693,0.13779527559055116,508,-0.0278095649934731,-0.010565376244490169,0.015717092337917515,509,-0.0278095649934731,-0.010565376244490169,0.015717092337917515,509
qfq_close_left__qfq_return,qfq,0,2024-08-07,5087,0.11394372897208882,0.03244745407174214,-0.014616547720334772,-0.023639124093204584,-0.009022576372869812,0.765748031496063,508,-0.014622136518239306,-5.588797904534926e-06,0.7721021611001965,509,-0.011816307693013367,0.0028002400273214045,0.7917485265225933,509,-0.017165347675232118,-0.002548799954897346,0.797244094488189,508,-0.016773523842237063,-0.0021569761219022918,0.7701375245579568,509,-0.016746718949261274,-0.002130171228926503,0.6208251473477406,509,-0.01505252354203503,-0.0004359758217002581,0.45669291338582674,508,-0.010934182437951282,0.00368236528238349,0.2789783889980354,509,-0.00521818509464377,0.009398362625691003,0.10019646365422397,509,-0.014221017440338286,0.0003955302799964859,0.011787819253438081,509,-0.014221017440338286,0.0003955302799964859,0.011787819253438081,509
qfq_close_left__qfq_return,qfq,0,2024-08-14,5090,-0.015557607582356614,0.032584891523092296,-0.019760284820510295,-0.01547735237114311,0.004282932449367184,0.7662082514734774,509,-0.011318161562347964,0.008442123258162331,0.7524557956777996,509,-0.016894098018553325,0.0028661868019569693,0.7779960707269156,509,-0.021731535933513162,-0.0019712511130028677,0.787819253438114,509,-0.02801902567716761,-0.008258740856657315,0.6797642436149313,509,-0.022389480916068454,-0.002629196095558159,0.5776031434184676,509,-0.024547230975932904,-0.004786946155422609,0.42829076620825146,509,-0.02161230916327576,-0.001852024342765466,0.2455795677799607,509,-0.019009797589246587,0.0007504872312637072,0.08055009823182713,509,-0.016603855997854085,0.00315642882265621,0.007858546168958758,509,-0.016603855997854085,0.00315642882265621,0.007858546168958758,509
qfq_close_left__qfq_return,qfq,0,2024-08-21,5091,0.08323536881554165,-0.0015165985113780999,-0.017668384381492867,-0.02494065645965409,-0.007272272078161224,0.7190569744597249,509,-0.01931916760707052,-0.0016507832255776532,0.7328094302554027,509,-0.01968647634582489,-0.0020180919643320236,0.768172888015717,509,-0.0173681560170369,0.0003002283644559685,0.7858546168958742,509,-0.021546760875771693,-0.0038783764942788256,0.7131630648330058,509,-0.018574550046788905,-0.0009061656652960375,0.6090373280943026,509,-0.012963176600009023,0.004705207781483844,0.444007858546169,509,-0.011526939592173942,0.006141444789318926,0.2455795677799607,509,-0.011187360764009899,0.006481023617482968,0.09037328094302555,509,-0.019566869673010197,-0.0018984852915173295,0.01764705882352946,510,-0.019566869673010197,-0.0018984852915173295,0.01764705882352946,510
qfq_close_left__qfq_return,qfq,0,2024-08-28,5089,-0.0823844480996865,-0.004174611451884826,0.02071761949237119,0.027671758880137808,0.006954139387766619,0.7381889763779528,508,0.03024380039592693,0.009526180903555743,0.724950884086444,509,0.022071283621143963,0.0013536641287727746,0.7819253438113949,509,0.02597329953552688,0.005255680043155693,0.7976424361493124,509,0.02417368690630139,0.0034560674139302028,0.7426326129666012,509,0.02149096789466155,0.0007733484022903608,0.6227897838899803,509,0.013636978282031689,-0.0070806412103395,0.4695481335952849,509,0.01368323531308943,-0.007034384179281759,0.28683693516699416,509,0.0026011775030622248,-0.018116441989308965,0.11787819253438114,509,0.02564366894819103,0.004926049455819842,0.00982318271119842,509,0.02564366894819103,0.004926049455819842,0.00982318271119842,509
qfq_close_left__qfq_return,qfq,0,2024-09-04,5087,-0.11580234028096231,-0.045468286600847646,-0.011258092897079788,-0.012057203110316814,-0.0007991102132370257,0.7559055118110236,508,-0.0042270999649986025,0.0070309929320811855,0.7387033398821219,509,0.0009117579669995567,0.012169850864079344,0.7799607072691552,509,-0.0016880437338045932,0.009570049163275194,0.7874015748031495,508,-0.010499985657010632,0.0007581072400691564,0.7347740667976425,509,-0.016183498513737536,-0.004925405616657748,0.5854616895874263,509,-0.013599442996301407,-0.0023413500992216195,0.4173228346456693,508,-0.01763497709908886,-0.006376884202009074,0.26522593320235754,509,-0.023009818338641092,-0.011751725441561304,0.09233791748526521,509,-0.01457998571869001,-0.0033218928216102225,0.005893909626719096,509,-0.01457998571869001,-0.0033218928216102225,0.005893909626719096,509
qfq_close_left__qfq_return,qfq,0,2024-09-11,5089,-0.07389627270799773,-0.10785095038099168,-0.0033190195594285077,-0.001009027440069986,0.0023099921193585216,0.6948818897637795,508,0.007573818760541262,0.01089283831996977,0.730844793713163,509,0.009231491758245922,0.01255051131767443,0.768172888015717,509,0.0018770941834869582,0.005196113742915466,0.793713163064833,509,-0.010948730246123296,-0.0076297106866947875,0.6601178781925343,509,-0.008243649871413721,-0.004924630311985213,0.5481335952848723,509,-0.008715527176923664,-0.005396507617495156,0.39096267190569745,509,-0.0016632582868387482,0.0016557612725897595,0.23379174852652262,509,0.0014513052930265073,0.004770324852455015,0.08447937131630645,509,-0.022739174273286335,-0.01942015471385783,0.00982318271119842,509,-0.022739174273286335,-0.01942015471385783,0.00982318271119842,509
qfq_close_left__qfq_return,qfq,0,2024-09-20,5090,-0.012916563954475806,-0.010967103863914487,0.13993469150093424,0.13120938179152658,-0.008725309709407658,0.7406679764243616,509,0.1445835733120558,0.004648881811121552,0.7347740667976425,509,0.14562168844819917,0.005686996947264933,0.7799607072691552,509,0.14846492608717607,0.00853023458624183,0.7819253438113949,509,0.144467391653394,0.004532700152459768,0.6758349705304518,509,0.1404973065760687,0.0005626150751344705,0.555992141453831,509,0.13616636703934806,-0.0037683244615861755,0.37917485265225936,509,0.13548784049802368,-0.004446851002910562,0.2239685658153242,509,0.13698631526168953,-0.00294837623924471,0.07072691552062871,509,0.1358621243418607,-0.004072567159073531,0.007858546168958758,509,0.1358621243418607,-0.004072567159073531,0.007858546168958758,509
qfq_close_left__qfq_return,qfq,0,2024-09-27,5095,-0.10554505213227595,0.06202022011988541,0.05055324527192963,0.08590158677434828,0.035348341502418654,0.7799607072691552,509,0.07184365550867244,0.021290410236742816,0.7725490196078432,510,0.05293078079845012,0.002377535526520494,0.7603143418467584,509,0.05254397637042819,0.001990731098498559,0.8254901960784313,510,0.04056555944180653,-0.009987685830123098,0.7721021611001965,509,0.040251078137575155,-0.010302167134354473,0.6803921568627451,510,0.036357713722135435,-0.014195531549794194,0.5265225933202358,509,0.028904942307353767,-0.02164830296457586,0.30980392156862746,510,0.023701617968430653,-0.026851627303498975,0.10412573673870329,509,0.07250544567508693,0.021952200403157304,0.013725490196078383,510,0.07250544567508693,0.021952200403157304,0.013725490196078383,510
qfq_close_left__qfq_return,qfq,0,2024-10-11,5090,-0.0946838365054842,0.04445519962484662,0.04784947294723187,0.054771735496519806,0.006922262549287933,0.8172888015717092,509,0.05507661782870218,0.007227144881470304,0.7838899803536346,509,0.06251660391072908,0.014667130963497206,0.7760314341846758,509,0.062900662465658,0.015051189518426121,0.8290766208251473,509,0.05337397538488713,0.00552450243765526,0.8153241650294696,509,0.05058261764837663,0.0027331447011447532,0.7288801571709234,509,0.034682428956841246,-0.013167043990390627,0.6149312377210217,509,0.025066847083710382,-0.02278262586352149,0.3988212180746562,509,0.013000136157021116,-0.03484933679021076,0.14145383104125742,509,0.0665231045398732,0.018673631592641328,0.013752455795677854,509,0.0665231045398732,0.018673631592641328,0.013752455795677854,509
qfq_close_left__qfq_return,qfq,0,2024-10-18,5097,-0.16413081571805455,-0.08134229857837445,0.05281437478936021,0.06030792907291473,0.00749355428355452,0.7917485265225933,509,0.061604228737668784,0.00878985394830857,0.792156862745098,510,0.07358188737260496,0.020767512583244746,0.7784313725490196,510,0.07035917723029866,0.01754480244093845,0.8388998035363457,509,0.06419283511950392,0.011378460330143711,0.8156862745098039,510,0.05380415437712451,0.0009897795877642987,0.711764705882353,510,0.042615341039508196,-0.010199033749852017,0.5540275049115914,509,0.0362538600070141,-0.01656051478234611,0.34705882352941175,510,0.022402193809792182,-0.03041218097956803,0.11764705882352944,510,0.043051237838887056,-0.009763136950473157,0.0117647058823529,510,0.043051237838887056,-0.009763136950473157,0.0117647058823529,510
qfq_close_left__qfq_return,qfq,0,2024-10-25,5096,-0.024125259349533707,-0.09815617382118146,-0.009248075591605604,-0.00638013832699409,0.002867937264611514,0.7858546168958742,509,-0.0031282216896846536,0.006119853901920951,0.7607843137254902,510,0.0017997607669222799,0.011047836358527885,0.7760314341846758,509,0.002244605569978134,0.011492681161583739,0.8117647058823529,510,-0.012248364353065993,-0.003000288761460388,0.7725490196078432,510,-0.014889337102123744,-0.00564126151051814,0.6326129666011788,509,-0.007915525179260495,0.0013325504123451095,0.48039215686274506,510,-0.008126199759960996,0.0011218758316446087,0.2848722986247544,509,-0.006759241876065935,0.0024888337155396694,0.08431372549019611,510,-0.037059669675713745,-0.02781159408410814,0.015686274509803977,510,-0.037059669675713745,-0.02781159408410814,0.015686274509803977,510
qfq_close_left__qfq_return,qfq,0,2024-11-01,5093,-0.08716019391146271,0.01685208308450973,0.08778824533599526,0.08769695371750197,-9.129161849329159e-05,0.8074656188605108,509,0.09617220084289434,0.008383955506899077,0.7721021611001965,509,0.09478497498053827,0.006996729644543009,0.8546168958742633,509,0.10232037263096877,0.01453212729497351,0.8313725490196078,510,0.09381506243585032,0.0060268170998550585,0.8231827111984282,509,0.09578690705293882,0.007998661716943564,0.8094302554027505,509,0.08166187779633555,-0.006126367539659713,0.7431372549019608,510,0.07169105579812786,-0.0160971895378674,0.5599214145383105,509,0.05822262714891708,-0.02956561818707818,0.2514734774066798,509,0.09569836618063422,0.007910120844638963,0.0117647058823529,510,0.09569836618063422,0.007910120844638963,0.0117647058823529,510
qfq_close_left__qfq_return,qfq,0,2024-11-08,5100,0.10289418680498677,0.0471568518778709,-0.033733403612996385,-0.0525541919902161,-0.018820788377219712,0.807843137254902,510,-0.032869181571045084,0.0008642220419513014,0.792156862745098,510,-0.029304900049096784,0.004428503563899601,0.8372549019607843,510,-0.02963614688101284,0.004097256731983544,0.8411764705882353,510,-0.02994152502274109,0.0037918785902552946,0.8313725490196078,510,-0.03482415140457773,-0.0010907477915813452,0.803921568627451,510,-0.03699398672463323,-0.003260583111636843,0.7215686274509804,510,-0.03779554679233433,-0.0040621431793379445,0.5529411764705883,510,-0.027767861473187418,0.005965542139808967,0.25098039215686274,510,-0.02564654422111923,0.008086859391877154,0.01764705882352946,510,-0.02564654422111923,0.008086859391877154,0.01764705882352946,510
qfq_close_left__qfq_return,qfq,0,2024-11-15,5098,-0.05500632068761029,-0.05115740181065058,-0.010155537833386599,-0.0031087455567643204,0.0070467922766222785,0.7858546168958742,509,-0.0031371993750896826,0.007018338458296916,0.7980392156862746,510,-0.00037098114819492025,0.009784556685191678,0.7784313725490196,510,-0.009631571689493783,0.000523966143892815,0.7980392156862746,510,-0.012757740950941778,-0.00260220311755518,0.7686274509803921,510,-0.013340340706515432,-0.0031848028731288336,0.730844793713163,509,-0.012368939581259094,-0.002213401747872495,0.615686274509804,510,-0.01631145347377618,-0.006155915640389583,0.4,510,-0.013827979344737704,-0.003672441511351106,0.1470588235294118,510,-0.01669285397885094,-0.00653731614546434,0.009803921568627416,510,-0.01669285397885094,-0.00653731614546434,0.009803921568627416,510
qfq_close_left__qfq_return,qfq,0,2024-11-22,5103,-0.018834457558761484,-0.01730043215362136,0.03921714410597401,0.02391996224730944,-0.01529718185866457,0.6607843137254902,510,0.04881104089359898,0.00959389678762497,0.7058823529411764,510,0.044994977294369215,0.005777833188395205,0.7549019607843137,510,0.045457595439930956,0.0062404513339569465,0.7729941291585127,511,0.04751773931048613,0.008300595204512123,0.7411764705882353,510,0.03851866924646268,-0.0006984748595113277,0.696078431372549,510,0.039612326506622275,0.00039518240064826543,0.5694716242661448,511,0.034300535473290095,-0.004916608632683915,0.3549019607843137,510,0.03252672202663383,-0.006690422079340182,0.11960784313725492,510,0.036504181109784706,-0.002712962996189304,0.011741682974559686,511,0.036504181109784706,-0.002712962996189304,0.011741682974559686,511
qfq_close_left__qfq_return,qfq,0,2024-11-29,5106,-0.17474143654127358,-0.06066586468967112,0.03411139200758848,0.05793430906716204,0.02382291705957356,0.8058823529411765,510,0.050393553015679056,0.016282161008090573,0.7945205479452055,511,0.03896165168114201,0.004850259673553528,0.8215686274509804,510,0.0437690068922222,0.009657614884633715,0.8532289628180039,511,0.03472265185314157,0.0006112598455530888,0.8238747553816047,511,0.02708253452777916,-0.007028857479809324,0.7725490196078432,510,0.02308019743449937,-0.011031194573089112,0.6281800391389433,511,0.020792338428711504,-0.013319053578876978,0.3941176470588236,510,0.01973775894900538,-0.014373633058583104,0.136986301369863,511,0.024656210331580546,-0.009455181676007937,0.011741682974559686,511,0.024656210331580546,-0.009455181676007937,0.011741682974559686,511
qfq_close_left__qfq_return,qfq,0,2024-12-06,5105,0.03127042726188247,0.017880022031636366,0.013285253628631527,0.014650811522398433,0.0013655578937669059,0.7431372549019608,510,0.012590076262122083,-0.0006951773665094443,0.7416829745596869,511,0.018641238648294797,0.00535598501966327,0.7862745098039216,510,0.01068162569663534,-0.0026036279319961875,0.8160469667318982,511,0.01002163958943426,-0.0032636140391972667,0.7666666666666666,510,0.012957002860926615,-0.0003282507677049122,0.6516634050880626,511,0.01697990772322361,0.003694654094592081,0.4745098039215686,510,0.011420190386559342,-0.0018650632420721854,0.28180039138943247,511,0.008716470233141564,-0.004568783395489964,0.09411764705882353,510,0.01619862972282256,0.002913376094191034,0.011741682974559686,511,0.01619862972282256,0.002913376094191034,0.011741682974559686,511
qfq_close_left__qfq_return,qfq,0,2024-12-13,5106,0.15381652239312565,0.10242695333240426,-0.023503612172213112,-0.036002263428303254,-0.012498651256090142,0.7705882352941177,510,-0.028244205087730963,-0.004740592915517851,0.7436399217221135,511,-0.026648328213773022,-0.0031447160415599106,0.807843137254902,510,-0.021626987961938578,0.0018766242102745342,0.7945205479452055,511,-0.02209952871809151,0.0014040834541216018,0.7534246575342466,511,-0.024211572143068086,-0.0007079599708549739,0.6392156862745098,510,-0.02461771603973143,-0.0011141038675183193,0.5264187866927593,511,-0.02769423321177579,-0.004190621039562678,0.33725490196078434,510,-0.02004627783379226,0.0034573343384208532,0.1095890410958904,511,-0.0038852085913784417,0.01961840358083467,0.009784735812133127,511,-0.0038852085913784417,0.01961840358083467,0.009784735812133127,511
qfq_close_left__qfq_return,qfq,0,2024-12-20,5112,0.35740900524978414,0.11099415549433296,-0.03082747532384765,-0.062254165657046105,-0.031426690333198455,0.7279843444227005,511,-0.05321052753554857,-0.02238305221170092,0.761252446183953,511,-0.04595614070451692,-0.015128665380669273,0.7690802348336595,511,-0.0428269349433392,-0.011999459619491552,0.8101761252446185,511,-0.0344036767779767,-0.003576201454129048,0.787109375,512,-0.02665550240417656,0.004171972919671089,0.6594911937377691,511,-0.014936481380341914,0.015890993943505738,0.5322896281800391,511,-0.011486245330070699,0.01934122999377695,0.3346379647749511,511,-0.0013550920072975012,0.02947238331655015,0.10176125244618395,511,-0.015213543700059909,0.015613931623787741,0.013671875,512,-0.015213543700059909,0.015613931623787741,0.013671875,512
qfq_close_left__qfq_return,qfq,0,2024-12-27,5108,0.16286268713437058,0.020246087476472576,-0.08987117411724307,-0.0878416334634586,0.0020295406537844812,0.7764705882352941,510,-0.09238240040825388,-0.002511226291010804,0.7906066536203522,511,-0.09799413934637183,-0.008122965229128754,0.812133072407045,511,-0.10593157371164379,-0.016060399594400712,0.8082191780821918,511,-0.10368949085537293,-0.01381831673812986,0.8297455968688845,511,-0.10234143370654679,-0.012470259589303714,0.7294117647058824,510,-0.08683804761826693,0.003033126498976149,0.5929549902152642,511,-0.07767483026804001,0.012196343849203067,0.36986301369863017,511,-0.053140156052099145,0.03673101806514393,0.1154598825831703,511,-0.09089846767767142,-0.0010272935604283412,0.013698630136986356,511,-0.09089846767767142,-0.0010272935604283412,0.013698630136986356,511
qfq_close_left__qfq_return,qfq,0,2025-01-06,5107,-0.10302851601393481,0.061753247739602876,-0.0009431279257406487,-0.008175604407668537,-0.007232476481927889,0.6901960784313725,510,0.004116282389629908,0.005059410315370556,0.7025440313111546,511,0.005946560786404605,0.006889688712145253,0.7827788649706457,511,0.008000359670007166,0.008943487595747816,0.7647058823529411,510,0.006971326620831113,0.007914454546571761,0.7749510763209393,511,0.003430467095307204,0.004373595021047853,0.7338551859099804,511,-0.0024782301158880003,-0.0015351021901473514,0.5823529411764705,510,-0.01359616063796329,-0.01265303271222264,0.35420743639921726,511,-0.02707373317453129,-0.026130605248790642,0.12524461839530332,511,0.013427796760933664,0.014370924686674313,0.009784735812133127,511,0.013427796760933664,0.014370924686674313,0.009784735812133127,511
qfq_close_left__qfq_return,qfq,0,2025-01-13,5111,-0.06601146047262765,0.04020638385597384,0.058813312443301395,0.059256548866288575,0.00044323642298717963,0.7514677103718199,511,0.0625467572000378,0.003733444756736405,0.776908023483366,511,0.06143676436949467,0.0026234519261932737,0.802348336594912,511,0.05858607697454598,-0.00022723546875541567,0.7906066536203522,511,0.06243059816853023,0.003617285725228833,0.7416829745596869,511,0.058988484689448735,0.00017517224614733984,0.7142857142857143,511,0.06086481313065915,0.002051500687357752,0.5577299412915852,511,0.05497504571704129,-0.0038382667262601075,0.33855185909980434,511,0.039871258229628746,-0.01894205421367265,0.11350293542074363,511,0.06915653594545584,0.010343223502154449,0.009765625,512,0.06915653594545584,0.010343223502154449,0.009765625,512
qfq_close_left__qfq_return,qfq,0,2025-01-20,5114,0.24160225259833107,0.10456139909496935,-0.011286570949681876,-0.023206583238512095,-0.011920012288830219,0.7103718199608611,511,-0.02066132883775605,-0.009374757888074176,0.7416829745596869,511,-0.02382400862836914,-0.012537437678687263,0.755859375,512,-0.016652992006881622,-0.005366421057199746,0.7592954990215264,511,-0.008589151267131084,0.0026974196825507914,0.71484375,512,-0.010218813191207722,0.001067757758474154,0.6379647749510764,511,-0.008982286416423362,0.002304284533258514,0.4951076320939335,511,-0.008814549434112976,0.0024720215155688997,0.30078125,512,0.003668777046137354,0.01495534799581923,0.09197651663405093,511,0.004398949522464212,0.015685520472146088,0.0078125,512,0.004398949522464212,0.015685520472146088,0.0078125,512
qfq_close_left__qfq_return,qfq,0,2025-01-27,5119,-0.2121534783459281,-0.01632322786140894,0.061811865766273996,0.0675987043036583,0.005786838537384306,0.7690802348336595,511,0.06898605512023695,0.007174189353962954,0.74609375,512,0.08859030472123106,0.02677843895495706,0.78515625,512,0.08138293056639206,0.019571064800118068,0.826171875,512,0.07639384809919214,0.014581982332918145,0.78515625,512,0.07050992991196557,0.008698064145691575,0.6796875,512,0.05111022867453459,-0.010701637091739408,0.5625,512,0.035954966740927755,-0.02585689902534624,0.375,512,0.014815136204227428,-0.04699672956204657,0.1484375,512,0.0627878557393925,0.000975989973118499,0.015625,512,0.0627878557393925,0.000975989973118499,0.015625,512
qfq_close_left__qfq_return,qfq,0,2025-02-11,5122,0.03274359239591031,0.027714216812299016,-0.007812932508980056,-0.014369604767344599,-0.006556672258364543,0.76171875,512,-0.004259733028986735,0.003553199479993321,0.7421875,512,-0.008266470262030302,-0.0004535377530502458,0.79296875,512,-0.006057150737722653,0.001755781771257403,0.826171875,512,-0.000945340675487711,0.006867591833492345,0.7797270955165692,513,-0.010109005817484681,-0.0022960733085046255,0.71875,512,-0.009094860714212366,-0.0012819282052323102,0.572265625,512,-0.011288816712904659,-0.003475884203924603,0.36328125,512,-0.010487354520950898,-0.002674422011970842,0.138671875,512,-0.003273267650901673,0.004539664858078383,0.011695906432748537,513,-0.003273267650901673,0.004539664858078383,0.011695906432748537,513
qfq_close_left__qfq_return,qfq,0,2025-02-18,5124,-0.04204867571791517,0.08715149593254702,0.03998152865035355,0.030579696641762334,-0.009401832008591217,0.787109375,512,0.03780307669606213,-0.0021784519542914216,0.732421875,512,0.049912375303462486,0.009930846653108935,0.7953216374269005,513,0.051952549982819146,0.011971021332465595,0.806640625,512,0.05405373890076251,0.014072210250408959,0.7524366471734893,513,0.04425569618375437,0.004274167533400819,0.71484375,512,0.039953327297271364,-2.820135308218702e-05,0.587890625,512,0.021543445168331742,-0.01843808348202181,0.368421052631579,513,0.0058867319235252485,-0.0340947967268283,0.12890625,512,0.06381722522220343,0.023835696571849876,0.00974658869395717,513,0.06381722522220343,0.023835696571849876,0.00974658869395717,513
qfq_close_left__qfq_return,qfq,0,2025-02-25,5120,0.12105400029721436,-0.0280271347907043,-0.0019175756132278037,-0.020365850792635205,-0.018448275179407402,0.7578125,512,-0.005085479354088262,-0.0031679037408604577,0.783203125,512,-0.0002675441277578438,0.00165003148546996,0.83203125,512,0.0007194773253528693,0.0026370529385806732,0.845703125,512,-0.0008973339517940756,0.0010202416614337282,0.77734375,512,0.0002952289683756796,0.0022128045816034833,0.73828125,512,-0.0005634771574400312,0.0013540984557877725,0.591796875,512,0.005829009979705996,0.0077465855929337996,0.373046875,512,0.009498257585697667,0.01141583319892547,0.12109375,512,-0.008338044607694831,-0.006420468994467027,0.0078125,512,-0.008338044607694831,-0.006420468994467027,0.0078125,512
qfq_close_left__qfq_return,qfq,0,2025-03-04,5119,0.02614136310659101,0.06833057777456962,0.02535005545210572,0.030176929606009463,0.004826874153903742,0.6849315068493151,511,0.024676280810721637,-0.0006737746413840832,0.744140625,512,0.022860620844725434,-0.002489434607380287,0.7734375,512,0.024089458394420338,-0.001260597057685383,0.7734375,512,0.028412210968871247,0.0030621555167655266,0.7109375,512,0.027041062308575288,0.0016910068564695672,0.572265625,512,0.021342081544198616,-0.004007973907907105,0.400390625,512,0.020203708533100426,-0.005146346919005295,0.23046875,512,0.014273145315163034,-0.011076910136942687,0.08203125,512,0.04043448368385352,0.015084428231747802,0.013671875,512,0.04043448368385352,0.015084428231747802,0.013671875,512
qfq_close_left__qfq_return,qfq,0,2025-03-11,5120,0.0874672686788119,0.02605518479407067,0.021314947367074448,0.012395800943330707,-0.00891914642374374,0.728515625,512,0.021071344229029433,-0.00024360313804501488,0.7578125,512,0.024415009877437534,0.0031000625103630858,0.755859375,512,0.014856467305165601,-0.006458480061908847,0.75390625,512,0.021073703009760594,-0.00024124435731385369,0.73828125,512,0.025432466377832436,0.004117519010757988,0.58203125,512,0.02442595566386891,0.0031110082967944624,0.41015625,512,0.02116190361833525,-0.00015304374873919765,0.236328125,512,0.023656501029694604,0.0023415536626201564,0.072265625,512,0.024660321616289397,0.003345374249214949,0.017578125,512,0.024660321616289397,0.003345374249214949,0.017578125,512
qfq_close_left__qfq_return,qfq,0,2025-03-18,5123,0.19505446193505194,-0.03689386232992785,-0.04007311032964321,-0.05248474658471961,-0.012411636255076401,0.732421875,512,-0.04820830587519233,-0.008135195545549118,0.736328125,512,-0.04815889546297953,-0.00808578513333632,0.75390625,512,-0.04859768224246234,-0.008524571912819127,0.7660818713450293,513,-0.047559267443605786,-0.007486157113962576,0.72265625,512,-0.03987881943746027,0.00019429089218293838,0.619140625,512,-0.03311245378245343,0.006960656547189782,0.4678362573099415,513,-0.02362255288349668,0.01645055744614653,0.291015625,512,-0.006127542603495125,0.03394556772614808,0.080078125,512,-0.05295262715207469,-0.012879516822431478,0.00974658869395717,513,-0.05295262715207469,-0.012879516822431478,0.00974658869395717,513
qfq_close_left__qfq_return,qfq,0,2025-03-25,5126,0.07761336415815356,0.051707304853515296,-0.007725006960993375,-0.015356172514339404,-0.007631165553346029,0.728515625,512,-0.006613809847440868,0.0011111971135525063,0.7426900584795322,513,-0.007746085935599695,-2.1078974606320022e-05,0.810546875,512,-0.004340405465068763,0.0033846014959246114,0.8226120857699806,513,-0.011835024823036878,-0.004110017862043503,0.8070175438596492,513,-0.009326289014258523,-0.0016012820532651482,0.763671875,512,-0.00860392944141405,-0.0008789224804206745,0.6237816764132553,513,-0.01029239566791005,-0.002567388706916675,0.41015625,512,-0.0034255717787783275,0.004299435182215048,0.15399610136452246,513,0.0002665721580528977,0.007991579119046273,0.01754385964912286,513,0.0002665721580528977,0.007991579119046273,0.01754385964912286,513
qfq_close_left__qfq_return,qfq,0,2025-04-01,5127,0.005467958213106252,-0.07328012961891692,-0.09638359213309967,-0.09679779093349318,-0.000414198800393506,0.6875,512,-0.08506378455718011,0.011319807575919563,0.695906432748538,513,-0.09622957811847382,0.00015401401462585007,0.7816764132553606,513,-0.10532141877917992,-0.00893782664608024,0.77734375,512,-0.10350528963787296,-0.007121697504773289,0.7446393762183237,513,-0.10161286021994526,-0.0052292680868455815,0.6822612085769981,513,-0.10508980730511835,-0.00870621517201868,0.59375,512,-0.08842386980061435,0.00795972233248532,0.3606237816764133,513,-0.062072710932894445,0.03431088120020523,0.14035087719298245,513,-0.11975401229499338,-0.02337042016189371,0.011695906432748537,513,-0.11975401229499338,-0.02337042016189371,0.011695906432748537,513
qfq_close_left__qfq_return,qfq,0,2025-04-09,5130,-0.12046714648075785,0.04443079152714134,0.04086595520718107,0.05349415636558831,0.012628201158407237,0.8128654970760234,513,0.050382878160390804,0.00951692295320973,0.8265107212475633,513,0.04928929242768032,0.008423337220499247,0.8304093567251463,513,0.043202776174163016,0.0023368209669819423,0.838206627680312,513,0.04235633151018176,0.0014903763030006886,0.8654970760233918,513,0.039105009142351196,-0.001760946064829877,0.7855750487329435,513,0.032699573339401836,-0.008166381867779238,0.7153996101364523,513,0.022631684878734848,-0.018234270328446225,0.469785575048733,513,0.019532236231216905,-0.02133371897596417,0.16959064327485385,513,0.055965613842101726,0.015099658634920653,0.013645224171540016,513,0.055965613842101726,0.015099658634920653,0.013645224171540016,513
qfq_close_left__qfq_return,qfq,0,2025-04-16,5130,0.0721192232742384,0.10952037765372413,0.02987394950337223,0.014592127627501688,-0.015281821875870542,0.8421052631578947,513,0.029545567502688413,-0.0003283820006838162,0.7777777777777778,513,0.028099024858556632,-0.0017749246448155974,0.8245614035087719,513,0.03487135600219983,0.0049974064988276,0.8323586744639376,513,0.031136612157020634,0.001262662653648404,0.8401559454191033,513,0.0360413505461187,0.006167401042746469,0.8109161793372319,513,0.03429720660783925,0.004423257104467018,0.7134502923976609,513,0.02515309926402301,-0.00472085023934922,0.530214424951267,513,0.014811855520953824,-0.015062093982418406,0.20662768031189083,513,0.050191294946820356,0.020317345443448126,0.013645224171540016,513,0.050191294946820356,0.020317345443448126,0.013645224171540016,513
qfq_close_left__qfq_return,qfq,0,2025-04-23,5129,-0.04348290316942126,0.06600212632113488,-0.0013969057772295855,0.009837319894972985,0.01123422567220257,0.81640625,512,-0.005795247072306214,-0.004398341295076628,0.7621832358674464,513,0.004253762260850572,0.005650668038080158,0.7953216374269005,513,-0.001633108380913055,-0.00023620260368346956,0.8284600389863548,513,-0.004607229958891188,-0.003210324181661602,0.7875243664717348,513,-0.006241453086683728,-0.004844547309454142,0.7251461988304093,513,-0.006821760876289755,-0.005424855099060169,0.6023391812865497,513,-0.00579490634788718,-0.004398000570657594,0.419103313840156,513,-0.01002967761015067,-0.008632771832921085,0.15984405458089668,513,0.012885142480386792,0.014282048257616376,0.015594541910331383,513,0.012885142480386792,0.014282048257616376,0.015594541910331383,513
qfq_close_left__qfq_return,qfq,0,2025-04-30,5097,-0.14566520665973698,-0.0017002177228634798,0.04900073630443978,0.06249882696739279,0.01349809066295301,0.6699410609037328,509,0.056604863739062455,0.007604127434622673,0.7411764705882353,510,0.05304195081682635,0.004041214512386565,0.7549019607843137,510,0.05059296773222778,0.001592231427787999,0.7819253438113949,509,0.0587323765950742,0.009731640290634419,0.7137254901960784,510,0.04741691386196249,-0.0015838224424772895,0.6568627450980392,510,0.04265963257675522,-0.006341103727684559,0.5225933202357564,509,0.03438423025845475,-0.01461650604598503,0.33529411764705885,510,0.028505038485659703,-0.02049569781878008,0.11568627450980395,510,0.0555877173411057,0.006586981036665919,0.0117647058823529,510,0.0555877173411057,0.006586981036665919,0.0117647058823529,510
qfq_close_left__qfq_return,qfq,0,2025-05-12,5124,-0.004774798812913745,-0.038537610760448315,0.005747742871094259,0.008625037240037206,0.0028772943689429464,0.703125,512,0.005826334284868577,7.859141377431801e-05,0.75390625,512,0.0058542197774003905,0.00010647690630613115,0.7816764132553606,513,0.006454301632856496,0.000706558761762237,0.798828125,512,0.0029740660749767995,-0.00277367679611746,0.7582846003898636,513,0.007504662496361248,0.0017569196252669884,0.626953125,512,0.006275485758244902,0.0005277428871506423,0.478515625,512,0.008510994681199417,0.002763251810105158,0.3157894736842105,513,0.007022765502588014,0.0012750226314937546,0.123046875,512,-0.0015563605120770259,-0.007304103383171286,0.015594541910331383,513,-0.0015563605120770259,-0.007304103383171286,0.015594541910331383,513
qfq_close_left__qfq_return,qfq,0,2025-05-19,5122,0.04825667679333371,-0.0008457880759539686,-0.007028657257775029,-0.00224265579393711,0.004786001463837919,0.728515625,512,-0.006264144203079225,0.0007645130546958048,0.703125,512,-0.007868221651463933,-0.0008395643936889036,0.751953125,512,-0.008914181831032259,-0.0018855245732572294,0.767578125,512,-0.006489848575826756,0.000538808681948273,0.7076023391812866,513,-0.007136875002109974,-0.00010821774433494424,0.60546875,512,-0.007944363502798875,-0.0009157062450238455,0.453125,512,-0.009366505739113472,-0.002337848481338443,0.2890625,512,-0.006273551941844586,0.0007551053159304431,0.107421875,512,-0.0077857979069206685,-0.000757140649145639,0.01754385964912286,513,-0.0077857979069206685,-0.000757140649145639,0.01754385964912286,513
qfq_close_left__qfq_return,qfq,0,2025-05-26,5120,0.03281261850990911,-0.03832419569678854,0.012026207088514599,0.014857214682621436,0.0028310075941068366,0.68359375,512,0.009278019998516362,-0.002748187089998237,0.728515625,512,0.01355010030140427,0.0015238932128896713,0.75,512,0.014383023096348991,0.0023568160078343923,0.767578125,512,0.009078303820442269,-0.00294790326807233,0.73046875,512,0.010942962901642282,-0.0010832441868723168,0.630859375,512,0.012599785251970499,0.0005735781634558998,0.52734375,512,0.014845146932477658,0.0028189398439630586,0.33203125,512,0.016179243472649776,0.004153036384135177,0.123046875,512,0.004548270427072454,-0.007477936661442145,0.029296875,512,0.004548270427072454,-0.007477936661442145,0.029296875,512
qfq_close_left__qfq_return,qfq,0,2025-06-03,5115,-0.04386761890679805,0.012217244081602989,0.020116368916077525,0.017323710695282244,-0.0027926582207952813,0.761252446183953,511,0.021428771968834765,0.0013124030527572397,0.791015625,512,0.02624306158737753,0.006126692671300005,0.7925636007827789,511,0.02276992888724501,0.002653559971167483,0.830078125,512,0.0255032294345706,0.005386860518493075,0.802348336594912,511,0.02247136030792634,0.0023549913918488145,0.72265625,512,0.018677807931837244,-0.0014385609842402815,0.5851272015655578,511,0.01577184874132366,-0.004344520174753865,0.427734375,512,0.008767793245927124,-0.011348575670150402,0.19569471624266144,511,0.022198234482158956,0.0020818655660814304,0.0703125,512,0.022198234482158956,0.0020818655660814304,0.0703125,512
qfq_close_left__qfq_return,qfq,0,2025-06-10,5128,0.054586029962690574,0.0021957546170477886,-0.001427131638298154,-0.014300276298932827,-0.012873144660634673,0.759765625,512,-0.0002564765430621991,0.001170655095235955,0.7797270955165692,513,0.007880996238471213,0.009308127876769367,0.7953216374269005,513,0.0015456985889372036,0.0029728302272353574,0.8245614035087719,513,-0.00206945574339143,-0.000642324105093276,0.7992202729044835,513,0.00278132656717644,0.004208458205474594,0.728515625,512,-0.0002244737891462808,0.0012026578491518732,0.6276803118908383,513,-0.005343470033586068,-0.0039163383952879145,0.4522417153996101,513,-0.004646032967488206,-0.0032189013291900525,0.2378167641325536,513,0.0003439573710325073,0.0017710890093306612,0.07602339181286555,513,0.0003439573710325073,0.0017710890093306612,0.07602339181286555,513
qfq_close_left__qfq_return,qfq,0,2025-06-17,5139,-0.07299420107601104,0.0303042521151209,0.008197735818244097,0.009248457412233213,0.0010507215939891158,0.8031189083820662,513,0.014054571935671606,0.005856836117427509,0.7996108949416343,514,0.022831558101797083,0.014633822283552986,0.8035019455252919,514,0.011831298093067308,0.003633562274823211,0.7976653696498055,514,0.010144470115811896,0.0019467342975677988,0.7957198443579767,514,0.008172000501035576,-2.5735317208520556e-05,0.7334630350194553,514,-0.0009873035113088077,-0.009185039329552905,0.6478599221789882,514,-0.004200125294255794,-0.012397861112499891,0.4961089494163424,514,-0.004793245550316757,-0.012990981368560854,0.25875486381322954,514,0.01567772058414142,0.0074799847658973215,0.0622568093385214,514,0.01567772058414142,0.0074799847658973215,0.0622568093385214,514
qfq_close_left__qfq_return,qfq,0,2025-06-24,5139,-0.05362964846941385,0.009276404065663572,0.030285717472517085,0.0299467502182922,-0.00033896725422488325,0.7953216374269005,513,0.02986332199679159,-0.0004223954757254962,0.7859922178988327,514,0.032316492517699545,0.0020307750451824605,0.8171206225680934,514,0.034610401256482466,0.0043246837839653815,0.8229571984435797,514,0.03732947015719359,0.007043752684676503,0.7957198443579767,514,0.031760970619113454,0.0014752531465963697,0.7859922178988327,514,0.032885627935692295,0.0025999104631752104,0.6614785992217899,514,0.025271984831579615,-0.00501373264093747,0.5330739299610895,514,0.01796330519786385,-0.012322412274653236,0.2626459143968871,514,0.03090819052509609,0.0006224730525790055,0.06809338521400776,514,0.03090819052509609,0.0006224730525790055,0.06809338521400776,514
qfq_close_left__qfq_return,qfq,0,2025-07-01,5137,0.04769555166379974,-0.02360865358392235,0.011616158383972213,0.008820210107446023,-0.0027959482765261903,0.7894736842105263,513,0.015794592990458916,0.004178434606486703,0.7859922178988327,514,0.012677074912039513,0.0010609165280673002,0.7782101167315175,514,0.009316818706660257,-0.0022993396773119557,0.7992202729044835,513,0.0116410233024186,2.4864918446386094e-05,0.811284046692607,514,0.0076953503129140255,-0.0039208080710581876,0.7509727626459144,514,0.012481114026118989,0.0008649556421467756,0.6296296296296297,513,0.015218977847802226,0.0036028194638300128,0.4396887159533074,514,0.013051893097040296,0.001435734713068083,0.2315175097276264,514,0.009456298318318061,-0.002159860065654152,0.06614785992217898,514,0.009456298318318061,-0.002159860065654152,0.06614785992217898,514
qfq_close_left__qfq_return,qfq,0,2025-07-08,5137,0.11804779327354556,0.05212798541325009,0.0022271110454723394,-0.006294423670327201,-0.00852153471579954,0.8206627680311891,513,-0.001988643264284648,-0.004215754309756988,0.8210116731517509,514,0.00021796051704683095,-0.0020091505284255086,0.7840466926070039,514,-0.0007477480683127398,-0.0029748591137850793,0.8031189083820662,513,0.004834333587474789,0.0026072225420024496,0.8093385214007782,514,0.0058798208031046245,0.003652709757632285,0.745136186770428,514,0.004980836287180652,0.002753725241708313,0.6569200779727096,513,0.0036799467230009997,0.0014528356775286603,0.4552529182879378,514,0.002880099229742764,0.0006529881842704246,0.22178988326848248,514,0.008811919227241529,0.006584808181769189,0.05058365758754868,514,0.008811919227241529,0.006584808181769189,0.05058365758754868,514
qfq_close_left__qfq_return,qfq,0,2025-07-15,5140,0.07033286351216002,-0.016643926512788544,0.03396525554767062,0.01525250350060418,-0.018712752047066437,0.7976653696498055,514,0.031166753745725622,-0.002798501801944995,0.811284046692607,514,0.03540985720391186,0.0014446016562412456,0.811284046692607,514,0.036555603870211305,0.002590348322540688,0.7996108949416343,514,0.040749319901265235,0.006784064353594618,0.8287937743190661,514,0.0398570888087894,0.005891833261118785,0.7665369649805447,514,0.04065282115923824,0.006687565611567622,0.6945525291828794,514,0.040312554180807245,0.006347298633136628,0.4961089494163424,514,0.03207093630628178,-0.001894319241388838,0.2665369649805448,514,0.027625116799871317,-0.0063401387477993,0.08171206225680938,514,0.027625116799871317,-0.0063401387477993,0.08171206225680938,514
qfq_close_left__qfq_return,qfq,0,2025-07-22,5135,0.09578523874577169,0.05179907574722258,0.015882408047955307,-0.001393739545582071,-0.017276147593537378,0.9005847953216375,513,0.008459544670145685,-0.007422863377809622,0.8618677042801557,514,0.016552433427691103,0.0006700253797357961,0.8128654970760234,513,0.018798365750806102,0.002915957702850795,0.8521400778210116,514,0.022376327728982782,0.006493919681027475,0.8693957115009747,513,0.02233726048581146,0.006454852437856155,0.8482490272373541,514,0.024463857521988586,0.00858144947403328,0.8089668615984406,513,0.01947099740398964,0.0035885893560343336,0.6517509727626459,514,0.008056632906958358,-0.007825775140996949,0.3469785575048733,513,0.019684196766505138,0.003801788718549831,0.06614785992217898,514,0.019684196766505138,0.003801788718549831,0.06614785992217898,514
qfq_close_left__qfq_return,qfq,0,2025-07-29,5145,0.0364002458046239,0.061600297132914254,0.010718780499460148,0.007076964714956068,-0.0036418157845040794,0.8073929961089494,514,0.015382015047978963,0.004663234548518816,0.8504854368932039,515,0.012461828496424625,0.0017430479969644773,0.8190661478599222,514,0.010762200891644902,4.3420392184754034e-05,0.8349514563106796,515,0.010226638232321105,-0.0004921422671390428,0.8443579766536965,514,0.00942451422975471,-0.0012942662697054373,0.7902912621359224,515,0.009408585963771124,-0.0013101945356890233,0.77431906614786,514,0.00880299373481755,-0.0019157867646425967,0.6427184466019418,515,0.004029662787107813,-0.006689117712352335,0.35408560311284043,514,0.019592225706887297,0.008873445207427149,0.06601941747572815,515,0.019592225706887297,0.008873445207427149,0.06601941747572815,515
qfq_close_left__qfq_return,qfq,0,2025-08-05,5139,-0.041215620518267534,0.03904465136138272,0.02365203893570857,0.03304074377036069,0.00938870483465212,0.7641325536062378,513,0.02574991368840063,0.002097874752692061,0.8171206225680934,514,0.025335068342661103,0.0016830294069525333,0.8015564202334631,514,0.022170752643208332,-0.0014812862925002376,0.7840466926070039,514,0.022435255577885,-0.0012167833578235684,0.8151750972762646,514,0.026595859023057097,0.0029438200873485275,0.7684824902723735,514,0.02254787838419407,-0.0011041605515145006,0.6848249027237354,514,0.01795030160522216,-0.005701737330486411,0.5155642023346303,514,0.012436096265052925,-0.011215942670655645,0.2684824902723736,514,0.028276786019757045,0.004624747084048475,0.06809338521400776,514,0.028276786019757045,0.004624747084048475,0.06809338521400776,514
qfq_close_left__qfq_return,qfq,0,2025-08-12,5146,-0.10606792364339351,0.05133002996089889,0.028049651733975573,0.04793118477612023,0.01988153304214466,0.7996108949416343,514,0.033915832659473164,0.00586618092549759,0.7864077669902912,515,0.029025445719936163,0.0009757939859605901,0.7996108949416343,514,0.023605411126709462,-0.004444240607266111,0.7980582524271844,515,0.02670839199649506,-0.0013412597374805116,0.7980582524271844,515,0.029598746231432764,0.0015490944974571909,0.7431906614785992,514,0.025424986881791956,-0.0026246648521836176,0.6368932038834951,515,0.0225051360726303,-0.0055445156613452735,0.453307392996109,514,0.0074230913975587955,-0.02062656033641678,0.24660194174757277,515,0.03439103204239276,0.006341380308417185,0.062135922330097126,515,0.03439103204239276,0.006341380308417185,0.062135922330097126,515
qfq_close_left__qfq_return,qfq,0,2025-08-19,5142,0.037931171594418,0.019017424649014455,0.025834824111643184,0.012727480278228509,-0.013107343833414675,0.8171206225680934,514,0.025874010450258948,3.918633861576398e-05,0.7996108949416343,514,0.029135317078953886,0.0033004929673107024,0.7996108949416343,514,0.0335827038030516,0.007747879691408419,0.7937743190661479,514,0.02778915028414128,0.001954326172498095,0.8038834951456311,515,0.028685867743709816,0.0028510436320666327,0.7976653696498055,514,0.026879286426314507,0.0010444623146713232,0.7470817120622568,514,0.02817304894577928,0.002338224834136097,0.5972762645914397,514,0.01886480438579776,-0.006970019725845423,0.30350194552529186,514,0.026631220120621406,0.0007963960089782222,0.06407766990291264,515,0.026631220120621406,0.0007963960089782222,0.06407766990291264,515
qfq_close_left__qfq_return,qfq,0,2025-08-26,5143,0.10639893581900216,0.05475279654214084,-0.026222821481218545,-0.029755425588757198,-0.0035326041075386533,0.7957198443579767,514,-0.03559931720702377,-0.009376495725805227,0.791828793774319,514,-0.030350479048854268,-0.004127657567635723,0.8093385214007782,514,-0.026292268202772077,-6.944672155353299e-05,0.8155339805825242,515,-0.02937322119849085,-0.0031503997172723057,0.8365758754863813,514,-0.02648423843547075,-0.00026141695425220546,0.7782101167315175,514,-0.021582783483759988,0.004640037997458556,0.7203883495145631,515,-0.021790390544427916,0.004432430936790629,0.6128404669260701,514,-0.024010106916194124,0.0022127145650244207,0.3268482490272373,514,-0.017016786960358146,0.009206034520860398,0.07572815533980581,515,-0.017016786960358146,0.009206034520860398,0.07572815533980581,515
qfq_close_left__qfq_return,qfq,0,2025-09-02,5142,-0.047060860282557355,-0.029539291908821277,0.00025812846037605693,-0.0017334139867047598,-0.0019915424470808166,0.8268482490272373,514,0.006853139687532583,0.006595011227156527,0.7879377431906615,514,0.005830608319691793,0.005572479859315737,0.7976653696498055,514,0.002352630991313062,0.002094502530937005,0.8346303501945526,514,0.00017940384664507972,-7.872461373097721e-05,0.8310679611650486,515,-0.0008841709651034863,-0.0011422994254795431,0.8151750972762646,514,-0.0016574635915393612,-0.0019155920519154182,0.7684824902723735,514,-0.0030184510048550735,-0.0032765794652311305,0.6789883268482491,514,-0.002681371528294963,-0.00293949998867102,0.3891050583657587,514,-0.0026538087566931783,-0.0029119372170692353,0.09708737864077666,515,-0.0026538087566931783,-0.0029119372170692353,0.09708737864077666,515
qfq_close_left__qfq_return,qfq,0,2025-09-09,5146,-0.10006423703604606,0.04612213970570068,0.027872188428454077,0.027565381871940065,-0.0003068065565140117,0.7782101167315175,514,0.02528715070879793,-0.0025850377196561455,0.7533980582524271,515,0.03228279830876848,0.004410609880314401,0.791828793774319,514,0.03781348121700516,0.009941292788551083,0.8097087378640777,515,0.036077688262412366,0.00820549983395829,0.8233009708737864,515,0.03555381251757306,0.007681624089118981,0.8151750972762646,514,0.03429308221215873,0.006420893783704654,0.7475728155339806,515,0.019269365980166354,-0.008602822448287722,0.6439688715953307,514,0.0018571778821758248,-0.026015010546278253,0.37281553398058254,515,0.028728125139008114,0.0008559367105540373,0.09708737864077666,515,0.028728125139008114,0.0008559367105540373,0.09708737864077666,515
qfq_close_left__qfq_return,qfq,0,2025-09-16,5149,0.17969453562073762,0.09165684728611588,-0.02478867821637979,-0.02227406147025055,0.002514616746129239,0.811284046692607,514,-0.03995330688424367,-0.015164628667863882,0.8077669902912621,515,-0.03521294452676205,-0.010424266310382256,0.8330097087378641,515,-0.030458325801862432,-0.005669647585482641,0.8679611650485437,515,-0.02598968065655738,-0.0012010024401775884,0.8466019417475728,515,-0.01626758801837517,0.008521090198004622,0.8233009708737864,515,-0.0228002504046596,0.001988427811720192,0.7766990291262136,515,-0.024198375680918743,0.0005903025354610479,0.6194174757281554,515,-0.02171316127974035,0.00307551693663944,0.3650485436893204,515,-0.009014204689464594,0.015774473526915196,0.08155339805825246,515,-0.009014204689464594,0.015774473526915196,0.08155339805825246,515
qfq_close_left__qfq_return,qfq,0,2025-09-23,5149,-0.08101761268506684,-0.00623552375722405,0.016275807076748156,0.020471986500310627,0.004196179423562471,0.8463035019455253,514,0.024025971226001867,0.0077501641492537104,0.8155339805825242,515,0.015417898309490264,-0.0008579087672578919,0.8252427184466019,515,0.019843502876233,0.003567695799484842,0.8388349514563107,515,0.01554835879604055,-0.0007274482807076068,0.8504854368932039,515,0.01599271146372362,-0.0002830956130245345,0.8252427184466019,515,0.021407736748290208,0.0051319296715420515,0.7786407766990291,515,0.011318610436064159,-0.004957196640683998,0.6058252427184466,515,0.006711837359480761,-0.009563969717267395,0.32815533980582523,515,0.012027604973057314,-0.004248202103690842,0.062135922330097126,515,0.012027604973057314,-0.004248202103690842,0.062135922330097126,515
qfq_close_left__qfq_return,qfq,0,2025-09-30,5147,0.06404034174315462,-0.059575100940215876,0.0036281612303680263,-0.0041977952723508865,-0.007825956502718914,0.8054474708171206,514,0.00698399185688033,0.0033558306265123036,0.8349514563106796,515,0.006076825858015313,0.002448664627647287,0.8368932038834951,515,0.005535367893899226,0.0019072066635311994,0.8385214007782101,514,-0.002247916274002729,-0.005876077504370756,0.854368932038835,515,0.0030472152097883627,-0.0005809460205796636,0.8466019417475728,515,-0.0017185663458682673,-0.005346727576236294,0.8132295719844358,514,0.006308113436377507,0.0026799522060094805,0.6660194174757281,515,0.01822645968684623,0.014598298456478203,0.370873786407767,515,-0.001753958459332821,-0.005382119689700847,0.08155339805825246,515,-0.001753958459332821,-0.005382119689700847,0.08155339805825246,515
qfq_close_left__qfq_return,qfq,0,2025-10-15,5147,0.1043190130715314,0.027276655302453805,-0.004813628252460496,-0.014935634131523117,-0.010122005879062621,0.7626459143968871,514,-0.015885205307147213,-0.011071577054686718,0.8446601941747574,515,-0.005011609394111632,-0.00019798114165113685,0.8407766990291262,515,-0.002130126577467748,0.0026835016749927475,0.8385214007782101,514,0.0022067373144884395,0.007020365566948935,0.8563106796116505,515,0.0005579295916003984,0.005371557844060894,0.8524271844660194,515,-0.0060232902679605935,-0.001209662015500098,0.77431906614786,514,-0.006800190325279395,-0.0019865620728188992,0.5844660194174758,515,-0.0011763072555742303,0.0036373209968862653,0.3203883495145631,515,0.0010446212726039756,0.005858249525064471,0.08543689320388348,515,0.0010446212726039756,0.005858249525064471,0.08543689320388348,515
qfq_close_left__qfq_return,qfq,0,2025-10-22,5151,0.04274079772662892,0.0612990606443458,0.020241644724969917,0.01424550291515327,-0.005996141809816648,0.8116504854368932,515,0.015175986363361402,-0.005065658361608515,0.8601941747572815,515,0.021990493291850106,0.0017488485668801894,0.8194174757281554,515,0.024615766222766865,0.004374121497796948,0.829126213592233,515,0.026116038046372993,0.005874393321403076,0.8640776699029127,515,0.01981250122398366,-0.00042914350098625584,0.8407766990291262,515,0.025122339627663946,0.0048806949026940286,0.7533980582524271,515,0.020721314365647468,0.0004796696406775512,0.5592233009708738,515,0.009947452887429119,-0.010294191837540798,0.3087378640776699,515,0.02466047205822128,0.004418827333251364,0.07170542635658916,516,0.02466047205822128,0.004418827333251364,0.07170542635658916,516
qfq_close_left__qfq_return,qfq,0,2025-10-29,5153,-0.020208862183812477,-0.08111121136616335,0.005878324241241456,0.005064815143367233,-0.0008135090978742231,0.7961165048543689,515,0.005833269160905597,-4.505508033585907e-05,0.8388349514563107,515,0.009128479388584992,0.003250155147343536,0.8233009708737864,515,0.011878549975051717,0.0060002257338102605,0.8604651162790697,516,0.009627060223572398,0.003748735982330942,0.8368932038834951,515,0.008902706777620133,0.0030243825363786767,0.8019417475728156,515,0.003455794366840437,-0.0024225298744010196,0.7383720930232558,516,0.002148121583173549,-0.003730202658067907,0.6194174757281554,515,0.00677752999531326,0.0008992057540718034,0.37669902912621356,515,-0.004020809565224365,-0.009899133806465822,0.08720930232558144,516,-0.004020809565224365,-0.009899133806465822,0.08720930232558144,516
qfq_close_left__qfq_return,qfq,0,2025-11-05,5154,0.09720539356420273,-0.010489443987462503,0.00851621287662123,0.008604637458564943,8.842458194371385e-05,0.7436893203883495,515,0.010156303880528095,0.001640091003906866,0.8388349514563107,515,0.0054398283036591576,-0.0030763845729620716,0.812015503875969,516,0.005928926419127361,-0.0025872864574938686,0.8213592233009709,515,0.005544335320740186,-0.002971877555881043,0.8333333333333334,516,0.0056384504796550446,-0.0028777623969661846,0.8058252427184466,515,0.007253556394267967,-0.0012626564823532624,0.7514563106796117,515,0.010419550729094855,0.0019033378524736261,0.6143410852713178,516,0.017291937333258813,0.008775724456637584,0.3126213592233009,515,0.008891921313024543,0.00037570843640331343,0.05813953488372092,516,0.008891921313024543,0.00037570843640331343,0.05813953488372092,516
qfq_close_left__qfq_return,qfq,0,2025-11-12,5160,-0.07396654390200329,-0.018905446379931853,-0.012858479960338511,-0.01608516634510951,-0.0032266863847709975,0.7693798449612403,516,-0.009390705489871672,0.003467774470466839,0.7965116279069767,516,0.00011348640881775512,0.012971966369156266,0.812015503875969,516,-0.002681270350700104,0.010177209609638407,0.8313953488372093,516,-0.00934144585402495,0.003517034106313561,0.8333333333333334,516,-0.012761833521932203,9.664643840630836e-05,0.8081395348837209,516,-0.015354791912345232,-0.002496311952006721,0.6957364341085271,516,-0.02198558541847087,-0.00912710545813236,0.5736434108527132,516,-0.024653917272038584,-0.011795437311700073,0.2887596899224806,516,-0.016443569847709737,-0.0035850898873712265,0.054263565891472854,516,-0.016443569847709737,-0.0035850898873712265,0.054263565891472854,516
qfq_close_left__qfq_return,qfq,0,2025-11-19,5160,0.05461702398162031,0.06298853964450692,-0.01981253310513238,-0.034126913381738656,-0.014314380276606278,0.8217054263565892,516,-0.02087605540270523,-0.0010635222975728525,0.8062015503875969,516,-0.01481378946946639,0.0049987436356659885,0.8255813953488372,516,-0.011073259929896398,0.00873927317523598,0.8410852713178294,516,-0.018543642450252223,0.0012688906548801553,0.8430232558139534,516,-0.015737812888476598,0.0040747202166557805,0.8352713178294574,516,-0.024454845900166087,-0.004642312795033708,0.7538759689922481,516,-0.025393708748015335,-0.005581175642882956,0.625968992248062,516,-0.023968693775762183,-0.004156160670629804,0.3624031007751938,516,-0.009136609104844668,0.01067592400028771,0.07170542635658916,516,-0.009136609104844668,0.01067592400028771,0.07170542635658916,516
qfq_close_left__qfq_return,qfq,0,2025-11-26,5151,0.1099780650034581,0.015459776053103282,0.00858849199113191,-0.0002595638979059733,-0.008848055889037882,0.8038834951456311,515,0.0044832239697465874,-0.004105268021385322,0.8233009708737864,515,0.00977818427464322,0.0011896922835113108,0.8349514563106796,515,0.0089964863473169,0.0004079943561849913,0.8466019417475728,515,0.007345985835816268,-0.0012425061553156414,0.8446601941747574,515,0.008150123115002074,-0.0004383688761298351,0.8077669902912621,515,0.012080221516221065,0.003491729525089155,0.7631067961165049,515,0.010063997142815978,0.0014755051516840683,0.5922330097087378,515,0.014795085048354738,0.006206593057222829,0.34174757281553403,515,0.010447566705493948,0.0018590747143620388,0.07170542635658916,516,0.010447566705493948,0.0018590747143620388,0.07170542635658916,516
qfq_close_left__qfq_return,qfq,0,2025-12-03,5157,0.025114695676154358,0.07113555759664249,0.009865753902530191,0.002973561652895175,-0.006892192249635016,0.7786407766990291,515,0.007051066046677608,-0.002814687855852583,0.7906976744186046,516,0.011955926191967944,0.002090172289437753,0.8042635658914729,516,0.010964875108497004,0.0010991212059668128,0.8427184466019417,515,0.014391396288636652,0.004525642386106461,0.8217054263565892,516,0.01805416358982686,0.008188409687296668,0.8682170542635659,516,0.012647192183194232,0.0027814382806640413,0.7825242718446602,515,0.003734922637795571,-0.006130831264734619,0.6375968992248062,516,0.0010437676922245324,-0.008821986210305659,0.3914728682170543,516,0.015834831135983603,0.005969077233453413,0.08720930232558144,516,0.015834831135983603,0.005969077233453413,0.08720930232558144,516
qfq_close_left__qfq_return,qfq,0,2025-12-10,5153,0.0928247126130875,0.04141455525614445,-0.024460525290512174,-0.028823634016566714,-0.00436310872605454,0.8368932038834951,515,-0.025771134362491066,-0.0013106090719788924,0.8233009708737864,515,-0.02366904836820501,0.000791476922307164,0.8271844660194174,515,-0.026306770236289547,-0.0018462449457773734,0.8546511627906976,516,-0.0274704542146712,-0.0030099289241590256,0.8427184466019417,515,-0.0245720840312414,-0.00011155874072922567,0.8466019417475728,515,-0.029887031713527766,-0.005426506423015592,0.810077519379845,516,-0.024937561803594164,-0.0004770365130819902,0.6524271844660194,515,-0.016040058839599865,0.008420466450912309,0.37475728155339805,515,-0.017127592176692335,0.007332933113819839,0.09108527131782951,516,-0.017127592176692335,0.007332933113819839,0.09108527131782951,516
qfq_close_left__qfq_return,qfq,0,2025-12-17,5160,-0.11337227925359815,0.014680248544838704,0.031216874154161488,0.03843980633444731,0.007222932180285822,0.7248062015503876,516,0.03614890789666739,0.004932033742505899,0.7713178294573644,516,0.030666925777053728,-0.0005499483771077597,0.812015503875969,516,0.03526988925340554,0.004053015099244051,0.8275193798449613,516,0.03142547288928477,0.00020859873512327903,0.8449612403100775,516,0.033641437733186515,0.002424563579025027,0.813953488372093,516,0.031047277417131793,-0.00016959673702969524,0.748062015503876,516,0.025932418111499784,-0.005284456042661704,0.6046511627906976,516,0.019656139569580997,-0.011560734584580491,0.3294573643410853,516,0.029940466559356997,-0.0012764075948044906,0.0794573643410853,516,0.029940466559356997,-0.0012764075948044906,0.0794573643410853,516
qfq_close_left__qfq_return,qfq,0,2025-12-24,5165,-0.04743571846413212,0.045983839787891403,0.007538176078929815,0.025650811382352187,0.018112635303422372,0.7441860465116279,516,0.009372104638414968,0.001833928559485153,0.7949709864603481,517,0.00871256815032974,0.0011743920713999257,0.7848837209302326,516,0.004533430753334652,-0.0030047453255951624,0.8085106382978724,517,0.0072571657078252414,-0.0002810103711045732,0.8217054263565892,516,0.005516557565021304,-0.0020216185139085106,0.7911025145067698,517,0.006350176696461633,-0.0011879993824681816,0.7131782945736433,516,-0.0013196755242761158,-0.00885785160320593,0.5299806576402322,517,-0.004989674025495729,-0.012527850104425545,0.2965116279069767,516,0.01430852787766456,0.006770351798734746,0.06576402321083175,517,0.01430852787766456,0.006770351798734746,0.06576402321083175,517
qfq_close_left__qfq_return,qfq,0,2025-12-31,5171,-0.1189893814826785,0.004243256962602427,0.05791703799794631,0.0822715210022868,0.024354483004340483,0.7794970986460348,517,0.057589664497039623,-0.00032737350090669,0.8123791102514507,517,0.06052348041583385,0.0026064424178875376,0.7775628626692457,517,0.06383013947021944,0.005913101472273127,0.8471953578336557,517,0.05777531177655744,-0.00014172622138887425,0.8684719535783365,517,0.060179579035066474,0.002262541037120161,0.8065764023210832,517,0.060479205815740934,0.002562167817794621,0.7427466150870405,517,0.052441160554198056,-0.005475877443748257,0.597678916827853,517,0.03153757531844294,-0.026379462679503377,0.2978723404255319,517,0.05255311718269507,-0.005363920815251243,0.05405405405405406,518,0.05255311718269507,-0.005363920815251243,0.05405405405405406,518
qfq_close_left__qfq_return,qfq,0,2026-01-09,5172,0.00039166258646660627,0.054767206154785496,0.01075087229383148,0.018209892391256772,0.007459020097425292,0.7659574468085106,517,0.011671819476864265,0.0009209471830327852,0.8027079303675049,517,0.010686813998485764,-6.405829534571542e-05,0.8259187620889749,517,0.008045560615852786,-0.002705311677978694,0.8297872340425532,517,0.012736602171659612,0.0019857298778281317,0.8416988416988417,518,0.011186117565148175,0.0004352452713166956,0.8027079303675049,517,0.012802804642257559,0.002051932348426079,0.7872340425531915,517,0.006400014794519402,-0.0043508574993120774,0.6305609284332689,517,-0.0020216173238900366,-0.012772489617721516,0.3733075435203095,517,0.0177732907216235,0.007022418427792021,0.0791505791505791,518,0.0177732907216235,0.007022418427792021,0.0791505791505791,518
qfq_close_left__qfq_return,qfq,0,2026-01-16,5172,-0.012030164548813298,-0.017233297012061624,0.03639163730033619,0.03953895927240121,0.0031473219720650203,0.8355899419729207,517,0.03328443879017662,-0.003107198510159573,0.8452611218568665,517,0.03792571337514969,0.001534076074813498,0.8452611218568665,517,0.033916798593465664,-0.0024748387068705274,0.8568665377176016,517,0.03646416343942954,7.252613909335126e-05,0.8687258687258688,518,0.036614749498699445,0.0002231121983632539,0.8336557059961316,517,0.04081884221759872,0.004427204917262527,0.8297872340425532,517,0.03645498341715445,6.334611681826224e-05,0.6750483558994198,517,0.03434437239596388,-0.002047264904372313,0.4352030947775629,517,0.034556760804785876,-0.0018348764955503152,0.10617760617760619,518,0.034556760804785876,-0.0018348764955503152,0.10617760617760619,518
qfq_close_left__qfq_return,qfq,0,2026-01-23,5177,0.22121392875798998,0.041924251139946626,-0.027226827887223002,-0.04645009101730581,-0.019223263130082806,0.781431334622824,517,-0.03798768653327021,-0.01076085864604721,0.8455598455598455,518,-0.03456214724760106,-0.007335319360378057,0.8301158301158301,518,-0.02941444060597798,-0.0021876127187549776,0.8375241779497099,517,-0.030414834653815837,-0.0031880067665928345,0.8436293436293436,518,-0.030135926182691515,-0.002909098295468513,0.8223938223938224,518,-0.027109581719171875,0.0001172461680511265,0.7949709864603481,517,-0.016111895523053286,0.011114932364169716,0.7027027027027026,518,-0.0021196592659041215,0.02510716862131888,0.44787644787644787,518,-0.018003123516644463,0.00922370437057854,0.11776061776061775,518,-0.018003123516644463,0.00922370437057854,0.11776061776061775,518
qfq_close_left__qfq_return,qfq,0,2026-01-30,5171,-0.0154144826062645,-0.026394706405889406,-0.0031828914448722495,-0.003787672370015796,-0.0006047809251435465,0.8065764023210832,517,0.0007943043067158131,0.003977195751588063,0.839458413926499,517,-0.0002736899970973887,0.0029092014477748607,0.8588007736943908,517,0.001398157295466547,0.004581048740338796,0.8549323017408124,517,-0.0016635753502696313,0.0015193160946026182,0.8762088974854932,517,-0.007958659531347353,-0.004775768086475104,0.8471953578336557,517,-0.0064170947741499255,-0.003234203329277676,0.7988394584139265,517,-0.004136972731453889,-0.0009540812865816393,0.6808510638297872,517,-0.005051211928741844,-0.0018683204838695943,0.379110251450677,517,-0.004729507846742239,-0.0015466164018699893,0.0791505791505791,518,-0.004729507846742239,-0.0015466164018699893,0.0791505791505791,518
qfq_close_left__qfq_return,qfq,0,2026-02-06,5175,-0.08897403718390641,0.02081394575278394,0.009220544089119787,0.012550003574844568,0.0033294594857247815,0.7949709864603481,517,0.013652328055972857,0.00443178396685307,0.8378378378378378,518,0.01607515523407614,0.006854611144956354,0.8336557059961316,517,0.013597303005851453,0.004376758916731666,0.8378378378378378,518,0.018166655557619885,0.008946111468500098,0.8665377176015474,517,0.00883464149864772,-0.00038590259047206754,0.8610038610038611,518,0.012626162094950518,0.003405618005830731,0.8259187620889749,517,-0.0014416708881897118,-0.010662214977309499,0.7200772200772201,518,-0.009840198369113509,-0.019060742458233297,0.44100580270793033,517,0.007991769732033664,-0.001228774357086123,0.09845559845559848,518,0.007991769732033664,-0.001228774357086123,0.09845559845559848,518
qfq_close_left__qfq_return,qfq,0,2026-02-13,5180,0.04382190168108462,0.013181455304341436,0.018776015445734352,0.018793002359853365,1.6986914119013208e-05,0.7413127413127414,518,0.008237473281623175,-0.010538542164111177,0.7857142857142857,518,0.017020834889770384,-0.0017551805559639679,0.7876447876447876,518,0.021529859399659557,0.002753843953925205,0.8088803088803089,518,0.01780942856163345,-0.000966586884100902,0.8243243243243243,518,0.021925209452487535,0.0031491940067531823,0.8011583011583012,518,0.02498226172173084,0.006206246275996488,0.7316602316602316,518,0.021221047097199665,0.0024450316514653125,0.5926640926640927,518,0.016242651206754857,-0.0025333642389794957,0.3359073359073359,518,0.0199983864866307,0.0012223710408963487,0.06756756756756754,518,0.0199983864866307,0.0012223710408963487,0.06756756756756754,518
qfq_close_left__qfq_return,qfq,0,2026-03-02,5175,0.03070251398706564,-0.0528052248166539,-0.018195326183586977,-0.030867698514663595,-0.012672372331076619,0.8143133462282398,517,-0.018686863843189176,-0.0004915376596021995,0.8301158301158301,518,-0.01539965259473881,0.0027956735888481667,0.8201160541586073,517,-0.011453556827610402,0.0067417693559765745,0.8436293436293436,518,-0.01799034238437968,0.00020498379920729642,0.8646034816247582,517,-0.014531179680237552,0.0036641465033494247,0.8397683397683398,518,-0.015841536873767496,0.002353789309819481,0.8143133462282398,517,-0.01600023787933481,0.0021950883042521664,0.6891891891891893,518,-0.013389622869778971,0.004805703313808005,0.4564796905222437,517,-0.0277974202182067,-0.009602094034619722,0.08108108108108103,518,-0.0277974202182067,-0.009602094034619722,0.08108108108108103,518
qfq_close_left__qfq_return,qfq,0,2026-03-09,5183,0.08962712741300889,0.02759806603010025,0.0031757435816405074,0.0008318401894544293,-0.0023439033921860784,0.8166023166023166,518,0.0012674262323018016,-0.0019083173493387058,0.8610038610038611,518,-0.0018494988304036163,-0.005025242412044124,0.8571428571428572,518,-8.943565236425665e-05,-0.003265179234004764,0.8728323699421965,519,0.0043202307537700485,0.0011444871721295411,0.8687258687258688,518,0.0060049574380471584,0.002829213856406651,0.8745173745173745,518,0.0035441413795134747,0.00036839779787296726,0.8631984585741811,519,0.004120465501330566,0.0009447219196900584,0.7760617760617761,518,0.008094331380690808,0.004918587799050301,0.5521235521235521,518,0.005514055550449455,0.002338311968808947,0.1483622350674374,519,0.005514055550449455,0.002338311968808947,0.1483622350674374,519
qfq_close_left__qfq_return,qfq,0,2026-03-16,5182,0.12854735772247852,0.01355529993437924,-0.10181536541748445,-0.10427875822602238,-0.002463392808537926,0.6602316602316602,518,-0.10582683039460804,-0.004011464977123583,0.7432432432432432,518,-0.10912667733080605,-0.0073113119133216,0.803088803088803,518,-0.10655915697309291,-0.004743791555608459,0.8011583011583012,518,-0.11027281256656686,-0.008457447149082406,0.7996146435452793,519,-0.10713601415395457,-0.005320648736470118,0.8088803088803089,518,-0.09889682463770508,0.002918540779779377,0.7162162162162162,518,-0.09419003921869891,0.007625326198785545,0.5810810810810811,518,-0.08460212475207027,0.017213240665414187,0.3706563706563707,518,-0.09725688895089003,0.004558476466594422,0.11753371868978801,519,-0.09725688895089003,0.004558476466594422,0.11753371868978801,519
qfq_close_left__qfq_return,qfq,0,2026-03-23,5183,0.061948089316743275,0.03624428650716219,0.058389438717600904,0.0435098249800473,-0.014879613737553601,0.8127413127413128,518,0.06069664777818847,0.0023072090605875673,0.8841698841698842,518,0.05966811239138704,0.001278673673786139,0.8667953667953667,518,0.06436465018807701,0.005975211470476104,0.8497109826589595,519,0.06042953226595208,0.0020400935483511767,0.8841698841698842,518,0.05567499267458508,-0.0027144460430158224,0.8397683397683398,518,0.059108363490809064,0.00071892477320816,0.8439306358381503,519,0.06035202201736571,0.001962583299764807,0.8069498069498069,518,0.0588812005382024,0.0004917618206014968,0.5868725868725868,518,0.06119070994893343,0.0028012712313325236,0.1310211946050096,519,0.06119070994893343,0.0028012712313325236,0.1310211946050096,519
qfq_close_left__qfq_return,qfq,0,2026-03-30,5174,0.1411515525083789,0.06893336413905259,-0.021318865132133408,-0.028914995530795545,-0.007596130398662138,0.8143133462282398,517,-0.02965570991386389,-0.008336844781730482,0.8878143133462282,517,-0.023718556168571707,-0.0023996910364382992,0.8552123552123552,518,-0.021324611870543183,-5.746738409775215e-06,0.8646034816247582,517,-0.019590778007236714,0.0017280871248966934,0.859073359073359,518,-0.017373467386982887,0.003945397745150521,0.8820116054158608,517,-0.0198111985581294,0.0015076665740040088,0.8413926499032882,517,-0.019770307043246553,0.0015485580888868547,0.7799227799227799,518,-0.01973660945186711,0.0015822556802662993,0.5783365570599613,517,-0.0133096054246905,0.008009259707442908,0.12355212355212353,518,-0.0133096054246905,0.008009259707442908,0.12355212355212353,518
qfq_close_left__qfq_return,qfq,0,2026-04-07,5181,0.10271759172583571,0.11607902446049641,0.04984682704035505,0.022252081981393734,-0.027594745058961315,0.8281853281853282,518,0.03507675659397992,-0.014770070446375128,0.7972972972972973,518,0.04429399141365453,-0.005552835626700517,0.8359073359073359,518,0.05396188115198908,0.004115054111634028,0.8359073359073359,518,0.057973359996934495,0.008126532956579446,0.8436293436293436,518,0.06982921058487375,0.0199823835445187,0.8378378378378378,518,0.06977509445622301,0.019928267415867965,0.7972972972972973,518,0.05607550199223046,0.006228674951875408,0.6988416988416988,518,0.029623875535565135,-0.020222951504789914,0.41891891891891897,518,0.05958771189968058,0.009740884859325533,0.09441233140655103,519,0.05958771189968058,0.009740884859325533,0.09441233140655103,519
qfq_close_left__qfq_return,qfq,0,2026-04-14,5190,0.07050905761028023,0.08777120164506116,0.017679804477374238,0.021997031530440584,0.004317227053066346,0.8188824662813102,519,0.01390206286581925,-0.0037777416115549883,0.8073217726396917,519,0.010994342567631496,-0.006685461909742741,0.8535645472061657,519,0.015426080332696495,-0.0022537241446777424,0.836223506743738,519,0.01757047703679358,-0.0001093274405806581,0.8458574181117534,519,0.02080661441268466,0.0031268099353104206,0.8131021194605009,519,0.019094113821257874,0.0014143093438836359,0.7996146435452793,519,0.014836363921978263,-0.002843440555395975,0.6724470134874759,519,0.012914745527765897,-0.004765058949608341,0.37957610789980734,519,0.029256212756674282,0.011576408279300045,0.07707129094412335,519,0.029256212756674282,0.011576408279300045,0.07707129094412335,519
qfq_close_left__qfq_return,qfq,0,2026-04-21,5190,-0.022353659410101725,-0.0017564333700090798,-0.01190380510517985,-0.0009569505528121404,0.01094685455236771,0.8188824662813102,519,-0.001975467152348891,0.009928337952830959,0.8574181117533719,519,-0.013170081218532538,-0.0012662761133526886,0.815028901734104,519,-0.013678966085167405,-0.001775160979987556,0.8554913294797688,519,-0.016179925167585766,-0.004276120062405917,0.8439306358381503,519,-0.016102449137081656,-0.004198644031901807,0.8246628131021194,519,-0.01886265643534571,-0.00695885133016586,0.7784200385356455,519,-0.01792045648510719,-0.006016651379927339,0.6377649325626205,519,-0.009792700278040986,0.0021111048271388634,0.35452793834296725,519,-0.010398398539776211,0.001505406565403638,0.07899807321772645,519,-0.010398398539776211,0.001505406565403638,0.07899807321772645,519
qfq_close_left__qfq_return,qfq,0,2026-04-28,5178,-0.04161602767502341,0.0709917834707286,0.053530496681094754,0.055480249186088904,0.0019497525049941497,0.7736943907156673,517,0.04609712083807688,-0.007433375843017877,0.8359073359073359,518,0.05215735367415414,-0.001373143006940615,0.8262548262548263,518,0.06393974281568125,0.010409246134586499,0.8494208494208494,518,0.06542919096742679,0.011898694286332036,0.859073359073359,518,0.0655049386868545,0.011974442005759749,0.851063829787234,517,0.051656057132709744,-0.0018744395483850096,0.832046332046332,518,0.04996963981525857,-0.0035608568658361817,0.752895752895753,518,0.028937501689508243,-0.02459299499158651,0.4787644787644788,518,0.056160052689572186,0.002629556008477432,0.09459459459459463,518,0.056160052689572186,0.002629556008477432,0.09459459459459463,518
qfq_close_left__qfq_return,qfq,0,2026-05-08,5180,0.011730414046163408,0.0719536566372069,-0.012320907148060644,0.0017740563539984013,0.014094963502059046,0.8416988416988417,518,-0.01213989799177523,0.0001810091562854145,0.8262548262548263,518,-0.016113772984612466,-0.003792865836551822,0.8243243243243243,518,-0.017786239256798692,-0.005465332108738048,0.8629343629343629,518,-0.009386966987463477,0.002933940160597167,0.8667953667953667,518,-0.010988668779454543,0.0013322383686061017,0.8359073359073359,518,-0.014396595704279135,-0.0020756885562184905,0.8146718146718147,518,-0.021413374345699013,-0.009092467197638369,0.7837837837837838,518,-0.023957503325294244,-0.0116365961772336,0.5328185328185329,518,0.0011998915407719617,0.013520798688832606,0.10810810810810811,518,0.0011998915407719617,0.013520798688832606,0.10810810810810811,518
qfq_close_left__qfq_return,qfq,0,2026-05-15,5184,0.029514671397611283,0.07426782051430743,-0.0073392256675508805,0.0002509529275307051,0.007590178595081586,0.7837837837837838,518,-0.010633712552289624,-0.0032944868847387433,0.833976833976834,518,-0.010309011493422317,-0.0029697858258714363,0.8111753371868979,519,-0.009614594613861651,-0.002275368946310771,0.8416988416988417,518,-0.012533006555666868,-0.005193780888115987,0.8574181117533719,519,-0.006347104137005882,0.0009921215305449989,0.833976833976834,518,-0.0036707771057773206,0.00366844856177356,0.7992277992277992,518,-0.009149102272630634,-0.0018098766050797539,0.720616570327553,519,-0.01052219164476541,-0.003182965977214529,0.4864864864864865,518,-0.000856969484114741,0.006482256183436139,0.11368015414258192,519,-0.000856969484114741,0.006482256183436139,0.11368015414258192,519
qfq_close_left__qfq_return,qfq,0,2026-05-22,5191,0.18146608233582653,-0.004710392775321368,-0.04573464839885883,-0.04288161585352781,0.002853032545331022,0.8188824662813102,519,-0.05949695869177918,-0.013762310292920348,0.8612716763005781,519,-0.06176593643175243,-0.016031288032893602,0.8477842003853564,519,-0.04907925690312543,-0.0033446085042665996,0.8805394990366089,519,-0.056370488052444837,-0.010635839653586006,0.8554913294797688,519,-0.047947780495942456,-0.0022131320970836255,0.8670520231213873,519,-0.04669433444128239,-0.000959686042423559,0.8477842003853564,519,-0.03811012600956334,0.007624522389295493,0.7996146435452793,519,-0.02144585121944059,0.02428879717941824,0.5433526011560694,519,-0.03357755995224737,0.01215708844661146,0.15192307692307694,520,-0.03357755995224737,0.01215708844661146,0.15192307692307694,520
qfq_close_left__qfq_return,qfq,0,2026-05-29,5190,0.12522343382134146,0.04064222731808528,-0.009764108083583557,-0.025326313175194164,-0.015562205091610607,0.905587668593449,519,-0.02360876581249581,-0.013844657728912253,0.928709055876686,519,-0.0171044115986434,-0.007340303515059841,0.8670520231213873,519,-0.009529287022784771,0.00023482106079878579,0.8400770712909441,519,-0.009757539269928873,6.568813654683758e-06,0.882466281310212,519,-0.004784812648218254,0.004979295435365304,0.9017341040462428,519,-0.00014313135975361208,0.009620976723829945,0.905587668593449,519,-0.00300907370364669,0.006755034379936867,0.905587668593449,519,-0.0005091187094744569,0.0092549893741091,0.8420038535645472,519,-0.003868627535695536,0.005895480547888021,0.37572254335260113,519,-0.003868627535695536,0.005895480547888021,0.37572254335260113,519
qfq_close_left__qfq_return,qfq,0,2026-06-05,5197,0.12817112483121543,0.04639196741852575,-0.02636312382536038,-0.042293099759551034,-0.015929975934190654,0.9132947976878613,519,-0.03283466956217104,-0.006471545736810663,0.9326923076923077,520,-0.02859031611931394,-0.0022271922939535622,0.8711538461538462,520,-0.023960882948456576,0.002402240876903803,0.8709055876685934,519,-0.02339104444995783,0.0029720793754025483,0.8846153846153846,520,-0.026964372313272016,-0.0006012484879116368,0.9076923076923077,520,-0.01873972608051436,0.007623397744846019,0.8998073217726397,519,-0.021214866601823295,0.0051482572235370845,0.9153846153846154,520,-0.022861724891827914,0.003501398933532466,0.8615384615384616,520,-0.022791890021547342,0.003571233803813037,0.48269230769230764,520,-0.022791890021547342,0.003571233803813037,0.48269230769230764,520
qfq_close_left__qfq_return,qfq,0,2026-06-12,5194,0.3048254811177992,0.15972431124819395,0.028879151399564564,0.0005700550370299066,-0.028309096362534657,0.9229287090558767,519,-0.0035231523844170627,-0.03240230378398163,0.8959537572254335,519,-0.007398113037499647,-0.03627726443706421,0.8692307692307693,520,-0.001140388053645676,-0.03001953945321024,0.8670520231213873,519,0.008991788052142334,-0.019887363347422228,0.8846153846153846,520,0.0192542076433592,-0.009624943756205363,0.8728323699421965,519,0.0286281279997972,-0.00025102339976736457,0.8959537572254335,519,0.048922791002274486,0.020043639602709922,0.8807692307692307,520,0.08287041826079454,0.05399126686122997,0.7938342967244701,519,0.11152613401447484,0.08264698261491027,0.4865384615384616,520,0.11152613401447484,0.08264698261491027,0.4865384615384616,520
qfq_close_left__qfq_return,qfq,0,2026-06-22,5191,0.10115146041142704,0.04362216312377419,-0.04803500425350151,-0.05596813737254371,-0.007933133119042202,0.8574181117533719,519,-0.0627183523628012,-0.014683348109299686,0.8554913294797688,519,-0.05226261310768244,-0.004227608854180928,0.8516377649325626,519,-0.05249535813316188,-0.0044603538796603726,0.8670520231213873,519,-0.05115659186350467,-0.003121587610003161,0.8843930635838151,519,-0.04480810744495491,0.0032268968085465977,0.8921001926782274,519,-0.042717813522584844,0.005317190730916667,0.8843930635838151,519,-0.04333312377650205,0.004701880476999459,0.8651252408477842,519,-0.04051430124143207,0.007520703012069439,0.8227360308285163,519,-0.0344019117108928,0.013633092542608707,0.6,520,-0.0344019117108928,0.013633092542608707,0.6,520
qfq_close_left__qfq_return,qfq,0,2026-06-29,5189,-0.11233369602089209,-0.001425015075178045,0.025429475660535026,0.019348803714554236,-0.0060806719459807895,0.8803088803088803,518,0.03538613108831605,0.009956655427781024,0.8651252408477842,519,0.03762507151484677,0.012195595854311746,0.8863198458574181,519,0.03263080127970758,0.0072013256191725515,0.8631984585741811,519,0.03785801593010645,0.012428540269571426,0.8959537572254335,519,0.02766528031763606,0.0022358046571010343,0.8766859344894027,519,0.022377260485843858,-0.0030522151746911683,0.8978805394990366,519,0.024351087629641232,-0.001078388030893794,0.8670520231213873,519,0.01014294086747875,-0.015286534793056276,0.8111753371868979,519,0.0068976476463021965,-0.01853182801423283,0.5529865125240847,519,0.0068976476463021965,-0.01853182801423283,0.5529865125240847,519
qfq_close_left__qfq_return,qfq,0,2026-07-06,5194,-0.24353031835706526,-0.08941578468402084,-0.06621925294925782,-0.05788320783158615,0.008336045117671664,0.8420038535645472,519,-0.04264998576368093,0.023569267185576885,0.8420038535645472,519,-0.04422787705546699,0.021991375893790827,0.8596153846153847,520,-0.051696577877473004,0.014522675071784813,0.859344894026975,519,-0.06325037941665099,0.0029688735326068305,0.8923076923076922,520,-0.06518041070007911,0.0010388422491787036,0.8901734104046243,519,-0.07204257389954004,-0.005823320950282221,0.882466281310212,519,-0.08224898161681571,-0.01602972866755789,0.8730769230769231,520,-0.0922175944246075,-0.025998341475349684,0.8439306358381503,519,-0.09076485404668044,-0.024545601097422626,0.65,520,-0.09076485404668044,-0.024545601097422626,0.65,520
qfq_close_left__qfq_return,qfq,0,2026-07-13,5197,-0.5351774045720694,-0.29440949734839306,-0.05626833988576542,-0.008346434698014686,0.04792190518775073,0.7822736030828517,519,0.013711470868278303,0.06997981075404372,0.7884615384615384,520,0.0012798952642550034,0.05754823515002042,0.85,520,-0.010232237841180134,0.04603610204458529,0.8516377649325626,519,-0.028084968222517978,0.028183371663247442,0.8442307692307692,520,-0.04421458776692397,0.012053752118841451,0.85,520,-0.06683605289312163,-0.010567713007356205,0.8516377649325626,519,-0.09024988007543523,-0.03398154018966981,0.823076923076923,520,-0.14386698135942086,-0.08759864147365544,0.8269230769230769,520,-0.18568325618314035,-0.12941491629737495,0.7230769230769231,520,-0.18568325618314035,-0.12941491629737495,0.7230769230769231,520
qfq_close_left__qfq_return,qfq,0,2026-07-20,5197,0.4108165071539326,0.3018684092392331,0.02704852706880688,-0.013466809164605383,-0.04051533623341226,0.789980732177264,519,0.007708545618252449,-0.01933998145055443,0.7903846153846154,520,0.008663187514253146,-0.018385339554553733,0.8634615384615385,520,0.009424844204393842,-0.017623682864413036,0.8651252408477842,519,0.02590007383294052,-0.0011484532358663584,0.8692307692307693,520,0.024385668373826372,-0.0026628586949805078,0.8596153846153847,520,0.03468789321078927,0.007639366141982393,0.8574181117533719,519,0.040041237404207786,0.012992710335400906,0.8211538461538461,520,0.055080593830766376,0.028032066761959497,0.7884615384615384,520,0.07796292114602164,0.050914394077214764,0.5807692307692307,520,0.07796292114602164,0.050914394077214764,0.5807692307692307,520
qfq_close_left__qfq_return,qfq,0,2026-07-27,5193,0.34034546478366223,0.23580692723876606,0.02489499934552009,-0.07154624038778566,-0.09644123973330575,0.9441233140655106,519,-0.03951930792730869,-0.06441430727282878,0.9691714836223507,519,0.012072275450173562,-0.012822723895346527,0.9460500963391136,519,0.040611671120467464,0.015716671774947375,0.925,520,0.05122118902957572,0.026326189684055628,0.8535645472061657,519,0.0556142031929901,0.030719203847470008,0.8631984585741811,519,0.05381085478339323,0.02891585543787314,0.8846153846153846,520,0.05415750675517497,0.029262507409654883,0.9518304431599229,519,0.05487419755673966,0.02997919821121957,0.9518304431599229,519,0.03754327624380155,0.01264827689828146,0.9442307692307692,520,0.03754327624380155,0.01264827689828146,0.9442307692307692,520
qfq_close_left__qfq_return,qfq,0,2026-08-03,5197,0.11016193858366016,0.1983204868885076,0.06878952304783652,0.0677321263603573,-0.0010573966874792146,0.882466281310212,519,0.06539280488720904,-0.0033967181606274766,0.9115384615384615,520,0.04863098549922242,-0.020158537548614096,0.8826923076923077,520,0.04624032387404264,-0.02254919917379388,0.8516377649325626,519,0.04632273674368452,-0.022466786304151998,0.8807692307692307,520,0.03461133075915191,-0.03417819228868461,0.8711538461538462,520,0.04364799698811724,-0.025141526059719276,0.8863198458574181,519,0.06630881336601807,-0.0024807096818184465,0.9096153846153846,520,0.09793277020002622,0.029143247152189702,0.9057692307692308,520,0.1709815954122263,0.10219207236438978,0.8134615384615385,520,0.1709815954122263,0.10219207236438978,0.8134615384615385,520
qfq_close_left__qfq_return,qfq,0,2026-08-10,5205,-0.055760685549455735,-0.004260669407271896,0.017750907720954983,0.01695905897238601,-0.0007918487485689719,0.8038461538461539,520,0.020156383569019377,0.0024054758480643937,0.8445297504798465,521,0.01831827748094691,0.0005673697599919286,0.8519230769230769,520,0.01892418301230252,0.0011732752913475378,0.8675623800383877,521,0.017998501881996865,0.0002475941610418815,0.8711538461538462,520,0.022277301509258537,0.0045263937883035545,0.8637236084452975,521,0.01528926907309187,-0.0024616386478631125,0.8961538461538462,520,0.01662190811016407,-0.001128999610790913,0.8579654510556622,521,0.013946089976669226,-0.0038048177442857566,0.8596153846153847,520,0.017006120243254402,-0.0007447874777005807,0.7523992322456814,521,0.017006120243254402,-0.0007447874777005807,0.7523992322456814,521
qfq_close_left__qfq_return,qfq,0,2026-08-17,5203,0.36024637094917217,0.24114579635331848,-0.04135262801785231,-0.07900915438951804,-0.03765652637166573,0.8307692307692307,520,-0.06711491975215919,-0.02576229173430688,0.8653846153846154,520,-0.05960087168580263,-0.018248243667950317,0.9019230769230769,520,-0.045638220303689594,-0.004285592285837282,0.8886756238003839,521,-0.041244479167460074,0.00010814885039223815,0.9019230769230769,520,-0.03133374577245093,0.01001888224540138,0.8788461538461538,520,-0.024033529102249894,0.01731909891560242,0.8848368522072937,521,-0.02304521263494324,0.018307415382909073,0.8653846153846154,520,-0.02179001349482435,0.019562614523027964,0.8692307692307693,520,-0.020780759596676947,0.020571868421175366,0.763915547024952,521,-0.020780759596676947,0.020571868421175366,0.763915547024952,521
qfq_close_left__qfq_return,qfq,0,2026-08-24,5207,0.01173195710175891,0.019902673747259955,0.04010504372596247,0.030440169634747945,-0.009664874091214526,0.8076923076923077,520,0.040968577845199215,0.0008635341192367446,0.8829174664107485,521,0.03831783060221841,-0.0017872131237440594,0.8944337811900192,521,0.047288202641051366,0.0071831589150888955,0.8961538461538462,520,0.04397858682266045,0.003873543096697976,0.8886756238003839,521,0.04412751774044549,0.004022474014483017,0.8752399232245681,521,0.043044328517459166,0.002939284791496695,0.8980769230769231,520,0.0436443180320173,0.0035392743060548293,0.927063339731286,521,0.04161134587249393,0.0015063021465314616,0.9059500959692899,521,0.027630437803952048,-0.012474605922010423,0.7946257197696737,521,0.027630437803952048,-0.012474605922010423,0.7946257197696737,521
