variant,scope,label_offset,date,stock_count,rank_ic,ic,benchmark,group_1_return,group_1_excess,turnover_1,group_1_count,group_2_return,group_2_excess,turnover_2,group_2_count,group_3_return,group_3_excess,turnover_3,group_3_count,group_4_return,group_4_excess,turnover_4,group_4_count,group_5_return,group_5_excess,turnover_5,group_5_count,group_6_return,group_6_excess,turnover_6,group_6_count,group_7_return,group_7_excess,turnover_7,group_7_count,group_8_return,group_8_excess,turnover_8,group_8_count,group_9_return,group_9_excess,turnover_9,group_9_count,group_10_return,group_10_excess,turnover_10,group_10_count,group_return,excess,turnover,selected_count
qfq_close_right__qfq_return,qfq_parser_sensitivity,1,2021-09-07,4455,-0.18582743769017676,-0.0032189685753998207,-0.004111411572740009,0.006560588624827778,0.010672000197567786,,445,0.004378354271426181,0.00848976584416619,,446,0.0018190435199146853,0.005930455092654694,,445,-0.0004246750526768222,0.0036867365200631864,,446,-0.000209802431792385,0.0039016091409476237,,445,-0.010346527991254937,-0.006235116418514928,,446,-0.00766430118464184,-0.0035528896119018313,,445,-0.005592373607986086,-0.0014809620352460775,,446,-0.015415304908685515,-0.011303893335945506,,445,-0.014206454900425049,-0.01009504332768504,,446,-0.014206454900425049,-0.01009504332768504,,446
qfq_close_right__qfq_return,qfq_parser_sensitivity,1,2021-09-14,4473,-0.043903070551257556,0.02375097035565402,-0.023007227100108586,-0.016799804856422528,0.006207422243686058,0.04250559284116329,447,-0.02275830921234731,0.0002489178877612755,0.1029082774049217,447,-0.016051039160395703,0.006956187939712883,0.14093959731543626,447,-0.021001396663835537,0.002005830436273049,0.1584821428571429,448,-0.022168249570253148,0.0008389775298554385,0.17225950782997768,447,-0.021986962497181184,0.0010202646029274023,0.16778523489932884,447,-0.026854773988845535,-0.003847546888736949,0.1629464285714286,448,-0.032605606631004674,-0.009598379530896088,0.145413870246085,447,-0.02922393052570787,-0.0062167034255992855,0.10961968680089484,447,-0.020623410646772162,0.0023838164533364244,0.0513392857142857,448,-0.020623410646772162,0.0023838164533364244,0.0513392857142857,448
qfq_close_right__qfq_return,qfq_parser_sensitivity,1,2021-09-23,4471,-0.10982636737797802,0.025323097643637136,-0.01827640972388142,-0.008381716479165469,0.009894693244715952,0.04250559284116329,447,-0.010866815235175532,0.0074095944887058885,0.10067114093959728,447,-0.014248949375302928,0.0040274603485784925,0.15883668903803128,447,-0.016628489759160116,0.001647919964721304,0.18120805369127513,447,-0.01655233633738918,0.0017240733864922406,0.17449664429530198,447,-0.021262344655302762,-0.002985934931421342,0.1901565995525727,447,-0.0211868969958524,-0.0029104872719709803,0.17002237136465326,447,-0.026229279257601566,-0.007952869533720146,0.15436241610738255,447,-0.025615038428135936,-0.007338628704254516,0.12080536912751683,447,-0.021784382901014362,-0.0035079731771329413,0.0424107142857143,448,-0.021784382901014362,-0.0035079731771329413,0.0424107142857143,448
qfq_close_right__qfq_return,qfq_parser_sensitivity,1,2021-09-30,4481,0.24445670887889243,0.03091458626970451,-0.01488883975709939,-0.02633916578589061,-0.011450326028791221,0.0558035714285714,448,-0.029813286579630664,-0.014924446822531275,0.1183035714285714,448,-0.03310280427890398,-0.018213964521804592,0.1607142857142857,448,-0.02951680969072847,-0.01462796993362908,0.1964285714285714,448,-0.02171022264608497,-0.006821382888985582,0.1941964285714286,448,-0.014626981876189842,0.00026185788090954745,0.2008928571428571,448,-0.004291341777582444,0.010597497979516944,0.1941964285714286,448,-0.005063101823839727,0.009825737933259662,0.1763392857142857,448,0.006999344253873828,0.021888184010973217,0.1383928571428571,448,0.008523712472755634,0.023412552229855024,0.05122494432071267,449,0.008523712472755634,0.023412552229855024,0.05122494432071267,449
qfq_close_right__qfq_return,qfq_parser_sensitivity,1,2021-10-14,4489,0.08482657299290791,-0.002415775630734216,-0.004140288213546935,-0.008753961677314834,-0.004613673463767899,0.0401785714285714,448,-0.012101855887139459,-0.007961567673592525,0.11135857461024501,449,-0.00946232866604312,-0.005322040452496186,0.1670378619153675,449,-0.010733953680515421,-0.006593665466968486,0.1982182628062361,449,-0.00778328255130327,-0.003642994337756335,0.1870824053452116,449,-0.0044877752518883976,-0.00034748703834146244,0.17149220489977723,449,0.0014513425659791219,0.005591630779526057,0.1737193763919822,449,0.006874684658351099,0.011014972871898034,0.1670378619153675,449,0.003188373991528003,0.007328662205074938,0.12249443207126953,449,0.00039559892086408506,0.00453588713441102,0.04231625835189312,449,0.00039559892086408506,0.00453588713441102,0.04231625835189312,449
qfq_close_right__qfq_return,qfq_parser_sensitivity,1,2021-10-21,4504,0.05326302487941961,0.011084283792227723,-0.01629361117462544,-0.023371379138667738,-0.0070777679640422995,0.04222222222222227,450,-0.023869235627036762,-0.007575624452411323,0.0955555555555555,450,-0.01779081750879658,-0.001497206334171143,0.1374722838137472,451,-0.021424746897423227,-0.005131135722797789,0.16222222222222227,450,-0.018386484522175194,-0.002092873347549755,0.15742793791574283,451,-0.01824175327374176,-0.0019481420991163227,0.16888888888888887,450,-0.016913106845201288,-0.0006194956705758495,0.18000000000000005,450,-0.020425100306397468,-0.004131489131772029,0.1840354767184036,451,-0.00937386578597793,0.006919745388647508,0.13777777777777778,450,0.006826159931845822,0.02311977110647126,0.04212860310421285,451,0.006826159931845822,0.02311977110647126,0.04212860310421285,451
qfq_close_right__qfq_return,qfq_parser_sensitivity,1,2021-10-28,4520,0.20492045442127585,-0.01681276400869275,0.017601832336465326,-0.0011529714574168215,-0.018754803793882148,0.053097345132743334,452,0.00267377435482707,-0.014928057981638255,0.10176991150442483,452,0.006040227886950655,-0.011561604449514672,0.14823008849557517,452,0.010063774927463574,-0.007538057409001752,0.18141592920353977,452,0.015693944632111042,-0.0019078877043542837,0.1747787610619469,452,0.022501597001471214,0.004899764665005888,0.1991150442477876,452,0.026483374325564857,0.008881541989099531,0.18805309734513276,452,0.03364327417184472,0.016041441835379394,0.165929203539823,452,0.04199205355537971,0.024390221218914383,0.13053097345132747,452,0.018079273966457223,0.0004774416299918975,0.04867256637168138,452,0.018079273966457223,0.0004774416299918975,0.04867256637168138,452
qfq_close_right__qfq_return,qfq_parser_sensitivity,1,2021-11-04,4526,0.05796397957695573,-0.023389256866874233,0.04438604571536173,0.036162566620232935,-0.008223479095128793,0.04424778761061943,452,0.03733323232280048,-0.0070528133925612455,0.10816777041942605,453,0.04093093090643975,-0.00345511480892198,0.15265486725663713,452,0.03745271234003766,-0.00693333337532407,0.16777041942604853,453,0.04593031222970186,0.0015442665143401355,0.16556291390728473,453,0.04737184487195254,0.002985799156590814,0.18805309734513276,452,0.048608870229909465,0.004222824514547738,0.17660044150110377,453,0.0558964351300613,0.011510389414699576,0.15707964601769908,452,0.05190436176308161,0.007518316047719881,0.13024282560706402,453,0.04227541059517728,-0.0021106351201844453,0.050772626931567366,453,0.04227541059517728,-0.0021106351201844453,0.050772626931567366,453
qfq_close_right__qfq_return,qfq_parser_sensitivity,1,2021-11-11,4525,-0.06433951557752705,-0.009191681089411326,0.019408792883679842,0.018480976185765715,-0.0009278166979141272,0.04424778761061943,452,0.018498400186611284,-0.0009103926970685586,0.10375275938189843,453,0.02312867484583647,0.0037198819621566265,0.13938053097345138,452,0.022378405205682163,0.0029696123220023206,0.13907284768211925,453,0.024848289201557683,0.005439496317877841,0.1415929203539823,452,0.021302670529709352,0.0018938776460295098,0.1589403973509934,453,0.0262816508209284,0.006872857937248556,0.1504424778761062,452,0.019773935742608755,0.00036514285892891296,0.13686534216335544,453,0.01274074876835691,-0.0066680441153229315,0.10176991150442483,452,0.006672800695004483,-0.012735992188675358,0.04415011037527594,453,0.006672800695004483,-0.012735992188675358,0.04415011037527594,453
qfq_close_right__qfq_return,qfq_parser_sensitivity,1,2021-11-18,4542,0.1282189788240155,0.01222145296616619,0.015162826247200509,0.0022138807823725306,-0.012948945464827978,0.04185022026431717,454,0.0037231681500121063,-0.011439658097188403,0.0903083700440529,454,0.008011016021835292,-0.007151810225365218,0.13656387665198233,454,0.011444787963378444,-0.0037180382838220647,0.14317180616740088,454,0.015865978607416696,0.000703152360216187,0.15604395604395604,455,0.01649682299417915,0.0013339967469786409,0.1674008810572687,454,0.022267219663626978,0.0071043934164264685,0.1519823788546255,454,0.024105165985346903,0.008942339738146394,0.13436123348017626,454,0.0215647017487128,0.00640187550151229,0.1035242290748899,454,0.025910298914095308,0.010747472666894799,0.0483516483516484,455,0.025910298914095308,0.010747472666894799,0.0483516483516484,455
qfq_close_right__qfq_return,qfq_parser_sensitivity,1,2021-11-25,4548,-0.24553032890746884,-0.009054572858084387,0.010394799007321667,0.02786971182621224,0.017474912818890572,0.028634361233480177,454,0.021304138772609043,0.010909339765287376,0.07252747252747249,455,0.024545908789993763,0.014151109782672096,0.11428571428571432,455,0.01826612634084375,0.007871327333522082,0.12747252747252746,455,0.0138537299695409,0.003458930962219232,0.12307692307692308,455,0.01366310038859969,0.0032683013812780225,0.13656387665198233,454,0.0011257566959690208,-0.009269042311352647,0.15164835164835166,455,-0.0005105862363369508,-0.010905385243658618,0.15164835164835166,455,-0.007313187626322161,-0.017707986633643827,0.10769230769230764,455,-0.008811119366133994,-0.01920591837345566,0.04395604395604391,455,-0.008811119366133994,-0.01920591837345566,0.04395604395604391,455
qfq_close_right__qfq_return,qfq_parser_sensitivity,1,2021-12-02,4554,-0.12741995783453341,0.011838516964677834,-0.0007542536046589745,0.012219609169881962,0.012973862774540936,0.04175824175824172,455,0.008997302660218476,0.00975155626487745,0.0945054945054945,455,-0.001227238128156265,-0.0004729845234972905,0.13157894736842102,456,-0.0033729718479066553,-0.0026187182432476806,0.14945054945054947,455,0.001362700796095446,0.0021169544007544204,0.14035087719298245,456,-0.0029704402745539234,-0.0022161866698949487,0.167032967032967,455,-0.0022814783204088683,-0.0015272247157498938,0.167032967032967,455,-0.007461791555750924,-0.0067075379510919495,0.1271929824561403,456,-0.006535787601185277,-0.005781533996526303,0.0945054945054945,455,-0.006249235340845649,-0.0054949817361866745,0.04166666666666663,456,-0.006249235340845649,-0.0054949817361866745,0.04166666666666663,456
qfq_close_right__qfq_return,qfq_parser_sensitivity,1,2021-12-09,4564,-0.3104040833476427,-0.025615418258159085,0.013174818589932894,0.03170289863838806,0.018528080048455166,0.04166666666666663,456,0.03257377822359994,0.01939895963366705,0.10964912280701755,456,0.029535872802662344,0.016361054212729452,0.14660831509846828,457,0.02091040075633015,0.007735582166397257,0.17105263157894735,456,0.02115681313641637,0.007981994546483477,0.16630196936542674,457,0.015137423313132857,0.001962604723199963,0.16885964912280704,456,0.011017652491767926,-0.0021571660981649678,0.16885964912280704,456,-0.0019656823262718514,-0.015140500916204745,0.137855579868709,457,-0.004054912071728741,-0.017229730661661634,0.10526315789473684,456,-0.02420426840892458,-0.037379086998857475,0.03938730853391681,457,-0.02420426840892458,-0.037379086998857475,0.03938730853391681,457
qfq_close_right__qfq_return,qfq_parser_sensitivity,1,2021-12-16,4570,-0.12479427932667819,0.009146930858051256,-0.012358995404707713,0.0023131448374269508,0.014672140242134663,0.06783369803063455,457,-0.0018091149038877005,0.010549880500820012,0.1334792122538293,457,-0.006582959800731873,0.0057760356039758395,0.137855579868709,457,-0.013867735705434458,-0.0015087403007267453,0.14879649890590807,457,-0.014832217192167818,-0.002473221787460105,0.1772428884026258,457,-0.018686461459967742,-0.0063274660552600295,0.1838074398249453,457,-0.01650795561179616,-0.004148960207088447,0.16630196936542674,457,-0.0158685465592694,-0.003509551154561686,0.14223194748358858,457,-0.01500928633883933,-0.002650290934131617,0.11378555798687084,457,-0.0227388213124096,-0.010379825907701888,0.0481400437636762,457,-0.0227388213124096,-0.010379825907701888,0.0481400437636762,457
qfq_close_right__qfq_return,qfq_parser_sensitivity,1,2021-12-23,4583,0.027353754689974506,-0.029208495941573848,0.026116784166402045,0.016018303910853605,-0.01009848025554844,0.04366812227074235,458,0.031147817117822437,0.005031032951420392,0.09606986899563319,458,0.025467632894190066,-0.0006491512722119792,0.11353711790393017,458,0.02968401850967857,0.0035672343432765242,0.1328976034858388,459,0.03089960038221894,0.004782816215816894,0.1593886462882096,458,0.03077707412048196,0.004660289954079914,0.16157205240174677,458,0.027728552524750323,0.0016117683583482777,0.1568627450980392,459,0.02516939956500373,-0.0009473846013983156,0.14628820960698685,458,0.02292476057841028,-0.003192023587991765,0.11353711790393017,458,0.021349782495042276,-0.00476700167135977,0.04793028322440085,459,0.021349782495042276,-0.00476700167135977,0.04793028322440085,459
qfq_close_right__qfq_return,qfq_parser_sensitivity,1,2021-12-30,4593,-0.36148550260316226,-0.042314062223405405,-0.0010099107326132074,0.03440457218736985,0.03541448291998306,0.04575163398692805,459,0.019142121685137684,0.020152032417750893,0.10893246187363836,459,0.015274660260357096,0.016284570992970305,0.13725490196078427,459,0.004515769780362816,0.0055256805129760235,0.14347826086956517,460,0.0064657645007042885,0.007475675233317496,0.159041394335512,459,0.0050481762572028,0.006058086989816008,0.17647058823529416,459,0.0007616407439157342,0.0017715514765289416,0.16521739130434787,460,-0.016729215944966964,-0.015719305212353755,0.13943355119825707,459,-0.0213182564066074,-0.020308345673994192,0.0980392156862745,459,-0.057557042133809085,-0.056547131401195876,0.036956521739130443,460,-0.057557042133809085,-0.056547131401195876,0.036956521739130443,460
qfq_close_right__qfq_return,qfq_parser_sensitivity,1,2022-01-07,4599,0.09509273667012261,-0.012322806396146444,0.011476391920693952,-0.008214432468773293,-0.019690824389467246,0.050108932461873645,459,0.005829961974227792,-0.00564642994646616,0.11521739130434783,460,0.008257586724977312,-0.0032188051957166407,0.14782608695652177,460,0.011669319742956324,0.00019292782226237176,0.15869565217391302,460,0.01982224782224229,0.008345855901548337,0.1630434782608695,460,0.018525558806712812,0.00704916688601886,0.19130434782608696,460,0.01842387576948909,0.006947483848795137,0.2065217391304348,460,0.012219773643621925,0.0007433817229279722,0.15000000000000002,460,0.014391186232996355,0.0029147943123024028,0.09999999999999998,460,0.013796034818511825,0.0023196428978178724,0.047826086956521685,460,0.013796034818511825,0.0023196428978178724,0.047826086956521685,460
qfq_close_right__qfq_return,qfq_parser_sensitivity,1,2022-01-14,4604,-0.12458204248015474,0.021035118767679103,-0.04923935378018934,-0.034744706408625405,0.014494647371563939,0.04130434782608694,460,-0.03710452548313773,0.012134828297051613,0.10217391304347823,460,-0.04119557492198192,0.008043778858207423,0.14533622559652926,461,-0.0454626967077719,0.003776657072417443,0.16521739130434787,460,-0.04962211860732526,-0.00038276482713591603,0.175704989154013,461,-0.048986682875954396,0.0002526709042349473,0.18913043478260871,460,-0.05840926471843268,-0.009169910938243334,0.1804347826086956,460,-0.06355480961753802,-0.014315455837348681,0.13449023861171372,461,-0.060454737867991416,-0.011215384087802073,0.08478260869565213,460,-0.05283613532498018,-0.0035967815447908377,0.041214750542299394,461,-0.05283613532498018,-0.0035967815447908377,0.041214750542299394,461
qfq_close_right__qfq_return,qfq_parser_sensitivity,1,2022-01-21,4610,-0.23643913633514443,-0.005603493438839801,-0.041223495748576346,-0.023739907379678727,0.01748358836889762,0.045553145336225564,461,-0.022127836423249333,0.019095659325327013,0.11279826464208242,461,-0.03644728909500749,0.004776206653568857,0.16052060737527118,461,-0.04095684317282477,0.0002666525757515775,0.16919739696312364,461,-0.04137982443217365,-0.000156328683597301,0.16052060737527118,461,-0.04153079714214949,-0.00030730139357314223,0.19088937093275493,461,-0.04634499900257029,-0.005121503253993943,0.20173535791757047,461,-0.049189945419279124,-0.007966449670702778,0.16702819956616055,461,-0.0511521585000949,-0.009928662751518554,0.10629067245119306,461,-0.05936535691873568,-0.018141861170159333,0.045553145336225564,461,-0.05936535691873568,-0.018141861170159333,0.045553145336225564,461
qfq_close_right__qfq_return,qfq_parser_sensitivity,1,2022-01-28,4625,-0.41965150954626346,-0.02990995431905189,0.005505509993561433,0.025516042029103,0.020010532035541567,0.04329004329004327,462,0.02844055898189894,0.022935048988337505,0.09719222462203025,463,0.029875319674111722,0.02436980968055029,0.1341991341991342,462,0.02471744157699321,0.019211931583431777,0.15982721382289422,463,0.01923021846927677,0.013724708475715337,0.16450216450216448,462,0.010636445936817078,0.005130935943255645,0.17278617710583155,463,0.002527751885957524,-0.0029777581076039093,0.16450216450216448,462,-0.01113287358824054,-0.016638383581801974,0.13390928725701945,463,-0.025942578359094748,-0.03144808835265618,0.09740259740259738,462,-0.048762083682587554,-0.05426759367614899,0.04751619870410362,463,-0.048762083682587554,-0.05426759367614899,0.04751619870410362,463
qfq_close_right__qfq_return,qfq_parser_sensitivity,1,2022-02-11,4629,0.06511098231275163,-0.008142631517745797,0.03654778179444643,0.029655127847326747,-0.00689265394711968,0.04761904761904767,462,0.03127059214980141,-0.0052771896446450195,0.12311015118790491,463,0.03378851141577569,-0.002759270378670735,0.17062634989200864,463,0.03558405006962023,-0.0009637317248261945,0.17278617710583155,463,0.03854954952564737,0.0020017677312009416,0.17062634989200864,463,0.0403579643750228,0.003810182580576374,0.18574514038876888,463,0.03885220047305395,0.00230441867860752,0.18574514038876888,463,0.03910999093387668,0.002562209139430255,0.16414686825053992,463,0.03839932015551719,0.0018515383610707634,0.12526997840172782,463,0.039895624057251756,0.0033478422628053298,0.049676025917926525,463,0.039895624057251756,0.0033478422628053298,0.049676025917926525,463
qfq_close_right__qfq_return,qfq_parser_sensitivity,1,2022-02-18,4637,0.2407005110638463,0.01269029684783005,-0.007771762069313789,-0.022616078173629373,-0.014844316104315584,0.03455723542116629,463,-0.020039375326667216,-0.012267613257353427,0.09267241379310343,464,-0.018626021631629117,-0.010854259562315328,0.12284482758620685,464,-0.01293844973983469,-0.005166687670520901,0.12095032397408212,463,-0.012476580994989533,-0.004704818925675744,0.11853448275862066,464,-0.010911764898900297,-0.0031400028295865082,0.1443965517241379,464,-0.010480008901974662,-0.0027082468326608735,0.1533477321814255,463,-0.007249876808254547,0.0005218852610592416,0.12284482758620685,464,0.004353271445982814,0.012125033515296603,0.09051724137931039,464,0.03321830043458741,0.04099006250390119,0.03448275862068961,464,0.03321830043458741,0.04099006250390119,0.03448275862068961,464
qfq_close_right__qfq_return,qfq_parser_sensitivity,1,2022-02-25,4640,-0.4260816751177377,-0.03322806068532834,-0.015250779086989302,0.010335814381556303,0.025586593468545603,0.03448275862068961,464,0.013388149542576082,0.028638928629565383,0.09698275862068961,464,0.004594886759795258,0.01984566584678456,0.1293103448275862,464,0.0009454901097988429,0.016196269196788144,0.1443965517241379,464,-0.005279259773304795,0.009971519313684507,0.15732758620689657,464,-0.01896443024384996,-0.0037136511568606565,0.16163793103448276,464,-0.027215814778781815,-0.011965035691792513,0.1637931034482759,464,-0.028678473020740128,-0.013427693933750826,0.1293103448275862,464,-0.0405711359586579,-0.025320356871668594,0.09267241379310343,464,-0.061063017888284915,-0.04581223880129561,0.03879310344827591,464,-0.061063017888284915,-0.04581223880129561,0.03879310344827591,464
qfq_close_right__qfq_return,qfq_parser_sensitivity,1,2022-03-04,4642,-0.0589043192913495,0.02021524868307434,-0.04743162658928096,-0.041439372907561715,0.0059922536817192465,0.03663793103448276,464,-0.04506394857941098,0.002367678009869985,0.09698275862068961,464,-0.043272521262567414,0.004159105326713548,0.11637931034482762,464,-0.04720770338351308,0.00022392320576788277,0.14224137931034486,464,-0.04984255303898035,-0.0024109264496993896,0.1806451612903226,465,-0.0517022674840465,-0.004270640894765539,0.17025862068965514,464,-0.05505528756104266,-0.007623660971761696,0.1400862068965517,464,-0.05366935615361848,-0.006237729564337519,0.13146551724137934,464,-0.04977810575800827,-0.0023464791687273084,0.1056034482758621,464,-0.03730178535626564,0.010129841233015323,0.03870967741935483,465,-0.03730178535626564,0.010129841233015323,0.03870967741935483,465
qfq_close_right__qfq_return,qfq_parser_sensitivity,1,2022-03-11,4645,0.026752117857309108,0.0027453254580239433,0.02399356999490606,0.02669612315574825,0.00270255316084219,0.03663793103448276,464,0.021856692183123548,-0.0021368778117825116,0.10537634408602148,465,0.02628749016444237,0.00229392016953631,0.13577586206896552,464,0.017743749251768172,-0.006249820743137888,0.16774193548387095,465,0.02391243977567954,-8.113021922652106e-05,0.1681034482758621,464,0.021949294846668178,-0.002044275148237882,0.13978494623655913,465,0.027847281831363972,0.0038537118364579126,0.13146551724137934,464,0.022803360312798227,-0.0011902096821078331,0.14193548387096777,465,0.02260835276289942,-0.0013852172320066407,0.11422413793103448,464,0.028246794885462653,0.004253224890556594,0.043010752688172005,465,0.028246794885462653,0.004253224890556594,0.043010752688172005,465
qfq_close_right__qfq_return,qfq_parser_sensitivity,1,2022-03-18,4659,-0.37822206611934844,-0.02041548039888696,-0.018750922591720225,0.012638677072466525,0.03138959966418675,0.03870967741935483,465,0.00296542217085691,0.021716344762577135,0.08798283261802575,466,-0.005749380519537351,0.013001542072182874,0.12446351931330468,466,-0.0061958885865956255,0.012555034005124598,0.14377682403433478,466,-0.016589421185054454,0.00216150140666577,0.15450643776824036,466,-0.022430164102429335,-0.00367924151070911,0.14377682403433478,466,-0.029713020109359424,-0.0109620975176392,0.14592274678111583,466,-0.03018784353677273,-0.011436920945052505,0.12660944206008584,466,-0.04018306797611784,-0.021432145384397618,0.10729613733905574,466,-0.051997179488727195,-0.03324625689700697,0.047210300429184504,466,-0.051997179488727195,-0.03324625689700697,0.047210300429184504,466
qfq_close_right__qfq_return,qfq_parser_sensitivity,1,2022-03-25,4668,-0.3252789458461527,-0.0030171783216656565,0.012316914122702543,0.03586405068320868,0.023547136560506138,0.047210300429184504,466,0.03425706340024479,0.021940149277542252,0.11134903640256955,467,0.027522220250855572,0.01520530612815303,0.16059957173447537,467,0.02253654145698754,0.010219627334284996,0.17130620985010703,467,0.009783785798828236,-0.0025331283238743067,0.16488222698072807,467,0.012303217740045846,-1.3696382656696801e-05,0.16309012875536477,466,0.0058525953714647465,-0.006464318751237796,0.15631691648822266,467,-0.001998720208864216,-0.014315634331566759,0.14775160599571735,467,-0.007285508294041862,-0.019602422416744404,0.1049250535331906,467,-0.015615712166183885,-0.027932626288886427,0.032119914346895095,467,-0.015615712166183885,-0.027932626288886427,0.032119914346895095,467
qfq_close_right__qfq_return,qfq_parser_sensitivity,1,2022-04-01,4670,-0.24332902995446778,0.005923400452019293,-0.059561218705041,-0.03296358859530875,0.026597630109732248,0.05995717344753748,467,-0.047372065554669954,0.012189153150371043,0.1134903640256959,467,-0.049530199385162045,0.010031019319878952,0.15631691648822266,467,-0.04609579196586603,0.013465426739174967,0.1862955032119914,467,-0.05322641564219329,0.006334803062847706,0.16916488222698067,467,-0.06328048326560325,-0.0037192645605622493,0.16059957173447537,467,-0.06881323377417901,-0.009252015069138017,0.1498929336188437,467,-0.07585832277704631,-0.01629710407200531,0.13276231263383298,467,-0.07928836958066937,-0.019727150875628374,0.09850107066381153,467,-0.07918371650971194,-0.019622497804670944,0.0406852248394004,467,-0.07918371650971194,-0.019622497804670944,0.0406852248394004,467
qfq_close_right__qfq_return,qfq_parser_sensitivity,1,2022-04-12,4676,0.12015875129750128,0.005804699654396741,-0.007078002848185124,-0.027777159930648464,-0.02069915708246334,0.062098501070663836,467,-0.016271709474462378,-0.009193706626277255,0.15170940170940173,468,-0.00791874639458375,-0.0008407435463986266,0.18415417558886504,467,-0.0020660376844431833,0.00501196516374194,0.19444444444444442,468,-0.006598576537646497,0.00047942631053862674,0.2136752136752137,468,-0.004313838511114708,0.0027641643370704154,0.23982869379014993,467,-0.005777914165868297,0.0013000886823168268,0.21153846153846156,468,-0.0012066312803062328,0.005871371567878891,0.16059957173447537,467,0.0037798983927470426,0.010857901240932166,0.11111111111111116,468,-0.0026568863244220225,0.004421116523763102,0.038461538461538436,468,-0.0026568863244220225,0.004421116523763102,0.038461538461538436,468
qfq_close_right__qfq_return,qfq_parser_sensitivity,1,2022-04-19,4681,0.10760411723659354,0.046675590900078355,-0.12190666626703749,-0.12227149813943954,-0.0003648318724020494,0.04914529914529919,468,-0.12574016465149804,-0.0038334983844605514,0.12393162393162394,468,-0.13310925553634437,-0.011202589269306881,0.16666666666666663,468,-0.12803065833091087,-0.0061239920638733875,0.20299145299145294,468,-0.13434640898603356,-0.012439742718996075,0.21153846153846156,468,-0.13052542210995996,-0.008618755842922474,0.21153846153846156,468,-0.12349599326831459,-0.001589327001277105,0.17307692307692313,468,-0.12189789166475166,8.774602285821498e-06,0.13461538461538458,468,-0.11959467235920032,0.002311993907837165,0.10256410256410253,468,-0.0801439342308371,0.04176273203620039,0.04264392324093813,469,-0.0801439342308371,0.04176273203620039,0.04264392324093813,469
qfq_close_right__qfq_return,qfq_parser_sensitivity,1,2022-04-26,4691,0.073762949796718,-0.027392407071419808,0.05136549401487777,0.035851269747754905,-0.015514224267122866,0.07036247334754797,469,0.04100434862886209,-0.01036114538601568,0.16631130063965882,469,0.04668743940319998,-0.004678054611677793,0.2217484008528785,469,0.04901054136900655,-0.002354952645871218,0.24733475479744138,469,0.04942312657839003,-0.0019423674364877422,0.25799573560767586,469,0.06606597482521205,0.01470048081033428,0.24946695095948823,469,0.06282656193714252,0.011461067922264749,0.22601279317697232,469,0.060971593037053906,0.009606099022176136,0.23454157782515994,469,0.06152522839215276,0.010159734377274993,0.17484008528784645,469,0.040312423544438786,-0.011053070470438985,0.05957446808510636,470,0.040312423544438786,-0.011053070470438985,0.05957446808510636,470
qfq_close_right__qfq_return,qfq_parser_sensitivity,1,2022-05-06,4662,0.04178875436238961,-0.001181363205848222,0.03774023777404814,0.031726599267122686,-0.006013638506925455,0.09442060085836912,466,0.03850736948317523,0.0007671317091270877,0.15879828326180256,466,0.03865186746629349,0.0009116296922453485,0.1995708154506438,466,0.03624271434589639,-0.0014975234281517508,0.22746781115879833,466,0.038412984482094605,0.0006727467080464636,0.23982869379014993,467,0.03664488993313009,-0.001095347840918054,0.2381974248927039,466,0.039737634463211755,0.0019973966891636136,0.21244635193133043,466,0.03636144376283849,-0.0013787940112096539,0.1909871244635193,466,0.036126641082523635,-0.0016135966915245062,0.13519313304721026,466,0.04497326826706825,0.007233030493020112,0.04282655246252676,467,0.04497326826706825,0.007233030493020112,0.04282655246252676,467
qfq_close_right__qfq_return,qfq_parser_sensitivity,1,2022-05-13,4667,-0.019959660395429634,-0.00371333795998427,0.03995698980456254,0.043889462393522295,0.003932472588959755,0.03433476394849788,466,0.04316162625071451,0.0032046364461519733,0.1049250535331906,467,0.038144758685768505,-0.0018122311187940346,0.1413276231263383,467,0.03773690350495196,-0.0022200862996105825,0.14377682403433478,466,0.041196168943968825,0.001239179139406285,0.14775160599571735,467,0.042740238086993475,0.002783248282430935,0.15203426124197006,467,0.03575333476423916,-0.004203655040323377,0.15450643776824036,466,0.03545930195031104,-0.004497687854251503,0.1413276231263383,467,0.03859048049138048,-0.0013665093131820585,0.09421841541755893,467,0.04289228835118203,0.0029352985466194886,0.032119914346895095,467,0.04289228835118203,0.0029352985466194886,0.032119914346895095,467
qfq_close_right__qfq_return,qfq_parser_sensitivity,1,2022-05-20,4670,-0.16546114192136177,-0.0012116302065644591,-0.008099955554715058,-0.008705182855137904,-0.0006052273004228462,0.047109207708779466,467,0.0015224933314358967,0.009622448886150953,0.11777301927194861,467,-0.004335360416369414,0.003764595138345644,0.145610278372591,467,0.006373652797233626,0.014473608351948684,0.13918629550321204,467,-0.0022439124641951825,0.005856043090519875,0.14775160599571735,467,-0.0030285294709634977,0.00507142608375156,0.158458244111349,467,-0.011400294705137185,-0.0033003391504221272,0.14346895074946464,467,-0.012189185594029065,-0.004089230039314008,0.12847965738758027,467,-0.027254411035850152,-0.019154455481135094,0.09635974304068518,467,-0.0197388251341377,-0.011638869579422641,0.03854389721627405,467,-0.0197388251341377,-0.011638869579422641,0.03854389721627405,467
qfq_close_right__qfq_return,qfq_parser_sensitivity,1,2022-05-27,4679,0.3666495932488116,0.010283648632381943,0.044163672902004264,0.02138940039253296,-0.022774272509471304,0.047109207708779466,467,0.021552315883375597,-0.022611357018628667,0.10897435897435892,468,0.021224010506820296,-0.02293966239518397,0.13247863247863245,468,0.026548478280656446,-0.017615194621347818,0.14102564102564108,468,0.03329998169207742,-0.010863691209926842,0.1581196581196581,468,0.047884596854963685,0.0037209239529594207,0.16025641025641024,468,0.04828230138642828,0.004118628484424014,0.16025641025641024,468,0.05762316094522252,0.013459488043218254,0.1217948717948718,468,0.07252353566301392,0.028359862761009658,0.08333333333333337,468,0.09126028443950394,0.04709661153749968,0.040598290598290565,468,0.09126028443950394,0.04709661153749968,0.040598290598290565,468
qfq_close_right__qfq_return,qfq_parser_sensitivity,1,2022-06-06,4703,-0.13255239304905347,-0.0011499215065161404,0.0007850460516481534,0.007312581058039104,0.006527535006390951,0.05319148936170215,470,0.008583283801706308,0.007798237750058154,0.11489361702127665,470,0.0033548904487273145,0.002569844397079161,0.14893617021276595,470,0.004333297034551936,0.0035482509829037824,0.16560509554140124,471,-0.0007365565757364739,-0.0015216026273846273,0.16170212765957448,470,0.0043842874323150715,0.003599241380666918,0.20425531914893613,470,-0.0010768979169186467,-0.0018619439685668001,0.2292993630573248,471,0.0063780576331722814,0.005593011581524128,0.19361702127659575,470,-0.013154356419666242,-0.013939402471314396,0.1340425531914894,470,-0.011505563633600793,-0.012290609685248947,0.04883227176220806,471,-0.011505563633600793,-0.012290609685248947,0.04883227176220806,471
qfq_close_right__qfq_return,qfq_parser_sensitivity,1,2022-06-13,4717,0.13680226225369424,0.012960782723060825,0.019999231355531003,0.013751079074386765,-0.006248152281144238,0.05307855626326963,471,0.009524592272380974,-0.01047463908315003,0.11016949152542377,472,0.013286271054758245,-0.006712960300772758,0.1313559322033898,472,0.014053861400574198,-0.005945369954956805,0.13588110403397025,471,0.01911648569035829,-0.0008827456651727128,0.14406779661016944,472,0.021947284093278882,0.0019480527377478789,0.15254237288135597,472,0.020582058058037648,0.0005828267025066447,0.14861995753715496,471,0.02474603466771322,0.004746803312182218,0.13559322033898302,472,0.03234740392017292,0.012348172564641918,0.11228813559322037,472,0.030612644392433642,0.01061341303690264,0.0402542372881356,472,0.030612644392433642,0.01061341303690264,0.0402542372881356,472
qfq_close_right__qfq_return,qfq_parser_sensitivity,1,2022-06-20,4712,0.16534289474655106,0.004947141221924084,0.041634076138263455,0.016609033254515255,-0.0250250428837482,0.04883227176220806,471,0.031594675132040756,-0.0100394010062227,0.08917197452229297,471,0.04222148440807127,0.0005874082698078126,0.13375796178343946,471,0.037315948771582334,-0.004318127366681121,0.15286624203821653,471,0.04695726494164741,0.005323188803383956,0.163135593220339,472,0.0467727350236541,0.005138658885390647,0.18046709129511673,471,0.04513173838053151,0.0034976622422680514,0.1549893842887473,471,0.04250620761124728,0.0008721314729838239,0.12526539278131632,471,0.05211220941663408,0.010478133278370626,0.10191082802547768,471,0.05507961576239741,0.013445539624133952,0.03601694915254239,472,0.05507961576239741,0.013445539624133952,0.03601694915254239,472
qfq_close_right__qfq_return,qfq_parser_sensitivity,1,2022-06-27,4710,-0.05997042419814285,0.01642187155769503,-0.015820251997341404,-0.002696391422863076,0.013123860574478329,0.04883227176220806,471,-0.015678845083056538,0.00014140691428486674,0.10615711252653925,471,-0.013233370171385449,0.0025868818259559556,0.1571125265392781,471,-0.01942338615486981,-0.0036031341575284044,0.1549893842887473,471,-0.01814437872255266,-0.002324126725211255,0.15074309978768574,471,-0.019209833256747015,-0.0033895812594056107,0.16135881104033967,471,-0.021967652676699968,-0.006147400679358563,0.16348195329087045,471,-0.022188544904049846,-0.006368292906708442,0.1422505307855626,471,-0.016201869612449182,-0.000381617615107778,0.10191082802547768,471,-0.009458247968740494,0.006362004028600911,0.04458598726114649,471,-0.009458247968740494,0.006362004028600911,0.04458598726114649,471
qfq_close_right__qfq_return,qfq_parser_sensitivity,1,2022-07-04,4707,-0.2896849295303279,-0.016267814491968915,-0.02291799304480865,0.0012911026253446245,0.024209095670153277,0.05957446808510636,470,-0.005894364303595497,0.017023628741213152,0.09554140127388533,471,-0.013028407840001298,0.009889585204807353,0.12101910828025475,471,-0.019192161820875273,0.0037258312239333777,0.1404255319148936,470,-0.026036768035099755,-0.003118774990291104,0.1422505307855626,471,-0.02661714215360929,-0.0036991491088006374,0.14649681528662417,471,-0.028916289550338328,-0.005998296505529677,0.15531914893617016,470,-0.03643593240240726,-0.013517939357598607,0.13375796178343946,471,-0.03390543587725434,-0.010987442832445692,0.09554140127388533,471,-0.04039795650343789,-0.017479963458629236,0.04033970276008492,471,-0.04039795650343789,-0.017479963458629236,0.04033970276008492,471
qfq_close_right__qfq_return,qfq_parser_sensitivity,1,2022-07-11,4718,0.10113778306522268,-0.012659317558674575,0.03837900973951649,0.011933418741849276,-0.02644559099766721,0.05307855626326963,471,0.029819655333561682,-0.008559354405954806,0.11864406779661019,472,0.03271227671785472,-0.00566673302166177,0.13771186440677963,472,0.03632511971965202,-0.002053890019864467,0.13559322033898302,472,0.04411458806518349,0.0057355783256669984,0.14406779661016944,472,0.048413702805055504,0.010034693065539016,0.14649681528662417,471,0.05244152391651315,0.014062514176996659,0.15042372881355937,472,0.05165313916723386,0.013274129427717371,0.14618644067796616,472,0.04864697963847123,0.010267969898954739,0.12076271186440679,472,0.027694924438238927,-0.010684085301277561,0.048728813559322015,472,0.027694924438238927,-0.010684085301277561,0.048728813559322015,472
qfq_close_right__qfq_return,qfq_parser_sensitivity,1,2022-07-18,4727,-0.1610774436742867,-0.0032139354206249414,0.007249806860914796,0.027867460696238206,0.02061765383532341,0.052966101694915224,472,0.015109515496698174,0.007859708635783377,0.11416490486257924,473,0.008881089842234778,0.0016312829813199823,0.14164904862579286,473,0.00886192582099305,0.001612118960078253,0.1652542372881356,472,0.004785393598110458,-0.0024644132628043386,0.18393234672304437,473,0.004282315777878855,-0.002967491083035941,0.18816067653276958,473,0.002810078881656887,-0.004439727979257909,0.1673728813559322,472,-0.0008388924723177327,-0.00808869933323253,0.14376321353065535,473,-0.0021467774353713352,-0.00939658429628613,0.10782241014799154,473,0.0029235694914328623,-0.004326237369481934,0.04016913319238902,473,0.0029235694914328623,-0.004326237369481934,0.04016913319238902,473
qfq_close_right__qfq_return,qfq_parser_sensitivity,1,2022-07-25,4726,0.2083185138154057,0.008754901485586237,-0.019874371770440137,-0.04533884515390287,-0.025464473383462735,0.029661016949152574,472,-0.036584382167801056,-0.01671001039736092,0.09302325581395354,473,-0.03466611555672723,-0.014791743786287094,0.13559322033898302,472,-0.027258885722983416,-0.007384513952543279,0.14799154334038056,473,-0.024617683163696988,-0.004743311393256851,0.14799154334038056,473,-0.01807664700893686,0.0017977247615032776,0.14406779661016944,472,-0.006541738940694266,0.013332632829745871,0.13953488372093026,473,-0.00791499180428297,0.011959379966157167,0.1313559322033898,472,3.4034984723944537e-05,0.01990840675516408,0.09936575052854124,473,0.002165513336365299,0.022039885106805435,0.04228329809725162,473,0.002165513336365299,0.022039885106805435,0.04228329809725162,473
qfq_close_right__qfq_return,qfq_parser_sensitivity,1,2022-08-01,4736,0.14486816717245204,-0.012301563123114732,0.04103221826609352,0.02825779261529172,-0.012774425650801797,0.031712473572938715,473,0.02873802730429991,-0.012294190961793607,0.10126582278481011,474,0.03310920868245511,-0.00792300958363841,0.14587737843551796,473,0.03830376861099096,-0.0027284496551025564,0.14978902953586493,474,0.04092988513567465,-0.00010233313041886627,0.1561181434599156,474,0.0467819295773666,0.005749711311273081,0.16279069767441856,473,0.045913791387812805,0.004881573121719288,0.1708860759493671,474,0.051140548492217386,0.010108330226123868,0.17336152219873147,473,0.04576304210954783,0.004730823843454315,0.12658227848101267,474,0.05137397905393416,0.010341760787840645,0.04219409282700426,474,0.05137397905393416,0.010341760787840645,0.04219409282700426,474
qfq_close_right__qfq_return,qfq_parser_sensitivity,1,2022-08-08,4750,-0.28365155237029827,-0.021816266233239293,0.024187156735569204,0.03547205542178652,0.011284898686217314,0.03578947368421048,475,0.03629620274667025,0.012109046011101049,0.08842105263157896,475,0.03718659761246739,0.012999440876898187,0.11578947368421055,475,0.0313646424930806,0.007177485757511398,0.1389473684210526,475,0.030673264833399883,0.006486108097830678,0.1578947368421053,475,0.02685375445942191,0.0026665977238527067,0.14315789473684215,475,0.022530456232973,-0.0016567005025962048,0.14315789473684215,475,0.017135313641597524,-0.00705184309397168,0.13473684210526315,475,0.009205014931472742,-0.014982141804096462,0.1010526315789474,475,-0.0048457350171778,-0.029032891752747005,0.04842105263157892,475,-0.0048457350171778,-0.029032891752747005,0.04842105263157892,475
qfq_close_right__qfq_return,qfq_parser_sensitivity,1,2022-08-15,4752,-0.21347545685114103,-0.005352771318131492,0.0018723630466890217,0.010531466362585758,0.008659103315896737,0.025263157894736876,475,0.01422427784620756,0.012351914799518537,0.07789473684210524,475,0.010296709874985079,0.008424346828296056,0.11578947368421055,475,0.007565807894002154,0.005693444847313133,0.11368421052631583,475,0.006314454625960935,0.004442091579271913,0.11974789915966388,476,-0.0006159735869032962,-0.0024883366335923178,0.14105263157894732,475,-0.003928067219900269,-0.005800430266589291,0.13263157894736843,475,-0.00603942503520953,-0.007911788081898552,0.10736842105263156,475,-0.009258448879216204,-0.011130811925905225,0.09052631578947368,475,-0.010350790233094575,-0.012223153279783596,0.037815126050420145,476,-0.010350790233094575,-0.012223153279783596,0.037815126050420145,476
qfq_close_right__qfq_return,qfq_parser_sensitivity,1,2022-08-22,4769,-0.30748103749696143,-0.0040853856585193965,-0.03475238370730857,-0.00444758888240949,0.030304794824899083,0.02310924369747902,476,-0.016249724880626364,0.018502658826682207,0.07966457023060791,477,-0.020714971921228256,0.014037411786080315,0.12368972746331242,477,-0.02519696009328878,0.00955542361401979,0.1278825995807128,477,-0.033057935310114174,0.0016944483971943966,0.13626834381551367,477,-0.03940113570020396,-0.0046487519928953905,0.14465408805031443,477,-0.04166819397752414,-0.006915810270215567,0.14675052410901468,477,-0.046240976226311056,-0.011488592519002486,0.13626834381551367,477,-0.05952094578968956,-0.024768562082380992,0.10482180293501053,477,-0.06096187222706753,-0.02620948851975896,0.03563941299790352,477,-0.06096187222706753,-0.02620948851975896,0.03563941299790352,477
qfq_close_right__qfq_return,qfq_parser_sensitivity,1,2022-08-29,4780,-0.24494508292223835,-0.004216042917779119,-0.0021223998703921486,0.01547577135396861,0.01759817122436076,0.043933054393305415,478,0.011805123877247891,0.01392752374764004,0.11715481171548114,478,0.0018446858772175722,0.003967085747609721,0.16317991631799167,478,0.0008576829209048387,0.0029800827912969874,0.17364016736401677,478,-0.0015686306557811337,0.0005537692146110149,0.17154811715481166,478,-0.006664877538702675,-0.004542477668310526,0.20292887029288698,478,-0.0074396153454077425,-0.005317215475015594,0.19874476987447698,478,-0.010403192103312375,-0.008280792232920227,0.16108786610878656,478,-0.011219430969455487,-0.00909703109906334,0.12552301255230125,478,-0.013911516120600981,-0.011789116250208832,0.043933054393305415,478,-0.013911516120600981,-0.011789116250208832,0.043933054393305415,478
qfq_close_right__qfq_return,qfq_parser_sensitivity,1,2022-09-05,4790,0.09612679460806016,0.01158530051372179,-0.010578562968044236,-0.00782315415815207,0.0027554088098921663,0.03131524008350728,479,-0.013773931593615993,-0.0031953686255717564,0.08350730688935282,479,-0.0195022774544636,-0.008923714486419364,0.12734864300626303,479,-0.017151904903392672,-0.006573341935348436,0.1482254697286013,479,-0.012837617297339964,-0.0022590543292957278,0.17118997912317324,479,-0.014952513344022018,-0.004373950375977782,0.18162839248434237,479,-0.008858613302170705,0.0017199496658735318,0.16701461377870563,479,-0.008291695804764123,0.002286867163280113,0.13361169102296455,479,-0.005473956423589742,0.005104606544454495,0.09185803757828814,479,0.0028800346010685427,0.013458597569112779,0.035490605427975,479,0.0028800346010685427,0.013458597569112779,0.035490605427975,479
qfq_close_right__qfq_return,qfq_parser_sensitivity,1,2022-09-13,4798,-0.2370822919652539,-0.006560005814280118,-0.042940022003346234,-0.029807008173338048,0.013133013830008186,0.035490605427975,479,-0.033523371798238395,0.009416650205107839,0.09999999999999998,480,-0.037798016317304055,0.0051420056860421795,0.1333333333333333,480,-0.04271839288975462,0.00022162911359161624,0.12291666666666667,480,-0.04059169975150348,0.002348322251842755,0.13958333333333328,480,-0.041860638961483926,0.0010793830418623085,0.14405010438413357,479,-0.04343696344264661,-0.0004969414393003746,0.12083333333333335,480,-0.047784927291780625,-0.004844905288434391,0.11041666666666672,480,-0.05074390542515075,-0.0078038834218045125,0.07708333333333328,480,-0.06110568682211219,-0.018165664818765956,0.03125,480,-0.06110568682211219,-0.018165664818765956,0.03125,480
qfq_close_right__qfq_return,qfq_parser_sensitivity,1,2022-09-20,4805,0.18713860342878127,0.04194145491442963,-0.04422347291802257,-0.053289722185054345,-0.009066249267031777,0.050000000000000044,480,-0.04901208502701807,-0.004788612108995505,0.11226611226611227,481,-0.0502101579385607,-0.005986685020538132,0.13958333333333328,480,-0.05380672730127237,-0.0095832543832498,0.158004158004158,481,-0.05063658614342776,-0.006413113225405193,0.14375000000000004,480,-0.05114958688539853,-0.006926113967375962,0.1351351351351351,481,-0.04255762751655369,0.001665845401468878,0.13541666666666663,480,-0.038964693609616206,0.005258779308406361,0.12681912681912677,481,-0.03452761690856781,0.009695856009454759,0.08750000000000002,480,-0.01810093262130936,0.026122540296713206,0.037422037422037424,481,-0.01810093262130936,0.026122540296713206,0.037422037422037424,481
qfq_close_right__qfq_return,qfq_parser_sensitivity,1,2022-09-27,4818,-0.14860805286463108,-0.03500848846972872,-0.002535330235305828,0.0029798562539880887,0.005515186489293916,0.037422037422037424,481,0.0022063680479605034,0.004741698283266331,0.08713692946058094,482,0.00320818244222437,0.005743512677530198,0.10373443983402486,482,-0.0004963612900459984,0.0020389689452598296,0.09958506224066388,482,0.002192427661919592,0.00472775789722542,0.11410788381742742,482,0.0009941391838724164,0.0035294694191782446,0.11642411642411643,481,-0.0006046123026218565,0.0019307179326839715,0.10788381742738584,482,-0.0016078433335203846,0.0009274869017854433,0.10373443983402486,482,-0.008730086118139921,-0.006194755882834094,0.07261410788381739,482,-0.02547660805241195,-0.022941277817106122,0.024896265560165998,482,-0.02547660805241195,-0.022941277817106122,0.024896265560165998,482
qfq_close_right__qfq_return,qfq_parser_sensitivity,1,2022-10-11,4827,0.14602006437294626,-0.03337185709942449,0.046124351633252784,0.02611922247415487,-0.020005129159097915,0.03941908713692943,482,0.03291485294629248,-0.013209498686960301,0.10766045548654246,483,0.04026270559456472,-0.005861646038688065,0.16563146997929612,483,0.04674499607592895,0.0006206444426761631,0.17219917012448138,482,0.053728037845014835,0.007603686211762051,0.16356107660455488,483,0.050300443501999706,0.0041760918687469215,0.16149068322981364,483,0.0534461829659929,0.007321831332740114,0.15145228215767637,482,0.05524243954893088,0.009118087915678093,0.15527950310559002,483,0.04806308896321753,0.001938737329964746,0.1159420289855072,483,0.05439657197878359,0.008272220345530802,0.04140786749482406,483,0.05439657197878359,0.008272220345530802,0.04140786749482406,483
qfq_close_right__qfq_return,qfq_parser_sensitivity,1,2022-10-18,4831,0.18352745034400836,-0.019079037330103604,0.0023633046342372292,-0.01749965816712408,-0.01986296280136131,0.04554865424430643,483,-0.00972250125772832,-0.012085805891965548,0.11180124223602483,483,-0.003339187006513086,-0.005702491640750315,0.1366459627329193,483,0.00180041013427553,-0.0005628944999616992,0.15113871635610765,483,0.004677950072444419,0.0023146454382071894,0.17805383022774324,483,-0.0016698812079195082,-0.0040331858421567375,0.17184265010351962,483,0.002115924350921436,-0.0002473802833157933,0.16563146997929612,483,0.01321245968532398,0.01084915505108675,0.1428571428571429,483,0.011825897605570094,0.009462592971332865,0.10351966873706009,483,0.022190581869694387,0.019827277235457158,0.04132231404958675,484,0.022190581869694387,0.019827277235457158,0.04132231404958675,484
qfq_close_right__qfq_return,qfq_parser_sensitivity,1,2022-10-25,4839,0.07875034450974598,-0.0060833956664226516,0.010652057232153386,-0.0022055730535936384,-0.012857630285747025,0.037267080745341574,483,0.002740168393732817,-0.00791188883842057,0.08471074380165289,484,0.006808062642122277,-0.003843994590031109,0.1074380165289256,484,0.007269929739529294,-0.003382127492624092,0.13842975206611574,484,0.015832224369085154,0.005180167136931767,0.16322314049586772,484,0.017497397071897593,0.006845339839744207,0.16115702479338845,484,0.016431852912041064,0.005779795679887678,0.14049586776859502,484,0.016598593888538602,0.005946536656385216,0.14049586776859502,484,0.017512215088376942,0.006860157856223556,0.11776859504132231,484,0.008009135917973703,-0.0026429213141796835,0.04132231404958675,484,0.008009135917973703,-0.0026429213141796835,0.04132231404958675,484
qfq_close_right__qfq_return,qfq_parser_sensitivity,1,2022-11-01,4849,-0.17949625083335646,-0.017040393339661317,0.029218533050922153,0.03734315763196999,0.008124624581047839,0.039256198347107474,484,0.0343440192796635,0.005125486228741344,0.10721649484536078,485,0.03132761534414854,0.002109082293226386,0.16082474226804122,485,0.03182774109644837,0.0026092080455262165,0.1814432989690722,485,0.0317612553696999,0.0025427223187777445,0.18350515463917527,485,0.03212127294548025,0.0029027398945580957,0.1938144329896907,485,0.025923269675532025,-0.0032952633753901284,0.1938144329896907,485,0.02840292712959149,-0.000815605921330665,0.1814432989690722,485,0.02704550090044916,-0.0021730321504729935,0.12989690721649483,485,0.012105322939498184,-0.01711321011142397,0.04948453608247427,485,0.012105322939498184,-0.01711321011142397,0.04948453608247427,485
qfq_close_right__qfq_return,qfq_parser_sensitivity,1,2022-11-08,4853,-0.22382517770913005,-0.005708645150815034,0.016189764914735425,0.031348718033580594,0.01515895311884517,0.028865979381443307,485,0.02418053304582986,0.007990768131094436,0.06804123711340204,485,0.02289436817602037,0.006704603261284945,0.10721649484536078,485,0.021440380519909933,0.005250615605174508,0.1337448559670782,486,0.021002366412280045,0.00481260149754462,0.1505154639175258,485,0.017446540983138494,0.001256776068403069,0.16082474226804122,485,0.013456540955095509,-0.002733223959639916,0.15020576131687247,486,0.012886242418461794,-0.0033035224962736313,0.14432989690721654,485,0.003525740860430706,-0.01266402405430472,0.11340206185567014,485,-0.006242720208984425,-0.02243248512371985,0.043209876543209846,486,-0.006242720208984425,-0.02243248512371985,0.043209876543209846,486
qfq_close_right__qfq_return,qfq_parser_sensitivity,1,2022-11-15,4859,-0.13532936322738454,-0.0019469684786033341,-0.01769157843828541,-0.014517204685095384,0.003174373753190027,0.03711340206185565,485,-0.011331939221658078,0.006359639216627333,0.07818930041152261,486,-0.013412126758704236,0.004279451679581174,0.09876543209876543,486,-0.013614891698580253,0.004076686739705158,0.11316872427983538,486,-0.017906159821559388,-0.00021458138327397694,0.13168724279835387,486,-0.015344948710310991,0.0023466297279744197,0.15843621399176955,486,-0.021481047115419965,-0.003789468677134554,0.15020576131687247,486,-0.02063527652651262,-0.0029436980882272083,0.13168724279835387,486,-0.024091935543125848,-0.006400357104840437,0.09259259259259256,486,-0.02457372266865034,-0.006882144230364928,0.028806584362139898,486,-0.02457372266865034,-0.006882144230364928,0.028806584362139898,486
qfq_close_right__qfq_return,qfq_parser_sensitivity,1,2022-11-22,4869,-0.344409205740317,-0.01369704646441014,0.008907910566467747,0.04376683187448895,0.03485892130802121,0.034979423868312765,486,0.023002971728184295,0.014095061161716547,0.06981519507186862,487,0.017655577375385534,0.008747666808917786,0.08418891170431209,487,0.013694740569079667,0.00478683000261192,0.10677618069815198,487,0.0106623790312581,0.0017544684647903524,0.14373716632443534,487,0.007076980549068433,-0.0018309300173993143,0.16632443531827512,487,-0.001611448030278745,-0.010519358596746492,0.14784394250513344,487,0.0017508145470350573,-0.00715709601943269,0.1314168377823408,487,-0.011992377926808509,-0.020900288493276256,0.11088295687885008,487,-0.014855785158879028,-0.023763695725346777,0.03490759753593431,487,-0.014855785158879028,-0.023763695725346777,0.03490759753593431,487
qfq_close_right__qfq_return,qfq_parser_sensitivity,1,2022-11-29,4876,0.016934620443603998,0.007087889856896032,0.020001536627647205,0.014047584994118614,-0.005953951633528591,0.04106776180698157,487,0.020441028558963986,0.0004394919313167808,0.0901639344262295,488,0.019860758929907563,-0.00014077769773964202,0.10882956878850103,487,0.02106015225181325,0.001058615624166044,0.12295081967213117,488,0.026276404679575,0.006274868051927795,0.14344262295081966,488,0.01977469916275186,-0.000226837464895345,0.17043121149897333,487,0.02200015601473004,0.0019986193870828346,0.15163934426229508,488,0.017084558836750936,-0.0029169777908962698,0.1314168377823408,487,0.021590181363521824,0.0015886447358746184,0.10040983606557374,488,0.01786091004051303,-0.0021406265871341743,0.02868852459016391,488,0.01786091004051303,-0.0021406265871341743,0.02868852459016391,488
qfq_close_right__qfq_return,qfq_parser_sensitivity,1,2022-12-06,4876,-0.048504288342619495,0.00717125247096129,-0.013858440671663816,-0.016132415457719363,-0.002273974786055547,0.03696098562628336,487,-0.013362050875972635,0.0004963897956911812,0.07786885245901642,488,-0.011278756417806722,0.002579684253857094,0.10061601642710472,487,-0.013035890742287826,0.0008225499293759899,0.11475409836065575,488,-0.009493851544973482,0.004364589126690334,0.1311475409836066,488,-0.014062135799152038,-0.00020369512748822163,0.15605749486652976,487,-0.015865263467954242,-0.002006822796290426,0.1598360655737705,488,-0.010118625396669597,0.003739815274994219,0.1457905544147844,487,-0.016213160048220574,-0.002354719376556758,0.10450819672131151,488,-0.01901438436421099,-0.005155943692547174,0.04303278688524592,488,-0.01901438436421099,-0.005155943692547174,0.04303278688524592,488
qfq_close_right__qfq_return,qfq_parser_sensitivity,1,2022-12-13,4884,-0.13306438079001706,0.008186788118311755,-0.04184964714158861,-0.0374574188743874,0.004392228267201211,0.03688524590163933,488,-0.038123721713992066,0.0037259254275965464,0.0901639344262295,488,-0.03999148629395778,0.0018581608476308312,0.11451942740286303,489,-0.04107119838261577,0.0007784487589728439,0.13524590163934425,488,-0.041057789236479035,0.0007918579051095775,0.1595092024539877,489,-0.03704460728567016,0.004805039855918451,0.16803278688524592,488,-0.03964103956627702,0.0022086075753115914,0.17008196721311475,488,-0.04698691652414876,-0.00513726938256015,0.1492842535787321,489,-0.04697485148206625,-0.00512520434047764,0.10040983606557374,488,-0.05012538674842992,-0.00827573960684131,0.03476482617586907,489,-0.05012538674842992,-0.00827573960684131,0.03476482617586907,489
qfq_close_right__qfq_return,qfq_parser_sensitivity,1,2022-12-20,4884,0.07611394730546085,0.020732353631267592,-0.0073501600029852125,-0.009422924157504302,-0.0020727641545190897,0.026639344262295084,488,-0.00801866678787903,-0.0006685067848938176,0.06352459016393441,488,-0.00812293879244141,-0.0007727787894561983,0.08997955010224945,489,-0.010755145064648761,-0.0034049850616635485,0.10040983606557374,488,-0.013759986906485642,-0.006409826903500429,0.11247443762781184,489,-0.006245878351834197,0.0011042816511510154,0.1454918032786885,488,-0.016805802542083782,-0.00945564253909857,0.13524590163934425,488,-0.011508144576223407,-0.004157984573238195,0.1063394683026585,489,-0.0019173307242413562,0.005432829278743856,0.07786885245901642,488,0.013036680475513736,0.02038684047849895,0.026584867075664653,489,0.013036680475513736,0.02038684047849895,0.026584867075664653,489
qfq_close_right__qfq_return,qfq_parser_sensitivity,1,2022-12-27,4895,0.11598492988728447,-0.0038413210333713777,0.03681147751567088,0.021372055066265643,-0.01543942244940524,0.02862985685071573,489,0.03152206015284635,-0.005289417362824532,0.06938775510204087,490,0.035886801699309516,-0.0009246758163613672,0.09815950920245398,489,0.03798253183895169,0.0011710543232808096,0.12244897959183676,490,0.037226390010950364,0.00041491249527948054,0.1165644171779141,489,0.04032358828595364,0.00351211077028276,0.1306122448979592,490,0.03809437837080176,0.0012829008551308793,0.13087934560327197,489,0.043938095981838905,0.007126618466168022,0.10612244897959189,490,0.04293023365814362,0.006118756142472738,0.08179959100204504,489,0.03882119615537611,0.002009718639705227,0.030612244897959218,490,0.03882119615537611,0.002009718639705227,0.030612244897959218,490
qfq_close_right__qfq_return,qfq_parser_sensitivity,1,2023-01-04,4902,0.19631840627847577,0.009300390295300763,-0.005354665308679544,-0.02327615897942098,-0.017921493670741435,0.02857142857142858,490,-0.012828243893010752,-0.007473578584331207,0.07551020408163267,490,-0.013096523533268477,-0.007741858224588932,0.1244897959183674,490,-0.008063066529197051,-0.002708401220517507,0.13877551020408163,490,-0.001352227634020155,0.004002437674659389,0.13034623217922603,491,-0.0054924616070816095,-0.00013779629840206514,0.1428571428571429,490,-0.002144590664781319,0.0032100746438982254,0.13877551020408163,490,0.0074160830883257135,0.012770748397005257,0.11020408163265305,490,-0.0009195605416995759,0.004435104766979969,0.08775510204081638,490,0.006178392115320681,0.011533057424000227,0.03462321792260692,491,0.006178392115320681,0.011533057424000227,0.03462321792260692,491
qfq_close_right__qfq_return,qfq_parser_sensitivity,1,2023-01-11,4903,0.09114339045855865,0.006921864348151049,0.02556421121694328,0.0196724135183401,-0.0058917976986031795,0.03265306122448974,490,0.019989432894942417,-0.0055747783220008625,0.07755102040816331,490,0.02381427537117755,-0.0017499358457657294,0.09591836734693882,490,0.026652638222056612,0.0010884270051133328,0.10997963340122197,491,0.02242675680676978,-0.0031374544101735007,0.1244897959183674,490,0.02482305309064251,-0.0007411581263007706,0.14693877551020407,490,0.022599032223783698,-0.0029651789931595812,0.13849287169042768,491,0.02621444723490318,0.0006502360179598994,0.12040816326530612,490,0.030074765626128055,0.004510554409184776,0.09999999999999998,490,0.039350991001512306,0.013786779784569027,0.03869653767820769,491,0.039350991001512306,0.013786779784569027,0.03869653767820769,491
qfq_close_right__qfq_return,qfq_parser_sensitivity,1,2023-01-18,4900,-0.10988757396389534,-0.031061304724536002,0.04508600118574091,0.04057100615323695,-0.004514995032503959,0.02857142857142858,490,0.04920205021684447,0.004116049031103561,0.0714285714285714,490,0.050662784082421156,0.005576782896680246,0.09183673469387754,490,0.049336163774233534,0.0042501625884926245,0.10204081632653061,490,0.054041989740768175,0.008955988555027265,0.12857142857142856,490,0.05195919949170394,0.00687319830596303,0.13265306122448983,490,0.049282642273548595,0.004196641087807686,0.11836734693877549,490,0.047912021072704765,0.0028260198869638556,0.10408163265306125,490,0.03718620623456579,-0.00789979495117512,0.08775510204081638,490,0.020705948817381737,-0.024380052368359172,0.02857142857142858,490,0.020705948817381737,-0.024380052368359172,0.02857142857142858,490
qfq_close_right__qfq_return,qfq_parser_sensitivity,1,2023-02-01,4901,0.02411274182100678,-0.01624745938359472,0.013822626478537594,0.004030172442822041,-0.009792454035715555,0.02857142857142858,490,0.013958268816956937,0.00013564233841934295,0.07346938775510203,490,0.011676902055146073,-0.0021457244233915214,0.10408163265306125,490,0.015647616569600876,0.0018249900910632822,0.11632653061224485,490,0.015653123619406236,0.0018304971408686418,0.1244897959183674,490,0.0132571784246672,-0.0005654480538703939,0.15102040816326534,490,0.017377642761518517,0.003555016282980923,0.14489795918367343,490,0.020045884353708104,0.00622325787517051,0.12244897959183676,490,0.018136679160918736,0.004314052682381142,0.0897959183673469,490,0.008453753464333679,-0.0053688730142039155,0.02647657841140527,491,0.008453753464333679,-0.0053688730142039155,0.02647657841140527,491
qfq_close_right__qfq_return,qfq_parser_sensitivity,1,2023-02-08,4904,-0.14323849902049235,0.001988351192476742,-0.010569649633246386,-0.0062899149612106525,0.004279734672035734,0.030612244897959218,490,-0.010169551527274674,0.0004000981059717121,0.07346938775510203,490,-0.009698442832554553,0.0008712068006918334,0.09572301425661911,491,-0.006276376932444117,0.004293272700802269,0.09795918367346934,490,-0.005653202912819058,0.004916446720427329,0.10997963340122197,491,-0.009213608650761982,0.001356040982484404,0.1244897959183674,490,-0.01034497717752684,0.00022467245571954585,0.11836734693877549,490,-0.006788194283573213,0.0037814553496731736,0.11608961303462317,491,-0.016589784634561403,-0.006020135001315017,0.10204081632653061,490,-0.024663208847607636,-0.01409355921436125,0.03054989816700615,491,-0.024663208847607636,-0.01409355921436125,0.03054989816700615,491
qfq_close_right__qfq_return,qfq_parser_sensitivity,1,2023-02-15,4910,-0.1441574952203056,-0.024320234173454726,0.01074194180672465,0.010758159546147564,1.6217739422914185e-05,0.022403258655804503,491,0.013861990579873949,0.0031200487731492983,0.05498981670061098,491,0.015698665932181402,0.004956724125456752,0.07739307535641549,491,0.017407553195066892,0.006665611388342242,0.10386965376782076,491,0.01242323749296278,0.0016812956862381299,0.1120162932790224,491,0.014929566761109406,0.004187624954384756,0.1283095723014257,491,0.013515462075015543,0.0027735202682908928,0.13238289205702647,491,0.00942344028919972,-0.0013185015175249306,0.1283095723014257,491,0.007293458243126028,-0.003448483563598622,0.10997963340122197,491,-0.007892116047436792,-0.018634057854161442,0.048879837067209775,491,-0.007892116047436792,-0.018634057854161442,0.048879837067209775,491
qfq_close_right__qfq_return,qfq_parser_sensitivity,1,2023-02-22,4919,-0.2050957399256174,-0.015462622101619895,0.0034238372832470997,0.007724806012287611,0.004300968729040511,0.020366598778004064,491,0.010307913517386915,0.0068840762341398146,0.060975609756097615,492,0.008903101855696543,0.005479264572449443,0.08739837398373984,492,0.012258205486270353,0.008834368203023253,0.10162601626016265,492,0.00789395381242058,0.004470116529173479,0.11382113821138207,492,0.006565815858032149,0.003141978574785049,0.13414634146341464,492,0.0019899770148067183,-0.0014338602684403814,0.12195121951219512,492,0.0034817883100541043,5.795102680700463e-05,0.11382113821138207,492,-0.0048557101075468265,-0.008279547390793927,0.09959349593495936,492,-0.0200227371205773,-0.0234465744038244,0.03252032520325199,492,-0.0200227371205773,-0.0234465744038244,0.03252032520325199,492
qfq_close_right__qfq_return,qfq_parser_sensitivity,1,2023-03-01,4920,-0.04044428788484301,-0.006438995378758555,-0.007547166177514368,-0.001077520586528371,0.006469645590985997,0.016260162601625994,492,-0.008290897730808142,-0.0007437315532937737,0.04471544715447151,492,-0.010176316781450093,-0.0026291506039357255,0.058943089430894324,492,-0.009566432651922991,-0.002019266474408623,0.07520325203252032,492,-0.011119741471417791,-0.003572575293903423,0.08536585365853655,492,-0.006161748340398117,0.0013854178371162512,0.08943089430894313,492,-0.007563837224880483,-1.6671047366114723e-05,0.09146341463414631,492,-0.0070881515763531276,0.00045901460116124036,0.08333333333333337,492,-0.009328509411842505,-0.001781343234328137,0.07723577235772361,492,-0.005098505999542062,0.0024486601779723062,0.03252032520325199,492,-0.005098505999542062,0.0024486601779723062,0.03252032520325199,492
qfq_close_right__qfq_return,qfq_parser_sensitivity,1,2023-03-08,4925,-0.08219869222467283,0.0010666988198933254,-0.02965355284224189,-0.02609518092883865,0.0035583719134032396,0.018292682926829285,492,-0.02766223873976052,0.0019913141024813716,0.05882352941176472,493,-0.028510483855493745,0.0011430689867481456,0.08333333333333337,492,-0.027656510064348758,0.001997042777893133,0.08924949290060857,493,-0.0299238931729041,-0.0002703403306622103,0.10569105691056913,492,-0.027922669474161128,0.0017308833680807628,0.13995943204868155,493,-0.030302141423225418,-0.0006485885809835272,0.13008130081300817,492,-0.030750165972413594,-0.001096613130171703,0.11561866125760645,493,-0.033969760969370814,-0.004316208127128924,0.08130081300813008,492,-0.03374356636985073,-0.0040900135276088385,0.030425963488843855,493,-0.03374356636985073,-0.0040900135276088385,0.030425963488843855,493
qfq_close_right__qfq_return,qfq_parser_sensitivity,1,2023-03-15,4933,-0.01543092092390991,-0.01175003545903326,0.026462390924469854,0.01152652814560152,-0.014935862778868334,0.026369168356997985,493,0.02678292440654233,0.000320533482072477,0.05070993914807298,493,0.025340594706190985,-0.0011217962182788685,0.06490872210953347,493,0.029867657149039196,0.003405266224569343,0.11538461538461542,494,0.03528742119062165,0.008825030266151796,0.14401622718052742,493,0.03209676364406298,0.005634372719593123,0.13590263691683568,493,0.027305242581179705,0.0008428516567098518,0.1255060728744939,494,0.030698094338287612,0.004235703413817758,0.11561866125760645,493,0.02604209218897042,-0.00042029873549943517,0.0973630831643002,493,0.0196817279026009,-0.006780663021868954,0.04251012145748989,494,0.0196817279026009,-0.006780663021868954,0.04251012145748989,494
qfq_close_right__qfq_return,qfq_parser_sensitivity,1,2023-03-22,4935,0.17951991137202558,0.02418719358543403,-0.015241183329972291,-0.027783970445926964,-0.012542787115954673,0.030425963488843855,493,-0.02358239484891308,-0.008341211518940787,0.08097165991902833,494,-0.02187952087029475,-0.006638337540322458,0.10547667342799194,493,-0.021292278558390512,-0.006051095228418221,0.11336032388663964,494,-0.015508483257045812,-0.00026729992707352074,0.12373225152129819,493,-0.014462159787827476,0.0007790235421448154,0.14777327935222673,494,-0.010345337349057756,0.004895845980914535,0.15212981744421905,493,-0.009859801445116263,0.005381381884856028,0.13765182186234814,494,-0.00876811847764043,0.00647306485233186,0.09533468559837732,493,0.0010538764494980217,0.016295059779470312,0.030364372469635637,494,0.0010538764494980217,0.016295059779470312,0.030364372469635637,494
qfq_close_right__qfq_return,qfq_parser_sensitivity,1,2023-03-29,4944,0.09935417143145922,0.005519005276390274,0.02093348498602738,0.0065667290922202335,-0.014366755893807147,0.028340080971659964,494,0.01355381029888323,-0.00737967468714415,0.07085020242914974,494,0.011627981767884762,-0.009305503218142618,0.11313131313131308,495,0.016404060185041397,-0.004529424800985983,0.11740890688259109,494,0.022556087041439722,0.0016226020554123421,0.12323232323232325,495,0.022082570272546308,0.0011490852865189277,0.13157894736842102,494,0.02100294029369403,6.945530766664862e-05,0.12348178137651822,494,0.023496344601201244,0.002562859615173864,0.10505050505050506,495,0.034914739099291305,0.013981254113263925,0.08704453441295545,494,0.03710721132792111,0.016173726341893728,0.042424242424242475,495,0.03710721132792111,0.016173726341893728,0.042424242424242475,495
qfq_close_right__qfq_return,qfq_parser_sensitivity,1,2023-04-06,4948,-0.07238142840021781,-0.015574379291335065,-0.002281714582626329,0.0019150856166758662,0.004196800199302195,0.028340080971659964,494,-0.00033267514662967563,0.0019490394359966533,0.0888888888888889,495,0.0003450202862396383,0.0026267348688659674,0.11717171717171715,495,-0.002142701199511212,0.00013901338311511678,0.11717171717171715,495,-0.0028093803568044074,-0.0005276657741780785,0.12525252525252528,495,-0.00656978827258971,-0.0042880736899633815,0.1497975708502024,494,-0.004280285812793295,-0.0019985712301669664,0.15353535353535352,495,-0.006011418702246067,-0.003729704119619738,0.12929292929292935,495,0.0007255939296442023,0.0030073085122705313,0.101010101010101,495,-0.003656780559138855,-0.0013750659765125262,0.0444444444444444,495,-0.003656780559138855,-0.0013750659765125262,0.0444444444444444,495
qfq_close_right__qfq_return,qfq_parser_sensitivity,1,2023-04-13,4958,-0.09321759215105828,0.010704491469869687,-0.03992664361687548,-0.04038177615813478,-0.00045513254125929825,0.042424242424242475,495,-0.03423153278789219,0.005695110828983288,0.09879032258064513,496,-0.03536647869625085,0.004560164920624631,0.12096774193548387,496,-0.03806106005541366,0.0018655835614618185,0.12096774193548387,496,-0.03933391342058876,0.0005927301962867157,0.13709677419354838,496,-0.04595972915577512,-0.006033085538899641,0.15353535353535352,495,-0.03734046581882309,0.00258617779805239,0.16733870967741937,496,-0.04579269761498603,-0.005866053998110549,0.14717741935483875,496,-0.0392055116898297,0.0007211319270457803,0.10483870967741937,496,-0.04360635185589963,-0.0036797082390241515,0.04435483870967738,496,-0.04360635185589963,-0.0036797082390241515,0.04435483870967738,496
qfq_close_right__qfq_return,qfq_parser_sensitivity,1,2023-04-20,4966,-0.25402500409643175,-0.009677580124391483,0.0011700916535681018,0.003384668916708088,0.002214577263139986,0.040322580645161255,496,0.016936857122407174,0.015766765468839074,0.1046277665995976,497,0.02037773829123605,0.019207646637667948,0.1108870967741935,496,0.011016160890177746,0.009846069236609644,0.1046277665995976,497,0.012192454505872866,0.011022362852304764,0.13078470824949695,497,0.006618914589489464,0.005448822935921362,0.13306451612903225,496,-0.001838267529553083,-0.003008359183121185,0.13078470824949695,497,-0.00619690812973393,-0.007366999783302032,0.12903225806451613,496,-0.019936055343932495,-0.021106146997500595,0.10865191146881292,497,-0.03081540322155137,-0.03198549487511947,0.05030181086519114,497,-0.03081540322155137,-0.03198549487511947,0.05030181086519114,497
qfq_close_right__qfq_return,qfq_parser_sensitivity,1,2023-04-27,4953,-0.3212527122910229,-0.018005976873511208,-0.008764756895426995,0.002792020583109646,0.011556777478536642,0.0444444444444444,495,0.008958972010488125,0.017723728905915122,0.09090909090909094,495,0.007893294454956866,0.01665805135038386,0.1333333333333333,495,0.0026178815020954263,0.011382638397522422,0.1733870967741935,496,-0.002470277607674687,0.0062944792877523085,0.2161616161616161,495,-0.0045602096791722314,0.0042045472162547635,0.24242424242424243,495,-0.013061933109665948,-0.004297176214238953,0.22782258064516125,496,-0.018731695468906618,-0.009966938573479623,0.195959595959596,495,-0.028570092985949626,-0.01980533609052263,0.14949494949494946,495,-0.04246176794876293,-0.03369701105333593,0.06854838709677424,496,-0.04246176794876293,-0.03369701105333593,0.06854838709677424,496
qfq_close_right__qfq_return,qfq_parser_sensitivity,1,2023-05-09,4942,0.13702528892993093,-0.004548687726290446,0.00744229451370503,-0.011225728468435284,-0.018668022982140313,0.06275303643724695,494,0.0009873957964264908,-0.006454898717278539,0.11538461538461542,494,-0.0007498452725625613,-0.008192139786267592,0.16396761133603244,494,0.005739052199130555,-0.0017032423145744756,0.18218623481781382,494,0.004334639190429397,-0.0031076553232756337,0.2080808080808081,495,0.014882093663911404,0.007439799150206374,0.22064777327935226,494,0.01662252436673439,0.009180229853029359,0.20647773279352222,494,0.015600669007082629,0.008158374493377599,0.17206477732793524,494,0.01547938338738282,0.00803708887367779,0.11740890688259109,494,0.012748311142849526,0.005306016629144495,0.048484848484848464,495,0.012748311142849526,0.005306016629144495,0.048484848484848464,495
qfq_close_right__qfq_return,qfq_parser_sensitivity,1,2023-05-16,4954,0.273235487993869,0.001505585457748644,0.0014911988987593734,-0.026193621423810303,-0.027684820322569678,0.042424242424242475,495,-0.012457654131185936,-0.013948853029945309,0.11111111111111116,495,-0.011257195355270835,-0.012748394254030208,0.13104838709677424,496,-0.0036786291753623385,-0.005169828074121712,0.12727272727272732,495,0.007438600560630832,0.005947401661871458,0.157258064516129,496,0.0045038240797429085,0.003012625180983535,0.1838383838383838,495,0.013392981081435417,0.011901782182676044,0.17979797979797985,495,0.01966885190922009,0.018177653010460718,0.1411290322580645,496,0.01602107748364036,0.014529878584880985,0.1070707070707071,495,0.007438755540250923,0.00594755664149155,0.048387096774193505,496,0.007438755540250923,0.00594755664149155,0.048387096774193505,496
qfq_close_right__qfq_return,qfq_parser_sensitivity,1,2023-05-23,4965,0.00042860281751351813,-0.008951478797218672,0.0029235155903632156,-0.01418335245234337,-0.017106868042706586,0.03427419354838712,496,0.001313709055029576,-0.0016098065353336395,0.09255533199195176,497,0.00635326843240776,0.0034297528420445447,0.11693548387096775,496,0.002740242993913151,-0.00018327259645006463,0.12273641851106643,497,0.0025110248129400475,-0.0004124907774231681,0.15120967741935487,496,0.006997735213408611,0.004074219623045395,0.16297786720321927,497,0.006071850223103647,0.0031483346327404313,0.15927419354838712,496,0.0037867957724243874,0.0008632801820611718,0.13682092555331993,497,0.008971602467454999,0.006048086877091783,0.10080645161290325,496,0.004662433943707327,0.0017389183533441117,0.05432595573440646,497,0.004662433943707327,0.0017389183533441117,0.05432595573440646,497
qfq_close_right__qfq_return,qfq_parser_sensitivity,1,2023-05-30,4964,-0.18220356157576081,-0.0097567307144952,-3.914140774381784e-07,0.011946026044748455,0.011946417458825893,0.03830645161290325,496,0.0037361686151844427,0.003736560029261881,0.0766129032258065,496,0.0031381469104088,0.0031385383244862384,0.10060362173038229,497,0.004980648488904632,0.00498103990298207,0.10685483870967738,496,0.0024476502745981346,0.002448041688675573,0.1287726358148893,497,0.005413558709374707,0.005413950123452145,0.155241935483871,496,-0.002101378988293752,-0.0021009875742163137,0.1411290322580645,496,-0.006153330062900431,-0.006152938648822993,0.12474849094567408,497,-0.006678865836401841,-0.006678474422324403,0.10685483870967738,496,-0.016697732450284893,-0.016697341036207455,0.046277665995975825,497,-0.016697732450284893,-0.016697341036207455,0.046277665995975825,497
qfq_close_right__qfq_return,qfq_parser_sensitivity,1,2023-06-06,4970,0.023778349853788516,0.012826830662686311,0.013320978635260097,0.004678052659907843,-0.008642925975352253,0.03621730382293764,497,0.01328225177287259,-3.8726862387506236e-05,0.07645875251509049,497,0.012068819363316784,-0.0012521592719433126,0.11267605633802813,497,0.016958267599100185,0.0036372889638400883,0.13480885311871227,497,0.012975934308633082,-0.0003450443266270146,0.13682092555331993,497,0.01557758558567961,0.0022566069504195135,0.14084507042253525,497,0.01354890048379137,0.00022792184853127374,0.14486921529175045,497,0.013908970537950219,0.0005879919026901218,0.13078470824949695,497,0.013812362961936067,0.0004913843266759702,0.09657947686116697,497,0.016398641079413207,0.0030776624441531102,0.04225352112676062,497,0.016398641079413207,0.0030776624441531102,0.04225352112676062,497
qfq_close_right__qfq_return,qfq_parser_sensitivity,1,2023-06-13,4977,0.14829363009363772,0.0070428411897773295,-0.0071640234319882,-0.020268039704230474,-0.013104016272242273,0.04225352112676062,497,-0.023609036228201912,-0.01644501279621371,0.0662650602409639,498,-0.01608353136123339,-0.008919507929245188,0.08232931726907633,498,-0.007251243047015964,-8.721961502776432e-05,0.11670020120724345,497,-0.0043342877079187115,0.0028297357240694883,0.142570281124498,498,-0.010753587229318776,-0.003589563797330576,0.1506024096385542,498,0.0018277027101025586,0.008991726142090758,0.1569416498993964,497,-0.0004663577411871567,0.006697665690801043,0.14457831325301207,498,0.0036965517498887715,0.01086057518187697,0.10240963855421692,498,0.00559316148874072,0.01275718492072892,0.0381526104417671,498,0.00559316148874072,0.01275718492072892,0.0381526104417671,498
qfq_close_right__qfq_return,qfq_parser_sensitivity,1,2023-06-20,4984,-0.1596261418948476,-0.02143910104205611,0.019807324217017093,0.02832783892763985,0.008520514710622758,0.04016064257028118,498,0.028531359399761515,0.008724035182744422,0.06827309236947787,498,0.030142777205064013,0.01033545298804692,0.09619238476953906,499,0.02782574361519153,0.008018419398174437,0.11646586345381527,498,0.026572167651796427,0.006764843434779334,0.14428857715430865,499,0.020797329901310887,0.000990005684293794,0.15261044176706828,498,0.020906158627980783,0.00109883441096369,0.14457831325301207,498,0.012695164590524218,-0.007112159626492875,0.13827655310621245,499,0.006539081257205008,-0.013268242959812085,0.1325301204819277,498,-0.004236155426289301,-0.024043479643306394,0.06012024048096187,499,-0.004236155426289301,-0.024043479643306394,0.06012024048096187,499
qfq_close_right__qfq_return,qfq_parser_sensitivity,1,2023-06-29,4997,-0.2497137741900287,-0.01045334927621076,-0.0012405407593998016,0.01266634881483906,0.013906889574238862,0.038076152304609256,499,0.010936922780767983,0.012177463540167785,0.08199999999999996,500,0.0018950914007817522,0.003135632160181554,0.10999999999999999,500,0.0027502764665115844,0.003990817225911386,0.13226452905811625,499,0.0008748329584321232,0.002115373717831925,0.15400000000000003,500,-0.0007380284969352462,0.0005025122624645554,0.17400000000000004,500,-0.008971366114030285,-0.007730825354630483,0.17835671342685366,499,-0.005602065204666877,-0.004361524445267075,0.16400000000000003,500,-0.01177804162664356,-0.010537500867243758,0.13,500,-0.01441904481016351,-0.013178504050763708,0.05800000000000005,500,-0.01441904481016351,-0.013178504050763708,0.05800000000000005,500
qfq_close_right__qfq_return,qfq_parser_sensitivity,1,2023-07-06,5001,0.033294167558615716,0.008379393556191536,0.00782470347640751,0.00045310147639523237,-0.007371602000012277,0.040000000000000036,500,0.006451818035055597,-0.0013728854413519124,0.06000000000000005,500,0.00998143476536516,0.0021567312889576497,0.08199999999999996,500,0.00696094333532109,-0.0008637601410864193,0.10599999999999998,500,0.0059830541189187635,-0.001841649357488746,0.122,500,0.007920892336596349,9.618886018883908e-05,0.14400000000000002,500,0.013564973697564861,0.0057402702211573516,0.136,500,0.008938291843884538,0.0011135883674770284,0.11199999999999999,500,0.009802352723411208,0.0019776492470036985,0.09999999999999998,500,0.008189442952609895,0.0003647394762023859,0.04590818363273452,501,0.008189442952609895,0.0003647394762023859,0.04590818363273452,501
qfq_close_right__qfq_return,qfq_parser_sensitivity,1,2023-07-13,5004,-0.3657877318648207,-0.005170482788947368,-0.017475554364508147,0.018057357177555654,0.0355329115420638,0.038000000000000034,500,-0.0007983397104949863,0.01667721465401316,0.06399999999999995,500,-0.007467951295554353,0.010007603068953794,0.08183632734530943,501,-0.013018458696355272,0.0044570956681528745,0.10799999999999998,500,-0.015586196681329573,0.001889357683178574,0.12774451097804396,501,-0.01617693291087249,0.0012986214536356566,0.124,500,-0.02650712486819985,-0.009031570503691702,0.128,500,-0.02974484274396108,-0.012269288379452934,0.11976047904191611,501,-0.03603824715845939,-0.01856269279395124,0.08799999999999997,500,-0.04741418484120209,-0.029938630476693946,0.043912175648702645,501,-0.04741418484120209,-0.029938630476693946,0.043912175648702645,501
qfq_close_right__qfq_return,qfq_parser_sensitivity,1,2023-07-20,5014,-0.2609645141171749,0.009430853926445715,0.012888479160756609,0.04093687474866804,0.02804839558791143,0.021956087824351322,501,0.02813566984849698,0.01524719068774037,0.06986027944111772,501,0.016521898524766664,0.0036334193640100553,0.10358565737051795,502,0.014043013058659555,0.0011545338979029457,0.10379241516966065,501,0.008843442758728375,-0.004045036402028234,0.1155378486055777,502,0.009543738639244879,-0.00334474052151173,0.1357285429141717,501,0.006984204200774542,-0.005904274959982067,0.14171656686626743,501,0.00805469045053533,-0.00483378871022128,0.12350597609561753,502,-0.0023291274842925486,-0.015217606645049158,0.08982035928143717,501,-0.0018098053729818625,-0.01469828453373847,0.041832669322709126,502,-0.0018098053729818625,-0.01469828453373847,0.041832669322709126,502
qfq_close_right__qfq_return,qfq_parser_sensitivity,1,2023-07-27,5021,-0.13834433680547242,-0.0012103490213513516,0.004511795113295371,0.021065326968479237,0.016553531855183864,0.03386454183266929,502,0.01295557417410108,0.00844377906080571,0.07569721115537853,502,0.00902975593681728,0.004517960823521909,0.08764940239043828,502,0.0033015912437707566,-0.0012102038695246146,0.09561752988047811,502,0.002425996352598593,-0.0020857987606967784,0.1055776892430279,502,0.0007344797436173274,-0.0037773153696780437,0.11952191235059761,502,-0.007120317034016349,-0.01163211214731172,0.12151394422310757,502,-0.005170643659339739,-0.00968243877263511,0.11952191235059761,502,0.0030529561023370866,-0.0014588390109582846,0.1055776892430279,502,0.00484257238571907,0.00033077727242369903,0.04771371769383703,503,0.00484257238571907,0.00033077727242369903,0.04771371769383703,503
qfq_close_right__qfq_return,qfq_parser_sensitivity,1,2023-08-03,5027,0.023401163570244916,-0.0034350131428903543,-0.02683249080316471,-0.027464281875854195,-0.000631791072689486,0.031872509960159334,502,-0.030779274035199908,-0.003946783232035199,0.07952286282306165,503,-0.029444221014950863,-0.002611730211786154,0.09343936381709739,503,-0.02653088766103192,0.00030160314213278916,0.10956175298804782,502,-0.0250563880827602,0.0017761027204045085,0.11729622266401596,503,-0.027942337410943426,-0.0011098466077787174,0.11530815109343939,503,-0.02540957771191103,0.0014229130912536796,0.12350597609561753,502,-0.024573442723870003,0.002259048079294706,0.1093439363817097,503,-0.02084845800291157,0.005984032800253138,0.08349900596421467,503,-0.030273867096387595,-0.0034413762932228864,0.041749502982107334,503,-0.030273867096387595,-0.0034413762932228864,0.041749502982107334,503
qfq_close_right__qfq_return,qfq_parser_sensitivity,1,2023-08-10,5035,-0.1644641045194214,-0.013464874938514488,-0.011798665850618058,-0.0007277394927894864,0.011070926357828572,0.031809145129224614,503,-0.00769786556187459,0.004100800288743468,0.06944444444444442,504,-0.008575568079999039,0.0032230977706190194,0.07753479125248508,503,-0.011047719898853805,0.0007509459517642536,0.09126984126984128,504,-0.011798632825156653,3.3025461405530865e-08,0.1033797216699801,503,-0.009454730337813185,0.0023439355128048733,0.11309523809523814,504,-0.012440577903030318,-0.00064191205241226,0.1033797216699801,503,-0.008690057080083946,0.0031086087705341128,0.08531746031746035,504,-0.017463109625026223,-0.005664443774408164,0.07355864811133206,503,-0.03007480908780913,-0.01827614323719107,0.037698412698412676,504,-0.03007480908780913,-0.01827614323719107,0.037698412698412676,504
qfq_close_right__qfq_return,qfq_parser_sensitivity,1,2023-08-17,5040,-0.18483352553562796,0.013435401287341503,-0.04092373271064326,-0.03321025947346686,0.007713473237176395,0.02182539682539686,504,-0.031348266053862504,0.009575466656780753,0.05555555555555558,504,-0.03127337841289157,0.009650354297751684,0.0714285714285714,504,-0.03606799287041553,0.0048557398402277255,0.09722222222222221,504,-0.040446594918309924,0.00047713779233333337,0.125,504,-0.04005519639493296,0.0008685363157102943,0.11507936507936511,504,-0.04549133977534667,-0.004567607064703411,0.11111111111111116,504,-0.043407642466622966,-0.002483909755979709,0.10317460317460314,504,-0.05396908364932753,-0.013045350938684273,0.0892857142857143,504,-0.053967573091256056,-0.0130438403806128,0.04365079365079361,504,-0.053967573091256056,-0.0130438403806128,0.04365079365079361,504
qfq_close_right__qfq_return,qfq_parser_sensitivity,1,2023-08-24,5046,0.26263949557554683,-0.005060522414666421,0.04882990326574031,0.021465682424034817,-0.027364220841705495,0.02182539682539686,504,0.029086541385012134,-0.01974336188072818,0.0653465346534653,505,0.034857962038221085,-0.013971941227519227,0.10317460317460314,504,0.04129528034824238,-0.0075346229174979296,0.12871287128712872,505,0.05415150563170564,0.005321602365965329,0.13465346534653466,505,0.05876743112568575,0.009937527859945436,0.13690476190476186,504,0.05932860958524625,0.010498706319505939,0.12079207920792079,505,0.06631570160247045,0.01748579833673014,0.11507936507936511,504,0.06324516237238192,0.014415259106641612,0.10099009900990097,505,0.05975760597435805,0.010927702708617738,0.04158415841584162,505,0.05975760597435805,0.010927702708617738,0.04158415841584162,505
qfq_close_right__qfq_return,qfq_parser_sensitivity,1,2023-08-31,5049,-0.054767020894451554,-0.009964171704254286,-0.0004456451430884426,-0.002233815176472354,-0.0017881700333839115,0.0357142857142857,504,-0.003544039398692127,-0.0030983942556036845,0.08118811881188115,505,0.0023742683367562324,0.002819913479844675,0.1089108910891089,505,0.003492741430574992,0.003938386573663435,0.1306930693069307,505,0.0036923338639760802,0.0041379790070645225,0.1405940594059406,505,0.002942431842542189,0.0033880769856306316,0.1742574257425743,505,0.0020257689613133777,0.0024714141044018204,0.1643564356435644,505,-0.001984120006832616,-0.0015384748637441732,0.1188118811881188,505,-0.0031762195594251742,-0.0027305744163367315,0.09504950495049502,505,-0.008049342655384203,-0.00760369751229576,0.0435643564356436,505,-0.008049342655384203,-0.00760369751229576,0.0435643564356436,505
qfq_close_right__qfq_return,qfq_parser_sensitivity,1,2023-09-07,5052,-0.26119593805296454,-0.008139120339873053,-0.008883582702570123,0.008090331445790314,0.016973914148360435,0.023762376237623783,505,0.004944104290352445,0.013827686992922568,0.06336633663366331,505,-0.0028734193480757413,0.0060101633544943816,0.08910891089108908,505,-0.002897168680783364,0.005986414021786759,0.09306930693069304,505,-0.008987528523336242,-0.00010394582076611938,0.1027667984189723,506,-0.01362874839699767,-0.0047451656944275476,0.13267326732673268,505,-0.014770108679810589,-0.005886525977240466,0.1188118811881188,505,-0.01721365270814522,-0.008330070005575096,0.10495049504950493,505,-0.018255185553563227,-0.009371602850993104,0.08910891089108908,505,-0.023215864282220226,-0.014332281579650103,0.03359683794466406,506,-0.023215864282220226,-0.014332281579650103,0.03359683794466406,506
qfq_close_right__qfq_return,qfq_parser_sensitivity,1,2023-09-14,5056,-0.03609209664966723,0.008626176424249761,0.0013268984966076684,0.00250002542913281,0.0011731269325251416,0.023762376237623783,505,0.0018966102537867641,0.0005697117571790958,0.06126482213438733,506,0.0023773421995791407,0.0010504437029714723,0.08118811881188115,505,0.004041230798534755,0.0027143323019270865,0.09288537549407117,506,0.0021444461072697494,0.0008175476106620811,0.11264822134387353,506,0.00018513591438795607,-0.0011417625822197123,0.12277227722772277,505,0.003266374150921398,0.0019394756543137297,0.10869565217391308,506,0.0030369756734719188,0.0017100771768642504,0.097029702970297,505,0.002449508772836299,0.0011226102762286305,0.08498023715415015,506,-0.008623146774100745,-0.009950045270708413,0.035573122529644285,506,-0.008623146774100745,-0.009950045270708413,0.035573122529644285,506
qfq_close_right__qfq_return,qfq_parser_sensitivity,1,2023-09-21,5059,0.13266475132443306,-0.00913257397814701,0.0009380341292942669,-0.01552087033032896,-0.016458904459623225,0.0217821782178218,505,-0.005192935554842908,-0.006130969684137175,0.06324110671936756,506,-0.0020435775751876458,-0.002981611704481913,0.08695652173913049,506,0.002312170187024252,0.001374136057729985,0.09288537549407117,506,0.0002554378853105089,-0.000682596243983758,0.10474308300395252,506,0.0041820885406652275,0.0032440544113709604,0.10474308300395252,506,0.007795564801805089,0.006857530672510822,0.09288537549407117,506,0.008572297548963362,0.007634263419669095,0.09090909090909094,506,0.006674221809810511,0.005736187680516244,0.08498023715415015,506,0.0023134165005540184,0.0013753823712597513,0.04150197628458496,506,0.0023134165005540184,0.0013753823712597513,0.04150197628458496,506
qfq_close_right__qfq_return,qfq_parser_sensitivity,1,2023-09-28,5060,-0.16224233726688833,-0.01199937361858822,-0.007266464290077703,-0.0046089769014819185,0.002657487388595785,0.02371541501976282,506,-0.0034630020949343743,0.003803462195143329,0.07114624505928857,506,0.0008153098879337064,0.00808177417801141,0.09090909090909094,506,-0.0008122633127347938,0.00645420097734291,0.10079051383399207,506,-0.0018647756041233652,0.0054016886859543384,0.11462450592885376,506,-0.006216403980220507,0.0010500603098571966,0.12450592885375489,506,-0.007427431337539996,-0.00016096704746229248,0.12055335968379444,506,-0.012727130351342666,-0.005460666061264963,0.10079051383399207,506,-0.016264176966793737,-0.008997712676716034,0.0810276679841897,506,-0.020095792239539386,-0.012829327949461683,0.031620553359683834,506,-0.020095792239539386,-0.012829327949461683,0.031620553359683834,506
qfq_close_right__qfq_return,qfq_parser_sensitivity,1,2023-10-13,5063,-0.13399533567719488,0.0017952060925389103,-0.06023202417826077,-0.0500563533326035,0.010175670845657271,0.025691699604743046,506,-0.05270265910898712,0.0075293650692736525,0.06916996047430835,506,-0.05725012373468976,0.002981900443571009,0.11462450592885376,506,-0.06176860378889161,-0.0015365796106308408,0.145956607495069,507,-0.060752033997481865,-0.0005200098192210956,0.16007905138339917,506,-0.05692292319621419,0.0033091009820465783,0.1758893280632411,506,-0.06570518269855097,-0.005473158520290199,0.15779092702169628,507,-0.06729891904239758,-0.007066894864136815,0.13043478260869568,506,-0.06770089639560184,-0.00746887221734107,0.1027667984189723,506,-0.06214491283740659,-0.0019128886591458227,0.03944773175542404,507,-0.06214491283740659,-0.0019128886591458227,0.03944773175542404,507
qfq_close_right__qfq_return,qfq_parser_sensitivity,1,2023-10-20,5068,0.08514442623318415,-0.017651494275638908,0.0704962897882198,0.05818044330656626,-0.012315846481653542,0.025691699604743046,506,0.06665436365507871,-0.003841926133141091,0.07297830374753456,507,0.06816799649264041,-0.0023282932955793895,0.11045364891518739,507,0.06908378703738677,-0.0014125027508330307,0.12228796844181455,507,0.06723613131639979,-0.0032601584718200127,0.12623274161735698,507,0.07429319258823226,0.003796902800012464,0.14426877470355737,506,0.07861876986127846,0.008122480073058658,0.1301775147928994,507,0.07781494273816432,0.007318652949944521,0.10650887573964496,507,0.07774177359371968,0.007245483805499886,0.08875739644970415,507,0.06715469464247162,-0.00334159514574818,0.03747534516765283,507,0.06715469464247162,-0.00334159514574818,0.03747534516765283,507
qfq_close_right__qfq_return,qfq_parser_sensitivity,1,2023-10-27,5070,0.07419280233437342,0.01757729282889281,0.020790052855324488,0.014416809692485376,-0.006373243162839113,0.0315581854043393,507,0.019442570086550582,-0.0013474827687739062,0.07889546351084809,507,0.018933111737894425,-0.001856941117430063,0.11834319526627224,507,0.02101675987702191,0.00022670702169742124,0.1301775147928994,507,0.020702397522056475,-8.765533326801286e-05,0.11637080867850103,507,0.022319666688162182,0.0015296138328376938,0.13609467455621305,507,0.025311671912453104,0.004521619057128615,0.1439842209072978,507,0.024301915473881712,0.003511862618557224,0.12623274161735698,507,0.02189959835812833,0.0011095455028038402,0.10453648915187375,507,0.019556027204610794,-0.0012340256507136944,0.041420118343195256,507,0.019556027204610794,-0.0012340256507136944,0.041420118343195256,507
qfq_close_right__qfq_return,qfq_parser_sensitivity,1,2023-11-03,5075,-0.007780877130010506,-0.0143486130970553,0.009836275803870037,0.006291421190310955,-0.003544854613559082,0.021696252465483234,507,0.009541054573036103,-0.0002952212308339336,0.07480314960629919,508,0.010761043052333283,0.0009247672484632465,0.10650887573964496,507,0.011667239991420261,0.0018309641875502245,0.11811023622047245,508,0.010409005853465771,0.0005727300495957342,0.11834319526627224,507,0.00976841429781402,-6.786150605601719e-05,0.11417322834645671,508,0.011461451140444346,0.0016251753365743096,0.11834319526627224,507,0.014797294514656674,0.004961018710786637,0.12401574803149606,508,0.007570412485516412,-0.0022658633183536246,0.10059171597633132,507,0.006090129511951995,-0.0037461462919180415,0.03937007874015752,508,0.006090129511951995,-0.0037461462919180415,0.03937007874015752,508
qfq_close_right__qfq_return,qfq_parser_sensitivity,1,2023-11-10,5073,0.0582519998474819,-0.011860209518913423,0.021896602627636246,0.010656773949905541,-0.011239828677730705,0.021696252465483234,507,0.021228712468996325,-0.0006678901586399215,0.05522682445759364,507,0.01881373023653763,-0.0030828723910986157,0.08678500986193294,507,0.025119594028158502,0.0032229914005222557,0.10629921259842523,508,0.024262675495489126,0.00236607286785288,0.10256410256410253,507,0.024357594120433767,0.0024609914927975207,0.10848126232741617,507,0.02214786702952514,0.00025126440188889473,0.11614173228346458,508,0.02648569526078854,0.004589092633152294,0.11439842209072981,507,0.0278212541346082,0.0059246515069719535,0.08875739644970415,507,0.01807281895600099,-0.003823783671635255,0.029527559055118058,508,0.01807281895600099,-0.003823783671635255,0.029527559055118058,508
qfq_close_right__qfq_return,qfq_parser_sensitivity,1,2023-11-17,5074,-0.31360929618414746,-0.00018734594865216738,-0.017574456457977426,-0.00119573745697516,0.016378719001002264,0.017751479289940808,507,-0.005128288452486719,0.012446168005490706,0.053254437869822535,507,-0.0069171124352470584,0.010657344022730367,0.0807086614173228,508,-0.013596058018255825,0.0039783984397216005,0.08481262327416172,507,-0.014465026659323796,0.0031094297986536297,0.0807086614173228,508,-0.018162649970196905,-0.0005881935122194794,0.10453648915187375,507,-0.022091982770021813,-0.004517526312044388,0.1124260355029586,507,-0.02740111095981166,-0.009826654501834235,0.1220472440944882,508,-0.03199121064170338,-0.014416754183725951,0.0986193293885601,507,-0.03476924388614917,-0.017194787428171748,0.03740157480314965,508,-0.03476924388614917,-0.017194787428171748,0.03740157480314965,508
qfq_close_right__qfq_return,qfq_parser_sensitivity,1,2023-11-24,5078,-0.12144591904477647,-0.0066353298644685,0.0028266441523273032,0.0018117689883598261,-0.0010148751639674771,0.013806706114398382,507,0.006112319620602784,0.003285675468275481,0.055118110236220486,508,0.007913147422764957,0.005086503270437654,0.09842519685039375,508,0.0072870103965734685,0.004460366244246165,0.11811023622047245,508,0.0051315239369435365,0.0023048797846162332,0.1220472440944882,508,0.00434220446525284,0.001515560312925537,0.12426035502958577,507,0.001294070995835976,-0.0015325731564913272,0.1220472440944882,508,0.003635104517102937,0.0008084603647756337,0.11811023622047245,508,-0.0025273189558257304,-0.005353963108153033,0.1082677165354331,508,-0.0067324042636506395,-0.009559048415977944,0.04133858267716539,508,-0.0067324042636506395,-0.009559048415977944,0.04133858267716539,508
qfq_close_right__qfq_return,qfq_parser_sensitivity,1,2023-12-01,5082,0.08428109604268384,0.0011106483677587888,-0.014628700948314255,-0.02130130495853816,-0.006672604010223904,0.023622047244094446,508,-0.01432187838540964,0.0003068225629046153,0.06299212598425197,508,-0.015345250137322977,-0.0007165491890087222,0.09645669291338588,508,-0.016507310709553975,-0.0018786097612397204,0.10039370078740162,508,-0.01660772456570985,-0.0019790236173955963,0.09037328094302555,509,-0.017901200859342555,-0.0032724999110282996,0.10433070866141736,508,-0.014960265355209206,-0.00033156440689495123,0.09645669291338588,508,-0.01502399468212089,-0.00039529373380663493,0.08858267716535428,508,-0.012211996242238959,0.002416704706075296,0.09055118110236215,508,-0.002126797917250833,0.012501903031063421,0.047151277013752435,509,-0.002126797917250833,0.012501903031063421,0.047151277013752435,509
qfq_close_right__qfq_return,qfq_parser_sensitivity,1,2023-12-08,5084,-0.3308098543252796,-0.010488464013372297,-0.021837926754583244,-0.008575140437962295,0.013262786316620949,0.013779527559055094,508,-0.008562445159320753,0.01327548159526249,0.06299212598425197,508,-0.01496850085079651,0.006869425903786733,0.11001964636542239,509,-0.012452990007970767,0.009384936746612477,0.11614173228346458,508,-0.017297181073636255,0.004540745680946989,0.11787819253438114,509,-0.021634719364401908,0.00020320739018133555,0.11417322834645671,508,-0.02615854245330561,-0.004320615698722368,0.10236220472440949,508,-0.030209162819223524,-0.00837123606464028,0.10609037328094306,509,-0.035141003577293224,-0.01330307682270998,0.09448818897637801,508,-0.04334323068300759,-0.021505303928424348,0.04322200392927311,509,-0.04334323068300759,-0.021505303928424348,0.04322200392927311,509
qfq_close_right__qfq_return,qfq_parser_sensitivity,1,2023-12-15,5087,0.17397214347249512,0.011904101281381618,-0.01765546067799804,-0.028161025731350334,-0.010505565053352293,0.021653543307086576,508,-0.02571870920830319,-0.008063248530305149,0.07072691552062871,509,-0.026622035762658668,-0.008966575084660627,0.10805500982318272,509,-0.02455408907941807,-0.0068986284014200296,0.11220472440944884,508,-0.021043704163854374,-0.0033882434858563334,0.11394891944990182,509,-0.015624843863434821,0.0020306168145632197,0.11394891944990182,509,-0.007389590186279258,0.010265870491718784,0.09645669291338588,508,-0.007804950802808334,0.009850509875189706,0.08251473477406679,509,-0.011107884109477056,0.006547576568520985,0.06876227897838905,509,-0.00854179808253986,0.00911366259545818,0.027504911591355596,509,-0.00854179808253986,0.00911366259545818,0.027504911591355596,509
qfq_close_right__qfq_return,qfq_parser_sensitivity,1,2023-12-22,5087,-0.08280613911791551,-0.013435176173678523,0.030005546060021083,0.025022530366127945,-0.004983015693893138,0.029527559055118058,508,0.031138904540320658,0.0011333584802995754,0.08644400785854622,509,0.03404736482765099,0.00404181876762991,0.11198428290766205,509,0.0351174225218408,0.005111876461819719,0.1220472440944882,508,0.036636804152507946,0.006631258092486863,0.13555992141453832,509,0.03660673441887099,0.0066011883588499055,0.13163064833005889,509,0.03409344743971649,0.0040879013796954085,0.12598425196850394,508,0.03113074875670156,0.001125202696680476,0.12377210216110024,509,0.02241511475015016,-0.007590431309870922,0.10019646365422397,509,0.013854673231328427,-0.016150872828692656,0.04322200392927311,509,0.013854673231328427,-0.016150872828692656,0.04322200392927311,509
qfq_close_right__qfq_return,qfq_parser_sensitivity,1,2023-12-29,5090,-0.37842893319831455,-0.008082316645195844,-0.03761223170549453,-0.01761453354984719,0.019997698155647337,0.037328094302554016,509,-0.019691478043621678,0.01792075366187285,0.08251473477406679,509,-0.02713102407037745,0.010481207635117076,0.09626719056974464,509,-0.030917764922884537,0.00669446678260999,0.0982318271119843,509,-0.03663447232708526,0.000977759378409264,0.10609037328094306,509,-0.03591733312530647,0.0016948985801880576,0.11198428290766205,509,-0.03803817487601326,-0.0004259431705187361,0.11001964636542239,509,-0.047429355804711235,-0.009817124099216708,0.11001964636542239,509,-0.054795460566414524,-0.017183228860919997,0.08055009823182713,509,-0.06795271976868368,-0.030340488063189154,0.029469548133595258,509,-0.06795271976868368,-0.030340488063189154,0.029469548133595258,509
qfq_close_right__qfq_return,qfq_parser_sensitivity,1,2024-01-08,5092,-0.11542854002659156,0.0013961459670127994,-0.005843764864907286,-0.0022067494865762546,0.0036370153783310314,0.029469548133595258,509,-0.002403921926677658,0.003439842938229628,0.08447937131630645,509,-0.0033652203387950653,0.0024785445261122207,0.0982318271119843,509,-0.00561528693262015,0.00022847793228713588,0.11787819253438114,509,-0.006446638279961342,-0.0006028734150540557,0.1352941176470588,510,-0.004532804877121182,0.0013109599877861042,0.13948919449901764,509,-0.007907386410695057,-0.0020636215457877707,0.15127701375245584,509,-0.00804968995697844,-0.0022059250920711537,0.14341846758349708,509,-0.011200321445587151,-0.0053565565806798655,0.11591355599214148,509,-0.006706749116522906,-0.0008629842516156196,0.05294117647058827,510,-0.006706749116522906,-0.0008629842516156196,0.05294117647058827,510
qfq_close_right__qfq_return,qfq_parser_sensitivity,1,2024-01-15,5093,-0.0354349252844831,0.028333743677324053,-0.0960557783424036,-0.08121146165810353,0.014844316684300071,0.01964636542239684,509,-0.09299967830425594,0.0030561000381476577,0.056974459724950854,509,-0.10108397816831667,-0.005028199825913071,0.07858546168958747,509,-0.09891922496606861,-0.002863446623665014,0.0862745098039216,510,-0.10713310946220436,-0.011077331119800762,0.08644400785854622,509,-0.09933265283441127,-0.0032768744920076698,0.0982318271119843,509,-0.10157587114674894,-0.0055200928043453446,0.10588235294117643,510,-0.09877809550498982,-0.002722317162586224,0.10216110019646363,509,-0.09644171292169058,-0.00038593457928698394,0.08840864440078589,509,-0.08309099892873084,0.012964779413672758,0.039215686274509776,510,-0.08309099892873084,0.012964779413672758,0.039215686274509776,510
qfq_close_right__qfq_return,qfq_parser_sensitivity,1,2024-01-22,5097,-0.456699765135528,-0.008100132983830475,-0.015624066386386734,0.016674989110224674,0.03229905549661141,0.03929273084479368,509,0.01618749379145664,0.031811560177843375,0.09215686274509804,510,0.008250025052360192,0.023874091438746928,0.11764705882352944,510,0.00027698913826241497,0.015901055524649148,0.13948919449901764,509,-0.009217414024558414,0.00640665236182832,0.13137254901960782,510,-0.01845221730783794,-0.002828150921451205,0.12549019607843137,510,-0.02786030659064008,-0.012236240204253346,0.13752455795677798,509,-0.0373888731160959,-0.021764806729709166,0.12352941176470589,510,-0.04001152395661595,-0.02438745757022922,0.10392156862745094,510,-0.06462930856666417,-0.049005242180277436,0.04313725490196074,510,-0.06462930856666417,-0.049005242180277436,0.04313725490196074,510
qfq_close_right__qfq_return,qfq_parser_sensitivity,1,2024-01-29,5100,0.16884433350074018,0.038327210026226646,-0.1503842479809194,-0.15879715172575753,-0.008412903744838135,0.03529411764705881,510,-0.1691395777403303,-0.01875532975941091,0.11568627450980395,510,-0.17004129211953206,-0.01965704413861266,0.16470588235294115,510,-0.16357454086457882,-0.013190292883659416,0.18823529411764706,510,-0.1677566154358011,-0.017372367454881688,0.17647058823529416,510,-0.16152057186511443,-0.011136323884195026,0.17450980392156867,510,-0.15611618523982274,-0.005731937258903336,0.16274509803921566,510,-0.15006428829172566,0.0003199596891937384,0.14509803921568631,510,-0.1398851886865439,0.010499059294375501,0.11568627450980395,510,-0.0669470678399877,0.0834371801409317,0.0490196078431373,510,-0.0669470678399877,0.0834371801409317,0.0490196078431373,510
qfq_close_right__qfq_return,qfq_parser_sensitivity,1,2024-02-05,5100,0.015602294371145676,-0.026618984485019502,0.11835884839027484,0.10642081325033341,-0.011938035139941433,0.08235294117647063,510,0.11262840184887093,-0.005730446541403908,0.21568627450980393,510,0.11591340729739284,-0.0024454410928820003,0.3058823529411765,510,0.11984685943895126,0.0014880110486764214,0.32352941176470584,510,0.12314678115229373,0.004787932762018887,0.3196078431372549,510,0.1293941773390814,0.011035328948806558,0.3647058823529412,510,0.1255330674489257,0.0071742190586508575,0.35882352941176465,510,0.1292305506795265,0.010871702289251647,0.3176470588235294,510,0.12529647273255526,0.006937624342280416,0.2313725490196078,510,0.09617795271481747,-0.022180895675457377,0.08431372549019611,510,0.09617795271481747,-0.022180895675457377,0.08431372549019611,510
qfq_close_right__qfq_return,qfq_parser_sensitivity,1,2024-02-20,5104,-0.0294527934330187,-0.014831598963024812,0.02812894233827415,0.030271792527585384,0.002142850189311235,0.0607843137254902,510,0.03113178222395559,0.0030028398856814416,0.17647058823529416,510,0.027715658607299666,-0.00041328373097448273,0.23287671232876717,511,0.02722270146645579,-0.0009062408718183597,0.22941176470588232,510,0.026133721540843882,-0.0019952207974302666,0.23874755381604695,511,0.0274143171533328,-0.0007146251849413504,0.24117647058823533,510,0.027687705850654293,-0.0004412364876198553,0.2313725490196078,510,0.03161431515474042,0.00348537281646627,0.1976516634050881,511,0.03076410325901127,0.0026351609207371195,0.13725490196078427,510,0.021344516887416932,-0.006784425450857216,0.050880626223091974,511,0.021344516887416932,-0.006784425450857216,0.050880626223091974,511
qfq_close_right__qfq_return,qfq_parser_sensitivity,1,2024-02-27,5103,0.22963767025625462,-0.007868647743810624,0.04606046964966874,0.015670067567985287,-0.030390402081683456,0.05882352941176472,510,0.033036069153063105,-0.013024400496605637,0.16666666666666663,510,0.039420060003829284,-0.006640409645839458,0.2196078431372549,510,0.04561809371516611,-0.00044237593450262985,0.24070450097847362,511,0.04546633965427983,-0.000594129995388909,0.24705882352941178,510,0.051787489636697465,0.0057270199870287225,0.2450980392156863,510,0.05111282183381047,0.005052352184141726,0.24070450097847362,511,0.06019792696207611,0.01413745731240737,0.19999999999999996,510,0.059765580345165,0.013705110695496257,0.14509803921568631,510,0.058496823448050024,0.012436353798381282,0.0547945205479452,511,0.058496823448050024,0.012436353798381282,0.0547945205479452,511
qfq_close_right__qfq_return,qfq_parser_sensitivity,1,2024-03-05,5104,0.008296372805595947,-0.00416070489429524,0.03574702269242183,0.030029242817019925,-0.0057177798754019064,0.027450980392156876,510,0.03794979546257051,0.0022027727701486796,0.09411764705882353,510,0.03349181899404785,-0.002255203698373981,0.1428571428571429,511,0.03461999984507361,-0.0011270228473482247,0.1705882352941176,510,0.040787199130244464,0.005040176437822633,0.17416829745596873,511,0.040644676000824644,0.004897653308402812,0.196078431372549,510,0.03941768563863586,0.003670662946214029,0.19803921568627447,510,0.03796563636115431,0.0022186136687324803,0.15068493150684936,511,0.03230592860863955,-0.0034410940837822784,0.10392156862745094,510,0.030259193561542316,-0.005487829130879515,0.03913894324853229,511,0.030259193561542316,-0.005487829130879515,0.03913894324853229,511
qfq_close_right__qfq_return,qfq_parser_sensitivity,1,2024-03-12,5103,-0.13297557921368489,-0.01665944381278259,0.03794106982447231,0.0389085664003239,0.0009674965758515869,0.02352941176470591,510,0.04123418618077618,0.003293116356303867,0.07843137254901966,510,0.04073713142776435,0.002796061603292037,0.11372549019607847,510,0.043007777756731216,0.005066707932258906,0.12328767123287676,511,0.04464225917397542,0.00670118934950311,0.13137254901960782,510,0.04159848918949255,0.0036574193650202383,0.13921568627450975,510,0.040069292559563485,0.0021282227350911745,0.14677103718199613,511,0.03416895321744904,-0.003772116607023271,0.12352941176470589,510,0.034584417450771815,-0.003356652373700496,0.08823529411764708,510,0.020479755052785653,-0.017461314771686658,0.03522504892367906,511,0.020479755052785653,-0.017461314771686658,0.03522504892367906,511
qfq_close_right__qfq_return,qfq_parser_sensitivity,1,2024-03-19,5105,-0.2534014883792899,0.01323534253745619,-0.06779439299825298,-0.05113208528854346,0.016662307709709515,0.025490196078431393,510,-0.05055623790242521,0.017238155095827767,0.07240704500978479,511,-0.05232875348091918,0.015465639517333797,0.09411764705882353,510,-0.0625084931019866,0.005285899896266377,0.1095890410958904,511,-0.06108970628801949,0.0067046867102334845,0.13137254901960782,510,-0.0696594125315961,-0.001865019533343129,0.14481409001956946,511,-0.07542838225222745,-0.007633989253974474,0.12745098039215685,510,-0.08222013433218958,-0.014425741333936606,0.11741682974559686,511,-0.08456729327376904,-0.01677290027551606,0.10196078431372546,510,-0.08842520111126896,-0.020630808113015986,0.03913894324853229,511,-0.08842520111126896,-0.020630808113015986,0.03913894324853229,511
qfq_close_right__qfq_return,qfq_parser_sensitivity,1,2024-03-26,5107,-0.15750417737618266,-0.01741757852155558,0.049051716406124164,0.04729965904817531,-0.0017520573579488524,0.027450980392156876,510,0.055675088305876544,0.00662337189975238,0.07632093933463802,511,0.05631562924681443,0.007263912840690265,0.10567514677103718,511,0.055615552403287055,0.006563835997162891,0.12745098039215685,510,0.06255419126454621,0.01350247485842205,0.1545988258317026,511,0.054441714408974974,0.00538999800285081,0.1643835616438356,511,0.05552220069049697,0.006470484284372809,0.16274509803921566,510,0.04840670570108866,-0.0006450107050355036,0.13894324853228968,511,0.03702322605671586,-0.012028490349408304,0.1095890410958904,511,0.01768527572767968,-0.031366440678444484,0.050880626223091974,511,0.01768527572767968,-0.031366440678444484,0.050880626223091974,511
qfq_close_right__qfq_return,qfq_parser_sensitivity,1,2024-04-02,5112,-0.04313536149405223,-0.0032771826941733855,-0.03595669836447228,-0.038489040860414554,-0.0025323424959422733,0.023483365949119372,511,-0.0329956218628513,0.002961076501620981,0.07632093933463802,511,-0.030839117918284625,0.005117580446187656,0.12524461839530332,511,-0.03370356039451635,0.0022531379699559304,0.14481409001956946,511,-0.03429149451666148,0.0016652038478107978,0.158203125,512,-0.035803772402406606,0.00015292596206567532,0.16829745596868884,511,-0.03585346480941849,0.00010323355505378884,0.17416829745596873,511,-0.03378219121167433,0.002174507152797954,0.14481409001956946,511,-0.04237272780389597,-0.006416029439423689,0.10176125244618395,511,-0.04142854247074697,-0.005471844106274687,0.04296875,512,-0.04142854247074697,-0.005471844106274687,0.04296875,512
qfq_close_right__qfq_return,qfq_parser_sensitivity,1,2024-04-11,5115,0.1677899425536004,0.016344365626389377,-0.04977249888037773,-0.08059301471719227,-0.03082051583681454,0.043052837573385516,511,-0.0708641866445438,-0.021091687764166075,0.115234375,512,-0.05355439061740022,-0.003781891737022494,0.15264187866927592,511,-0.048798067522244075,0.0009744313581336525,0.166015625,512,-0.048158674683742304,0.001613824196635423,0.1819960861056752,511,-0.04137790211952916,0.008394596760848569,0.208984375,512,-0.04276400358883046,0.007008495291547269,0.20156555772994134,511,-0.03919234938559958,0.010580149494778146,0.17578125,512,-0.04182299905118342,0.00794949982919431,0.1428571428571429,511,-0.030634616466200408,0.01913788241417732,0.0546875,512,-0.030634616466200408,0.01913788241417732,0.0546875,512
qfq_close_right__qfq_return,qfq_parser_sensitivity,1,2024-04-18,5113,0.11306708329663753,0.001796266843440078,0.03787791506979768,0.012964212416666624,-0.024913702653131056,0.06653620352250489,511,0.03894740677931362,0.0010694917095159379,0.1702544031311155,511,0.029831085349903454,-0.008046829719894226,0.20547945205479456,511,0.03557909166069377,-0.002298823409103909,0.20703125,512,0.04327870222069143,0.005400787150893753,0.21722113502935425,511,0.04285066320933797,0.004972748139540288,0.22896281800391394,511,0.04329340000432164,0.005415484934523963,0.23046875,512,0.044145399452668696,0.006267484382871016,0.21722113502935425,511,0.0455648540585016,0.007686938988703922,0.16634050880626228,511,0.0423095639013438,0.00443164883154612,0.064453125,512,0.0423095639013438,0.00443164883154612,0.064453125,512
qfq_close_right__qfq_return,qfq_parser_sensitivity,1,2024-04-25,5107,-0.013374826650627943,-0.0018917886577431314,0.0371572017318533,0.02386453960103411,-0.013292662130819193,0.03137254901960784,510,0.041167294955260524,0.004010093223407223,0.08414872798434447,511,0.03342088912684955,-0.003736312605003754,0.12133072407045009,511,0.03979777056943806,0.0026405688375847614,0.13921568627450975,510,0.04582255405542586,0.008665352323572559,0.14677103718199613,511,0.040005310723607475,0.002848108991754174,0.1761252446183953,511,0.04431874678665111,0.0071615450547978105,0.17450980392156867,510,0.03966083971297991,0.0025036379811266066,0.136986301369863,511,0.03717366734622884,1.6465614375536786e-05,0.11350293542074363,511,0.026333573622587095,-0.010823628109266206,0.052837573385518644,511,0.026333573622587095,-0.010823628109266206,0.052837573385518644,511
qfq_close_right__qfq_return,qfq_parser_sensitivity,1,2024-05-07,5094,-0.17263755831386343,-0.007808299787844715,-0.012514423225839354,-0.007170276307856832,0.005344146917982523,0.06286836935166995,509,-0.006318530747631364,0.00619589247820799,0.12180746561886047,509,-0.006877944044162413,0.0056364791816769415,0.15098039215686276,510,-0.010758409095853967,0.0017560141299853872,0.16502946954813358,509,-0.003396233501855649,0.009118189723983705,0.16470588235294115,510,-0.014778598514037322,-0.0022641752881979674,0.168958742632613,509,-0.017380769092275053,-0.004866345866435699,0.17681728880157166,509,-0.016090144773656348,-0.0035757215478169936,0.15490196078431373,510,-0.021965138695821243,-0.009450715469981889,0.11591355599214148,509,-0.020414629020730497,-0.007900205794891143,0.0490196078431373,510,-0.020414629020730497,-0.007900205794891143,0.0490196078431373,510
qfq_close_right__qfq_return,qfq_parser_sensitivity,1,2024-05-14,5095,0.0026410255814187334,-0.006168904605440158,0.017033383798445944,0.017642864603101743,0.0006094808046557994,0.047151277013752435,509,0.013583856931673893,-0.0034495268667720513,0.10588235294117643,510,0.01396438909618835,-0.0030689947022575943,0.13359528487229866,509,0.017639529777931453,0.000606145979485509,0.1588235294117647,510,0.019195762685726304,0.00216237888728036,0.15717092337917482,509,0.014232109956022499,-0.002801273842423445,0.16078431372549018,510,0.017878633191632808,0.0008452493931868643,0.16699410609037324,509,0.020038532284615794,0.00300514848616985,0.16274509803921566,510,0.022177142154452417,0.005143758356006473,0.12966601178781922,509,0.013992177837896295,-0.0030412059605496485,0.050980392156862786,510,0.013992177837896295,-0.0030412059605496485,0.050980392156862786,510
qfq_close_right__qfq_return,qfq_parser_sensitivity,1,2024-05-21,5094,0.08169988619411507,0.003978278898903609,-0.03218964809283626,-0.056300061059763866,-0.024110412966927605,0.0491159135559921,509,-0.03617772851173138,-0.003988080418895118,0.08644400785854622,509,-0.02852722909785837,0.0036624189949778924,0.1098039215686275,510,-0.027404348190414186,0.004785299902422074,0.11787819253438114,509,-0.029273356195558726,0.002916291897277535,0.1215686274509804,510,-0.028333671174800575,0.003855976918035686,0.13359528487229866,509,-0.02462767919765803,0.007561968895178232,0.1257367387033399,509,-0.025725932830290767,0.006463715262545494,0.1333333333333333,510,-0.029987985513225672,0.0022016625796105888,0.12180746561886047,509,-0.035557496186650446,-0.0033678480938141853,0.0490196078431373,510,-0.035557496186650446,-0.0033678480938141853,0.0490196078431373,510
qfq_close_right__qfq_return,qfq_parser_sensitivity,1,2024-05-28,5093,0.35663362244934066,0.016141334504613174,-0.04283990222663578,-0.08124920405929813,-0.03840930183266235,0.029469548133595258,509,-0.06410346117543365,-0.021263558948797875,0.07269155206286837,509,-0.05274641871120649,-0.009906516484570714,0.11001964636542239,509,-0.04638710672683872,-0.00354720450020294,0.12549019607843137,510,-0.04431251757114335,-0.0014726153445075718,0.12966601178781922,509,-0.04375248381957111,-0.0009125815929353284,0.1257367387033399,509,-0.041340349242684656,0.0014995529839511232,0.12352941176470589,510,-0.03285890429658354,0.009980997930052242,0.14341846758349708,509,-0.019422763464978777,0.023417138761657002,0.11591355599214148,509,-0.0023014336643287035,0.04053846856230708,0.04313725490196074,510,-0.0023014336643287035,0.04053846856230708,0.04313725490196074,510
qfq_close_right__qfq_return,qfq_parser_sensitivity,1,2024-06-04,5091,0.205136464129108,-0.013785983738691637,-0.002430782949832231,-0.025579796658439652,-0.023149013708607422,0.027504911591355596,509,-0.010879606955402908,-0.008448824005570676,0.08644400785854622,509,-0.012316032465468706,-0.009885249515636475,0.13752455795677798,509,-0.0029402594536855095,-0.0005094765038532786,0.14145383104125742,509,0.0017214232194621224,0.004152206169294353,0.14145383104125742,509,0.001984421032535036,0.004415203982367267,0.14145383104125742,509,0.004390431290379606,0.006821214240211837,0.15127701375245584,509,0.008236691894624708,0.01066747484445694,0.14538310412573674,509,0.007335581419558875,0.009766364369391106,0.0982318271119843,509,0.003727218942569123,0.006158001892401354,0.04117647058823526,510,0.003727218942569123,0.006158001892401354,0.04117647058823526,510
qfq_close_right__qfq_return,qfq_parser_sensitivity,1,2024-06-12,5099,0.03291445876406064,-0.0006627586559057364,-0.01593199235654256,-0.02668910983095954,-0.010757117474416981,0.03339882121807469,509,-0.017878738521504324,-0.0019467461649617657,0.06470588235294117,510,-0.016346925278072317,-0.00041493292152975855,0.08431372549019611,510,-0.012954101312683434,0.0029778910438591245,0.10588235294117643,510,-0.016715518036143583,-0.000783525679601025,0.13137254901960782,510,-0.015399424261427395,0.0005325680951151629,0.14313725490196083,510,-0.01040040919234422,0.005531583164198339,0.12549019607843137,510,-0.012828702769523645,0.003103289587018913,0.11176470588235299,510,-0.012833457480469993,0.003098534876072565,0.09411764705882353,510,-0.017294629269501878,-0.0013626369129593197,0.039215686274509776,510,-0.017294629269501878,-0.0013626369129593197,0.039215686274509776,510
qfq_close_right__qfq_return,qfq_parser_sensitivity,1,2024-06-19,5097,-0.1903258803830282,0.0006917810603698072,-0.029068308559676032,-0.0372260086210559,-0.008157700061379867,0.037328094302554016,509,-0.016614808510332178,0.012453500049343855,0.06666666666666665,510,-0.017959441160086825,0.011108867399589207,0.09411764705882353,510,-0.020777086478960847,0.008291222080715185,0.1198428290766208,509,-0.02539323744602357,0.003675071113652461,0.14509803921568631,510,-0.02619567586098356,0.002872632698692472,0.15098039215686276,510,-0.02628891634912687,0.0027793922105491635,0.1473477406679764,509,-0.02974187426229822,-0.0006735657026221871,0.15490196078431373,510,-0.03713879260805772,-0.008070484048381687,0.14117647058823535,510,-0.05334153270330544,-0.024273224143629406,0.06862745098039214,510,-0.05334153270330544,-0.024273224143629406,0.06862745098039214,510
qfq_close_right__qfq_return,qfq_parser_sensitivity,1,2024-06-26,5096,-0.401726470657555,-0.004128425317476979,-0.021621166806983977,0.016361299610227267,0.037982466417211244,0.01964636542239684,509,-0.005179761843039605,0.016441404963944372,0.05294117647058827,510,-0.010706433627974752,0.010914733179009225,0.08251473477406679,509,-0.013646026270047188,0.007975140536936789,0.10784313725490191,510,-0.02195436883098835,-0.0003332020240043726,0.12549019607843137,510,-0.02568855749537328,-0.0040673906883893045,0.12180746561886047,509,-0.029004824732557413,-0.007383657925573436,0.11960784313725492,510,-0.040135514088898476,-0.0185143472819145,0.12966601178781922,509,-0.04067638403109906,-0.01905521722411508,0.11568627450980395,510,-0.045529497815724365,-0.02390833100874039,0.050980392156862786,510,-0.045529497815724365,-0.02390833100874039,0.050980392156862786,510
qfq_close_right__qfq_return,qfq_parser_sensitivity,1,2024-07-03,5086,0.21143473879286467,-0.011148809362910983,0.025176369869101243,0.007695960106295968,-0.017480409762805276,0.04133858267716539,508,0.01632769287788595,-0.008848676991215294,0.06483300589390961,509,0.017268729160347433,-0.00790764070875381,0.08464566929133854,508,0.021324528079013465,-0.003851841790087778,0.10412573673870329,509,0.02479904021780341,-0.0003773296512978343,0.11591355599214148,509,0.025998437469209455,0.0008220676001082124,0.11614173228346458,508,0.03180138003347514,0.0066250101643739005,0.13752455795677798,509,0.03447259918098739,0.009296229311886148,0.1358267716535433,508,0.041355396379576775,0.016179026510475533,0.10216110019646363,509,0.030689935670583278,0.005513565801482035,0.047151277013752435,509,0.030689935670583278,0.005513565801482035,0.047151277013752435,509
qfq_close_right__qfq_return,qfq_parser_sensitivity,1,2024-07-10,5093,-0.03813901017937816,0.02200643147856652,-0.026322463783104186,-0.00838645003382029,0.017936013749283896,0.04518664047151277,509,-0.023044036604885847,0.00327842717821834,0.07858546168958747,509,-0.02839529411933787,-0.0020728303362336845,0.10216110019646363,509,-0.029386424020074155,-0.003063960236969969,0.13921568627450975,510,-0.030868122247738584,-0.004545658464634398,0.14538310412573674,509,-0.032856982274434926,-0.0065345184913307396,0.14341846758349708,509,-0.035964240524690355,-0.009641776741586169,0.15098039215686276,510,-0.03268212352116597,-0.0063596597380617854,0.13359528487229866,509,-0.03235975075027048,-0.006037286967166291,0.11591355599214148,509,-0.009289714740642817,0.017032749042461368,0.05490196078431375,510,-0.009289714740642817,0.017032749042461368,0.05490196078431375,510
qfq_close_right__qfq_return,qfq_parser_sensitivity,1,2024-07-17,5091,-0.2090907646474676,-0.013333949614729366,-0.01881095394625033,-0.006394057326146786,0.012416896620103545,0.03143418467583492,509,-0.01241501990105263,0.0063959340451977004,0.07072691552062871,509,-0.013134798577254258,0.005676155368996072,0.09037328094302555,509,-0.01568297628292445,0.003127977663325881,0.11591355599214148,509,-0.014669411839766177,0.004141542106484153,0.13948919449901764,509,-0.016894478597191995,0.0019164753490583351,0.14145383104125742,509,-0.017548790946868623,0.0012621629993817066,0.13948919449901764,509,-0.02277307065447178,-0.003962116708221448,0.11787819253438114,509,-0.0274348369872283,-0.00862388304097797,0.08840864440078589,509,-0.041118272576258406,-0.022307318630008077,0.03725490196078429,510,-0.041118272576258406,-0.022307318630008077,0.03725490196078429,510
qfq_close_right__qfq_return,qfq_parser_sensitivity,1,2024-07-24,5086,-0.18529165641019213,-0.029592827327933995,0.05869263755628283,0.07425463631777841,0.015561998761495582,0.03740157480314965,508,0.0681691313027303,0.009476493746447462,0.07269155206286837,509,0.06204592280484958,0.003353285248566748,0.10039370078740162,508,0.0619242780153893,0.003231640459106469,0.12966601178781922,509,0.05999376723450291,0.0013011296782200754,0.13555992141453832,509,0.062115100616635735,0.003422463060352904,0.14566929133858264,508,0.05644306596459466,-0.0022495715916881695,0.16110019646365425,509,0.05582007815455824,-0.002872559401724588,0.14370078740157477,508,0.045276688352092746,-0.013415949204190085,0.11787819253438114,509,0.040921948818691836,-0.017770688737590995,0.047151277013752435,509,0.040921948818691836,-0.017770688737590995,0.047151277013752435,509
qfq_close_right__qfq_return,qfq_parser_sensitivity,1,2024-07-31,5085,-0.28948213196001504,0.009586236694735208,-0.019932705747284285,0.015825609431790833,0.035758315179075115,0.03937007874015752,508,-0.0037200928671361454,0.01621261288014814,0.07858546168958747,509,-0.011636325142455575,0.00829638060482871,0.08267716535433067,508,-0.015574107772756121,0.0043585979745281635,0.10609037328094306,509,-0.01952176203192551,0.0004109437153587761,0.1220472440944882,508,-0.026266676758368246,-0.006333971011083961,0.1257367387033399,509,-0.02700224349681705,-0.0070695377495327665,0.12007874015748032,508,-0.0345235125347572,-0.014590806787472918,0.1257367387033399,509,-0.036990453224617255,-0.01705774747733297,0.10039370078740162,508,-0.03987753560178803,-0.019944829854503743,0.035363457760314354,509,-0.03987753560178803,-0.019944829854503743,0.035363457760314354,509
qfq_close_right__qfq_return,qfq_parser_sensitivity,1,2024-08-07,5087,-0.10672836744041637,-0.002722558111908267,-0.004027784875742143,-0.0006033808566566111,0.003424404019085532,0.03149606299212604,508,-0.0017382927946571845,0.002289492081084959,0.08055009823182713,509,0.0013261824170411806,0.005353967292783324,0.0982318271119843,509,-0.0039792021962430715,4.858267949907173e-05,0.10039370078740162,508,-0.001105513140288229,0.0029222717354539145,0.12180746561886047,509,-0.00027750459531043466,0.0037502802804317086,0.1257367387033399,509,-0.005830326988255771,-0.0018025421125136276,0.12401574803149606,508,-0.0028694957740743625,0.0011582891016677808,0.11787819253438114,509,-0.008446415182792376,-0.004418630307050232,0.10019646365422397,509,-0.016750617829709002,-0.012722832953966859,0.04125736738703345,509,-0.016750617829709002,-0.012722832953966859,0.04125736738703345,509
qfq_close_right__qfq_return,qfq_parser_sensitivity,1,2024-08-14,5090,-0.029335640840996692,0.01172411211832137,-0.042400995872271724,-0.03883235661558897,0.003568639256682757,0.029469548133595258,509,-0.04029001089801303,0.002110984974258691,0.07465618860510803,509,-0.041134878375096946,0.0012661174971747777,0.08840864440078589,509,-0.041761474410707,0.000639521461564721,0.0982318271119843,509,-0.04176170321594833,0.0006392926563233911,0.11787819253438114,509,-0.04606171576479602,-0.0036607198925242973,0.12180746561886047,509,-0.040138432586417826,0.0022625632858538983,0.12180746561886047,509,-0.04492834317271821,-0.0025273473004464864,0.1198428290766208,509,-0.044029554910319554,-0.0016285590380478304,0.09430255402750487,509,-0.04507148877311139,-0.0026704929008396633,0.037328094302554016,509,-0.04507148877311139,-0.0026704929008396633,0.037328094302554016,509
qfq_close_right__qfq_return,qfq_parser_sensitivity,1,2024-08-21,5091,-0.006979491882673739,-0.006793199595509482,0.011635729665701226,0.009926019429501588,-0.0017097102361996377,0.029469548133595258,509,0.011151181612144921,-0.0004845480535563048,0.0982318271119843,509,0.013128383073526111,0.001492653407824885,0.1257367387033399,509,0.012796005232377863,0.0011602755666766367,0.12377210216110024,509,0.015426587392357149,0.003790857726655923,0.14145383104125742,509,0.01413148022876969,0.002495750563068465,0.13163064833005889,509,0.014100523493867036,0.00246479382816581,0.12966601178781922,509,0.009561972194204882,-0.0020737574714963444,0.13359528487229866,509,0.007538938532786226,-0.004096791132915,0.12180746561886047,509,0.008602165318845865,-0.003033564346855361,0.0607843137254902,510,0.008602165318845865,-0.003033564346855361,0.0607843137254902,510
qfq_close_right__qfq_return,qfq_parser_sensitivity,1,2024-08-28,5089,-0.04481095295685102,-0.007154670530455906,0.015078121239972242,0.024107821053692205,0.009029699813719963,0.027559055118110187,508,0.018017982489231737,0.002939861249259495,0.08055009823182713,509,0.010013572246313333,-0.005064548993658909,0.12180746561886047,509,0.014861905833802397,-0.0002162154061698448,0.13359528487229866,509,0.015782565112006118,0.0007044438720338764,0.1473477406679764,509,0.01695380360070685,0.0018756823607346072,0.15127701375245584,509,0.013023257823973643,-0.002054863415998599,0.15520628683693516,509,0.016747987928883313,0.0016698666889110713,0.14931237721021606,509,0.014269163989808228,-0.0008089572501640135,0.10216110019646363,509,0.007020892399524075,-0.008057228840448166,0.035363457760314354,509,0.007020892399524075,-0.008057228840448166,0.035363457760314354,509
qfq_close_right__qfq_return,qfq_parser_sensitivity,1,2024-09-04,5087,-0.17874689944213992,-0.009470144395329677,-0.022372723898856486,-0.008195651197205764,0.014177072701650723,0.03937007874015752,508,-0.014633810753729541,0.007738913145126945,0.0982318271119843,509,-0.018081013188560965,0.004291710710295521,0.12770137524557956,509,-0.017884385176006084,0.0044883387228504025,0.13779527559055116,508,-0.0204832087031023,0.001889515195754185,0.1591355599214146,509,-0.028343772235293812,-0.0059710483364373255,0.15520628683693516,509,-0.02741915429607777,-0.005046430397221285,0.13779527559055116,508,-0.02921180414069318,-0.006839080241836694,0.12770137524557956,509,-0.030149714948441427,-0.007776991049584941,0.09037328094302555,509,-0.02929796800165973,-0.006925244102803242,0.035363457760314354,509,-0.02929796800165973,-0.006925244102803242,0.035363457760314354,509
qfq_close_right__qfq_return,qfq_parser_sensitivity,1,2024-09-11,5089,-0.31972594394146864,-0.021321944214591826,0.0010237918910866377,0.01920107176910011,0.018177279878013472,0.025590551181102317,508,0.016436925239394846,0.015413133348308208,0.06876227897838905,509,0.01292898344078421,0.011905191549697571,0.08840864440078589,509,0.00907860127545364,0.008054809384367001,0.08644400785854622,509,0.008689196005732478,0.00766540411464584,0.10412573673870329,509,-0.0019489432466099747,-0.0029727351376966126,0.11394891944990182,509,-0.006091330701301545,-0.007115122592388183,0.11198428290766205,509,-0.011944946919737912,-0.01296873881082455,0.09037328094302555,509,-0.015470020011407818,-0.016493811902494455,0.07072691552062871,509,-0.020605906192254785,-0.021629698083341423,0.03339882121807469,509,-0.020605906192254785,-0.021629698083341423,0.03339882121807469,509
qfq_close_right__qfq_return,qfq_parser_sensitivity,1,2024-09-20,5090,0.28479517856178155,0.026746854425879513,0.26373607638110513,0.24301784556547745,-0.02071823081562768,0.035363457760314354,509,0.2350781371174411,-0.02865793926366403,0.07858546168958747,509,0.23526198463102824,-0.028474091750076896,0.10019646365422397,509,0.24032209510357047,-0.023413981277534662,0.12377210216110024,509,0.24940529474015735,-0.014330781640947782,0.13752455795677798,509,0.2670654017245361,0.0033293253434309444,0.13948919449901764,509,0.2701127633405835,0.00637668695947835,0.14341846758349708,509,0.28118988128691924,0.017453804905814108,0.11787819253438114,509,0.2942748871991819,0.030538810818076745,0.08251473477406679,509,0.32163247310215637,0.057896396721051235,0.037328094302554016,509,0.32163247310215637,0.057896396721051235,0.037328094302554016,509
qfq_close_right__qfq_return,qfq_parser_sensitivity,1,2024-09-27,5095,0.08366894987440146,-0.008986064241706648,-0.024158247162816386,-0.03521768776716263,-0.011059440604346243,0.035363457760314354,509,-0.029018189559345552,-0.004859942396529166,0.09411764705882353,510,-0.02957481601309109,-0.005416568850274705,0.11198428290766205,509,-0.027653907504496367,-0.0034956603416799806,0.12745098039215685,510,-0.02090497394163682,0.003253273221179565,0.13359528487229866,509,-0.02366536713195938,0.0004928800308570055,0.14117647058823535,510,-0.024838460354128605,-0.0006802131913122185,0.14341846758349708,509,-0.024029086215446235,0.00012916094737015077,0.11372549019607847,510,-0.017361315409044214,0.006796931753772172,0.0982318271119843,509,-0.009332601099835303,0.014825646062981084,0.05294117647058827,510,-0.009332601099835303,0.014825646062981084,0.05294117647058827,510
qfq_close_right__qfq_return,qfq_parser_sensitivity,1,2024-10-11,5090,0.26135064530512453,-0.012504771589115954,0.03415528146408826,0.008164103404172405,-0.025991178059915854,0.04125736738703345,509,0.019275008491693706,-0.01488027297239455,0.10019646365422397,509,0.02181584957515962,-0.012339431888928637,0.13752455795677798,509,0.02083793844808101,-0.013317343016007246,0.18467583497053042,509,0.03495512746729852,0.0007998460032102653,0.22593320235756387,509,0.03973346101464621,0.005578179550557956,0.22789783889980353,509,0.04229125401444602,0.008135972550357765,0.2298624754420432,509,0.050773672722438566,0.01661839125835031,0.19842829076620827,509,0.054669988449920215,0.02051470698583196,0.1532416502946955,509,0.049036411053026266,0.01488112958893801,0.06679764243614927,509,0.049036411053026266,0.01488112958893801,0.06679764243614927,509
qfq_close_right__qfq_return,qfq_parser_sensitivity,1,2024-10-18,5097,-0.4592250625618302,-0.02230749850092607,0.06033106792983296,0.13006825096682595,0.06973718303699299,0.03143418467583492,509,0.09780051945435214,0.03746945152451918,0.09411764705882353,510,0.07374258228534786,0.013411514355514895,0.12941176470588234,510,0.06689805902808589,0.006566991098252928,0.14145383104125742,509,0.06148954775052144,0.0011584798206884794,0.17450980392156867,510,0.054674128186162824,-0.005656939743670139,0.20392156862745103,510,0.04362188575321725,-0.01670918217661571,0.2023575638506876,509,0.03402730051214284,-0.026303767417690124,0.18627450980392157,510,0.03295189640943501,-0.027379171520397955,0.14901960784313728,510,0.008153361877647564,-0.0521777060521854,0.06666666666666665,510,0.008153361877647564,-0.0521777060521854,0.06666666666666665,510
qfq_close_right__qfq_return,qfq_parser_sensitivity,1,2024-10-25,5096,-0.17195444660555853,-0.0014229004292099848,-0.014037428452683064,0.01565141801702184,0.029688846469704905,0.047151277013752435,509,-0.0014741232083746076,0.012563305244308456,0.11372549019607847,510,-0.010624598910775988,0.0034128295419070757,0.13948919449901764,509,-0.016864832243331237,-0.002827403790648173,0.16078431372549018,510,-0.012877901653177405,0.0011595267995056589,0.16470588235294115,510,-0.022765136823426593,-0.008727708370743529,0.17878192534381143,509,-0.016880013595054186,-0.0028425851423711217,0.1823529411764706,510,-0.020821158468019057,-0.006783730015335993,0.1591355599214146,509,-0.025347039106253594,-0.01130961065357053,0.13725490196078427,510,-0.02833640787342897,-0.014298979420745905,0.07450980392156858,510,-0.02833640787342897,-0.014298979420745905,0.07450980392156858,510
qfq_close_right__qfq_return,qfq_parser_sensitivity,1,2024-11-01,5093,0.11272512387523538,-0.0033286004306822786,0.09054619684619943,0.10897487275678315,0.018428675910583725,0.05304518664047153,509,0.07941110436041823,-0.011135092485781192,0.14145383104125742,509,0.07161745917854777,-0.018928737667651657,0.18860510805500985,509,0.07466488408099246,-0.015881312765206962,0.17647058823529416,510,0.0765572647084813,-0.013988932137718124,0.19449901768172884,509,0.08113104672910555,-0.009415150117093873,0.2082514734774067,509,0.09352966936865072,0.0029834725224512915,0.21372549019607845,510,0.09568295902280732,0.005136762176607898,0.20628683693516703,509,0.1007545624238894,0.010208365577689976,0.14341846758349708,509,0.12309952993282156,0.03255333308662213,0.056862745098039236,510,0.12309952993282156,0.03255333308662213,0.056862745098039236,510
qfq_close_right__qfq_return,qfq_parser_sensitivity,1,2024-11-08,5100,-0.2558444581634317,0.001318482629075287,-0.07685485045299954,-0.05929433089806419,0.01756051955493535,0.05490196078431375,510,-0.06311290002593595,0.013741950427063596,0.1352941176470588,510,-0.061124134906088055,0.015730715546911488,0.1568627450980392,510,-0.06480905596493028,0.012045794488069264,0.17450980392156867,510,-0.06822406917324882,0.008630781279750727,0.1725490196078432,510,-0.0733291121488123,0.0035257383041872453,0.18627450980392157,510,-0.0829032323612062,-0.006048381908206654,0.19215686274509802,510,-0.08680925525446774,-0.009954404801468197,0.16470588235294115,510,-0.09758900198750423,-0.020734151534504683,0.12941176470588234,510,-0.11135341180973768,-0.034498561356738136,0.04705882352941182,510,-0.11135341180973768,-0.034498561356738136,0.04705882352941182,510
qfq_close_right__qfq_return,qfq_parser_sensitivity,1,2024-11-15,5098,-0.1131187001846131,-0.016482147260527876,0.02743138908610109,0.02115740682940673,-0.006273982256694358,0.04125736738703345,509,0.038405885315563125,0.010974496229462036,0.10588235294117643,510,0.03881615740450674,0.011384768318405649,0.14117647058823535,510,0.03638435394984112,0.008952964863740028,0.1568627450980392,510,0.037564649603924576,0.010133260517823487,0.16470588235294115,510,0.03221597982430284,0.0047845907382017515,0.18860510805500985,509,0.024456867794480266,-0.002974521291620822,0.20392156862745103,510,0.022432566135525484,-0.004998822950575604,0.1705882352941176,510,0.016751865905455177,-0.010679523180645911,0.10392156862745094,510,0.0061252377224784065,-0.021306151363622683,0.03725490196078429,510,0.0061252377224784065,-0.021306151363622683,0.03725490196078429,510
qfq_close_right__qfq_return,qfq_parser_sensitivity,1,2024-11-22,5103,-0.1358131659395613,-0.006609809703647024,0.04745265229791848,0.0716195361946517,0.024166883896733216,0.045098039215686225,510,0.056983462336696586,0.009530810038778106,0.10784313725490191,510,0.049639669111995,0.0021870168140765214,0.1333333333333333,510,0.04886777978368858,0.0014151274857700999,0.14481409001956946,511,0.04251866674326766,-0.00493398555465082,0.1823529411764706,510,0.042660622139746605,-0.004792030158171874,0.20588235294117652,510,0.03319771364497377,-0.014254938652944707,0.18395303326810175,511,0.042008144595043144,-0.0054445077028753355,0.1568627450980392,510,0.04425565857391704,-0.0031969937240014373,0.11568627450980395,510,0.04280955007753321,-0.004643102220385269,0.045009784735812186,511,0.04280955007753321,-0.004643102220385269,0.045009784735812186,511
qfq_close_right__qfq_return,qfq_parser_sensitivity,1,2024-11-29,5106,-0.24543648590862358,-0.013525435760493578,0.011328437064914015,0.048646974203835756,0.03731853713892174,0.04117647058823526,510,0.022380286765953106,0.01105184970103909,0.10567514677103718,511,0.010824797701252682,-0.0005036393636613339,0.14313725490196083,510,0.007101163226260668,-0.004227273838653347,0.1545988258317026,511,0.0069808646665124536,-0.004347572398401562,0.1702544031311155,511,0.010857638750196677,-0.0004707983147173387,0.18039215686274512,510,0.00855390897192388,-0.0027745280929901348,0.15264187866927592,511,0.003910856461786845,-0.007417580603127171,0.12352941176470589,510,0.002170032562983601,-0.009158404501930414,0.10176125244618395,511,-0.008085544992568623,-0.01941398205748264,0.045009784735812186,511,-0.008085544992568623,-0.01941398205748264,0.045009784735812186,511
qfq_close_right__qfq_return,qfq_parser_sensitivity,1,2024-12-06,5105,-0.17430167283279197,-0.008477670255067063,0.008512829436729949,0.02428637679241014,0.015773547355680193,0.039215686274509776,510,0.02330774086635803,0.014794911429628082,0.10567514677103718,511,0.013824876619993012,0.005312047183263063,0.13137254901960782,510,0.013246407835554252,0.004733578398824304,0.13111545988258322,511,0.012464178570944553,0.0039513491342146045,0.1333333333333333,510,0.011767589981657205,0.0032547605449272567,0.16046966731898238,511,0.0021738838093022677,-0.006338945627427681,0.16666666666666663,510,-0.0029159017786428367,-0.011428731215372785,0.13894324853228968,511,-0.004420630660545966,-0.012933460097275914,0.11176470588235299,510,-0.00859494677355024,-0.017107776210280187,0.046966731898238745,511,-0.00859494677355024,-0.017107776210280187,0.046966731898238745,511
qfq_close_right__qfq_return,qfq_parser_sensitivity,1,2024-12-13,5106,0.3334711810863558,0.034871091979880295,-0.056446946886029435,-0.09183126210100691,-0.03538431521497747,0.050980392156862786,510,-0.08136838585574141,-0.024921438969711975,0.12328767123287676,511,-0.07186978347375582,-0.015422836587726384,0.1588235294117647,510,-0.0632017592109978,-0.006754812324968364,0.17416829745596873,511,-0.06371023138927433,-0.007263284503244892,0.18395303326810175,511,-0.05424681299209865,0.0022001338939307835,0.18627450980392157,510,-0.05123006050367996,0.0052168863823494754,0.17808219178082196,511,-0.04280134661338768,0.013645600272641757,0.14117647058823535,510,-0.03252951252370226,0.023917434362327177,0.11350293542074363,511,-0.011748731843687047,0.044698215042342386,0.050880626223091974,511,-0.011748731843687047,0.044698215042342386,0.050880626223091974,511
qfq_close_right__qfq_return,qfq_parser_sensitivity,1,2024-12-20,5112,0.1148467565353961,0.0052896056080427465,0.0002035274203870903,-0.017701125604881705,-0.017904653025268797,0.0547945205479452,511,-0.006901989350241142,-0.007105516770628232,0.09784735812133072,511,-0.0025486008307821664,-0.002752128251169257,0.13111545988258322,511,0.005254267991969604,0.005050740571582514,0.16046966731898238,511,0.0012625915249772895,0.001059064104590199,0.142578125,512,0.0007901989512729452,0.0005866715308858549,0.17221135029354206,511,0.0034407809118170464,0.003237253491429956,0.17221135029354206,511,0.0008858799652249412,0.0006823525448378509,0.13307240704500978,511,0.007807601876217886,0.0076040744558307964,0.1154598825831703,511,0.009724963288896799,0.009521435868509709,0.046875,512,0.009724963288896799,0.009521435868509709,0.046875,512
qfq_close_right__qfq_return,qfq_parser_sensitivity,1,2024-12-27,5108,-0.13168022974473634,0.0010873085642601889,-0.06171019016438922,-0.050676283140488956,0.011033907023900266,0.056862745098039236,510,-0.05630908259182239,0.0054011075725668295,0.12915851272015655,511,-0.06092707265369944,0.000783117510689782,0.16634050880626228,511,-0.05957972109919098,0.0021304690651982455,0.1819960861056752,511,-0.056675083361959464,0.005035106802429759,0.1761252446183953,511,-0.0588233447060777,0.0028868454583115197,0.18627450980392157,510,-0.06441684179244529,-0.00270665162805607,0.18590998043052842,511,-0.06891256200448885,-0.007202371840099628,0.1545988258317026,511,-0.07043068519651773,-0.008720495032128503,0.1154598825831703,511,-0.07032398292013244,-0.008613792755743213,0.043052837573385516,511,-0.07032398292013244,-0.008613792755743213,0.043052837573385516,511
qfq_close_right__qfq_return,qfq_parser_sensitivity,1,2025-01-06,5107,0.13957564114666218,0.004518221745846059,0.02204603330285754,0.01561123856145674,-0.006434794741400801,0.05294117647058827,510,0.01811505773513408,-0.003930975567723462,0.13894324853228968,511,0.01477845121254217,-0.007267582090315371,0.18003913894324852,511,0.017095348000343177,-0.004950685302514364,0.1823529411764706,510,0.017664476869517845,-0.004381556433339696,0.1976516634050881,511,0.02002706735277608,-0.0020189659500814625,0.2367906066536204,511,0.020342616471001,-0.0017034168318565412,0.22941176470588232,510,0.028230864426957155,0.006184831124099614,0.17808219178082196,511,0.03176392134161788,0.00971788803876034,0.15068493150684936,511,0.03680567677762894,0.014759643474771402,0.07045009784735812,511,0.03680567677762894,0.014759643474771402,0.07045009784735812,511
qfq_close_right__qfq_return,qfq_parser_sensitivity,1,2025-01-13,5111,0.1347019203455097,-0.004207049695847121,0.011560692721630881,-0.0025419871190919163,-0.014102679840722797,0.045009784735812186,511,0.00758258213187774,-0.003978110589753141,0.09980430528375739,511,0.005543549518954597,-0.006017143202676284,0.13894324853228968,511,0.01125201257894291,-0.0003086801426879712,0.136986301369863,511,0.011480399249252404,-8.029347237847699e-05,0.12915851272015655,511,0.01278166764911814,0.0012209749274872585,0.1487279843444227,511,0.013361902177425599,0.0018012094557947177,0.15264187866927592,511,0.013417298103297285,0.001856605381666404,0.13894324853228968,511,0.020256957510674082,0.008696264789043201,0.10176125244618395,511,0.02245123320356454,0.01089054048193366,0.0390625,512,0.02245123320356454,0.01089054048193366,0.0390625,512
qfq_close_right__qfq_return,qfq_parser_sensitivity,1,2025-01-20,5114,-0.048246307607379024,-0.014476976807230438,-0.0002736909090409285,-0.008192312196061204,-0.007918621287020276,0.02935420743639927,511,0.0013708787203349957,0.0016445696293759242,0.07632093933463802,511,0.0007862010522888428,0.0010598919613297713,0.1015625,512,-0.00192459819237423,-0.0016509072833333016,0.10371819960861062,511,0.003358354652225281,0.0036320455612662097,0.119140625,512,0.006900620610298204,0.0071743115193391325,0.12524461839530332,511,0.002057130711963717,0.0023308216210046456,0.12915851272015655,511,0.006600684821150111,0.00687437573019104,0.12109375,512,-0.0008789917686846719,-0.0006053008596437434,0.09980430528375739,511,-0.01281297345205868,-0.012539282543017751,0.046875,512,-0.01281297345205868,-0.012539282543017751,0.046875,512
qfq_close_right__qfq_return,qfq_parser_sensitivity,1,2025-01-27,5119,0.06945038478014624,-0.0034969058503337876,0.06166859983313432,0.05669442841242705,-0.004974171420707274,0.04109589041095896,511,0.05880998979258572,-0.0028586100405486037,0.09765625,512,0.053527733294320375,-0.008140866538813948,0.09765625,512,0.05755664050614084,-0.004111959326993486,0.10546875,512,0.0595939235597747,-0.002074676273359624,0.126953125,512,0.06453489990394966,0.002866300070815335,0.142578125,512,0.061728288400823506,5.968856768918257e-05,0.138671875,512,0.05964735567251945,-0.002021244160614874,0.1328125,512,0.07373014174791592,0.0120615419147816,0.10546875,512,0.07085288186232995,0.009184282029195627,0.041015625,512,0.07085288186232995,0.009184282029195627,0.041015625,512
qfq_close_right__qfq_return,qfq_parser_sensitivity,1,2025-02-11,5122,0.08696953038877295,0.0042515341954591735,0.003188437029512597,-0.0081181040088356,-0.011306541038348196,0.052734375,512,-0.0023441828889967345,-0.005532619918509332,0.125,512,-0.0013140499797995302,-0.004502487009312127,0.15234375,512,0.002689115330089214,-0.000499321699423383,0.169921875,512,0.0007127729419601916,-0.0024756640875524052,0.18128654970760238,513,0.003489604233507791,0.0003011672039951942,0.216796875,512,0.003563526320499378,0.000375089290986781,0.208984375,512,0.016760162646447987,0.013571725616935391,0.1640625,512,0.011886027604668573,0.008697590575155977,0.13671875,512,0.004561651317848793,0.0013732142883361963,0.06432748538011701,513,0.004561651317848793,0.0013732142883361963,0.06432748538011701,513
qfq_close_right__qfq_return,qfq_parser_sensitivity,1,2025-02-18,5124,0.10589099355520465,-0.0041116683269717515,0.03231883906340799,0.02616294839577485,-0.00615589066763314,0.0234375,512,0.022929580989887587,-0.009389258073520403,0.07421875,512,0.023918118542123463,-0.008400720521284526,0.10526315789473684,513,0.023767650093170632,-0.008551188970237357,0.1171875,512,0.03239130892779264,7.246986438465275e-05,0.1442495126705653,513,0.034630698203039434,0.0023118591396314447,0.15625,512,0.03608702756330562,0.003768188499897629,0.1484375,512,0.036008422380756404,0.0036895833173484147,0.12670565302144254,513,0.043196425840624414,0.010877586777216425,0.115234375,512,0.04408229409664059,0.011763455033232603,0.05458089668615984,513,0.04408229409664059,0.011763455033232603,0.05458089668615984,513
qfq_close_right__qfq_return,qfq_parser_sensitivity,1,2025-02-25,5120,-0.06832369734948628,-0.009757798628056657,-0.013660166682806535,-0.021282945462140775,-0.00762277877933424,0.03125,512,-0.010262823964005574,0.003397342718800961,0.080078125,512,-0.00927745373874381,0.004382712944062724,0.109375,512,-0.007785715625990199,0.005874451056816336,0.126953125,512,-0.00451562794261432,0.009144538740192214,0.146484375,512,-0.011096219956168258,0.0025639467266382766,0.171875,512,-0.012565551318039447,0.0010946153647670882,0.173828125,512,-0.013032442292217613,0.000627724390588922,0.146484375,512,-0.017314954732150056,-0.0036547880493435214,0.125,512,-0.02946793179599528,-0.015807765113188744,0.056640625,512,-0.02946793179599528,-0.015807765113188744,0.056640625,512
qfq_close_right__qfq_return,qfq_parser_sensitivity,1,2025-03-04,5119,-0.029336956126917432,0.000839868974840633,0.02742870028416698,0.023114101763724006,-0.004314598520442973,0.03131115459882583,511,0.02835190336497712,0.0009232030808101407,0.08203125,512,0.02440416801599627,-0.0030245322681707078,0.10546875,512,0.028500815508803335,0.0010721152246363566,0.107421875,512,0.02928598982858301,0.0018572895444160312,0.12890625,512,0.030006417558400757,0.0025777172742337782,0.158203125,512,0.031440533103998594,0.004011832819831616,0.15625,512,0.030266944952668802,0.0028382446685018235,0.140625,512,0.029725266431394583,0.002296566147227605,0.11328125,512,0.01918243536288812,-0.008246264921278858,0.05078125,512,0.01918243536288812,-0.008246264921278858,0.05078125,512
qfq_close_right__qfq_return,qfq_parser_sensitivity,1,2025-03-11,5120,-0.15991983705572943,0.0008848461793001164,0.01199868097113464,0.018488854205409296,0.006490173234274657,0.037109375,512,0.020419555635596505,0.008420874664461866,0.08984375,512,0.015468429267745925,0.003469748296611286,0.1015625,512,0.010534813123349689,-0.0014638678477849505,0.11328125,512,0.01761165121394658,0.0056129702428119425,0.142578125,512,0.019112800203005785,0.007114119231871146,0.1484375,512,0.010506084111373614,-0.001492596859761025,0.150390625,512,0.009756866249831773,-0.0022418147213028664,0.142578125,512,-0.0015886999940134061,-0.013587380965148044,0.09765625,512,-0.00032354430489937207,-0.01232222527603401,0.041015625,512,-0.00032354430489937207,-0.01232222527603401,0.041015625,512
qfq_close_right__qfq_return,qfq_parser_sensitivity,1,2025-03-18,5123,-0.28983809896596463,-0.012483480831435058,-0.0263195318370193,-0.0045550339993638425,0.02176449783765546,0.02734375,512,-0.007117135528374934,0.019202396308644367,0.078125,512,-0.016057983071030613,0.010261548765988688,0.09765625,512,-0.01499612329395787,0.011323408543061431,0.11111111111111116,513,-0.02628232444421292,3.720739280638208e-05,0.123046875,512,-0.03012145918889228,-0.0038019273518729788,0.154296875,512,-0.03247198408415026,-0.006152452247130957,0.16374269005847952,513,-0.03942473648085643,-0.013105204643837132,0.12109375,512,-0.044234824859474955,-0.017915293022455654,0.087890625,512,-0.047901660349144184,-0.021582128512124883,0.040935672514619936,513,-0.047901660349144184,-0.021582128512124883,0.040935672514619936,513
qfq_close_right__qfq_return,qfq_parser_sensitivity,1,2025-03-25,5126,0.20463591511908227,0.007271206344441352,-0.01521130743022269,-0.03461897275035984,-0.01940766532013715,0.048828125,512,-0.02519561740349199,-0.0099843099732693,0.12085769980506822,513,-0.020700606057604983,-0.005489298627382294,0.140625,512,-0.01786232384444086,-0.002651016414218171,0.15984405458089668,513,-0.017788236571122263,-0.0025769291408995736,0.19688109161793377,513,-0.008997003689363047,0.006214303740859642,0.203125,512,-0.012466735116184033,0.002744572314038657,0.19103313840155944,513,-0.00835080298839533,0.006860504441827359,0.16015625,512,-0.0033481955458401587,0.011863111884382532,0.11111111111111116,513,-0.0028076254733675416,0.012403681956855147,0.050682261208576995,513,-0.0028076254733675416,0.012403681956855147,0.050682261208576995,513
qfq_close_right__qfq_return,qfq_parser_sensitivity,1,2025-04-01,5127,-0.25609007693744495,0.013856342126683803,-0.07414331626623469,-0.04672217331316656,0.027421142953068127,0.029296875,512,-0.0522070298144987,0.021936286451735988,0.07602339181286555,513,-0.05741954436184651,0.01672377190438818,0.11111111111111116,513,-0.06322560555253225,0.010917710713702442,0.130859375,512,-0.07515744424600923,-0.0010141279797745428,0.14619883040935677,513,-0.08034839578860062,-0.0062050795223659305,0.17543859649122806,513,-0.08912733911866486,-0.014984022852430168,0.169921875,512,-0.09277229608072039,-0.018628979814485705,0.1364522417153996,513,-0.09495097970924858,-0.020807663443013893,0.09746588693957114,513,-0.08945682869106625,-0.01531351242483156,0.042884990253411304,513,-0.08945682869106625,-0.01531351242483156,0.042884990253411304,513
qfq_close_right__qfq_return,qfq_parser_sensitivity,1,2025-04-09,5130,-0.048944611462315234,0.004570319655381977,0.019175332008076952,0.023031301700545685,0.0038559696924687324,0.042884990253411304,513,0.02367120800414982,0.004495875996072866,0.14230019493177393,513,0.021587529110178468,0.002412197102101516,0.2300194931773879,513,0.019550062286615516,0.00037473027853856394,0.2651072124756335,513,0.01502760965459502,-0.0041477223534819325,0.26315789473684215,513,0.013629290407405308,-0.005546041600671644,0.26900584795321636,513,0.018476187847982762,-0.0006991441600941901,0.2651072124756335,513,0.01913767227987331,-3.7659728203642134e-05,0.24756335282651076,513,0.02005991501806746,0.0008845830099905062,0.19688109161793377,513,0.01758254377135618,-0.0015927882367207727,0.08187134502923976,513,0.01758254377135618,-0.0015927882367207727,0.08187134502923976,513
qfq_close_right__qfq_return,qfq_parser_sensitivity,1,2025-04-16,5130,-0.013500613012167111,-0.011729485139929295,0.016297023596689313,0.010695344727656216,-0.005601678869033098,0.03898635477582846,513,0.01638198758061066,8.496398392134757e-05,0.10916179337231968,513,0.012090178679116638,-0.004206844917572675,0.14814814814814814,513,0.019351540319379655,0.0030545167226903418,0.15009746588693962,513,0.018148931328246954,0.0018519077315576407,0.14619883040935677,513,0.019482413920143066,0.003185390323453753,0.14230019493177393,513,0.01935574202285854,0.003058718426169227,0.15594541910331383,513,0.020075206740654633,0.0037781831439653198,0.14230019493177393,513,0.017138587197041224,0.0008415636003519106,0.10526315789473684,513,0.010250303451185558,-0.006046720145503755,0.04873294346978563,513,0.010250303451185558,-0.006046720145503755,0.04873294346978563,513
qfq_close_right__qfq_return,qfq_parser_sensitivity,1,2025-04-23,5129,0.13249447787759164,-0.006340551920136553,0.03381255661915875,0.01841142001251088,-0.015401136606647874,0.0390625,512,0.02273893884222285,-0.011073617776935902,0.10721247563352831,513,0.0241326987528345,-0.009679857866324252,0.11890838206627685,513,0.026868573629900735,-0.006943982989258017,0.13450292397660824,513,0.029094783377675147,-0.0047177732414836054,0.14814814814814814,513,0.03794045793135368,0.004127901312194926,0.1364522417153996,513,0.04490309739770524,0.011090540778546487,0.1286549707602339,513,0.04683501689800244,0.01302246027884369,0.11695906432748537,513,0.043297402505181895,0.009484845886023142,0.10136452241715399,513,0.04387315513541524,0.010060598516256486,0.04873294346978563,513,0.04387315513541524,0.010060598516256486,0.04873294346978563,513
qfq_close_right__qfq_return,qfq_parser_sensitivity,1,2025-04-30,5097,-0.12695147094212783,-0.013181897623681386,0.01957632669207519,0.026643251472092552,0.007066924780017362,0.047151277013752435,509,0.021475685644578073,0.0018993589525028824,0.10196078431372546,510,0.020179805651464034,0.0006034789593888437,0.1098039215686275,510,0.021266208906448897,0.0016898822143737065,0.1257367387033399,509,0.021371725130751605,0.0017953984386764148,0.1470588235294118,510,0.018019577018862403,-0.0015567496732127872,0.15490196078431373,510,0.023710429650975758,0.004134102958900567,0.14145383104125742,509,0.023683647666928976,0.004107320974853786,0.11764705882352944,510,0.014940875431541642,-0.004635451260533548,0.10588235294117643,510,0.004497336641133997,-0.015078990050941193,0.045098039215686225,510,0.004497336641133997,-0.015078990050941193,0.045098039215686225,510
qfq_close_right__qfq_return,qfq_parser_sensitivity,1,2025-05-12,5124,-0.2807835294168839,-0.015755106744704893,0.016894017967662395,0.03164372847440744,0.014749710506745044,0.046875,512,0.025519484926541124,0.008625466958878728,0.087890625,512,0.028329353889261187,0.011435335921598792,0.10136452241715399,513,0.018691442607860605,0.0017974246401982093,0.125,512,0.024371678058063867,0.007477660090401472,0.14814814814814814,513,0.015867057943699102,-0.0010269600239632935,0.1328125,512,0.015326395525018558,-0.0015676224426438377,0.142578125,512,0.01207495502506997,-0.004819062942592425,0.16374269005847952,513,0.003175939877410286,-0.01371807809025211,0.130859375,512,-0.006042585809482131,-0.022936603777144526,0.04873294346978563,513,-0.006042585809482131,-0.022936603777144526,0.04873294346978563,513
qfq_close_right__qfq_return,qfq_parser_sensitivity,1,2025-05-19,5122,-0.15427556377188117,-0.010869817045008211,-0.013895265386286583,-0.008734365776099647,0.005160899610186936,0.029296875,512,-0.009513671023504377,0.004381594362782206,0.05859375,512,-0.012235078459046797,0.001660186927239786,0.0859375,512,-0.007752242993065947,0.006143022393220636,0.119140625,512,-0.010218462541958327,0.0036768028443282565,0.13450292397660824,513,-0.01259126077298882,0.0013040046132977625,0.130859375,512,-0.015463760970445996,-0.0015684955841594132,0.1171875,512,-0.015130944517468839,-0.001235679131182256,0.123046875,512,-0.02242158547223997,-0.008526320085953387,0.095703125,512,-0.024877013864106682,-0.010981748477820099,0.03703703703703709,513,-0.024877013864106682,-0.010981748477820099,0.03703703703703709,513
qfq_close_right__qfq_return,qfq_parser_sensitivity,1,2025-05-26,5120,-0.032200971033056504,-0.011366803726033142,0.019739517780726988,0.018469591190409494,-0.0012699265903174939,0.033203125,512,0.01987869949366857,0.00013918171294158288,0.07421875,512,0.022122061826080966,0.002382544045353978,0.08203125,512,0.020274498161926148,0.0005349803811991599,0.091796875,512,0.019322070194761475,-0.00041744758596551357,0.125,512,0.022276162776906357,0.0025366449961793693,0.146484375,512,0.02065038427860309,0.0009108664978761012,0.14453125,512,0.018680270918540073,-0.0010592468621869154,0.130859375,512,0.019703175872834783,-3.634190789220462e-05,0.08984375,512,0.016018263093538977,-0.0037212546871880116,0.033203125,512,0.016018263093538977,-0.0037212546871880116,0.033203125,512
qfq_close_right__qfq_return,qfq_parser_sensitivity,1,2025-06-03,5115,-0.03664517208467154,-0.011433630458280096,0.015408089071390447,0.016317810453022195,0.0009097213816317475,0.03522504892367906,511,0.01732272185781151,0.0019146327864210614,0.078125,512,0.01864273306777174,0.003234643996381294,0.1154598825831703,511,0.012795077247752012,-0.0026130118236384354,0.138671875,512,0.013595127130860588,-0.001812961940529859,0.15264187866927592,511,0.015787673962965508,0.0003795848915750608,0.166015625,512,0.014722597637483074,-0.0006854914339073735,0.1643835616438356,511,0.015156588294404277,-0.00025150077698616984,0.150390625,512,0.01685567820994793,0.0014475891385574823,0.10763209393346385,511,0.01289092484630387,-0.0025171642250865767,0.0390625,512,0.01289092484630387,-0.0025171642250865767,0.0390625,512
qfq_close_right__qfq_return,qfq_parser_sensitivity,1,2025-06-10,5128,0.07797558676187695,-0.006494231390799646,-0.01011927855936197,-0.015499273692696883,-0.005379995133334913,0.0390625,512,-0.011775889217186452,-0.0016566106578244817,0.08966861598440545,513,-0.01600515221620469,-0.005885873656842721,0.1286549707602339,513,-0.010386242652281693,-0.000266964092919722,0.1228070175438597,513,-0.011466784494143081,-0.0013475059347811107,0.13840155945419108,513,-0.01202735343206074,-0.00190807487269877,0.162109375,512,-0.007772841203162109,0.002346437356199862,0.15009746588693962,513,-0.0022181471483626353,0.007901131410999336,0.13255360623781676,513,-0.005349063414555772,0.004770215144806199,0.10721247563352831,513,-0.008706244887109992,0.001413033672251979,0.04873294346978563,513,-0.008706244887109992,0.001413033672251979,0.04873294346978563,513
qfq_close_right__qfq_return,qfq_parser_sensitivity,1,2025-06-17,5139,0.08660402570048767,-0.0010596751014389186,0.020817541825077886,0.015207299214899852,-0.0056102426101780345,0.023391812865497075,513,0.015927497140517728,-0.004890044684560158,0.07198443579766534,514,0.013089499267546574,-0.007728042557531312,0.1108949416342413,514,0.019826794772677545,-0.0009907470524003412,0.13035019455252916,514,0.026327717020204727,0.005510175195126841,0.15369649805447472,514,0.024143436077089808,0.003325894252011921,0.16147859922178986,514,0.022862623959133046,0.0020450821340551595,0.16342412451361865,514,0.02404397644230488,0.003226434617226992,0.15175097276264593,514,0.026278688252422914,0.0054611464273450275,0.12062256809338523,514,0.02045697123509041,-0.00036057058998747657,0.05642023346303504,514,0.02045697123509041,-0.00036057058998747657,0.05642023346303504,514
qfq_close_right__qfq_return,qfq_parser_sensitivity,1,2025-06-24,5139,-0.19448808376484245,-0.019519329102483468,0.01599608239106467,0.027391715842857538,0.01139563345179287,0.0292397660818714,513,0.02281854297788078,0.006822460586816112,0.0778210116731517,514,0.02043540769339709,0.00443932530233242,0.10311284046692604,514,0.021527880328400334,0.0055317979373356654,0.10700389105058361,514,0.01881954177486553,0.002823459383800863,0.1381322957198443,514,0.013285616261992525,-0.0027104661290721435,0.15175097276264593,514,0.015531748576303824,-0.00046433381476084466,0.13424124513618674,514,0.010406681411441328,-0.00558940097962334,0.13035019455252916,514,0.010127000602391831,-0.005869081788672837,0.10700389105058361,514,-0.000361141065787212,-0.01635722345685188,0.05058365758754868,514,-0.000361141065787212,-0.01635722345685188,0.05058365758754868,514
qfq_close_right__qfq_return,qfq_parser_sensitivity,1,2025-07-01,5137,-0.09989214354676766,-0.004886340090757497,0.015268690162213367,0.01942996791972842,0.004161277757515054,0.033138401559454245,513,0.014689475122048807,-0.0005792150401645602,0.08171206225680938,514,0.01578540427200247,0.0005167141097891011,0.10505836575875482,514,0.018996293747769222,0.003727603585555855,0.10916179337231968,513,0.01269432177979533,-0.002574368382418037,0.13035019455252916,514,0.01970288289505424,0.004434192732840873,0.13229571984435795,514,0.013569870434476624,-0.0016988197277367431,0.12475633528265107,513,0.015953943589279988,0.0006852534270666202,0.11673151750972766,514,0.01314386166613553,-0.0021248284960778373,0.09533073929961089,514,0.008732923117273642,-0.006535767044939725,0.04280155642023342,514,0.008732923117273642,-0.006535767044939725,0.04280155642023342,514
qfq_close_right__qfq_return,qfq_parser_sensitivity,1,2025-07-08,5137,0.12752664676785064,6.17073783033628e-05,0.00916996825283685,-0.0011675350573197055,-0.010337503310156555,0.03703703703703709,513,0.0019234998088753107,-0.007246468443961538,0.08171206225680938,514,0.007006322589048867,-0.0021636456637879825,0.10116731517509725,514,0.010321977295091815,0.0011520090422549659,0.12670565302144254,513,0.006030251249956896,-0.0031397170028799534,0.13618677042801552,514,0.009035311852489541,-0.00013465640034730775,0.1264591439688716,514,0.012819316784201593,0.003649348531364744,0.11695906432748537,513,0.00951231688652443,0.00034234863368758084,0.10700389105058361,514,0.01516993171772272,0.00599996346488587,0.09143968871595332,514,0.021037518690227335,0.011867550437390486,0.03696498054474706,514,0.021037518690227335,0.011867550437390486,0.03696498054474706,514
qfq_close_right__qfq_return,qfq_parser_sensitivity,1,2025-07-15,5140,-0.024772321362069142,0.005554616708751127,0.02156741667699251,0.02471305282971595,0.003145636152723442,0.035019455252918275,514,0.023052505732579182,0.0014850890555866726,0.0778210116731517,514,0.017981828340127074,-0.0035855883368654355,0.10116731517509725,514,0.02045992816313542,-0.001107488513857089,0.11673151750972766,514,0.021790948142051878,0.00022353146505936852,0.13229571984435795,514,0.02251898193701035,0.000951565260017842,0.12840466926070038,514,0.021546740391725622,-2.0676285266887223e-05,0.1245136186770428,514,0.021648230031369717,8.081335437720716e-05,0.09533073929961089,514,0.020138100834483853,-0.001429315842508657,0.07198443579766534,514,0.02182385036772606,0.0002564336907335506,0.03696498054474706,514,0.02182385036772606,0.0002564336907335506,0.03696498054474706,514
qfq_close_right__qfq_return,qfq_parser_sensitivity,1,2025-07-22,5135,0.18543956628641198,0.0033686102330641415,0.017429048313469166,0.0007285190971398347,-0.01670052921632933,0.03703703703703709,513,0.009788995684127322,-0.007640052629341844,0.0933852140077821,514,0.009575520326505722,-0.007853527986963444,0.1228070175438597,513,0.010316266075232103,-0.0071127822382370635,0.13424124513618674,514,0.01986772368736669,0.0024386753738975253,0.13450292397660824,513,0.0177574908714232,0.0003284425579540354,0.1400778210116731,514,0.019425408257949424,0.0019963599444802575,0.15204678362573099,513,0.026807661895789918,0.009378613582320752,0.14396887159533078,514,0.02871651210947299,0.011287463796003823,0.11695906432748537,513,0.03128920311005621,0.013860154796587042,0.054474708171206254,514,0.03128920311005621,0.013860154796587042,0.054474708171206254,514
qfq_close_right__qfq_return,qfq_parser_sensitivity,1,2025-07-29,5145,0.2107129442588149,-0.008799400357027155,0.023984398824298286,0.002894122809140268,-0.02109027601515802,0.03891050583657585,514,0.009369464816468793,-0.014614934007829494,0.10679611650485432,515,0.011152196646825274,-0.012832202177473013,0.11478599221789887,514,0.019454907216576806,-0.004529491607721481,0.09708737864077666,515,0.023779089023025612,-0.00020530980127267395,0.11867704280155644,514,0.026677222320232962,0.0026928234959346757,0.1339805825242718,515,0.03473000490071489,0.010745606076416607,0.1381322957198443,514,0.03711458450349768,0.013130185679199394,0.13786407766990294,515,0.04031757506687814,0.016333176242579857,0.11284046692607008,514,0.03434113354996242,0.010356734725664132,0.05048543689320384,515,0.03434113354996242,0.010356734725664132,0.05048543689320384,515
qfq_close_right__qfq_return,qfq_parser_sensitivity,1,2025-08-05,5139,0.05095189982339891,0.0062045152829420325,0.02269773353054836,0.018355877366911372,-0.0043418561636369875,0.025341130604288553,513,0.014514100733984509,-0.008183632796563851,0.06614785992217898,514,0.01698031540540747,-0.005717418125140889,0.08560311284046696,514,0.02066795254582258,-0.0020297809847257785,0.09922178988326846,514,0.025841087040761067,0.003143353510212707,0.11867704280155644,514,0.023077764105225863,0.00038003057467750345,0.1400778210116731,514,0.0248668038411109,0.0021690703105625396,0.15369649805447472,514,0.0252352682996972,0.0025375347691488394,0.14980544747081714,514,0.029621843681521938,0.006924110150973578,0.1264591439688716,514,0.027807875094060873,0.005110141563512513,0.054474708171206254,514,0.027807875094060873,0.005110141563512513,0.054474708171206254,514
qfq_close_right__qfq_return,qfq_parser_sensitivity,1,2025-08-12,5146,0.09711119762563772,0.014865807424874712,0.028497019448393165,0.01857300603894262,-0.009924013409450545,0.029182879377431914,514,0.0191165122251182,-0.009380507223274964,0.06601941747572815,515,0.028241121424483342,-0.00025589802390982297,0.09143968871595332,514,0.03000763646778092,0.0015106170193877541,0.10679611650485432,515,0.027698848638059076,-0.0007981708103340888,0.13009708737864079,515,0.02532409525073831,-0.003172924197654855,0.1575875486381323,514,0.03037318215142384,0.001876162703030676,0.16699029126213594,515,0.030315464625167984,0.0018184451767748189,0.15369649805447472,514,0.03457594184446718,0.006078922396074018,0.11650485436893199,515,0.04072198894308176,0.012224969494688594,0.05242718446601946,515,0.04072198894308176,0.012224969494688594,0.05242718446601946,515
qfq_close_right__qfq_return,qfq_parser_sensitivity,1,2025-08-19,5142,0.045162202399150204,0.04416522668577995,-0.00600712879721437,-0.005688245537429428,0.00031888325978494166,0.029182879377431914,514,-0.006691489306429778,-0.0006843605092154087,0.0778210116731517,514,-0.013856071524592159,-0.00784894272737779,0.10505836575875482,514,-0.011164301119891671,-0.005157172322677301,0.12256809338521402,514,-0.013980341759777318,-0.007973212962562948,0.15145631067961163,515,-0.009961104488669563,-0.003953975691455194,0.1575875486381323,514,-0.0037843274023246533,0.0022228013948897164,0.1575875486381323,514,-0.007757671551474988,-0.0017505427542606183,0.14785992217898836,514,-0.003803617558450043,0.0022035112387643265,0.1245136186770428,514,0.01658743606697056,0.02259456486418493,0.058252427184465994,515,0.01658743606697056,0.02259456486418493,0.058252427184465994,515
qfq_close_right__qfq_return,qfq_parser_sensitivity,1,2025-08-26,5143,-0.03672486803472806,0.030943368433544415,-0.02087725781245105,-0.006678892822338079,0.014198364990112972,0.023346303501945553,514,-0.02492020664612203,-0.0040429488336709805,0.07392996108949412,514,-0.024197750277267796,-0.0033204924648167454,0.09727626459143968,514,-0.030265121146145813,-0.009387863333694763,0.11262135922330097,515,-0.028434849817052205,-0.007557592004601155,0.1245136186770428,514,-0.02792265874531623,-0.007045400932865178,0.12840466926070038,514,-0.021767117768298823,-0.0008898599558477722,0.15339805825242714,515,-0.025994487798861377,-0.005117229986410326,0.142023346303502,514,-0.01855144988271403,0.002325807929737019,0.12062256809338523,514,-6.054708700097008e-05,0.02081671072545008,0.05436893203883497,515,-6.054708700097008e-05,0.02081671072545008,0.05436893203883497,515
qfq_close_right__qfq_return,qfq_parser_sensitivity,1,2025-09-02,5142,-0.20653344183714195,-0.03795927716489016,0.020901500905509948,0.02919910471502027,0.00829760380951032,0.0311284046692607,514,0.031113301583638918,0.01021180067812897,0.09533073929961089,514,0.02331676247775322,0.002415261572243272,0.13424124513618674,514,0.027534586092068332,0.006633085186558384,0.13424124513618674,514,0.025081809434750885,0.004180308529240936,0.1475728155339806,515,0.024584922304453995,0.003683421398944047,0.169260700389105,514,0.02275836722680996,0.001856866321300013,0.18287937743190663,514,0.01985013651695578,-0.001051364388554167,0.16147859922178986,514,0.012443740893060646,-0.008457760012449302,0.12062256809338523,514,-0.006821918471809249,-0.027723419377319196,0.058252427184465994,515,-0.006821918471809249,-0.027723419377319196,0.058252427184465994,515
qfq_close_right__qfq_return,qfq_parser_sensitivity,1,2025-09-09,5146,0.1350097568751611,0.023624408520826236,0.029534419583634616,0.03675704395220607,0.0072226243685714515,0.0311284046692607,514,0.012889620465010574,-0.016644799118624043,0.08932038834951461,515,0.014133230698146705,-0.01540118888548791,0.10116731517509725,514,0.019873125646320967,-0.009661293937313648,0.11262135922330097,515,0.01714341899073135,-0.012391000592903264,0.13980582524271845,515,0.02537586420677397,-0.004158555376860645,0.1556420233463035,514,0.02564844520067764,-0.0038859743829569755,0.18834951456310678,515,0.03431344759986634,0.0047790280162317254,0.1731517509727627,514,0.04471027787512341,0.015175858291488795,0.14174757281553396,515,0.06448504529493083,0.034950625711296215,0.06990291262135917,515,0.06448504529493083,0.034950625711296215,0.06990291262135917,515
qfq_close_right__qfq_return,qfq_parser_sensitivity,1,2025-09-16,5149,0.25461238162832894,0.017219633469518464,-0.013351232872767481,-0.04583119329439614,-0.03247996042162866,0.0311284046692607,514,-0.02829233352203743,-0.014941100649269949,0.07572815533980581,515,-0.021277825082333092,-0.007926592209565611,0.08737864077669899,515,-0.01745703541355248,-0.004105802540784999,0.09708737864077666,515,-0.016044327854533934,-0.002693094981766453,0.11844660194174761,515,-0.011920103496475428,0.0014311293762920528,0.12815533980582527,515,-0.008975038479718193,0.0043761943930492875,0.13786407766990294,515,-0.00327898231738379,0.010072250555383692,0.1475728155339806,515,0.00030120190371149975,0.01365243477647898,0.11650485436893199,515,0.019200240944730346,0.03255147381749783,0.05048543689320384,515,0.019200240944730346,0.03255147381749783,0.05048543689320384,515
qfq_close_right__qfq_return,qfq_parser_sensitivity,1,2025-09-23,5149,-0.03189366920934121,-0.01036623559155239,0.008120175091766435,0.00477072252050173,-0.003349452571264705,0.03307392996108949,514,0.011697607692519523,0.003577432600753088,0.09514563106796114,515,0.010142785748639907,0.0020226106568734716,0.11844660194174761,515,0.004231053394048412,-0.003889121697718023,0.12815533980582527,515,0.005877716987000637,-0.0022424581047657977,0.15533980582524276,515,0.01250800661516848,0.004387831523402046,0.1631067961165048,515,0.006072668501769504,-0.002047506589996931,0.15922330097087378,515,0.007909894269733904,-0.00021028082203253078,0.15533980582524276,515,0.0038513312870304137,-0.004268843804736021,0.12233009708737863,515,0.014133460109851314,0.006013285018084879,0.04854368932038833,515,0.014133460109851314,0.006013285018084879,0.04854368932038833,515
qfq_close_right__qfq_return,qfq_parser_sensitivity,1,2025-09-30,5147,-0.3713731388143537,-0.03435101476812062,-0.013444273319690876,0.00924735353225376,0.022691626851944636,0.03307392996108949,514,0.012123722518818677,0.025567995838509553,0.08932038834951461,515,0.0015352403243024662,0.014979513643993341,0.10873786407766994,515,0.0010822443237295187,0.014526517643420394,0.12062256809338523,514,-0.009451151565665566,0.00399312175402531,0.1320388349514563,515,-0.012010672048418276,0.0014336012712725995,0.14368932038834947,515,-0.01618741241696441,-0.0027431390972735333,0.15175097276264593,514,-0.028685883631878857,-0.015241610312187981,0.13980582524271845,515,-0.03158550229887873,-0.01814122897918785,0.11650485436893199,515,-0.06044373017615278,-0.0469994568564619,0.05436893203883497,515,-0.06044373017615278,-0.0469994568564619,0.05436893203883497,515
qfq_close_right__qfq_return,qfq_parser_sensitivity,1,2025-10-15,5147,-0.35994615643698996,-0.004306292023487513,0.007050082609612507,0.036996719470342644,0.02994663686073014,0.029182879377431914,514,0.02943897772090329,0.02238889511129078,0.08932038834951461,515,0.01510346312470683,0.008053380515094322,0.12427184466019414,515,0.012950875718070824,0.005900793108458317,0.1264591439688716,514,0.003337836386460779,-0.003712246223151728,0.15339805825242714,515,0.0058533545675014415,-0.0011967280421110657,0.1747572815533981,515,0.0025429630184770654,-0.004507119591135441,0.18093385214007784,514,-0.007344762574053307,-0.014394845183665815,0.1766990291262136,515,-0.01305218261046552,-0.020102265220078026,0.14368932038834947,515,-0.015265563754211097,-0.022315646363823605,0.058252427184465994,515,-0.015265563754211097,-0.022315646363823605,0.058252427184465994,515
qfq_close_right__qfq_return,qfq_parser_sensitivity,1,2025-10-22,5151,0.2460831977848777,0.01873309094132667,0.007068232436662713,-0.01822485712285937,-0.025293089559522083,0.03689320388349515,515,-0.006505418403375331,-0.013573650840038044,0.09126213592233012,515,-0.0028118295113871714,-0.009880061948049884,0.10679611650485432,515,-0.0006921779749393876,-0.0077604104116021,0.10873786407766994,515,0.007501481499270867,0.00043324906260815404,0.12233009708737863,515,0.009882144846573298,0.0028139124099105855,0.13786407766990294,515,0.013111634199780807,0.006043401763118094,0.15533980582524276,515,0.014431519163053968,0.0073632867263912554,0.13786407766990294,515,0.020874771245136654,0.01380653880847394,0.10097087378640779,515,0.0330645780843094,0.025996345647646683,0.046511627906976716,516,0.0330645780843094,0.025996345647646683,0.046511627906976716,516
qfq_close_right__qfq_return,qfq_parser_sensitivity,1,2025-10-29,5153,-0.2990046417149048,-0.022318430636567726,0.021526895542687326,0.03983715048198905,0.01831025493930172,0.03300970873786413,515,0.03601705927848736,0.014490163735800036,0.08543689320388348,515,0.03174120685320824,0.010214311310520915,0.11067961165048545,515,0.027794564038973825,0.0062676684962864986,0.1414728682170543,516,0.024785153316080003,0.003258257773392677,0.13786407766990294,515,0.025947694077863022,0.0044207985351756955,0.14174757281553396,515,0.020072696181476547,-0.0014541993612107798,0.16666666666666663,516,0.01098055937277071,-0.010546336169916617,0.14951456310679612,515,0.004518091907971358,-0.01700880363471597,0.11262135922330097,515,-0.006380377743788809,-0.027907273286476134,0.054263565891472854,516,-0.006380377743788809,-0.027907273286476134,0.054263565891472854,516
qfq_close_right__qfq_return,qfq_parser_sensitivity,1,2025-11-05,5154,-0.28190471794959987,-0.024141650728138085,0.014924212154237365,0.040290974854523265,0.0253667627002859,0.031067961165048508,515,0.027730114458263906,0.012805902304026541,0.08737864077669899,515,0.025485833088181458,0.010561620933944093,0.1298449612403101,516,0.022221130278291288,0.007296918124053923,0.15922330097087378,515,0.016576704185503787,0.001652492031266422,0.15116279069767447,516,0.009082872517623334,-0.0058413396366140315,0.1456310679611651,515,0.005708166690198441,-0.009216045464038924,0.1747572815533981,515,0.01305926204500578,-0.0018649501092315845,0.16279069767441856,516,-0.0023283385473337756,-0.01725255070157114,0.12815533980582527,515,-0.008559094835391337,-0.0234833069896287,0.06201550387596899,516,-0.008559094835391337,-0.0234833069896287,0.06201550387596899,516
qfq_close_right__qfq_return,qfq_parser_sensitivity,1,2025-11-12,5160,-0.09060345238519678,-0.006021060991519964,-0.030790847652463073,-0.031103386218142234,-0.00031253856567916086,0.03100775193798455,516,-0.026026057395629004,0.004764790256834069,0.08139534883720934,516,-0.023549931134391487,0.007240916518071586,0.12596899224806202,516,-0.025559450372560813,0.00523139727990226,0.15697674418604646,516,-0.02874534645382393,0.0020455011986391415,0.16085271317829453,516,-0.030285507753204318,0.0005053398992587547,0.16860465116279066,516,-0.03382228686091011,-0.0030314392084470343,0.16085271317829453,516,-0.03224105749080598,-0.00145020983834291,0.14341085271317833,516,-0.03641549354141749,-0.005624645888954415,0.10658914728682167,516,-0.04015995930374537,-0.009369111651282298,0.04263565891472865,516,-0.04015995930374537,-0.009369111651282298,0.04263565891472865,516
qfq_close_right__qfq_return,qfq_parser_sensitivity,1,2025-11-19,5160,0.1855849508127233,0.008467526516165755,-0.009681953972914409,-0.02498094894933276,-0.015298994976418352,0.04069767441860461,516,-0.014781157892360506,-0.0050992039194460975,0.10658914728682167,516,-0.014503857299558446,-0.004821903326644037,0.1298449612403101,516,-0.011647395850842556,-0.001965441877928147,0.1414728682170543,516,-0.01246055990446504,-0.0027786059315506317,0.1531007751937985,516,-0.008114605185973806,0.0015673487869406026,0.15116279069767447,516,-0.00941945982845267,0.000262494144461738,0.13759689922480622,516,-0.002798427497696845,0.006883526475217564,0.10658914728682167,516,0.0013854108479887163,0.011067364820903125,0.08333333333333337,516,0.000501461831549821,0.010183415804464229,0.04069767441860461,516,0.000501461831549821,0.010183415804464229,0.04069767441860461,516
qfq_close_right__qfq_return,qfq_parser_sensitivity,1,2025-11-26,5151,-0.05942540823588999,0.0036993782976421554,-0.002199999145625131,0.004107903659121813,0.006307902804746944,0.029126213592232997,515,0.004745044442249589,0.00694504358787472,0.08349514563106797,515,-0.0003805758726553171,0.001819423272969814,0.11844660194174761,515,-0.002357665500179358,-0.000157666354554227,0.13592233009708743,515,-0.003069252663385415,-0.0008692535177602838,0.14951456310679612,515,-0.00571922319592541,-0.003519224050300279,0.15922330097087378,515,-0.003834656244975306,-0.001634657099350175,0.13592233009708743,515,-0.00662365513527961,-0.004423655989654479,0.10873786407766994,515,-0.006050872555550433,-0.0038508734099253015,0.09320388349514563,515,-0.002815842577183398,-0.000615843431558267,0.036821705426356544,516,-0.002815842577183398,-0.000615843431558267,0.036821705426356544,516
qfq_close_right__qfq_return,qfq_parser_sensitivity,1,2025-12-03,5157,0.2175471197550514,0.02212513994780919,0.0009477297257673156,-0.014385555179413272,-0.015333284905180588,0.027184466019417486,515,-0.011799178205992956,-0.012746907931760271,0.08139534883720934,516,-0.007910884558044961,-0.008858614283812277,0.11627906976744184,516,0.0003060133985805956,-0.0006417163271867201,0.13786407766990294,515,-0.0027269360576905,-0.0036746657834578157,0.15116279069767447,516,0.0020119018494400244,0.0010641721236727087,0.1414728682170543,516,0.0026962267342844452,0.0017484970085171296,0.14174757281553396,515,0.004655751917098682,0.0037080221913313666,0.13178294573643412,516,0.008899867000558137,0.007952137274790822,0.09302325581395354,516,0.027702519614233097,0.02675478988846578,0.03875968992248058,516,0.027702519614233097,0.02675478988846578,0.03875968992248058,516
qfq_close_right__qfq_return,qfq_parser_sensitivity,1,2025-12-10,5153,0.002178989012645394,-0.017804632941742202,-0.006013283312274272,-0.010977768399898594,-0.004964485087624322,0.03689320388349515,515,-0.00684402624761586,-0.0008307429353415878,0.09126213592233012,515,-0.009913197485581577,-0.003899914173307305,0.12233009708737863,515,-0.0019239201693477398,0.004089363142926532,0.13372093023255816,516,-0.002155995084602775,0.003857288227671497,0.1456310679611651,515,-0.009846917227684333,-0.0038336339154100615,0.13592233009708743,515,-0.0067698379094840565,-0.0007565545972097847,0.13178294573643412,516,-0.00475127518139506,0.0012620081308792122,0.12815533980582527,515,-0.0022733342510638135,0.0037399490612104584,0.09320388349514563,515,-0.004685610644154031,0.0013276726681202408,0.04069767441860461,516,-0.004685610644154031,0.0013276726681202408,0.04069767441860461,516
qfq_close_right__qfq_return,qfq_parser_sensitivity,1,2025-12-17,5160,0.14922294732743605,-0.023184195531106195,0.039089336070945405,0.027752722068113314,-0.01133661400283209,0.04069767441860461,516,0.032382541370296294,-0.00670679470064911,0.10658914728682167,516,0.03524092735546687,-0.003848408715478535,0.1356589147286822,516,0.034979206825405555,-0.004110129245539849,0.13372093023255816,516,0.03901532433646293,-7.401173448247367e-05,0.1531007751937985,516,0.03538475863492318,-0.003704577436022226,0.16085271317829453,516,0.043018393739324805,0.0039290576683794,0.13178294573643412,516,0.04548626023085319,0.006396924159907787,0.11821705426356588,516,0.04726524011518912,0.008175904044243718,0.09496124031007747,516,0.05036798603341873,0.011278649962473325,0.036821705426356544,516,0.05036798603341873,0.011278649962473325,0.036821705426356544,516
qfq_close_right__qfq_return,qfq_parser_sensitivity,1,2025-12-24,5165,0.227991580073891,0.003867541947589202,0.013861830300482887,-0.006564392676068562,-0.020426222976551448,0.03100775193798455,516,-0.0001711150309764489,-0.014032945331459335,0.07350096711798837,517,0.006763390652440872,-0.007098439648042015,0.10465116279069764,516,0.009457162197795849,-0.004404668102687038,0.11992263056092844,517,0.011469742309077382,-0.0023920879914055056,0.11434108527131781,516,0.01760128859841359,0.003739458297930702,0.12379110251450676,517,0.01980854963289293,0.0059467193324100436,0.12403100775193798,516,0.022180647232243295,0.008318816931760408,0.1083172147001934,517,0.027855192067286556,0.013993361766803668,0.08139534883720934,516,0.0301985407886155,0.01633671048813261,0.03868471953578334,517,0.0301985407886155,0.01633671048813261,0.03868471953578334,517
qfq_close_right__qfq_return,qfq_parser_sensitivity,1,2025-12-31,5171,0.10377806931614676,-0.008428604779160636,0.06270973061011083,0.04207978924892398,-0.02062994136118685,0.03675048355899424,517,0.05213324919559794,-0.010576481414512888,0.0812379110251451,517,0.056516869084352536,-0.006192861525758292,0.10444874274661509,517,0.0581435379266253,-0.004566192683485529,0.12765957446808507,517,0.06213949865760698,-0.000570231952503851,0.15280464216634426,517,0.06402431319551245,0.0013145825854016246,0.15280464216634426,517,0.0693298477238095,0.00662011711369867,0.13926499032882012,517,0.07626196963768458,0.013552239027573756,0.13926499032882012,517,0.07898030907886616,0.016270578468755334,0.11798839458413923,517,0.06747869804374655,0.0047689674336357235,0.050193050193050204,518,0.06747869804374655,0.0047689674336357235,0.050193050193050204,518
qfq_close_right__qfq_return,qfq_parser_sensitivity,1,2026-01-09,5172,0.05356092915007118,-0.005277998357914956,0.00044419031390915324,-0.00706988805675499,-0.007514078370664144,0.04061895551257255,517,-0.004963089998498985,-0.005407280312408139,0.09090909090909094,517,0.0017626019316002444,0.0013184116176910912,0.12185686653771766,517,1.157950292704367e-05,-0.0004326108109821096,0.14506769825918764,517,0.00034986736088738374,-9.43229530217695e-05,0.18146718146718144,518,0.00526792200215537,0.0048237316882462165,0.19148936170212771,517,0.0012944823820576746,0.0008502920681485213,0.18375241779497098,517,0.002055806925436636,0.001611616611527483,0.16634429400386852,517,-0.002633189411995118,-0.003077379725904271,0.12572533849129597,517,0.008350699888854753,0.0079065095749456,0.05405405405405406,518,0.008350699888854753,0.0079065095749456,0.05405405405405406,518
qfq_close_right__qfq_return,qfq_parser_sensitivity,1,2026-01-16,5172,-0.23735384857849168,-0.04317604170352163,0.015244048512399772,0.03347114641358544,0.018227097901185665,0.03288201160541582,517,0.027216652457965947,0.011972603945566176,0.0831721470019342,517,0.020444643022068554,0.005200594509668782,0.1083172147001934,517,0.020608332758594732,0.005364284246194961,0.1334622823984526,517,0.015041802905109192,-0.00020224560729057914,0.1718146718146718,518,0.015079197393372304,-0.00016485111902746728,0.17021276595744683,517,0.008087570134385234,-0.007156478378014537,0.15667311411992269,517,0.009552374311029262,-0.0056916742013705095,0.1373307543520309,517,0.003928288874468841,-0.01131575963793093,0.12185686653771766,517,-0.0009577937696198655,-0.016201842282019638,0.055984555984555984,518,-0.0009577937696198655,-0.016201842282019638,0.055984555984555984,518
qfq_close_right__qfq_return,qfq_parser_sensitivity,1,2026-01-23,5177,-0.11344434039588139,0.020628127711136347,-0.04021149810205333,-0.038906673345852114,0.0013048247562012158,0.03868471953578334,517,-0.033186421360145726,0.007025076741907603,0.09652509652509655,518,-0.03365609639820859,0.006555401703844742,0.1138996138996139,518,-0.03652914414947258,0.0036823539525807497,0.1334622823984526,517,-0.04150703131313653,-0.001295533211083201,0.14864864864864868,518,-0.0394258769648015,0.0007856211372518282,0.15444015444015446,518,-0.04161265366828093,-0.0014011555662276007,0.14313346228239843,517,-0.04865884408977099,-0.00844734598771766,0.12548262548262545,518,-0.04330431374071463,-0.003092815638661303,0.10424710424710426,518,-0.04532100316555017,-0.00510950506349684,0.0424710424710425,518,-0.04532100316555017,-0.00510950506349684,0.0424710424710425,518
qfq_close_right__qfq_return,qfq_parser_sensitivity,1,2026-01-30,5171,-0.09991085666163983,-0.026365520063096337,0.03866250193046325,0.04339392226326654,0.004731420332803292,0.046421663442940075,517,0.04240586391800431,0.0037433619875410634,0.11025145067698261,517,0.0412343690807564,0.0025718671502931514,0.14893617021276595,517,0.03912920219704685,0.00046670026658360286,0.17214700193423593,517,0.03832741845953571,-0.00033508347092753993,0.17988394584139267,517,0.037848225853611396,-0.0008142760768518539,0.19535783365570603,517,0.03914532766202012,0.00048282573155686986,0.19729206963249513,517,0.03789845181823299,-0.000764050112230262,0.14506769825918764,517,0.03425861822694045,-0.0044038837035228,0.10444874274661509,517,0.032994582918085005,-0.005667919012378245,0.05212355212355213,518,0.032994582918085005,-0.005667919012378245,0.05212355212355213,518
qfq_close_right__qfq_return,qfq_parser_sensitivity,1,2026-02-06,5175,0.026837442797441075,-0.019014163417510818,0.004435282018845934,-0.0026100893510703988,-0.007045371369916333,0.029013539651837505,517,0.0026750804629782233,-0.0017602015558677107,0.08108108108108103,518,0.003321346549521301,-0.001113935469324633,0.11798839458413923,517,0.00481264977583318,0.0003773677569872463,0.1216216216216216,518,0.006299627434319199,0.001864345415473265,0.1334622823984526,517,0.0060656167201651465,0.0016303347013192125,0.1505791505791506,518,0.007690436123292007,0.003255154104446073,0.14700193423597674,517,0.011109863418098045,0.006674581399252111,0.14478764478764483,518,0.0033651335037917056,-0.0010701485150542284,0.11025145067698261,517,0.0016152212738583976,-0.002820060744987536,0.0424710424710425,518,0.0016152212738583976,-0.002820060744987536,0.0424710424710425,518
qfq_close_right__qfq_return,qfq_parser_sensitivity,1,2026-02-13,5180,-0.12262898310326274,0.0014256485848354048,-0.028134705061888577,-0.00803890780711848,0.0200957972547701,0.027027027027026973,518,-0.014832826326092915,0.013301878735795662,0.05984555984555984,518,-0.0272469117363286,0.0008877933255599761,0.084942084942085,518,-0.03260775750877651,-0.004473052446887931,0.10424710424710426,518,-0.0359397682217694,-0.007805063159880821,0.11969111969111967,518,-0.0311850581304348,-0.003050353068546223,0.12741312741312738,518,-0.03874512587625045,-0.010610420814361875,0.1428571428571429,518,-0.03253454876639338,-0.004399843704504806,0.13320463320463316,518,-0.03176941236735227,-0.0036347073054636934,0.10038610038610041,518,-0.028446733878368977,-0.00031202881648039957,0.044401544401544424,518,-0.028446733878368977,-0.00031202881648039957,0.044401544401544424,518
qfq_close_right__qfq_return,qfq_parser_sensitivity,1,2026-03-02,5175,0.02458862596617766,-0.007683353784181583,0.0344449375728442,0.02487896379764817,-0.009565973775196027,0.044487427466150864,517,0.027434327327837155,-0.007010610245007043,0.13127413127413123,518,0.03391249447507405,-0.0005324430977701466,0.17214700193423593,517,0.03537329034821623,0.0009283527753720308,0.1795366795366795,518,0.03815764673394535,0.003712709161101155,0.1856866537717602,517,0.03319123275533102,-0.0012537048175131765,0.193050193050193,518,0.03554117752441742,0.0010962399515732218,0.18375241779497098,517,0.04603618207349072,0.011591244500646525,0.1795366795366795,518,0.036057564764062196,0.0016126271912179982,0.15667311411992269,517,0.03385939778060289,-0.0005855397922413103,0.061776061776061764,518,0.03385939778060289,-0.0005855397922413103,0.061776061776061764,518
qfq_close_right__qfq_return,qfq_parser_sensitivity,1,2026-03-09,5183,-0.2957721562105484,-0.0057585800444659935,-0.03247247578995043,0.0058811653031071946,0.038353641093057625,0.04054054054054057,518,-0.019344445568243124,0.013128030221707308,0.08880308880308885,518,-0.02219102371036419,0.010281452079586244,0.12355212355212353,518,-0.030924065999190245,0.001548409790760187,0.1368015414258189,519,-0.03521250946670766,-0.0027400336767572295,0.14671814671814676,518,-0.0356676061481386,-0.003195130358188171,0.1563706563706564,518,-0.042552964434742824,-0.010080488644792392,0.140655105973025,519,-0.04326262127584406,-0.010790145485893625,0.13899613899613905,518,-0.04771097102188021,-0.015238495231929779,0.12355212355212353,518,-0.053682298778576575,-0.021209822988626142,0.048169556840077066,519,-0.053682298778576575,-0.021209822988626142,0.048169556840077066,519
qfq_close_right__qfq_return,qfq_parser_sensitivity,1,2026-03-16,5182,0.03424379409283002,0.04867350847503485,-0.0536722989957653,-0.05494632787945609,-0.0012740288836907906,0.03474903474903479,518,-0.05386095967207892,-0.00018866067631362338,0.08108108108108103,518,-0.05318617927205397,0.0004861197237113271,0.1138996138996139,518,-0.05249974573151524,0.0011725532642500591,0.1293436293436293,518,-0.05815064868193331,-0.004478349686168011,0.1329479768786127,519,-0.05567717057459472,-0.0020048715788294202,0.1428571428571429,518,-0.05742223007857251,-0.0037499310828072105,0.13320463320463316,518,-0.05809429701942101,-0.004421998023655713,0.12548262548262545,518,-0.05363749696046696,3.4802035298334144e-05,0.11196911196911197,518,-0.03926709789338311,0.014405201102382185,0.046242774566473965,519,-0.03926709789338311,0.014405201102382185,0.046242774566473965,519
qfq_close_right__qfq_return,qfq_parser_sensitivity,1,2026-03-23,5183,-0.12004936817403689,-0.020212678031139436,0.008048732939729068,0.01611511516454162,0.008066382224812551,0.05212355212355213,518,0.013602944285644934,0.005554211345915865,0.10810810810810811,518,0.005229506084832329,-0.0028192268548967395,0.1216216216216216,518,0.011535047989545745,0.003486315049816677,0.1348747591522158,519,0.009107685011043863,0.0010589520713147945,0.14092664092664098,518,0.004694802750829122,-0.0033539301888999467,0.1428571428571429,518,0.014632844964089585,0.006584112024360517,0.1368015414258189,519,0.002704116080522167,-0.005344616859206902,0.12548262548262545,518,0.005639067315325344,-0.002409665624403724,0.11196911196911197,518,-0.0027723511043544736,-0.010821084044083542,0.046242774566473965,519,-0.0027723511043544736,-0.010821084044083542,0.046242774566473965,519
qfq_close_right__qfq_return,qfq_parser_sensitivity,1,2026-03-30,5174,0.3668049152365918,0.058438437771838575,0.03175982077669711,0.00029260953371094733,-0.03146721124298616,0.04255319148936165,517,0.0077996200665472895,-0.023960200710149822,0.1083172147001934,517,0.018434714042722466,-0.013325106733974645,0.1138996138996139,518,0.02601897160834717,-0.005740849168349941,0.11605415860735013,517,0.028402206708207506,-0.0033576140684896047,0.15444015444015446,518,0.035919207398551756,0.004159386621854645,0.15087040618955516,517,0.037557576088582664,0.005797755311885554,0.14313346228239843,517,0.04358115446501467,0.011821333688317559,0.13127413127413123,518,0.05483910784768663,0.023079287070989517,0.10058027079303677,517,0.06469873145139003,0.03293891067469292,0.04054054054054057,518,0.06469873145139003,0.03293891067469292,0.04054054054054057,518
qfq_close_right__qfq_return,qfq_parser_sensitivity,1,2026-04-07,5181,0.25600224482953615,0.052040566902535154,0.006480916107151347,-0.010604573455355603,-0.01708548956250695,0.050193050193050204,518,-0.010754777204422916,-0.017235693311574263,0.09652509652509655,518,-0.004010636846254334,-0.01049155295340568,0.10617760617760619,518,0.003194874357790442,-0.0032860417493609045,0.11196911196911197,518,0.00395045619637786,-0.0025304599107734867,0.11003861003861004,518,0.005344411713255466,-0.0011365043938958803,0.12741312741312738,518,0.008776827849753152,0.002295911742601806,0.14478764478764483,518,0.013956439271698342,0.007475523164546995,0.12548262548262545,518,0.024365710078856125,0.01788479397170478,0.09459459459459463,518,0.030543975327536194,0.024063059220384847,0.040462427745664775,519,0.030543975327536194,0.024063059220384847,0.040462427745664775,519
qfq_close_right__qfq_return,qfq_parser_sensitivity,1,2026-04-14,5190,0.2598710380114862,0.03971524833735237,0.026751185164299196,-0.000417203430401748,-0.027168388594700943,0.040462427745664775,519,0.010773131530767725,-0.01597805363353147,0.07514450867052025,519,0.014818667712493629,-0.011932517451805567,0.10019267822736033,519,0.01739799306203947,-0.009353192102259725,0.138728323699422,519,0.023760346894907983,-0.0029908382693912133,0.1541425818882466,519,0.024427397215715022,-0.002323787948584174,0.1599229287090559,519,0.03406214019686849,0.007310955032569295,0.16570327552986508,519,0.03855051386569625,0.011799328701397056,0.1579961464354528,519,0.04534545752428499,0.018594272359985793,0.1310211946050096,519,0.058793407070620175,0.03204222190632098,0.05780346820809246,519,0.058793407070620175,0.03204222190632098,0.05780346820809246,519
qfq_close_right__qfq_return,qfq_parser_sensitivity,1,2026-04-21,5190,-0.14081360431743856,-3.618937541579884e-05,-0.004689047810155005,0.00988736522530865,0.014576413035463656,0.028901734104046284,519,-0.0011935553675351074,0.0034954924426198975,0.07129094412331405,519,0.002855300965052486,0.007544348775207491,0.10789980732177262,519,-0.00030629999026618037,0.004382747819888825,0.12716763005780352,519,-0.006874914774387424,-0.0021858669642324195,0.138728323699422,519,-0.008452943723996562,-0.003763895913841557,0.1522157996146436,519,-0.007783634363970133,-0.003094586553815128,0.1445086705202312,519,-0.007135473399613577,-0.0024464255894585726,0.1329479768786127,519,-0.014272084945011733,-0.009583037134856729,0.10211946050096343,519,-0.013614237727130472,-0.008925189916975468,0.040462427745664775,519,-0.013614237727130472,-0.008925189916975468,0.040462427745664775,519
qfq_close_right__qfq_return,qfq_parser_sensitivity,1,2026-04-28,5178,0.2957204500528182,0.056769761947474594,0.05121486159118815,0.021039858010552415,-0.030175003580635733,0.048355899419729176,517,0.020077515103010708,-0.03113734648817744,0.11196911196911197,518,0.030422018067872345,-0.020792843523315802,0.14864864864864868,518,0.036921471230632656,-0.014293390360555491,0.19111969111969107,518,0.04532439837338725,-0.005890463217800901,0.20463320463320467,518,0.045060980976435315,-0.0061538806147528324,0.17988394584139267,517,0.057747192925005984,0.006532331333817837,0.17760617760617758,518,0.06753174537237017,0.01631688378118202,0.14671814671814676,518,0.08639171248547656,0.03517685089428841,0.1138996138996139,518,0.10156159038606587,0.05034672879487772,0.05212355212355213,518,0.10156159038606587,0.05034672879487772,0.05212355212355213,518
qfq_close_right__qfq_return,qfq_parser_sensitivity,1,2026-05-08,5180,0.10813235077274379,0.04445358210917547,-0.021507753075471158,-0.034058706459619746,-0.012550953384148588,0.0791505791505791,518,-0.029871894463045893,-0.008364141387574735,0.11969111969111967,518,-0.029911810355191103,-0.008404057279719945,0.1293436293436293,518,-0.025117970437001598,-0.00361021736153044,0.16795366795366795,518,-0.02789807045491112,-0.006390317379439962,0.19111969111969107,518,-0.025225206251122626,-0.003717453175651468,0.18725868725868722,518,-0.022983784488219673,-0.001476031412748515,0.15830115830115832,518,-0.013361700569627202,0.008146052505843956,0.1428571428571429,518,-0.01317423606609707,0.008333517009374089,0.13899613899613905,518,0.006525848790124446,0.028033601865595604,0.06756756756756754,518,0.006525848790124446,0.028033601865595604,0.06756756756756754,518
qfq_close_right__qfq_return,qfq_parser_sensitivity,1,2026-05-15,5184,0.1833550020452656,0.08492212632511495,-0.007296514615050348,-0.018971192960194245,-0.011674678345143897,0.04633204633204635,518,-0.024240174235581093,-0.016943659620530745,0.10424710424710426,518,-0.023812229269761863,-0.016515714654711515,0.1368015414258189,519,-0.021873614166995056,-0.014577099551944708,0.16216216216216217,518,-0.01387493588243411,-0.006578421267383762,0.16570327552986508,519,-0.012891746319325778,-0.0055952317042754305,0.15830115830115832,518,-0.011445448822956136,-0.004148934207905788,0.1428571428571429,518,0.0005083614153231986,0.007804876030373546,0.1483622350674374,519,0.008595592614267792,0.01589210722931814,0.14478764478764483,518,0.04496885901819337,0.05226537363324372,0.07514450867052025,519,0.04496885901819337,0.05226537363324372,0.07514450867052025,519
qfq_close_right__qfq_return,qfq_parser_sensitivity,1,2026-05-22,5191,-0.37953760944475246,-0.05356643585338258,-0.036930406136209765,0.0027762704200583886,0.03970667655626815,0.042389210019267876,519,-0.009920734943377758,0.027009671192832006,0.09441233140655103,519,-0.016332648265327866,0.0205977578708819,0.11368015414258192,519,-0.027189286845061045,0.00974111929114872,0.12331406551059731,519,-0.03060476447318963,0.006325641663020135,0.1502890173410405,519,-0.03422020528361173,0.0027102008525980367,0.17341040462427748,519,-0.042913845408689255,-0.0059834392724794905,0.161849710982659,519,-0.06022976953527247,-0.023299363399062703,0.1560693641618497,519,-0.06575483932690886,-0.028824433190699092,0.12138728323699421,519,-0.0848219611015549,-0.04789155496534514,0.04230769230769227,520,-0.0848219611015549,-0.04789155496534514,0.04230769230769227,520
qfq_close_right__qfq_return,qfq_parser_sensitivity,1,2026-05-29,5190,0.08711903666860137,0.11080577131475018,-0.04701273805242643,-0.04556998557676203,0.0014427524756644022,0.048169556840077066,519,-0.05844143103395351,-0.011428692981527079,0.12331406551059731,519,-0.0586243919356756,-0.011611653883249168,0.1522157996146436,519,-0.05864483851492498,-0.011632100462498553,0.18689788053949907,519,-0.05039913559591129,-0.0033863975434848606,0.21001926782273606,519,-0.050029730336337966,-0.0030169922839115362,0.21772639691714835,519,-0.05617603089782277,-0.00916329284539634,0.20231213872832365,519,-0.04397894580169036,0.0030337922507360712,0.17919075144508667,519,-0.03312701858964513,0.013885719462781297,0.1502890173410405,519,-0.015135872241540558,0.03187686581088587,0.055876685934489356,519,-0.015135872241540558,0.03187686581088587,0.055876685934489356,519
qfq_close_right__qfq_return,qfq_parser_sensitivity,1,2026-06-05,5197,0.27945458856870353,0.020052485951591523,0.02312008653608867,-0.011197540619146027,-0.034317627155234696,0.042389210019267876,519,-0.003624569285042651,-0.026744655821131322,0.09615384615384615,520,0.007183457105948669,-0.01593662943014,0.12307692307692308,520,0.009156646587090943,-0.013963439948997729,0.140655105973025,519,0.017236301278562148,-0.005883785257526523,0.15384615384615385,520,0.021655292602353573,-0.0014647939337350986,0.15576923076923077,520,0.022804596786800746,-0.0003154897492879255,0.1579961464354528,519,0.04059007515954584,0.017469988623457167,0.15384615384615385,520,0.0477061564353423,0.024586069899253632,0.11923076923076925,520,0.07959699439240515,0.05647690785631648,0.044230769230769185,520,0.07959699439240515,0.05647690785631648,0.044230769230769185,520
qfq_close_right__qfq_return,qfq_parser_sensitivity,1,2026-06-12,5194,0.23774223041675513,0.058956723113943996,0.004676377526027558,-0.02356671823333145,-0.028243095759359006,0.044315992292870865,519,-0.01773922037001502,-0.022415597896042576,0.10019267822736033,519,-0.010256922794465283,-0.01493330032049284,0.13269230769230766,520,-0.005278366497440161,-0.009954744023467719,0.1425818882466281,519,-0.0005205210150571733,-0.005196898541084731,0.1596153846153846,520,-0.0003887498251305839,-0.005065127351158142,0.16570327552986508,519,0.006472910945765626,0.0017965334197380676,0.16763005780346818,519,0.019073641523318037,0.01439726399729048,0.16923076923076918,520,0.031396650259480414,0.026720272733452857,0.1329479768786127,519,0.04749960634623417,0.042823228820206616,0.0461538461538461,520,0.04749960634623417,0.042823228820206616,0.0461538461538461,520
qfq_close_right__qfq_return,qfq_parser_sensitivity,1,2026-06-22,5191,0.33039588865396946,0.059727495051653805,-0.03380789172646801,-0.06724645524710929,-0.03343856352064128,0.046242774566473965,519,-0.0635572472541858,-0.029749355527717784,0.10789980732177262,519,-0.06157373514477327,-0.027765843418305257,0.1445086705202312,519,-0.058288816279222166,-0.024480924552754156,0.18497109826589597,519,-0.04760671976808502,-0.013798828041617008,0.22157996146435455,519,-0.044779202418936945,-0.010971310692468934,0.22928709055876684,519,-0.040896327930968215,-0.007088436204500205,0.21965317919075145,519,-0.022439203226801426,0.011368688499666584,0.21001926782273606,519,0.009984339959543941,0.04379223168601195,0.18304431599229287,519,0.05814727246552665,0.09195516419199466,0.0788461538461539,520,0.05814727246552665,0.09195516419199466,0.0788461538461539,520
qfq_close_right__qfq_return,qfq_parser_sensitivity,1,2026-06-29,5189,-0.3233603104913919,-0.0719548214214907,-0.014221552574576073,0.014086220219223735,0.028307772793799806,0.04633204633204635,518,0.012632867499590665,0.02685442007416674,0.10982658959537572,519,0.00258711638571756,0.01680866896029363,0.1445086705202312,519,0.00042309063447841115,0.014644643209054484,0.17341040462427748,519,0.004777819435724593,0.018999372010300664,0.20423892100192675,519,-0.0077301537509884225,0.00649139882358765,0.22736030828516374,519,-0.009743352316923049,0.004478200257653024,0.21387283236994215,519,-0.024887152716244976,-0.010665600141668903,0.18689788053949907,519,-0.04143934515967798,-0.02721779258510191,0.1464354527938343,519,-0.092868093061837,-0.07864654048726094,0.05973025048169556,519,-0.092868093061837,-0.07864654048726094,0.05973025048169556,519
qfq_close_right__qfq_return,qfq_parser_sensitivity,1,2026-07-06,5194,-0.3579480151224011,0.006476292904543651,-0.02621879472195845,0.016277033332285133,0.04249582805424358,0.038535645472061675,519,0.005443916189758393,0.031662710911716845,0.08092485549132944,519,-0.004576903528409795,0.021641891193548656,0.1019230769230769,520,-0.017563940591957036,0.008654854130001416,0.1329479768786127,519,-0.02766897066844679,-0.001450175946488337,0.1807692307692308,520,-0.032567723605433044,-0.006348928883474592,0.20423892100192675,519,-0.0415743297783253,-0.015355535056366849,0.18689788053949907,519,-0.04760463079886974,-0.02138583607691129,0.16923076923076918,520,-0.061970726921472624,-0.03575193219951417,0.138728323699422,519,-0.05033290739302795,-0.024114112671069495,0.06346153846153846,520,-0.05033290739302795,-0.024114112671069495,0.06346153846153846,520
qfq_close_right__qfq_return,qfq_parser_sensitivity,1,2026-07-13,5197,-0.3682327085412356,-0.03696778499687487,-0.05968656277506961,-0.02670114053537726,0.03298542223969235,0.038535645472061675,519,-0.01982258068844405,0.03986398208662556,0.1019230769230769,520,-0.025004178147624283,0.03468238462744533,0.14038461538461533,520,-0.030951169545233723,0.028735393229835888,0.1599229287090559,519,-0.04416362284650077,0.01552293992856884,0.1807692307692308,520,-0.05490051834212567,0.004786044432943941,0.21346153846153848,520,-0.07136183622814524,-0.011675273453075626,0.20423892100192675,519,-0.08442826805609281,-0.0247417052810232,0.1807692307692308,520,-0.10505169669858931,-0.0453651339235197,0.1365384615384615,520,-0.13438437523560823,-0.07469781246053861,0.05192307692307696,520,-0.13438437523560823,-0.07469781246053861,0.05192307692307696,520
qfq_close_right__qfq_return,qfq_parser_sensitivity,1,2026-07-20,5197,-0.3961794407455678,-0.10348787743727587,0.004885648609905596,0.033305164926456146,0.02841951631655055,0.05780346820809246,519,0.027331230880871613,0.02244558227096602,0.14423076923076927,520,0.022517628384303195,0.0176319797743976,0.21346153846153848,520,0.021627940528896713,0.01674229191899112,0.2678227360308285,519,0.015277781850336646,0.01039213324043105,0.30000000000000004,520,0.012154104728338012,0.007268456118432416,0.3057692307692308,520,0.006003870753460615,0.0011182221435550189,0.3005780346820809,519,-0.0064483930792146905,-0.011334041689120286,0.275,520,-0.022518470396217724,-0.02740411900612332,0.22307692307692306,520,-0.060305372419753235,-0.06519102102965883,0.08653846153846156,520,-0.060305372419753235,-0.06519102102965883,0.08653846153846156,520
qfq_close_right__qfq_return,qfq_parser_sensitivity,1,2026-07-27,5193,-0.16984420723481758,-0.039446412629458166,0.050537258444638376,0.05554870336661483,0.00501144492197645,0.017341040462427793,519,0.05600260055176378,0.005465342107125404,0.07514450867052025,519,0.06113762446188886,0.010600366017250486,0.12524084778420042,519,0.06480774038735762,0.014270481942719244,0.15192307692307694,520,0.06089063522762079,0.010353376782982412,0.1522157996146436,519,0.059970523553372214,0.009433265108733838,0.16763005780346818,519,0.056757160594835154,0.006219902150196778,0.1596153846153846,520,0.0511223810832523,0.000585122638613926,0.1290944123314065,519,0.03820855749434442,-0.01232870095029396,0.09826589595375723,519,0.0009826581419229929,-0.049554600302715385,0.0346153846153846,520,0.0009826581419229929,-0.049554600302715385,0.0346153846153846,520
qfq_close_right__qfq_return,qfq_parser_sensitivity,1,2026-08-03,5197,0.3259919219958242,0.013824063051054328,0.043519921305133824,0.015580781690877182,-0.02793913961425664,0.032755298651252374,519,0.018528347971574263,-0.02499157333355956,0.0692307692307692,520,0.02243428660097249,-0.021085634704161332,0.09999999999999998,520,0.032942700318046976,-0.010577220987086848,0.138728323699422,519,0.0376439666411016,-0.005875954664032221,0.17500000000000004,520,0.03314596904027792,-0.010373952264855907,0.1923076923076923,520,0.04840438218291296,0.004884460877779134,0.17726396917148357,519,0.05660215732590559,0.013082236020771763,0.1711538461538461,520,0.07518472108158417,0.03166479977645034,0.1596153846153846,520,0.09466722346784746,0.05114730216271364,0.07499999999999996,520,0.09466722346784746,0.05114730216271364,0.07499999999999996,520
qfq_close_right__qfq_return,qfq_parser_sensitivity,1,2026-08-10,5205,0.2723830669485429,0.06588288276080599,0.019739895255481445,0.0037937387307435087,-0.015946156524737937,0.03653846153846152,520,0.005583613325132884,-0.014156281930348562,0.09021113243761991,521,0.003915936165959792,-0.015823959089521653,0.12884615384615383,520,0.01171229787146941,-0.008027597384012035,0.17082533589251436,521,0.00914721596924679,-0.010592679286234655,0.2173076923076923,520,0.015429101201106717,-0.004310794054374728,0.20921305182341654,521,0.017932824040910383,-0.0018070712145710627,0.18653846153846154,520,0.02921112814645807,0.009471232890976625,0.17274472168905952,521,0.037268871115427704,0.01752897585994626,0.15000000000000002,520,0.06335309184199615,0.043613196586514705,0.07869481765834929,521,0.06335309184199615,0.043613196586514705,0.07869481765834929,521
qfq_close_right__qfq_return,qfq_parser_sensitivity,1,2026-08-17,5203,-0.4636217883427132,-0.05832239021601616,-0.025105380139454188,0.005298620375422875,0.03040400051487706,0.03269230769230769,520,0.0028311995404542837,0.027936579679908473,0.07692307692307687,520,-0.0038698638225579756,0.021235516316896214,0.09999999999999998,520,-0.010500048370667514,0.014605331768786674,0.12092130518234168,521,-0.016459171351639035,0.008646208787815152,0.13076923076923075,520,-0.02419331967402385,0.0009120604654303394,0.13461538461538458,520,-0.028528443688696094,-0.003423063549241906,0.11708253358925147,521,-0.042852118486576996,-0.017746738347122808,0.10576923076923073,520,-0.05436271310943559,-0.029257332969981405,0.1019230769230769,520,-0.0783370785180546,-0.053231698378600416,0.04222648752399227,521,-0.0783370785180546,-0.053231698378600416,0.04222648752399227,521
qfq_close_right__qfq_return,qfq_parser_sensitivity,1,2026-08-24,5207,-0.1910207795693116,-0.013768693175404597,0.02782354470466859,0.039741363285122545,0.011917818580453956,0.04038461538461535,520,0.03721327882348994,0.009389734118821349,0.09980806142034548,521,0.03992537909158197,0.012101834386913379,0.12667946257197693,521,0.032104941626302085,0.004281396921633495,0.1384615384615384,520,0.028879286563999247,0.0010557418593306576,0.16314779270633395,521,0.02734024957780395,-0.0004832951268646385,0.17082533589251436,521,0.027746748552340297,-7.679615232829284e-05,0.14423076923076927,520,0.021299923297875,-0.006523621406793589,0.13435700575815734,521,0.014399451650963048,-0.013424093053705542,0.1113243761996161,521,0.009615769719913717,-0.01820777498475487,0.04222648752399227,521,0.009615769719913717,-0.01820777498475487,0.04222648752399227,521
