variant,scope,label_offset,date,stock_count,rank_ic,ic,benchmark,group_1_return,group_1_excess,turnover_1,group_1_count,group_2_return,group_2_excess,turnover_2,group_2_count,group_3_return,group_3_excess,turnover_3,group_3_count,group_4_return,group_4_excess,turnover_4,group_4_count,group_5_return,group_5_excess,turnover_5,group_5_count,group_6_return,group_6_excess,turnover_6,group_6_count,group_7_return,group_7_excess,turnover_7,group_7_count,group_8_return,group_8_excess,turnover_8,group_8_count,group_9_return,group_9_excess,turnover_9,group_9_count,group_10_return,group_10_excess,turnover_10,group_10_count,group_return,excess,turnover,selected_count
qfq_high_right__qfq_return,qfq_parser_sensitivity,1,2021-09-07,4455,-0.18630027156507267,-0.003148329322135082,-0.004111411572740009,0.006773942184476299,0.010885353757216307,,445,0.004239817122175224,0.008351228694915232,,446,0.0018066019547876531,0.005918013527527662,,445,-0.0007734638735832029,0.0033379476991568058,,446,0.0002665708138683489,0.004377982386608358,,445,-0.010560110175309886,-0.006448698602569877,,446,-0.0070868616815803085,-0.0029754501088402998,,445,-0.006256752959932029,-0.00214534138719202,,446,-0.015277901773365583,-0.011166490200625575,,445,-0.014230173909874085,-0.010118762337134076,,446,-0.014230173909874085,-0.010118762337134076,,446
qfq_high_right__qfq_return,qfq_parser_sensitivity,1,2021-09-14,4473,-0.04432669784880789,0.023714937714131374,-0.023007227100108586,-0.016742057104184208,0.006265169995924379,0.046979865771812124,447,-0.022940379141226052,6.684795888253423e-05,0.10514541387024612,447,-0.015468748314585157,0.007538478785523429,0.145413870246085,447,-0.020893653907057025,0.0021135731930515614,0.1584821428571429,448,-0.022762317976410984,0.00024490912369760226,0.16554809843400442,447,-0.021252093622573635,0.0017551334775349516,0.17225950782997768,447,-0.02723668035083851,-0.004229453250729924,0.1696428571428571,448,-0.03329901716674396,-0.010291790066635373,0.1476510067114094,447,-0.028763828276761595,-0.005756601176653008,0.10961968680089484,447,-0.020713892131556794,0.002293334968551792,0.0513392857142857,448,-0.020713892131556794,0.002293334968551792,0.0513392857142857,448
qfq_high_right__qfq_return,qfq_parser_sensitivity,1,2021-09-23,4471,-0.1124767803430504,0.025098927516415147,-0.01827640972388142,-0.008282731353109897,0.009993678370771523,0.046979865771812124,447,-0.010876328858193276,0.007400080865688144,0.10961968680089484,447,-0.014265801899729954,0.004010607824151467,0.17002237136465326,447,-0.015384423281680886,0.002891986442200534,0.19463087248322153,447,-0.017361004200690363,0.0009154055231910575,0.18344519015659955,447,-0.021334655897130482,-0.0030582461732490615,0.1901565995525727,447,-0.020270862975337367,-0.0019944532514559465,0.1767337807606264,447,-0.02696884749314704,-0.00869243776926562,0.1610738255033557,447,-0.02563785742395093,-0.0073614477000695094,0.11633109619686799,447,-0.02237242052072802,-0.0040960107968466,0.0401785714285714,448,-0.02237242052072802,-0.0040960107968466,0.0401785714285714,448
qfq_high_right__qfq_return,qfq_parser_sensitivity,1,2021-09-30,4481,0.2435551049508038,0.030971400047252528,-0.01488883975709939,-0.026601976385960124,-0.011713136628860735,0.0580357142857143,448,-0.029336176457911423,-0.014447336700812033,0.125,448,-0.03314882892770941,-0.018259989170610016,0.1741071428571429,448,-0.02950858377130847,-0.01461974401420908,0.2165178571428571,448,-0.02132565064904644,-0.00643681089194705,0.2142857142857143,448,-0.014888795750402103,4.400669728621409e-08,0.2142857142857143,448,-0.0047004498852242435,0.010188389871875146,0.2053571428571429,448,-0.0048221042487878235,0.010066735508311567,0.1897321428571429,448,0.007080993248954214,0.021969833006053603,0.140625,448,0.00831138903142754,0.023200228788526928,0.05122494432071267,449,0.00831138903142754,0.023200228788526928,0.05122494432071267,449
qfq_high_right__qfq_return,qfq_parser_sensitivity,1,2021-10-14,4489,0.08503652965111781,-0.0025163546245170957,-0.004140288213546935,-0.009042741658274967,-0.004902453444728032,0.044642857142857095,448,-0.011887724485794324,-0.007747436272247389,0.11358574610244987,449,-0.009244631325081961,-0.005104343111535026,0.1670378619153675,449,-0.011302005173065515,-0.00716171695951858,0.20044543429844097,449,-0.007678781783184839,-0.003538493569637904,0.18485523385300673,449,-0.004259055144139111,-0.00011876693059217555,0.16926503340757237,449,0.001520503606584372,0.005660791820131307,0.17817371937639204,449,0.006812718782962445,0.01095300699650938,0.1737193763919822,449,0.003141042837644958,0.007281331051191893,0.12472160356347439,449,0.0005268736023256344,0.0046671618158725696,0.04454342984409798,449,0.0005268736023256344,0.0046671618158725696,0.04454342984409798,449
qfq_high_right__qfq_return,qfq_parser_sensitivity,1,2021-10-21,4504,0.05359896647996754,0.011436486919628385,-0.01629361117462544,-0.023130756076763685,-0.006837144902138246,0.04222222222222227,450,-0.024131557079169978,-0.007837945904544539,0.0955555555555555,450,-0.018447839789962322,-0.0021542286153368832,0.14190687361419074,451,-0.020956589439133297,-0.004662978264507858,0.1644444444444444,450,-0.01700783442719862,-0.0007142232525731811,0.15964523281596454,451,-0.019956581986401083,-0.0036629708117756447,0.17333333333333334,450,-0.016706328107412825,-0.000412716932787386,0.18222222222222217,450,-0.021264113921022662,-0.0049705027463972234,0.1840354767184036,451,-0.00855167165752874,0.0077419395170966986,0.13777777777777778,450,0.007182411697765288,0.02347602287239073,0.04212860310421285,451,0.007182411697765288,0.02347602287239073,0.04212860310421285,451
qfq_high_right__qfq_return,qfq_parser_sensitivity,1,2021-10-28,4520,0.20418647416736516,-0.017265286262832216,0.017601832336465326,-0.0007496897282198962,-0.01835152206468522,0.05088495575221241,452,0.0023158450207302153,-0.01528598731573511,0.09292035398230092,452,0.0064554853169403025,-0.011146347019525023,0.13938053097345138,452,0.009838624933088451,-0.007763207403376875,0.17035398230088494,452,0.015940630784287427,-0.0016612015521778982,0.16814159292035402,452,0.022712972420076555,0.005111140083611229,0.18805309734513276,452,0.026818728574049582,0.009216896237584257,0.17920353982300885,452,0.03158076380059283,0.013978931464127507,0.16371681415929207,452,0.04314643750976115,0.025544605173295827,0.13053097345132747,452,0.017958524733346626,0.00035669239688130086,0.04646017699115046,452,0.017958524733346626,0.00035669239688130086,0.04646017699115046,452
qfq_high_right__qfq_return,qfq_parser_sensitivity,1,2021-11-04,4526,0.057888508715068294,-0.023333740772373917,0.04438604571536173,0.036034610494731195,-0.008351435220630532,0.05088495575221241,452,0.0376603941541501,-0.006725651561211625,0.11479028697571747,453,0.040077400012420224,-0.0043086457029415035,0.15265486725663713,452,0.03796886557698842,-0.006417180138373307,0.16997792494481234,453,0.04594466461655546,0.0015586189011937354,0.17439293598233996,453,0.04762895574741073,0.003242910032049004,0.1991150442477876,452,0.04756701830398205,0.0031809725886203233,0.1898454746136865,453,0.056340112368174516,0.01195406665281279,0.16150442477876104,452,0.05208952970718807,0.00770348399182634,0.13245033112582782,453,0.0425545063834101,-0.001831539331951626,0.05518763796909487,453,0.0425545063834101,-0.001831539331951626,0.05518763796909487,453
qfq_high_right__qfq_return,qfq_parser_sensitivity,1,2021-11-11,4525,-0.06485586941570318,-0.009498382150811812,0.019408792883679842,0.0185436675683931,-0.0008651253152867425,0.05088495575221241,452,0.018220183989532127,-0.001188608894147715,0.11258278145695366,453,0.023538526537949186,0.004129733654269344,0.14380530973451322,452,0.02210112151146497,0.0026923286277851267,0.14348785871964675,453,0.024447519599816177,0.005038726716136335,0.13716814159292035,452,0.02158512735363985,0.002176334469960007,0.1589403973509934,453,0.02650479871144839,0.007096005827768547,0.14823008849557517,452,0.018037056715208086,-0.0013717361684717558,0.13465783664459163,453,0.014398587045903568,-0.005010205837776274,0.11283185840707965,452,0.00673427387639023,-0.012674519007289612,0.04635761589403975,453,0.00673427387639023,-0.012674519007289612,0.04635761589403975,453
qfq_high_right__qfq_return,qfq_parser_sensitivity,1,2021-11-18,4542,0.12847215809089027,0.012332335835132283,0.015162826247200509,0.002556182661666514,-0.012606643585533995,0.048458149779735726,454,0.003026594694888131,-0.012136231552312377,0.10132158590308371,454,0.0080819206971276,-0.007080905550072909,0.14537444933920707,454,0.01164819877143398,-0.0035146274757665297,0.1541850220264317,454,0.015244830450403382,8.200420320287304e-05,0.16043956043956042,455,0.017410764963548868,0.0022479387163483588,0.1674008810572687,454,0.020964363647310236,0.005801537400109727,0.16079295154185025,454,0.025095869080311903,0.009933042833111394,0.1409691629955947,454,0.021486629498411864,0.006323803251211355,0.1035242290748899,454,0.026088661664126996,0.010925835416926486,0.05054945054945059,455,0.026088661664126996,0.010925835416926486,0.05054945054945059,455
qfq_high_right__qfq_return,qfq_parser_sensitivity,1,2021-11-25,4548,-0.24658697526939213,-0.009223712221255316,0.010394799007321667,0.02784369768847143,0.017448898681149762,0.028634361233480177,454,0.021213243705220205,0.010818444697898538,0.07912087912087917,455,0.02464853484220689,0.014253735834885223,0.11428571428571432,455,0.017237780322730885,0.0068429813154092176,0.12747252747252746,455,0.0147549855186526,0.004360186511330933,0.13186813186813184,455,0.013791195521320635,0.003396396513998968,0.14317180616740088,454,0.0017596507263951818,-0.008635148280926486,0.15384615384615385,455,-0.0013425421059013857,-0.011737341113223053,0.15824175824175823,455,-0.0068998494427653335,-0.017294648450087,0.11648351648351651,455,-0.009012892867520703,-0.01940769187484237,0.04395604395604391,455,-0.009012892867520703,-0.01940769187484237,0.04395604395604391,455
qfq_high_right__qfq_return,qfq_parser_sensitivity,1,2021-12-02,4554,-0.12885894342814863,0.011717520173128134,-0.0007542536046589745,0.012303893943076634,0.013058147547735608,0.0461538461538461,455,0.009313512018402031,0.010067765623061005,0.10109890109890107,455,-0.0011468592411986648,-0.0003926056365396904,0.13815789473684215,456,-0.003735751695494326,-0.0029814980908353514,0.15384615384615385,455,0.0014228978167404888,0.0021771514213994635,0.14692982456140347,456,-0.002597596722398055,-0.0018433431177390807,0.17802197802197806,455,-0.003077498854175925,-0.0023232452495169503,0.17362637362637368,455,-0.006096464157406716,-0.005342210552747742,0.13157894736842102,456,-0.007926076248850056,-0.007171822644191081,0.09670329670329669,455,-0.005983281492854205,-0.005229027888195231,0.04166666666666663,456,-0.005983281492854205,-0.005229027888195231,0.04166666666666663,456
qfq_high_right__qfq_return,qfq_parser_sensitivity,1,2021-12-09,4564,-0.3107819813769813,-0.02572787402543245,0.013174818589932894,0.03149731924798017,0.018322500658047275,0.03947368421052633,456,0.03282740661757031,0.01965258802763742,0.11403508771929827,456,0.02939112236943242,0.01621630377949953,0.16411378555798684,457,0.020712425799857034,0.0075376072099241406,0.1885964912280702,456,0.021706993339898718,0.008532174749965824,0.1816192560175055,457,0.014754121977361494,0.0015793033874286003,0.1864035087719298,456,0.011588236854615207,-0.001586581735317687,0.1885964912280702,456,-0.0028521989541517604,-0.016027017544084653,0.14660831509846828,457,-0.003267422413872154,-0.016442241003805046,0.10307017543859653,456,-0.02454622336705635,-0.03772104195698924,0.035010940919037226,457,-0.02454622336705635,-0.03772104195698924,0.035010940919037226,457
qfq_high_right__qfq_return,qfq_parser_sensitivity,1,2021-12-16,4570,-0.12553203016977704,0.00896831260996897,-0.012358995404707713,0.002314856885946444,0.014673852290654156,0.06564551422319476,457,-0.001882098922154153,0.010476896482553559,0.1356673960612691,457,-0.006109108648542161,0.006249886756165552,0.14660831509846828,457,-0.014304856429039663,-0.0019458610243319498,0.15317286652078776,457,-0.015080118678584033,-0.00272112327387632,0.17505470459518602,457,-0.017991216585870447,-0.005632221181162734,0.1838074398249453,457,-0.016159133987082075,-0.003800138582374362,0.1794310722100656,457,-0.016398843976381066,-0.004039848571673353,0.15536105032822756,457,-0.014776827653402012,-0.0024178322486942995,0.11597374179431075,457,-0.023202606051967965,-0.010843610647260252,0.0481400437636762,457,-0.023202606051967965,-0.010843610647260252,0.0481400437636762,457
qfq_high_right__qfq_return,qfq_parser_sensitivity,1,2021-12-23,4583,0.02795066618509158,-0.02922411085592937,0.026116784166402045,0.015989651770400695,-0.01012713239600135,0.04585152838427953,458,0.030676859989890778,0.004560075823488732,0.10480349344978168,458,0.025453536520879373,-0.0006632476455226723,0.12882096069868998,458,0.029877293283699737,0.003760509117297691,0.14596949891067534,459,0.03205207901227606,0.005935294845874014,0.16593886462882101,458,0.02950451380581315,0.003387729639411103,0.16593886462882101,458,0.028367395304850513,0.0022506111384484676,0.15250544662309373,459,0.0250768087460389,-0.0010399754203631456,0.1353711790393013,458,0.022784174065779816,-0.003332610100622229,0.11353711790393017,458,0.021382740786932298,-0.004734043379469748,0.05228758169934644,459,0.021382740786932298,-0.004734043379469748,0.05228758169934644,459
qfq_high_right__qfq_return,qfq_parser_sensitivity,1,2021-12-30,4593,-0.36247564110801733,-0.04265690085974391,-0.0010099107326132074,0.033868959794256415,0.034878870526869624,0.04575163398692805,459,0.019826047910557525,0.020835958643170734,0.10239651416122009,459,0.01515021184768582,0.016160122580299027,0.12200435729847492,459,0.004611910428966569,0.005621821161579776,0.14130434782608692,460,0.006402428103114804,0.007412338835728011,0.16993464052287577,459,0.005897334897196968,0.006907245629810176,0.18300653594771243,459,-0.001181432244073236,-0.00017152151146002863,0.17391304347826086,460,-0.014880211727033512,-0.013870300994420305,0.14379084967320266,459,-0.021961412011339852,-0.020951501278726643,0.0980392156862745,459,-0.05772126446906634,-0.056711353736453134,0.034782608695652195,460,-0.05772126446906634,-0.056711353736453134,0.034782608695652195,460
qfq_high_right__qfq_return,qfq_parser_sensitivity,1,2022-01-07,4599,0.09727970478255289,-0.012247062065811198,0.011476391920693952,-0.008740750677021913,-0.020217142597715863,0.04793028322440085,459,0.005595906531880367,-0.005880485388813585,0.10869565217391308,460,0.007744702059869853,-0.0037316898608240993,0.14565217391304353,460,0.012543395030612145,0.001067003109918193,0.15869565217391302,460,0.01955557826336203,0.008079186342668078,0.15434782608695652,460,0.017475798001384595,0.005999406080690642,0.18260869565217386,460,0.020137572493845485,0.008661180573151532,0.19999999999999996,460,0.012129063570457085,0.0006526716497631327,0.15217391304347827,460,0.014063146569916718,0.002586754649222766,0.10217391304347823,460,0.014215557052638127,0.0027391651319441743,0.04565217391304344,460,0.014215557052638127,0.0027391651319441743,0.04565217391304344,460
qfq_high_right__qfq_return,qfq_parser_sensitivity,1,2022-01-14,4604,-0.12510513826187666,0.02102909070249443,-0.04923935378018934,-0.03441318380905069,0.014826169971138656,0.03913043478260869,460,-0.037254687497706884,0.011984666282482459,0.09782608695652173,460,-0.041027156517178566,0.008212197263010777,0.1366594360086768,461,-0.046358683405210446,0.002880670374978897,0.15869565217391302,460,-0.04940283776564615,-0.00016348398545680543,0.18655097613882865,461,-0.04859763372570697,0.0006417200544823753,0.1934782608695652,460,-0.059049575186395704,-0.009810221406206361,0.17391304347826086,460,-0.06285677605301361,-0.013617422272824267,0.12798264642082424,461,-0.06057694353756928,-0.011337589757379939,0.08043478260869563,460,-0.05283613532498018,-0.0035967815447908377,0.041214750542299394,461,-0.05283613532498018,-0.0035967815447908377,0.041214750542299394,461
qfq_high_right__qfq_return,qfq_parser_sensitivity,1,2022-01-21,4610,-0.23837628990427295,-0.005904672518706899,-0.041223495748576346,-0.024098295856973095,0.01712519989160325,0.045553145336225564,461,-0.02104539719297501,0.020178098555601334,0.12364425162689807,461,-0.036710994644640275,0.00451250110393607,0.17353579175704992,461,-0.040883023418198446,0.00034047233037790003,0.16702819956616055,461,-0.041408022807773164,-0.0001845270591968179,0.1561822125813449,461,-0.04138528449684511,-0.00016178874826876244,0.18655097613882865,461,-0.04674752888631872,-0.005524033137742378,0.1952277657266811,461,-0.04888820791285156,-0.007664712164275216,0.158351409978308,461,-0.051518813263822016,-0.01029531751524567,0.10629067245119306,461,-0.05954938900536603,-0.018325893256789683,0.049891540130151846,461,-0.05954938900536603,-0.018325893256789683,0.049891540130151846,461
qfq_high_right__qfq_return,qfq_parser_sensitivity,1,2022-01-28,4625,-0.41939688060696134,-0.02973900259936493,0.005505509993561433,0.026166721287481872,0.02066121129392044,0.03679653679653683,462,0.027440396323234202,0.02193488632967277,0.09719222462203025,463,0.030612998623402,0.025107488629840566,0.14935064935064934,462,0.024019268234828747,0.018513758241267313,0.17062634989200864,463,0.018186013650543034,0.0126805036569816,0.1601731601731602,462,0.012258625968772585,0.006753115975211152,0.17926565874730016,463,0.001774996461859373,-0.0037305135317020604,0.17748917748917747,462,-0.010414005536822632,-0.015919515530384065,0.14686825053995678,463,-0.026416166027984838,-0.031921676021546275,0.10822510822510822,462,-0.04852451143840951,-0.05403002143197094,0.049676025917926525,463,-0.04852451143840951,-0.05403002143197094,0.049676025917926525,463
qfq_high_right__qfq_return,qfq_parser_sensitivity,1,2022-02-11,4629,0.06620436204701638,-0.007937302310733309,0.03654778179444643,0.02963278837731415,-0.006914993417132278,0.04761904761904767,462,0.031202211886454646,-0.00534556990799178,0.12958963282937364,463,0.03409308061890358,-0.0024547011755428477,0.17494600431965446,463,0.03553499186149866,-0.0010127899329477677,0.15982721382289422,463,0.038601239758575386,0.002053457964128959,0.1490280777537797,463,0.038898660425664464,0.002350878631218037,0.16198704103671702,463,0.03987621998688973,0.0033284381924433004,0.17494600431965446,463,0.03909332395307651,0.002545542158630086,0.16630669546436283,463,0.03855621813457818,0.0020084363401317515,0.12311015118790491,463,0.039974147750543254,0.0034263659560968274,0.04751619870410362,463,0.039974147750543254,0.0034263659560968274,0.04751619870410362,463
qfq_high_right__qfq_return,qfq_parser_sensitivity,1,2022-02-18,4637,0.2405005693489708,0.01309494996736097,-0.007771762069313789,-0.022229898590588666,-0.014458136521274877,0.04103671706263501,463,-0.020625842282292365,-0.012854080212978576,0.10129310344827591,464,-0.01872314495647134,-0.010951382887157551,0.13577586206896552,464,-0.01239541228098673,-0.004623650211672941,0.14254859611231097,463,-0.012514501393585047,-0.0047427393242712584,0.1293103448275862,464,-0.011329658038007975,-0.003557895968694186,0.13793103448275867,464,-0.010689848696503372,-0.0029180866271895835,0.1490280777537797,463,-0.006744222552551801,0.0010275395167619874,0.13146551724137934,464,0.004680684183955639,0.012452446253269429,0.09913793103448276,464,0.03280681039372106,0.040578572463034854,0.03663793103448276,464,0.03280681039372106,0.040578572463034854,0.03663793103448276,464
qfq_high_right__qfq_return,qfq_parser_sensitivity,1,2022-02-25,4640,-0.4260059654434745,-0.03361749541064304,-0.015250779086989302,0.010009618908603945,0.025260397995593247,0.03879310344827591,464,0.01362086543364616,0.02887164452063546,0.10129310344827591,464,0.006324345128933815,0.021575124215923117,0.12715517241379315,464,-0.0011211023141260406,0.014129676772863262,0.14224137931034486,464,-0.005123766550437118,0.010127012536552184,0.1594827586206896,464,-0.018230424493690504,-0.0029796454067012017,0.16594827586206895,464,-0.028317005374406852,-0.01306622628741755,0.17025862068965514,464,-0.027657937920364827,-0.012407158833375525,0.1293103448275862,464,-0.041080668208363806,-0.025829889121374502,0.09698275862068961,464,-0.06093171547968779,-0.04568093639269848,0.04525862068965514,464,-0.06093171547968779,-0.04568093639269848,0.04525862068965514,464
qfq_high_right__qfq_return,qfq_parser_sensitivity,1,2022-03-04,4642,-0.0589840503463872,0.020618284527467366,-0.04743162658928096,-0.04184894385933759,0.005582682729943375,0.04094827586206895,464,-0.044326281455893644,0.0031053451333873175,0.10344827586206895,464,-0.043855607994765684,0.0035760185945152775,0.11853448275862066,464,-0.045972710468466654,0.0014589161208143075,0.13146551724137934,464,-0.05015455407923902,-0.0027229274899580602,0.1698924731182796,465,-0.052231334670251844,-0.0047997080809708825,0.17672413793103448,464,-0.05503989544527509,-0.007608268855994131,0.15086206896551724,464,-0.053998153371511544,-0.006566526782230582,0.13362068965517238,464,-0.04936026695283822,-0.001928640363557256,0.10344827586206895,464,-0.03754395884577677,0.009887667743504192,0.03655913978494618,465,-0.03754395884577677,0.009887667743504192,0.03655913978494618,465
qfq_high_right__qfq_return,qfq_parser_sensitivity,1,2022-03-11,4645,0.027254898613363318,0.00275462636964204,0.02399356999490606,0.02653539815472658,0.002541828159820521,0.03879310344827591,464,0.021504196026017382,-0.002489373968888677,0.11612903225806448,465,0.02649629553218059,0.002502725537274531,0.15086206896551724,464,0.016486960746727005,-0.007506609248179055,0.1806451612903226,465,0.0256814208444331,0.0016878508495270401,0.1831896551724138,464,0.021526656511691604,-0.0024669134832144557,0.1548387096774193,465,0.028615989720439355,0.004622419725533296,0.14224137931034486,464,0.02246735036057554,-0.001526219634330521,0.14193548387096777,465,0.02239419033239658,-0.0015993796625094793,0.10991379310344829,464,0.028248221170646265,0.004254651175740205,0.04516129032258065,465,0.028248221170646265,0.004254651175740205,0.04516129032258065,465
qfq_high_right__qfq_return,qfq_parser_sensitivity,1,2022-03-18,4659,-0.37948047247002903,-0.020472584106754947,-0.018750922591720225,0.012138208039748428,0.030889130631468652,0.04086021505376347,465,0.0037632078607747707,0.022514130452494997,0.09012875536480691,466,-0.0061259847386757275,0.012624937853044497,0.12660944206008584,466,-0.006374792506973088,0.012376130084747135,0.13948497854077258,466,-0.015805134017396087,0.002945788574324138,0.1566523605150214,466,-0.022980762603947467,-0.004229840012227242,0.15021459227467815,466,-0.029389976615266294,-0.01063905402354607,0.14377682403433478,466,-0.030447494728477194,-0.01169657213675697,0.13519313304721026,466,-0.040172780973871655,-0.02142185838215143,0.11587982832618027,466,-0.05204742994506757,-0.03329650735334735,0.04935622317596566,466,-0.05204742994506757,-0.03329650735334735,0.04935622317596566,466
qfq_high_right__qfq_return,qfq_parser_sensitivity,1,2022-03-25,4668,-0.3263367372440171,-0.003213960487813482,0.012316914122702543,0.03601656558168185,0.023699651458979308,0.04935622317596566,466,0.03430361271296096,0.021986698590258417,0.11991434689507496,467,0.027727771649507866,0.015410857526805323,0.158458244111349,467,0.02149620824229164,0.009179294119589098,0.16916488222698067,467,0.01036898596905064,-0.0019479281536519018,0.17130620985010703,467,0.012692672518525343,0.0003757583958228002,0.16309012875536477,466,0.005443050721627236,-0.006873863401075307,0.158458244111349,467,-0.0010495242579831694,-0.013366438380685712,0.1413276231263383,467,-0.008174492524096251,-0.020491406646798792,0.10278372591006424,467,-0.015604156046380512,-0.027921070169083052,0.036402569593147804,467,-0.015604156046380512,-0.027921070169083052,0.036402569593147804,467
qfq_high_right__qfq_return,qfq_parser_sensitivity,1,2022-04-01,4670,-0.2447803316173185,0.005804009258980966,-0.059561218705041,-0.0323755845595093,0.027185634145531698,0.06423982869379019,467,-0.04806863119288895,0.011492587512152048,0.11777301927194861,467,-0.04931191560509844,0.010249303099942556,0.158458244111349,467,-0.04569059544236634,0.013870623262674658,0.20128479657387577,467,-0.0533429649804577,0.006218253724583296,0.18415417558886504,467,-0.06326312932333407,-0.0037019106182930722,0.17130620985010703,467,-0.06838401985873524,-0.008822801153694243,0.158458244111349,467,-0.0767437912354135,-0.017182572530372503,0.13062098501070663,467,-0.07978958806269605,-0.020228369357655054,0.09635974304068518,467,-0.0786419667899104,-0.019080748084869398,0.0406852248394004,467,-0.0786419667899104,-0.019080748084869398,0.0406852248394004,467
qfq_high_right__qfq_return,qfq_parser_sensitivity,1,2022-04-12,4676,0.11896234302392783,0.005786979402316593,-0.007078002848185124,-0.027650285719980506,-0.020572282871795383,0.06423982869379019,467,-0.015955362607662577,-0.008877359759477454,0.15170940170940173,468,-0.007759489167282029,-0.0006814863190969054,0.17987152034261245,467,-0.002987566530688837,0.0040904363174962865,0.19871794871794868,468,-0.006181779735587928,0.0008962231125971953,0.22435897435897434,468,-0.004237544092635574,0.0028404587555495497,0.25267665952890794,467,-0.005824142726706943,0.0012538601214781807,0.2286324786324786,468,-0.001721722093549227,0.005356280754635897,0.17130620985010703,467,0.003726308965603018,0.010804311813788142,0.11324786324786329,468,-0.0022163444094305223,0.004861658438754602,0.038461538461538436,468,-0.0022163444094305223,0.004861658438754602,0.038461538461538436,468
qfq_high_right__qfq_return,qfq_parser_sensitivity,1,2022-04-19,4681,0.10717499853491479,0.04699684177824219,-0.12190666626703749,-0.12213707816072679,-0.00023041189368930293,0.05128205128205132,468,-0.12572782338182042,-0.0038211571147829387,0.13461538461538458,468,-0.13332423128858523,-0.01141756502154774,0.18162393162393164,468,-0.12749695154405302,-0.005590285277015536,0.2136752136752137,468,-0.13410911845639897,-0.012202452189361487,0.22008547008547008,468,-0.1300868720149143,-0.008180205747876826,0.21794871794871795,468,-0.1247266359373731,-0.002819969670335612,0.1773504273504274,468,-0.12176944397866128,0.0001372222883762042,0.13888888888888884,468,-0.12007077983826216,0.0018358864287753296,0.1004273504273504,468,-0.07970789638130142,0.042198769885736065,0.03837953091684432,469,-0.07970789638130142,0.042198769885736065,0.03837953091684432,469
qfq_high_right__qfq_return,qfq_parser_sensitivity,1,2022-04-26,4691,0.07484455427337394,-0.027679649313455956,0.05136549401487777,0.036057814187227186,-0.015307679827650585,0.07249466950959493,469,0.042003977295837346,-0.009361516719040425,0.1727078891257996,469,0.044934893026457375,-0.006430600988420396,0.23027718550106613,469,0.04889664176051835,-0.002468852254359423,0.24520255863539442,469,0.0499840359335698,-0.0013814580813079694,0.25799573560767586,469,0.06694335109555095,0.015577857080673184,0.2515991471215352,469,0.06287020639939236,0.011504712384514594,0.21535181236673773,469,0.057489762523155116,0.006124268508277346,0.21535181236673773,469,0.06345791341677887,0.012092419401901096,0.1577825159914712,469,0.041038363977321336,-0.010327130037556434,0.051063829787234005,470,0.041038363977321336,-0.010327130037556434,0.051063829787234005,470
qfq_high_right__qfq_return,qfq_parser_sensitivity,1,2022-05-06,4662,0.04212157042166231,-0.001036414328235769,0.03774023777404814,0.031086359317295312,-0.0066538784567528285,0.09656652360515017,466,0.0385405693415189,0.0008003315674707592,0.16952789699570814,466,0.03997867928081606,0.00223844150676792,0.2145922746781116,466,0.03552045391241491,-0.002219783861633233,0.23605150214592274,466,0.038054442451516,0.0003142046774678581,0.23982869379014993,467,0.03661706276455839,-0.0011231750094897533,0.23390557939914158,466,0.04093496996616215,0.003194732192114011,0.21244635193133043,466,0.03500163626660106,-0.0027386015074470776,0.20171673819742486,466,0.03656243585233438,-0.00117780192171376,0.148068669527897,466,0.045089323757519686,0.0073490859834715455,0.04925053533190582,467,0.045089323757519686,0.0073490859834715455,0.04925053533190582,467
qfq_high_right__qfq_return,qfq_parser_sensitivity,1,2022-05-13,4667,-0.021403625129437477,-0.0036930910536588416,0.03995698980456254,0.043871345207085494,0.003914355402522954,0.03862660944206009,466,0.04290290491524874,0.0029459151106861967,0.10278372591006424,467,0.03826371129882014,-0.0016932785057423988,0.13490364025695933,467,0.03823430903240774,-0.0017226807721548026,0.14592274678111583,466,0.04142817776206626,0.001471187957503721,0.14775160599571735,467,0.04232853867060754,0.0023715488660450007,0.15203426124197006,467,0.03560586459785647,-0.004351125206706073,0.1523605150214592,466,0.035710950886502134,-0.004246038918060406,0.13276231263383298,467,0.03852082993748687,-0.0014361598670756676,0.08993576017130622,467,0.0426986416463741,0.0027416518418115626,0.032119914346895095,467,0.0426986416463741,0.0027416518418115626,0.032119914346895095,467
qfq_high_right__qfq_return,qfq_parser_sensitivity,1,2022-05-20,4670,-0.16660340774721302,-0.001262887214145985,-0.008099955554715058,-0.008172309107242858,-7.235355252780025e-05,0.047109207708779466,467,0.0012405760317135838,0.009340531586428641,0.11563169164882225,467,-0.00488505502368408,0.0032149005310309776,0.15631691648822266,467,0.0068641424410635764,0.014964097995778634,0.158458244111349,467,-0.001836718244700678,0.00626323731001438,0.1541755888650964,467,-0.0038836803915061587,0.004216275163208899,0.16274089935760172,467,-0.011338660960669447,-0.0032387054059543896,0.1498929336188437,467,-0.012367365989506968,-0.00426741043479191,0.13918629550321204,467,-0.026779612281358223,-0.018679656726643165,0.10064239828693788,467,-0.019840872021259323,-0.011740916466544266,0.03854389721627405,467,-0.019840872021259323,-0.011740916466544266,0.03854389721627405,467
qfq_high_right__qfq_return,qfq_parser_sensitivity,1,2022-05-27,4679,0.367198824943003,0.010592093648791372,0.044163672902004264,0.02129828996394637,-0.022865382938057895,0.051391862955032175,467,0.021331118999893126,-0.022832553902111138,0.11752136752136755,468,0.022132046416942688,-0.022031626485061576,0.13247863247863245,468,0.025218859100362312,-0.018944813801641952,0.13888888888888884,468,0.03407281332990459,-0.010090859572099674,0.1645299145299145,468,0.04773619636967538,0.003572523467671118,0.17307692307692313,468,0.04749399564444703,0.0033303227424427637,0.15598290598290598,468,0.05870515587784407,0.014541482975839806,0.11965811965811968,468,0.07196011520919064,0.027796442307186378,0.08333333333333337,468,0.09163928045198588,0.04747560754998162,0.038461538461538436,468,0.09163928045198588,0.04747560754998162,0.038461538461538436,468
qfq_high_right__qfq_return,qfq_parser_sensitivity,1,2022-06-06,4703,-0.13284027539354004,-0.0013995299770125013,0.0007850460516481534,0.007208542154434658,0.006423496102786504,0.051063829787234005,470,0.00854206474294412,0.007757018691295966,0.12340425531914889,470,0.0033016848895797545,0.002516638837931601,0.1574468085106383,470,0.004584583347196097,0.0037995372955479437,0.16772823779193202,471,-0.0017618091622935471,-0.0025468552139417005,0.17021276595744683,470,0.005579412144149088,0.004794366092500935,0.21276595744680848,470,-0.0008344865899785638,-0.0016195326416267172,0.22505307855626322,471,0.004982171506782769,0.004197125455134615,0.18936170212765957,470,-0.012232775327294342,-0.013017821378942496,0.1404255319148936,470,-0.011497432563588891,-0.012282478615237045,0.05095541401273884,471,-0.011497432563588891,-0.012282478615237045,0.05095541401273884,471
qfq_high_right__qfq_return,qfq_parser_sensitivity,1,2022-06-13,4717,0.13572744724088562,0.012933574649350271,0.019999231355531003,0.013583105696756128,-0.006416125658774875,0.05095541401273884,471,0.01028730476482384,-0.009711926590707163,0.10593220338983056,472,0.012454814029357705,-0.007544417326173298,0.1292372881355932,472,0.014137121221598247,-0.005862110133932756,0.14012738853503182,471,0.019526107413500776,-0.00047312394203022703,0.15254237288135597,472,0.021666295207584074,0.0016670638520530703,0.163135593220339,472,0.0215423636890814,0.0015431323335503982,0.15923566878980888,471,0.024114684034480305,0.004115452678949302,0.13347457627118642,472,0.03204512924243298,0.012045897886901979,0.10593220338983056,472,0.030612644392433642,0.01061341303690264,0.0402542372881356,472,0.030612644392433642,0.01061341303690264,0.0402542372881356,472
qfq_high_right__qfq_return,qfq_parser_sensitivity,1,2022-06-20,4712,0.16570787365914527,0.004963624029962774,0.041634076138263455,0.01645366180765922,-0.025180414330604237,0.04458598726114649,471,0.03102914857064954,-0.010604927567613914,0.09766454352441611,471,0.04334156659163167,0.001707490453368217,0.14649681528662417,471,0.036932097864302536,-0.004701978273960919,0.1549893842887473,471,0.047051370818512184,0.0054172946802487285,0.1716101694915254,472,0.0452543282212638,0.003620252083000347,0.1868365180467091,471,0.04566959561087707,0.004035519472613616,0.16135881104033967,471,0.043340961509138215,0.0017068853708747597,0.13588110403397025,471,0.05144019447441673,0.009806118336153274,0.10403397027600847,471,0.05578628706999681,0.014152210931733356,0.03389830508474578,472,0.05578628706999681,0.014152210931733356,0.03389830508474578,472
qfq_high_right__qfq_return,qfq_parser_sensitivity,1,2022-06-27,4710,-0.060522413675233235,0.016383397281911866,-0.015820251997341404,-0.0026803978220370254,0.013139854175304378,0.05095541401273884,471,-0.015686174330921857,0.00013407766641954783,0.10403397027600847,471,-0.012992546818856414,0.0028277051784849905,0.1549893842887473,471,-0.019279776220561966,-0.003459524223220562,0.15923566878980888,471,-0.018427246535276314,-0.00260699453793491,0.15923566878980888,471,-0.02014225361017269,-0.004322001612831285,0.16348195329087045,471,-0.020808749880847043,-0.004988497883505638,0.16135881104033967,471,-0.022415052352470256,-0.006594800355128851,0.1443736730360934,471,-0.016519804671041357,-0.0006995526736999526,0.10191082802547768,471,-0.00925051773122912,0.006569734266112284,0.04033970276008492,471,-0.00925051773122912,0.006569734266112284,0.04033970276008492,471
qfq_high_right__qfq_return,qfq_parser_sensitivity,1,2022-07-04,4707,-0.2899566257570067,-0.01638567685018845,-0.02291799304480865,0.0013271656561731275,0.02424515870098178,0.0617021276595745,470,-0.0053718653974775404,0.01754612764733111,0.09554140127388533,471,-0.013276160242604447,0.009641832802204204,0.12526539278131632,471,-0.01986763574204541,0.0030503573027632416,0.14680851063829792,470,-0.02465591051527306,-0.001737917470464409,0.14649681528662417,471,-0.02653524487644519,-0.0036172518316365393,0.14649681528662417,471,-0.030039625728522312,-0.007121632683713661,0.15531914893617016,470,-0.036557812253405875,-0.013639819208597224,0.1443736730360934,471,-0.033988664382761595,-0.011070671337952944,0.10191082802547768,471,-0.04017134494169017,-0.017253351896881517,0.04033970276008492,471,-0.04017134494169017,-0.017253351896881517,0.04033970276008492,471
qfq_high_right__qfq_return,qfq_parser_sensitivity,1,2022-07-11,4718,0.10215242260915312,-0.012736180562364864,0.03837900973951649,0.011776535713375433,-0.026602474026141056,0.05307855626326963,471,0.03138341956944911,-0.00699559017006738,0.11652542372881358,472,0.030982388795298153,-0.007396620944218335,0.13771186440677963,472,0.036233637059559,-0.0021453726799574857,0.13983050847457623,472,0.04378324121284693,0.00540423147333044,0.14406779661016944,472,0.04845290710886321,0.010073897369346718,0.15286624203821653,471,0.053014274467145295,0.014635264727628806,0.15042372881355937,472,0.05122785198818706,0.01284884224867057,0.14194915254237284,472,0.04898441810162715,0.010605408362110665,0.11652542372881358,472,0.02791640520793061,-0.01046260453158588,0.044491525423728806,472,0.02791640520793061,-0.01046260453158588,0.044491525423728806,472
qfq_high_right__qfq_return,qfq_parser_sensitivity,1,2022-07-18,4727,-0.16124206233411298,-0.003290852719383686,0.007249806860914796,0.02828192299868975,0.021032116137774955,0.05720338983050843,472,0.014487106701088309,0.007237299840173512,0.11839323467230445,473,0.008958126176832027,0.0017083193159172306,0.13530655391120505,473,0.009421486184819588,0.002171679323904792,0.1610169491525424,472,0.004182855803943139,-0.0030669510569716575,0.17970401691331928,473,0.004767149043173678,-0.002482657817741118,0.19450317124735728,473,0.002269335754895444,-0.004980471106019352,0.18432203389830504,472,-0.0007179583728798701,-0.007967765233794666,0.15644820295983086,473,-0.0023185384999764498,-0.009568345360891246,0.12050739957716705,473,0.003205109931365023,-0.004044696929549773,0.04862579281183932,473,0.003205109931365023,-0.004044696929549773,0.04862579281183932,473
qfq_high_right__qfq_return,qfq_parser_sensitivity,1,2022-07-25,4726,0.20936674927526164,0.009221102265718073,-0.019874371770440137,-0.04545766703914717,-0.025583295268707035,0.03389830508474578,472,-0.03701161365322885,-0.017137241882788715,0.09302325581395354,473,-0.03482217845897285,-0.014947806688532711,0.1292372881355932,472,-0.025545328203382706,-0.0056709564329425685,0.15644820295983086,473,-0.025778058926405698,-0.005903687155965561,0.16067653276955607,473,-0.01822497906771896,0.001649392702721176,0.14830508474576276,472,-0.007324677407037449,0.012549694363402688,0.14799154334038056,473,-0.006854410100196363,0.013019961670243774,0.13559322033898302,472,-0.0006916162213054172,0.01918275554913472,0.10147991543340384,473,0.002912135373873036,0.022786507144313174,0.04439746300211411,473,0.002912135373873036,0.022786507144313174,0.04439746300211411,473
qfq_high_right__qfq_return,qfq_parser_sensitivity,1,2022-08-01,4736,0.14427029752648335,-0.012330324256065225,0.04103221826609352,0.028359826440066183,-0.012672391826027335,0.029598308668076112,473,0.029707197241559288,-0.01132502102453423,0.09493670886075944,474,0.03177947944191904,-0.009252738824174475,0.14164904862579286,473,0.03845153729549925,-0.0025806809705942665,0.15189873417721522,474,0.04091550710009732,-0.00011671116599619447,0.15822784810126578,474,0.046678466422683584,0.005646248156590067,0.16490486257928116,473,0.046421960361868485,0.005389742095774967,0.1708860759493671,474,0.05124469233751821,0.010212474071424692,0.16701902748414377,473,0.04531693180384102,0.004284713537747502,0.12447257383966248,474,0.051433785885878124,0.010401567619784606,0.04219409282700426,474,0.051433785885878124,0.010401567619784606,0.04219409282700426,474
qfq_high_right__qfq_return,qfq_parser_sensitivity,1,2022-08-08,4750,-0.28395253386521807,-0.022130650495546727,0.024187156735569204,0.03542481360857509,0.011237656873005888,0.037894736842105314,475,0.03634254013574017,0.012155383400170965,0.09894736842105267,475,0.03754902843306625,0.013361871697497044,0.128421052631579,475,0.031629939100079656,0.0074427823645104516,0.14526315789473687,475,0.029434829329347725,0.005247672593778521,0.16210526315789475,475,0.02736064763806652,0.0031734909024973175,0.14947368421052631,475,0.022635442709261856,-0.0015517140263073478,0.1473684210526316,475,0.017094949248106724,-0.00709220748746248,0.1389473684210526,475,0.009070713155694415,-0.015116443579874789,0.1010526315789474,475,-0.004671336002246393,-0.028858492737815596,0.04842105263157892,475,-0.004671336002246393,-0.028858492737815596,0.04842105263157892,475
qfq_high_right__qfq_return,qfq_parser_sensitivity,1,2022-08-15,4752,-0.21375424350856523,-0.005385176321355998,0.0018723630466890217,0.010510773589973002,0.00863841054328398,0.025263157894736876,475,0.014245383084360174,0.012373020037671153,0.07999999999999996,475,0.009120696837950084,0.007248333791261062,0.12210526315789472,475,0.009108384996727526,0.007236021950038504,0.128421052631579,475,0.005855328343019891,0.003982965296330869,0.13235294117647056,476,-7.009104004765778e-06,-0.0018793721506937876,0.15368421052631576,475,-0.004535422595731756,-0.006407785642420778,0.1473684210526316,475,-0.006046064828274465,-0.007918427874963486,0.10947368421052628,475,-0.009214360272626006,-0.011086723319315029,0.0926315789473684,475,-0.010296845388421823,-0.012169208435110844,0.044117647058823484,476,-0.010296845388421823,-0.012169208435110844,0.044117647058823484,476
qfq_high_right__qfq_return,qfq_parser_sensitivity,1,2022-08-22,4769,-0.30981375095165153,-0.0044213716617559065,-0.03475238370730857,-0.003945214080304206,0.030807169627004364,0.027310924369747913,476,-0.016246105375565697,0.018506278331742874,0.0838574423480084,477,-0.021001181928862148,0.013751201778446423,0.12368972746331242,477,-0.023670244428879574,0.011082139278428996,0.13626834381551367,477,-0.03395407859783771,0.0007983051094708621,0.15094339622641506,477,-0.03997378303473505,-0.005221399327426476,0.1572327044025157,477,-0.040828797071221286,-0.006076413363912715,0.15513626834381555,477,-0.04747843471839537,-0.0127260510110868,0.14465408805031443,477,-0.05894817854839616,-0.024195794841087588,0.11530398322851154,477,-0.06141323402761599,-0.02666085032030742,0.04402515723270439,477,-0.06141323402761599,-0.02666085032030742,0.04402515723270439,477
qfq_high_right__qfq_return,qfq_parser_sensitivity,1,2022-08-29,4780,-0.24551879848747168,-0.004232987896623219,-0.0021223998703921486,0.01564523924616516,0.017767639116557307,0.05020920502092052,478,0.011398512699838308,0.013520912570230456,0.12343096234309625,478,0.002375795621669924,0.0044981954920620725,0.16527196652719667,478,0.0007827548768244479,0.0029051547472165964,0.18410041841004188,478,-0.0013432905218569997,0.0007791093485351489,0.18828451882845187,478,-0.007127568546828303,-0.005005168676436154,0.20920502092050208,478,-0.007161243382792107,-0.005038843512399959,0.20083682008368198,478,-0.010358604674223438,-0.00823620480383129,0.16527196652719667,478,-0.011785389997954513,-0.009662990127562363,0.12133891213389125,478,-0.013650204024763959,-0.01152780415437181,0.046025104602510414,478,-0.013650204024763959,-0.01152780415437181,0.046025104602510414,478
qfq_high_right__qfq_return,qfq_parser_sensitivity,1,2022-09-05,4790,0.09514982896457545,0.011682695000401809,-0.010578562968044236,-0.007872641777255458,0.002705921190788779,0.03340292275574108,479,-0.013594352328820824,-0.003015789360776587,0.08768267223382042,479,-0.02040647353163255,-0.009827910563588312,0.13152400835073064,479,-0.01609339015330428,-0.005514827185260045,0.1503131524008351,479,-0.012710292020775853,-0.0021317290527316166,0.1565762004175365,479,-0.015614675610154881,-0.005036112642110645,0.16701461377870563,479,-0.008367150035301432,0.0022114129327428043,0.16283924843423803,479,-0.008606097828829155,0.001972465139215082,0.12526096033402923,479,-0.00493618147987376,0.005642381488170476,0.08350730688935282,479,0.0024156250855058344,0.012994188053550071,0.03340292275574108,479,0.0024156250855058344,0.012994188053550071,0.03340292275574108,479
qfq_high_right__qfq_return,qfq_parser_sensitivity,1,2022-09-13,4798,-0.23747177403699887,-0.0068886443571485835,-0.042940022003346234,-0.029527414489622435,0.0134126075137238,0.029227557411273475,479,-0.03392925433707786,0.009010767666268377,0.09583333333333333,480,-0.03826330808126822,0.004676713922078017,0.13958333333333328,480,-0.04153135709567726,0.0014086649076689717,0.12708333333333333,480,-0.04121993423398432,0.0017200877693619165,0.14166666666666672,480,-0.04162786944823768,0.0013121525551085533,0.1524008350730689,479,-0.04387084341357474,-0.0009308214102285023,0.12916666666666665,480,-0.04742709640383855,-0.0044870744004923135,0.11041666666666672,480,-0.050984953967900815,-0.00804493196455458,0.07708333333333328,480,-0.060987511978803796,-0.018047489975457562,0.03125,480,-0.060987511978803796,-0.018047489975457562,0.03125,480
qfq_high_right__qfq_return,qfq_parser_sensitivity,1,2022-09-20,4805,0.18670364943700182,0.04227355622031845,-0.04422347291802257,-0.05270759810611201,-0.008484125188089442,0.050000000000000044,480,-0.049597985533111594,-0.005374512615089026,0.11226611226611227,481,-0.04968848615621216,-0.005465013238189591,0.13541666666666663,480,-0.05413645069167202,-0.009912977773649453,0.16008316008316004,481,-0.050693270260242715,-0.006469797342220147,0.15208333333333335,480,-0.05089229713166005,-0.0066688242136374795,0.14137214137214138,481,-0.043975506220901565,0.00024796669712100206,0.1333333333333333,480,-0.03761654752245174,0.006606925395570826,0.12266112266112261,481,-0.03484809900132313,0.009375373916699438,0.08958333333333335,480,-0.01810093262130936,0.026122540296713206,0.037422037422037424,481,-0.01810093262130936,0.026122540296713206,0.037422037422037424,481
qfq_high_right__qfq_return,qfq_parser_sensitivity,1,2022-09-27,4818,-0.1487021449504403,-0.03533936439233046,-0.002535330235305828,0.0023494944530778722,0.0048848246883837,0.037422037422037424,481,0.0030894523778843366,0.0056247826131901645,0.08506224066390045,482,0.0029660519103983903,0.005501382145704219,0.10580912863070535,482,-0.00030391427411608103,0.0022314159611897468,0.10788381742738584,482,0.0018070595554170008,0.004342389790722829,0.1203319502074689,482,0.0009222101299971713,0.003457540365302999,0.12058212058212059,481,-0.00023390270577570643,0.0023014275295301216,0.10995850622406644,482,-0.001641979605383556,0.0008933506299222719,0.10580912863070535,482,-0.008601064283692318,-0.006065734048386491,0.07883817427385897,482,-0.025689402099550684,-0.023154071864244855,0.02904564315352698,482,-0.025689402099550684,-0.023154071864244855,0.02904564315352698,482
qfq_high_right__qfq_return,qfq_parser_sensitivity,1,2022-10-11,4827,0.14622305364367483,-0.033590486675103115,0.046124351633252784,0.02591986747215608,-0.020204484161096704,0.03734439834024894,482,0.032475609522811116,-0.013648742110441668,0.10766045548654246,483,0.04099912422652955,-0.0051252274067232345,0.16356107660455488,483,0.046740219410292265,0.0006158677770394805,0.17634854771784236,482,0.053692294741978036,0.007567943108725252,0.17391304347826086,483,0.050673780938789735,0.004549429305536951,0.15734989648033126,483,0.05283933732036568,0.006714985687112894,0.15145228215767637,482,0.05546874083613909,0.009344389202886307,0.16356107660455488,483,0.048164074899321396,0.002039723266068612,0.12422360248447206,483,0.05424381348444111,0.008119461851188323,0.04554865424430643,483,0.05424381348444111,0.008119461851188323,0.04554865424430643,483
qfq_high_right__qfq_return,qfq_parser_sensitivity,1,2022-10-18,4831,0.1831506595936088,-0.0189896020883312,0.0023633046342372292,-0.017712672582402996,-0.020075977216640225,0.04554865424430643,483,-0.00954489983338828,-0.011908204467625508,0.10973084886128359,483,-0.003478848325549039,-0.0058421529597862685,0.13871635610766042,483,0.001807000161864631,-0.0005563044723725982,0.15734989648033126,483,0.004892274844238925,0.0025289702100016955,0.18219461697722572,483,-0.0015386984313936318,-0.0039020030656308612,0.17805383022774324,483,0.0023509578851060742,-1.2346749131154997e-05,0.1697722567287785,483,0.013063293984857638,0.01069998935062041,0.1428571428571429,483,0.011468992999628615,0.009105688365391386,0.10559006211180122,483,0.022284401133201338,0.01992109649896411,0.04338842975206614,484,0.022284401133201338,0.01992109649896411,0.04338842975206614,484
qfq_high_right__qfq_return,qfq_parser_sensitivity,1,2022-10-25,4839,0.07945610308134311,-0.006036239052046245,0.010652057232153386,-0.0020657402312646263,-0.012717797463418012,0.0331262939958592,483,0.0015501573787841342,-0.009101899853369252,0.08057851239669422,484,0.007754699204417864,-0.0028973580277355223,0.10537190082644632,484,0.0064624355851110446,-0.004189621647042342,0.13429752066115708,484,0.015117420177967475,0.004465362945814089,0.15702479338842978,484,0.019192526031262678,0.008540468799109292,0.15909090909090906,484,0.016232196180086457,0.005580138947933071,0.13636363636363635,484,0.016254315464934947,0.00560225823278156,0.14049586776859502,484,0.018256376187997737,0.00760431895584435,0.11570247933884292,484,0.007739909901196039,-0.002912147330957347,0.04132231404958675,484,0.007739909901196039,-0.002912147330957347,0.04132231404958675,484
qfq_high_right__qfq_return,qfq_parser_sensitivity,1,2022-11-01,4849,-0.1798239805783127,-0.017294516932274753,0.029218533050922153,0.03746729232699746,0.00824875927607531,0.04132231404958675,484,0.03295694278956866,0.00373840973864651,0.10515463917525769,485,0.03264068571638088,0.0034221526654587275,0.15463917525773196,485,0.03156295175149581,0.0023444187005736555,0.1793814432989691,485,0.03186158715256236,0.002643054101640209,0.1793814432989691,485,0.03247481165495093,0.0032562786040287797,0.19587628865979378,485,0.02601652410314516,-0.003202008947776995,0.20412371134020624,485,0.027535166157144745,-0.0016833668937774084,0.18556701030927836,485,0.02757333734478706,-0.0016451957061350934,0.12989690721649483,485,0.012113039263273163,-0.01710549378764899,0.05154639175257736,485,0.012113039263273163,-0.01710549378764899,0.05154639175257736,485
qfq_high_right__qfq_return,qfq_parser_sensitivity,1,2022-11-08,4853,-0.22426027200504708,-0.005759675226617102,0.016189764914735425,0.03115767186703302,0.014967906952297595,0.028865979381443307,485,0.02455929081692758,0.008369525902192154,0.06804123711340204,485,0.023040779356643937,0.006851014441908512,0.11340206185567014,485,0.021560787538424785,0.00537102262368936,0.1440329218106996,486,0.02089846023810444,0.0047086953233690144,0.15463917525773196,485,0.017612487711027264,0.0014227227962918393,0.17113402061855665,485,0.012525875619576275,-0.0036638892951591506,0.16666666666666663,486,0.013090696899652662,-0.003099068015082763,0.15257731958762888,485,0.002927415851428098,-0.013262349063307328,0.1195876288659794,485,-0.005434749985336915,-0.02162451490007234,0.04526748971193417,486,-0.005434749985336915,-0.02162451490007234,0.04526748971193417,486
qfq_high_right__qfq_return,qfq_parser_sensitivity,1,2022-11-15,4859,-0.13608998146958615,-0.0019414988595037352,-0.01769157843828541,-0.014374408484950673,0.0033171699533347376,0.039175257731958735,485,-0.011422688193077912,0.006268890245207499,0.08847736625514402,486,-0.013359646551564438,0.004331931886720973,0.11316872427983538,486,-0.013701582683029543,0.003989995755255868,0.1255144032921811,486,-0.017530377973519473,0.00016120046476593777,0.1440329218106996,486,-0.01567571478692267,0.002015863651362741,0.1728395061728395,486,-0.02132340735658913,-0.003631828918303718,0.1625514403292181,486,-0.020309380594133983,-0.0026178021558485726,0.1440329218106996,486,-0.024601369739282564,-0.006909791300997153,0.09876543209876543,486,-0.02461038256720485,-0.006918804128919438,0.026748971193415683,486,-0.02461038256720485,-0.006918804128919438,0.026748971193415683,486
qfq_high_right__qfq_return,qfq_parser_sensitivity,1,2022-11-22,4869,-0.34455597709824487,-0.014013489667467084,0.008907910566467747,0.043219772034886125,0.03431186146841838,0.028806584362139898,486,0.0233735557839676,0.014465645217499852,0.0657084188911704,487,0.017053693835823034,0.008145783269355287,0.08624229979466114,487,0.01471334543203017,0.005805434865562422,0.10677618069815198,487,0.010577100320295381,0.0016691897538276337,0.13552361396303902,487,0.0072927942923643714,-0.001615116274103376,0.16632443531827512,487,-0.002449036817671602,-0.01135694738413935,0.15195071868583165,487,0.0016833315675978792,-0.0072245789988698685,0.1273100616016427,487,-0.011418924148582695,-0.020326834715050444,0.11088295687885008,487,-0.01489607106833584,-0.023803981634803587,0.03696098562628336,487,-0.01489607106833584,-0.023803981634803587,0.03696098562628336,487
qfq_high_right__qfq_return,qfq_parser_sensitivity,1,2022-11-29,4876,0.016365958693892426,0.006888538740307812,0.020001536627647205,0.014321910342449982,-0.005679626285197224,0.03901437371663241,487,0.020377340126303718,0.00037580349865651286,0.09221311475409832,488,0.01921725586271344,-0.000784280764933764,0.12525667351129366,487,0.020955408589555934,0.0009538719619087282,0.1454918032786885,488,0.026901535598377928,0.0068999989707307224,0.1598360655737705,488,0.019636273079048246,-0.000365263548598959,0.1806981519507187,487,0.0223160493860512,0.0023145127584039936,0.16188524590163933,488,0.017396583427487743,-0.002604953200159462,0.13757700205338808,487,0.0211570971815956,0.001155560553948394,0.10450819672131151,488,0.01771658046198889,-0.0022849561656583146,0.032786885245901676,488,0.01771658046198889,-0.0022849561656583146,0.032786885245901676,488
qfq_high_right__qfq_return,qfq_parser_sensitivity,1,2022-12-06,4876,-0.04820842111101077,0.007399182359942541,-0.013858440671663816,-0.016316231025144057,-0.0024577903534802412,0.04106776180698157,487,-0.013247893622506854,0.0006105470491569627,0.0840163934426229,488,-0.011241278558830326,0.00261716211283349,0.10472279260780293,487,-0.01311948487077714,0.0007389558008866759,0.12090163934426235,488,-0.009251348961515565,0.004607091710148252,0.14139344262295084,488,-0.014008950052045832,-0.00015050938038201588,0.1581108829568788,487,-0.01620819085850083,-0.002349750186837014,0.15573770491803274,488,-0.011007711879465752,0.0028507287921980644,0.1540041067761807,487,-0.015317129431883915,-0.0014586887602200983,0.11680327868852458,488,-0.0188603276379942,-0.0050018869663303826,0.04508196721311475,488,-0.0188603276379942,-0.0050018869663303826,0.04508196721311475,488
qfq_high_right__qfq_return,qfq_parser_sensitivity,1,2022-12-13,4884,-0.13366566446101774,0.008257665814360356,-0.04184964714158861,-0.037301854914692775,0.004547792226895837,0.03688524590163933,488,-0.038323149127570774,0.0035264980140178384,0.08811475409836067,488,-0.039377422993016456,0.0024722241485721566,0.11860940695296529,489,-0.04193803263919036,-8.838549760174785e-05,0.14344262295081966,488,-0.040160386050879016,0.001689261090709597,0.16155419222903888,489,-0.03758588418759823,0.004263762953990384,0.16393442622950816,488,-0.04064406918366324,0.0012055779579253703,0.16188524590163933,488,-0.04671584675023061,-0.0048661996086419995,0.13496932515337423,489,-0.04668703831777323,-0.004837391176184619,0.08811475409836067,488,-0.04974516382697895,-0.00789551668539034,0.03476482617586907,489,-0.04974516382697895,-0.00789551668539034,0.03476482617586907,489
qfq_high_right__qfq_return,qfq_parser_sensitivity,1,2022-12-20,4884,0.07627764492943107,0.020657310697351265,-0.0073501600029852125,-0.00954040288479944,-0.0021902428818142278,0.026639344262295084,488,-0.00905270102031585,-0.001702541017330637,0.05942622950819676,488,-0.0068053508430136024,0.00054480915997161,0.09406952965235171,489,-0.01102540794968333,-0.003675247946698117,0.10655737704918034,488,-0.012903618629911377,-0.0055534586269261645,0.11247443762781184,489,-0.0069800352566101904,0.000370124746375022,0.14959016393442626,488,-0.01713840116243045,-0.009788241159445236,0.13319672131147542,488,-0.010922124813298129,-0.003571964810312916,0.0961145194274029,489,-0.0022068850332387685,0.005143274969746444,0.069672131147541,488,0.013049109008665445,0.020399269011650657,0.026584867075664653,489,0.013049109008665445,0.020399269011650657,0.026584867075664653,489
qfq_high_right__qfq_return,qfq_parser_sensitivity,1,2022-12-27,4895,0.11605856840776019,-0.0038347037312892775,0.03681147751567088,0.02143759705936643,-0.015373880456304452,0.02862985685071573,489,0.03145019491545693,-0.00536128260021395,0.061224489795918324,490,0.03604399015932643,-0.0007674873563444512,0.08384458077709611,489,0.037963187816231196,0.001151710300560313,0.11224489795918369,490,0.036930453406372674,0.00011897589070179043,0.1267893660531697,489,0.04038157598820933,0.0035700984725384466,0.13469387755102036,490,0.037815687386998524,0.001004209871327641,0.12269938650306744,489,0.04447013726342695,0.007658659747756064,0.10408163265306125,490,0.04263235291481521,0.005820875399144325,0.07975460122699385,489,0.03897082823293068,0.0021593507172597975,0.030612244897959218,490,0.03897082823293068,0.0021593507172597975,0.030612244897959218,490
qfq_high_right__qfq_return,qfq_parser_sensitivity,1,2023-01-04,4902,0.19612667317505672,0.009261277463308612,-0.005354665308679544,-0.023084170929784684,-0.01772950562110514,0.03265306122448974,490,-0.013021083099006394,-0.00766641779032685,0.0836734693877551,490,-0.013027046366737311,-0.007672381058057767,0.13265306122448983,490,-0.008893055336484953,-0.0035383900278054088,0.14489795918367343,490,-0.00022522757063499031,0.005129437738044554,0.13849287169042768,491,-0.005999903739160199,-0.0006452384304806548,0.14693877551020407,490,-0.002249214842772222,0.0031054504659073223,0.1306122448979592,490,0.006862215402987545,0.01221688071166709,0.10204081632653061,490,-0.00014217999855579847,0.0052124853101237455,0.09183673469387754,490,0.006198966313027538,0.011553631621707083,0.03462321792260692,491,0.006198966313027538,0.011553631621707083,0.03462321792260692,491
qfq_high_right__qfq_return,qfq_parser_sensitivity,1,2023-01-11,4903,0.09068593838500598,0.007115963105841932,0.02556421121694328,0.019794885128113483,-0.005769326088829796,0.03265306122448974,490,0.019755633102230014,-0.005808578114713265,0.0714285714285714,490,0.023979925259587812,-0.001584285957355467,0.09387755102040818,490,0.026683947918632062,0.0011197367016887831,0.1120162932790224,491,0.02239099978781114,-0.0031732114291321382,0.12653061224489792,490,0.02482747753603846,-0.0007367336809048185,0.14693877551020407,490,0.022888478945706725,-0.002675732271236554,0.14052953156822812,491,0.025982006358656776,0.00041779514171349716,0.12040816326530612,490,0.029649144377744383,0.004084933160801104,0.09387755102040818,490,0.03966401414805159,0.01409980293110831,0.03665987780040736,491,0.03966401414805159,0.01409980293110831,0.03665987780040736,491
qfq_high_right__qfq_return,qfq_parser_sensitivity,1,2023-01-18,4900,-0.10998819302231119,-0.031103952599843117,0.04508600118574091,0.04057135881591803,-0.00451464236982288,0.03469387755102038,490,0.049259184712789485,0.004173183527048575,0.08163265306122447,490,0.05068588579466311,0.005599884608922204,0.09591836734693882,490,0.048350473945774936,0.003264472760034026,0.10204081632653061,490,0.05512617737868808,0.01004017619294717,0.13265306122448983,490,0.051547607551113685,0.006461606365372775,0.14081632653061227,490,0.04852120968746901,0.0034352085017280987,0.12653061224489792,490,0.04896328368414939,0.003877282498408484,0.11428571428571432,490,0.037169375311793394,-0.007916625873947515,0.09183673469387754,490,0.020665454975049968,-0.02442054621069094,0.02857142857142858,490,0.020665454975049968,-0.02442054621069094,0.02857142857142858,490
qfq_high_right__qfq_return,qfq_parser_sensitivity,1,2023-02-01,4901,0.023694245865906478,-0.016428303039897323,0.013822626478537594,0.003959494821124011,-0.009863131657413583,0.02857142857142858,490,0.013995106079232055,0.00017247960069446087,0.07551020408163267,490,0.011029116589333463,-0.0027935098892041318,0.10408163265306125,490,0.016083893948989594,0.0022612674704519994,0.11836734693877549,490,0.01548729530949972,0.0016646688309621249,0.13469387755102036,490,0.013493867982991107,-0.0003287584955464877,0.15714285714285714,490,0.017823821927767557,0.004001195449229963,0.1428571428571429,490,0.019627806388694494,0.0058051799101569,0.12653061224489792,490,0.018382113657647546,0.004559487179109952,0.09795918367346934,490,0.008354906691905849,-0.005467719786631745,0.02647657841140527,491,0.008354906691905849,-0.005467719786631745,0.02647657841140527,491
qfq_high_right__qfq_return,qfq_parser_sensitivity,1,2023-02-08,4904,-0.1435666132748197,0.0018456007727040064,-0.010569649633246386,-0.0062645544309700135,0.004305095202276373,0.030612244897959218,490,-0.010181259183179532,0.0003883904500668542,0.0714285714285714,490,-0.009863485264754524,0.0007061643684918625,0.09979633401221999,491,-0.006461447766667829,0.004108201866578557,0.10816326530612241,490,-0.005565857242131695,0.005003792391114691,0.12016293279022405,491,-0.008654645546663692,0.0019150040865826938,0.12653061224489792,490,-0.010802380784045187,-0.00023273115079880044,0.12244897959183676,490,-0.006721750632530218,0.0038478990007161686,0.12016293279022405,491,-0.016595415116934274,-0.006025765483687887,0.10612244897959189,490,-0.024576620537762016,-0.01400697090451563,0.03665987780040736,491,-0.024576620537762016,-0.01400697090451563,0.03665987780040736,491
qfq_high_right__qfq_return,qfq_parser_sensitivity,1,2023-02-15,4910,-0.1437994839640809,-0.024351604007235784,0.01074194180672465,0.010460486927278518,-0.00028145487944613266,0.02647657841140527,491,0.013927211106594659,0.0031852692998700083,0.05906313645621186,491,0.015717003037832456,0.004975061231107806,0.07535641547861505,491,0.01743557324379579,0.006693631437071138,0.09979633401221999,491,0.012508799197538827,0.0017668573908141763,0.11812627291242361,491,0.015068215989477256,0.004326274182752606,0.13849287169042768,491,0.013606123548138957,0.002864181741414307,0.1344195519348269,491,0.008858891290948658,-0.001883050515775992,0.12627291242362526,491,0.007742846452210211,-0.002999095354514439,0.10794297352342164,491,-0.007905732726568832,-0.018647674533293482,0.048879837067209775,491,-0.007905732726568832,-0.018647674533293482,0.048879837067209775,491
qfq_high_right__qfq_return,qfq_parser_sensitivity,1,2023-02-22,4919,-0.20574926737465038,-0.015549763585259023,0.0034238372832470997,0.00783319217290253,0.00440935488965543,0.018329938900203624,491,0.01033230837023006,0.00690847108698296,0.054878048780487854,492,0.008677400694568531,0.005253563411321431,0.08130081300813008,492,0.01236614018050674,0.008942302897259639,0.10162601626016265,492,0.007915553374678981,0.004491716091431881,0.11788617886178865,492,0.006256722344725737,0.002832885061478637,0.13211382113821135,492,0.002227649419463302,-0.0011961878637837976,0.12195121951219512,492,0.003027697096460286,-0.00039614018678681357,0.11585365853658536,492,-0.003860647136223943,-0.007284484419471043,0.09959349593495936,492,-0.020528681581406964,-0.023952518864654063,0.03658536585365857,492,-0.020528681581406964,-0.023952518864654063,0.03658536585365857,492
qfq_high_right__qfq_return,qfq_parser_sensitivity,1,2023-03-01,4920,-0.04076544844849292,-0.006310375877397875,-0.007547166177514368,-0.0011602764278702614,0.006386889749644107,0.018292682926829285,492,-0.008106985238174878,-0.0005598190606605101,0.05081300813008127,492,-0.010425246830376336,-0.0028780806528619684,0.06707317073170727,492,-0.009136051290754042,-0.0015888851132396737,0.08739837398373984,492,-0.01160763676320472,-0.004060470585690351,0.0955284552845529,492,-0.005833702935790629,0.0017134632417237393,0.08943089430894313,492,-0.007666417820619752,-0.00011925164310538396,0.08943089430894313,492,-0.007060745309458559,0.0004864208680558091,0.08536585365853655,492,-0.009155631099259171,-0.0016084649217448033,0.08130081300813008,492,-0.005318968059635337,0.002228198117879031,0.03658536585365857,492,-0.005318968059635337,0.002228198117879031,0.03658536585365857,492
qfq_high_right__qfq_return,qfq_parser_sensitivity,1,2023-03-08,4925,-0.08255620167420076,0.0009037027941268093,-0.02965355284224189,-0.025802496849788685,0.0038510559924532055,0.018292682926829285,492,-0.027954329139136952,0.0016992237031049386,0.0608519269776876,493,-0.028366942698248146,0.0012866101439937445,0.08333333333333337,492,-0.02803636201128659,0.001617190830955302,0.09533468559837732,493,-0.029686810326409144,-3.325748416725324e-05,0.1097560975609756,492,-0.02783898700748515,0.00181456583475674,0.13793103448275867,493,-0.03034232168933632,-0.0006887688470944286,0.13414634146341464,492,-0.031013402101160176,-0.001359849258918286,0.12170385395537531,493,-0.03350271421554322,-0.0038491613733013276,0.08943089430894313,492,-0.03399001334055215,-0.004336460498310258,0.03448275862068961,493,-0.03399001334055215,-0.004336460498310258,0.03448275862068961,493
qfq_high_right__qfq_return,qfq_parser_sensitivity,1,2023-03-15,4933,-0.014562075536127256,-0.011773766972571938,0.026462390924469854,0.011529690921496312,-0.014932700002973542,0.030425963488843855,493,0.026600083557972956,0.00013769263350310243,0.0608519269776876,493,0.025085894446255926,-0.0013764964782139281,0.08113590263691683,493,0.029684240951044612,0.003221850026574758,0.12348178137651822,494,0.03558006161318069,0.009117670688710836,0.14401622718052742,493,0.032644841037490865,0.006182450113021012,0.14198782961460443,493,0.02625016239746376,-0.00021222852700609335,0.13765182186234814,494,0.03130896478060639,0.004846573856136533,0.12170385395537531,493,0.0264101616299175,-5.222929455235212e-05,0.10141987829614607,493,0.019537749126912515,-0.006924641797557338,0.046558704453441346,494,0.019537749126912515,-0.006924641797557338,0.046558704453441346,494
qfq_high_right__qfq_return,qfq_parser_sensitivity,1,2023-03-22,4935,0.17945582456975848,0.024460430493458262,-0.015241183329972291,-0.027458736535484567,-0.012217553205512276,0.030425963488843855,493,-0.023764686019512007,-0.008523502689539716,0.07692307692307687,494,-0.021818342832070216,-0.006577159502097925,0.09939148073022308,493,-0.02190078452439131,-0.00665960119441902,0.10931174089068829,494,-0.015141501237207543,9.968209276474752e-05,0.11967545638945232,493,-0.014404454922930273,0.0008367284070420183,0.1497975708502024,494,-0.010312032647325194,0.004929150682647097,0.14401622718052742,493,-0.010456482368385733,0.004784700961586558,0.12955465587044535,494,-0.008232732482142367,0.007008450847829924,0.09533468559837732,493,0.0010642412634826474,0.016305424593454937,0.030364372469635637,494,0.0010642412634826474,0.016305424593454937,0.030364372469635637,494
qfq_high_right__qfq_return,qfq_parser_sensitivity,1,2023-03-29,4944,0.09952129881861663,0.005774960646138148,0.02093348498602738,0.006860357515672688,-0.014073127470354692,0.030364372469635637,494,0.013310451586514116,-0.007623033399513264,0.0748987854251012,494,0.011883396615222844,-0.009050088370804536,0.11313131313131308,495,0.016134031729650302,-0.004799453256377078,0.12348178137651822,494,0.022601229116109855,0.0016677441300824748,0.1333333333333333,495,0.02212456852898624,0.001191083542958861,0.13562753036437247,494,0.01986626308959757,-0.001067221896429809,0.12955465587044535,494,0.024583094754742026,0.0036496097687146456,0.11111111111111116,495,0.0345029999449623,0.013569514958934922,0.09109311740890691,494,0.03744259387271331,0.016509108886685928,0.042424242424242475,495,0.03744259387271331,0.016509108886685928,0.042424242424242475,495
qfq_high_right__qfq_return,qfq_parser_sensitivity,1,2023-04-06,4948,-0.07252722258689212,-0.015896906871150095,-0.002281714582626329,0.0019432168571960659,0.004224931439822395,0.030364372469635637,494,-0.00024309829097745724,0.0020386162916488718,0.0888888888888889,495,0.0003980838597338776,0.0026797984423602064,0.11919191919191918,495,-0.002163856518992505,0.0001178580636338241,0.12525252525252528,495,-0.0038704458435390083,-0.0015887312609126794,0.12929292929292935,495,-0.005635897402200201,-0.003354182819573872,0.1578947368421053,494,-0.004246005571795319,-0.0019642909891689903,0.15959595959595962,495,-0.0058878690824521514,-0.0036061544998258225,0.1333333333333333,495,0.0007909627721168136,0.0030726773547431426,0.10909090909090913,495,-0.003900477517231695,-0.001618762934605366,0.048484848484848464,495,-0.003900477517231695,-0.001618762934605366,0.048484848484848464,495
qfq_high_right__qfq_return,qfq_parser_sensitivity,1,2023-04-13,4958,-0.09464344328580189,0.010679752418691898,-0.03992664361687548,-0.040304330222599216,-0.00037768660572373713,0.04646464646464643,495,-0.03424382629746475,0.005682817319410727,0.10282258064516125,496,-0.03512814696019895,0.004798496656676532,0.11693548387096775,496,-0.03818295355526097,0.0017436900616145112,0.11895161290322576,496,-0.03917900229534192,0.000747641321533557,0.13709677419354838,496,-0.046134111801498665,-0.0062074681846231855,0.1515151515151515,495,-0.037372323005748574,0.002554320611126905,0.16330645161290325,496,-0.045535069306182216,-0.005608425689306737,0.14314516129032262,496,-0.040279412406934036,-0.0003527687900585566,0.10282258064516125,496,-0.04292053683928023,-0.002993893222404752,0.04435483870967738,496,-0.04292053683928023,-0.002993893222404752,0.04435483870967738,496
qfq_high_right__qfq_return,qfq_parser_sensitivity,1,2023-04-20,4966,-0.2539603740959756,-0.009848013156405325,0.0011700916535681018,0.0032939452695091073,0.0021238536159410054,0.04233870967741937,496,0.016787177255579874,0.015617085602011771,0.1046277665995976,497,0.01998802177073465,0.01881793011716655,0.11290322580645162,496,0.010904733046189559,0.009734641392621457,0.10865191146881292,497,0.012880726480120914,0.011710634826552812,0.13480885311871227,497,0.007013903609476217,0.005843811955908116,0.13709677419354838,496,-0.0023849439151197587,-0.0035550355686878605,0.12676056338028174,497,-0.006332553929860825,-0.007502645583428927,0.125,496,-0.02012546195884857,-0.02129555361241667,0.1046277665995976,497,-0.030285832399734786,-0.031455924053302886,0.046277665995975825,497,-0.030285832399734786,-0.031455924053302886,0.046277665995975825,497
qfq_high_right__qfq_return,qfq_parser_sensitivity,1,2023-04-27,4953,-0.3219549163204527,-0.01860912913729677,-0.008764756895426995,0.0027880354567531174,0.011552792352180112,0.04040404040404044,495,0.00876019322773217,0.017524950123159164,0.08484848484848484,495,0.008222851046300291,0.016987607941727288,0.12929292929292935,495,0.0013881867007350104,0.010152943596162006,0.16330645161290325,496,-0.0009052840418537439,0.007859472853573251,0.20606060606060606,495,-0.004447157983833221,0.004317598911593774,0.23232323232323238,495,-0.013497351401546466,-0.004732594506119471,0.219758064516129,496,-0.019025463539611136,-0.010260706644184141,0.1838383838383838,495,-0.02764473558529919,-0.018879978689872196,0.13535353535353534,495,-0.04322816997709803,-0.034463413081671036,0.058467741935483875,496,-0.04322816997709803,-0.034463413081671036,0.058467741935483875,496
qfq_high_right__qfq_return,qfq_parser_sensitivity,1,2023-05-09,4942,0.13555220334323492,-0.0045177281125603624,0.00744229451370503,-0.010761279849530347,-0.01820357436323538,0.0668016194331984,494,0.00031447524227558315,-0.007127819271429447,0.12145748987854255,494,5.3034918556987946e-05,-0.007389259595148042,0.15991902834008098,494,0.005348662194113445,-0.0020936323195915856,0.18016194331983804,494,0.004756182261096702,-0.0026861122526083284,0.21212121212121215,495,0.015816028590991894,0.008373734077286863,0.23481781376518218,494,0.015772773882642418,0.008330479368937388,0.21862348178137647,494,0.01438676331184879,0.00694446879814376,0.18623481781376516,494,0.016257877704276873,0.008815583190571843,0.1336032388663968,494,0.012473679365395214,0.0050313848516901835,0.0565656565656566,495,0.012473679365395214,0.0050313848516901835,0.0565656565656566,495
qfq_high_right__qfq_return,qfq_parser_sensitivity,1,2023-05-16,4954,0.27103594200497133,0.0014901287128066076,0.0014911988987593734,-0.026319146001043545,-0.02781034489980292,0.04040404040404044,495,-0.012289205033593218,-0.013780403932352591,0.11111111111111116,495,-0.010863539950026885,-0.012354738848786259,0.14314516129032262,496,-0.00393502275901625,-0.005426221657775623,0.1454545454545455,495,0.007384501252071755,0.0058933023533123815,0.16935483870967738,496,0.004693963435381302,0.0032027645366219286,0.19393939393939397,495,0.013589876007970549,0.012098677109211175,0.1838383838383838,495,0.019877343706126767,0.018386144807367395,0.1391129032258065,496,0.014917141843689854,0.01342594294493048,0.11111111111111116,495,0.007819202320914109,0.006328003422154735,0.05443548387096775,496,0.007819202320914109,0.006328003422154735,0.05443548387096775,496
qfq_high_right__qfq_return,qfq_parser_sensitivity,1,2023-05-23,4965,0.001582232641290504,-0.008824316958029658,0.0029235155903632156,-0.01394881963423791,-0.016872335224601125,0.03427419354838712,496,0.0009282045791420848,-0.001995311011221131,0.09255533199195176,497,0.0062732074772234424,0.003349691886860227,0.12298387096774188,496,0.002392186534303573,-0.0005313290560596427,0.1287726358148893,497,0.0027458406075873956,-0.00017767498277582,0.15322580645161288,496,0.007145554816329818,0.0042220392259666025,0.17303822937625757,497,0.0057085257040721624,0.002785010113708947,0.1713709677419355,496,0.004565827781106961,0.0016423121907437454,0.14084507042253525,497,0.008346947659380708,0.005423432069017493,0.10483870967741937,496,0.005066630326132793,0.002143114735769578,0.05633802816901412,497,0.005066630326132793,0.002143114735769578,0.05633802816901412,497
qfq_high_right__qfq_return,qfq_parser_sensitivity,1,2023-05-30,4964,-0.18297277018753544,-0.009767356305207323,-3.914140774381784e-07,0.011952237835600489,0.011952629249677927,0.040322580645161255,496,0.003285072275936231,0.0032854636900136692,0.0786290322580645,496,0.0038868397417806217,0.00388723115585806,0.09859154929577463,497,0.004726741717978429,0.004727133132055867,0.1108870967741935,496,0.002527618227746538,0.0025280096418239762,0.1327967806841046,497,0.005392696751278687,0.0053930881653561245,0.15120967741935487,496,-0.002366172605416078,-0.0023657811913386398,0.14516129032258063,496,-0.005472849290315651,-0.005472457876238213,0.13480885311871227,497,-0.007251558260635251,-0.007251166846557813,0.1088709677419355,496,-0.01665286776571591,-0.01665247635163847,0.044265593561368166,497,-0.01665286776571591,-0.01665247635163847,0.044265593561368166,497
qfq_high_right__qfq_return,qfq_parser_sensitivity,1,2023-06-06,4970,0.02372487673975918,0.01297123407580848,0.013320978635260097,0.004651957675370451,-0.008669020959889646,0.03420523138832998,497,0.013224202200422641,-9.677643483745578e-05,0.07444668008048294,497,0.012246986635650397,-0.0010739919996097004,0.11670020120724345,497,0.016611062069563497,0.0032900834343033997,0.14486921529175045,497,0.013556679377386797,0.00023570074212670052,0.14889336016096577,497,0.01525405207640227,0.0019330734411421736,0.15090543259557343,497,0.013367837017170063,4.6858381909965774e-05,0.1569416498993964,497,0.014644814003593012,0.0013238353683329152,0.14486921529175045,497,0.013296204584639572,-2.477405062052511e-05,0.10060362173038229,497,0.01635599071240226,0.0030350120771421626,0.04225352112676062,497,0.01635599071240226,0.0030350120771421626,0.04225352112676062,497
qfq_high_right__qfq_return,qfq_parser_sensitivity,1,2023-06-13,4977,0.14782559844783488,0.007200762414930723,-0.0071640234319882,-0.020189606363734975,-0.013025582931746774,0.04024144869215296,497,-0.023783358284978275,-0.016619334852990074,0.06827309236947787,498,-0.015764612304200204,-0.008600588872212003,0.09236947791164662,498,-0.007241003547773248,-7.698011578504815e-05,0.12072434607645877,497,-0.004409614715772837,0.002754408716215363,0.13855421686746983,498,-0.010568441307441698,-0.0034044178754534986,0.14457831325301207,498,0.0007998323687115208,0.00796385580069972,0.14889336016096577,497,0.0003534670526013757,0.007517490484589576,0.14658634538152615,498,0.0034262462828659477,0.010590269714854147,0.11044176706827313,498,0.005726537810589721,0.012890561242577921,0.04016064257028118,498,0.005726537810589721,0.012890561242577921,0.04016064257028118,498
qfq_high_right__qfq_return,qfq_parser_sensitivity,1,2023-06-20,4984,-0.1600738739099376,-0.021616539889634738,0.019807324217017093,0.028224031217580558,0.008416707000563465,0.04417670682730923,498,0.028638909101214086,0.008831584884196993,0.07028112449799195,498,0.02989496260643855,0.010087638389421456,0.09619238476953906,499,0.02814735303425229,0.008340028817235196,0.12851405622489964,498,0.027205677264020726,0.0073983530470036335,0.16232464929859725,499,0.019998992802341593,0.00019166858532449968,0.16666666666666663,498,0.021664574753879885,0.0018572505368627916,0.14658634538152615,498,0.011794133450079573,-0.00801319076693752,0.13827655310621245,499,0.006760882600646211,-0.013046441616370882,0.1305220883534136,498,-0.004227034583713773,-0.024034358800730866,0.05611222444889774,499,-0.004227034583713773,-0.024034358800730866,0.05611222444889774,499
qfq_high_right__qfq_return,qfq_parser_sensitivity,1,2023-06-29,4997,-0.24993269161445286,-0.010514638461415534,-0.0012405407593998016,0.01273569542885918,0.013976236188258983,0.04008016032064132,499,0.010663558900653534,0.011904099660053336,0.07999999999999996,500,0.0022716411347146453,0.003512181894114447,0.10799999999999998,500,0.0022454472411867583,0.00348598800058656,0.14028056112224452,499,0.001538068802996786,0.0027786095623965872,0.16600000000000004,500,-0.0011141380492740414,0.00012640271012576013,0.18400000000000005,500,-0.009148302322235484,-0.007907761562835682,0.188376753507014,499,-0.005107866286664117,-0.003867325527264315,0.17000000000000004,500,-0.011342726859280259,-0.010102186099880457,0.138,500,-0.015127676659703,-0.013887135900303198,0.06599999999999995,500,-0.015127676659703,-0.013887135900303198,0.06599999999999995,500
qfq_high_right__qfq_return,qfq_parser_sensitivity,1,2023-07-06,5001,0.032734133655442664,0.00832813840344292,0.00782470347640751,0.00045310147639523237,-0.007371602000012277,0.04200000000000004,500,0.006627110855251975,-0.001197592621155535,0.06000000000000005,500,0.00973037046063529,0.0019056669842277812,0.08199999999999996,500,0.007019040081982668,-0.0008056633944248416,0.10599999999999998,500,0.006151623710696695,-0.0016730797657108143,0.128,500,0.008013161691807106,0.00018845821539959645,0.15200000000000002,500,0.013426063320867631,0.005601359844460122,0.136,500,0.009025046714269342,0.0012003432378618322,0.11199999999999999,500,0.009218603226419457,0.0013938997500119472,0.11199999999999999,500,0.008581399833036442,0.0007566963566289324,0.053892215568862256,501,0.008581399833036442,0.0007566963566289324,0.053892215568862256,501
qfq_high_right__qfq_return,qfq_parser_sensitivity,1,2023-07-13,5004,-0.3665126185738669,-0.005384359018193956,-0.017475554364508147,0.01787073299400825,0.0353462873585164,0.03400000000000003,500,-0.0006223019780403851,0.016853252386467763,0.062000000000000055,500,-0.007403663646810634,0.010071890717697513,0.0858283433133733,501,-0.012996526959415661,0.004479027405092486,0.10999999999999999,500,-0.015275720130419413,0.002199834234088734,0.1217564870259481,501,-0.01608633362168399,0.0013892207428241564,0.124,500,-0.02660980627946691,-0.009134251914958764,0.136,500,-0.02968623327636608,-0.012210678911857932,0.12375249500998009,501,-0.036519056341162766,-0.01904350197665462,0.08799999999999997,500,-0.047366973659214315,-0.029891419294706168,0.041916167664670656,501,-0.047366973659214315,-0.029891419294706168,0.041916167664670656,501
qfq_high_right__qfq_return,qfq_parser_sensitivity,1,2023-07-20,5014,-0.2627592033012198,0.00916183628303584,0.012888479160756609,0.04107646383687624,0.028187984676119632,0.021956087824351322,501,0.028613426851666183,0.015724947690909576,0.06187624750498999,501,0.01619534132399001,0.0033068621632334014,0.09362549800796816,502,0.01322258627325561,0.0003341071124990016,0.10578842315369263,501,0.01020342458898761,-0.0026850545717689994,0.12350597609561753,502,0.009135004360231565,-0.0037534748005250435,0.1477045908183633,501,0.006858067397663428,-0.006030411763093181,0.14970059880239517,501,0.008008178458948063,-0.004880300701808546,0.12749003984063745,502,-0.002876450907041227,-0.015764930067797837,0.08982035928143717,501,-0.001514003121138673,-0.014402482281895283,0.03984063745019917,502,-0.001514003121138673,-0.014402482281895283,0.03984063745019917,502
qfq_high_right__qfq_return,qfq_parser_sensitivity,1,2023-07-27,5021,-0.13776811051618434,-0.0010921837238677355,0.004511795113295371,0.02115300417072305,0.016641209057427678,0.03784860557768921,502,0.01280063027083666,0.00828883515754129,0.0816733067729084,502,0.009215037869088692,0.004703242755793321,0.09760956175298807,502,0.003515514718649187,-0.0009962803946461842,0.10756972111553786,502,0.0015588603593121456,-0.0029529347539832256,0.11155378486055778,502,0.001025811521742421,-0.0034859835915529505,0.1294820717131474,502,-0.007117786444997223,-0.011629581558292594,0.13346613545816732,502,-0.00459173670942526,-0.009103531822720631,0.1254980079681275,502,0.0026735671454379984,-0.0018382279678573728,0.1055776892430279,502,0.004884306177672939,0.00037251106437756736,0.04771371769383703,503,0.004884306177672939,0.00037251106437756736,0.04771371769383703,503
qfq_high_right__qfq_return,qfq_parser_sensitivity,1,2023-08-03,5027,0.022962119452821422,-0.003443467300355113,-0.02683249080316471,-0.027491180706506607,-0.0006586899033418983,0.031872509960159334,502,-0.030815868355585134,-0.003983377552420425,0.08349900596421467,503,-0.02922019880997933,-0.0023877080068146206,0.10536779324055667,503,-0.02668082640811466,0.0001516643950500475,0.1254980079681275,502,-0.025005586112565106,0.0018269046905996025,0.12326043737574555,503,-0.028010116494292882,-0.0011776256911281736,0.11133200795228626,503,-0.02501923147698319,0.0018132593261815204,0.11952191235059761,502,-0.025052693748639214,0.0017797970545254949,0.1093439363817097,503,-0.020914472185050836,0.005918018618113873,0.08548707753479123,503,-0.03011213684761232,-0.0032796460444476094,0.041749502982107334,503,-0.03011213684761232,-0.0032796460444476094,0.041749502982107334,503
qfq_high_right__qfq_return,qfq_parser_sensitivity,1,2023-08-10,5035,-0.16495461720850121,-0.0134750333924932,-0.011798665850618058,-0.0004113887832683643,0.011387277067349695,0.027833001988071593,503,-0.007981524167048675,0.003817141683569383,0.06746031746031744,504,-0.008818018357684402,0.002980647492933657,0.08349900596421467,503,-0.010673199429591535,0.001125466421026523,0.09722222222222221,504,-0.012024031397845091,-0.00022536554722703273,0.11530815109343939,503,-0.00959529815058336,0.002203367700034698,0.12103174603174605,504,-0.011743889779269653,5.4776071348405786e-05,0.1093439363817097,503,-0.00932832754886428,0.002470338301753779,0.09325396825396826,504,-0.017090358364916843,-0.005291692514298785,0.07554671968190851,503,-0.030302952601374052,-0.018504286750755994,0.03968253968253965,504,-0.030302952601374052,-0.018504286750755994,0.03968253968253965,504
qfq_high_right__qfq_return,qfq_parser_sensitivity,1,2023-08-17,5040,-0.18520958943369717,0.013363322405536221,-0.04092373271064326,-0.03336260994504589,0.007561122765597367,0.023809523809523836,504,-0.031609535071275445,0.009314197639367812,0.05753968253968256,504,-0.030821210348121526,0.01010252236252173,0.07341269841269837,504,-0.03613426068719442,0.004789472023448836,0.10515873015873012,504,-0.039904766421912645,0.001018966288730612,0.13095238095238093,504,-0.04069276482527887,0.00023096788536438456,0.11706349206349209,504,-0.04526070849940451,-0.004336975788761251,0.11507936507936511,504,-0.04318436606279751,-0.002260633352154255,0.10912698412698407,504,-0.053264401622782384,-0.012340668912139127,0.09325396825396826,504,-0.0550027036226194,-0.014078970911976144,0.045634920634920584,504,-0.0550027036226194,-0.014078970911976144,0.045634920634920584,504
qfq_high_right__qfq_return,qfq_parser_sensitivity,1,2023-08-24,5046,0.26329499301901593,-0.005010124026504383,0.04882990326574031,0.02154181833145826,-0.02728808493428205,0.02182539682539686,504,0.02902067624228796,-0.019809227023452353,0.06930693069306926,505,0.03460185706736929,-0.014228046198371022,0.1071428571428571,504,0.042399245555987904,-0.006430657709752409,0.12673267326732673,505,0.05316254796921721,0.004332644703476898,0.13861386138613863,505,0.05866007945919927,0.00983017619345896,0.1428571428571429,504,0.05908316582620768,0.010253262560467366,0.12277227722772277,505,0.06672462081289414,0.017894717547153827,0.11706349206349209,504,0.06273651566451649,0.013906612398776177,0.10693069306930691,505,0.06034119634729059,0.01151129308155028,0.045544554455445585,505,0.06034119634729059,0.01151129308155028,0.045544554455445585,505
qfq_high_right__qfq_return,qfq_parser_sensitivity,1,2023-08-31,5049,-0.055709853555573036,-0.01002307145652252,-0.0004456451430884426,-0.0019432397490745663,-0.0014975946059861238,0.03373015873015872,504,-0.004197604881305579,-0.003751959738217136,0.07920792079207917,505,0.002786874682964225,0.0032325198260526678,0.10099009900990097,505,0.0037933390141634987,0.004238984157251941,0.12079207920792079,505,0.003581684391330618,0.004027329534419061,0.13861386138613863,505,0.0027367163748750443,0.003182361517963487,0.16039603960396043,505,0.0019336869846297582,0.0023793321277182007,0.15445544554455448,505,-0.002053341544117759,-0.0016076964010293161,0.12475247524752475,505,-0.002468762532394265,-0.0020231173893058224,0.10099009900990097,505,-0.008628769705828637,-0.008183124562740195,0.0435643564356436,505,-0.008628769705828637,-0.008183124562740195,0.0435643564356436,505
qfq_high_right__qfq_return,qfq_parser_sensitivity,1,2023-09-07,5052,-0.26255937371399124,-0.008318797905087655,-0.008883582702570123,0.008932902524851589,0.017816485227421713,0.027722772277227747,505,0.004287667500080457,0.01317125020265058,0.06930693069306926,505,-0.002258272337896274,0.006625310364673849,0.097029702970297,505,-0.003911045167639775,0.004972537534930348,0.10297029702970295,505,-0.00875450784422325,0.0001290748583468726,0.10869565217391308,506,-0.01351615553488107,-0.004632572832310947,0.13267326732673268,505,-0.014585598101472395,-0.005702015398902272,0.11683168316831682,505,-0.01763709437656249,-0.008753511673992366,0.09900990099009899,505,-0.017578105116102943,-0.00869452241353282,0.08910891089108908,505,-0.023786363708197117,-0.014902781005626994,0.04150197628458496,506,-0.023786363708197117,-0.014902781005626994,0.04150197628458496,506
qfq_high_right__qfq_return,qfq_parser_sensitivity,1,2023-09-14,5056,-0.03572815670242401,0.008586710056876574,0.0013268984966076684,0.00250002542913281,0.0011731269325251416,0.027722772277227747,505,0.0021483374771918773,0.000821438980584209,0.06719367588932801,506,0.002407178186313725,0.0010802796897060568,0.08910891089108908,505,0.003509630249740098,0.00218273175313243,0.10079051383399207,506,0.001968882757089053,0.0006419842604813845,0.11264822134387353,506,0.0007269424674929538,-0.0005999560291147146,0.1188118811881188,505,0.0036956036170292398,0.0023687051204215716,0.11264822134387353,506,0.0028264302190908843,0.001499531722483216,0.10297029702970295,505,0.002187360657374269,0.0008604621607666005,0.09090909090909094,506,-0.008695174904031192,-0.01002207340063886,0.04150197628458496,506,-0.008695174904031192,-0.01002207340063886,0.04150197628458496,506
qfq_high_right__qfq_return,qfq_parser_sensitivity,1,2023-09-21,5059,0.13247936599394808,-0.009130774652930185,0.0009380341292942669,-0.015540417686584295,-0.01647845181587856,0.0217821782178218,505,-0.004943212678559812,-0.005881246807854079,0.06719367588932801,506,-0.002459979472222988,-0.003398013601517255,0.09090909090909094,506,0.002629814964579459,0.001691780835285192,0.09288537549407117,506,6.79015017273e-05,-0.000870132627566967,0.10474308300395252,506,0.00383036834286489,0.002892334213570623,0.11067193675889331,506,0.00830551866456835,0.0073674845352740825,0.10671936758893286,506,0.008041247442245832,0.0071032133129515646,0.09881422924901184,506,0.007057879079401521,0.006119844950107254,0.08893280632411071,506,0.0023586550246143556,0.0014206208953200885,0.04347826086956519,506,0.0023586550246143556,0.0014206208953200885,0.04347826086956519,506
qfq_high_right__qfq_return,qfq_parser_sensitivity,1,2023-09-28,5060,-0.1620641438676049,-0.012059467404220906,-0.007266464290077703,-0.00456044906032784,0.002706015229749863,0.02371541501976282,506,-0.0035505192695141187,0.0037159450205635847,0.07114624505928857,506,0.0006337655928335186,0.007900229882911221,0.08893280632411071,506,-0.0006031845011618386,0.006663279788915865,0.09881422924901184,506,-0.001077877718014926,0.006188586572062778,0.11660079051383399,506,-0.006877348838919717,0.0003891154511579866,0.13043478260869568,506,-0.007839238212513968,-0.0005727739224362649,0.12450592885375489,506,-0.012250631274645051,-0.004984166984567348,0.10671936758893286,506,-0.016658762630242848,-0.009392298340165145,0.08300395256916993,506,-0.019880396988270252,-0.012613932698192548,0.029644268774703608,506,-0.019880396988270252,-0.012613932698192548,0.029644268774703608,506
qfq_high_right__qfq_return,qfq_parser_sensitivity,1,2023-10-13,5063,-0.1343964680603254,0.0017417843224791943,-0.06023202417826077,-0.05011556864674029,0.010116455531520477,0.025691699604743046,506,-0.05301878441420708,0.007213239764053692,0.0731225296442688,506,-0.05673346484072664,0.003498559337534131,0.11857707509881421,506,-0.06177391152948348,-0.0015418873512227094,0.145956607495069,507,-0.061595783517684674,-0.0013637593394239048,0.16600790513833996,506,-0.05683793403081322,0.0033940901474475496,0.18577075098814233,506,-0.0657430183044911,-0.00551099412623033,0.15187376725838264,507,-0.06649536071912687,-0.006263336540866103,0.12648221343873522,506,-0.0677074747887483,-0.007475450610487537,0.10474308300395252,506,-0.06228095322275615,-0.0020489290444953775,0.03747534516765283,507,-0.06228095322275615,-0.0020489290444953775,0.03747534516765283,507
qfq_high_right__qfq_return,qfq_parser_sensitivity,1,2023-10-20,5068,0.08621952688136063,-0.01774060960447089,0.0704962897882198,0.05787748462329953,-0.012618805164920269,0.029644268774703608,506,0.06707351813379318,-0.003422771654426615,0.07297830374753456,507,0.06792707066606532,-0.0025692191221544786,0.10650887573964496,507,0.06835890375024586,-0.0021373860379739346,0.11637080867850103,507,0.06760959570847967,-0.0028866940797401264,0.11637080867850103,507,0.07461892670610655,0.004122636917886752,0.13636363636363635,506,0.07868853762253195,0.008192247834312147,0.12623274161735698,507,0.07755154346456908,0.00705525367634928,0.10453648915187375,507,0.07729392772449953,0.0067976379362797296,0.08875739644970415,507,0.06794663175430936,-0.00254965803391044,0.03747534516765283,507,0.06794663175430936,-0.00254965803391044,0.03747534516765283,507
qfq_high_right__qfq_return,qfq_parser_sensitivity,1,2023-10-27,5070,0.07395356210470179,0.01755319476964557,0.020790052855324488,0.014675462133590339,-0.0061145907217341495,0.0315581854043393,507,0.019174094930796203,-0.001615957924528285,0.08284023668639051,507,0.019306961819029796,-0.0014830910362946918,0.12623274161735698,507,0.02057698808938858,-0.00021306476593590737,0.13806706114398426,507,0.020965720547836606,0.00017566769251211797,0.12426035502958577,507,0.021591982727706818,0.0008019298723823294,0.145956607495069,507,0.0262550625728995,0.005465009717575013,0.15384615384615385,507,0.023939787880252188,0.0031497350249276995,0.13214990138067062,507,0.02186219153626279,0.0010721386809383025,0.11439842209072981,507,0.019552276315482058,-0.0012377765398424306,0.05128205128205132,507,0.019552276315482058,-0.0012377765398424306,0.05128205128205132,507
qfq_high_right__qfq_return,qfq_parser_sensitivity,1,2023-11-03,5075,-0.008102188270781005,-0.01439781506393951,0.009836275803870037,0.0056675006063630524,-0.004168775197506984,0.02564102564102566,507,0.010506754224808248,0.0006704784209382118,0.07677165354330706,508,0.010449615090963404,0.0006133392870933674,0.1124260355029586,507,0.011915042836454183,0.002078767032584146,0.12992125984251968,508,0.01017112194475369,0.00033484614088365346,0.12228796844181455,507,0.009051354854711974,-0.0007849209491580626,0.1220472440944882,508,0.011815058310712506,0.001978782506842469,0.1301775147928994,507,0.015007298821338054,0.005171023017468017,0.13385826771653542,508,0.008028180614576786,-0.0018080951892932504,0.10650887573964496,507,0.0057448269890342666,-0.00409144881483577,0.04330708661417326,508,0.0057448269890342666,-0.00409144881483577,0.04330708661417326,508
qfq_high_right__qfq_return,qfq_parser_sensitivity,1,2023-11-10,5073,0.05850773736474186,-0.011877518396724211,0.021896602627636246,0.010629285861901198,-0.011267316765735048,0.021696252465483234,507,0.02127355931323893,-0.0006230433143973174,0.0650887573964497,507,0.018969958454714237,-0.002926644172922009,0.09467455621301779,507,0.025151115114305535,0.0032545124866692893,0.10629921259842523,508,0.024439553451336707,0.0025429508237004607,0.11439842209072981,507,0.023951862356412005,0.0020552597287757587,0.12228796844181455,507,0.0219600147487626,6.341212112635428e-05,0.12598425196850394,508,0.02702631608221423,0.005129713454577984,0.12228796844181455,507,0.0276955303390617,0.005798927711425452,0.09072978303747536,507,0.01787022789194568,-0.004026374735690567,0.03346456692913391,508,0.01787022789194568,-0.004026374735690567,0.03346456692913391,508
qfq_high_right__qfq_return,qfq_parser_sensitivity,1,2023-11-17,5074,-0.31444974639027845,-0.0002764006448969937,-0.017574456457977426,-0.001177184253761915,0.01639727220421551,0.015779092702169595,507,-0.005021990049184295,0.01255246640879313,0.05522682445759364,507,-0.007163311859663953,0.010411144598313472,0.08464566929133854,508,-0.013093164375168418,0.0044812920828090075,0.08481262327416172,507,-0.014727827313466765,0.00284662914451066,0.09448818897637801,508,-0.018339165294347853,-0.0007647088363704271,0.12031558185404334,507,-0.02196887886312894,-0.004394422405151515,0.11834319526627224,507,-0.027122744731541946,-0.00954828827356452,0.1358267716535433,508,-0.03204340271968616,-0.014468946261708738,0.11834319526627224,507,-0.03505972395212209,-0.017485267494144665,0.047244094488189003,508,-0.03505972395212209,-0.017485267494144665,0.047244094488189003,508
qfq_high_right__qfq_return,qfq_parser_sensitivity,1,2023-11-24,5078,-0.12075683728347213,-0.006635646525552957,0.0028266441523273032,0.001808927051712084,-0.0010177171006152193,0.015779092702169595,507,0.006069135725183956,0.003242491572856653,0.051181102362204745,508,0.007903353846803672,0.005076709694476369,0.09251968503937003,508,0.007103239982688681,0.004276595830361378,0.11417322834645671,508,0.005183894823269134,0.0023572506709418307,0.11614173228346458,508,0.003940064172091321,0.001113420019764018,0.11834319526627224,507,0.0012748508065640754,-0.0015517933457632278,0.11614173228346458,508,0.004102754785682314,0.0012761106333550104,0.11614173228346458,508,-0.002966628785825209,-0.005793272938152513,0.10629921259842523,508,-0.0061529624933238675,-0.00897960664565117,0.04133858267716539,508,-0.0061529624933238675,-0.00897960664565117,0.04133858267716539,508
qfq_high_right__qfq_return,qfq_parser_sensitivity,1,2023-12-01,5082,0.08370991848826709,0.0010817152417493352,-0.014628700948314255,-0.021381416772371625,-0.00675271582405737,0.027559055118110187,508,-0.014391580689979177,0.00023712025833507767,0.06889763779527558,508,-0.015178058364704037,-0.0005493574163897823,0.10236220472440949,508,-0.016022973142866388,-0.0013942721945521333,0.1082677165354331,508,-0.017446200550867888,-0.002817499602553633,0.0982318271119843,509,-0.017433851692337268,-0.0028051507440230126,0.11417322834645671,508,-0.015028232616241663,-0.00039953166792740767,0.11417322834645671,508,-0.014746861862994811,-0.00011816091468055609,0.09645669291338588,508,-0.011679167945270864,0.002949533003043391,0.08267716535433067,508,-0.0029960185675132743,0.011632682380800981,0.04322200392927311,509,-0.0029960185675132743,0.011632682380800981,0.04322200392927311,509
qfq_high_right__qfq_return,qfq_parser_sensitivity,1,2023-12-08,5084,-0.3294353357115967,-0.010660737552689366,-0.021837926754583244,-0.008546365350823981,0.013291561403759262,0.013779527559055094,508,-0.009165796497541578,0.012672130257041666,0.06299212598425197,508,-0.014783914081603016,0.007054012672980227,0.11198428290766205,509,-0.012143426674237345,0.009694500080345898,0.11811023622047245,508,-0.017680285648202117,0.004157641106381126,0.11198428290766205,509,-0.02142757820195916,0.00041034855262408326,0.11220472440944884,508,-0.026270649224548023,-0.004432722469964779,0.11023622047244097,508,-0.029483978584095384,-0.0076460518295121405,0.11591355599214148,509,-0.035618535838410285,-0.013780609083827042,0.10629921259842523,508,-0.043223658448851704,-0.02138573169426846,0.047151277013752435,509,-0.043223658448851704,-0.02138573169426846,0.047151277013752435,509
qfq_high_right__qfq_return,qfq_parser_sensitivity,1,2023-12-15,5087,0.17325455726696148,0.011900601041866871,-0.01765546067799804,-0.027985414180516973,-0.010329953502518932,0.023622047244094446,508,-0.026023116606413925,-0.008367655928415884,0.06876227897838905,509,-0.02636625944874965,-0.00871079877075161,0.09430255402750487,509,-0.024977721130959196,-0.007322260452961155,0.10039370078740162,508,-0.020228472344197352,-0.002573011666199311,0.11001964636542239,509,-0.016182358008586785,0.001473102669411256,0.11001964636542239,509,-0.008068038250205628,0.009587422427792413,0.09251968503937003,508,-0.006757541508096743,0.010897919169901297,0.09233791748526521,509,-0.011297877651542077,0.006357583026455964,0.0766208251473477,509,-0.00868365203485296,0.00897180864314508,0.025540275049115935,509,-0.00868365203485296,0.00897180864314508,0.025540275049115935,509
qfq_high_right__qfq_return,qfq_parser_sensitivity,1,2023-12-22,5087,-0.0833275450119037,-0.013575634613397378,0.030005546060021083,0.025303568580223524,-0.004701977479797559,0.029527559055118058,508,0.03134463616313668,0.001339090103115597,0.08251473477406679,509,0.03338511525233389,0.003379569192312807,0.10609037328094306,509,0.035311031709930656,0.005305485649909573,0.11811023622047245,508,0.03673132093051673,0.006725774870495648,0.13359528487229866,509,0.03632761335605836,0.006322067296037275,0.13359528487229866,509,0.034292564914048744,0.004287018854027661,0.12992125984251968,508,0.031072786979080235,0.0010672409190591522,0.13163064833005889,509,0.022344490841356913,-0.00766105521866417,0.10609037328094306,509,0.013951939981627507,-0.016053606078393574,0.04125736738703345,509,0.013951939981627507,-0.016053606078393574,0.04125736738703345,509
qfq_high_right__qfq_return,qfq_parser_sensitivity,1,2023-12-29,5090,-0.37879943744278,-0.00807822013074529,-0.03761223170549453,-0.017704519754832258,0.01990771195066227,0.04125736738703345,509,-0.019650334438719143,0.017961897266775384,0.08840864440078589,509,-0.02736202263916749,0.010250209066327037,0.0982318271119843,509,-0.03053460829733323,0.007077623408161298,0.10216110019646363,509,-0.03675240011391657,0.0008598315915779586,0.11394891944990182,509,-0.03583421384257617,0.0017780178629183546,0.12180746561886047,509,-0.0381561641956434,-0.0005439324901488699,0.11787819253438114,509,-0.04742242335867939,-0.009810191653184863,0.1198428290766208,509,-0.0546008277254345,-0.016988596019939975,0.09626719056974464,509,-0.0681048026886431,-0.03049257098314858,0.04125736738703345,509,-0.0681048026886431,-0.03049257098314858,0.04125736738703345,509
qfq_high_right__qfq_return,qfq_parser_sensitivity,1,2024-01-08,5092,-0.1160280933545205,0.0013924825440613487,-0.005843764864907286,-0.0022483903284711178,0.003595374536436168,0.03143418467583492,509,-0.002501380032745261,0.003342384832162025,0.08251473477406679,509,-0.003188378534350886,0.0026553863305564,0.09233791748526521,509,-0.0051828753843262375,0.0006608894805810485,0.11394891944990182,509,-0.006844588967247159,-0.0010008241023398727,0.1352941176470588,510,-0.0046055469746994725,0.0012382178902078135,0.13948919449901764,509,-0.007929957119638148,-0.002086192254730862,0.1473477406679764,509,-0.007827143695161295,-0.001983378830254009,0.14145383104125742,509,-0.011348574558539885,-0.005504809693632599,0.12180746561886047,509,-0.006757052519988847,-0.0009132876550815607,0.05490196078431375,510,-0.006757052519988847,-0.0009132876550815607,0.05490196078431375,510
qfq_high_right__qfq_return,qfq_parser_sensitivity,1,2024-01-15,5093,-0.036039262934837085,0.028393437993832947,-0.0960557783424036,-0.08077076607256084,0.01528501226984276,0.023575638506876273,509,-0.09357475203207108,0.002481026310332521,0.05500982318271119,509,-0.10063318084478504,-0.004577402502381436,0.07072691552062871,509,-0.09913674983106986,-0.003080971488666262,0.08823529411764708,510,-0.10721270035793652,-0.011156922015532922,0.09037328094302555,509,-0.09915977768457616,-0.0031039993421725642,0.0982318271119843,509,-0.10172537226152494,-0.005669593919121335,0.1098039215686275,510,-0.09880537413588794,-0.0027495957934843412,0.11198428290766205,509,-0.09605019399476854,5.584347635062548e-06,0.09233791748526521,509,-0.08349639914361151,0.01255937919879209,0.03725490196078429,510,-0.08349639914361151,0.01255937919879209,0.03725490196078429,510
qfq_high_right__qfq_return,qfq_parser_sensitivity,1,2024-01-22,5097,-0.45867783945832413,-0.008766982740333228,-0.015624066386386734,0.017120443959884903,0.03274451034627164,0.037328094302554016,509,0.016471161948502646,0.032095228334889384,0.08235294117647063,510,0.007943905754253015,0.02356797214063975,0.1098039215686275,510,-0.00031617726890308156,0.015307889117483653,0.12966601178781922,509,-0.009357386651255168,0.006266679735131566,0.11960784313725492,510,-0.018078173350028228,-0.002454106963641494,0.11372549019607847,510,-0.027367851843341513,-0.01174378545695478,0.1257367387033399,509,-0.03824095973071023,-0.0226168933443235,0.11372549019607847,510,-0.03977860191988912,-0.024154535533502386,0.09411764705882353,510,-0.06456583140158294,-0.048941765015196204,0.04117647058823526,510,-0.06456583140158294,-0.048941765015196204,0.04117647058823526,510
qfq_high_right__qfq_return,qfq_parser_sensitivity,1,2024-01-29,5100,0.1637231393003032,0.038932446888646395,-0.1503842479809194,-0.15694096381528932,-0.006556715834369925,0.03529411764705881,510,-0.16869450770943514,-0.018310259728515743,0.11568627450980395,510,-0.17103094758422002,-0.020646699603300622,0.16078431372549018,510,-0.16281868711400574,-0.012434439133086339,0.18039215686274512,510,-0.16784595173713138,-0.017461703756211977,0.17647058823529416,510,-0.16050577217949555,-0.010121524198576148,0.1705882352941176,510,-0.15717729681126003,-0.0067930488303406256,0.14901960784313728,510,-0.1511379103193684,-0.0007536623384490071,0.12941176470588234,510,-0.13962728755698223,0.010756960423937173,0.10588235294117643,510,-0.06806315498200645,0.08232109299891295,0.045098039215686225,510,-0.06806315498200645,0.08232109299891295,0.045098039215686225,510
qfq_high_right__qfq_return,qfq_parser_sensitivity,1,2024-02-05,5100,0.030693778444814242,-0.026582528999042565,0.11835884839027484,0.10530060392236208,-0.01305824446791276,0.08039215686274515,510,0.11096759584269478,-0.0073912525475800656,0.1941176470588235,510,0.11634474467014741,-0.002014103720127433,0.2588235294117647,510,0.11950403619477189,0.0011451878044970443,0.2784313725490196,510,0.1230175156099619,0.0046586672196870516,0.27647058823529413,510,0.12956920241746273,0.011210354027187883,0.32352941176470584,510,0.12458872582236205,0.006229877432087208,0.3254901960784313,510,0.12964900692360817,0.01129015853333333,0.2784313725490196,510,0.12641456367586867,0.008055715285593831,0.207843137254902,510,0.09823248882350888,-0.020126359566765964,0.07647058823529407,510,0.09823248882350888,-0.020126359566765964,0.07647058823529407,510
qfq_high_right__qfq_return,qfq_parser_sensitivity,1,2024-02-20,5104,-0.029071489861603527,-0.01482128272829196,0.02812894233827415,0.030277609880851052,0.0021486675425769035,0.06666666666666665,510,0.03141133546485758,0.0032823931265834327,0.1941176470588235,510,0.026729874684906313,-0.001399067653367836,0.24461839530332685,511,0.027742222019062523,-0.000386720319211626,0.24705882352941178,510,0.026038170882176866,-0.002090771456097283,0.26614481409001955,511,0.02757692081758517,-0.0005520215206889778,0.2705882352941177,510,0.0276429996574825,-0.0004859426807916484,0.2568627450980392,510,0.03151835150180879,0.00338940916353464,0.21526418786692758,511,0.03103167626108225,0.002902733922808102,0.14117647058823535,510,0.02133378297627736,-0.006795159361996789,0.045009784735812186,511,0.02133378297627736,-0.006795159361996789,0.045009784735812186,511
qfq_high_right__qfq_return,qfq_parser_sensitivity,1,2024-02-27,5103,0.22982350008707214,-0.007846064269020719,0.04606046964966874,0.0161468473902908,-0.029913622259377944,0.0607843137254902,510,0.0324456865221883,-0.013614783127480441,0.1725490196078432,510,0.039546515543383745,-0.006513954106284997,0.22352941176470587,510,0.04541093482081608,-0.0006495348288526603,0.24461839530332685,511,0.04554841375801912,-0.0005120558916496196,0.25098039215686274,510,0.051731558398894296,0.005671088749225554,0.25098039215686274,510,0.05132886759195123,0.005268397942282489,0.24266144814090018,511,0.06010642167575227,0.014045952026083525,0.19999999999999996,510,0.059477322450259974,0.013416852800591232,0.14901960784313728,510,0.05882803730440973,0.012767567654740991,0.05675146771037187,511,0.05882803730440973,0.012767567654740991,0.05675146771037187,511
qfq_high_right__qfq_return,qfq_parser_sensitivity,1,2024-03-05,5104,0.010087633629838475,-0.004220313512834929,0.03574702269242183,0.02990292854769716,-0.005844094144724671,0.025490196078431393,510,0.03800291125836864,0.002255888565946808,0.09215686274509804,510,0.033304865940875096,-0.0024421567515467354,0.14090019569471623,511,0.03521973076063298,-0.0005272919317888536,0.1686274509803921,510,0.04035794962375863,0.004610926931336801,0.18003913894324852,511,0.040463352724745084,0.004716330032323253,0.20196078431372544,510,0.03941422666488506,0.003667203972463229,0.19803921568627447,510,0.03822350625403816,0.0024764835616163314,0.15264187866927592,511,0.032529508882197335,-0.003217513810224497,0.1098039215686275,510,0.030053302084405698,-0.005693720608016133,0.043052837573385516,511,0.030053302084405698,-0.005693720608016133,0.043052837573385516,511
qfq_high_right__qfq_return,qfq_parser_sensitivity,1,2024-03-12,5103,-0.13391515898110434,-0.016696758822487282,0.03794106982447231,0.03883720289264391,0.0008961330681716007,0.021568627450980427,510,0.04120330697375574,0.003262237149283427,0.07450980392156858,510,0.041036938781842315,0.0030958689573700043,0.1098039215686275,510,0.04287716520638784,0.0049360953819155284,0.13111545988258322,511,0.04431665854887791,0.0063755887244055995,0.14509803921568631,510,0.0423628324824957,0.0044217626580233885,0.14313725490196083,510,0.03958410625896045,0.0016430364344881404,0.1428571428571429,511,0.03514000441049059,-0.0028010654139817223,0.1215686274509804,510,0.0338859360436626,-0.004055133780809711,0.09411764705882353,510,0.0201884554349651,-0.01775261438950721,0.04109589041095896,511,0.0201884554349651,-0.01775261438950721,0.04109589041095896,511
qfq_high_right__qfq_return,qfq_parser_sensitivity,1,2024-03-19,5105,-0.2542758942252349,0.01315023763817207,-0.06779439299825298,-0.05129070192561856,0.016503691072634413,0.02941176470588236,510,-0.05086996201838453,0.016924430979868448,0.0821917808219178,511,-0.05159172399445391,0.016202669003799068,0.10392156862745094,510,-0.0625570060587363,0.0052373869395166694,0.12328767123287676,511,-0.06134717152786727,0.006447221470385706,0.1470588235294118,510,-0.06981869078175881,-0.002024297783505838,0.15655577299412915,511,-0.07439358734543627,-0.006599194347183299,0.1333333333333333,510,-0.08248677205038493,-0.014692379052131957,0.12133072407045009,511,-0.08494264667718852,-0.01714825367893555,0.11176470588235299,510,-0.08861551861342339,-0.02082112561517041,0.045009784735812186,511,-0.08861551861342339,-0.02082112561517041,0.045009784735812186,511
qfq_high_right__qfq_return,qfq_parser_sensitivity,1,2024-03-26,5107,-0.1587569540811329,-0.017686238794025293,0.049051716406124164,0.04719560528052937,-0.001856111125594792,0.021568627450980427,510,0.05638899171016854,0.007337275304044377,0.06653620352250489,511,0.055300242582714765,0.0062485261765906006,0.10763209393346385,511,0.056727592645229946,0.007675876239105782,0.13137254901960782,510,0.06192813322753423,0.012876416821410067,0.1545988258317026,511,0.05481517801704404,0.005763461610919875,0.17221135029354206,511,0.05437755267852534,0.0053258362724011785,0.1686274509803921,510,0.04957392169608016,0.0005222052899559945,0.14481409001956946,511,0.036901733893465315,-0.01214998251265885,0.11154598825831707,511,0.017330023682955623,-0.03172169272316854,0.046966731898238745,511,0.017330023682955623,-0.03172169272316854,0.046966731898238745,511
qfq_high_right__qfq_return,qfq_parser_sensitivity,1,2024-04-02,5112,-0.045073488650864114,-0.0033105984414672214,-0.03595669836447228,-0.03850017358004665,-0.0025434752155743673,0.021526418786692814,511,-0.0325834482616513,0.003373250102820982,0.07436399217221135,511,-0.030873034935088313,0.005083663429383968,0.12133072407045009,511,-0.03376864964510228,0.002188048719369999,0.14677103718199613,511,-0.033814393001233324,0.002142305363238957,0.158203125,512,-0.036455213227047395,-0.000498514862575114,0.1643835616438356,511,-0.03657999135000127,-0.0006232929855289893,0.1761252446183953,511,-0.03326989986897414,0.0026867984954981397,0.14481409001956946,511,-0.042326565942975555,-0.006369867578503274,0.1095890410958904,511,-0.041389175140991497,-0.005432476776519216,0.046875,512,-0.041389175140991497,-0.005432476776519216,0.046875,512
qfq_high_right__qfq_return,qfq_parser_sensitivity,1,2024-04-11,5115,0.1661440675881107,0.016456261310521803,-0.04977249888037773,-0.08022719301878742,-0.03045469413840969,0.046966731898238745,511,-0.07063091156363219,-0.02085841268325446,0.119140625,512,-0.053775643589025514,-0.004003144708647786,0.15655577299412915,511,-0.0494446399934534,0.00032785888692432597,0.169921875,512,-0.046674929196819516,0.0030975696835582114,0.1917808219178082,511,-0.0421121980383376,0.007660300842040127,0.228515625,512,-0.0438152647862171,0.0059572340941606294,0.22113502935420748,511,-0.03780494434927311,0.011967554531104617,0.18359375,512,-0.04243832585714508,0.007334173023232644,0.14481409001956946,511,-0.030836229157270148,0.01893626972310758,0.0546875,512,-0.030836229157270148,0.01893626972310758,0.0546875,512
qfq_high_right__qfq_return,qfq_parser_sensitivity,1,2024-04-18,5113,0.11396791379884916,0.0017854152301130537,0.03787791506979768,0.013134452106108314,-0.024743462963689365,0.06653620352250489,511,0.03890717939763244,0.0010292643278347613,0.17221135029354206,511,0.029751837466115386,-0.008126077603682294,0.21135029354207435,511,0.03670678581095886,-0.0011711292588388184,0.212890625,512,0.041469605125423685,0.0035916900556260054,0.22309197651663404,511,0.04402723741692193,0.006149322347124252,0.23287671232876717,511,0.04217638014509087,0.00429846507529319,0.2265625,512,0.04483927290014088,0.006961357830343198,0.21526418786692758,511,0.04466317525158643,0.006785260181788752,0.17221135029354206,511,0.04308691131662172,0.005208996246824041,0.06640625,512,0.04308691131662172,0.005208996246824041,0.06640625,512
qfq_high_right__qfq_return,qfq_parser_sensitivity,1,2024-04-25,5107,-0.0134913413542336,-0.0019117424043769127,0.0371572017318533,0.023510169535098047,-0.013647032196755254,0.033333333333333326,510,0.039911756997629715,0.0027545552657764136,0.09001956947162426,511,0.034777323155307946,-0.002379878576545355,0.12915851272015655,511,0.039501210063796546,0.0023440083319432453,0.15098039215686276,510,0.04676826554557131,0.009611063813718006,0.14677103718199613,511,0.039938934451071224,0.0027817327192179234,0.16829745596868884,511,0.043459575950247624,0.006302374218394323,0.1725490196078432,510,0.040038257879225284,0.0028810561473719826,0.136986301369863,511,0.037623766409163796,0.00046656467731049506,0.11350293542074363,511,0.026032971324285736,-0.011124230407567565,0.050880626223091974,511,0.026032971324285736,-0.011124230407567565,0.050880626223091974,511
qfq_high_right__qfq_return,qfq_parser_sensitivity,1,2024-05-07,5094,-0.17291825430512356,-0.007861418853007899,-0.012514423225839354,-0.007342241025711121,0.005172182200128233,0.06090373280943029,509,-0.005921928982827381,0.006592494243011973,0.11591355599214148,509,-0.007211399484044815,0.0053030237417945394,0.14901960784313728,510,-0.010710407821674992,0.0018040154041643625,0.16110019646365425,509,-0.0035155775965329435,0.008998845629306411,0.16470588235294115,510,-0.014370407732463229,-0.0018559845066238746,0.18271119842829076,509,-0.017259002120883393,-0.004744578895044038,0.18467583497053042,509,-0.015816433726332544,-0.0033020105004931896,0.1568627450980392,510,-0.022357305987303962,-0.009842882761464607,0.1198428290766208,509,-0.02064516455378746,-0.008130741327948107,0.0490196078431373,510,-0.02064516455378746,-0.008130741327948107,0.0490196078431373,510
qfq_high_right__qfq_return,qfq_parser_sensitivity,1,2024-05-14,5095,0.002674098099628165,-0.006119021582124147,0.017033383798445944,0.016893266395969997,-0.00014011740247594703,0.04518664047151277,509,0.014543001251470745,-0.002490382546975199,0.1098039215686275,510,0.013389868534771804,-0.0036435152636741398,0.13948919449901764,509,0.01799356405733079,0.0009601802588848456,0.16274509803921566,510,0.018827522311355493,0.0017941385129095488,0.16306483300589392,509,0.015071023344426506,-0.001962360454019438,0.16470588235294115,510,0.017509996070377933,0.0004766122719319886,0.174852652259332,509,0.019911008413132866,0.0028776246146869217,0.1725490196078432,510,0.022143829650314445,0.005110445851868501,0.13359528487229866,509,0.014057812002309981,-0.0029755717961359625,0.0490196078431373,510,0.014057812002309981,-0.0029755717961359625,0.0490196078431373,510
qfq_high_right__qfq_return,qfq_parser_sensitivity,1,2024-05-21,5094,0.08066691275799308,0.003922200977096712,-0.03218964809283626,-0.056325439669266904,-0.024135791576430643,0.047151277013752435,509,-0.03590358114954186,-0.003713933056705601,0.09626719056974464,509,-0.029501445170762457,0.0026882029220738034,0.12352941176470589,510,-0.02642494711023891,0.005764700982597352,0.12377210216110024,509,-0.02940128193663637,0.0027883661561998903,0.13137254901960782,510,-0.028033886089959627,0.004155762002876633,0.15127701375245584,509,-0.024413906746991815,0.007775741345844446,0.1473477406679764,509,-0.026138134739587104,0.006051513353249157,0.1470588235294118,510,-0.029749902450225765,0.002439745642610496,0.12770137524557956,509,-0.036019080913503226,-0.0038294328206669656,0.05294117647058827,510,-0.036019080913503226,-0.0038294328206669656,0.05294117647058827,510
qfq_high_right__qfq_return,qfq_parser_sensitivity,1,2024-05-28,5093,0.35541612064272105,0.01631879677094642,-0.04283990222663578,-0.08141034021584266,-0.03857043798920688,0.029469548133595258,509,-0.0635805400953228,-0.020740637868687017,0.07072691552062871,509,-0.05288766773951057,-0.010047765512874791,0.10019646365422397,509,-0.046791680827840354,-0.003951778601204575,0.11372549019607847,510,-0.04363316882767708,-0.0007932666010413009,0.12180746561886047,509,-0.044198050130591526,-0.0013581479039557476,0.12770137524557956,509,-0.04115961445282942,0.0016802877738063618,0.14117647058823535,510,-0.03261334170641194,0.010226560520223839,0.15520628683693516,509,-0.01986497314031437,0.02297492908632141,0.11591355599214148,509,-0.002334760357995949,0.04050514186863983,0.04313725490196074,510,-0.002334760357995949,0.04050514186863983,0.04313725490196074,510
qfq_high_right__qfq_return,qfq_parser_sensitivity,1,2024-06-04,5091,0.20762619615987415,-0.013720970406085978,-0.002430782949832231,-0.025773591840299044,-0.023342808890466814,0.0216110019646365,509,-0.011233479303266408,-0.008802696353434177,0.0766208251473477,509,-0.012185623179976287,-0.009754840230144056,0.1257367387033399,509,-0.0030603527706376953,-0.0006295698208054644,0.1257367387033399,509,0.0014278861743766043,0.0038586691242088354,0.13163064833005889,509,0.001979552706668106,0.004410335656500336,0.1473477406679764,509,0.004150080379827861,0.006580863329660092,0.15127701375245584,509,0.009255564199902823,0.011686347149735054,0.14538310412573674,509,0.007194342185920312,0.009625125135752543,0.10609037328094306,509,0.003925304547398681,0.0063560874972309125,0.045098039215686225,510,0.003925304547398681,0.0063560874972309125,0.045098039215686225,510
qfq_high_right__qfq_return,qfq_parser_sensitivity,1,2024-06-12,5099,0.03254458662338123,-0.0007526517126193502,-0.01593199235654256,-0.026519556625518834,-0.010587564268976276,0.03339882121807469,509,-0.017965451991570187,-0.002033459635027629,0.06862745098039214,510,-0.01651682196402307,-0.0005848296074805123,0.08235294117647063,510,-0.012408410392401117,0.0035235819641414416,0.09411764705882353,510,-0.017197321340351703,-0.0012653289838091449,0.12352941176470589,510,-0.015731875601482544,0.0002001167550600147,0.1352941176470588,510,-0.009612378570367317,0.006319613786175241,0.11568627450980395,510,-0.013539629952179888,0.0023923624043626704,0.10784313725490191,510,-0.01315435932720193,0.0027776330293406287,0.09999999999999998,510,-0.01669487773026818,-0.0007628853737256212,0.04313725490196074,510,-0.01669487773026818,-0.0007628853737256212,0.04313725490196074,510
qfq_high_right__qfq_return,qfq_parser_sensitivity,1,2024-06-19,5097,-0.19116571841438085,0.0005277834275351348,-0.029068308559676032,-0.03718283481695323,-0.0081145262572772,0.035363457760314354,509,-0.016512026000589607,0.012556282559086425,0.06862745098039214,510,-0.017606784430788478,0.011461524128887554,0.10784313725490191,510,-0.02119350494315601,0.007874803616520022,0.12770137524557956,509,-0.025530721607192327,0.0035375869524837053,0.14117647058823535,510,-0.025982645544775418,0.0030856630149006144,0.14901960784313728,510,-0.02643342905234714,0.002634879507328894,0.1473477406679764,509,-0.03008075238234873,-0.001012443822672699,0.15490196078431373,510,-0.037174971364069144,-0.008106662804393112,0.1352941176470588,510,-0.05298071906852734,-0.023912410508851307,0.0607843137254902,510,-0.05298071906852734,-0.023912410508851307,0.0607843137254902,510
qfq_high_right__qfq_return,qfq_parser_sensitivity,1,2024-06-26,5096,-0.40183421738163405,-0.0041503881706945606,-0.021621166806983977,0.016050386696690525,0.0376715535036745,0.023575638506876273,509,-0.004507373168186988,0.01711379363879699,0.05882352941176472,510,-0.011048183265477858,0.010572983541506119,0.09233791748526521,509,-0.01382795517050158,0.007793211636482398,0.11960784313725492,510,-0.021793445784838963,-0.0001722789778549859,0.12941176470588234,510,-0.025781586154726026,-0.004160419347742049,0.1257367387033399,509,-0.02952003113348728,-0.007898864326503302,0.1333333333333333,510,-0.03922927817658297,-0.017608111369598993,0.13555992141453832,509,-0.0410100077076196,-0.019388840900635626,0.11372549019607847,510,-0.04549228046721131,-0.02387111366022733,0.050980392156862786,510,-0.04549228046721131,-0.02387111366022733,0.050980392156862786,510
qfq_high_right__qfq_return,qfq_parser_sensitivity,1,2024-07-03,5086,0.21135272339890718,-0.011142556411102995,0.025176369869101243,0.007766150080365168,-0.017410219788736074,0.03937007874015752,508,0.016067482548364837,-0.009108887320736406,0.06483300589390961,509,0.01752316850699391,-0.007653201362107332,0.08661417322834641,508,0.02106704089091502,-0.004109328978186222,0.10805500982318272,509,0.025120513023329787,-5.5856845771456304e-05,0.11787819253438114,509,0.027060995421998586,0.0018846255528973434,0.11614173228346458,508,0.030575124702440233,0.00539875483333899,0.14341846758349708,509,0.03441320085918603,0.00923683099008479,0.14370078740157477,508,0.04097082422761083,0.015794454358509586,0.10216110019646363,509,0.031171807536668757,0.0059954376675675145,0.04322200392927311,509,0.031171807536668757,0.0059954376675675145,0.04322200392927311,509
qfq_high_right__qfq_return,qfq_parser_sensitivity,1,2024-07-10,5093,-0.03920154383122021,0.022014998646176835,-0.026322463783104186,-0.007884379913314008,0.01843808386979018,0.04322200392927311,509,-0.02330222440252215,0.0030202393805820356,0.07858546168958747,509,-0.02851856343907414,-0.002196099655969952,0.10412573673870329,509,-0.02874007749937499,-0.002417613716270802,0.14117647058823535,510,-0.03195356384135105,-0.005631100058246862,0.15520628683693516,509,-0.032381364245269016,-0.00605890046216483,0.15520628683693516,509,-0.03494404455239438,-0.008621580769290194,0.16666666666666663,510,-0.034124992575970306,-0.0078025287928661195,0.14931237721021606,509,-0.032104722255588324,-0.005782258472484137,0.1257367387033399,509,-0.009282494447735162,0.017039969335369026,0.05882352941176472,510,-0.009282494447735162,0.017039969335369026,0.05882352941176472,510
qfq_high_right__qfq_return,qfq_parser_sensitivity,1,2024-07-17,5091,-0.20887506834299976,-0.01348706777898078,-0.01881095394625033,-0.006483915731498611,0.012327038214751718,0.03339882121807469,509,-0.012677733041462315,0.006133220904788015,0.07269155206286837,509,-0.012773146098494394,0.006037807847755936,0.09037328094302555,509,-0.015706519471713264,0.0031044344745370656,0.12377210216110024,509,-0.0151913809715281,0.0036195729747222297,0.1473477406679764,509,-0.01663062572502901,0.0021803282212213212,0.13359528487229866,509,-0.016748667310323446,0.002062286635926884,0.14341846758349708,509,-0.022961276248742182,-0.0041503223024918524,0.12770137524557956,509,-0.02776431282627202,-0.008953358880021689,0.09037328094302555,509,-0.04112811692353569,-0.022317162977285362,0.039215686274509776,510,-0.04112811692353569,-0.022317162977285362,0.039215686274509776,510
qfq_high_right__qfq_return,qfq_parser_sensitivity,1,2024-07-24,5086,-0.1834933939156163,-0.029621058402542227,0.05869263755628283,0.07391528971408094,0.015222652157798111,0.03740157480314965,508,0.06722904972620214,0.008536412169919308,0.0766208251473477,509,0.06317056199691178,0.004477924440628944,0.10236220472440949,508,0.06195412616797855,0.0032614886116957217,0.1257367387033399,509,0.05979206466591484,0.0010994271096320118,0.13359528487229866,509,0.06185498691324066,0.003162349356957826,0.14566929133858264,508,0.05650244990913419,-0.0021901876471486434,0.16502946954813358,509,0.0565176968357723,-0.0021749407205105334,0.15157480314960625,508,0.044870936624259575,-0.013821700932023256,0.12180746561886047,509,0.04115985738111101,-0.01753278017517182,0.04518664047151277,509,0.04115985738111101,-0.01753278017517182,0.04518664047151277,509
qfq_high_right__qfq_return,qfq_parser_sensitivity,1,2024-07-31,5085,-0.2905418201582401,0.009551318561569365,-0.019932705747284285,0.015801784869263657,0.035734490616547945,0.03740157480314965,508,-0.003959867678574116,0.01597283806871017,0.07858546168958747,509,-0.01119144487687613,0.008741260870408154,0.09448818897637801,508,-0.01529197820688977,0.004640727540394515,0.11591355599214148,509,-0.01932049140096305,0.0006122143463212354,0.12007874015748032,508,-0.026865586596006213,-0.0069328808487219284,0.12377210216110024,509,-0.0267873298747308,-0.006854624127446515,0.12992125984251968,508,-0.035188109583498405,-0.01525540383621412,0.13752455795677798,509,-0.036539317761495646,-0.01660661201421136,0.10433070866141736,508,-0.0399422276996311,-0.020009521952346815,0.035363457760314354,509,-0.0399422276996311,-0.020009521952346815,0.035363457760314354,509
qfq_high_right__qfq_return,qfq_parser_sensitivity,1,2024-08-07,5087,-0.10712410459098899,-0.0027585695245318635,-0.004027784875742143,-0.0005821354336910265,0.003445649442051117,0.03740157480314965,508,-0.001720978430507307,0.002306806445234836,0.08840864440078589,509,0.0014641260083783731,0.005491910884120516,0.10019646365422397,509,-0.00443304404604311,-0.00040525917030096673,0.10039370078740162,508,-0.0007001077925681819,0.0033276770831739614,0.1198428290766208,509,-0.0007560667576522573,0.003271718118089886,0.12966601178781922,509,-0.005353910404552214,-0.0013261255288100704,0.13188976377952755,508,-0.003311055898465441,0.0007167289772767021,0.11591355599214148,509,-0.00830056614284607,-0.004272781267103927,0.0982318271119843,509,-0.016580741952317155,-0.012552957076575012,0.04518664047151277,509,-0.016580741952317155,-0.012552957076575012,0.04518664047151277,509
qfq_high_right__qfq_return,qfq_parser_sensitivity,1,2024-08-14,5090,-0.03026905004388669,0.011734700388638053,-0.042400995872271724,-0.038938765625106016,0.003462230247165708,0.029469548133595258,509,-0.04019526119160558,0.0022057346806661424,0.07269155206286837,509,-0.04104881341295589,0.0013521824593158357,0.09233791748526521,509,-0.042151856508500285,0.00024913936377143897,0.11001964636542239,509,-0.041318000031131695,0.001082995841140029,0.12180746561886047,509,-0.04566819982397759,-0.003267203951705863,0.11787819253438114,509,-0.040955585016331265,0.0014454108559404585,0.11591355599214148,509,-0.044279778689740805,-0.001878782817469081,0.11787819253438114,509,-0.043692240438027066,-0.0012912445657553423,0.0982318271119843,509,-0.045761457985341085,-0.003360462113069361,0.037328094302554016,509,-0.045761457985341085,-0.003360462113069361,0.037328094302554016,509
qfq_high_right__qfq_return,qfq_parser_sensitivity,1,2024-08-21,5091,-0.007400584511678928,-0.006810153330986197,0.011635729665701226,0.010207862120661229,-0.0014278675450399968,0.03339882121807469,509,0.010735522125141457,-0.0009002075405597689,0.10019646365422397,509,0.013422423490114539,0.0017866938244133126,0.12770137524557956,509,0.012873425235895401,0.0012376955701941753,0.13948919449901764,509,0.014766579913412698,0.003130850247711472,0.15520628683693516,509,0.014695871831720598,0.003060142166019372,0.13555992141453832,509,0.014267360209579598,0.0026316305438783723,0.13948919449901764,509,0.009088495192523431,-0.0025472344731777945,0.13948919449901764,509,0.0072118504039619,-0.004423879261739326,0.12180746561886047,509,0.00909290186641651,-0.0025428277992847158,0.06274509803921569,510,0.00909290186641651,-0.0025428277992847158,0.06274509803921569,510
qfq_high_right__qfq_return,qfq_parser_sensitivity,1,2024-08-28,5089,-0.04528544032617003,-0.007177524587437628,0.015078121239972242,0.024003736938620585,0.008925615698648344,0.025590551181102317,508,0.018318868495488035,0.003240747255515793,0.08055009823182713,509,0.010170039246333794,-0.0049080819936384475,0.12180746561886047,509,0.014442808904196271,-0.0006353123357759703,0.13359528487229866,509,0.01627801515843361,0.0011998939184613682,0.1473477406679764,509,0.016605617902160683,0.001527496662188441,0.1591355599214146,509,0.012220568762559836,-0.002857552477412406,0.16699410609037324,509,0.01715488348611694,0.0020767622461446995,0.1473477406679764,509,0.01458331669705214,-0.000494804542920101,0.09626719056974464,509,0.007020892399524075,-0.008057228840448166,0.035363457760314354,509,0.007020892399524075,-0.008057228840448166,0.035363457760314354,509
qfq_high_right__qfq_return,qfq_parser_sensitivity,1,2024-09-04,5087,-0.17924671175620788,-0.00949732053731177,-0.022372723898856486,-0.008115061587849845,0.014257662311006641,0.03740157480314965,508,-0.014392240790504326,0.00798048310835216,0.09626719056974464,509,-0.01864968086441266,0.003723043034443825,0.13163064833005889,509,-0.017644369924991195,0.004728353973865292,0.1476377952755905,508,-0.019967514816870206,0.0024052090819862808,0.16699410609037324,509,-0.028988381345787812,-0.006615657446931326,0.15717092337917482,509,-0.026647559517728625,-0.004274835618872139,0.13385826771653542,508,-0.030433993937435126,-0.00806127003857864,0.1257367387033399,509,-0.02955198328797129,-0.007179259389114803,0.09233791748526521,509,-0.029307550791897827,-0.00693482689304134,0.037328094302554016,509,-0.029307550791897827,-0.00693482689304134,0.037328094302554016,509
qfq_high_right__qfq_return,qfq_parser_sensitivity,1,2024-09-11,5089,-0.31994018688456555,-0.02138964878906588,0.0010237918910866377,0.019147148376190037,0.0181233564851034,0.027559055118110187,508,0.016304456540740506,0.015280664649653868,0.07072691552062871,509,0.013105394566704997,0.012081602675618358,0.09430255402750487,509,0.009087746667470635,0.008063954776383997,0.10019646365422397,509,0.008207232220781001,0.007183440329694363,0.11001964636542239,509,-0.001327332652984997,-0.0023511245440716345,0.11198428290766205,509,-0.005953299415928907,-0.006977091307015544,0.11591355599214148,509,-0.01163650099375685,-0.012660292884843488,0.09626719056974464,509,-0.01647835765177602,-0.01750214954286266,0.07072691552062871,509,-0.02018296293815535,-0.02120675482924199,0.03339882121807469,509,-0.02018296293815535,-0.02120675482924199,0.03339882121807469,509
qfq_high_right__qfq_return,qfq_parser_sensitivity,1,2024-09-20,5090,0.28586403985847963,0.02686567666348231,0.26373607638110513,0.24256907939888997,-0.021166996982215164,0.03339882121807469,509,0.23481819386668387,-0.02891788251442126,0.07465618860510803,509,0.23565197268145047,-0.028084103699654667,0.10019646365422397,509,0.23970568373575005,-0.024030392645355086,0.12180746561886047,509,0.2518088253925125,-0.011927250988592653,0.12770137524557956,509,0.2654490606329808,0.00171298425187566,0.13555992141453832,509,0.26931071832854975,0.005574641947444614,0.15127701375245584,509,0.28263989557369085,0.018903819192585714,0.12966601178781922,509,0.2944328557159816,0.030696779334876467,0.09037328094302555,509,0.32097447848456173,0.0572384021034566,0.037328094302554016,509,0.32097447848456173,0.0572384021034566,0.037328094302554016,509
qfq_high_right__qfq_return,qfq_parser_sensitivity,1,2024-09-27,5095,0.08396244137289104,-0.00898503486179949,-0.024158247162816386,-0.03502356083180985,-0.010865313668993466,0.035363457760314354,509,-0.029668123639704932,-0.005509876476888546,0.09607843137254901,510,-0.030685579673122902,-0.006527332510306516,0.12377210216110024,509,-0.026178067352946716,-0.00201982019013033,0.13921568627450975,510,-0.020341406508006272,0.0038168406548101143,0.1473477406679764,509,-0.02400080192743371,0.00015744523538267774,0.15490196078431373,510,-0.02532809543822447,-0.0011698482754080829,0.14341846758349708,509,-0.02376510975984953,0.00039313740296685606,0.11372549019607847,510,-0.017072482805624956,0.0070857643571914306,0.10412573673870329,509,-0.009534263082504671,0.014623984080311715,0.056862745098039236,510,-0.009534263082504671,0.014623984080311715,0.056862745098039236,510
qfq_high_right__qfq_return,qfq_parser_sensitivity,1,2024-10-11,5090,0.2649407208269805,-0.012590244770624209,0.03415528146408826,0.008298517137137537,-0.02585676432695072,0.04322200392927311,509,0.018234747752223866,-0.01592053371186439,0.0982318271119843,509,0.022376941412139417,-0.01177834005194884,0.13163064833005889,509,0.022037387472567817,-0.01211789399152044,0.18467583497053042,509,0.032729928763289444,-0.0014253527007988126,0.22593320235756387,509,0.039935666259444474,0.005780384795356218,0.23379174852652262,509,0.04169140629713025,0.007536124833041995,0.24361493123772104,509,0.05241260233168154,0.018257320867593282,0.21611001964636545,509,0.0539408286830632,0.019785547218974943,0.168958742632613,509,0.049894788532205005,0.015739507068116748,0.0766208251473477,509,0.049894788532205005,0.015739507068116748,0.0766208251473477,509
qfq_high_right__qfq_return,qfq_parser_sensitivity,1,2024-10-18,5097,-0.45999930869862776,-0.022616249481556557,0.06033106792983296,0.1300756530772425,0.06974458514740954,0.035363457760314354,509,0.09764711144470095,0.03731604351486799,0.0980392156862745,510,0.07446055171209684,0.014129483782263877,0.12745098039215685,510,0.06718232542531166,0.006851257495478699,0.13555992141453832,509,0.061136563290776956,0.0008054953609439933,0.1588235294117647,510,0.053949741132934555,-0.006381326796898408,0.18823529411764706,510,0.04440927981218572,-0.015921788117647245,0.1905697445972495,509,0.03384374553283708,-0.02648732239699588,0.1843137254901961,510,0.032452957487205364,-0.0278781104426276,0.14313725490196083,510,0.008271719117401285,-0.052059348812431676,0.056862745098039236,510,0.008271719117401285,-0.052059348812431676,0.056862745098039236,510
qfq_high_right__qfq_return,qfq_parser_sensitivity,1,2024-10-25,5096,-0.17247588713473336,-0.0015771235049454845,-0.014037428452683064,0.01614772137812813,0.030185149830811192,0.0491159135559921,509,-0.003586430180179062,0.010450998272504002,0.11568627450980395,510,-0.009139925845005885,0.004897502607677179,0.14931237721021606,509,-0.01704106068380938,-0.003003632231126317,0.17450980392156867,510,-0.01224023282521588,0.0017971956274671838,0.1725490196078432,510,-0.02255433190909393,-0.008516903456410865,0.18467583497053042,509,-0.01680658914000261,-0.0027691606873195464,0.1843137254901961,510,-0.020951468147063463,-0.006914039694380399,0.16502946954813358,509,-0.02583362527907058,-0.011796196826387518,0.14117647058823535,510,-0.028329809132208787,-0.014292380679525723,0.0725490196078431,510,-0.028329809132208787,-0.014292380679525723,0.0725490196078431,510
qfq_high_right__qfq_return,qfq_parser_sensitivity,1,2024-11-01,5093,0.1190573502552746,-0.0026275666429619216,0.09054619684619943,0.1089591527772762,0.01841295593107678,0.05500982318271119,509,0.07979973688783266,-0.01074645995836676,0.1473477406679764,509,0.06999765659408529,-0.02054854025211414,0.2082514734774067,509,0.07363010869984896,-0.01691608814635047,0.1843137254901961,510,0.07700716716375713,-0.013539029682442291,0.20039292730844793,509,0.08022742371890079,-0.010318773127298633,0.21021611001964635,509,0.09491031184200076,0.0043641149958013326,0.2196078431372549,510,0.09617243114595905,0.005626234299759628,0.21611001964636545,509,0.10084692906754852,0.010300732221349099,0.15520628683693516,509,0.12387024099504364,0.03332404414884421,0.06470588235294117,510,0.12387024099504364,0.03332404414884421,0.06470588235294117,510
qfq_high_right__qfq_return,qfq_parser_sensitivity,1,2024-11-08,5100,-0.25775673726113,0.0013325909254430425,-0.07685485045299954,-0.05874097542772412,0.018113875025275422,0.05490196078431375,510,-0.0633938426096565,0.013461007843343045,0.14313725490196083,510,-0.06152360699125655,0.015331243461742992,0.16470588235294115,510,-0.06506314300659428,0.011791707446405258,0.16666666666666663,510,-0.06722394640940407,0.00963090404359547,0.17647058823529416,510,-0.07393782319020366,0.002917027262795885,0.1941176470588235,510,-0.08202348833624316,-0.005168637883243621,0.19215686274509802,510,-0.08736680164575994,-0.010511951192760396,0.17450980392156867,510,-0.09722416714301008,-0.020369316690010533,0.1352941176470588,510,-0.11205070977014311,-0.03519585931714357,0.045098039215686225,510,-0.11205070977014311,-0.03519585931714357,0.045098039215686225,510
qfq_high_right__qfq_return,qfq_parser_sensitivity,1,2024-11-15,5098,-0.11160104998474152,-0.016472590095656284,0.02743138908610109,0.020661325145046105,-0.006770063941054984,0.0491159135559921,509,0.038141841112985464,0.010710452026884375,0.11176470588235299,510,0.03925848601857992,0.011827096932478829,0.14117647058823535,510,0.03712428131554058,0.009692892229439493,0.1568627450980392,510,0.036627114232634435,0.009195725146533346,0.16666666666666663,510,0.03364720662365521,0.006215817537554121,0.18860510805500985,509,0.02242062861760095,-0.0050107604685001375,0.207843137254902,510,0.02385493791063492,-0.0035764511754661672,0.18039215686274512,510,0.01661361316666697,-0.010817775919434117,0.1098039215686275,510,0.005963369960012418,-0.021468019126088672,0.03725490196078429,510,0.005963369960012418,-0.021468019126088672,0.03725490196078429,510
qfq_high_right__qfq_return,qfq_parser_sensitivity,1,2024-11-22,5103,-0.134749425961845,-0.006644887533940361,0.04745265229791848,0.07079053753903652,0.023337885241118045,0.04117647058823526,510,0.05695823882410468,0.009505586526186202,0.10784313725490191,510,0.050251129910204854,0.002798477612286375,0.13725490196078427,510,0.048994659026285414,0.0015420067283669348,0.14481409001956946,511,0.042852113727323386,-0.004600538570595093,0.18039215686274512,510,0.042203359428382256,-0.005249292869536223,0.21764705882352942,510,0.03434688180497602,-0.01310577049294246,0.2035225048923679,511,0.041317174509428144,-0.006135477788490336,0.16470588235294115,510,0.044052966390451836,-0.003399685907466643,0.11568627450980395,510,0.04279127581946816,-0.004661376478450323,0.046966731898238745,511,0.04279127581946816,-0.004661376478450323,0.046966731898238745,511
qfq_high_right__qfq_return,qfq_parser_sensitivity,1,2024-11-29,5106,-0.2463544805597977,-0.013644426801478012,0.011328437064914015,0.04844124549384031,0.037112808428926294,0.039215686274509776,510,0.022054602023089943,0.010726164958175927,0.09980430528375739,511,0.011177469702145003,-0.00015096736276901286,0.14313725490196083,510,0.0072758246439633585,-0.004052612420950657,0.16242661448140905,511,0.007153385961802714,-0.0041750511031113016,0.17808219178082196,511,0.010881005261763034,-0.00044743180315098136,0.18823529411764706,510,0.008247700325483182,-0.003080736739430833,0.16634050880626228,511,0.004559761677635825,-0.0067686753872781905,0.14901960784313728,510,0.0018727961947256715,-0.009455640870188345,0.11741682974559686,511,-0.008321209805806484,-0.0196496468707205,0.046966731898238745,511,-0.008321209805806484,-0.0196496468707205,0.046966731898238745,511
qfq_high_right__qfq_return,qfq_parser_sensitivity,1,2024-12-06,5105,-0.17462708141179942,-0.008588435136743408,0.008512829436729949,0.02401541195105025,0.0155025825143203,0.045098039215686225,510,0.024163634758059233,0.015650805321329286,0.11154598825831707,511,0.013979375283842852,0.005466545847112904,0.14117647058823535,510,0.012968945447060133,0.004456116010330184,0.15068493150684936,511,0.01301641209462643,0.004503582657896481,0.1568627450980392,510,0.010347784644690272,0.0018349552079603235,0.18590998043052842,511,0.0032225040362833628,-0.005290325400446586,0.1843137254901961,510,-0.003947099774185788,-0.012459929210915738,0.15851272015655582,511,-0.004095354802539752,-0.012608184239269701,0.12745098039215685,510,-0.008528496959690018,-0.01704132639641997,0.048923679060665415,511,-0.008528496959690018,-0.01704132639641997,0.048923679060665415,511
qfq_high_right__qfq_return,qfq_parser_sensitivity,1,2024-12-13,5106,0.3315675775021084,0.03514751506346474,-0.056446946886029435,-0.09221157427312218,-0.03576462738709275,0.0490196078431373,510,-0.07972257971808325,-0.023275632832053812,0.12915851272015655,511,-0.07200466791372055,-0.015557721027691117,0.1705882352941176,510,-0.06417512828525782,-0.00772818139922838,0.18590998043052842,511,-0.06259080397636661,-0.006143857090337178,0.19569471624266144,511,-0.05485574826252731,0.001591198623502127,0.1941176470588235,510,-0.05169623406468785,0.004750712821341582,0.18786692759295498,511,-0.04275626985276723,0.013690677033262204,0.14509803921568631,510,-0.03196669050872846,0.024480256377300974,0.1095890410958904,511,-0.01256030130592946,0.04388664558009998,0.050880626223091974,511,-0.01256030130592946,0.04388664558009998,0.050880626223091974,511
qfq_high_right__qfq_return,qfq_parser_sensitivity,1,2024-12-20,5112,0.11390252517363558,0.005239870180812264,0.0002035274203870903,-0.017776499292081558,-0.01798002671246865,0.05675146771037187,511,-0.0068641189441723816,-0.0070676463645594715,0.10763209393346385,511,-0.003388393674202152,-0.0035919210945892423,0.1487279843444227,511,0.006364293085734664,0.006160765665347574,0.1761252446183953,511,0.000880686175776858,0.0006771587553897677,0.16015625,512,0.0013658876836733377,0.0011623602632862473,0.18590998043052842,511,0.0034942825365313524,0.003290755116144262,0.18590998043052842,511,0.00039248244151902836,0.00018895502113193806,0.1487279843444227,511,0.007647247064666103,0.007443719644279013,0.11937377690802353,511,0.009899108223180676,0.009695580802793586,0.048828125,512,0.009899108223180676,0.009695580802793586,0.048828125,512
qfq_high_right__qfq_return,qfq_parser_sensitivity,1,2024-12-27,5108,-0.13418469287465087,0.0009081725513157141,-0.06171019016438922,-0.05052109975874288,0.011189090405646342,0.05490196078431375,510,-0.05637952360054958,0.0053306665638396394,0.12524461839530332,511,-0.06080873547258368,0.0009014546918055394,0.16634050880626228,511,-0.05960594945086237,0.002104240713526856,0.18003913894324852,511,-0.05687383702259021,0.004836353141799012,0.1761252446183953,511,-0.0586342648015845,0.003075925362804724,0.1843137254901961,510,-0.06448094524199546,-0.0027707550776062406,0.18003913894324852,511,-0.06830727720959848,-0.0065970870452092545,0.16046966731898238,511,-0.07002965059300421,-0.008319460428614991,0.1154598825831703,511,-0.07143270261025078,-0.009722512445861559,0.03913894324853229,511,-0.07143270261025078,-0.009722512445861559,0.03913894324853229,511
qfq_high_right__qfq_return,qfq_parser_sensitivity,1,2025-01-06,5107,0.14024255338630873,0.004707748938459783,0.02204603330285754,0.015573064655549678,-0.006472968647307863,0.05294117647058827,510,0.018013524992796775,-0.004032508310060766,0.13894324853228968,511,0.014615220576475046,-0.007430812726382494,0.18395303326810175,511,0.017098257208390977,-0.004947776094466564,0.18627450980392157,510,0.01825205639846618,-0.0037939769043913614,0.19569471624266144,511,0.01990182758816148,-0.002144205714696059,0.24266144814090018,511,0.020476511668626157,-0.0015695216342313835,0.23529411764705888,510,0.028428919512407703,0.006382886209550163,0.18395303326810175,511,0.03143743034099407,0.009391397038136528,0.15851272015655582,511,0.03663809882178364,0.014592065518926101,0.07240704500978479,511,0.03663809882178364,0.014592065518926101,0.07240704500978479,511
qfq_high_right__qfq_return,qfq_parser_sensitivity,1,2025-01-13,5111,0.13461255211614934,-0.0040213388298528585,0.011560692721630881,-0.002694762286034366,-0.014255455007665247,0.043052837573385516,511,0.0076765049789717975,-0.0038841877426590834,0.09784735812133072,511,0.005158203186653881,-0.006402489534977,0.13502935420743645,511,0.011820133322314824,0.00025944060068394323,0.13307240704500978,511,0.010915897883314853,-0.0006447948383160283,0.13894324853228968,511,0.013110014169481113,0.001549321447850232,0.16046966731898238,511,0.013522840423226042,0.0019621477015951613,0.15851272015655582,511,0.013311664637560314,0.0017509719159294335,0.16046966731898238,511,0.020302622439825536,0.008741929718194656,0.12133072407045009,511,0.022462474250566355,0.010901781528935475,0.04296875,512,0.022462474250566355,0.010901781528935475,0.04296875,512
qfq_high_right__qfq_return,qfq_parser_sensitivity,1,2025-01-20,5114,-0.04928774601277816,-0.014599751113225003,-0.0002736909090409285,-0.007791786381675841,-0.007518095472634913,0.0332681017612525,511,0.0014960282048926763,0.0017697191139336048,0.0821917808219178,511,0.0004393981383847526,0.0007130890474256811,0.103515625,512,-0.0020065384578442334,-0.001732847548803305,0.10371819960861062,511,0.0028534645701785207,0.0031271554792194492,0.125,512,0.007894955500878783,0.008168646409919711,0.13307240704500978,511,0.0022726009746497277,0.0025462918836906562,0.13307240704500978,511,0.005659047843662103,0.005932738752703032,0.12109375,512,-0.0008263817422019183,-0.0005526908331609897,0.10371819960861062,511,-0.012722461367207007,-0.01244877045816608,0.048828125,512,-0.012722461367207007,-0.01244877045816608,0.048828125,512
qfq_high_right__qfq_return,qfq_parser_sensitivity,1,2025-01-27,5119,0.07410223848885747,-0.003195213055094015,0.06166859983313432,0.05599794666095063,-0.005670653172183696,0.04109589041095896,511,0.05847393917949606,-0.0031946606536382635,0.095703125,512,0.053870649446111626,-0.0077979503870226966,0.095703125,512,0.056549415778212035,-0.005119184054922288,0.107421875,512,0.060066478258940695,-0.0016021215741936282,0.123046875,512,0.06469224281549521,0.003023642982360887,0.138671875,512,0.061612566752548684,-5.603308058563933e-05,0.138671875,512,0.059537664134793396,-0.0021309356983409272,0.12890625,512,0.07477957885398588,0.013110979020851558,0.1015625,512,0.0710944409563321,0.009425841123197783,0.0390625,512,0.0710944409563321,0.009425841123197783,0.0390625,512
qfq_high_right__qfq_return,qfq_parser_sensitivity,1,2025-02-11,5122,0.08718442189904824,0.004195143596783008,0.003188437029512597,-0.008416075509926178,-0.011604512539438776,0.052734375,512,-0.002253898761299026,-0.005442335790811622,0.1171875,512,-0.0011356196977595078,-0.004324056727272105,0.142578125,512,0.0023893089684025462,-0.0007991280611100507,0.1640625,512,0.0008275719530537611,-0.002360865076458836,0.17738791423001954,513,0.003926047932688847,0.0007376109031762505,0.208984375,512,0.003273080940869983,8.464391135738596e-05,0.208984375,512,0.016732528511193424,0.013544091481680828,0.1640625,512,0.011597190389346604,0.008408753359834008,0.13671875,512,0.004945415035490048,0.0017569780059774514,0.06822612085769986,513,0.004945415035490048,0.0017569780059774514,0.06822612085769986,513
qfq_high_right__qfq_return,qfq_parser_sensitivity,1,2025-02-18,5124,0.1070064878403966,-0.003760159209666655,0.03231883906340799,0.025624366262707834,-0.006694472800700155,0.017578125,512,0.023441460286619146,-0.008877378776788843,0.06640625,512,0.02444020536235042,-0.007878633701057569,0.10331384015594547,513,0.023674610667326876,-0.008644228396081113,0.11328125,512,0.031123608737645154,-0.0011952303257628354,0.13840155945419108,513,0.034027840301030635,0.0017090012376226454,0.15625,512,0.03692682440567137,0.004607985342263379,0.140625,512,0.03618830631919623,0.0038694672557882392,0.1228070175438597,513,0.04335983932398374,0.01104100026057575,0.1171875,512,0.04436796036494982,0.01204912130154183,0.052631578947368474,513,0.04436796036494982,0.01204912130154183,0.052631578947368474,513
qfq_high_right__qfq_return,qfq_parser_sensitivity,1,2025-02-25,5120,-0.06909242439482138,-0.009989484234697412,-0.013660166682806535,-0.02139042572007091,-0.007730259037264375,0.029296875,512,-0.010129099825446606,0.003531066857359929,0.083984375,512,-0.009163235274413418,0.004496931408393117,0.12109375,512,-0.008447968360659653,0.005212198322146882,0.134765625,512,-0.0038467862819352404,0.009813380400871295,0.150390625,512,-0.01112909559212189,0.002531071090684645,0.173828125,512,-0.01226057571687601,0.0013995909659305257,0.173828125,512,-0.013042070489225038,0.0006180961935814966,0.1484375,512,-0.01742545028603077,-0.0037652836032242357,0.126953125,512,-0.02976695928128579,-0.016106792598479254,0.05859375,512,-0.02976695928128579,-0.016106792598479254,0.05859375,512
qfq_high_right__qfq_return,qfq_parser_sensitivity,1,2025-03-04,5119,-0.02991447406508016,0.0007385370718400111,0.02742870028416698,0.02292335544775406,-0.0045053448364129195,0.03718199608610573,511,0.02887997292586402,0.0014512726416970427,0.09375,512,0.023724799778196713,-0.0037039005059702652,0.119140625,512,0.02837362674031699,0.0009449264561500123,0.12109375,512,0.02974939383046926,0.00232069354630228,0.140625,512,0.03010468180136981,0.00267598151720283,0.17578125,512,0.03239483184524975,0.004966131561082773,0.169921875,512,0.02946654951438175,0.002037849230214772,0.14453125,512,0.029301248828318423,0.0018725485441514443,0.12109375,512,0.019359742628115448,-0.00806895765605153,0.056640625,512,0.019359742628115448,-0.00806895765605153,0.056640625,512
qfq_high_right__qfq_return,qfq_parser_sensitivity,1,2025-03-11,5120,-0.16075589585528124,0.0006261612172486837,0.01199868097113464,0.01874447633325138,0.006745795362116742,0.041015625,512,0.02022823635105575,0.008229555379921111,0.095703125,512,0.015559290995070568,0.0035606100239359284,0.10546875,512,0.010169933052686451,-0.0018287479184481877,0.1171875,512,0.0175278098273539,0.00552912885621926,0.146484375,512,0.019145706024021044,0.007147025052886405,0.154296875,512,0.0108510699453344,-0.0011476110258002385,0.16015625,512,0.010028339413238708,-0.0019703415578959313,0.15234375,512,-0.0021358593418238573,-0.014134540312958497,0.099609375,512,-0.00013219288884195983,-0.012130873859976599,0.041015625,512,-0.00013219288884195983,-0.012130873859976599,0.041015625,512
qfq_high_right__qfq_return,qfq_parser_sensitivity,1,2025-03-18,5123,-0.29142917746530705,-0.012573440272699648,-0.0263195318370193,-0.0047330219660753365,0.021586509870943967,0.033203125,512,-0.007087014958545061,0.01923251687847424,0.087890625,512,-0.015521190094616041,0.01079834174240326,0.10546875,512,-0.01539329452720714,0.01092623730981216,0.12085769980506822,513,-0.025973796308779558,0.0003457355282397434,0.130859375,512,-0.030003079960706936,-0.003683548123687635,0.158203125,512,-0.033073040415945644,-0.006753508578926343,0.16764132553606237,513,-0.03965221977767602,-0.013332687940656722,0.130859375,512,-0.043956029508459116,-0.017636497671439814,0.09765625,512,-0.04776888744032198,-0.021449355603302682,0.04483430799220278,513,-0.04776888744032198,-0.021449355603302682,0.04483430799220278,513
qfq_high_right__qfq_return,qfq_parser_sensitivity,1,2025-03-25,5126,0.20194859857832953,0.007335204046625395,-0.01521130743022269,-0.034483450182845495,-0.019272142752622803,0.05078125,512,-0.025328286614073055,-0.010116979183850365,0.12670565302144254,513,-0.020243500929232966,-0.005032193499010277,0.14453125,512,-0.018577953098027934,-0.003366645667805245,0.15399610136452246,513,-0.01718557394651826,-0.0019742665162955694,0.18518518518518523,513,-0.008479556276401085,0.006731751153821604,0.208984375,512,-0.012797232038766333,0.002414075391456357,0.20467836257309946,513,-0.008884827084282423,0.006326480345940267,0.15234375,512,-0.0032934951894054362,0.011917812240817253,0.09551656920077978,513,-0.002861121174159051,0.012350186256063638,0.042884990253411304,513,-0.002861121174159051,0.012350186256063638,0.042884990253411304,513
qfq_high_right__qfq_return,qfq_parser_sensitivity,1,2025-04-01,5127,-0.2574511721053382,0.013787742872713454,-0.07414331626623469,-0.04768833814864769,0.026454978117587,0.029296875,512,-0.05147477863345245,0.02266853763278224,0.07797270955165692,513,-0.056937473906330666,0.017205842359904022,0.11890838206627685,513,-0.06316956766846683,0.010973748597767854,0.142578125,512,-0.07512680447789401,-0.0009834882116593197,0.1442495126705653,513,-0.07984758096483198,-0.005704264698597292,0.18128654970760238,513,-0.0898394277673992,-0.01569611150116451,0.181640625,512,-0.0923299653834617,-0.01818664911722702,0.1442495126705653,513,-0.09541521177609899,-0.021271895509864303,0.10721247563352831,513,-0.08956165016341591,-0.015418333897181224,0.04678362573099415,513,-0.08956165016341591,-0.015418333897181224,0.04678362573099415,513
qfq_high_right__qfq_return,qfq_parser_sensitivity,1,2025-04-09,5130,-0.0496725235219496,0.004697667172726615,0.019175332008076952,0.02291774933740409,0.0037424173293271364,0.042884990253411304,513,0.023648299509040387,0.004472967500963435,0.14035087719298245,513,0.021811975526374577,0.0026366435182976246,0.22612085769980506,513,0.019755710056418116,0.0005803780483411639,0.267056530214425,513,0.015880399300518017,-0.0032949327075589355,0.27095516569200784,513,0.013160775642906908,-0.006014556365170044,0.2865497076023392,513,0.017625859630989907,-0.0015494723770870453,0.27875243664717353,513,0.01941440595224242,0.0002390739441654674,0.24561403508771928,513,0.020303174220591646,0.0011278422125146938,0.19298245614035092,513,0.01723497090428347,-0.0019403611037934823,0.08187134502923976,513,0.01723497090428347,-0.0019403611037934823,0.08187134502923976,513
qfq_high_right__qfq_return,qfq_parser_sensitivity,1,2025-04-16,5130,-0.01311168552122981,-0.01179724431673298,0.016297023596689313,0.010746202796486233,-0.005550820800203081,0.042884990253411304,513,0.016153160328895345,-0.00014386326779396857,0.11111111111111116,513,0.01211538925598031,-0.004181634340709003,0.14619883040935677,513,0.019770240692499174,0.0034732170958098607,0.15009746588693962,513,0.018113591169566255,0.001816567572876942,0.1578947368421053,513,0.019147365080647613,0.0028503414839583,0.15594541910331383,513,0.020062236795103622,0.003765213198414309,0.15984405458089668,513,0.019098375408956904,0.0028013518122675905,0.13840155945419108,513,0.017481036687546414,0.0011840130908571007,0.10526315789473684,513,0.010282637751211276,-0.006014385845478037,0.052631578947368474,513,0.010282637751211276,-0.006014385845478037,0.052631578947368474,513
qfq_high_right__qfq_return,qfq_parser_sensitivity,1,2025-04-23,5129,0.1313425602556849,-0.006422203866848903,0.03381255661915875,0.019007052829869378,-0.014805503789289375,0.04296875,512,0.023309971451193904,-0.010502585167964849,0.10916179337231968,513,0.022008259747443432,-0.01180429687171532,0.11890838206627685,513,0.028199993533124842,-0.00561256308603391,0.1364522417153996,513,0.02871716670730254,-0.005095389911856214,0.15399610136452246,513,0.037784613704037705,0.003972057084878952,0.14814814814814814,513,0.04528881267520771,0.011476256056048954,0.14035087719298245,513,0.04674782287361183,0.012935266254453077,0.11890838206627685,513,0.043097065921777526,0.009284509302618774,0.09551656920077978,513,0.04393594611685042,0.010123389497691669,0.04483430799220278,513,0.04393594611685042,0.010123389497691669,0.04483430799220278,513
qfq_high_right__qfq_return,qfq_parser_sensitivity,1,2025-04-30,5097,-0.12726315341073496,-0.013285133996430642,0.01957632669207519,0.02678139202499358,0.007205065332918391,0.04518664047151277,509,0.021267014495584092,0.0016906878035089015,0.10588235294117643,510,0.020211436209848076,0.0006351095177728854,0.1215686274509804,510,0.02117366808672492,0.0015973413946497282,0.13752455795677798,509,0.021576342983813484,0.0020000162917382935,0.14901960784313728,510,0.018149347498911006,-0.0014269791931641844,0.14509803921568631,510,0.023554989135703273,0.003978662443628083,0.1473477406679764,509,0.023622414699294814,0.004046088007219624,0.12745098039215685,510,0.014907199925686496,-0.004669126766388695,0.09999999999999998,510,0.004544522780135656,-0.015031803911939534,0.04313725490196074,510,0.004544522780135656,-0.015031803911939534,0.04313725490196074,510
qfq_high_right__qfq_return,qfq_parser_sensitivity,1,2025-05-12,5124,-0.2802832681486319,-0.015810905160733506,0.016894017967662395,0.03187413291795657,0.014980114950294176,0.044921875,512,0.024602789843301415,0.007708771875639019,0.087890625,512,0.02887914853820071,0.011985130570538315,0.10136452241715399,513,0.018508309911843962,0.0016142919441815666,0.126953125,512,0.02480665419187152,0.007912636224209124,0.1578947368421053,513,0.015278698171990316,-0.001615319795672079,0.150390625,512,0.015763553562549763,-0.001130464405112632,0.154296875,512,0.012251532135743327,-0.004642485831919068,0.16374269005847952,513,0.00313521161553461,-0.013758806352127785,0.12890625,512,-0.006144649286018923,-0.023038667253681318,0.04873294346978563,513,-0.006144649286018923,-0.023038667253681318,0.04873294346978563,513
qfq_high_right__qfq_return,qfq_parser_sensitivity,1,2025-05-19,5122,-0.1548998311860042,-0.010909512064318746,-0.013895265386286583,-0.008706033884239557,0.005189231502047026,0.03515625,512,-0.009188433308996604,0.004706832077289979,0.0703125,512,-0.013390563828934292,0.0005047015573522908,0.09375,512,-0.007151862136211339,0.006743403250075244,0.12109375,512,-0.010076988380396796,0.003818277005889787,0.13255360623781676,513,-0.012381670510348199,0.0015135948759383844,0.134765625,512,-0.015854804197972396,-0.0019595388116858126,0.125,512,-0.014691145084809587,-0.0007958796985230044,0.1328125,512,-0.022710666723471603,-0.00881540133718502,0.1015625,512,-0.024786671102972162,-0.010891405716685579,0.03898635477582846,513,-0.024786671102972162,-0.010891405716685579,0.03898635477582846,513
qfq_high_right__qfq_return,qfq_parser_sensitivity,1,2025-05-26,5120,-0.032211325406743756,-0.011359257894322534,0.019739517780726988,0.018444285251316805,-0.0012952325294101827,0.03125,512,0.02013219837685685,0.00039268059612986017,0.076171875,512,0.021974427422021603,0.002234909641294615,0.08984375,512,0.0202675935773071,0.0005280757965801103,0.095703125,512,0.0192220791120763,-0.0005174386686506889,0.125,512,0.022205187732288488,0.0024656699515615,0.150390625,512,0.02065687186330369,0.0009173540825767011,0.15234375,512,0.018735260160360787,-0.0010042576203662008,0.134765625,512,0.019208760754048322,-0.000530757026678666,0.09375,512,0.016548513557689985,-0.003191004223037003,0.0390625,512,0.016548513557689985,-0.003191004223037003,0.0390625,512
qfq_high_right__qfq_return,qfq_parser_sensitivity,1,2025-06-03,5115,-0.03675323098425765,-0.011450356711634364,0.015408089071390447,0.01644192785997993,0.0010338387885894824,0.0332681017612525,511,0.017238982471525277,0.0018308934001348299,0.08203125,512,0.018659200783488324,0.0032511117120978764,0.12328767123287676,511,0.012952397816424616,-0.002455691254965831,0.1484375,512,0.013098034239172033,-0.0023100548322184146,0.15851272015655582,511,0.01624876033571596,0.0008406712643255123,0.1640625,512,0.014838352734673946,-0.0005697363367165014,0.16829745596868884,511,0.01417727306592411,-0.0012308160054663366,0.154296875,512,0.017693762991288713,0.0022856739198982654,0.1095890410958904,511,0.01273940707440619,-0.0026686819969842564,0.0390625,512,0.01273940707440619,-0.0026686819969842564,0.0390625,512
qfq_high_right__qfq_return,qfq_parser_sensitivity,1,2025-06-10,5128,0.07750377807469659,-0.006491725734136873,-0.01011927855936197,-0.01510762660612475,-0.0049883480467627795,0.0390625,512,-0.01224842663096409,-0.002129148071602119,0.09161793372319693,513,-0.01556168314473338,-0.005442404585371409,0.1306042884990254,513,-0.010176011405321579,-5.673284595960823e-05,0.1306042884990254,513,-0.011624502037030965,-0.0015052234776689946,0.15009746588693962,513,-0.012526911684936724,-0.002407633125574753,0.1640625,512,-0.007025380711148113,0.0030938978482138576,0.1578947368421053,513,-0.0026881513566072305,0.00743112720275474,0.14035087719298245,513,-0.005259181757969233,0.004860096801392737,0.11111111111111116,513,-0.008989327376078672,0.0011299511832832988,0.052631578947368474,513,-0.008989327376078672,0.0011299511832832988,0.052631578947368474,513
qfq_high_right__qfq_return,qfq_parser_sensitivity,1,2025-06-17,5139,0.08488978309621037,-0.0011531343163376318,0.020817541825077886,0.015185514593751327,-0.00563202723132656,0.031189083820662766,513,0.01599258971113909,-0.004824952113938796,0.07392996108949412,514,0.012305228325043552,-0.008512313500034334,0.10700389105058361,514,0.020799908398249852,-1.763342682803426e-05,0.13424124513618674,514,0.027067117486468822,0.006249575661390935,0.16342412451361865,514,0.02434087449617672,0.0035233326710988333,0.1731517509727627,514,0.021825880227148476,0.0010083384020705896,0.16731517509727623,514,0.02391324687339319,0.003095705048315304,0.14785992217898836,514,0.02633184906738484,0.005514307242306955,0.11673151750972766,514,0.02040225182060018,-0.0004152900044777051,0.05836575875486383,514,0.02040225182060018,-0.0004152900044777051,0.05836575875486383,514
qfq_high_right__qfq_return,qfq_parser_sensitivity,1,2025-06-24,5139,-0.19465762086769497,-0.01949818904345414,0.01599608239106467,0.027127670298094073,0.011131587907029405,0.031189083820662766,513,0.023069189805065123,0.007073107414000454,0.08365758754863817,514,0.020505635488360013,0.004509553097295345,0.10311284046692604,514,0.021656176004393905,0.005660093613329236,0.11478599221789887,514,0.01853240374239796,0.00253632135133329,0.15369649805447472,514,0.013167421828821125,-0.0028286605622435436,0.16536964980544744,514,0.01574100015188819,-0.00025508223917647746,0.14591439688715957,514,0.010261620336012934,-0.005734462055051735,0.13618677042801552,514,0.010268726688969169,-0.0057273557020955,0.10505836575875482,514,-0.00034736364754446293,-0.01634344603860913,0.05058365758754868,514,-0.00034736364754446293,-0.01634344603860913,0.05058365758754868,514
qfq_high_right__qfq_return,qfq_parser_sensitivity,1,2025-07-01,5137,-0.1002063366853825,-0.004956908987640731,0.015268690162213367,0.019125637934667,0.0038569477724536335,0.03508771929824561,513,0.014940133202926727,-0.0003285569592866404,0.08365758754863817,514,0.015679122441345904,0.00041043227913253703,0.1089494163424124,514,0.018939507984544454,0.0036708178223310867,0.1228070175438597,513,0.012845025887619247,-0.0024236642745941207,0.14396887159533078,514,0.018962101073058672,0.003693410910845305,0.13424124513618674,514,0.01462118317404263,-0.000647506988170737,0.12670565302144254,513,0.015393699299386414,0.00012500913717304607,0.11867704280155644,514,0.01355737134852977,-0.0017113188136835978,0.10116731517509725,514,0.008636504993146346,-0.006632185169067021,0.04474708171206221,514,0.008636504993146346,-0.006632185169067021,0.04474708171206221,514
qfq_high_right__qfq_return,qfq_parser_sensitivity,1,2025-07-08,5137,0.12672323674033048,3.766100043307628e-05,0.00916996825283685,-0.0013797738776946725,-0.010549742130531522,0.03898635477582846,513,0.0022688381769692587,-0.00690113007586759,0.08949416342412453,514,0.007101355137081742,-0.0020686131157551073,0.10311284046692604,514,0.009996189201394666,0.0008262209485578164,0.12670565302144254,513,0.0059939615436572224,-0.003176006709179627,0.14396887159533078,514,0.009582005464140475,0.00041203721130362615,0.1381322957198443,514,0.012399468090129982,0.0032294998372931327,0.1286549707602339,513,0.010297924637409394,0.001127956384572545,0.11867704280155644,514,0.014647041835379735,0.005477073582542886,0.09922178988326846,514,0.02078003803712894,0.01161006978429209,0.03891050583657585,514,0.02078003803712894,0.01161006978429209,0.03891050583657585,514
qfq_high_right__qfq_return,qfq_parser_sensitivity,1,2025-07-15,5140,-0.02490509728171559,0.005569459760504819,0.02156741667699251,0.02510270339106643,0.00353528671407392,0.03307392996108949,514,0.022930841372265493,0.0013634246952729835,0.07587548638132291,514,0.017667640803170934,-0.0038997758738215753,0.1089494163424124,514,0.02005123894312851,-0.0015161777338640013,0.12840466926070038,514,0.02212136879931233,0.0005539521223198209,0.13618677042801552,514,0.022785301434848113,0.0012178847578556036,0.13229571984435795,514,0.021273552209345764,-0.00029386446764674556,0.13035019455252916,514,0.022264466558059304,0.0006970498810667941,0.10311284046692604,514,0.01951222594513777,-0.0020551907318547384,0.0797665369649806,514,0.021964827313590465,0.0003974106365979557,0.03696498054474706,514,0.021964827313590465,0.0003974106365979557,0.03696498054474706,514
qfq_high_right__qfq_return,qfq_parser_sensitivity,1,2025-07-22,5135,0.1856270083311114,0.003731027163500644,0.017429048313469166,0.0006402612681723668,-0.0167887870452968,0.03703703703703709,513,0.009013417286216206,-0.00841563102725296,0.09727626459143968,514,0.01056013411868935,-0.006868914194779816,0.13255360623781676,513,0.010359595593401104,-0.007069452720068063,0.1381322957198443,514,0.020184386552059157,0.002755338238589991,0.13255360623781676,513,0.017452703974832895,2.365566136372857e-05,0.15175097276264593,514,0.01968657400175315,0.002257525688283985,0.16179337231968816,513,0.025969275218464122,0.008540226904994955,0.15953307392996108,514,0.029041816659222387,0.01161276834575322,0.1306042884990254,513,0.03136863739385085,0.013939589080381686,0.054474708171206254,514,0.03136863739385085,0.013939589080381686,0.054474708171206254,514
qfq_high_right__qfq_return,qfq_parser_sensitivity,1,2025-07-29,5145,0.2105971370060395,-0.00881807919572301,0.023984398824298286,0.0025881150567643816,-0.021396283767533907,0.035019455252918275,514,0.009707329179046736,-0.01427706964525155,0.09902912621359228,515,0.011389599752576612,-0.012594799071721674,0.11673151750972766,514,0.01907490695672522,-0.004909491867573067,0.11067961165048545,515,0.02472683238973342,0.0007424335654351334,0.13424124513618674,514,0.02543360511085319,0.0014492062865549028,0.14174757281553396,515,0.03368601138788882,0.009701612563590534,0.15369649805447472,514,0.03880854664871649,0.014824147824418203,0.1475728155339806,515,0.03933012253587769,0.015345723711579405,0.11284046692607008,514,0.03508299434519127,0.011098595520892984,0.05242718446601946,515,0.03508299434519127,0.011098595520892984,0.05242718446601946,515
qfq_high_right__qfq_return,qfq_parser_sensitivity,1,2025-08-05,5139,0.050551874523543455,0.00633580968139518,0.02269773353054836,0.01829684118262728,-0.004400892347921081,0.023391812865497075,513,0.014570733193470168,-0.008127000337078192,0.06809338521400776,514,0.01658384083428568,-0.006113892696262679,0.09143968871595332,514,0.021128655262157178,-0.0015690782683911823,0.10116731517509725,514,0.02586112009121915,0.0031633865606707917,0.1264591439688716,514,0.02291840248839569,0.00022066895784732948,0.14980544747081714,514,0.025489344022243014,0.0027916104916946537,0.14980544747081714,514,0.025965042502237717,0.0032673089716893575,0.142023346303502,514,0.02832120639160783,0.005623472861059471,0.13424124513618674,514,0.027833587289870416,0.005135853759322056,0.060311284046692615,514,0.027833587289870416,0.005135853759322056,0.060311284046692615,514
qfq_high_right__qfq_return,qfq_parser_sensitivity,1,2025-08-12,5146,0.09611385411686794,0.014619218604082674,0.028497019448393165,0.018731126788284595,-0.00976589266010857,0.027237354085603127,514,0.01904649888002745,-0.009450520568365716,0.06796116504854366,515,0.027375016248548344,-0.0011220031998448211,0.08949416342412453,514,0.030759439902838928,0.0022624204544457634,0.1029126213592233,515,0.028521682627552343,2.4663179159178233e-05,0.1339805825242718,515,0.02484447460903205,-0.003652544839361116,0.1575875486381323,514,0.030631686570158724,0.0021346671217655593,0.16699029126213594,515,0.028911520652730872,0.0004145012043377076,0.16342412451361865,514,0.03509905377888451,0.006602034330491346,0.13009708737864079,515,0.04102226541714575,0.012525245968752586,0.05631067961165048,515,0.04102226541714575,0.012525245968752586,0.05631067961165048,515
qfq_high_right__qfq_return,qfq_parser_sensitivity,1,2025-08-19,5142,0.044471685078433174,0.04570162140555338,-0.00600712879721437,-0.005501521032637746,0.0005056077645766233,0.03307392996108949,514,-0.006856307167212567,-0.0008491783699981978,0.09143968871595332,514,-0.01450005523610319,-0.00849292643888882,0.11673151750972766,514,-0.010814268394177533,-0.004807139596963163,0.12256809338521402,514,-0.0137407310092086,-0.00773360221199423,0.15728155339805827,515,-0.010042625596410224,-0.004035496799195855,0.18287937743190663,514,-0.004251617010534727,0.0017555117866796428,0.18482490272373542,514,-0.006516452217516279,-0.0005093234203019095,0.1712062256809338,514,-0.004386927568705417,0.001620201228508953,0.1400778210116731,514,0.01651045465095368,0.022517583448168052,0.060194174757281504,515,0.01651045465095368,0.022517583448168052,0.060194174757281504,515
qfq_high_right__qfq_return,qfq_parser_sensitivity,1,2025-08-26,5143,-0.0372654535189641,0.0314487428414582,-0.02087725781245105,-0.006861155831834628,0.014016101980616423,0.027237354085603127,514,-0.025222521381819782,-0.004345263569368731,0.08365758754863817,514,-0.02383827752878344,-0.002961019716332388,0.10505836575875482,514,-0.03002785085296851,-0.00915059304051746,0.11844660194174761,515,-0.02827996861078346,-0.0074027107983324104,0.13035019455252916,514,-0.028154834909825937,-0.007277577097374886,0.1400778210116731,514,-0.022087307418055122,-0.0012100496056040716,0.1631067961165048,515,-0.02422094048669311,-0.0033436826742420586,0.14785992217898836,514,-0.0192249661900683,0.0016522916223827497,0.1245136186770428,514,-0.0008735158073727147,0.020003742005078335,0.060194174757281504,515,-0.0008735158073727147,0.020003742005078335,0.060194174757281504,515
qfq_high_right__qfq_return,qfq_parser_sensitivity,1,2025-09-02,5142,-0.20860719967146849,-0.039448681332165066,0.020901500905509948,0.02915855390514596,0.00825705299963601,0.035019455252918275,514,0.03104358969675126,0.010142088791241313,0.10116731517509725,514,0.02346328278103911,0.002561781875529162,0.13424124513618674,514,0.027430891607024884,0.006529390701514936,0.1400778210116731,514,0.026289667255091013,0.005388166349581065,0.15728155339805827,515,0.023587090340336857,0.0026855894348269092,0.17704280155642027,514,0.023531905520201832,0.0026304046146918836,0.18287937743190663,514,0.019672999559219626,-0.0012285013462903227,0.1712062256809338,514,0.012567205254185077,-0.008334295651324871,0.1381322957198443,514,-0.007685043832012963,-0.02858654473752291,0.06407766990291264,515,-0.007685043832012963,-0.02858654473752291,0.06407766990291264,515
qfq_high_right__qfq_return,qfq_parser_sensitivity,1,2025-09-09,5146,0.13578906388489742,0.024457153735396617,0.029534419583634616,0.03634764268432899,0.006813223100694373,0.0311284046692607,514,0.01371857476390632,-0.015815844819728295,0.08932038834951461,515,0.013601556254233808,-0.015932863329400807,0.10311284046692604,514,0.01943600277180298,-0.010098416811831636,0.11262135922330097,515,0.01772696260920203,-0.011807456974432584,0.14174757281553396,515,0.0245514050737822,-0.004983014509852415,0.16147859922178986,514,0.027248637221095152,-0.002285782362539464,0.19999999999999996,515,0.03253334771747685,0.0029989281338422373,0.188715953307393,514,0.04525761042173215,0.015723190838097537,0.14951456310679612,515,0.06490089568460179,0.03536647610096717,0.0737864077669903,515,0.06490089568460179,0.03536647610096717,0.0737864077669903,515
qfq_high_right__qfq_return,qfq_parser_sensitivity,1,2025-09-16,5149,0.2543048164379186,0.016943072615396917,-0.013351232872767481,-0.04577836363595006,-0.03242713076318258,0.027237354085603127,514,-0.028033757014661053,-0.014682524141893572,0.0737864077669903,515,-0.021493572986825613,-0.008142340114058132,0.08543689320388348,515,-0.017681341014377232,-0.004330108141609751,0.08737864077669899,515,-0.015649255575484477,-0.002298022702716996,0.11067961165048545,515,-0.011830417486531932,0.0015208153862355488,0.13592233009708743,515,-0.009649159481681336,0.0037020733910861445,0.15533980582524276,515,-0.003067232110728418,0.010284000762039064,0.1456310679611651,515,0.0002019737918259049,0.013553206664593385,0.11067961165048545,515,0.01940583148428664,0.032757064357054125,0.05242718446601946,515,0.01940583148428664,0.032757064357054125,0.05242718446601946,515
qfq_high_right__qfq_return,qfq_parser_sensitivity,1,2025-09-23,5149,-0.03243535979067248,-0.010498186706259141,0.008120175091766435,0.004726319568885903,-0.0033938555228805317,0.03307392996108949,514,0.011804905850224852,0.0036847307584584165,0.09126213592233012,515,0.010073609371582304,0.001953434279815869,0.11456310679611648,515,0.004788494136375711,-0.003331680955390724,0.12427184466019414,515,0.005828106325045245,-0.0022920687667211904,0.15145631067961163,515,0.012308445780680775,0.00418827068891434,0.1631067961165048,515,0.005988578329648424,-0.0021315967621180114,0.15533980582524276,515,0.007863195711161862,-0.0002569793806045731,0.14368932038834947,515,0.004451784132172095,-0.0036683909595943403,0.12621359223300976,515,0.013361721701163138,0.005241546609396703,0.058252427184465994,515,0.013361721701163138,0.005241546609396703,0.058252427184465994,515
qfq_high_right__qfq_return,qfq_parser_sensitivity,1,2025-09-30,5147,-0.37245921736898424,-0.03482164598765756,-0.013444273319690876,0.00924735353225376,0.022691626851944636,0.0311284046692607,514,0.01211680979815699,0.025561083117847865,0.08737864077669899,515,0.0027724771676373968,0.016216750487328273,0.11262135922330097,515,3.8183912650305634e-05,0.01348245723234118,0.1264591439688716,514,-0.01004369677949769,0.003400576540193186,0.1320388349514563,515,-0.011271985361365028,0.0021722879583258477,0.13980582524271845,515,-0.01625194871262708,-0.002807675392936205,0.1556420233463035,514,-0.02889859717762931,-0.015454323857938433,0.1456310679611651,515,-0.032153295294698986,-0.018709021975008108,0.11650485436893199,515,-0.059933245138699104,-0.046488971819008226,0.058252427184465994,515,-0.059933245138699104,-0.046488971819008226,0.058252427184465994,515
qfq_high_right__qfq_return,qfq_parser_sensitivity,1,2025-10-15,5147,-0.36052438427405176,-0.004478987375486397,0.007050082609612507,0.037184615543644925,0.03013453293403242,0.0311284046692607,514,0.028912674382827505,0.021862591773215,0.09320388349514563,515,0.015694886534457067,0.00864480392484456,0.13009708737864079,515,0.012816403570329203,0.0057663209607166956,0.13035019455252916,514,0.0035753084529359298,-0.0034747741566765774,0.15728155339805827,515,0.005658636563607493,-0.0013914460460050142,0.18252427184466025,515,0.002451178687438016,-0.004598903922174491,0.19455252918287935,514,-0.006824561776768069,-0.013874644386380575,0.1902912621359223,515,-0.013570859631658425,-0.02062094224127093,0.15145631067961163,515,-0.015336675745304914,-0.02238675835491742,0.060194174757281504,515,-0.015336675745304914,-0.02238675835491742,0.060194174757281504,515
qfq_high_right__qfq_return,qfq_parser_sensitivity,1,2025-10-22,5151,0.24622380813644987,0.018922662884279358,0.007068232436662713,-0.01822485712285937,-0.025293089559522083,0.03689320388349515,515,-0.006124656749443741,-0.013192889186106452,0.08932038834951461,515,-0.003171769879069798,-0.010240002315732511,0.10873786407766994,515,-0.000547315045602819,-0.007615547482265532,0.11262135922330097,515,0.0077320741642084604,0.0006638417275457477,0.12621359223300976,515,0.010291305656644135,0.0032230732199814227,0.1456310679611651,515,0.011768347291290714,0.004700114854628001,0.15533980582524276,515,0.014959646589927097,0.007891414153264383,0.1339805825242718,515,0.021377388650922508,0.014309156214259794,0.10679611650485432,515,0.03257263769360616,0.025504405256943447,0.050387596899224785,516,0.03257263769360616,0.025504405256943447,0.050387596899224785,516
qfq_high_right__qfq_return,qfq_parser_sensitivity,1,2025-10-29,5153,-0.2985284051408181,-0.02208191359217713,0.021526895542687326,0.039688382161186184,0.018161486618498857,0.031067961165048508,515,0.03686893697019042,0.015342041427503093,0.08932038834951461,515,0.031112580323244012,0.009585684780556686,0.11844660194174761,515,0.02788969186749314,0.006362796324805815,0.1414728682170543,516,0.02387302507010987,0.002346129527422542,0.14368932038834947,515,0.026713024804757873,0.005186129262070547,0.15533980582524276,515,0.01964445311153396,-0.001882442431153368,0.1705426356589147,516,0.010703838654822872,-0.010823056887864455,0.15339805825242714,515,0.005279428630400957,-0.01624746691228637,0.12038834951456312,515,-0.006458764795129788,-0.027985660337817114,0.05620155038759689,516,-0.006458764795129788,-0.027985660337817114,0.05620155038759689,516
qfq_high_right__qfq_return,qfq_parser_sensitivity,1,2025-11-05,5154,-0.28209902413165805,-0.02427510513813576,0.014924212154237365,0.04036907325016813,0.025444861095930763,0.029126213592232997,515,0.027830949716447645,0.01290673756221028,0.08737864077669899,515,0.025382715172183913,0.010458503017946548,0.13372093023255816,516,0.022521004164836794,0.007596792010599429,0.15922330097087378,515,0.016010728150095434,0.0010865159958580693,0.15503875968992253,516,0.009176487432562835,-0.00574772472167453,0.15145631067961163,515,0.005710010671088001,-0.009214201483149364,0.17281553398058247,515,0.01290257428946359,-0.002021637864773775,0.16085271317829453,516,-0.0023041105671785553,-0.01722832272141592,0.13009708737864079,515,-0.008330647671901718,-0.023254859826139083,0.06395348837209303,516,-0.008330647671901718,-0.023254859826139083,0.06395348837209303,516
qfq_high_right__qfq_return,qfq_parser_sensitivity,1,2025-11-12,5160,-0.09196218955220806,-0.006247639229490656,-0.030790847652463073,-0.031220124028268993,-0.0004292763758059204,0.03100775193798455,516,-0.025594329427108632,0.005196518225354441,0.08333333333333337,516,-0.023589464319371437,0.007201383333091636,0.13372093023255816,516,-0.024907340451446807,0.005883507201016266,0.15697674418604646,516,-0.02917336973858778,0.001617477913875294,0.1589147286821705,516,-0.03000430143596185,0.0007865462165012223,0.17248062015503873,516,-0.033656321361109916,-0.002865473708646843,0.1763565891472868,516,-0.032466906148324134,-0.0016760584958610616,0.15697674418604646,516,-0.03739038563701364,-0.006599537984550569,0.10852713178294571,516,-0.03990593397743754,-0.009115086324974465,0.04263565891472865,516,-0.03990593397743754,-0.009115086324974465,0.04263565891472865,516
qfq_high_right__qfq_return,qfq_parser_sensitivity,1,2025-11-19,5160,0.1853806666377902,0.008664623338174048,-0.009681953972914409,-0.024810629175247574,-0.015128675202333165,0.036821705426356544,516,-0.014736634733451031,-0.005054680760536622,0.10852713178294571,516,-0.01472523052930228,-0.005043276556387871,0.14534883720930236,516,-0.012403240702433505,-0.002721286729519096,0.15697674418604646,516,-0.011543276778310232,-0.0018613228053958233,0.1647286821705426,516,-0.008968288261184152,0.0007136657117302568,0.1647286821705426,516,-0.008322966296611722,0.0013589876763026865,0.1472868217054264,516,-0.003503500800706168,0.006178453172208241,0.11434108527131781,516,0.0018170822955828844,0.011499036268497293,0.08333333333333337,516,0.0003771452525196868,0.010059099225434095,0.03875968992248058,516,0.0003771452525196868,0.010059099225434095,0.03875968992248058,516
qfq_high_right__qfq_return,qfq_parser_sensitivity,1,2025-11-26,5151,-0.06042480539721695,0.003675028774463902,-0.002199999145625131,0.0038399166236628753,0.006039915769288006,0.03495145631067964,515,0.004915630860622546,0.007115630006247677,0.09320388349514563,515,-0.0004127408161622218,0.0017872583294629093,0.12815533980582527,515,-0.0022178200081658756,-1.7820862540744546e-05,0.14368932038834947,515,-0.0030582751556476433,-0.0008582760100225122,0.15728155339805827,515,-0.005370748192750679,-0.003170749047125548,0.16893203883495145,515,-0.004111899143727307,-0.0019118999981021763,0.15339805825242714,515,-0.006562799002448574,-0.004362799856823443,0.12233009708737863,515,-0.006059804905515302,-0.0038598057598901708,0.09902912621359228,515,-0.002959976032842979,-0.0007599768872178477,0.04069767441860461,516,-0.002959976032842979,-0.0007599768872178477,0.04069767441860461,516
qfq_high_right__qfq_return,qfq_parser_sensitivity,1,2025-12-03,5157,0.2179199313468276,0.022784603145476204,0.0009477297257673156,-0.014758843704396814,-0.015706573430164128,0.01941747572815533,515,-0.01151830563846219,-0.012466035364229506,0.07558139534883723,516,-0.00805192670307722,-0.008999656428844536,0.11434108527131781,516,-3.5539620224734e-05,-0.0009832693459920496,0.13786407766990294,515,-0.003046757431186579,-0.003994487156953894,0.15697674418604646,516,0.002512687726462518,0.0015649580006952026,0.14534883720930236,516,0.0032096583084641234,0.0022619285826968078,0.13786407766990294,515,0.004393435203367841,0.0034457054776005254,0.12790697674418605,516,0.008921873438814733,0.007974143713047417,0.09302325581395354,516,0.027823054603893147,0.02687532487812583,0.03875968992248058,516,0.027823054603893147,0.02687532487812583,0.03875968992248058,516
qfq_high_right__qfq_return,qfq_parser_sensitivity,1,2025-12-10,5153,0.0014462188630432772,-0.018976852288320703,-0.006013283312274272,-0.010910935882396404,-0.004897652570122132,0.03883495145631066,515,-0.007166675124247416,-0.0011533918119731442,0.08737864077669899,515,-0.009654538902037567,-0.003641255589763295,0.12038834951456312,515,-0.001601700256536917,0.004411583055737355,0.1356589147286822,516,-0.0027463832747968747,0.003266900037477397,0.14368932038834947,515,-0.009546105026178496,-0.003532821713904224,0.13786407766990294,515,-0.006859851707643074,-0.0008465683953688017,0.12790697674418605,516,-0.00463971578569309,0.0013735675265811823,0.12038834951456312,515,-0.0023287943388969456,0.0036844889733773263,0.09126213592233012,515,-0.004687629268401839,0.0013256540438724325,0.04069767441860461,516,-0.004687629268401839,0.0013256540438724325,0.04069767441860461,516
qfq_high_right__qfq_return,qfq_parser_sensitivity,1,2025-12-17,5160,0.14964849945377842,-0.0239936123787956,0.039089336070945405,0.02781231749636357,-0.011277018574581833,0.04844961240310075,516,0.03222917422031129,-0.006860161850634115,0.11046511627906974,516,0.034878816686107504,-0.0042105193848379005,0.13759689922480622,516,0.036043136355322934,-0.0030461997156224704,0.1472868217054264,516,0.038426572905843205,-0.0006627631651021995,0.16085271317829453,516,0.035152453119755574,-0.003936882951189831,0.1647286821705426,516,0.0428296780782259,0.0037403420072804963,0.13759689922480622,516,0.045861555730056895,0.0067722196591114905,0.12790697674418605,516,0.046429673787564546,0.007340337716619141,0.10658914728682167,516,0.05122998232990257,0.012140646258957166,0.04263565891472865,516,0.05122998232990257,0.012140646258957166,0.04263565891472865,516
qfq_high_right__qfq_return,qfq_parser_sensitivity,1,2025-12-24,5165,0.22733606395248893,0.0035547847650944588,0.013861830300482887,-0.006521217620344594,-0.02038304792082748,0.03100775193798455,516,-0.00033376606610017003,-0.014195596366583057,0.07930367504835589,517,0.007531529768340738,-0.006330300532142149,0.11627906976744184,516,0.009199748707434865,-0.004662081593048022,0.1334622823984526,517,0.011034470147851116,-0.002827360152631771,0.12403100775193798,516,0.01789053487545708,0.004028704574974194,0.12572533849129597,517,0.01942732757793239,0.0055654972774495035,0.12403100775193798,516,0.022240404242907876,0.008378573942424989,0.11411992263056092,517,0.027722451367838186,0.013860621067355298,0.0852713178294574,516,0.030407255999138464,0.016545425698655577,0.03675048355899424,517,0.030407255999138464,0.016545425698655577,0.03675048355899424,517
qfq_high_right__qfq_return,qfq_parser_sensitivity,1,2025-12-31,5171,0.10413366647781486,-0.008410410086952709,0.06270973061011083,0.042639362232018654,-0.020070368378092174,0.03675048355899424,517,0.05149541522475751,-0.011214315385353321,0.07930367504835589,517,0.05640518467880864,-0.00630454593130219,0.1063829787234043,517,0.05809500759217945,-0.00461472301793138,0.1334622823984526,517,0.06209033470572507,-0.0006193959043857555,0.160541586073501,517,0.06436234413027925,0.0016526135201684194,0.1644100580270793,517,0.06934517321606803,0.006635442605957206,0.14313346228239843,517,0.07528860926003653,0.012578878649925698,0.14506769825918764,517,0.0792676891192425,0.016557958509131665,0.12765957446808507,517,0.06809776421355274,0.005388033603441908,0.05212355212355213,518,0.06809776421355274,0.005388033603441908,0.05212355212355213,518
qfq_high_right__qfq_return,qfq_parser_sensitivity,1,2026-01-09,5172,0.0526280983761613,-0.005162623237365838,0.00044419031390915324,-0.007152003464399748,-0.007596193778308902,0.04061895551257255,517,-0.004766656535626773,-0.005210846849535927,0.09671179883945846,517,0.0009288365338470739,0.00048464621993792067,0.1334622823984526,517,0.0010894777913752927,0.0006452874774661395,0.15473887814313347,517,0.00022669102995196607,-0.00021749928395718718,0.18918918918918914,518,0.006073301403243147,0.005629111089333993,0.20309477756286265,517,-0.0005280966259383039,-0.0009722869398474572,0.19342359767891681,517,0.00358438781259681,0.0031401974986876567,0.17214700193423593,517,-0.0033890739635686457,-0.003833264277477799,0.12959381044487428,517,0.008360148521394993,0.00791595820748584,0.05212355212355213,518,0.008360148521394993,0.00791595820748584,0.05212355212355213,518
qfq_high_right__qfq_return,qfq_parser_sensitivity,1,2026-01-16,5172,-0.2376252361554782,-0.04350888362695719,0.015244048512399772,0.03317381726337588,0.017929768750976106,0.03675048355899424,517,0.027879270838115512,0.01263522232571574,0.09284332688588004,517,0.020070321803518098,0.004826273291118326,0.11605415860735013,517,0.020184011138208748,0.004939962625808977,0.1373307543520309,517,0.014738651761457123,-0.0005053967509426483,0.17567567567567566,518,0.015594011819216153,0.00034996330681638134,0.17408123791102514,517,0.008041332035615457,-0.007202716476784315,0.16634429400386852,517,0.009670430762792013,-0.005573617749607759,0.15280464216634426,517,0.004329412634125209,-0.010914635878274563,0.1315280464216635,517,-0.0012079752795388715,-0.016452023791938643,0.05791505791505791,518,-0.0012079752795388715,-0.016452023791938643,0.05791505791505791,518
qfq_high_right__qfq_return,qfq_parser_sensitivity,1,2026-01-23,5177,-0.11338580493995054,0.021075802881170568,-0.04021149810205333,-0.03894617926230456,0.001265318839748772,0.04255319148936165,517,-0.03282727049304645,0.00738422760900688,0.10617760617760619,518,-0.03407047731126941,0.0061410207907839215,0.1216216216216216,518,-0.03678748945179429,0.0034240086502590403,0.14313346228239843,517,-0.040830267942676725,-0.0006187698406233955,0.16216216216216217,518,-0.039751033287195724,0.0004604648148576057,0.15830115830115832,518,-0.041169814753236354,-0.0009583166511830249,0.1373307543520309,517,-0.048997997223359145,-0.008786499121305816,0.1293436293436293,518,-0.04358221450713766,-0.00337071640508433,0.11003861003861004,518,-0.04514503406488588,-0.004933535962832553,0.0424710424710425,518,-0.04514503406488588,-0.004933535962832553,0.0424710424710425,518
qfq_high_right__qfq_return,qfq_parser_sensitivity,1,2026-01-30,5171,-0.09986928175735328,-0.026313446931033917,0.03866250193046325,0.04313318130211493,0.00447067937165168,0.04061895551257255,517,0.042629435783525065,0.0039669338530618145,0.1063829787234043,517,0.041299558800269816,0.002637056869806566,0.14893617021276595,517,0.03883102891622805,0.00016852698576479835,0.16634429400386852,517,0.03873076770133307,6.826577086981728e-05,0.17794970986460346,517,0.037790691730324746,-0.0008718102001385036,0.19342359767891681,517,0.03899237070376145,0.0003298687732982003,0.20309477756286265,517,0.037503175968317246,-0.0011593259621460045,0.1644100580270793,517,0.034696567005376135,-0.003965934925087115,0.11798839458413923,517,0.033029137649245116,-0.005633364281218134,0.05212355212355213,518,0.033029137649245116,-0.005633364281218134,0.05212355212355213,518
qfq_high_right__qfq_return,qfq_parser_sensitivity,1,2026-02-06,5175,0.02599786041012311,-0.01918629874233926,0.004435282018845934,-0.0025635976184687362,-0.00699887963731467,0.03288201160541582,517,0.0026888553400318603,-0.0017464266788140737,0.0926640926640927,518,0.0038267451626612186,-0.0006085368561847154,0.12185686653771766,517,0.004505280755864986,6.999873701905163e-05,0.1216216216216216,518,0.006030458444514391,0.0015951764256684573,0.14313346228239843,517,0.006173958729385656,0.0017386767105397223,0.1563706563706564,518,0.008106813124605093,0.003671531105759159,0.14506769825918764,517,0.010283520096083338,0.005848238077237404,0.1428571428571429,518,0.0036571814645799715,-0.0007781005542659624,0.11605415860735013,517,0.0016375838214094094,-0.0027976981974365245,0.04633204633204635,518,0.0016375838214094094,-0.0027976981974365245,0.04633204633204635,518
qfq_high_right__qfq_return,qfq_parser_sensitivity,1,2026-02-13,5180,-0.12287476844542622,0.001441363263029609,-0.028134705061888577,-0.007638268959674223,0.020496436102214355,0.025096525096525046,518,-0.015016439754805851,0.013118265307082726,0.06756756756756754,518,-0.027530734054936744,0.0006039710069518332,0.0926640926640927,518,-0.03274884105678072,-0.004614135994892143,0.10810810810810811,518,-0.037004142105510354,-0.008869437043621777,0.1293436293436293,518,-0.029914815590408973,-0.0017801105285203955,0.137065637065637,518,-0.03913101845633162,-0.010996313394443045,0.1505791505791506,518,-0.032759614385466734,-0.004624909323578157,0.1351351351351351,518,-0.03167484555652865,-0.0035401404946400726,0.10231660231660233,518,-0.02792833069844194,0.00020637436344663612,0.04633204633204635,518,-0.02792833069844194,0.00020637436344663612,0.04633204633204635,518
qfq_high_right__qfq_return,qfq_parser_sensitivity,1,2026-03-02,5175,0.02699497640474878,-0.007665522547772041,0.0344449375728442,0.024364575599729626,-0.010080361973114571,0.04061895551257255,517,0.02693778581765101,-0.007507151755193186,0.12355212355212353,518,0.0346314152125517,0.00018647763970749964,0.1644100580270793,517,0.03576854038668398,0.0013236028138397804,0.16602316602316602,518,0.03725387099884665,0.002808933426002455,0.17021276595744683,517,0.033462931061900576,-0.0009820065109436213,0.18725868725868722,518,0.03573653250039607,0.0012915949275518757,0.17988394584139267,517,0.04559324611980396,0.011148308546959765,0.1718146718146718,518,0.03708565339998267,0.0026407158271384706,0.14506769825918764,517,0.033608738452994724,-0.0008361991198494734,0.055984555984555984,518,0.033608738452994724,-0.0008361991198494734,0.055984555984555984,518
qfq_high_right__qfq_return,qfq_parser_sensitivity,1,2026-03-09,5183,-0.2956918767266834,-0.006107907451495692,-0.03247247578995043,0.005759261181576127,0.038231736971526556,0.04633204633204635,518,-0.018861772146160177,0.013610703643790256,0.09845559845559848,518,-0.02271499440101637,0.00975748138893406,0.13320463320463316,518,-0.030618043763818607,0.0018544320261318255,0.1502890173410405,519,-0.03565374999346601,-0.003181274203515577,0.15250965250965254,518,-0.03580545882176791,-0.003332983031817477,0.15444015444015446,518,-0.04215883148957439,-0.009686355699623957,0.1425818882466281,519,-0.04279017832845567,-0.010317702538505238,0.14864864864864868,518,-0.048142387063506736,-0.015669911273556304,0.137065637065637,518,-0.053682537464534545,-0.021210061674584113,0.05394990366088637,519,-0.053682537464534545,-0.021210061674584113,0.05394990366088637,519
qfq_high_right__qfq_return,qfq_parser_sensitivity,1,2026-03-16,5182,0.03415315397268188,0.04886316453190229,-0.0536722989957653,-0.05504166519391444,-0.0013693661981491398,0.04054054054054057,518,-0.054080500332297034,-0.0004082013365317369,0.08880308880308885,518,-0.05267347568116904,0.0009988233145962547,0.11776061776061775,518,-0.05237260914945818,0.0012996898463071144,0.1293436293436293,518,-0.05805097969879737,-0.004378680703032073,0.12331406551059731,519,-0.056032318929589285,-0.0023600199338239883,0.1351351351351351,518,-0.056970457640158595,-0.003298158644393298,0.137065637065637,518,-0.05859224728839178,-0.004919948292626486,0.13320463320463316,518,-0.053955739433763195,-0.00028344043799789775,0.11776061776061775,518,-0.03897292073667024,0.014699378259095057,0.048169556840077066,519,-0.03897292073667024,0.014699378259095057,0.048169556840077066,519
qfq_high_right__qfq_return,qfq_parser_sensitivity,1,2026-03-23,5183,-0.11966381331254414,-0.020786898481093812,0.008048732939729068,0.016118822781208793,0.008070089841479725,0.04633204633204635,518,0.013617403440733722,0.005568670501004654,0.10424710424710426,518,0.004841611094564351,-0.003207121845164717,0.11969111969111967,518,0.011801751551751768,0.0037530186120227,0.1329479768786127,519,0.008755038469212202,0.0007063055294831335,0.13899613899613905,518,0.005186814346814915,-0.0028619185929141533,0.13899613899613905,518,0.014708278590697257,0.006659545650968188,0.1329479768786127,519,0.002719984604509843,-0.005328748335219225,0.12548262548262545,518,0.005534033404235417,-0.0025146995354936516,0.10810810810810811,518,-0.0027955754036568985,-0.010844308343385966,0.042389210019267876,519,-0.0027955754036568985,-0.010844308343385966,0.042389210019267876,519
qfq_high_right__qfq_return,qfq_parser_sensitivity,1,2026-03-30,5174,0.3655801140736737,0.05869581110616369,0.03175982077669711,0.0010957945519991948,-0.030664026224697917,0.04255319148936165,517,0.006999490727368934,-0.024760330049328177,0.10444874274661509,517,0.01880665181237778,-0.01295316896431933,0.10810810810810811,518,0.025503537405816103,-0.006256283370881008,0.11605415860735013,517,0.029262402514396768,-0.0024974182623003424,0.14478764478764483,518,0.03519706910903775,0.003437248332340638,0.13926499032882012,517,0.03679968601554287,0.00503986523884576,0.14700193423597674,517,0.04451292055552882,0.012753099778831711,0.13899613899613905,518,0.054460701814217756,0.022700881037520645,0.11025145067698261,517,0.06490106784555731,0.0331412470688602,0.04633204633204635,518,0.06490106784555731,0.0331412470688602,0.04633204633204635,518
qfq_high_right__qfq_return,qfq_parser_sensitivity,1,2026-04-07,5181,0.2566498997537657,0.052258854500938146,0.006480916107151347,-0.010776480826086447,-0.017257396933237794,0.055984555984555984,518,-0.010715897030104513,-0.017196813137255858,0.10617760617760619,518,-0.0043519792823334,-0.010832895389484747,0.1138996138996139,518,0.0037979495636394156,-0.002682966543511931,0.11969111969111967,518,0.0035431294566704834,-0.002937786650480863,0.11776061776061775,518,0.004855172552331963,-0.0016257435548193838,0.13320463320463316,518,0.009294704135128283,0.002813788027976936,0.14864864864864868,518,0.013563313114618867,0.00708239700746752,0.12355212355212353,518,0.025082504909139585,0.01860158880198824,0.0926640926640927,518,0.03047043267047193,0.023989516563320584,0.040462427745664775,519,0.03047043267047193,0.023989516563320584,0.040462427745664775,519
qfq_high_right__qfq_return,qfq_parser_sensitivity,1,2026-04-14,5190,0.2605614523069724,0.04088329466705708,0.026751185164299196,-0.0005056649004523012,-0.0272568500647515,0.038535645472061675,519,0.0100651216515723,-0.016686063512726897,0.07899807321772645,519,0.01563573922463155,-0.011115445939667647,0.10019267822736033,519,0.01712987953740392,-0.009621305626895275,0.1329479768786127,519,0.02388942705566173,-0.002861758108637466,0.1502890173410405,519,0.02398263509549906,-0.0027685500688001373,0.1579961464354528,519,0.034417447597271625,0.007666262432972429,0.16955684007707128,519,0.03751127270355289,0.010760087539253692,0.161849710982659,519,0.045895707689429896,0.0191445225251307,0.140655105973025,519,0.059490285988421335,0.03273910082412214,0.06358381502890176,519,0.059490285988421335,0.03273910082412214,0.06358381502890176,519
qfq_high_right__qfq_return,qfq_parser_sensitivity,1,2026-04-21,5190,-0.14139221693266676,0.00013920391858994309,-0.004689047810155005,0.009992995128002195,0.0146820429381572,0.025048169556840083,519,-0.0011503503218739909,0.003538697488281014,0.06743737957610785,519,0.0021650035330612032,0.006854051343216208,0.11175337186897882,519,0.00014299655759703183,0.004832044367752037,0.1329479768786127,519,-0.006949085116914002,-0.002260037306758997,0.138728323699422,519,-0.008333893106077952,-0.0036448452959229475,0.1445086705202312,519,-0.007933794487141984,-0.0032447466769869792,0.1425818882466281,519,-0.007155825894136524,-0.002466778083981519,0.1329479768786127,519,-0.013810251661516896,-0.009121203851361892,0.09633911368015413,519,-0.013858272732549132,-0.009169224922394126,0.040462427745664775,519,-0.013858272732549132,-0.009169224922394126,0.040462427745664775,519
qfq_high_right__qfq_return,qfq_parser_sensitivity,1,2026-04-28,5178,0.2971958797394896,0.05790263498335336,0.05121486159118815,0.021072073582593418,-0.03014278800859473,0.05029013539651839,517,0.019918380738236773,-0.03129648085295138,0.11583011583011582,518,0.0304071459156858,-0.020807715675502346,0.14478764478764483,518,0.03587533380792216,-0.015339527783265985,0.18725868725868722,518,0.04611733530888105,-0.005097526282307099,0.19691119691119696,518,0.04585813335396505,-0.0053567282372231,0.16634429400386852,517,0.05625123337357426,0.005036371782386112,0.17374517374517373,518,0.0685204588040775,0.017305597212889358,0.14864864864864868,518,0.08525843977071305,0.03404357817952491,0.11776061776061775,518,0.10280154937158793,0.051586687780399786,0.05405405405405406,518,0.10280154937158793,0.051586687780399786,0.05405405405405406,518
qfq_high_right__qfq_return,qfq_parser_sensitivity,1,2026-05-08,5180,0.10793507280195558,0.044284898381711325,-0.021507753075471158,-0.03466731045372864,-0.01315955737825748,0.07528957528957525,518,-0.029420532053147874,-0.007912778977676716,0.11583011583011582,518,-0.029619206574287193,-0.008111453498816035,0.12548262548262545,518,-0.025190525912823603,-0.003682772837352445,0.16023166023166024,518,-0.02816203456331748,-0.00665428148784632,0.193050193050193,518,-0.024457291327982272,-0.0029495382525111143,0.19691119691119696,518,-0.023448234594655833,-0.0019404815191846753,0.16216216216216217,518,-0.01336743933250509,0.008140313742966069,0.14092664092664098,518,-0.013350689139909106,0.008157063935562052,0.1428571428571429,518,0.006605733197645499,0.028113486273116658,0.0714285714285714,518,0.006605733197645499,0.028113486273116658,0.0714285714285714,518
qfq_high_right__qfq_return,qfq_parser_sensitivity,1,2026-05-15,5184,0.1838051889462803,0.08594101642167111,-0.007296514615050348,-0.018625623530445414,-0.011329108915395066,0.0424710424710425,518,-0.024866973935116353,-0.017570459320066005,0.09845559845559848,518,-0.023391509509324043,-0.016094994894273695,0.1329479768786127,519,-0.02172866720456726,-0.014432152589516911,0.1563706563706564,518,-0.01472631131383026,-0.007429796698779911,0.1599229287090559,519,-0.013142129938259308,-0.00584561532320896,0.16023166023166024,518,-0.010210027400273627,-0.002913512785223279,0.14864864864864868,518,1.782281774142994e-05,0.007314337432791778,0.1483622350674374,519,0.009006126311852814,0.016302640926903162,0.13899613899613905,518,0.04463319146692761,0.05192970608197796,0.06936416184971095,519,0.04463319146692761,0.05192970608197796,0.06936416184971095,519
qfq_high_right__qfq_return,qfq_parser_sensitivity,1,2026-05-22,5191,-0.37939950386284355,-0.05401409500146074,-0.036930406136209765,0.0028089554485828433,0.03973936158479261,0.044315992292870865,519,-0.010173173451225986,0.026757232684983777,0.09633911368015413,519,-0.016139423414970537,0.020790982721239228,0.11175337186897882,519,-0.02722102790189736,0.009709378234312404,0.1290944123314065,519,-0.03049783055613583,0.006432575580073936,0.1599229287090559,519,-0.03459752964300523,0.0023328764932045373,0.17533718689788058,519,-0.04277567099205401,-0.0058452648558442455,0.1599229287090559,519,-0.060449741439691694,-0.02351933530348193,0.1560693641618497,519,-0.06538108775506274,-0.028450681618852974,0.12524084778420042,519,-0.08478532564602088,-0.04785491950981112,0.044230769230769185,520,-0.08478532564602088,-0.04785491950981112,0.044230769230769185,520
qfq_high_right__qfq_return,qfq_parser_sensitivity,1,2026-05-29,5190,0.08809307874102076,0.11203008323828442,-0.04701273805242643,-0.04530086034031805,0.0017118777121083797,0.044315992292870865,519,-0.05895890772034677,-0.011946169667920344,0.11175337186897882,519,-0.05864791082445281,-0.01163517277202638,0.1425818882466281,519,-0.058490182270972635,-0.011477444218546205,0.18111753371868977,519,-0.0515259982034709,-0.004513260151044474,0.20038535645472066,519,-0.049396671031022486,-0.0023839329785960567,0.21194605009633916,519,-0.05585692434487777,-0.008844186292451338,0.20231213872832365,519,-0.04409032322988533,0.002922414822541103,0.17148362235067438,519,-0.03383068885947086,0.01318204919295557,0.1445086705202312,519,-0.014028913699446602,0.03298382435297983,0.055876685934489356,519,-0.014028913699446602,0.03298382435297983,0.055876685934489356,519
qfq_high_right__qfq_return,qfq_parser_sensitivity,1,2026-06-05,5197,0.27907460772826703,0.019630607283630426,0.02312008653608867,-0.010883139774849285,-0.03400322631093795,0.048169556840077066,519,-0.0034885314892512385,-0.02660861802533991,0.09423076923076923,520,0.00699326872219891,-0.016126817813889763,0.12115384615384617,520,0.008713638857696701,-0.01440644767839197,0.1579961464354528,519,0.018068138248241498,-0.005051948287847174,0.16538461538461535,520,0.021135596812777314,-0.0019844897233113577,0.16730769230769227,520,0.02215494883668011,-0.0009651376994085602,0.17341040462427748,519,0.04021098979117614,0.01709090325508747,0.15384615384615385,520,0.04900339197165559,0.025883305435566918,0.11538461538461542,520,0.07919761182362109,0.05607752528753242,0.0461538461538461,520,0.07919761182362109,0.05607752528753242,0.0461538461538461,520
qfq_high_right__qfq_return,qfq_parser_sensitivity,1,2026-06-12,5194,0.2399381644336932,0.05934386844060033,0.004676377526027558,-0.023758405496477814,-0.02843478302250537,0.048169556840077066,519,-0.017227628418055158,-0.021904005944082715,0.10789980732177262,519,-0.011609452575508232,-0.01628583010153579,0.1384615384615384,520,-0.0044372580235052545,-0.009113635549532813,0.1445086705202312,519,-0.0015212328052183434,-0.0061976103312459015,0.16346153846153844,520,0.0011732761857509131,-0.003503101340276645,0.17341040462427748,519,0.005168227785541655,0.0004918502595140971,0.17148362235067438,519,0.020453695368032307,0.01577731784200475,0.16730769230769227,520,0.028517606091744436,0.02384122856571688,0.140655105973025,519,0.04993067321137268,0.04525429568534512,0.05769230769230771,520,0.04993067321137268,0.04525429568534512,0.05769230769230771,520
qfq_high_right__qfq_return,qfq_parser_sensitivity,1,2026-06-22,5191,0.33071954376273505,0.060259001045431325,-0.03380789172646801,-0.06757001498509081,-0.0337621232586228,0.046242774566473965,519,-0.06329225628899636,-0.02948436456252835,0.10597302504816952,519,-0.060478880262497696,-0.026670988536029686,0.1425818882466281,519,-0.05966137059098302,-0.025853478864515007,0.17726396917148357,519,-0.04690234660512004,-0.013094454878652032,0.21194605009633916,519,-0.04467715917912197,-0.010869267452653958,0.23121387283236994,519,-0.04168411890436248,-0.00787622717789447,0.21387283236994215,519,-0.02166810907221804,0.012139782654249972,0.19460500963391136,519,0.010700059269398795,0.0445079509958668,0.1637764932562621,519,0.05698035017915613,0.09078824190562415,0.06730769230769229,520,0.05698035017915613,0.09078824190562415,0.06730769230769229,520
qfq_high_right__qfq_return,qfq_parser_sensitivity,1,2026-06-29,5189,-0.32637987514116507,-0.07235208657029735,-0.014221552574576073,0.014648103856344652,0.028869656430920723,0.04633204633204635,518,0.012257997747683913,0.026479550322259987,0.10211946050096343,519,0.0031745125322489025,0.017396065106824975,0.1425818882466281,519,0.00014210885113620018,0.014363661425712273,0.17726396917148357,519,0.0037416798297340414,0.017963232404310116,0.19460500963391136,519,-0.006858946291075304,0.007362606283500769,0.22928709055876684,519,-0.009369777079304205,0.004851775495271868,0.22736030828516374,519,-0.0243146898334466,-0.010093137258870528,0.18689788053949907,519,-0.043235256205606115,-0.029013703631030043,0.1502890173410405,519,-0.09234563361122013,-0.07812408103664406,0.06358381502890176,519,-0.09234563361122013,-0.07812408103664406,0.06358381502890176,519
qfq_high_right__qfq_return,qfq_parser_sensitivity,1,2026-07-06,5194,-0.3618515102704262,0.005818105188358582,-0.02621879472195845,0.01635089017989622,0.04256968490185467,0.038535645472061675,519,0.005253937732901875,0.031472732454860326,0.08477842003853564,519,-0.004186511216000789,0.022032283505957664,0.10769230769230764,520,-0.016964548919276776,0.009254245802681676,0.1329479768786127,519,-0.028531561248480053,-0.0023127665265216014,0.1826923076923077,520,-0.03079559525263653,-0.004576800530678077,0.20616570327552985,519,-0.043443522963965545,-0.017224728242007093,0.19460500963391136,519,-0.047057757758753684,-0.020838963036795232,0.17884615384615388,520,-0.06214745104385367,-0.03592865632189522,0.1464354527938343,519,-0.050616660425444784,-0.024397865703486333,0.06730769230769229,520,-0.050616660425444784,-0.024397865703486333,0.06730769230769229,520
qfq_high_right__qfq_return,qfq_parser_sensitivity,1,2026-07-13,5197,-0.3745852984385727,-0.03820641164171592,-0.05968656277506961,-0.02668152460627224,0.03300503816879737,0.038535645472061675,519,-0.02004871280464626,0.039637849970423356,0.09615384615384615,520,-0.022932719679373142,0.03675384309569647,0.125,520,-0.03004784635889885,0.02963871641617076,0.1425818882466281,519,-0.04515670955533291,0.014529853219736703,0.16730769230769227,520,-0.05551679956117626,0.004169763213893354,0.20576923076923082,520,-0.07034843597216728,-0.010661873197097667,0.20038535645472066,519,-0.08531359340834199,-0.02562703063327238,0.17692307692307696,520,-0.10575078949801257,-0.04606422672294296,0.1365384615384615,520,-0.1349685311499594,-0.07528196837488979,0.05384615384615388,520,-0.1349685311499594,-0.07528196837488979,0.05384615384615388,520
qfq_high_right__qfq_return,qfq_parser_sensitivity,1,2026-07-20,5197,-0.3961518662459288,-0.10495568131960563,0.004885648609905596,0.033470984870981685,0.028585336261076087,0.052023121387283267,519,0.026679048026070774,0.021793399416165177,0.13269230769230766,520,0.022256506912646606,0.01737085830274101,0.19615384615384612,520,0.021933276467920145,0.01704762785801455,0.2601156069364162,519,0.016380447678091874,0.011494799068186278,0.2942307692307692,520,0.01136013548793061,0.006474486878025014,0.2730769230769231,520,0.00726329006134014,0.002377641451434544,0.2697495183044316,519,-0.006285293709832567,-0.011170942319738163,0.25384615384615383,520,-0.02141638862537032,-0.026302037235275917,0.18846153846153846,520,-0.06269319298308737,-0.06757884159299296,0.0692307692307692,520,-0.06269319298308737,-0.06757884159299296,0.0692307692307692,520
qfq_high_right__qfq_return,qfq_parser_sensitivity,1,2026-07-27,5193,-0.17018421692345137,-0.03940810123113004,0.050537258444638376,0.05572440669943538,0.0051871482547970055,0.023121387283236983,519,0.05615900263284704,0.005621744188208662,0.08285163776493254,519,0.06098399895967831,0.01044674051503993,0.11560693641618502,519,0.0637770176147063,0.013239759170067929,0.1384615384615384,520,0.06127717328890556,0.010739914844267187,0.1445086705202312,519,0.06075371474110068,0.010216456296462305,0.1541425818882466,519,0.05650477213125919,0.0059675136866208164,0.15192307692307694,520,0.05156784236001634,0.0010305839153779625,0.1425818882466281,519,0.03773909240181826,-0.012798166042820115,0.12138728323699421,519,0.0009441105819461745,-0.0495931478626922,0.0461538461538461,520,0.0009441105819461745,-0.0495931478626922,0.0461538461538461,520
qfq_high_right__qfq_return,qfq_parser_sensitivity,1,2026-08-03,5197,0.32752046523484746,0.0150409067738882,0.043519921305133824,0.01566531169368504,-0.027854609611448783,0.036608863198458574,519,0.01843331172529423,-0.025086609579839596,0.07692307692307687,520,0.02212421872801202,-0.021395702577121804,0.10769230769230764,520,0.03274271902981256,-0.010777202275321265,0.138728323699422,519,0.036619007092062346,-0.006900914213071478,0.16923076923076918,520,0.03410926738343878,-0.009410653921695045,0.18461538461538463,520,0.048099905033128366,0.004579983727994542,0.17533718689788058,519,0.05704601876590376,0.013526097460769937,0.16923076923076918,520,0.07520832509872756,0.031688403793593736,0.15384615384615385,520,0.09508564421635284,0.05156572291121901,0.07115384615384612,520,0.09508564421635284,0.05156572291121901,0.07115384615384612,520
qfq_high_right__qfq_return,qfq_parser_sensitivity,1,2026-08-10,5205,0.27264889801261666,0.0661129966623138,0.019739895255481445,0.003839281992925935,-0.01590061326255551,0.04038461538461535,520,0.005781784014213358,-0.013958111241268088,0.09404990403071012,521,0.003424469007067774,-0.016315426248413673,0.12884615384615383,520,0.012136594251870308,-0.007603301003611137,0.16698656429942416,521,0.009611729277704827,-0.010128165977776618,0.2038461538461539,520,0.014980639817909537,-0.004759255437571908,0.20537428023032633,521,0.01896533749980043,-0.0007745577556810164,0.19038461538461537,520,0.027598813094609743,0.007858917839128298,0.17082533589251436,521,0.03728408559779375,0.0175441903423123,0.15192307692307694,520,0.06372713052893775,0.0439872352734563,0.07869481765834929,521,0.06372713052893775,0.0439872352734563,0.07869481765834929,521
qfq_high_right__qfq_return,qfq_parser_sensitivity,1,2026-08-17,5203,-0.4637136439005979,-0.0580497979187375,-0.025105380139454188,0.005598704833022775,0.030704084972476963,0.03653846153846152,520,0.0027525674494064778,0.027857947588860666,0.08269230769230773,520,-0.0038587468668454016,0.021246633272608787,0.09999999999999998,520,-0.010457442196994871,0.014647937942459317,0.12476007677543188,521,-0.017389030610464613,0.007716349528989575,0.1384615384615384,520,-0.023879796288558144,0.0012255838508960434,0.1365384615384615,520,-0.028095402778066988,-0.0029900226386128,0.12667946257197693,521,-0.042931837114412306,-0.01782645697495812,0.11153846153846159,520,-0.053883152126593836,-0.02877777198713965,0.09615384615384615,520,-0.0788287705505979,-0.053723390411143705,0.03838771593090207,521,-0.0788287705505979,-0.053723390411143705,0.03838771593090207,521
qfq_high_right__qfq_return,qfq_parser_sensitivity,1,2026-08-24,5207,-0.1913392319147308,-0.013845326117829366,0.02782354470466859,0.03916470661515188,0.011341161910483292,0.038461538461538436,520,0.03767016866365735,0.009846623958988759,0.09788867562380044,521,0.039891346740817374,0.012067802036148784,0.12667946257197693,521,0.0318150330504484,0.003991488345779812,0.14230769230769236,520,0.029603602282330617,0.0017800575776620274,0.1650671785028791,521,0.02780612489502636,-1.7419809642229417e-05,0.16314779270633395,521,0.027063794622158813,-0.0007597500825097768,0.1365384615384615,520,0.02170078235609368,-0.006122762348574909,0.13051823416506714,521,0.013935284809392066,-0.013888259895276523,0.1113243761996161,521,0.009612574029217355,-0.018210970675451237,0.04606525911708248,521,0.009612574029217355,-0.018210970675451237,0.04606525911708248,521
